step,reward
1,-1.6000001e-07
2,-2.1024998e-06
3,-8.265625e-06
4,2.009676e-05
5,-2.4828985e-05
6,-2.1237307e-05
7,4.623408e-06
8,0.00019471768
9,0.00033125424
10,0.00028857854
11,0.00023986565
12,-9.007104e-06
13,1.6077684e-07
14,0.00018498182
15,0.0012304643
16,0.0014999628
17,0.0007912633
18,0.0007087583
19,1.352276e-05
20,-0.00010679783
21,5.021636e-05
22,-2.1882946e-05
23,2.2468414e-05
24,1.0521899e-05
25,-6.04489e-05
26,-0.00014760361
27,-0.00018446466
28,5.8732287e-05
29,0.0013942606
30,0.003136088
31,0.0014344167
32,0.0025432976
33,0.0009261138
34,-0.00023382572
35,0.00024672996
36,0.00027832718
37,0.0010833811
38,0.0010932437
39,0.0010816064
40,0.0004978621
41,-0.00020564438
42,-0.00010437156
43,0.00016747156
44,0.0009507953
45,0.0010918442
46,0.00046606167
47,0.00031574306
48,0.000249716
49,6.8296016e-05
50,-3.1531377e-05
51,-9.8461016e-05
52,-4.5179575e-05
53,0.00018261587
54,0.00048703764
55,0.0010411496
56,0.0016583609
57,0.0014848142
58,0.0018941964
59,0.00139455
60,0.00016051925
61,-5.8000114e-05
62,0.0001415357
63,0.0018970206
64,0.0045949444
65,0.006592194
66,0.0071231206
67,0.0047239484
68,0.0012038312
69,-0.00010147133
70,0.0011115032
71,0.0032841398
72,0.0044415286
73,0.002991254
74,0.0013933305
75,0.00013592803
76,4.5796565e-05
77,0.0003180998
78,0.00035870573
79,8.3893916e-05
80,1.5383055e-05
81,0.00023551735
82,0.0002893663
83,8.7558416e-05
84,1.5874215e-05
85,0.00039508071
86,0.0009788114
87,0.0011078563
88,0.00042551247
89,-8.891449e-06
90,0.0008047824
91,0.0020630574
92,0.0024371936
93,0.0011438903
94,-5.298916e-07
95,0.00083399797
96,0.0032063324
97,0.004121195
98,0.0028067378
99,0.000840681
100,-4.0870636e-05
101,0.0008098131
102,0.002388104
103,0.0035929773
104,0.003596096
105,0.0027892585
106,0.0014252501
107,0.00019571233
108,0.00010969939
109,0.0022432127
110,0.006330777
111,0.011038903
112,0.013200998
113,0.010555157
114,0.0039544185
115,-5.694849e-05
116,0.0025233773
117,0.011751866
118,0.020601926
119,0.022989295
120,0.018435832
121,0.0074753743
122,0.00042466028
123,0.0010789025
124,0.007979
125,0.015136744
126,0.018473791
127,0.013287813
128,0.005712093
129,0.0008494037
130,6.0816667e-05
131,0.0019568822
132,0.0031946725
133,0.0029709663
134,0.0016232063
135,0.000746602
136,0.00057501113
137,0.00091366447
138,0.0016508008
139,0.0022876784
140,0.0014804568
141,5.033282e-05
142,0.0010807988
143,0.006259259
144,0.011719467
145,0.0123896925
146,0.0053977487
147,8.942312e-05
148,0.0027681834
149,0.0105957175
150,0.017099632
151,0.014737499
152,0.0054066908
153,-2.8811875e-05
154,0.0030700404
155,0.011796937
156,0.018635403
157,0.018734273
158,0.013896661
159,0.00775255
160,0.0016086244
161,-0.000106735606
162,0.0047840606
163,0.016674358
164,0.03060763
165,0.034809865
166,0.029857196
167,0.012066521
168,0.00028373534
169,0.0031842361
170,0.01794461
171,0.030646028
172,0.031222347
173,0.019698413
174,0.0074347844
175,0.00048843294
176,0.00023314905
177,0.0020061575
178,0.002476887
179,0.0018314839
180,0.0016774343
181,0.002795818
182,0.006270648
183,0.013026515
184,0.018174369
185,0.017791899
186,0.011006158
187,0.0019968706
188,0.00030859053
189,0.011762396
190,0.033347774
191,0.047423884
192,0.04702492
193,0.032524604
194,0.012063301
195,0.0006162203
196,0.0016814491
197,0.012819247
198,0.022901028
199,0.027424064
200,0.023777565
201,0.016618825
202,0.009691709
203,0.004165096
204,0.0008313754
205,-0.0002615051
206,0.000690226
207,0.004141082
208,0.009122488
209,0.01599177
210,0.020360002
211,0.018679831
212,0.010336779
213,0.0031619575
214,-0.00032677848
215,0.0017991009
216,0.008340203
217,0.014799744
218,0.020119695
219,0.017922232
220,0.0121801505
221,0.0067839497
222,0.0011573188
223,-0.00024607492
224,0.0026160167
225,0.008038463
226,0.012698927
227,0.014232128
228,0.012922247
229,0.0073609324
230,0.0026945714
231,-2.909264e-05
232,-0.00023008777
233,0.002000755
234,0.005668245
235,0.010342902
236,0.013937422
237,0.015263481
238,0.01281761
239,0.0070121144
240,0.0012289395
241,-0.00023716208
242,0.0034523169
243,0.011723608
244,0.01799413
245,0.017392254
246,0.01240585
247,0.005051809
248,0.0006097794
249,6.9072557e-06
250,0.0014698517
251,0.002434555
252,0.0020892024
253,0.0014056951
254,0.0010511964
255,0.0014475271
256,0.0026475561
257,0.0051918295
258,0.0076483767
259,0.006765239
260,0.0032040789
261,-0.000121684025
262,0.002498419
263,0.013921949
264,0.02659735
265,0.030140117
266,0.02360593
267,0.009151092
268,-0.00023869394
269,0.004861953
270,0.020242376
271,0.034881715
272,0.03893244
273,0.02534685
274,0.008060885
275,-0.00039037943
276,0.007337032
277,0.02233327
278,0.03568144
279,0.032244842
280,0.017328478
281,0.0042389943
282,-0.00022281347
283,0.0032833614
284,0.009097621
285,0.010451184
286,0.008003428
287,0.0036898341
288,0.00057670585
289,-1.5377085e-05
290,0.00020762855
291,0.00015963816
292,-7.2337266e-06
293,0.00013806143
294,0.00036125464
295,0.00026242677
296,-5.5659293e-06
297,0.00013619893
298,0.00095934194
299,0.0018857872
300,0.0025785249
301,0.0025545333
302,0.0021012072
303,0.0014744701
304,0.00070293783
305,0.00010419828
306,-3.4731594e-05
307,0.00070628023
308,0.0025477784
309,0.004482119
310,0.005553441
311,0.0049832733
312,0.0027823108
313,0.0008187236
314,-6.4826185e-05
315,0.00033927985
316,0.0014622397
317,0.0026141196
318,0.0033557576
319,0.0032715774
320,0.0024236161
321,0.0014786354
322,0.0006221031
323,6.0192437e-05
324,-9.132349e-06
325,0.00047552914
326,0.0013426275
327,0.0021046065
328,0.0028759297
329,0.0034498924
330,0.0032245072
331,0.0026562905
332,0.0015183949
333,0.00027210687
334,2.0949657e-05
335,0.0019608473
336,0.0059028487
337,0.010223574
338,0.012835502
339,0.011533378
340,0.0066364706
341,0.0014991113
342,-8.8760855e-05
343,0.0032228995
344,0.009720579
345,0.017106654
346,0.020577867
347,0.017852541
348,0.010106384
349,0.0021618775
350,-1.4985475e-05
351,0.006329653
352,0.017226832
353,0.023647757
354,0.020827867
355,0.0101844305
356,0.0010232079
357,0.0011965961
358,0.008519523
359,0.014202752
360,0.01203763
361,0.0047313618
362,4.9837476e-05
363,0.002371194
364,0.007757894
365,0.009529377
366,0.006585192
367,0.0015682665
368,8.665345e-06
369,0.0031972344
370,0.008348606
371,0.011176902
372,0.00928739
373,0.0050672633
374,0.0013446086
375,-8.865687e-05
376,0.0012408644
377,0.0040485105
378,0.0071325037
379,0.008722638
380,0.008119114
381,0.0050187698
382,0.0016925618
383,-6.9699854e-05
384,0.0010636419
385,0.0045628953
386,0.00796028
387,0.008607175
388,0.0063496414
389,0.00253857
390,0.00014816722
391,0.0004706694
392,0.0023995114
393,0.0031504366
394,0.0017803162
395,0.00017151322
396,0.0005624737
397,0.002898843
398,0.004279914
399,0.0027409208
400,0.00026076622
401,0.0010885914
402,0.007192488
403,0.015685512
404,0.018860873
405,0.014378516
406,0.005687949
407,-2.5670262e-05
408,0.0025113453
409,0.011654819
410,0.021423154
411,0.026762538
412,0.023192247
413,0.016128091
414,0.0072031603
415,0.00095415505
416,-1.0176911e-05
417,0.0039078416
418,0.011305405
419,0.0184952
420,0.021432212
421,0.02114534
422,0.014920114
423,0.007855256
424,0.0014122005
425,5.2376505e-05
426,0.005235575
427,0.014489617
428,0.020621344
429,0.01970685
430,0.0124658095
431,0.0037911062
432,-8.220892e-05
433,0.0023217653
434,0.0069255857
435,0.008630184
436,0.005001935
437,0.0010163949
438,0.00017805284
439,0.0025924973
440,0.004583449
441,0.0031516382
442,0.00077525363
443,3.239909e-05
444,0.0014516033
445,0.0029842064
446,0.002863362
447,0.0015247635
448,0.00050570216
449,9.5634714e-05
450,5.5465265e-05
451,0.00018234814
452,0.00040722257
453,0.0005014902
454,0.00021836089
455,-4.07712e-05
456,0.0007239747
457,0.0027831048
458,0.0053561684
459,0.007034729
460,0.0076474627
461,0.0064890804
462,0.004297663
463,0.0018334407
464,3.4413373e-05
465,0.00018024471
466,0.0034222717
467,0.0104993945
468,0.019548684
469,0.024938343
470,0.0231071
471,0.014572818
472,0.004396509
473,-0.00023166458
474,0.0032225065
475,0.01302148
476,0.022293916
477,0.024990113
478,0.023110585
479,0.015560826
480,0.0064035314
481,0.0010094678
482,-0.00021120234
483,0.0015400089
484,0.004529341
485,0.0063456604
486,0.0072701457
487,0.006582832
488,0.0055256416
489,0.0042143525
490,0.0032659366
491,0.0026792607
492,0.0019805015
493,0.0010967269
494,1.8641906e-05
495,7.048255e-05
496,0.0022695735
497,0.007124466
498,0.012952339
499,0.015773052
500,0.016097473
501,0.010463777
502,0.0046246885
503,0.0002235662
504,0.0002539789
505,0.0047845114
506,0.010802467
507,0.015481823
508,0.019069377
509,0.017066643
510,0.012290601
511,0.004881701
512,0.00025257687
513,0.00049578503
514,0.0058055385
515,0.012449501
516,0.018095054
517,0.017328752
518,0.01062851
519,0.0036274637
520,5.2079668e-05
521,0.0005517059
522,0.003345687
523,0.005122951
524,0.004521025
525,0.00246263
526,0.0006953854
527,-6.1983064e-06
528,0.00033396084
529,0.00092477724
530,0.00084224524
531,0.0004351732
532,2.70898e-06
533,0.0002031534
534,0.0007353661
535,0.0011702467
536,0.0011533526
537,0.0006621436
538,2.7188598e-05
539,6.6728244e-06
540,0.0005576085
541,0.0013598709
542,0.0014568137
543,0.0014599264
544,0.00059329934
545,0.000117359195
546,-4.314975e-05
547,0.00047686615
548,0.0012401419
549,0.001453848
550,0.0010633961
551,0.00035603569
552,-1.7543225e-06
553,0.00045387563
554,0.0014640476
555,0.0017414379
556,0.0012131468
557,0.00014435253
558,-2.6707236e-05
559,0.0016084875
560,0.0032439604
561,0.0024958202
562,0.00031798735
563,9.227569e-05
564,6.338867e-05
565,0.0010609826
566,0.0028076451
567,0.0030603532
568,0.0015294122
569,0.00027497223
570,7.006231e-07
571,0.00012685756
572,2.8217788e-05
573,0.00019409861
574,0.0011185745
575,0.0017489336
576,0.0015347416
577,0.00015376927
578,-8.515738e-05
579,0.0014051896
580,0.0044055753
581,0.0058572814
582,0.006530641
583,0.0035124375
584,0.0008656754
585,-5.583807e-05
586,-0.00021483358
587,0.00062571163
588,0.0011916965
589,0.0017075387
590,0.0012074378
591,0.0007552968
592,0.00034494497
593,0.0001635673
594,0.0007368208
595,0.0004315222
596,-7.777919e-05
597,0.00044358225
598,0.0014413495
599,0.0023934501
600,0.0023912431
601,0.001773255
602,0.0012052369
603,0.00018811414
604,0.00021760559
605,0.00026865903
606,9.987234e-05
607,-4.992266e-05
608,0.0008713281
609,0.0023460975
610,0.0029814155
611,0.0039761253
612,0.0030996199
613,0.0014470475
614,-0.000119235556
615,-0.00017501776
616,0.0010748354
617,0.0034738344
618,0.0046258825
619,0.004849997
620,0.0036643462
621,0.0014675482
622,-5.402704e-05
623,0.00018264452
624,0.0025564537
625,0.005836103
626,0.0055584777
627,0.0032706386
628,0.00051156664
629,-3.0841707e-05
630,0.0010442641
631,0.0030398509
632,0.0027921356
633,0.0017331208
634,0.00039866578
635,3.5970705e-05
636,0.0006964614
637,0.0008463436
638,0.00032273875
639,1.50638425e-05
640,0.00017614347
641,0.00054966897
642,0.00067008444
643,0.0003312381
644,-1.8577251e-05
645,0.00025637803
646,0.0012548454
647,0.0021655608
648,0.0029170113
649,0.0014877435
650,0.0002814686
651,1.9078623e-05
652,0.00038847607
653,0.0023051016
654,0.0050375736
655,0.0066081197
656,0.0049027666
657,0.0029619667
658,0.00051430037
659,5.17843e-06
660,0.00053449906
661,0.0034026124
662,0.0059927027
663,0.006320106
664,0.0055704145
665,0.0027769457
666,0.0006389588
667,0.00061772787
668,0.0001438528
669,0.0012230113
670,0.0031952728
671,0.0043865535
672,0.0044703535
673,0.0032818418
674,0.0015465852
675,0.00054064346
676,0.000115518866
677,0.00010629455
678,0.00035814356
679,0.0003414562
680,0.00020493036
681,0.00023876058
682,0.000560334
683,0.0027367335
684,0.012332475
685,0.026047165
686,0.028957242
687,0.019183127
688,0.008690339
689,0.0023405878
690,-8.889771e-05
691,0.014635652
692,0.035737734
693,0.043596976
694,0.042260617
695,0.022054184
696,0.004166661
697,0.0029486082
698,0.00043158978
699,0.0058879927
700,0.012675166
701,0.017621588
702,0.016149215
703,0.012100343
704,0.0059186723
705,0.001375837
706,0.00089775585
707,0.00033537904
708,0.0017418894
709,0.0049541
710,0.006618475
711,0.005794429
712,0.0042201863
713,0.0019981028
714,8.95969e-05
715,0.00045081697
716,-1.2765056e-05
717,0.0009295771
718,0.0015358968
719,0.0014986227
720,0.000997309
721,0.00046207177
722,1.9141096e-06
723,0.00017306475
724,9.7334494e-05
725,2.8027234e-05
726,9.0286165e-05
727,0.00030729198
728,0.0006897722
729,0.0010898727
730,0.0010301013
731,-1.583434e-05
732,0.0021336963
733,0.0045566643
734,0.0054565165
735,0.0019663845
736,0.0023710474
737,0.005998867
738,0.0011221635
739,0.016675783
740,0.02563693
741,0.023816708
742,0.009294837
743,0.00090321735
744,0.007839366
745,-0.00020351494
746,0.011892238
747,0.020311391
748,0.015168352
749,0.009332934
750,0.0011789384
751,0.005872109
752,0.004670944
753,-0.0003122672
754,0.005035673
755,0.008181012
756,0.008055588
757,0.003559048
758,0.0008181161
759,0.001431032
760,0.00055227266
761,0.0010785502
762,0.0019983675
763,0.0019705722
764,0.00029339144
765,0.0008933433
766,0.0014693422
767,-2.6470861e-05
768,0.0022928475
769,0.0031850962
770,0.000520554
771,0.0061052637
772,0.01255242
773,0.014178804
774,0.0076402305
775,0.004699858
776,0.01989354
777,0.022002013
778,0.008702923
779,0.013247134
780,0.027642587
781,0.03898845
782,0.023213554
783,0.0034984401
784,0.03426123
785,0.04952114
786,0.039869465
787,0.020016255
788,0.025919732
789,0.04823551
790,0.042602234
791,0.013953891
792,0.023120135
793,0.053294614
794,0.05567354
795,0.031994447
796,0.0029148762
797,0.027567873
798,0.032831654
799,0.02260061
800,-0.0009011174
801,0.022900416
802,0.03541916
803,0.033515196
804,0.025458345
805,0.0048445715
806,0.009490459
807,0.018472182
808,0.016904984
809,0.009146579
810,0.0027213406
811,0.018404579
812,0.030774545
813,0.032605406
814,0.029838212
815,0.016960515
816,0.0035988158
817,0.006708366
818,0.0077239694
819,0.00024587393
820,0.014396842
821,0.025087528
822,0.028400974
823,0.021215685
824,0.010683371
825,0.0021198352
826,0.0039679087
827,0.0078064636
828,0.005861459
829,0.0009397323
830,0.011614625
831,0.020215325
832,0.02391069
833,0.014774136
834,0.0014666065
835,0.011898597
836,0.014607569
837,0.006482011
838,0.006578081
839,0.01753249
840,0.019888524
841,0.009985589
842,0.002266191
843,0.009642398
844,0.010359764
845,0.003617298
846,0.004689541
847,0.0106420405
848,0.0102968905
849,0.005116107
850,0.00030133984
851,0.0025368845
852,0.0018095043
853,0.00028272162
854,0.0017495556
855,0.0017327272
856,0.0010455359
857,0.00040071039
858,0.00010975906
859,8.3747545e-05
860,0.00023588588
861,0.00026773114
862,0.00012196638
863,0.0009222743
864,0.0015660333
865,0.0005729996
866,0.0012813386
867,0.0022083044
868,0.0011981078
869,0.0010078233
870,0.0018488144
871,0.0007703457
872,0.0011119971
873,0.0024452875
874,0.0013860165
875,0.00022919022
876,0.0009852237
877,0.000806496
878,0.00024869503
879,0.0017163239
880,0.0025713784
881,0.0018756876
882,0.0005289909
883,0.00062013045
884,0.0010331316
885,0.000107234475
886,0.0026827827
887,0.0048746304
888,0.00479263
889,0.0022098897
890,0.0010607851
891,0.0032937578
892,0.0006740718
893,0.004512811
894,0.009871576
895,0.012674452
896,0.008311228
897,0.0016726096
898,0.004254173
899,0.004925665
900,0.00023108767
901,0.009188409
902,0.017499194
903,0.020854963
904,0.01717603
905,0.008083673
906,0.0013942863
907,0.004980641
908,0.0016257195
909,0.007298462
910,0.020232875
911,0.028354118
912,0.028474376
913,0.0216643
914,0.0062766103
915,0.003091185
916,0.006427764
917,-0.0003166277
918,0.013899046
919,0.029562227
920,0.036769863
921,0.03251755
922,0.018380009
923,0.0028495556
924,0.003153368
925,0.0003703771
926,0.01027121
927,0.017627452
928,0.017049922
929,0.011064457
930,0.001972666
931,0.0017490515
932,0.0009303257
933,0.0031065003
934,0.006882728
935,0.007174108
936,0.0040298477
937,0.0004848482
938,0.00068487483
939,3.5695033e-05
940,0.0013118999
941,0.001710799
942,0.0012050009
943,0.00037367054
944,4.031088e-05
945,0.00013536
946,0.00027425427
947,8.155139e-05
948,5.9812148e-05
949,6.357529e-05
950,0.00015307606
951,0.00036223792
952,0.0002413481
953,1.4765652e-05
954,0.0003842071
955,0.0005599022
956,0.00050986797
957,0.0002822349
958,0.0002227648
959,0.00094502664
960,0.0013337384
961,0.00094172393
962,0.0008916802
963,0.0022660268
964,0.003818341
965,0.0024001666
966,0.0013840143
967,0.005549642
968,0.005902258
969,0.0047418284
970,9.624363e-05
971,0.0033937718
972,0.0033011741
973,0.0001616792
974,0.0042161183
975,0.007191137
976,0.008269165
977,0.007051172
978,0.004128099
979,0.00010905038
980,0.00177358
981,0.0012626331
982,-0.00016946593
983,0.0013898554
984,0.0025605522
985,0.003140104
986,0.0025762038
987,0.0018117252
988,0.0011430194
989,0.00054575596
990,7.589417e-05
991,0.00041922642
992,0.00047168465
993,0.00036072993
994,-7.569e-05
995,0.00080392294
996,0.0016889803
997,0.001950072
998,0.0006915332
999,0.00087287347
1000,0.0007428317
1001,0.00012736864
1002,0.0018848415
1003,0.0025019841
1004,0.0012386481
1005,0.0024725627
1006,0.0022122297
1007,0.00096479245
1008,0.005364881
1009,0.005611997
1010,0.0009967124
1011,0.00852655
1012,0.008908786
1013,0.004150821
1014,0.0064550927
1015,0.016406583
1016,0.024321409
1017,0.02331842
1018,0.011949494
1019,-0.00019716602
1020,0.0042754486
1021,0.0017771396
1022,0.013223528
1023,0.021056466
1024,0.015473926
1025,0.0037122925
1026,0.004945757
1027,0.007570419
1028,0.005298164
1029,-1.7916434e-05
1030,0.0039806287
1031,0.0069249705
1032,0.0072014984
1033,0.005145084
1034,0.0029525093
1035,0.0012006122
1036,0.0015139164
1037,0.001715603
1038,0.00089336047
1039,0.00097170164
1040,0.0034056276
1041,0.004975009
1042,0.0044442355
1043,0.002367799
1044,0.00080740155
1045,0.0018257857
1046,0.0011178933
1047,0.0005422661
1048,0.0020902674
1049,0.0022799284
1050,0.0010787176
1051,0.00060139433
1052,0.001675586
1053,0.0016256333
1054,0.0002782864
1055,0.0015198402
1056,0.0027966946
1057,0.002553301
1058,0.0006499083
1059,0.00205353
1060,0.0027545295
1061,0.0010298744
1062,0.0016433412
1063,0.0034556403
1064,0.002604052
1065,3.7179918e-05
1066,0.0014508064
1067,0.0016976745
1068,-6.807633e-05
1069,0.0019833802
1070,0.002071441
1071,0.0020399473
1072,0.0004280759
1073,0.0007749324
1074,0.00029691955
1075,0.0009953814
1076,0.0021973236
1077,0.0020062935
1078,0.0015375244
1079,3.8216167e-06
1080,0.00023343945
1081,0.000346466
1082,0.0014390711
1083,0.0015883083
1084,0.0007643552
1085,5.948184e-05
1086,5.8047888e-05
1087,5.0673898e-05
1088,0.00019834503
1089,9.627527e-05
1090,1.6702672e-05
1091,0.00015969032
1092,0.00024288183
1093,0.00017808961
1094,0.0003319468
1095,0.00058120425
1096,0.0039201453
1097,0.00897961
1098,0.011216411
1099,0.0071525876
1100,0.0018730308
1101,0.0019714313
1102,0.00015265585
1103,0.009717144
1104,0.018280676
1105,0.017493296
1106,0.014296148
1107,0.0008341761
1108,0.0051886383
1109,0.0023846223
1110,0.005511388
1111,0.013525982
1112,0.015627071
1113,0.011865253
1114,0.005947272
1115,0.00083442277
1116,0.0008430069
1117,-4.1819185e-05
1118,0.0011236889
1119,0.0016551785
1120,0.0018803707
1121,0.0025053194
1122,0.003317429
1123,0.0035147124
1124,0.0033137174
1125,0.00050596456
1126,0.0010677266
1127,0.00092002377
1128,0.007016325
1129,0.01243124
1130,0.013285851
1131,0.004140376
1132,0.003317524
1133,0.0016706627
1134,0.008579621
1135,0.02050038
1136,0.022623815
1137,0.011794011
1138,0.008406472
1139,0.020222029
1140,0.016635617
1141,-0.0008563972
1142,0.02472467
1143,0.04800687
1144,0.05075172
1145,0.02179034
1146,0.0017848203
1147,0.021288518
1148,0.021564482
1149,0.0019375471
1150,0.039455347
1151,0.07070655
1152,0.07600803
1153,0.04299711
1154,0.0102478955
1155,0.011577196
1156,0.01216652
1157,-0.0010061704
1158,0.01641809
1159,0.029180143
1160,0.027526105
1161,0.022312554
1162,0.010148018
1163,0.0019959074
1164,0.0015754236
1165,0.0035924357
1166,0.004321859
1167,0.004202494
1168,0.0036733607
1169,0.0019039114
1170,0.0020074102
1171,0.011331852
1172,0.021838358
1173,0.029297344
1174,0.022929328
1175,0.005221715
1176,0.012041882
1177,0.014830609
1178,0.0016002108
1179,0.018425561
1180,0.035566717
1181,0.03710001
1182,0.023644838
1183,0.005863004
1184,0.014952652
1185,0.020282049
1186,0.01585997
1187,0.0013474529
1188,0.015916528
1189,0.031454373
1190,0.04107379
1191,0.03781922
1192,0.023341238
1193,0.0017633094
1194,0.01996721
1195,0.01416251
1196,0.004869342
1197,0.02890862
1198,0.045864876
1199,0.03650341
1200,0.011094128
1201,0.0077768397
1202,0.019233374
1203,0.01458215
1204,-0.00096195773
1205,0.017213795
1206,0.025403205
1207,0.024809936
1208,0.008713082
1209,0.01268392
1210,0.023443261
1211,0.02069992
1212,0.005405058
1213,0.011309057
1214,0.027002014
1215,0.028247058
1216,0.01945697
1217,0.0014673983
1218,0.01272902
1219,0.012753333
1220,0.0044518746
1221,0.0048873806
1222,0.011867516
1223,0.013446379
1224,0.010619295
1225,0.00487144
1226,0.00059499615
1227,0.0023332369
1228,0.0044222246
1229,0.004045133
1230,0.00058209547
1231,0.0042804694
1232,0.01054556
1233,0.014554795
1234,0.012886216
1235,0.006636013
1236,0.00072344946
1237,0.0036272837
1238,0.0035512666
1239,0.00080643315
1240,0.0022236353
1241,0.005259783
1242,0.007274639
1243,0.0076293754
1244,0.0054919133
1245,0.0011511374
1246,0.005847987
1247,0.012746147
1248,0.014603192
1249,0.0061498685
1250,0.0061792247
1251,0.018277641
1252,0.01866197
1253,0.00473837
1254,0.015206897
1255,0.029045286
1256,0.020431116
1257,-3.4987344e-05
1258,0.01996462
1259,0.027476957
1260,0.024344806
1261,0.012299023
1262,0.005901722
1263,0.0110029755
1264,0.009122891
1265,-0.000413489
1266,0.009303427
1267,0.013486965
1268,0.013369037
1269,0.008120771
1270,0.0037916836
1271,0.0007368476
1272,0.0019000501
1273,0.002961961
1274,0.0036766871
1275,0.004833316
1276,0.005908012
1277,0.0060407883
1278,0.0036898623
1279,0.0011830328
1280,0.008544525
1281,0.013442922
1282,0.013807575
1283,0.0036282223
1284,0.00587774
1285,0.019064063
1286,0.016261153
1287,-0.00050513854
1288,0.017946284
1289,0.02893929
1290,0.021819416
1291,0.010504266
1292,0.0067518647
1293,0.012738161
1294,0.011026277
1295,0.0041706217
1296,0.0020858985
1297,0.007598656
1298,0.010272339
1299,0.009839184
1300,0.007226352
1301,0.0026699372
1302,0.0055177254
1303,0.009011403
1304,0.010254902
1305,0.004891433
1306,0.0042425976
1307,0.012513855
1308,0.013840748
1309,0.009594474
1310,0.001631009
1311,0.0066414396
1312,0.012464661
1313,0.007115152
1314,0.004280396
1315,0.018207937
1316,0.02837772
1317,0.025046743
1318,0.013700165
1319,0.0022357414
1320,0.011755548
1321,0.008933012
1322,0.0035373808
1323,0.020727227
1324,0.029112773
1325,0.028916646
1326,0.011898941
1327,0.0066900486
1328,0.018913008
1329,0.013904329
1330,-0.00027951552
1331,0.018228704
1332,0.032029234
1333,0.034558386
1334,0.022129795
1335,0.005516045
1336,0.0031796834
1337,0.0013406076
1338,0.0058377967
1339,0.010507329
1340,0.009321851
1341,0.0042290003
1342,0.0001086767
1343,0.00087062543
1344,0.0037814952
1345,0.003840071
1346,0.00040350933
1347,0.004360904
1348,0.0009262653
1349,0.009623289
1350,0.021451041
1351,0.019997515
1352,0.00780632
1353,0.012043115
1354,0.016918229
1355,0.0065435236
1356,0.014482988
1357,0.03475241
1358,0.03982578
1359,0.024537982
1360,0.004566691
1361,0.012366295
1362,0.014100572
1363,0.0076985233
1364,0.0011630924
1365,0.009953
1366,0.014552786
1367,0.01517525
1368,0.013156649
1369,0.0103337895
1370,0.0061949454
1371,0.0030752784
1372,5.4176424e-05
1373,0.002110333
1374,0.004381903
1375,0.0063613662
1376,0.008497355
1377,0.009287064
1378,0.0055739544
1379,0.001331442
1380,0.012857095
1381,0.022833677
1382,0.02559943
1383,0.012055508
1384,0.008509416
1385,0.03353091
1386,0.0450124
1387,0.039318375
1388,0.012213172
1389,0.02082437
1390,0.04955234
1391,0.057485323
1392,0.045852475
1393,0.0021207808
1394,0.043986376
1395,0.07931639
1396,0.08259529
1397,0.059930734
1398,0.006861153
1399,0.048117977
1400,0.09384681
1401,0.10526009
1402,0.08034661
1403,0.01529595
1404,0.04052513
1405,0.08191761
1406,0.08429107
1407,0.053408217
1408,0.0058447216
1409,0.07690842
1410,0.12268485
1411,0.11845479
1412,0.08592465
1413,0.0143303005
1414,0.031557545
1415,0.054597314
1416,0.039815243
1417,0.0014551146
1418,0.048082672
1419,0.07523888
1420,0.06872569
1421,0.04410139
1422,0.008647349
1423,0.013721799
1424,0.010351678
1425,0.0056843297
1426,0.01940316
1427,0.018617984
1428,0.0066009676
1429,0.0029633818
1430,0.0041512814
1431,0.0034940944
1432,0.012004067
1433,0.012869225
1434,0.0019633977
1435,0.010637
1436,0.014963247
1437,0.007712825
1438,0.009672469
1439,0.029355183
1440,0.042122703
1441,0.04258576
1442,0.029448038
1443,0.009044132
1444,0.008197759
1445,0.015704643
1446,0.0134391645
1447,-0.0005632622
1448,0.018588422
1449,0.0380711
1450,0.050557356
1451,0.05037713
1452,0.038050503
1453,0.017014608
1454,0.0027263595
1455,0.01650504
1456,0.02018742
1457,0.009389081
1458,0.0077384706
1459,0.028574469
1460,0.04294797
1461,0.046764594
1462,0.040761378
1463,0.026823575
1464,0.009213746
1465,0.008491092
1466,0.024036132
1467,0.029509943
1468,0.019149944
1469,0.007241088
1470,0.051619362
1471,0.090060376
1472,0.102959864
1473,0.07532637
1474,0.02410204
1475,0.027225655
1476,0.04260367
1477,0.009226837
1478,0.04521652
1479,0.09459153
1480,0.10440155
1481,0.081578605
1482,0.03552684
1483,0.008253878
1484,0.020027405
1485,0.010223005
1486,0.010553558
1487,0.030134816
1488,0.03717808
1489,0.032650176
1490,0.021775607
1491,0.009900341
1492,0.00044401066
1493,0.0039913496
1494,0.004549244
1495,0.0026169592
1496,0.00019241481
1497,0.0033700115
1498,0.0057755024
1499,0.00686361
1500,0.00680164
1501,0.0058888304
1502,0.003892298
1503,0.0018015964
1504,0.00065955357
1505,0.0020812503
1506,0.0023843762
1507,0.0015533293
1508,0.00044791214
1509,0.0033406739
1510,0.005736715
1511,0.006924852
1512,0.006074762
1513,0.0032057834
1514,0.00019477197
1515,0.0017552224
1516,0.0011941739
1517,0.001057134
1518,0.0036920574
1519,0.004934652
1520,0.0045124707
1521,0.0027171292
1522,0.00088915305
1523,8.477026e-05
1524,0.0004923336
1525,0.00045797546
1526,0.00023767805
1527,0.00011546878
1528,0.00069314585
1529,0.0013507236
1530,0.0017180297
1531,0.0014998602
1532,0.0005499492
1533,0.00062662445
1534,0.0011636133
1535,0.00065175694
1536,0.00050681055
1537,0.0017593601
1538,0.0021733146
1539,0.0018210226
1540,0.00045716114
1541,0.0011397599
1542,0.0023105014
1543,0.0031217516
1544,0.0026696299
1545,0.00065570045
1546,0.0027336953
1547,0.0068842145
1548,0.008262356
1549,0.0031010013
1550,0.007257789
1551,0.017439205
1552,0.021229777
1553,0.012722638
1554,0.0077270176
1555,0.03262682
1556,0.046815995
1557,0.034967724
1558,0.003946668
1559,0.029556448
1560,0.043336343
1561,0.024161153
1562,0.015240284
1563,0.060730197
1564,0.08176038
1565,0.073433496
1566,0.029288366
1567,0.009799715
1568,0.032813627
1569,0.022283692
1570,0.0023615803
1571,0.030751107
1572,0.04533579
1573,0.043606527
1574,0.026136441
1575,0.006665339
1576,0.0042952877
1577,0.008568076
1578,0.0072606103
1579,0.0028688842
1580,0.00083327305
1581,0.004276541
1582,0.006500649
1583,0.0076805404
1584,0.007546833
1585,0.006590001
1586,0.0036585045
1587,0.0017113433
1588,0.0063429037
1589,0.010429172
1590,0.011824851
1591,0.0058817915
1592,0.003565207
1593,0.014611461
1594,0.018138986
1595,0.0101187
1596,0.0016103353
1597,0.014328285
1598,0.0145304445
1599,0.0031439068
1600,0.009762387
1601,0.017702937
1602,0.0149837965
1603,0.005311754
1604,0.002135949
1605,0.0033281029
1606,-5.4671415e-05
1607,0.003741123
1608,0.0046459036
1609,0.0022481715
1610,2.8887198e-05
1611,0.0015575589
1612,0.001469262
1613,1.4592082e-05
1614,0.0015859467
1615,0.0021956256
1616,0.0012488718
1617,0.0015512974
1618,0.0043663094
1619,0.004978911
1620,0.002322014
1621,0.0020563733
1622,0.005420255
1623,0.004915172
1624,0.0009712065
1625,0.003092928
1626,0.004182999
1627,0.002016537
1628,0.001082563
1629,0.003137699
1630,0.003153546
1631,0.0021358985
1632,0.0010254304
1633,0.00025722722
1634,2.0865084e-05
1635,0.000108149725
1636,0.00012742124
1637,0.0001430915
1638,0.00013752223
1639,7.992843e-05
1640,-7.700625e-06
1641,7.5574484e-05
1642,0.00012976541
1643,0.0001537341
1644,0.00017289192
1645,0.000181021
1646,0.00018945824
1647,0.00013951179
1648,8.127636e-05
1649,0.00038977677
1650,0.0006814199
1651,0.0006980411
1652,0.00044915843
1653,4.344589e-05
1654,0.0008169613
1655,0.001563961
1656,0.0018520402
1657,0.00076779956
1658,0.002435971
1659,0.0064671026
1660,0.010242739
1661,0.010649499
1662,0.0035670912
1663,0.008308653
1664,0.019131329
1665,0.016475977
1666,0.0031323314
1667,0.026484553
1668,0.042071614
1669,0.037168838
1670,0.007129646
1671,0.028041383
1672,0.052992105
1673,0.056794472
1674,0.024900466
1675,0.010651921
1676,0.040270485
1677,0.0491961
1678,0.030084908
1679,0.001957981
1680,0.03669858
1681,0.054831818
1682,0.050112415
1683,0.027013002
1684,0.014862386
1685,0.045561302
1686,0.05609836
1687,0.04127841
1688,0.0092196325
1689,0.024182625
1690,0.05205264
1691,0.06475296
1692,0.050951198
1693,0.024134044
1694,0.016860219
1695,0.05663512
1696,0.072324194
1697,0.061667643
1698,0.024279328
1699,0.022498883
1700,0.070832185
1701,0.09209954
1702,0.07122268
1703,0.012104206
1704,0.046695486
1705,0.08877508
1706,0.086988255
1707,0.037271794
1708,0.032235384
1709,0.09802043
1710,0.118574075
1711,0.102297775
1712,0.05299301
1713,0.008946354
1714,0.04926663
1715,0.04706022
1716,0.011691389
1717,0.030379241
1718,0.06281855
1719,0.067301
1720,0.055423155
1721,0.022626031
1722,0.004604233
1723,0.021532182
1724,0.024955973
1725,0.014086179
1726,0.0057705455
1727,0.030432098
1728,0.047355454
1729,0.051905096
1730,0.037333235
1731,0.0127406875
1732,0.005157946
1733,0.01324339
1734,0.0069370633
1735,0.0073203994
1736,0.020725222
1737,0.025104491
1738,0.01871933
1739,0.009299641
1740,0.001177476
1741,0.0036891454
1742,0.0031699848
1743,0.00018171617
1744,0.0047791908
1745,0.008468101
1746,0.007505301
1747,0.003126961
1748,0.0026370038
1749,0.004990789
1750,0.0005833432
1751,0.008187165
1752,0.013193065
1753,0.007829102
1754,0.0025032633
1755,0.017238298
1756,0.018605059
1757,0.002683125
1758,0.020979764
1759,0.03734217
1760,0.027158167
1761,0.0041889455
1762,0.042067174
1763,0.05747947
1764,0.041486945
1765,0.0064378465
1766,0.071713835
1767,0.10179076
1768,0.083846845
1769,0.029632648
1770,0.038381975
1771,0.056844637
1772,0.014930919
1773,0.051336303
1774,0.111248
1775,0.1289308
1776,0.09740483
1777,0.03206691
1778,0.008703341
1779,0.0143725
1780,0.006188521
1781,0.033374667
1782,0.044283416
1783,0.03468666
1784,0.019134035
1785,0.0007041032
1786,0.009020988
1787,0.00747967
1788,-0.00032937148
1789,0.008051744
1790,0.012969653
1791,0.013773209
1792,0.010133652
1793,0.00486498
1794,0.00014131115
1795,0.0042176656
1796,0.0038126602
1797,-0.00010984583
1798,0.004526027
1799,0.008105302
1800,0.008305064
1801,0.006957004
1802,0.0035793574
1803,0.00013267984
1804,0.0024039831
1805,0.0042151394
1806,0.0047514997
1807,0.003988092
1808,0.0014145068
1809,0.0029113698
1810,0.008931508
1811,0.014084984
1812,0.009223909
1813,0.0048637767
1814,0.018390091
1815,0.028006522
1816,0.026480103
1817,0.003939064
1818,0.021103712
1819,0.036621198
1820,0.03879981
1821,0.017801207
1822,0.016450776
1823,0.02988267
1824,0.026447836
1825,0.0085817
1826,0.015820941
1827,0.039820343
1828,0.043553136
1829,0.025092745
1830,0.0028864765
1831,0.012828548
1832,0.019290587
1833,0.011861846
1834,0.0015646928
1835,0.01762933
1836,0.025652872
1837,0.026804307
1838,0.0212941
1839,0.008581684
1840,0.00040157698
1841,0.0050320327
1842,0.0044404143
1843,0.00017989031
1844,0.0059583564
1845,0.010281812
1846,0.009589455
1847,0.0062974687
1848,0.0031065948
1849,0.0001496308
1850,0.0011400341
1851,0.0007427988
1852,8.729175e-05
1853,0.0010412947
1854,0.0016523197
1855,0.0018533013
1856,0.0018964097
1857,0.0017440136
1858,0.0010161992
1859,0.0004404467
1860,0.00016700369
1861,0.00041275064
1862,0.00029196937
1863,6.359939e-05
1864,9.3177405e-06
1865,3.2196815e-05
1866,7.0871305e-05
1867,0.0002480387
1868,0.0007289362
1869,0.0015183802
1870,0.002569037
1871,0.0031995282
1872,0.0020661012
1873,0.00016564887
1874,0.00197636
1875,0.0029101903
1876,-0.00024129442
1877,0.0075532575
1878,0.017394722
1879,0.022940187
1880,0.023109166
1881,0.0166202
1882,0.0021465626
1883,0.0064513194
1884,0.0043365257
1885,0.005178988
1886,0.018958202
1887,0.026905961
1888,0.028778661
1889,0.021932835
1890,0.011678287
1891,0.001119142
1892,0.0050741807
1893,0.006054283
1894,0.0017062579
1895,0.005172335
1896,0.015748654
1897,0.026780471
1898,0.035224628
1899,0.039214343
1900,0.035406128
1901,0.019698976
1902,0.0046371464
1903,0.0042495625
1904,0.0022467144
1905,0.009130653
1906,0.025332421
1907,0.037045773
1908,0.038119297
1909,0.028290039
1910,0.016423058
1911,0.0066193263
1912,0.00046637267
1913,0.0013155683
1914,0.0014697762
1915,0.0010590376
1916,0.00024438012
1917,0.0011646822
1918,0.004264602
1919,0.008848045
1920,0.014076458
1921,0.01746167
1922,0.0177332
1923,0.014807565
1924,0.008865214
1925,0.0024122235
1926,0.0027203427
1927,0.0042216694
1928,0.001828064
1929,0.0046498273
1930,0.017257536
1931,0.033671577
1932,0.04725473
1933,0.051978048
1934,0.04114867
1935,0.022963254
1936,0.0005890399
1937,0.010483613
1938,-0.00064360764
1939,0.031125652
1940,0.07196498
1941,0.10256955
1942,0.1046759
1943,0.075606346
1944,0.034022313
1945,0.0005584499
1946,0.0071579837
1947,0.012824649
1948,0.050864756
1949,0.08257374
1950,0.09230194
1951,0.078067146
1952,0.04025052
1953,0.0038636937
1954,0.0094117345
1955,0.0022077172
1956,0.034225535
1957,0.06495093
1958,0.07517896
1959,0.06292791
1960,0.032539178
1961,-5.8761216e-06
1962,0.009762449
1963,0.0033228947
1964,0.033771116
1965,0.06236595
1966,0.06750524
1967,0.04694697
1968,0.018776206
1969,0.0046350285
1970,0.0052425265
1971,0.0127159795
1972,0.037190158
1973,0.049707256
1974,0.042301115
1975,0.020805065
1976,0.002864425
1977,0.0056636618
1978,-0.0003553225
1979,0.014656914
1980,0.027904974
1981,0.03010605
1982,0.02140908
1983,0.009129451
1984,0.0050985413
1985,0.009202644
1986,0.0007359489
1987,0.0151198115
1988,0.03301053
1989,0.04263114
1990,0.032347616
1991,0.014556227
1992,0.009680772
1993,0.016039602
1994,0.0022082923
1995,0.04014949
1996,0.0758158
1997,0.08583729
1998,0.05053035
1999,0.00990159
2000,0.025150217
2001,0.018024433
2002,0.019072296
2003,0.067632206
2004,0.09612328
2005,0.09260159
2006,0.049599905
2007,0.011765534
2008,0.011285546
2009,0.009844241
2010,0.008561139
2011,0.03018074
2012,0.041502655
2013,0.0420357
2014,0.027659556
2015,0.011926395
2016,0.0029109567
2017,0.00847115
2018,0.004803222
2019,0.0047136936
2020,0.015876714
2021,0.021945864
2022,0.018962003
2023,0.008689885
2024,0.000300506
2025,0.0069797523
2026,0.0070353677
2027,-0.000106518404
2028,0.009940409
2029,0.018091656
2030,0.017651597
2031,0.010186882
2032,0.001271699
2033,0.010063406
2034,0.010292357
2035,0.0006432624
2036,0.018280791
2037,0.032984246
2038,0.035314653
2039,0.022821078
2040,0.00074938935
2041,0.011771124
2042,0.006860744
2043,0.012962414
2044,0.034763485
2045,0.043136742
2046,0.032991577
2047,0.010600825
2048,0.00599198
2049,0.008845678
2050,-0.00014704053
2051,0.013696963
2052,0.022542251
2053,0.020567069
2054,0.012088839
2055,0.0014689154
2056,0.0033733873
2057,0.0010252354
2058,0.005994649
2059,0.011740756
2060,0.010263461
2061,0.004894365
2062,0.0019460492
2063,0.0047430377
2064,0.00089258683
2065,0.0063652713
2066,0.012942958
2067,0.014977988
2068,0.010630078
2069,0.0025139411
2070,0.003542987
2071,0.006251944
2072,0.004844777
2073,0.00021257359
2074,0.007533899
2075,0.013606707
2076,0.016044606
2077,0.015808037
2078,0.01207566
2079,0.003937511
2080,0.0029772827
2081,0.009634076
2082,0.0112244515
2083,0.0046224417
2084,0.006819981
2085,0.021536933
2086,0.032476835
2087,0.031464607
2088,0.021299984
2089,0.0063543213
2090,0.0049189017
2091,0.005810211
2092,-2.8946713e-05
2093,0.007996918
2094,0.011876064
2095,0.011184317
2096,0.007540692
2097,0.0036472615
2098,0.0012498426
2099,0.00021783142
2100,0.00012564525
2101,0.00027820055
2102,0.00042237373
2103,0.00044629705
2104,7.6820965e-05
2105,0.00095961534
2106,0.0027301
2107,0.004125486
2108,0.0032941755
2109,0.0011550752
2110,0.009010433
2111,0.015934398
2112,0.018829986
2113,0.012814834
2114,0.002127579
2115,0.026735993
2116,0.052696772
2117,0.06623906
2118,0.054451186
2119,0.021150801
2120,0.041569926
2121,0.083593085
2122,0.08543841
2123,0.020200787
2124,0.08301434
2125,0.19449931
2126,0.24110536
2127,0.20179302
2128,0.10402657
2129,0.00905585
2130,0.08889543
2131,0.10663925
2132,0.04009721
2133,0.06946675
2134,0.18806763
2135,0.26410607
2136,0.26149604
2137,0.19136055
2138,0.096785545
2139,0.0025966903
2140,0.062549554
2141,0.08002823
2142,0.043566875
2143,0.020170439
2144,0.1111637
2145,0.1993388
2146,0.2594734
2147,0.2696435
2148,0.20889224
2149,0.112212405
2150,0.0059249955
2151,0.07010849
2152,0.04468684
2153,0.04811863
2154,0.16537076
2155,0.24972999
2156,0.24763672
2157,0.17997834
2158,0.09049211
2159,-0.00039661303
2160,0.041852776
2161,0.038351625
2162,0.005814036
2163,0.08116765
2164,0.15303323
2165,0.19536477
2166,0.17302111
2167,0.09930059
2168,0.019533968
2169,0.042023335
2170,0.05225599
2171,0.0042383764
2172,0.0997731
2173,0.18616392
2174,0.20719184
2175,0.16533828
2176,0.070892245
2177,0.008053903
2178,0.041877497
2179,0.021689512
2180,0.040249653
2181,0.11063723
2182,0.15344469
2183,0.14093098
2184,0.08671102
2185,0.0148336
2186,0.027243298
2187,0.0274506
2188,0.0081298435
2189,0.06543793
2190,0.11110483
2191,0.11647769
2192,0.0797488
2193,0.029583357
2194,0.01834983
2195,0.02710183
2196,-0.00019328087
2197,0.046135135
2198,0.07896304
2199,0.08351936
2200,0.053782966
2201,0.019331386
2202,0.009477765
2203,0.017733594
2204,0.0055947765
2205,0.013641392
2206,0.03160441
2207,0.038175672
2208,0.03268402
2209,0.02274964
2210,0.007739109
2211,0.005915678
2212,0.013443904
2213,0.012455227
2214,0.0046067336
2215,0.0072144386
2216,0.02048744
2217,0.028968168
2218,0.031159831
2219,0.020234233
2220,0.0064772144
2221,0.012639976
2222,0.024449512
2223,0.025026834
2224,0.008636899
2225,0.017383832
2226,0.04701102
2227,0.066779055
2228,0.060742386
2229,0.028831674
2230,0.017236859
2231,0.048407353
2232,0.054093022
2233,0.02048177
2234,0.035197124
2235,0.092928216
2236,0.11252063
2237,0.09055556
2238,0.03656804
2239,0.038948458
2240,0.076108284
2241,0.056900498
2242,-0.00068817986
2243,0.06753289
2244,0.10779969
2245,0.105652675
2246,0.05924002
2247,0.004238471
2248,0.04570882
2249,0.07518124
2250,0.061485615
2251,0.011991499
2252,0.046737343
2253,0.101158276
2254,0.12310376
2255,0.108585276
2256,0.05651604
2257,0.003554835
2258,0.04753675
2259,0.055228125
2260,0.03494563
2261,0.006182906
2262,0.056850374
2263,0.09551263
2264,0.10637592
2265,0.08302277
2266,0.035162993
2267,0.017947096
2268,0.054292932
2269,0.05639737
2270,0.020916807
2271,0.02912628
2272,0.07678827
2273,0.099520706
2274,0.09108927
2275,0.056236867
2276,0.016534897
2277,0.015852865
2278,0.023831476
2279,0.0106766075
2280,0.010689692
2281,0.034009233
2282,0.049110472
2283,0.048010275
2284,0.036231633
2285,0.011143997
2286,0.008855083
2287,0.017968934
2288,0.008724137
2289,0.015891107
2290,0.045422588
2291,0.060323086
2292,0.044544555
2293,0.014376472
2294,0.012887245
2295,0.018662719
2296,0.0025927876
2297,0.038259193
2298,0.06256278
2299,0.058523476
2300,0.029284483
2301,0.0036508685
2302,0.02475349
2303,0.02069089
2304,-0.0002804285
2305,0.03156671
2306,0.057002503
2307,0.06446984
2308,0.049193624
2309,0.021291614
2310,0.0023956394
2311,0.016664146
2312,0.013400387
2313,-0.0005103015
2314,0.015059134
2315,0.024488578
2316,0.025902005
2317,0.022026764
2318,0.01734664
2319,0.0133004775
2320,0.010868468
2321,0.0058127567
2322,0.00061074866
2323,0.010278586
2324,0.022113873
2325,0.028047059
2326,0.02156447
2327,-0.0007642162
2328,0.035061635
2329,0.07054013
2330,0.09438071
2331,0.09554192
2332,0.071569264
2333,0.029143514
2334,0.006743539
2335,0.033314936
2336,0.030278021
2337,0.0022369379
2338,0.036779623
2339,0.07560528
2340,0.09489964
2341,0.08710442
2342,0.066027045
2343,0.033398166
2344,0.005516901
2345,0.011204175
2346,0.017387709
2347,0.018340409
2348,0.014701917
2349,0.0077296505
2350,0.00022179715
2351,0.015199544
2352,0.03628398
2353,0.058203977
2354,0.07224603
2355,0.0688105
2356,0.03485252
2357,0.013013794
2358,0.0430331
2359,0.053022485
2360,0.022773527
2361,0.03039595
2362,0.090641126
2363,0.1313206
2364,0.14337479
2365,0.111082636
2366,0.0538017
2367,0.002909032
2368,0.04530082
2369,0.05472442
2370,0.031588767
2371,0.018667437
2372,0.0847889
2373,0.13926177
2374,0.16028786
2375,0.12029362
2376,0.052876104
2377,0.01073332
2378,0.05694355
2379,0.05376654
2380,-0.00061441166
2381,0.06980762
2382,0.13530837
2383,0.15446502
2384,0.13294335
2385,0.059865918
2386,0.0026807808
2387,0.039619617
2388,0.022901075
2389,0.027026813
2390,0.07851605
2391,0.09674212
2392,0.08026707
2393,0.02816323
2394,0.014059159
2395,0.03002968
2396,0.016469726
2397,0.011815004
2398,0.037487615
2399,0.04799694
2400,0.03415201
2401,0.0138138775
2402,0.010150707
2403,0.018261252
2404,0.009731775
2405,0.008980123
2406,0.02579653
2407,0.027809717
2408,0.012525243
2409,0.0033628773
2410,0.013022862
2411,0.009638464
2412,0.0024619868
2413,0.014494754
2414,0.018869031
2415,0.013823444
2416,0.0048973304
2417,0.0011551328
2418,0.0040071015
2419,0.0031904639
2420,0.0014603684
2421,-4.5008128e-05
2422,0.00067734456
2423,0.0016725876
2424,0.0032349206
2425,0.005308525
2426,0.0073797638
2427,0.007708364
2428,0.0047785216
2429,0.0030991372
2430,0.010119641
2431,0.012857749
2432,0.0053373296
2433,0.009294148
2434,0.024558168
2435,0.029384023
2436,0.022245377
2437,0.006833245
2438,0.012165087
2439,0.021681271
2440,0.018468488
2441,0.0040767314
2442,0.014568864
2443,0.030925766
2444,0.036451787
2445,0.03257682
2446,0.01719944
2447,0.00026500496
2448,0.012968697
2449,0.017219873
2450,0.011327242
2451,0.0006310511
2452,0.015605915
2453,0.026236061
2454,0.028378893
2455,0.022810627
2456,0.012229827
2457,6.8156405e-05
2458,0.007974291
2459,0.007106782
2460,-0.000207154
2461,0.009706903
2462,0.015617264
2463,0.013924656
2464,0.006694637
2465,0.0003010372
2466,0.002620496
2467,0.0014414366
2468,0.0016034109
2469,0.003613123
2470,0.003571181
2471,0.0018122945
2472,8.061415e-05
2473,0.00067430455
2474,0.00061343325
2475,0.00023062984
2476,0.00014589191
2477,0.00050638913
2478,0.00078473095
2479,0.0009729153
2480,0.00088775496
2481,0.00049795926
2482,0.00034293567
2483,0.001252364
2484,0.0019410104
2485,0.0014060332
2486,0.00016646374
2487,0.0026970527
2488,0.0048561897
2489,0.0059079938
2490,0.004432988
2491,0.0013894642
2492,0.0010170265
2493,0.0019764507
2494,0.0009187496
2495,0.0009693409
2496,0.0023987065
2497,0.0023731012
2498,0.0013746114
2499,0.00039897222
2500,-8.924755e-06
2501,0.0002752589
2502,0.001664217
2503,0.0040425924
2504,0.0046649044
2505,0.0016558579
2506,0.006020879
2507,0.012673014
2508,0.011250346
2509,0.0035779173
2510,0.027243396
2511,0.042391192
2512,0.03778881
2513,0.01341575
2514,0.01217001
2515,0.024890777
2516,0.013386725
2517,0.0121770175
2518,0.040374804
2519,0.05545313
2520,0.046823036
2521,0.028916392
2522,0.007968578
2523,0.0051195063
2524,0.0082208775
2525,0.0018013939
2526,0.0077522537
2527,0.016462984
2528,0.020809568
2529,0.018516855
2530,0.011352916
2531,0.0015261496
2532,0.0077476194
2533,0.010990866
2534,0.0055164085
2535,0.005563435
2536,0.017708452
2537,0.023819484
2538,0.01712493
2539,0.0018975341
2540,0.0123988055
2541,0.015695976
2542,0.008135069
2543,0.005124731
2544,0.01699835
2545,0.020848867
2546,0.01737655
2547,0.005896679
2548,0.0058784606
2549,0.0135999005
2550,0.014607312
2551,0.010223439
2552,0.0027582962
2553,0.0061762845
2554,0.015070758
2555,0.01870357
2556,0.016615571
2557,0.0033428438
2558,0.014766286
2559,0.026501471
2560,0.027951175
2561,0.017757151
2562,-0.00072495564
2563,0.018596122
2564,0.03172538
2565,0.031953685
2566,0.018590696
2567,0.00022622864
2568,0.016581047
2569,0.03129086
2570,0.034297436
2571,0.024724042
2572,0.0039779497
2573,0.017710527
2574,0.035263527
2575,0.038334597
2576,0.027669797
2577,0.0092790825
2578,0.00948538
2579,0.020468049
2580,0.022619877
2581,0.017615996
2582,0.009945939
2583,0.002844935
2584,0.0029548774
2585,0.011256605
2586,0.020908454
2587,0.029421214
2588,0.031945895
2589,0.021448147
2590,0.0015236011
2591,0.026634756
2592,0.044587027
2593,0.044925265
2594,0.015964521
2595,0.027085727
2596,0.07316189
2597,0.09383298
2598,0.08086099
2599,0.045194253
2600,0.0064599914
2601,0.03932313
2602,0.044299345
2603,0.02039255
2604,0.013504763
2605,0.046419658
2606,0.06345805
2607,0.059458442
2608,0.042182006
2609,0.01554544
2610,0.0036513207
2611,0.012682392
2612,0.015054696
2613,0.0093911495
2614,0.0012415615
2615,0.0074334187
2616,0.01669189
2617,0.024003886
2618,0.026095131
2619,0.022375511
2620,0.014407392
2621,0.0015227994
2622,0.008397788
2623,0.013985103
2624,0.010848826
2625,0.00016075658
2626,0.013921689
2627,0.026297476
2628,0.0297906
2629,0.023707187
2630,0.008321647
2631,0.0060322406
2632,0.011857679
2633,0.0034548845
2634,0.012465602
2635,0.025171261
2636,0.02661455
2637,0.016355576
2638,0.0035397047
2639,0.0012923166
2640,0.000784096
2641,0.0046155932
2642,0.005120172
2643,0.0021900253
2644,0.00026949155
2645,0.00068971515
2646,0.0035388728
2647,0.003907358
2648,0.00024366345
2649,0.0051151356
2650,0.008685885
2651,0.004518691
2652,0.006602282
2653,0.02200387
2654,0.0316089
2655,0.028160384
2656,0.007958869
2657,0.0156134805
2658,0.026878642
2659,0.017932551
2660,0.009661535
2661,0.046573214
2662,0.06799827
2663,0.059447378
2664,0.030844586
2665,0.0068601305
2666,0.028103732
2667,0.029768998
2668,0.010821184
2669,0.0131077105
2670,0.037098523
2671,0.049926605
2672,0.0517949
2673,0.040471014
2674,0.017041143
2675,0.009803803
2676,0.029822756
2677,0.037213337
2678,0.026174119
2679,0.0018475988
2680,0.026502918
2681,0.04972275
2682,0.05385781
2683,0.03399107
2684,0.00081969483
2685,0.033817936
2686,0.057699505
2687,0.052426074
2688,0.0246401
2689,0.013987243
2690,0.050757643
2691,0.06646987
2692,0.047535602
2693,0.008060135
2694,0.035039127
2695,0.05869985
2696,0.04957487
2697,0.013068338
2698,0.028009461
2699,0.057334688
2700,0.057786744
2701,0.028881209
2702,0.017205887
2703,0.050824896
2704,0.060953155
2705,0.040804874
2706,0.0062311003
2707,0.059876937
2708,0.08064613
2709,0.058475573
2710,0.0075145946
2711,0.06470505
2712,0.08367835
2713,0.051098216
2714,0.020016393
2715,0.09242179
2716,0.11249239
2717,0.06845093
2718,0.007616959
2719,0.08017205
2720,0.110986255
2721,0.07226712
2722,0.00081519526
2723,0.08006327
2724,0.12569286
2725,0.095357634
2726,0.018556504
2727,0.07092261
2728,0.113266386
2729,0.10350617
2730,0.024681749
2731,0.06535335
2732,0.1275304
2733,0.13418627
2734,0.09016203
2735,0.00063309236
2736,0.04943431
2737,0.05764267
2738,0.023021124
2739,0.027027646
2740,0.066968285
2741,0.081006326
2742,0.066272624
2743,0.032099374
2744,0.011188773
2745,0.034146007
2746,0.02918816
2747,0.0031709026
2748,0.025539827
2749,0.043335225
2750,0.04071946
2751,0.0272044
2752,0.005003681
2753,0.012727803
2754,0.016411772
2755,0.008301009
2756,0.003995637
2757,0.014586922
2758,0.017243285
2759,0.013436592
2760,0.003988167
2761,0.003430434
2762,0.008338972
2763,0.006091316
2764,0.00090908946
2765,0.0038996933
2766,0.0072091073
2767,0.007277525
2768,0.0049993373
2769,0.0014889985
2770,0.0034316084
2771,0.0065092584
2772,0.0066429623
2773,0.0020542655
2774,0.0045508463
2775,0.00993382
2776,0.010104022
2777,0.0012428525
2778,0.009562301
2779,0.011577864
2780,0.004448689
2781,0.0069070333
2782,0.01542905
2783,0.012736352
2784,0.0023504638
2785,0.007276481
2786,0.01075362
2787,0.006981602
2788,0.0020994798
2789,0.011684768
2790,0.014866397
2791,0.009632962
2792,0.0005572718
2793,0.0093944315
2794,0.01507171
2795,0.013475128
2796,0.0057899766
2797,0.003454992
2798,0.011826561
2799,0.015521965
2800,0.0139443055
2801,0.008111146
2802,0.00147209
2803,0.012533781
2804,0.023793034
2805,0.03347092
2806,0.032026652
2807,0.016337235
2808,0.00974247
2809,0.040412277
2810,0.06030375
2811,0.056971814
2812,0.023150263
2813,0.031777073
2814,0.0651372
2815,0.07678486
2816,0.043732144
2817,0.019600928
2818,0.09062256
2819,0.13259022
2820,0.12057875
2821,0.043484766
2822,0.051415227
2823,0.11913759
2824,0.1324146
2825,0.07259494
2826,0.0210919
2827,0.1184681
2828,0.17535062
2829,0.15144247
2830,0.075699255
2831,0.011445931
2832,0.088729896
2833,0.11622692
2834,0.07693404
2835,0.003030206
2836,0.09297086
2837,0.1468964
2838,0.15420854
2839,0.10572176
2840,0.039399516
2841,0.023369337
2842,0.068413116
2843,0.08097945
2844,0.06174676
2845,0.019952523
2846,0.022140538
2847,0.069057815
2848,0.10203543
2849,0.11229684
2850,0.084701374
2851,0.01628229
2852,0.050586972
2853,0.12409939
2854,0.12922855
2855,0.08145135
2856,0.014549313
2857,0.12195761
2858,0.17495768
2859,0.15727416
2860,0.06324632
2861,0.042616
2862,0.15609539
2863,0.15968311
2864,0.09199179
2865,0.020967975
2866,0.14144197
2867,0.20502426
2868,0.19329052
2869,0.11572246
2870,0.004126783
2871,0.08167445
2872,0.117854536
2873,0.08449876
2874,0.009163269
2875,0.06261981
2876,0.11015199
2877,0.117766775
2878,0.082000144
2879,0.028236698
2880,0.011429103
2881,0.029073942
2882,0.03267055
2883,0.020338196
2884,0.0050557097
2885,0.0061703245
2886,0.013858028
2887,0.01677802
2888,0.016620282
2889,0.015758948
2890,0.014810776
2891,0.013404244
2892,0.011049927
2893,0.006371951
2894,0.006463339
2895,0.021405762
2896,0.041072797
2897,0.054477718
2898,0.048390083
2899,0.02235768
2900,0.013609007
2901,0.05097362
2902,0.072136566
2903,0.058530003
2904,0.018724615
2905,0.03564271
2906,0.07973059
2907,0.10158029
2908,0.08029107
2909,0.025185747
2910,0.043502238
2911,0.10372914
2912,0.12313055
2913,0.08971272
2914,0.0227401
2915,0.057344463
2916,0.08828842
2917,0.06636722
2918,0.0018703317
2919,0.059865233
2920,0.091059655
2921,0.07480354
2922,0.03147323
2923,0.031845942
2924,0.059554383
2925,0.044263992
2926,0.00039277715
2927,0.04297911
2928,0.06433934
2929,0.0433713
2930,0.0015075249
2931,0.047676723
2932,0.058260772
2933,0.036352534
2934,0.013342405
2935,0.061039735
2936,0.07052827
2937,0.037886977
2938,0.051166262
2939,0.123275205
2940,0.14249882
2941,0.08567669
2942,0.017717326
2943,0.1310852
2944,0.17672272
2945,0.12668206
2946,0.0017020827
2947,0.16051614
2948,0.21856761
2949,0.17243116
2950,0.02239001
2951,0.13401327
2952,0.23606257
2953,0.24438755
2954,0.15047407
2955,0.023251953
2956,0.09464102
2957,0.14618409
2958,0.10282807
2959,-0.003231541
2960,0.10615317
2961,0.16437003
2962,0.1461857
2963,0.068570435
2964,0.02290833
2965,0.08402396
2966,0.092213176
2967,0.035216637
2968,0.03937921
2969,0.10061795
2970,0.119316824
2971,0.09276597
2972,0.036461342
2973,0.005703453
2974,0.018773912
2975,0.0031868254
2976,0.023908153
2977,0.040017948
2978,0.037643705
2979,0.01671926
2980,0.0070391833
2981,0.012603236
2982,0.002226411
2983,0.016195001
2984,0.030846242
2985,0.029772
2986,0.01579604
2987,0.00080903183
2988,0.012287286
2989,0.008392548
2990,0.004842584
2991,0.020380216
2992,0.028530374
2993,0.025916735
2994,0.013430646
2995,0.00080371567
2996,0.004451013
2997,0.002818296
2998,0.0025941678
2999,0.0074900244
3000,0.008331572
3001,0.005463252
3002,0.0020996602
3003,0.00020747686
3004,4.0676252e-05
3005,7.104031e-05
3006,0.00074215047
3007,0.0015683426
3008,0.0010804224
3009,0.0012098819
3010,0.0042936103
3011,0.0055794334
3012,0.0044241617
3013,0.0011159186
3014,0.0027174084
3015,0.0052697402
3016,0.0058000665
3017,0.0050129993
3018,0.0018188043
3019,0.0025029336
3020,0.00870742
3021,0.015540088
3022,0.019903501
3023,0.020085745
3024,0.012199494
3025,0.0009400195
3026,0.01863496
3027,0.022736149
3028,0.010432432
3029,0.01643523
3030,0.048120454
3031,0.06736803
3032,0.06556341
3033,0.037624203
3034,0.00403784
3035,0.012453764
3036,0.012201179
3037,0.0023507462
3038,0.020396158
3039,0.03091496
3040,0.029620508
3041,0.02234511
3042,0.013104897
3043,0.005035238
3044,0.0010361612
3045,0.005547203
3046,0.008212497
3047,0.008155721
3048,0.004053349
3049,0.0041313046
3050,0.015314171
3051,0.023922203
3052,0.024674822
3053,0.017679323
3054,0.004077848
3055,0.007904076
3056,0.012867264
3057,0.0086217085
3058,0.0017221179
3059,0.015296266
3060,0.0247132
3061,0.026822237
3062,0.019303223
3063,0.0076222336
3064,0.006298241
3065,0.011871466
3066,0.0075933128
3067,0.0021805621
3068,0.01247945
3069,0.017683303
3070,0.01586207
3071,0.010969476
3072,0.005165569
3073,0.0018335938
3074,0.00022453479
3075,0.00044049488
3076,0.00082705356
3077,0.0016759917
3078,0.0032407
3079,0.005512901
3080,0.007434465
3081,0.00797104
3082,0.005159302
3083,0.0017889442
3084,0.012481724
3085,0.02270868
3086,0.025909642
3087,0.020472571
3088,0.006181346
3089,0.009077798
3090,0.023137748
3091,0.024768097
3092,0.015211027
3093,0.00228715
3094,0.027736964
3095,0.052166857
3096,0.070104666
3097,0.07774032
3098,0.06379414
3099,0.037473757
3100,-0.00022713958
3101,0.03778873
3102,0.049095947
3103,0.03213596
3104,0.011978356
3105,0.08212014
3106,0.14508022
3107,0.18332675
3108,0.16193685
3109,0.08847777
3110,0.0042620166
3111,0.075302064
3112,0.09287667
3113,0.03390733
3114,0.07015132
3115,0.18881898
3116,0.25988597
3117,0.24086589
3118,0.15934946
3119,0.03450304
3120,0.06545509
3121,0.11200299
3122,0.09098231
3123,0.01577054
3124,0.085278094
3125,0.19906342
3126,0.28227502
3127,0.28810456
3128,0.2223241
3129,0.08261364
3130,0.045372095
3131,0.11930502
3132,0.09395846
3133,0.021433428
3134,0.19509815
3135,0.32189086
3136,0.3447931
3137,0.25709024
3138,0.10445286
3139,0.033068117
3140,0.104042955
3141,0.09034673
3142,0.012170022
3143,0.091496155
3144,0.18876672
3145,0.23062977
3146,0.21385083
3147,0.12018703
3148,0.024493191
3149,0.058257733
3150,0.075435184
3151,0.035485346
3152,0.043563772
3153,0.13111797
3154,0.18098721
3155,0.18337917
3156,0.13143647
3157,0.04839061
3158,0.030500239
3159,0.051193573
3160,0.009296952
3161,0.06456412
3162,0.13573642
3163,0.1614747
3164,0.12553866
3165,0.06425715
3166,0.0025215296
3167,0.02925298
3168,0.011207482
3169,0.035842467
3170,0.086785614
3171,0.110109866
3172,0.09028004
3173,0.040870737
3174,0.0072696623
3175,0.029300889
3176,0.019278284
3177,0.016177757
3178,0.05950852
3179,0.08724446
3180,0.08407625
3181,0.05822794
3182,0.023560446
3183,0.0048844833
3184,0.01565104
3185,0.008706729
3186,0.0073219417
3187,0.028491165
3188,0.044120185
3189,0.046397712
3190,0.03365026
3191,0.01767183
3192,0.000759262
3193,0.013342871
3194,0.013120964
3195,-8.997193e-05
3196,0.02219663
3197,0.04098919
3198,0.049814884
3199,0.042942114
3200,0.026303139
3201,0.004224639
3202,0.01818383
3203,0.02545613
3204,0.01773148
3205,0.0029579254
3206,0.039864976
3207,0.07948793
3208,0.0994436
3209,0.09912378
3210,0.061796434
3211,0.007213866
3212,0.024674997
3213,0.025669545
3214,0.013334157
3215,0.076319985
3216,0.12745368
3217,0.13954282
3218,0.09091249
3219,0.03409656
3220,0.0145095885
3221,0.02706458
3222,0.00030103477
3223,0.038112387
3224,0.06781729
3225,0.076322995
3226,0.065018125
3227,0.035863724
3228,0.009600957
3229,0.013209716
3230,0.018427582
3231,0.0081996815
3232,0.01185645
3233,0.038021628
3234,0.056603674
3235,0.0561651
3236,0.041218955
3237,0.018466234
3238,0.005727566
3239,0.014044013
3240,0.0053086616
3241,0.01152598
3242,0.028758114
3243,0.03774782
3244,0.03270672
3245,0.018851437
3246,0.006134785
3247,0.0048886104
3248,0.0069653373
3249,0.0023054793
3250,0.005405884
3251,0.013170181
3252,0.016429858
3253,0.01508931
3254,0.009015348
3255,0.0032155097
3256,0.0029937618
3257,0.0055949218
3258,0.004372367
3259,0.00031134585
3260,0.0076114433
3261,0.013234358
3262,0.014707483
3263,0.009055561
3264,0.00068337715
3265,0.0070645013
3266,0.0095455395
3267,0.0053580333
3268,0.0032318495
3269,0.012938332
3270,0.01696513
3271,0.012457967
3272,0.0036934123
3273,0.011410094
3274,0.022568028
3275,0.021267384
3276,0.0073137498
3277,0.015040921
3278,0.035264317
3279,0.03557954
3280,0.019535324
3281,0.020346144
3282,0.049823813
3283,0.052124497
3284,0.028703727
3285,0.012120811
3286,0.056991894
3287,0.083095595
3288,0.07654579
3289,0.03328737
3290,0.010303505
3291,0.042115998
3292,0.04799715
3293,0.02472135
3294,0.008867638
3295,0.04115788
3296,0.05540259
3297,0.049885944
3298,0.03297212
3299,0.013807843
3300,0.006914546
3301,0.019066906
3302,0.02175823
3303,0.02133299
3304,0.01681496
3305,0.009727223
3306,-0.00015064154
3307,0.010683693
3308,0.021722041
3309,0.029313542
3310,0.028286347
3311,0.020087292
3312,0.0012340222
3313,0.018511124
3314,0.02608603
3315,0.023863291
3316,0.011838306
3317,0.0019148395
3318,0.014289104
3319,0.020621043
3320,0.021608314
3321,0.019476589
3322,0.015653932
3323,0.00854591
3324,0.001657243
3325,0.007505209
3326,0.018490989
3327,0.02724741
3328,0.03244604
3329,0.026409632
3330,0.013874844
3331,0.0041521005
3332,0.025899706
3333,0.043395862
3334,0.048815355
3335,0.04233036
3336,0.012370632
3337,0.02353136
3338,0.05657682
3339,0.085391834
3340,0.0856163
3341,0.051494703
3342,0.003703783
3343,0.07124334
3344,0.12301294
3345,0.12897407
3346,0.09847331
3347,0.037698273
3348,0.034317907
3349,0.09688845
3350,0.10161595
3351,0.05458201
3352,0.023601655
3353,0.115427874
3354,0.1713916
3355,0.15270333
3356,0.06716101
3357,0.055413388
3358,0.12456363
3359,0.13694368
3360,0.059247
3361,0.057179827
3362,0.1519665
3363,0.15412693
3364,0.071783066
3365,0.04643375
3366,0.112835735
3367,0.10968443
3368,0.036274675
3369,0.062419258
3370,0.13791677
3371,0.14808935
3372,0.09609737
3373,0.00027511833
3374,0.05612016
3375,0.067975655
3376,0.026464662
3377,0.03511851
3378,0.089212954
3379,0.098058514
3380,0.0589377
3381,0.00087877706
3382,0.05382103
3383,0.06585757
3384,0.0402845
3385,0.00056805543
3386,0.036710944
3387,0.05378664
3388,0.049956236
3389,0.03580232
3390,0.020057533
3391,0.0039329077
3392,0.01085808
3393,0.027649866
3394,0.041241966
3395,0.046965234
3396,0.04089896
3397,0.018076725
3398,0.015773114
3399,0.057044107
3400,0.08738223
3401,0.09404661
3402,0.0653866
3403,0.014443471
3404,0.026052732
3405,0.0564671
3406,0.05039311
3407,0.011501815
3408,0.04235049
3409,0.09016896
3410,0.10423057
3411,0.08418074
3412,0.0273592
3413,0.029352967
3414,0.055194907
3415,0.034432985
3416,0.007321042
3417,0.051571913
3418,0.07132797
3419,0.064940214
3420,0.038941972
3421,0.011814799
3422,0.0053643254
3423,0.010020701
3424,0.00578583
3425,0.00031003114
3426,0.005987247
3427,0.009876357
3428,0.011725863
3429,0.011853187
3430,0.009665406
3431,0.0068537835
3432,0.002982381
3433,0.00011816857
3434,0.0014178621
3435,0.00077185646
3436,0.001297246
3437,0.0034831972
3438,0.004153789
3439,0.003176591
3440,0.0015957835
3441,0.00023164031
3442,0.00020371363
3443,0.00018848728
3444,0.00082524645
3445,0.0010444745
3446,0.0007702057
3447,0.00023819832
3448,0.00020818364
3449,0.00028312468
3450,-4.143658e-09
3451,0.00037742825
3452,0.0005294899
3453,0.00040144543
3454,0.00017652726
3455,2.7363949e-05
3456,2.5286652e-06
3457,0.0001133301
3458,0.00042395477
3459,0.00059112563
3460,7.180992e-05
3461,0.0021100119
3462,0.005013798
3463,0.005495904
3464,0.00062372116
3465,0.009948185
3466,0.020693744
3467,0.024171898
3468,0.018044744
3469,0.0044160676
3470,0.0069003436
3471,0.007917066
3472,0.0017460536
3473,0.0073865675
3474,0.01568848
3475,0.020191314
3476,0.021856058
3477,0.019965969
3478,0.015178112
3479,0.006557874
3480,0.0029023313
3481,0.0097304545
3482,0.0062500737
3483,0.0072679333
3484,0.028558802
3485,0.045085125
3486,0.048927538
3487,0.036298905
3488,0.016108507
3489,0.00016223252
3490,0.004429772
3491,0.0010302195
3492,0.010884407
3493,0.017620755
3494,0.017642302
3495,0.011696253
3496,0.004597902
3497,0.000585833
3498,0.00011024174
3499,0.0011263876
3500,0.0012270921
3501,8.763655e-05
3502,0.00014893628
3503,0.0027875402
3504,0.0061493544
3505,0.0064824135
3506,0.0023477306
3507,0.0023864387
3508,0.003190835
3509,0.0016184074
3510,0.009514052
3511,0.015441578
3512,0.015678145
3513,0.011776241
3514,0.007157188
3515,0.0022488195
3516,0.0013078302
3517,0.003857617
3518,0.0053958003
3519,0.0055529187
3520,0.0030245346
3521,0.0029742871
3522,0.013695716
3523,0.025652826
3524,0.033199012
3525,0.03210328
3526,0.02160612
3527,0.006191997
3528,0.004336435
3529,0.006209199
3530,0.0016116607
3531,0.015510436
3532,0.028129693
3533,0.03253725
3534,0.02770817
3535,0.01657567
3536,0.0054681376
3537,0.0005572898
3538,0.00082741363
3539,0.0016530028
3540,0.003421516
3541,0.0029975888
3542,0.0014379604
3543,0.00012694957
3544,0.00041450525
3545,0.0005943598
3546,0.00010019283
3547,0.0018172521
3548,0.005544314
3549,0.0084809195
3550,0.008757969
3551,0.002807796
3552,0.004153883
3553,0.0082411915
3554,0.0043323548
3555,0.0049029225
3556,0.017167915
3557,0.026422566
3558,0.028050436
3559,0.02200495
3560,0.011563601
3561,0.0002271591
3562,0.0065395297
3563,0.010094096
3564,0.0076622344
3565,0.0008871339
3566,0.016579086
3567,0.03295736
3568,0.043899376
3569,0.041660275
3570,0.028894434
3571,0.008915698
3572,0.008611938
3573,0.011991829
3574,0.001427833
3575,0.027266048
3576,0.04988702
3577,0.056691304
3578,0.045123983
3579,0.025473973
3580,0.004578334
3581,0.0045569045
3582,0.003918205
3583,0.002064259
3584,0.009335093
3585,0.014047504
3586,0.015479169
3587,0.015066841
3588,0.012229648
3589,0.008469845
3590,0.0031862801
3591,0.0016126537
3592,0.0038896115
3593,0.0023724607
3594,0.003327344
3595,0.010832059
3596,0.015010913
3597,0.01453202
3598,0.008216789
3599,0.0012786511
3600,0.0028220934
3601,0.0018359574
3602,0.002720315
3603,0.007935596
3604,0.011011264
3605,0.010477224
3606,0.007395661
3607,0.0023853732
3608,0.0016399527
3609,0.0032237289
3610,0.00078380364
3611,0.006218869
3612,0.016266057
3613,0.024014393
3614,0.020745557
3615,0.008333454
3616,0.0030832088
3617,0.0057636737
3618,0.0049878503
3619,0.02249661
3620,0.034868427
3621,0.033140298
3622,0.016480125
3623,0.00104806
3624,0.0033828712
3625,0.0019073783
3626,0.011057012
3627,0.015633874
3628,0.012909167
3629,0.0068552312
3630,0.001986244
3631,1.7638022e-06
3632,0.000111076246
3633,0.00020632341
3634,0.00028680864
3635,8.7220425e-05
3636,8.072147e-05
3637,0.00017089979
3638,0.0002869547
3639,0.00040950757
3640,0.00035677024
3641,1.6991246e-05
3642,0.0007381711
3643,0.0014886126
3644,0.0017813775
3645,0.0014379225
3646,0.00071866944
3647,0.00015345514
3648,5.120368e-05
3649,4.9911636e-05
3650,4.55189e-05
3651,9.999981e-05
3652,0.00012605055
3653,0.00022575255
3654,0.0005684871
3655,0.0013848614
3656,0.0019868722
3657,0.0015138928
3658,0.0012369478
3659,0.006719333
3660,0.013063697
3661,0.015223368
3662,0.012692954
3663,0.0039582653
3664,0.0072225505
3665,0.012188077
3666,0.0049123517
3667,0.013859798
3668,0.036023177
3669,0.049197942
3670,0.04132517
3671,0.022874057
3672,0.0027326203
3673,0.019025916
3674,0.014906463
3675,0.0036245594
3676,0.028511964
3677,0.04414166
3678,0.04314726
3679,0.031990968
3680,0.01237609
3681,0.005960322
3682,0.014473745
3683,0.012309631
3684,-0.00037298462
3685,0.016928619
3686,0.032487463
3687,0.041488707
3688,0.03666976
3689,0.020961087
3690,0.0009660016
3691,0.015461591
3692,0.018431429
3693,0.0020168452
3694,0.02466872
3695,0.05552804
3696,0.07398304
3697,0.066459544
3698,0.04131524
3699,0.0014904368
3700,0.027502231
3701,0.030172294
3702,0.0014363568
3703,0.063634805
3704,0.12676273
3705,0.15858467
3706,0.13384518
3707,0.06761645
3708,0.010742217
3709,0.04717187
3710,0.011329176
3711,0.06951923
3712,0.15597805
3713,0.19458029
3714,0.1587468
3715,0.06739891
3716,0.02141767
3717,0.06314823
3718,0.05033389
3719,0.01709878
3720,0.10758623
3721,0.1702308
3722,0.17264809
3723,0.118431725
3724,0.034209706
3725,0.026029114
3726,0.050907414
3727,0.03511936
3728,0.009222691
3729,0.05925333
3730,0.091214046
3731,0.09851301
3732,0.08333259
3733,0.053938657
3734,0.026356323
3735,0.0012251895
3736,0.01874969
3737,0.023680966
3738,0.017873159
3739,0.0019406797
3740,0.016631655
3741,0.035357106
3742,0.047270186
3743,0.050931536
3744,0.046281703
3745,0.025650308
3746,0.00026695518
3747,0.028891983
3748,0.04105963
3749,0.031128554
3750,0.0014921684
3751,0.051530205
3752,0.086862095
3753,0.09463807
3754,0.05816213
3755,0.010688456
3756,0.026348306
3757,0.03571715
3758,0.017441325
3759,0.015468257
3760,0.049234748
3761,0.06668075
3762,0.06226751
3763,0.039107483
3764,0.012643145
3765,0.006140867
3766,0.015107446
3767,0.009416981
3768,0.0042274585
3769,0.017852146
3770,0.024378369
3771,0.021624103
3772,0.014189395
3773,0.0061410065
3774,0.0011607488
3775,0.00012554643
3776,0.00044740344
3777,0.0008311341
3778,0.00038542371
3779,9.40081e-05
3780,0.00016395962
3781,0.0012343727
3782,0.0019469517
3783,0.00065163925
3784,0.002625165
3785,0.007364868
3786,0.011406843
3787,0.0068950616
3788,0.005241626
3789,0.02435505
3790,0.04044558
3791,0.044232186
3792,0.032412283
3793,0.0077595375
3794,0.021288155
3795,0.037217893
3796,0.028111666
3797,0.0028815467
3798,0.053637348
3799,0.096721075
3800,0.11706381
3801,0.08889486
3802,0.037056692
3803,0.015244039
3804,0.051005952
3805,0.052271288
3806,0.01565947
3807,0.038569044
3808,0.09668112
3809,0.13226223
3810,0.13491869
3811,0.10288676
3812,0.049401496
3813,0.014805698
3814,0.057568897
3815,0.075035594
3816,0.04529635
3817,0.024250083
3818,0.1103109
3819,0.17087007
3820,0.1836081
3821,0.13159755
3822,0.053486694
3823,0.037407152
3824,0.072430454
3825,0.056549214
3826,-0.0013799961
3827,0.07364812
3828,0.13133678
3829,0.15019594
3830,0.13000703
3831,0.074567184
3832,0.012295328
3833,0.025842924
3834,0.03209337
3835,0.012319635
3836,0.019717343
3837,0.04864183
3838,0.061085608
3839,0.055552244
3840,0.034997232
3841,0.016227672
3842,0.0026518246
3843,0.0029958987
3844,0.0017865915
3845,0.0011054358
3846,0.003000547
3847,0.002899314
3848,0.0017460855
3849,0.00040583874
3850,0.00057502335
3851,0.0014241136
3852,0.0021083883
3853,0.0020684816
3854,0.00088871503
3855,0.0018962418
3856,0.005412478
3857,0.00785526
3858,0.0067411186
3859,0.0018545941
3860,0.005162836
3861,0.010183487
3862,0.011000705
3863,0.0047830506
3864,0.0052865194
3865,0.016579235
3866,0.024622014
3867,0.027134933
3868,0.02154226
3869,0.010654208
3870,0.00087768806
3871,0.009140675
3872,0.012943113
3873,0.0074984715
3874,0.005604342
3875,0.0236266
3876,0.03716883
3877,0.037665166
3878,0.023104046
3879,0.0048154755
3880,0.011379268
3881,0.016560797
3882,0.002499896
3883,0.021143451
3884,0.043337427
3885,0.046400502
3886,0.034461707
3887,0.009023622
3888,0.008455123
3889,0.007086857
3890,0.009255665
3891,0.024840724
3892,0.02596894
3893,0.0113469325
3894,0.008050573
3895,0.012850533
3896,4.728872e-05
3897,0.019991586
3898,0.029574435
3899,0.019043364
3900,0.010421427
3901,0.03332211
3902,0.034906097
3903,0.0055675902
3904,0.040703397
3905,0.0758765
3906,0.06609734
3907,0.0006527176
3908,0.08382896
3909,0.14245522
3910,0.120579824
3911,0.024615526
3912,0.10091593
3913,0.19681884
3914,0.18565294
3915,0.05201693
3916,0.11038303
3917,0.20504433
3918,0.20742106
3919,0.093778335
3920,0.07927858
3921,0.25287962
3922,0.34463772
3923,0.29804358
3924,0.12867191
3925,0.059391435
3926,0.15770975
3927,0.16734402
3928,0.04952456
3929,0.11252111
3930,0.24359293
3931,0.28816703
3932,0.22089191
3933,0.079599515
3934,0.043668237
3935,0.104474425
3936,0.096104264
3937,0.024079526
3938,0.06693229
3939,0.14654285
3940,0.17428021
3941,0.14918111
3942,0.069241144
3943,0.012618543
3944,0.059042085
3945,0.060791112
3946,0.016945168
3947,0.040352657
3948,0.08538414
3949,0.08974775
3950,0.05108837
3951,0.0071233716
3952,0.04563238
3953,0.057831954
3954,0.04304491
3955,0.0055034896
3956,0.03317508
3957,0.058131475
3958,0.055790693
3959,0.02877329
3960,0.009240326
3961,0.03493992
3962,0.047129963
3963,0.031112123
3964,0.0016188113
3965,0.027417425
3966,0.044484515
3967,0.04105749
3968,0.02647592
3969,3.6153683e-06
3970,0.01815884
3971,0.022575004
3972,0.018155787
3973,0.007924401
3974,0.0017593375
3975,0.009022254
3976,0.012745333
3977,0.014139303
3978,0.01454483
3979,0.013536332
3980,0.00821976
3981,0.0032198317
3982,0.026629174
3983,0.056298595
3984,0.07713261
3985,0.07372056
3986,0.037116807
3987,0.019930946
3988,0.07917979
3989,0.110239096
3990,0.08978555
3991,0.01701005
3992,0.07098985
3993,0.124766804
3994,0.1291205
3995,0.08280623
3996,0.005580347
3997,0.06692044
3998,0.12280679
3999,0.1306267
4000,0.09451298
4001,0.029988667
4002,0.04647971
4003,0.09576542
4004,0.11827442
4005,0.08872571
4006,0.022467814
4007,0.046083964
4008,0.10468851
4009,0.12212733
4010,0.09877428
4011,0.051378768
4012,0.014133177
4013,0.056068894
4014,0.06631556
4015,0.050140593
4016,0.015298736
4017,0.022495667
4018,0.056269657
4019,0.07366667
4020,0.07415391
4021,0.054369897
4022,0.022032201
4023,0.010405157
4024,0.039615802
4025,0.048438817
4026,0.043603864
4027,0.023387266
4028,0.004046388
4029,0.036288537
4030,0.06068152
4031,0.070454374
4032,0.054208525
4033,0.018319383
4034,0.013565957
4035,0.04158525
4036,0.04200271
4037,0.018671645
4038,0.016149845
4039,0.051608212
4040,0.06620343
4041,0.047034197
4042,0.016063794
4043,0.025672706
4044,0.046792854
4045,0.032718625
4046,0.0054786648
4047,0.04226694
4048,0.056918304
4049,0.039985117
4050,0.008504273
4051,0.013529758
4052,0.016130628
4053,-0.00044097521
4054,0.019898739
4055,0.0260193
4056,0.018285457
4057,0.0013447106
4058,0.0068028593
4059,0.004595819
4060,0.0023344883
4061,0.0078021945
4062,0.007831256
4063,0.0024536578
4064,0.0019434511
4065,0.0027112763
4066,0.0010928451
4067,0.0014544341
4068,0.003276094
4069,0.0031335715
4070,0.0011299337
4071,0.001940688
4072,0.0054261875
4073,0.008699638
4074,0.009195584
4075,0.004812425
4076,0.0032648363
4077,0.012883085
4078,0.014346348
4079,0.0061708214
4080,0.013552925
4081,0.033195287
4082,0.039297722
4083,0.022657791
4084,0.0066847214
4085,0.038908817
4086,0.057463378
4087,0.041390773
4088,0.0019416106
4089,0.029842561
4090,0.06375539
4091,0.061750486
4092,0.032069944
4093,0.011283213
4094,0.056124862
4095,0.075051345
4096,0.06026569
4097,0.012092245
4098,0.03157509
4099,0.06009927
4100,0.0729383
4101,0.041147195
4102,0.0068243956
4103,0.055681396
4104,0.08218328
4105,0.072186574
4106,0.02973325
4107,0.011681656
4108,0.052898046
4109,0.06809723
4110,0.062416695
4111,0.025455432
4112,0.020061245
4113,0.063755475
4114,0.08268918
4115,0.07259404
4116,0.035036594
4117,0.017981157
4118,0.07660695
4119,0.103842385
4120,0.07733712
4121,0.0127782235
4122,0.061413627
4123,0.1192562
4124,0.121094346
4125,0.050602682
4126,0.03549698
4127,0.10338946
4128,0.10614458
4129,0.048096888
4130,0.029613558
4131,0.09391768
4132,0.10677324
4133,0.07298453
4134,0.015457789
4135,0.038779862
4136,0.07318525
4137,0.055346046
4138,-0.000759633
4139,0.058549047
4140,0.09296019
4141,0.09025169
4142,0.03501397
4143,0.019430673
4144,0.06251436
4145,0.058352116
4146,0.027699837
4147,0.013388634
4148,0.055628046
4149,0.07924295
4150,0.06602286
4151,0.031072965
4152,0.02571543
4153,0.060544994
4154,0.06914513
4155,0.038028605
4156,0.010531792
4157,0.057157356
4158,0.0753862
4159,0.065756835
4160,0.023470948
4161,0.014499843
4162,0.04362832
4163,0.054349385
4164,0.042379078
4165,0.018800061
4166,0.0082226945
4167,0.038349763
4168,0.059312426
4169,0.06076465
4170,0.043037158
4171,0.0048033944
4172,0.049792476
4173,0.09094324
4174,0.08326519
4175,0.036142636
4176,0.035617366
4177,0.10531371
4178,0.12257396
4179,0.09717192
4180,0.009065131
4181,0.08144375
4182,0.121572934
4183,0.089125656
4184,0.016975865
4185,0.05474958
4186,0.10851961
4187,0.12457411
4188,0.086523004
4189,0.03548279
4190,0.024856098
4191,0.062881105
4192,0.05537018
4193,0.019851308
4194,0.028130302
4195,0.0711713
4196,0.080980614
4197,0.056225903
4198,0.011854708
4199,0.024854343
4200,0.052096874
4201,0.03738797
4202,0.0021724477
4203,0.029620007
4204,0.046240337
4205,0.042389363
4206,0.026364548
4207,0.0034492973
4208,0.014718676
4209,0.019645989
4210,0.017156292
4211,0.0063437275
4212,0.0059848535
4213,0.018536685
4214,0.023765108
4215,0.021258617
4216,0.012681042
4217,0.004419934
4218,0.017816415
4219,0.019306669
4220,0.012622639
4221,0.0009866261
4222,0.017079668
4223,0.02774465
4224,0.026343925
4225,0.012637521
4226,0.009279806
4227,0.02415758
4228,0.02635785
4229,0.013095776
4230,0.0064440006
4231,0.024995366
4232,0.03188409
4233,0.021697631
4234,0.0021076286
4235,0.01498768
4236,0.024868805
4237,0.026391288
4238,0.012701682
4239,0.0064763357
4240,0.024045717
4241,0.030243384
4242,0.024467489
4243,0.008861055
4244,0.0068732146
4245,0.02106881
4246,0.027422784
4247,0.021985143
4248,0.0071139424
4249,0.010654953
4250,0.02730257
4251,0.03621102
4252,0.031192884
4253,0.0063002263
4254,0.016197827
4255,0.032228764
4256,0.0347496
4257,0.009598884
4258,0.025325777
4259,0.055868417
4260,0.05930134
4261,0.033785935
4262,0.0067454134
4263,0.03890261
4264,0.04632903
4265,0.023519574
4266,0.014730697
4267,0.053750485
4268,0.06947014
4269,0.052031428
4270,0.013561253
4271,0.033571925
4272,0.050166216
4273,0.03695176
4274,0.0008750367
4275,0.04550956
4276,0.06900325
4277,0.063649386
4278,0.029009733
4279,0.011475466
4280,0.02906748
4281,0.026901808
4282,0.0043724836
4283,0.018918702
4284,0.034006394
4285,0.03147787
4286,0.016693998
4287,0.0021537892
4288,0.008057958
4289,0.008852295
4290,0.0040738024
4291,0.0018719296
4292,0.005842969
4293,0.0065463106
4294,0.0050282185
4295,0.0030276938
4296,0.0013856133
4297,0.00044900816
4298,3.620521e-05
4299,7.0899596e-06
4300,3.073374e-05
4301,0.00013496134
4302,0.0004932847
4303,0.000936161
4304,0.0007697591
4305,0.00033905753
4306,0.0017749872
4307,0.0017877348
4308,0.0024780855
4309,0.011708154
4310,0.01799333
4311,0.017715838
4312,0.006632342
4313,0.011758043
4314,0.030453939
4315,0.038653865
4316,0.027896453
4317,0.0045628645
4318,0.022678569
4319,0.036399808
4320,0.027009554
4321,0.0015216293
4322,0.027123742
4323,0.047202997
4324,0.052596815
4325,0.036950048
4326,0.011318047
4327,0.013992945
4328,0.040424246
4329,0.04625378
4330,0.034670357
4331,0.0054640253
4332,0.030689554
4333,0.064710684
4334,0.07627814
4335,0.061809424
4336,0.023401102
4337,0.031742983
4338,0.06920144
4339,0.06501536
4340,0.015543774
4341,0.058289338
4342,0.12633084
4343,0.14096108
4344,0.09768577
4345,0.030587997
4346,0.045347597
4347,0.06573149
4348,0.031712353
4349,0.03186432
4350,0.0957507
4351,0.12526034
4352,0.11388611
4353,0.06712895
4354,0.0140015
4355,0.020304997
4356,0.028583681
4357,0.015129718
4358,0.010362913
4359,0.040505838
4360,0.062429253
4361,0.06879061
4362,0.058702875
4363,0.03731514
4364,0.0137992175
4365,0.0060960017
4366,0.014248361
4367,0.011607198
4368,0.0002698052
4369,0.013056161
4370,0.027359257
4371,0.03765224
4372,0.041644443
4373,0.03421965
4374,0.017792234
4375,0.0019039629
4376,0.012203822
4377,0.020698238
4378,0.015506042
4379,0.004444652
4380,0.037082553
4381,0.067409225
4382,0.08524445
4383,0.07256982
4384,0.039546948
4385,0.0055105947
4386,0.031942856
4387,0.030589892
4388,0.0008715625
4389,0.051472194
4390,0.09136084
4391,0.10115529
4392,0.07486932
4393,0.03527161
4394,0.006459532
4395,0.031651177
4396,0.023411863
4397,0.0021248693
4398,0.03762213
4399,0.06226619
4400,0.063767254
4401,0.045687214
4402,0.0119803585
4403,0.013852764
4404,0.02253398
4405,0.0143533535
4406,0.0051897424
4407,0.026266284
4408,0.03683201
4409,0.03214209
4410,0.019175315
4411,0.0016597019
4412,0.010612015
4413,0.015151317
4414,0.009317673
4415,0.004884697
4416,0.021243664
4417,0.030024506
4418,0.025829947
4419,0.009079287
4420,0.0082801515
4421,0.015866596
4422,0.011861282
4423,0.0010632749
4424,0.015569138
4425,0.022829736
4426,0.021572374
4427,0.014197518
4428,0.0072364337
4429,0.0017683565
4430,0.0029374543
4431,0.0065981876
4432,0.010586144
4433,0.013966234
4434,0.013271602
4435,0.0056397235
4436,0.01117762
4437,0.037230648
4438,0.057386726
4439,0.054813534
4440,0.02639359
4441,0.01864872
4442,0.063330926
4443,0.061400462
4444,0.01564324
4445,0.060184915
4446,0.13613987
4447,0.16123138
4448,0.14188449
4449,0.07105457
4450,0.030566331
4451,0.08150619
4452,0.07865498
4453,0.0068880003
4454,0.08425907
4455,0.16793635
4456,0.1877785
4457,0.15317638
4458,0.083431944
4459,0.008544758
4460,0.031966206
4461,0.032680705
4462,0.00032464182
4463,0.032212567
4464,0.052758828
4465,0.057027508
4466,0.05019362
4467,0.038716163
4468,0.028508637
4469,0.01976912
4470,0.009886362
4471,0.0010981892
4472,0.0054837232
4473,0.009417163
4474,0.008606971
4475,0.003961881
4476,0.0008246938
4477,0.0067828563
4478,0.013071933
4479,0.02037114
4480,0.028259868
4481,0.03252496
4482,0.03222999
4483,0.019373994
4484,0.0018912404
4485,0.017182391
4486,0.016315507
4487,0.002224517
4488,0.035441548
4489,0.065105006
4490,0.07176246
4491,0.05534516
4492,0.026523013
4493,0.00062294415
4494,0.011661997
4495,0.009265006
4496,0.0022761766
4497,0.017814564
4498,0.029825415
4499,0.03366215
4500,0.025847916
4501,0.012621902
4502,0.0007019793
4503,0.004826577
4504,0.0029575136
4505,0.0024776864
4506,0.0077976724
4507,0.010412024
4508,0.010288476
4509,0.007937407
4510,0.005201941
4511,0.0013946682
4512,0.0023739475
4513,0.0044016154
4514,0.0033732702
4515,0.0035645028
4516,0.014879606
4517,0.023911351
4518,0.021632811
4519,0.003910016
4520,0.01689424
4521,0.022003349
4522,0.0012461529
4523,0.03256364
4524,0.055899255
4525,0.044458427
4526,0.0046866345
4527,0.030908603
4528,0.046259474
4529,0.028783731
4530,0.008573588
4531,0.051085874
4532,0.07626168
4533,0.067915045
4534,0.04461491
4535,0.01542255
4536,0.0081265615
4537,0.01428727
4538,0.0074624717
4539,0.0042050006
4540,0.014952588
4541,0.019972924
4542,0.020000558
4543,0.016274754
4544,0.01073078
4545,0.006307656
4546,0.0025924128
4547,0.00030277309
4548,0.0020472757
4549,0.0025046952
4550,0.002036481
4551,0.00088891404
4552,0.00023228172
4553,0.0009155013
4554,0.0008715393
4555,0.00029963593
4556,0.0002643438
4557,0.00045415107
4558,0.0001276364
4559,0.0022389584
4560,0.0054125804
4561,0.008471839
4562,0.0079733385
4563,0.0035088344
4564,0.0042667584
4565,0.010860537
4566,0.010765008
4567,0.003341973
4568,0.0065231933
4569,0.01516779
4570,0.018935015
4571,0.016910167
4572,0.011980448
4573,0.0057765422
4574,0.0008095504
4575,0.0061814054
4576,0.0091181025
4577,0.009394268
4578,0.0067272885
4579,0.0007458166
4580,0.0058666775
4581,0.01231991
4582,0.015568782
4583,0.014462851
4584,0.008449909
4585,0.0005128461
4586,0.007281828
4587,0.015153994
4588,0.020265484
4589,0.018427674
4590,0.010030478
4591,0.004080446
4592,0.020950194
4593,0.032796014
4594,0.032327875
4595,0.02033595
4596,0.004499898
4597,0.02189772
4598,0.024114877
4599,0.011365767
4600,0.0078028827
4601,0.024343168
4602,0.029689133
4603,0.024949662
4604,0.013787933
4605,0.00085354235
4606,0.0051878206
4607,0.005681968
4608,0.0017877211
4609,0.0025790394
4610,0.005974549
4611,0.007079022
4612,0.005456658
4613,0.0024712707
4614,0.00014513846
4615,0.0011397396
4616,0.0007280011
4617,0.000607297
4618,0.0015030674
4619,0.0010117562
4620,0.00042055827
4621,0.0015271053
4622,0.001295099
4623,0.0004980986
4624,0.002062441
4625,0.0014000206
4626,0.0020844531
4627,0.006604572
4628,0.009141822
4629,0.0077669113
4630,0.0021641129
4631,0.005031639
4632,0.011196717
4633,0.013170335
4634,0.009140053
4635,0.0022402657
4636,0.012203573
4637,0.02008738
4638,0.016939826
4639,0.0039856085
4640,0.014381261
4641,0.031511065
4642,0.038118694
4643,0.02745979
4644,0.007838688
4645,0.011523362
4646,0.020696038
4647,0.010753764
4648,0.008804387
4649,0.027581505
4650,0.034192994
4651,0.026442416
4652,0.014320285
4653,0.00097419537
4654,0.0042939167
4655,0.004016023
4656,0.0013535668
4657,0.0012051577
4658,0.003073839
4659,0.0043109977
4660,0.004991613
4661,0.005412219
4662,0.0043444047
4663,0.0020023296
4664,0.0008396084
4665,0.0024002315
4666,0.0003360285
4667,0.0050499532
4668,0.009224178
4669,0.007754204
4670,0.00055666827
4671,0.0067339884
4672,0.0064708344
4673,0.005141221
4674,0.021519886
4675,0.029947376
4676,0.021007493
4677,0.0055308575
4678,0.02783702
4679,0.03578922
4680,0.015975915
4681,0.020594813
4682,0.066867456
4683,0.09844346
4684,0.09321939
4685,0.046040185
4686,0.006060546
4687,0.04975633
4688,0.064373255
4689,0.02500485
4690,0.050963145
4691,0.1345552
4692,0.17308272
4693,0.16574149
4694,0.10654179
4695,0.003533814
4696,0.063471474
4697,0.075324975
4698,0.030488886
4699,0.0379816
4700,0.10566554
4701,0.14548121
4702,0.13466121
4703,0.102891035
4704,0.053000066
4705,0.006987741
4706,0.038764317
4707,0.04962038
4708,0.04057155
4709,0.014132114
4710,0.018873949
4711,0.06312558
4712,0.10206235
4713,0.1271158
4714,0.12039986
4715,0.074331634
4716,0.023905825
4717,0.03818035
4718,0.06501647
4719,0.05516704
4720,0.0044462634
4721,0.061358154
4722,0.124193095
4723,0.15353282
4724,0.13170783
4725,0.06555346
4726,0.0076567773
4727,0.06574958
4728,0.079485744
4729,0.045216527
4730,0.015342794
4731,0.08226791
4732,0.1234762
4733,0.11588317
4734,0.07715569
4735,0.022088282
4736,0.017749516
4737,0.031229272
4738,0.01881392
4739,0.008004147
4740,0.035994384
4741,0.05136214
4742,0.043878987
4743,0.0245471
4744,0.0024852392
4745,0.010047246
4746,0.00773887
4747,0.006567954
4748,0.020749263
4749,0.02186622
4750,0.010676912
4751,0.0061055627
4752,0.018358244
4753,0.013846112
4754,0.004145677
4755,0.028457815
4756,0.044121273
4757,0.036753003
4758,0.012257237
4759,0.029548896
4760,0.04989007
4761,0.037249945
4762,0.010236574
4763,0.07993187
4764,0.12926503
4765,0.12740226
4766,0.072306514
4767,0.0064272163
4768,0.07317852
4769,0.07318461
4770,-0.0005510547
4771,0.11025348
4772,0.21746293
4773,0.2455879
4774,0.18245624
4775,0.0852792
4776,0.020149311
4777,0.07288088
4778,0.044185154
4779,0.048457272
4780,0.16678086
4781,0.23907727
4782,0.22561193
4783,0.1416947
4784,0.03691938
4785,0.031165406
4786,0.0469765
4787,0.016070453
4788,0.029100467
4789,0.07029716
4790,0.090429224
4791,0.090576716
4792,0.07400138
4793,0.041397415
4794,0.012517699
4795,0.00784271
4796,0.019266173
4797,0.015248502
4798,-0.0003481887
4799,0.01898452
4800,0.03647445
4801,0.044481173
4802,0.043945473
4803,0.034768816
4804,0.018682346
4805,0.0011318506
4806,0.008004216
4807,0.011571431
4808,0.0067261234
4809,0.0025321469
4810,0.012919649
4811,0.019565495
4812,0.020697363
4813,0.018192092
4814,0.01240103
4815,0.006643265
4816,0.0011652111
4817,0.0021773092
4818,0.0038517648
4819,0.004639552
4820,0.006014182
4821,0.0073165726
4822,0.0076113744
4823,0.0056253998
4824,0.00010358589
4825,0.008150104
4826,0.019346073
4827,0.027477147
4828,0.025739145
4829,0.008555796
4830,0.021966748
4831,0.052167203
4832,0.06151622
4833,0.043697923
4834,0.001014615
4835,0.051162664
4836,0.09960532
4837,0.12269241
4838,0.10152447
4839,0.05744861
4840,0.012336749
4841,0.053230204
4842,0.06417453
4843,0.027268656
4844,0.03224989
4845,0.09465107
4846,0.12122411
4847,0.099804975
4848,0.036238726
4849,0.03730797
4850,0.07007064
4851,0.061705682
4852,0.017323365
4853,0.039763365
4854,0.08390755
4855,0.09598667
4856,0.07348706
4857,0.030380782
4858,0.005150675
4859,0.019488558
4860,0.012305217
4861,0.0022202176
4862,0.015617449
4863,0.02070393
4864,0.01667909
4865,0.009393319
4866,0.0012794369
4867,0.0012351777
4868,0.0002521595
4869,0.002517887
4870,0.0009073228
4871,0.0054286574
4872,0.010481695
4873,0.008072145
4874,0.0020480566
4875,0.013404689
4876,0.016236337
4877,0.0010176626
4878,0.03086462
4879,0.04672305
4880,0.04187292
4881,0.009500204
4882,0.029733611
4883,0.05814012
4884,0.046953887
4885,0.00775086
4886,0.05002432
4887,0.092268474
4888,0.093644485
4889,0.047808874
4890,0.023409477
4891,0.09129822
4892,0.114093736
4893,0.08245985
4894,0.00785152
4895,0.062207803
4896,0.11639429
4897,0.097007
4898,0.03007564
4899,0.05369287
4900,0.12154094
4901,0.13514507
4902,0.08128392
4903,0.021940695
4904,0.130134
4905,0.18040252
4906,0.1670379
4907,0.053688414
4908,0.085524
4909,0.20178269
4910,0.23318855
4911,0.1609971
4912,0.0014658929
4913,0.15763363
4914,0.21273488
4915,0.16042149
4916,0.030845363
4917,0.117830426
4918,0.21642804
4919,0.2129178
4920,0.11002378
4921,0.040522527
4922,0.1402644
4923,0.17603299
4924,0.11764969
4925,7.922342e-05
4926,0.10853041
4927,0.1781469
4928,0.1675935
4929,0.09940607
4930,0.0046061357
4931,0.07836025
4932,0.10889669
4933,0.09263531
4934,0.04116545
4935,0.021439422
4936,0.07969475
4937,0.10589829
4938,0.0987095
4939,0.05559344
4940,0.0005510463
4941,0.042817824
4942,0.06259813
4943,0.064750835
4944,0.04459644
4945,0.014849472
4946,0.018479714
4947,0.056088213
4948,0.08253643
4949,0.08355385
4950,0.05925471
4951,0.0104719
4952,0.06406526
4953,0.10316549
4954,0.1070415
4955,0.050852783
4956,0.030848075
4957,0.117909595
4958,0.16085894
4959,0.1339911
4960,0.03994725
4961,0.049504187
4962,0.118954144
4963,0.14405224
4964,0.091420956
4965,0.0064309207
4966,0.1218145
4967,0.20231085
4968,0.21705428
4969,0.15838169
4970,0.049048796
4971,0.049360596
4972,0.089040324
4973,0.06408829
4974,0.004323376
4975,0.054187827
4976,0.09616173
4977,0.105648026
4978,0.0889372
4979,0.05083256
4980,0.011862496
4981,0.016870834
4982,0.02790993
4983,0.02769508
4984,0.019292073
4985,0.0061663846
4986,0.0073851887
4987,0.022427948
4988,0.034655318
4989,0.040062614
4990,0.03798362
4991,0.023100104
4992,0.0051949257
4993,0.016194971
4994,0.029716764
4995,0.032222986
4996,0.016566945
4997,0.01123834
4998,0.040347386
4999,0.053682193
5000,0.048763845
5001,0.02505098
5002,0.0070205615
5003,0.027465913
5004,0.029923394
5005,0.016357891
5006,0.003238493
5007,0.02361967
5008,0.03429245
5009,0.0354437
5010,0.027441593
5011,0.014631166
5012,0.0017686189
5013,0.012024801
5014,0.01914102
5015,0.019321097
5016,0.010502763
5017,0.0053593097
5018,0.024661465
5019,0.03612169
5020,0.030209903
5021,0.002739522
5022,0.039719738
5023,0.05905545
5024,0.05237738
5025,0.0075677754
5026,0.047274448
5027,0.08565293
5028,0.07426844
5029,0.020551926
5030,0.053915545
5031,0.08540023
5032,0.059618678
5033,0.0010726822
5034,0.07441668
5035,0.11507691
5036,0.09341231
5037,0.025710585
5038,0.051907104
5039,0.08884146
5040,0.0764287
5041,0.022820458
5042,0.04237823
5043,0.0994659
5044,0.11535545
5045,0.09334812
5046,0.040051583
5047,0.018706407
5048,0.051585395
5049,0.046046022
5050,0.011609483
5051,0.036070224
5052,0.076027974
5053,0.090293676
5054,0.06914892
5055,0.027078753
5056,0.014206127
5057,0.03492804
5058,0.029150428
5059,-6.281881e-05
5060,0.031323243
5061,0.052870058
5062,0.049740028
5063,0.030611088
5064,0.0061941505
5065,0.01886337
5066,0.024307445
5067,0.014612725
5068,0.0038778773
5069,0.023698688
5070,0.035955478
5071,0.035830487
5072,0.023372987
5073,0.005218726
5074,0.008609742
5075,0.015957095
5076,0.012578671
5077,0.000665648
5078,0.013795319
5079,0.02691989
5080,0.033205546
5081,0.028956525
5082,0.014748227
5083,0.0015914034
5084,0.01457214
5085,0.021246668
5086,0.014979195
5087,0.00028883823
5088,0.022334123
5089,0.03990371
5090,0.04682976
5091,0.0319443
5092,0.0055965
5093,0.019712191
5094,0.030967087
5095,0.016550973
5096,0.020498442
5097,0.061590746
5098,0.082692
5099,0.061963093
5100,0.023431865
5101,0.016108269
5102,0.025995424
5103,0.0063616433
5104,0.026152162
5105,0.051642
5106,0.05696564
5107,0.041309576
5108,0.011223004
5109,0.009949493
5110,0.015364078
5111,0.005806523
5112,0.012292802
5113,0.030378897
5114,0.03642528
5115,0.03131621
5116,0.014690243
5117,0.006718895
5118,0.018895175
5119,0.012549321
5120,0.006112023
5121,0.028805213
5122,0.041770805
5123,0.0396025
5124,0.024393016
5125,0.005740625
5126,0.012037345
5127,0.018389063
5128,0.011199505
5129,0.00389613
5130,0.0217974
5131,0.033920527
5132,0.03498296
5133,0.024028892
5134,0.002434255
5135,0.018541494
5136,0.032571822
5137,0.030757518
5138,0.016945595
5139,0.0062853387
5140,0.033888113
5141,0.049578074
5142,0.048173655
5143,0.026983965
5144,0.007176217
5145,0.042469513
5146,0.06143727
5147,0.043509297
5148,-0.0002973053
5149,0.04855447
5150,0.08595842
5151,0.096078455
5152,0.07579567
5153,0.028731141
5154,0.025125643
5155,0.05773567
5156,0.068818495
5157,0.0419963
5158,0.011963289
5159,0.08360562
5160,0.14057885
5161,0.15983728
5162,0.118139416
5163,0.046925783
5164,0.021604607
5165,0.07059322
5166,0.05976137
5167,0.0016367543
5168,0.07378539
5169,0.1457679
5170,0.18003444
5171,0.15893716
5172,0.08883112
5173,0.0030953793
5174,0.055465627
5175,0.060129456
5176,0.020387642
5177,0.04464316
5178,0.11078772
5179,0.14055902
5180,0.13142422
5181,0.08844922
5182,0.034523338
5183,0.0060288217
5184,0.025919195
5185,0.014269557
5186,0.013111378
5187,0.049004342
5188,0.07570241
5189,0.08035727
5190,0.062961206
5191,0.030784631
5192,0.002086441
5193,0.009130345
5194,0.0029095148
5195,0.012474478
5196,0.026104676
5197,0.02892049
5198,0.020764517
5199,0.008647225
5200,0.0006481764
5201,0.004432609
5202,0.0021714568
5203,0.0031237553
5204,0.008798122
5205,0.012123054
5206,0.012532575
5207,0.008503106
5208,0.00360245
5209,0.002868221
5210,0.006825486
5211,0.0067421547
5212,-0.00018590751
5213,0.013707444
5214,0.02876364
5215,0.037939694
5216,0.033686534
5217,0.015673472
5218,0.004487547
5219,0.013136546
5220,-0.0004246075
5221,0.029089091
5222,0.055776548
5223,0.061742246
5224,0.048600387
5225,0.024301121
5226,0.00084065786
5227,0.009112256
5228,0.0047437176
5229,0.008847704
5230,0.026505422
5231,0.039650723
5232,0.04234885
5233,0.035732917
5234,0.01771633
5235,0.0011003041
5236,0.00807145
5237,0.003377766
5238,0.031213218
5239,0.059445936
5240,0.06735744
5241,0.046149876
5242,0.013289297
5243,0.008617281
5244,0.0045398613
5245,0.024549732
5246,0.06265632
5247,0.08137012
5248,0.06699076
5249,0.029331194
5250,0.0026345022
5251,0.018386036
5252,0.003134915
5253,0.03038078
5254,0.063714884
5255,0.0783161
5256,0.06647854
5257,0.03784357
5258,0.007430191
5259,0.009702734
5260,0.011517037
5261,0.00038118748
5262,0.018484332
5263,0.03323499
5264,0.03892657
5265,0.03505027
5266,0.024350325
5267,0.01035095
5268,0.00016405713
5269,0.0043106712
5270,0.003579448
5271,0.00021360778
5272,0.0047614845
5273,0.008242472
5274,0.010379654
5275,0.011492575
5276,0.010709697
5277,0.007835117
5278,0.0039450508
5279,0.00036098112
5280,0.0028978584
5281,0.0017407625
5282,0.002388474
5283,0.006917879
5284,0.008570842
5285,0.0062970817
5286,0.0027429159
5287,0.0001803267
5288,0.0001210155
5289,0.0015598079
5290,0.0023824559
5291,0.0011631842
5292,0.00088426954
5293,0.0015693925
5294,0.0010929368
5295,0.0067576948
5296,0.012411301
5297,0.01290565
5298,0.0063452576
5299,0.0022800607
5300,0.007978449
5301,0.003896982
5302,0.008528462
5303,0.023645721
5304,0.031118378
5305,0.025788033
5306,0.01400575
5307,0.00024093656
5308,0.0070201703
5309,0.007737872
5310,0.004683824
5311,0.00026579067
5312,0.0034860012
5313,0.007820257
5314,0.012720957
5315,0.017775316
5316,0.019796105
5317,0.015023745
5318,0.0046288385
5319,0.011698257
5320,0.025212813
5321,0.024806505
5322,0.0069279033
5323,0.019647874
5324,0.045221325
5325,0.05322075
5326,0.04388987
5327,0.01856057
5328,0.011353856
5329,0.028170124
5330,0.025778715
5331,0.007737618
5332,0.013380272
5333,0.030826405
5334,0.03662449
5335,0.028649611
5336,0.012698161
5337,0.0016509589
5338,0.012110162
5339,0.014976717
5340,0.011998485
5341,0.0034625581
5342,0.006134462
5343,0.015894672
5344,0.022181131
5345,0.023293
5346,0.018861031
5347,0.008122596
5348,0.0033695917
5349,0.0092579685
5350,0.007256526
5351,0.0028728254
5352,0.016457908
5353,0.024322225
5354,0.023041964
5355,0.013200717
5356,0.001030745
5357,0.005976611
5358,0.0043784515
5359,0.0022462776
5360,0.00953976
5361,0.013777868
5362,0.013206937
5363,0.007096605
5364,0.0008449726
5365,0.0052837
5366,0.008055651
5367,0.0060172775
5368,0.0012025306
5369,0.01233513
5370,0.023082945
5371,0.028284092
5372,0.024188157
5373,0.012026323
5374,0.0035568974
5375,0.01704515
5376,0.014428855
5377,0.0017773019
5378,0.030927839
5379,0.060089972
5380,0.076026484
5381,0.06545708
5382,0.036888976
5383,-0.00012832215
5384,0.020299174
5385,0.014073368
5386,0.009973222
5387,0.04091184
5388,0.06108441
5389,0.06594987
5390,0.053402223
5391,0.02958119
5392,0.0035973713
5393,0.015253114
5394,0.020149918
5395,0.006900043
5396,0.017327508
5397,0.04807022
5398,0.07116883
5399,0.070547424
5400,0.049726713
5401,0.01680666
5402,0.007566196
5403,0.017491672
5404,0.0062190667
5405,0.015492802
5406,0.0377332
5407,0.04806484
5408,0.04602228
5409,0.03418487
5410,0.019688213
5411,0.0061569503
5412,0.0019340393
5413,0.006771223
5414,0.0077500236
5415,0.003375158
5416,0.006776981
5417,0.025300862
5418,0.048186753
5419,0.061881807
5420,0.05587691
5421,0.030276906
5422,0.006157678
5423,0.028993703
5424,0.015274639
5425,0.031829633
5426,0.09651337
5427,0.14301163
5428,0.14021713
5429,0.089255966
5430,0.018819934
5431,0.024129728
5432,0.026637431
5433,0.007036862
5434,0.062556565
5435,0.10833926
5436,0.11993028
5437,0.10083504
5438,0.06196362
5439,0.015392872
5440,0.010755507
5441,0.014408066
5442,0.0017581582
5443,0.016081052
5444,0.03164715
5445,0.039311852
5446,0.03937338
5447,0.03501099
5448,0.029843582
5449,0.01993482
5450,0.010312251
5451,0.0013903126
5452,0.009146639
5453,0.011379274
5454,0.0034499972
5455,0.011544447
5456,0.03050426
5457,0.046884846
5458,0.054984637
5459,0.05037455
5460,0.038049173
5461,0.017356683
5462,6.042319e-05
5463,0.013754451
5464,0.015186578
5465,0.0020160358
5466,0.023852127
5467,0.058930546
5468,0.08720627
5469,0.09589211
5470,0.083659425
5471,0.04206254
5472,0.008289358
5473,0.037931763
5474,0.03110933
5475,0.017915068
5476,0.101931654
5477,0.17709896
5478,0.19484577
5479,0.14824082
5480,0.056800637
5481,0.01519798
5482,0.0516573
5483,0.022788469
5484,0.041676577
5485,0.11172998
5486,0.15567122
5487,0.14588764
5488,0.094492115
5489,0.026504584
5490,0.031884085
5491,0.054126494
5492,0.033250388
5493,0.022161633
5494,0.09980381
5495,0.16109073
5496,0.17206052
5497,0.13304332
5498,0.057548374
5499,0.008118965
5500,0.038593724
5501,0.027748415
5502,0.011113701
5503,0.05981469
5504,0.09165179
5505,0.10178145
5506,0.08651982
5507,0.060678087
5508,0.02933022
5509,0.002284776
5510,0.012514821
5511,0.012470545
5512,-0.0001767411
5513,0.015732292
5514,0.029241892
5515,0.035244476
5516,0.034922794
5517,0.030481521
5518,0.02509605
5519,0.021098947
5520,0.013772848
5521,0.00492492
5522,0.005592906
5523,0.012755834
5524,0.0076842015
5525,0.009372308
5526,0.03479482
5527,0.052773584
5528,0.05487536
5529,0.033450156
5530,0.0066127293
5531,0.01023375
5532,0.010771709
5533,-0.00015551978
5534,0.0134495925
5535,0.021591738
5536,0.021819934
5537,0.01614515
5538,0.009666509
5539,0.004570278
5540,0.0016182648
5541,0.00045736905
5542,0.00013535772
5543,0.00010816585
5544,0.00024163525
5545,0.0005100956
5546,0.0007651568
5547,3.3029526e-05
5548,0.0016007436
5549,0.002863845
5550,0.0027105885
5551,0.0001838138
5552,0.0054471307
5553,0.009886595
5554,0.010926178
5555,0.008387657
5556,0.0044215475
5557,0.001584079
5558,0.00044276073
5559,0.00012750542
5560,0.00016690751
5561,0.00059664325
5562,0.00050412747
5563,0.0015429987
5564,0.0056113247
5565,0.006834684
5566,-0.00039601
5567,0.017246967
5568,0.038562313
5569,0.050247367
5570,0.0450092
5571,0.02576305
5572,0.0034660695
5573,0.009946011
5574,0.01142833
5575,0.001432218
5576,0.013964005
5577,0.029241398
5578,0.038416594
5579,0.038537376
5580,0.031650193
5581,0.019209737
5582,0.0089293625
5583,0.0016380341
5584,0.002142122
5585,0.0035596604
5586,0.0038223118
5587,0.0036405455
5588,0.0035884194
5589,0.0029025879
5590,0.00043926717
5591,0.0040563433
5592,0.01231086
5593,0.022903103
5594,0.032693196
5595,0.038048815
5596,0.034499433
5597,0.020217085
5598,0.0011829482
5599,0.0141048515
5600,0.022229856
5601,0.009800921
5602,0.02117459
5603,0.06674104
5604,0.107077055
5605,0.1228961
5606,0.099561386
5607,0.05171362
5608,0.00381255
5609,0.03492158
5610,0.025047254
5611,0.013511495
5612,0.06753455
5613,0.1101226
5614,0.12397913
5615,0.10616941
5616,0.06716469
5617,0.025023235
5618,0.0029017907
5619,0.010758696
5620,-0.00046328668
5621,0.018999817
5622,0.036126398
5623,0.041744612
5624,0.03572907
5625,0.02120244
5626,0.0075056967
5627,5.2576765e-05
5628,1.9748248e-05
5629,0.0033184704
5630,0.0049360064
5631,0.0033916077
5632,0.0008965661
5633,1.7635576e-06
5634,0.0005842889
5635,0.0008907399
5636,0.0001045593
5637,0.0004838531
5638,0.00032686902
5639,0.0018828012
5640,0.0023442567
5641,0.0012502074
5642,0.00010190111
5643,5.081702e-05
5644,0.00023762979
5645,0.000289623
5646,0.0004318711
5647,0.0022540535
5648,0.008095976
5649,0.01290243
5650,0.011926848
5651,0.0037021802
5652,0.005119085
5653,0.004887908
5654,0.0075563295
5655,0.02927558
5656,0.04883519
5657,0.055602323
5658,0.046585336
5659,0.02426806
5660,-8.502972e-05
5661,0.013471396
5662,0.01344474
5663,0.0047377055
5664,0.03885458
5665,0.07699774
5666,0.10210412
5667,0.099085
5668,0.070108525
5669,0.030197851
5670,0.007845738
5671,0.020749869
5672,0.0054952046
5673,0.027717298
5674,0.06859654
5675,0.100880496
5676,0.11002057
5677,0.09665583
5678,0.069816664
5679,0.028425312
5680,0.00593639
5681,0.024610346
5682,0.015994675
5683,0.013631861
5684,0.061087046
5685,0.10867278
5686,0.1393804
5687,0.1391568
5688,0.106866226
5689,0.047907624
5690,0.00014828378
5691,0.030158853
5692,0.020843131
5693,0.021314329
5694,0.08408956
5695,0.13526271
5696,0.15229538
5697,0.12919654
5698,0.078523114
5699,0.025397854
5700,0.008487705
5701,0.016958753
5702,-0.00031088688
5703,0.031684298
5704,0.06389231
5705,0.080267094
5706,0.07560654
5707,0.048864037
5708,0.017105807
5709,0.002142365
5710,0.0009433999
5711,0.014573956
5712,0.029124167
5713,0.02988389
5714,0.016695678
5715,0.0027194512
5716,0.0010399307
5717,0.0064582024
5718,0.017789481
5719,0.021783875
5720,0.01593058
5721,0.0032987134
5722,0.0078102075
5723,0.0055785174
5724,0.011864893
5725,0.0415286
5726,0.068713844
5727,0.08189351
5728,0.07067498
5729,0.03244344
5730,0.010342
5731,0.0349294
5732,0.015099222
5733,0.04693018
5734,0.13452473
5735,0.21084082
5736,0.21986538
5737,0.16813017
5738,0.06179252
5739,0.030410636
5740,0.06205683
5741,0.0012107068
5742,0.1421966
5743,0.28375456
5744,0.35124487
5745,0.2950635
5746,0.16321498
5747,0.027879652
5748,0.050960183
5749,0.038356647
5750,0.044889543
5751,0.15523097
5752,0.22569579
5753,0.2369382
5754,0.17224734
5755,0.07931833
5756,0.0061003733
5757,0.029773885
5758,0.016192496
5759,0.03191476
5760,0.08699494
5761,0.11875904
5762,0.1143608
5763,0.08519107
5764,0.043965884
5765,0.0064065587
5766,0.011277398
5767,0.010657534
5768,-0.00059292244
5769,0.014769486
5770,0.028338205
5771,0.036681388
5772,0.03768766
5773,0.032241594
5774,0.021911621
5775,0.012039309
5776,0.0019402894
5777,0.0046584704
5778,0.0076497938
5779,0.0058532576
5780,0.000690445
5781,0.012461686
5782,0.026490767
5783,0.037487626
5784,0.041162234
5785,0.03459496
5786,0.01949122
5787,0.0027353738
5788,0.006520125
5789,0.0063227788
5790,-0.000273761
5791,0.008540263
5792,0.016179778
5793,0.020513682
5794,0.022576703
5795,0.021654045
5796,0.020077646
5797,0.0161025
5798,0.0076055075
5799,0.002725756
5800,0.012111037
5801,0.015500248
5802,0.0059947055
5803,0.01635308
5804,0.04878671
5805,0.07741503
5806,0.08772337
5807,0.077057116
5808,0.04407633
5809,-0.00025506516
5810,0.024179177
5811,0.024157215
5812,0.005620768
5813,0.05673882
5814,0.10346115
5815,0.120700315
5816,0.101394564
5817,0.055563353
5818,0.013107658
5819,0.016276026
5820,0.02106315
5821,0.0030944217
5822,0.024465026
5823,0.051707443
5824,0.06683951
5825,0.06827237
5826,0.05512137
5827,0.0331061
5828,0.008413041
5829,0.008289123
5830,0.012953258
5831,0.0038636448
5832,0.013631188
5833,0.03234544
5834,0.04222885
5835,0.03657223
5836,0.019717215
5837,0.0016354911
5838,0.007753498
5839,0.005303318
5840,0.0036327348
5841,0.012781134
5842,0.015448253
5843,0.012743878
5844,0.004938911
5845,0.000984684
5846,0.0026817375
5847,0.0003115891
5848,0.004822822
5849,0.0059777657
5850,0.002276558
5851,0.004268171
5852,0.009348765
5853,0.007881408
5854,0.0036017718
5855,0.019654958
5856,0.030135507
5857,0.02333237
5858,0.003499062
5859,0.019043678
5860,0.022530427
5861,0.002645081
5862,0.03257424
5863,0.06786352
5864,0.07760986
5865,0.061116662
5866,0.021422222
5867,0.008241801
5868,0.01849003
5869,-0.00071079127
5870,0.033433065
5871,0.06299988
5872,0.07117631
5873,0.057520922
5874,0.029990513
5875,0.0025883242
5876,0.0085583655
5877,0.0017702298
5878,0.015086741
5879,0.031912874
5880,0.038916197
5881,0.033920854
5882,0.018383872
5883,0.0043046675
5884,0.005292097
5885,0.0064953147
5886,0.001529007
5887,0.014527836
5888,0.024869774
5889,0.027117107
5890,0.022551162
5891,0.013356983
5892,0.00052161823
5893,0.00783141
5894,0.010441477
5895,0.0072973883
5896,0.0010680113
5897,0.014978438
5898,0.030141683
5899,0.040592656
5900,0.040610477
5901,0.030401625
5902,0.009379586
5903,0.006610163
5904,0.013204441
5905,0.0069458606
5906,0.008730652
5907,0.027825937
5908,0.042143103
5909,0.045637775
5910,0.040900286
5911,0.026243906
5912,0.007478524
5913,0.00870658
5914,0.016744554
5915,0.012762713
5916,0.003358841
5917,0.029451553
5918,0.05406925
5919,0.0652376
5920,0.054399822
5921,0.02751932
5922,0.0018192896
5923,0.025023457
5924,0.028094804
5925,0.008271272
5926,0.023666311
5927,0.058298796
5928,0.076412596
5929,0.07278732
5930,0.042283047
5931,0.005357415
5932,0.021510385
5933,0.0271669
5934,0.007098946
5935,0.026492547
5936,0.05970349
5937,0.0741574
5938,0.070340246
5939,0.042858038
5940,0.014225142
5941,0.011488975
5942,0.025057662
5943,0.01682594
5944,0.0055008363
5945,0.03773826
5946,0.065495156
5947,0.07618648
5948,0.0639334
5949,0.032828655
5950,0.0013383527
5951,0.013063743
5952,0.008960472
5953,0.010704745
5954,0.03297051
5955,0.043708947
5956,0.039785855
5957,0.025735006
5958,0.004611757
5959,0.007517628
5960,0.0075687338
5961,0.0008150191
5962,0.012109004
5963,0.018762397
5964,0.017925842
5965,0.0115433475
5966,0.003931741
5967,0.001115679
5968,0.0019449235
5969,0.00036295858
5970,0.0016847128
5971,0.0027974145
5972,0.0027077936
5973,0.0018381103
5974,0.0008100241
5975,0.00022087408
5976,8.157105e-06
5977,6.7450805e-05
5978,8.020359e-05
5979,7.514727e-05
5980,0.0002467762
5981,0.00041410484
5982,0.0023524421
5983,0.0061446275
5984,0.009527261
5985,0.008261819
5986,0.0012077386
5987,0.008494303
5988,0.01435268
5989,0.010994696
5990,0.009127835
5991,0.02784769
5992,0.043759156
5993,0.037118666
5994,0.009918065
5995,0.025064379
5996,0.05255699
5997,0.05354688
5998,0.022219548
5999,0.035649683
6000,0.080300145
6001,0.10622028
6002,0.07925944
6003,0.0072649918
6004,0.072360866
6005,0.12896733
6006,0.13192391
6007,0.06953381
6008,0.055610918
6009,0.16685393
6010,0.18799189
6011,0.10248106
6012,0.032507718
6013,0.16622338
6014,0.22966987
6015,0.18496998
6016,0.082907125
6017,0.06791581
6018,0.15563168
6019,0.14291489
6020,0.069724835
6021,0.025694517
6022,0.11548912
6023,0.16519174
6024,0.14896071
6025,0.104375705
6026,0.034191098
6027,0.047609206
6028,0.08754297
6029,0.0977481
6030,0.062925816
6031,0.0017022258
6032,0.058239173
6033,0.113436565
6034,0.13806127
6035,0.11341057
6036,0.051539272
6037,0.016854502
6038,0.08007676
6039,0.093264215
6040,0.053656705
6041,0.025692444
6042,0.11289819
6043,0.15174475
6044,0.1389237
6045,0.076158576
6046,0.0019458535
6047,0.06674203
6048,0.06900694
6049,0.017855734
6050,0.047968946
6051,0.10427211
6052,0.12700039
6053,0.108455814
6054,0.06561954
6055,0.016992915
6056,0.019472511
6057,0.027552392
6058,0.011844464
6059,0.014450394
6060,0.04126277
6061,0.056942876
6062,0.05457138
6063,0.036077082
6064,0.013861153
6065,0.011487556
6066,0.025511071
6067,0.02245476
6068,0.004473945
6069,0.019796053
6070,0.043049324
6071,0.053200103
6072,0.043035466
6073,0.015186641
6074,0.012058302
6075,0.030227702
6076,0.025694726
6077,0.00407338
6078,0.02211173
6079,0.042105053
6080,0.043327935
6081,0.02481634
6082,0.0043239095
6083,0.02767435
6084,0.033004805
6085,0.020390645
6086,0.0016831643
6087,0.02569924
6088,0.03781463
6089,0.03367882
6090,0.013657825
6091,0.0077330293
6092,0.016508352
6093,0.014096879
6094,0.0006422269
6095,0.012991873
6096,0.020296775
6097,0.017058877
6098,0.008238954
6099,0.0018762909
6100,0.005783655
6101,0.00439055
6102,0.0004330229
6103,0.0051460396
6104,0.006487055
6105,0.0044276817
6106,0.0003941151
6107,0.0022061751
6108,0.0030477035
6109,0.0021969
6110,0.00019768771
6111,0.001355277
6112,0.0022989004
6113,0.0025929243
6114,0.002477812
6115,0.002234644
6116,0.0015723545
6117,0.00017440502
6118,0.0018186497
6119,0.0040375497
6120,0.0037135636
6121,8.1108185e-05
6122,0.005867853
6123,0.01117833
6124,0.01171816
6125,0.0074430797
6126,0.00019469121
6127,0.0073062913
6128,0.011890687
6129,0.011894393
6130,0.0056248093
6131,0.004890293
6132,0.019254396
6133,0.031342465
6134,0.03374457
6135,0.019762753
6136,0.007369728
6137,0.03375402
6138,0.03512897
6139,0.008262612
6140,0.038035583
6141,0.0785785
6142,0.08036185
6143,0.03557608
6144,0.017039659
6145,0.07198342
6146,0.08392018
6147,0.039779574
6148,0.024950083
6149,0.093168035
6150,0.1240393
6151,0.092148766
6152,0.029556317
6153,0.03866417
6154,0.08045837
6155,0.06960887
6156,0.010164936
6157,0.0663848
6158,0.12668717
6159,0.14041139
6160,0.096724845
6161,0.037039846
6162,0.022680715
6163,0.040760003
6164,0.02369707
6165,0.012919487
6166,0.051100727
6167,0.069188245
6168,0.057528015
6169,0.027410993
6170,0.003344425
6171,0.0194003
6172,0.016392544
6173,0.0013224293
6174,0.013819806
6175,0.022919362
6176,0.023048623
6177,0.015217814
6178,0.0055772513
6179,0.004389878
6180,0.00982161
6181,0.008775829
6182,0.0020656497
6183,0.0064317025
6184,0.012804356
6185,0.012521561
6186,0.005224121
6187,0.0064021205
6188,0.018062796
6189,0.01868989
6190,0.007434252
6191,0.00854059
6192,0.023356767
6193,0.028913599
6194,0.020594817
6195,0.0016274988
6196,0.021943685
6197,0.037034653
6198,0.03013919
6199,0.0051536085
6200,0.026598928
6201,0.049724456
6202,0.044868756
6203,0.014454017
6204,0.032309778
6205,0.06901283
6206,0.072832264
6207,0.036506027
6208,0.017979288
6209,0.06943787
6210,0.0826428
6211,0.05814323
6212,0.00042511645
6213,0.06649446
6214,0.082787685
6215,0.06106302
6216,-0.0010359065
6217,0.06183436
6218,0.09586226
6219,0.07198569
6220,0.021585386
6221,0.049118977
6222,0.077463634
6223,0.061399274
6224,0.013193638
6225,0.041915394
6226,0.08149136
6227,0.08852208
6228,0.05665433
6229,0.005195712
6230,0.049791194
6231,0.064596504
6232,0.042115092
6233,0.0035732496
6234,0.05407906
6235,0.07995857
6236,0.075798705
6237,0.040924758
6238,0.012075319
6239,0.051504638
6240,0.055452712
6241,0.018279457
6242,0.03163571
6243,0.070709124
6244,0.07983971
6245,0.04363882
6246,0.008546326
6247,0.042818047
6248,0.041244652
6249,0.015380196
6250,0.013575999
6251,0.034354303
6252,0.03613812
6253,0.02626576
6254,0.01072722
6255,0.0035827707
6256,0.014142046
6257,0.019458653
6258,0.019680085
6259,0.013142374
6260,6.3209794e-05
6261,0.015183778
6262,0.027911631
6263,0.030321974
6264,0.018284865
6265,0.007062412
6266,0.027272856
6267,0.027229171
6268,0.010590636
6269,0.011823183
6270,0.030228749
6271,0.031942558
6272,0.019048177
6273,0.0010125058
6274,0.012936983
6275,0.016398517
6276,0.010301261
6277,0.0013776236
6278,0.012798167
6279,0.018231828
6280,0.01633479
6281,0.009118865
6282,0.0009255518
6283,0.01278865
6284,0.026924066
6285,0.033203054
6286,0.027430402
6287,0.009122588
6288,0.01785129
6289,0.04214812
6290,0.046744574
6291,0.027199645
6292,0.025437558
6293,0.07184849
6294,0.07956522
6295,0.051818382
6296,0.002427878
6297,0.060461592
6298,0.08851993
6299,0.07352062
6300,0.031323053
6301,0.039651778
6302,0.07954467
6303,0.077741876
6304,0.03441914
6305,0.021229507
6306,0.07074338
6307,0.08770858
6308,0.06949741
6309,0.019161819
6310,0.019383041
6311,0.03997552
6312,0.034760233
6313,0.012197937
6314,0.010728148
6315,0.027557643
6316,0.032960597
6317,0.029593218
6318,0.018520128
6319,0.0065225586
6320,0.004813268
6321,0.016383417
6322,0.022210665
6323,0.02510034
6324,0.018073784
6325,0.00078242406
6326,0.019145532
6327,0.035757113
6328,0.039823256
6329,0.022015886
6330,0.013303811
6331,0.042786844
6332,0.054426197
6333,0.035139047
6334,-0.0006925841
6335,0.03949626
6336,0.05981591
6337,0.05353083
6338,0.012829445
6339,0.028538886
6340,0.0431768
6341,0.029107941
6342,0.0015225823
6343,0.030109854
6344,0.038919877
6345,0.02972658
6346,0.008316418
6347,0.011098812
6348,0.015316691
6349,0.008814074
6350,0.0013031181
6351,0.009870104
6352,0.013150769
6353,0.0106875505
6354,0.0046715518
6355,0.0045131166
6356,0.010184093
6357,0.011144607
6358,0.0039337096
6359,0.007330595
6360,0.015907329
6361,0.01416341
6362,0.00024734353
6363,0.012782507
6364,0.019985756
6365,0.0137434155
6366,0.0004013979
6367,0.014470517
6368,0.020601133
6369,0.01793995
6370,0.007885358
6371,0.0013302009
6372,0.00855722
6373,0.010700938
6374,0.008127721
6375,0.0028385546
6376,0.0034250112
6377,0.009623819
6378,0.012603681
6379,0.011307939
6380,0.002311714
6381,0.008139466
6382,0.015171222
6383,0.015780877
6384,0.007388031
6385,0.0051549426
6386,0.016495893
6387,0.018640341
6388,0.012512514
6389,0.0043846928
6390,0.01677507
6391,0.019616753
6392,0.011213019
6393,0.004428601
6394,0.019596972
6395,0.022914264
6396,0.013988666
6397,0.0054205097
6398,0.027370997
6399,0.037061233
6400,0.031872734
6401,0.012046188
6402,0.0120795695
6403,0.034515362
6404,0.04371303
6405,0.03450335
6406,0.013353265
6407,0.013991257
6408,0.04243553
6409,0.05027505
6410,0.040206514
6411,0.0103315925
6412,0.02731182
6413,0.0612837
6414,0.07156648
6415,0.055860806
6416,0.016171638
6417,0.03568914
6418,0.066479
6419,0.072870076
6420,0.04804365
6421,0.010527863
6422,0.024757346
6423,0.052766815
6424,0.066106185
6425,0.060100686
6426,0.04191975
6427,0.013029933
6428,0.025204828
6429,0.06312938
6430,0.107866116
6431,0.13458289
6432,0.11904715
6433,0.06868128
6434,0.0156766
6435,0.11357438
6436,0.18375322
6437,0.19836026
6438,0.14414847
6439,0.024959506
6440,0.118093036
6441,0.18593973
6442,0.18163769
6443,0.101885736
6444,0.015644995
6445,0.14448304
6446,0.22772305
6447,0.25213566
6448,0.19307026
6449,0.08285475
6450,0.022682007
6451,0.1512782
6452,0.19919884
6453,0.19769499
6454,0.10314521
6455,0.030340806
6456,0.18527307
6457,0.2839198
6458,0.25762007
6459,0.12632127
6460,0.048715275
6461,0.2106871
6462,0.2804008
6463,0.20037705
6464,0.033276435
6465,0.13202448
6466,0.24595302
6467,0.25882214
6468,0.19822867
6469,0.09373309
6470,0.022191705
6471,0.100051455
6472,0.10535516
6473,0.05135132
6474,0.019551689
6475,0.08156795
6476,0.10915261
6477,0.094115674
6478,0.058262095
6479,0.013372046
6480,0.011373165
6481,0.018906752
6482,0.009884357
6483,0.0034377037
6484,0.013551085
6485,0.016396193
6486,0.013354333
6487,0.007779841
6488,0.0035605254
6489,0.0011804989
6490,9.496703e-06
6491,0.00027352007
6492,0.00032321652
6493,0.0003974369
6494,0.0005122236
6495,0.00059644337
6496,0.00042417774
6497,0.00016551958
6498,0.0010713278
6499,0.0014993028
6500,0.0006648831
6501,0.0012638856
6502,0.0027618457
6503,0.002533685
6504,4.3226635e-05
6505,0.0039218157
6506,0.005896263
6507,0.0015130175
6508,0.006922328
6509,0.012737024
6510,0.011847839
6511,0.00172817
6512,0.014126823
6513,0.024126057
6514,0.02004433
6515,0.003942695
6516,0.03315859
6517,0.040437747
6518,0.025754608
6519,0.009615879
6520,0.047297113
6521,0.059497487
6522,0.032777376
6523,0.010579165
6524,0.05014461
6525,0.06441313
6526,0.044521328
6527,0.0029385139
6528,0.037018746
6529,0.062054373
6530,0.059797358
6531,0.037872065
6532,0.0030655
6533,0.034343366
6534,0.055431467
6535,0.056819495
6536,0.029956782
6537,0.012207897
6538,0.060869947
6539,0.09005308
6540,0.08980377
6541,0.056442544
6542,0.013640866
6543,0.031037832
6544,0.046363954
6545,0.038586404
6546,0.0073070433
6547,0.03271827
6548,0.06865699
6549,0.085177965
6550,0.07341728
6551,0.04216954
6552,0.0009037539
6553,0.031065041
6554,0.03940934
6555,0.026561793
6556,0.0013314558
6557,0.032125484
6558,0.050824806
6559,0.05221912
6560,0.038948253
6561,0.022594023
6562,0.00913854
6563,0.0018102352
6564,0.009155619
6565,0.0153148705
6566,0.021954143
6567,0.025874665
6568,0.023916712
6569,0.010292658
6570,0.011674813
6571,0.038697246
6572,0.057844583
6573,0.055177566
6574,0.032940798
6575,0.0013869653
6576,0.030155849
6577,0.04753866
6578,0.03805673
6579,0.006809818
6580,0.030471938
6581,0.062289264
6582,0.06946605
6583,0.052141946
6584,0.017882185
6585,0.018195204
6586,0.038047504
6587,0.040563356
6588,0.020845883
6589,0.005629688
6590,0.030230079
6591,0.042329334
6592,0.041875757
6593,0.03221896
6594,0.012990983
6595,0.0068166004
6596,0.019734431
6597,0.027311292
6598,0.020738762
6599,0.001356859
6600,0.020797908
6601,0.037176326
6602,0.038201656
6603,0.023153385
6604,0.004732265
6605,0.02039796
6606,0.017752107
6607,0.00025866262
6608,0.021091022
6609,0.02909041
6610,0.02247365
6611,0.00072559365
6612,0.022271138
6613,0.027730145
6614,0.018396396
6615,0.00012544508
6616,0.017509384
6617,0.028623067
6618,0.027744714
6619,0.016952297
6620,0.0032675322
6621,0.025892029
6622,0.04138237
6623,0.046601057
6624,0.033878606
6625,0.00436519
6626,0.03073729
6627,0.06711605
6628,0.08511036
6629,0.0719898
6630,0.03258337
6631,0.033653088
6632,0.07839325
6633,0.10012752
6634,0.07905934
6635,0.01910206
6636,0.06214022
6637,0.14842814
6638,0.18956262
6639,0.16997145
6640,0.06384554
6641,0.08507703
6642,0.18727371
6643,0.23339084
6644,0.17817436
6645,0.03378779
6646,0.15495671
6647,0.3375327
6648,0.42411366
6649,0.33057472
6650,0.11384156
6651,0.14249966
6652,0.3094837
6653,0.34277102
6654,0.1862013
6655,0.08437635
6656,0.39250144
6657,0.575613
6658,0.5786397
6659,0.41132706
6660,0.14844356
6661,0.08840093
6662,0.19059087
6663,0.11961994
6664,0.06835051
6665,0.2933719
6666,0.43174383
6667,0.41687858
6668,0.2908764
6669,0.082927495
6670,0.066811405
6671,0.10645438
6672,0.04579506
6673,0.0661128
6674,0.1690378
6675,0.19645959
6676,0.16099206
6677,0.07936786
6678,0.012108845
6679,0.028536543
6680,0.028837098
6681,0.005036457
6682,0.023114234
6683,0.045482107
6684,0.055036303
6685,0.05016616
6686,0.034358844
6687,0.012764169
6688,0.003095384
6689,0.008853161
6690,-0.0002697806
6691,0.014848852
6692,0.025075272
6693,0.021105625
6694,0.0086015025
6695,0.0022879895
6696,0.0041291723
6697,0.0027873723
6698,0.010104116
6699,0.010097359
6700,0.002731527
6701,0.007296294
6702,0.012444995
6703,0.0082031535
6704,0.003199893
6705,0.016072324
6706,0.02081299
6707,0.013156599
6708,0.0034774956
6709,0.030447744
6710,0.044211537
6711,0.03495811
6712,0.0010646157
6713,0.041272525
6714,0.068689264
6715,0.05731239
6716,0.0023428374
6717,0.091156304
6718,0.13526157
6719,0.11704638
6720,0.033082344
6721,0.0814418
6722,0.1747795
6723,0.17347693
6724,0.08366282
6725,0.037527114
6726,0.1400885
6727,0.15262388
6728,0.05029954
6729,0.08758287
6730,0.1945108
6731,0.19966486
6732,0.08936902
6733,0.05233203
6734,0.1610953
6735,0.17786911
6736,0.10587939
6737,0.0130851725
6738,0.12895471
6739,0.18200314
6740,0.15909497
6741,0.08449386
6742,0.008063671
6743,0.06833741
6744,0.07533568
6745,0.03925788
6746,0.0087974
6747,0.04915707
6748,0.06862806
6749,0.06417722
6750,0.047339056
6751,0.026789006
6752,0.0074894163
6753,0.008341066
6754,0.017700119
6755,0.021832338
6756,0.024138683
6757,0.021771558
6758,0.013025739
6759,-0.00032707513
6760,0.017807256
6761,0.033678915
6762,0.03978722
6763,0.033177283
6764,0.011160472
6765,0.02660547
6766,0.056003854
6767,0.06448889
6768,0.050082326
6769,0.015529498
6770,0.02341356
6771,0.0592644
6772,0.076621525
6773,0.06243394
6774,0.027025705
6775,0.021486403
6776,0.059023585
6777,0.07835751
6778,0.06599499
6779,0.028276028
6780,0.020196632
6781,0.064522244
6782,0.08523944
6783,0.07452559
6784,0.035239536
6785,0.0093177445
6786,0.046059113
6787,0.062458735
6788,0.053318255
6789,0.025044514
6790,0.009387638
6791,0.04332535
6792,0.06236695
6793,0.056622818
6794,0.03213411
6795,0.0019039979
6796,0.025732202
6797,0.038999297
6798,0.032656178
6799,0.01014295
6800,0.013803774
6801,0.032288656
6802,0.036651917
6803,0.027768992
6804,0.012188696
6805,0.0028008267
6806,0.013093771
6807,0.015585922
6808,0.008998074
6809,0.0015429525
6810,0.01236529
6811,0.018954141
6812,0.018547932
6813,0.009427898
6814,0.0025905936
6815,0.0137269115
6816,0.015100781
6817,0.007833442
6818,0.0062034875
6819,0.020624997
6820,0.0235738
6821,0.013686359
6822,0.01418307
6823,0.03975217
6824,0.04531837
6825,0.019981615
6826,0.020026758
6827,0.052520853
6828,0.052149877
6829,0.01247131
6830,0.046773057
6831,0.085921265
6832,0.08962347
6833,0.039380703
6834,0.030404078
6835,0.09032798
6836,0.10632473
6837,0.06815794
6838,0.001067512
6839,0.06014902
6840,0.09080584
6841,0.074141145
6842,0.023089219
6843,0.03955337
6844,0.09266532
6845,0.10976731
6846,0.080879465
6847,0.031917416
6848,0.013924423
6849,0.053538993
6850,0.054487072
6851,0.028725222
6852,0.0062426273
6853,0.040075537
6854,0.057230398
6855,0.05822133
6856,0.036764823
6857,0.009190446
6858,0.01984902
6859,0.04185821
6860,0.043834686
6861,0.03381725
6862,0.005812442
6863,0.025726162
6864,0.05094132
6865,0.058066133
6866,0.036450915
6867,0.0013421155
6868,0.026001533
6869,0.03750113
6870,0.027335862
6871,0.00107958
6872,0.026335916
6873,0.04684835
6874,0.04669029
6875,0.03147431
6876,0.0009785622
6877,0.019182993
6878,0.023186946
6879,0.008411614
6880,0.016054
6881,0.034198176
6882,0.03185534
6883,0.00955113
6884,0.0156691
6885,0.028308963
6886,0.022849638
6887,0.005279019
6888,0.013243766
6889,0.025124911
6890,0.02711258
6891,0.019611983
6892,0.0028079532
6893,0.0141396355
6894,0.024365107
6895,0.025450593
6896,0.018592907
6897,0.0015398718
6898,0.017903987
6899,0.033390105
6900,0.03308603
6901,0.01471654
6902,0.016546398
6903,0.045200564
6904,0.054039966
6905,0.03392776
6906,0.0038095948
6907,0.043967962
6908,0.064595744
6909,0.054020964
6910,0.019188799
6911,0.015151441
6912,0.037633095
6913,0.02868226
6914,-0.00031993946
6915,0.02889787
6916,0.040875677
6917,0.033659827
6918,0.0039396184
6919,0.021482019
6920,0.030212937
6921,0.021976922
6922,0.0012696541
6923,0.025620509
6924,0.034320574
6925,0.019386403
6926,0.006758658
6927,0.03074224
6928,0.035285566
6929,0.018196927
6930,0.009370754
6931,0.033558313
6932,0.03843893
6933,0.020497764
6934,0.00920736
6935,0.033178765
6936,0.039684802
6937,0.027662223
6938,0.0011427659
6939,0.02553449
6940,0.04373893
6941,0.039906256
6942,0.017244391
6943,0.0061580073
6944,0.021851283
6945,0.025877925
6946,0.012691324
6947,0.005604685
6948,0.022092825
6949,0.02960425
6950,0.025350621
6951,0.015543804
6952,0.0041796244
6953,0.004665366
6954,0.006859157
6955,0.0059879045
6956,0.0024848047
6957,0.0007762329
6958,0.0029655749
6959,0.0034363684
6960,0.0028076195
6961,0.0018543394
6962,0.0011866656
6963,0.0012592087
6964,0.0021835729
6965,0.0033879795
6966,0.0032320006
6967,0.0005857642
6968,0.009519178
6969,0.020495117
6970,0.02858674
6971,0.029262973
6972,0.017666835
6973,0.0017318216
6974,0.024590664
6975,0.038590215
6976,0.03519501
6977,0.012457481
6978,0.021003483
6979,0.0546301
6980,0.073662385
6981,0.06913776
6982,0.038862027
6983,0.013224001
6984,0.07345613
6985,0.11000827
6986,0.090001866
6987,0.024553733
6988,0.07448823
6989,0.14700347
6990,0.1545953
6991,0.089750536
6992,0.014141189
6993,0.12361661
6994,0.1780796
6995,0.1515798
6996,0.073299326
6997,0.017777836
6998,0.10439328
6999,0.12242297
7000,0.0818963
7001,0.0026426096
7002,0.073529065
7003,0.12883013
7004,0.14354685
7005,0.106331944
7006,0.043315403
7007,0.011440654
7008,0.049058974
7009,0.055380747
7010,0.03874962
7011,0.0016437995
7012,0.034356996
7013,0.060165547
7014,0.065125085
7015,0.04674286
7016,0.011241154
7017,0.02369816
7018,0.05685237
7019,0.06564213
7020,0.047741696
7021,0.008626081
7022,0.03500608
7023,0.06925866
7024,0.07537973
7025,0.048107058
7026,0.0019539658
7027,0.053103723
7028,0.08274751
7029,0.064455256
7030,0.01663409
7031,0.039475083
7032,0.08385236
7033,0.09434807
7034,0.058797196
7035,0.008188037
7036,0.046031
7037,0.0628142
7038,0.05019056
7039,0.014929215
7040,0.026490286
7041,0.06612192
7042,0.089174405
7043,0.081593335
7044,0.045577444
7045,0.0047785835
7046,0.046033744
7047,0.068315275
7048,0.048757415
7049,0.002020978
7050,0.061229184
7051,0.09183239
7052,0.08049505
7053,0.022166997
7054,0.04448178
7055,0.06964071
7056,0.062454402
7057,0.020441692
7058,0.02747192
7059,0.06175485
7060,0.06765784
7061,0.05003236
7062,0.018839827
7063,0.008586718
7064,0.025474153
7065,0.025906004
7066,0.016243463
7067,0.00053879904
7068,0.012696193
7069,0.021878738
7070,0.024367912
7071,0.02193017
7072,0.015153682
7073,0.0067607802
7074,0.0017809724
7075,0.010594347
7076,0.015937325
7077,0.014873517
7078,0.0066980016
7079,0.005368626
7080,0.017636558
7081,0.022849295
7082,0.015020743
7083,0.0005161857
7084,0.017104661
7085,0.025688946
7086,0.020705407
7087,0.0034928585
7088,0.016126845
7089,0.029735092
7090,0.026755372
7091,0.008255575
7092,0.015007611
7093,0.03335579
7094,0.028797815
7095,0.00464479
7096,0.026232382
7097,0.04806839
7098,0.038140174
7099,0.004615172
7100,0.035626408
7101,0.043830093
7102,0.02548748
7103,0.011386468
7104,0.04648273
7105,0.057236504
7106,0.041428015
7107,0.0012120724
7108,0.036988642
7109,0.047386225
7110,0.025151245
7111,0.0116514675
7112,0.04891038
7113,0.06826268
7114,0.057228528
7115,0.020381644
7116,0.00901245
7117,0.030219393
7118,0.02766088
7119,0.008019287
7120,0.018554863
7121,0.044357065
7122,0.05555145
7123,0.049568854
7124,0.027963797
7125,0.00063430145
7126,0.019691119
7127,0.028361307
7128,0.013036156
7129,0.015636614
7130,0.045567617
7131,0.06023199
7132,0.052164532
7133,0.019479118
7134,0.010699065
7135,0.018841889
7136,0.007844377
7137,0.01378266
7138,0.034740612
7139,0.04082131
7140,0.032560926
7141,0.013133001
7142,0.006306806
7143,0.011724192
7144,0.0011698605
7145,0.017711863
7146,0.033774756
7147,0.033655673
7148,0.017470866
7149,0.004816
7150,0.015043342
7151,0.007889201
7152,0.014059298
7153,0.034866508
7154,0.041731544
7155,0.027906125
7156,0.009346692
7157,0.009677052
7158,0.01981977
7159,0.015904374
7160,0.00050643
7161,0.01986759
7162,0.03980503
7163,0.051015753
7164,0.047249
7165,0.021796042
7166,0.010506174
7167,0.03023151
7168,0.024465306
7169,-0.000115768635
7170,0.02968686
7171,0.05314263
7172,0.058376953
7173,0.049572136
7174,0.030105218
7175,0.008547881
7176,0.007913608
7177,0.017047506
7178,0.016066149
7179,0.0046426095
7180,0.0135345785
7181,0.035992604
7182,0.051816642
7183,0.054573663
7184,0.038913213
7185,0.0160711
7186,0.010268476
7187,0.020052947
7188,0.012074791
7189,0.009910753
7190,0.037706263
7191,0.05563731
7192,0.053668957
7193,0.033961654
7194,0.005960242
7195,0.017045775
7196,0.020295234
7197,0.0049862275
7198,0.019150851
7199,0.039897375
7200,0.04293749
7201,0.0032716037
7202,0.0032508806
7203,0.0011647195
7204,-0.00030153152
7205,0.00081712246
7206,6.1679646e-05
7207,0.0068398057
7208,0.006519513
7209,0.0031740796
7210,0.0003395045
7211,0.0011840786
7212,0.007411613
7213,0.009923123
7214,0.010711074
7215,0.0056148814
7216,0.00035898984
7217,-0.00012328303
7218,0.0017636827
7219,0.004237355
7220,0.0051744487
7221,0.0040411972
7222,0.002243979
7223,0.0010444578
7224,0.00045092308
7225,-9.841847e-05
7226,-9.665775e-06
7227,0.0005326317
7228,0.0007923851
7229,0.0011604987
7230,0.0006187162
7231,0.00026598026
7232,5.372183e-05
7233,-1.9803613e-06
7234,-9.279015e-07
7235,9.144307e-05
7236,0.0004201266
7237,0.0011270819
7238,0.0014017458
7239,0.0008346383
7240,5.766291e-05
7241,3.2037053e-05
7242,2.0528896e-06
7243,0.0008516119
7244,0.0037395812
7245,0.0052314773
7246,0.004774388
7247,0.0019536482
7248,-0.00012938087
7249,0.0004104358
7250,0.004121137
7251,0.008509582
7252,0.010242734
7253,0.009067432
7254,0.0058578434
7255,0.0010676271
7256,0.00029758955
7257,0.00070484186
7258,0.0036753984
7259,0.005742751
7260,0.005321277
7261,0.003066198
7262,0.0018008241
7263,0.00051989383
7264,-6.8978698e-06
7265,1.8095903e-05
7266,0.0002543515
7267,0.0001007031
7268,0.00079581
7269,0.0021949457
7270,0.004209059
7271,0.004133937
7272,0.002900737
7273,0.0011085527
7274,-0.00014035945
7275,0.00078836724
7276,0.0011485766
7277,0.00014492804
7278,0.0015489751
7279,0.004499201
7280,0.0040140357
7281,0.0018758469
7282,-0.00025358293
7283,0.001491579
7284,0.0018431026
7285,0.0004993796
7286,0.00029345465
7287,0.001867468
7288,0.0016476362
7289,-0.00012739058
7290,0.0009887931
7291,0.0010378228
7292,6.849909e-05
7293,8.281435e-06
7294,5.6615795e-07
7295,0.00023773032
7296,0.00030401524
7297,6.757012e-05
7298,5.534488e-05
7299,0.00012149408
7300,0.0011973802
7301,0.0022233084
7302,0.002072565
7303,0.0004511478
7304,0.0011042794
7305,0.0015530047
7306,0.0012814202
7307,0.007914677
7308,0.008867934
7309,0.004725582
7310,-0.00014572608
7311,0.000643214
7312,2.1454762e-06
7313,0.0012224439
7314,0.0017700192
7315,0.0010242643
7316,0.0009022446
7317,5.5073615e-05
7318,0.0002704362
7319,0.00034069788
7320,0.00022421365
7321,0.00020886427
7322,-1.8537139e-07
7323,2.5599747e-06
7324,1.49383e-05
7325,5.907656e-06
7326,2.6468188e-05
7327,1.607392e-05
7328,0.00022706378
7329,0.0006095752
7330,0.00060636096
7331,0.00018882882
7332,6.754619e-05
7333,0.00023468098
7334,0.0001926596
7335,6.546195e-05
7336,7.2740135e-05
7337,1.1887644e-05
7338,2.8960992e-06
7339,1.8025712e-06
7340,5.541759e-06
7341,7.858056e-07
7342,1.0857286e-05
7343,7.308892e-05
7344,0.0002549134
7345,0.00015907033
7346,8.3107465e-05
7347,-2.6939479e-05
7348,3.9323717e-05
7349,7.111768e-05
7350,1.0362194e-05
7351,2.7168438e-05
7352,7.476889e-06
7353,7.014916e-05
7354,0.00016907373
7355,0.00016842215
7356,0.00022411179
7357,0.00031071156
7358,-8.353039e-06
7359,-8.458483e-05
7360,0.0006886222
7361,0.002232193
7362,0.0028325066
7363,0.0022321206
7364,0.00089271076
7365,0.0001738835
7366,-5.028735e-05
7367,0.00018768676
7368,0.00030781812
7369,0.00094726967
7370,0.00025583713
7371,4.9268157e-05
7372,-2.4180255e-05
7373,0.00016679485
7374,0.0007676609
7375,0.0009287711
7376,0.00032879697
7377,-2.1260681e-05
7378,0.00016186418
7379,0.001159452
7380,0.0010442166
7381,0.0012554862
7382,0.00040046102
7383,-9.2735034e-05
7384,0.0008713269
7385,0.0022534102
7386,0.0030658408
7387,0.002868882
7388,0.0017381907
7389,0.0002292775
7390,-0.0001088916
7391,0.00028844492
7392,0.00045449872
7393,0.0002258435
7394,0.00026720602
7395,0.00031388088
7396,0.00026371286
7397,0.00044499908
7398,0.0007445252
7399,0.0008795278
7400,0.00080807094
7401,0.00017507254
7402,-0.0001276437
7403,0.00024442477
7404,0.0004617167
7405,0.0012661918
7406,0.000684456
7407,0.00026511992
7408,6.051523e-06
7409,1.174878e-05
7410,-3.164179e-05
7411,1.071539e-05
7412,1.2465054e-05
7413,-0.00013586452
7414,0.00013023321
7415,-0.00014438712
7416,0.0007226453
7417,0.0042961054
7418,0.0070052296
7419,0.01248644
7420,0.010075523
7421,0.0050178147
7422,-0.0005289144
7423,0.0009581578
7424,0.0058800015
7425,0.012195768
7426,0.010839277
7427,0.005284055
7428,0.001981029
7429,-9.395914e-05
7430,-0.00017032308
7431,4.8545335e-05
7432,4.2901826e-05
7433,-1.3365738e-05
7434,-3.2921285e-05
7435,2.035642e-05
7436,0.00014924501
7437,0.00039579492
7438,0.0010777358
7439,0.00064587564
7440,0.00030460072
7441,3.5584006e-05
7442,-3.9331877e-05
7443,-4.71776e-06
7444,9.624009e-05
7445,0.00011254885
7446,1.9074105e-05
7447,-1.9095194e-05
7448,-4.640151e-06
7449,-5.626982e-06
7450,2.440072e-05
7451,0.00060500036
7452,0.0013778866
7453,0.0027173564
7454,0.0037638014
7455,0.002638339
7456,0.0011993372
7457,-1.4061472e-05
7458,-0.000113430506
7459,0.00059181795
7460,0.002280059
7461,0.0046427683
7462,0.005605223
7463,0.0046963934
7464,0.0022969763
7465,0.00020022287
7466,0.00016251262
7467,0.001997464
7468,0.004434147
7469,0.0032698847
7470,0.0009334976
7471,-1.8692204e-05
7472,0.0003685067
7473,0.0012653945
7474,0.00061287684
7475,0.0005646863
7476,0.00021467495
7477,4.19133e-06
7478,0.0009269305
7479,0.0025317285
7480,0.0027729832
7481,0.0012734376
7482,0.0005861843
7483,2.6910318e-05
7484,0.00011192505
7485,0.0012434248
7486,0.0017498428
7487,0.0015788749
7488,0.0009279844
7489,4.2656764e-05
7490,0.00014216502
7491,0.00012985492
7492,8.8828805e-05
7493,0.00015324846
7494,0.00019290028
7495,0.000103406535
7496,-6.2342326e-05
7497,0.00036317276
7498,0.0010636909
7499,0.0014118989
7500,0.0020381187
7501,0.0017925574
7502,5.1114956e-05
7503,0.0002262197
7504,0.00041082347
7505,0.0015284924
7506,0.0026383663
7507,0.0016850441
7508,0.0008833061
7509,8.443349e-05
7510,-1.1868255e-05
7511,0.00023109365
7512,0.00027815357
7513,0.00015294713
7514,4.2723597e-05
7515,-2.7584342e-06
7516,-2.9879902e-07
7517,9.9634446e-05
7518,0.0004111055
7519,0.00064048555
7520,0.0011937259
7521,-8.361379e-05
7522,9.5937474e-05
7523,7.8517754e-05
7524,0.0026004128
7525,0.006440534
7526,0.0068142917
7527,0.003944675
7528,0.00093305804
7529,-4.8327696e-05
7530,0.0012670103
7531,0.0041396753
7532,0.006868174
7533,0.0046071513
7534,0.0013192345
7535,0.00022128384
7536,-8.266889e-05
7537,0.00078852806
7538,0.0014601909
7539,0.0012670648
7540,0.00039934504
7541,1.5641246e-05
7542,4.6193098e-05
7543,2.1887505e-05
7544,0.00023545267
7545,0.00039645357
7546,0.00029607932
7547,6.812449e-06
7548,-3.1845611e-06
7549,0.000526185
7550,0.0016623246
7551,0.0030646932
7552,0.0021950847
7553,0.0006671155
7554,0.00011512557
7555,0.00056017016
7556,0.0048999237
7557,0.00905526
7558,0.013095829
7559,0.007939824
7560,0.0027753632
7561,0.00039558345
7562,0.00036357992
7563,0.005381622
7564,0.011875
7565,0.014133658
7566,0.011292024
7567,0.0051480723
7568,0.00014266008
7569,0.00033412687
7570,0.005390069
7571,0.008506331
7572,0.007934392
7573,0.005064453
7574,0.0012442104
7575,4.439607e-05
7576,0.0010400751
7577,0.0019656941
7578,0.0017659046
7579,0.0006651697
7580,6.49885e-05
7581,0.00022909265
7582,0.0012488911
7583,0.0025245
7584,0.0028018425
7585,0.0015388654
7586,-5.7708396e-05
7587,0.00018556343
7588,0.003104155
7589,0.006739484
7590,0.008768872
7591,0.0064879
7592,0.0027415066
7593,8.1668055e-05
7594,0.00056481943
7595,0.0047988035
7596,0.007831682
7597,0.008066126
7598,0.005167909
7599,0.002331971
7600,0.00078838755
7601,0.00043664197
7602,0.000700109
7603,0.0013876281
7604,0.0010551454
7605,-0.0001534511
7606,-9.442534e-05
7607,0.0053624786
7608,0.019516878
7609,0.037723735
7610,0.041227225
7611,0.03123726
7612,0.011898242
7613,0.0010115047
7614,0.003333869
7615,0.030626358
7616,0.06633131
7617,0.087786
7618,0.08026891
7619,0.050405394
7620,0.01913119
7621,0.0029218271
7622,-0.001096574
7623,0.02774913
7624,0.07155639
7625,0.11102053
7626,0.113776736
7627,0.08697923
7628,0.039848313
7629,0.0009925497
7630,0.010026684
7631,-0.0005126315
7632,0.030111246
7633,0.062622905
7634,0.0790666
7635,0.07830859
7636,0.05395537
7637,0.018076569
7638,0.008241278
7639,0.010754051
7640,0.004454397
7641,0.040560838
7642,0.072503366
7643,0.08152048
7644,0.06439734
7645,0.041317537
7646,0.009418232
7647,0.0107120555
7648,0.0024072784
7649,0.02748627
7650,0.061521705
7651,0.078237146
7652,0.06044563
7653,0.028632227
7654,0.002255315
7655,0.0077978037
7656,0.0005961122
7657,0.016938379
7658,0.023375172
7659,0.017483331
7660,0.010944737
7661,0.0031269798
7662,0.0025373453
7663,0.0020598897
7664,-0.00011552068
7665,0.001503975
7666,0.0025488995
7667,0.0034004885
7668,0.0042461697
7669,0.0038200712
7670,0.0033838195
7671,0.00054137636
7672,0.0012012572
7673,0.0019561155
7674,-7.852413e-05
7675,0.0031079177
7676,0.0046830783
7677,0.0030667612
7678,0.00094964076
7679,0.0012370326
7680,0.0007328528
7681,0.00091598555
7682,0.0019859646
7683,0.0015430734
7684,0.0003704506
7685,0.0018284918
7686,0.0012432297
7687,0.0008604344
7688,0.0030998578
7689,0.003328228
7690,0.0007506157
7691,0.0038240673
7692,0.004576551
7693,0.0033960708
7694,0.00057837926
7695,0.0049604313
7696,0.0072395634
7697,0.0059948904
7698,0.00086029596
7699,0.0026934152
7700,0.0046901237
7701,0.00450322
7702,0.00243436
7703,4.202436e-05
7704,0.003916042
7705,0.008039365
7706,0.0113688065
7707,0.011885479
7708,0.00878087
7709,0.003298123
7710,0.0010620807
7711,0.0024362097
7712,0.00018630784
7713,0.0055328384
7714,0.009659517
7715,0.010491508
7716,0.0077161235
7717,0.0043300786
7718,0.0015224623
7719,9.591571e-06
7720,0.0004912348
7721,0.00025310868
7722,0.00021019916
7723,0.001030621
7724,0.0019471721
7725,0.0025410522
7726,0.0025024407
7727,0.0016834284
7728,0.0006516909
7729,1.1390589e-06
7730,2.9620782e-05
7731,0.0003597273
7732,0.00045440253
7733,0.00021119407
7734,2.0026073e-06
7735,0.00021926775
7736,0.00059755554
7737,0.0006553282
7738,9.5623946e-05
7739,0.00037330293
7740,3.242678e-05
7741,0.0009895848
7742,0.0019891364
7743,0.0021169349
7744,0.0014960998
7745,0.00073511596
7746,0.000114956994
7747,0.00016317549
7748,0.00038366704
7749,0.0005159173
7750,0.0005312323
7751,0.0001673433
7752,0.001084461
7753,0.0035420826
7754,0.005824521
7755,0.0058304737
7756,0.0032050998
7757,0.00046015493
7758,0.0013893616
7759,0.001389101
7760,0.0062955255
7761,0.008737401
7762,0.0064082
7763,0.0012984184
7764,0.0021129327
7765,0.0012137819
7766,0.002804979
7767,0.0068103075
7768,0.0067259856
7769,0.002065962
7770,0.0027822705
7771,0.006596942
7772,0.004440878
7773,0.002772253
7774,0.011195219
7775,0.015322049
7776,0.011508088
7777,0.0010074038
7778,0.0111772735
7779,0.016463246
7780,0.010472979
7781,0.0016545017
7782,0.015485264
7783,0.023032336
7784,0.021660047
7785,0.01089782
7786,0.0008436779
7787,0.008790809
7788,0.010475232
7789,0.007496106
7790,0.0013061196
7791,0.003347755
7792,0.005513301
7793,0.005138384
7794,0.0036571394
7795,0.002684081
7796,0.0033275294
7797,0.005904814
7798,0.008746236
7799,0.0067634294
7800,0.0029017278
7801,0.03015614
7802,0.06027298
7803,0.0786581
7804,0.056924388
7805,0.0012867377
7806,0.06422092
7807,0.11458473
7808,0.109104484
7809,0.034192387
7810,0.06547489
7811,0.16580962
7812,0.18647644
7813,0.102306224
7814,0.03160566
7815,0.16097806
7816,0.2106164
7817,0.17266577
7818,0.06385746
7819,0.09494144
7820,0.16100186
7821,0.15666154
7822,0.062295374
7823,0.05665003
7824,0.15360884
7825,0.17982893
7826,0.14511187
7827,0.045694802
7828,0.03996387
7829,0.094497785
7830,0.100022174
7831,0.056331914
7832,0.01420166
7833,0.08370777
7834,0.1215627
7835,0.12573884
7836,0.09679382
7837,0.03830717
7838,0.020492418
7839,0.05767485
7840,0.07046985
7841,0.04389975
7842,0.0026171538
7843,0.06099546
7844,0.10403279
7845,0.107928015
7846,0.06427849
7847,0.007981921
7848,0.040342398
7849,0.06850094
7850,0.050611574
7851,-0.00090929423
7852,0.06334752
7853,0.10844292
7854,0.11992119
7855,0.08240369
7856,0.02540235
7857,0.036980834
7858,0.066520914
7859,0.04612787
7860,0.0035108079
7861,0.068706065
7862,0.113123596
7863,0.1148862
7864,0.06808801
7865,0.0093416935
7866,0.040129498
7867,0.057581827
7868,0.035516575
7869,0.009925116
7870,0.06093417
7871,0.090609014
7872,0.086389266
7873,0.058277052
7874,0.01472486
7875,0.025699008
7876,0.034356162
7877,0.01721967
7878,0.014216943
7879,0.048768677
7880,0.06831834
7881,0.06163033
7882,0.042477675
7883,0.011576131
7884,0.0074629663
7885,0.01333774
7886,0.002572854
7887,0.014489979
7888,0.026951386
7889,0.025921594
7890,0.015020862
7891,0.0015429105
7892,0.0048478465
7893,0.0009766495
7894,0.006527676
7895,0.008932223
7896,0.0025816192
7897,0.0056208856
7898,0.008479085
7899,0.003068608
7900,0.006521713
7901,0.01330604
7902,0.008687129
7903,0.0038533837
7904,0.014517309
7905,0.018790165
7906,0.011917563
7907,0.0027344744
7908,0.01796302
7909,0.02605876
7910,0.021895006
7911,0.0073486352
7912,0.011126671
7913,0.02269749
7914,0.023114067
7915,0.014882148
7916,0.0001263991
7917,0.013050939
7918,0.022271743
7919,0.024017658
7920,0.017472124
7921,0.0056658657
7922,0.005601647
7923,0.017350428
7924,0.022986697
7925,0.020864787
7926,0.011999189
7927,0.0011190719
7928,0.016419249
7929,0.026343128
7930,0.026331462
7931,0.015426327
7932,0.0015398632
7933,0.0094310865
7934,0.011630388
7935,0.0042864704
7936,0.004466086
7937,0.009461981
7938,0.008770964
7939,0.005053003
7940,0.0015523717
7941,0.00063879875
7942,0.0023762283
7943,0.0035991855
7944,0.002998378
7945,0.000407422
7946,0.0053956164
7947,0.00740042
7948,0.0033271397
7949,0.007525338
7950,0.019420892
7951,0.029399293
7952,0.03096299
7953,0.019642465
7954,0.0022650666
7955,0.02884779
7956,0.04601075
7957,0.044469528
7958,0.019801099
7959,0.024749143
7960,0.06125525
7961,0.068763904
7962,0.042806856
7963,0.0020040402
7964,0.050492473
7965,0.07659357
7966,0.07033357
7967,0.031771168
7968,0.015143192
7969,0.044963755
7970,0.057424407
7971,0.0366553
7972,-0.001028669
7973,0.0343579
7974,0.055466212
7975,0.057743732
7976,0.03862246
7977,0.011185712
7978,0.012393488
7979,0.02234006
7980,0.02147606
7981,0.012700302
7982,0.00059852615
7983,0.009159236
7984,0.01642605
7985,0.018902464
7986,0.017602604
7987,0.012370759
7988,0.0025010162
7989,0.008653456
7990,0.01527756
7991,0.018522153
7992,0.014989132
7993,0.005552779
7994,0.007050412
7995,0.01901253
7996,0.023953427
7997,0.017707115
7998,0.0037171422
7999,0.014203797
8000,0.026393665
8001,0.03069915
8002,0.017082222
8003,0.004857095
8004,0.028049635
8005,0.04064502
8006,0.03639044
8007,0.010537004
8008,0.012368987
8009,0.03300723
8010,0.03169898
8011,0.009410433
8012,0.017108563
8013,0.035976756
8014,0.037758343
8015,0.02585823
8016,0.004514021
8017,0.017432751
8018,0.029598134
8019,0.02871177
8020,0.01925777
8021,0.0023449413
8022,0.017178591
8023,0.03490492
8024,0.040556174
8025,0.022845209
8026,0.0021770415
8027,0.03668686
8028,0.055641096
8029,0.04236134
8030,0.0047386745
8031,0.03552987
8032,0.062221162
8033,0.05421785
8034,0.023577234
8035,0.01456293
8036,0.039737787
8037,0.043665282
8038,0.023893721
8039,0.004041295
8040,0.030094478
8041,0.04388487
8042,0.04279319
8043,0.029050775
8044,0.008982853
8045,0.00857927
8046,0.016042944
8047,0.014955708
8048,0.006208981
8049,0.0051630773
8050,0.016721163
8051,0.024068246
8052,0.026023122
8053,0.019984484
8054,0.009929578
8055,0.001207127
8056,0.008186335
8057,0.008851671
8058,0.002026827
8059,0.008602178
8060,0.018776972
8061,0.02110068
8062,0.014356316
8063,0.0010211006
8064,0.014346822
8065,0.021880114
8066,0.015727736
8067,0.0021905487
8068,0.024833081
8069,0.03588448
8070,0.027192602
8071,0.004599915
8072,0.03737832
8073,0.051124163
8074,0.03826363
8075,0.00088197016
8076,0.048939947
8077,0.07343588
8078,0.06186546
8079,0.025623385
8080,0.027146572
8081,0.057009842
8082,0.051837627
8083,0.016712934
8084,0.02822946
8085,0.06776597
8086,0.081129484
8087,0.05806067
8088,0.009480275
8089,0.025323508
8090,0.04731337
8091,0.037648037
8092,0.0027451133
8093,0.03235922
8094,0.05089587
8095,0.04477161
8096,0.020773772
8097,0.003966049
8098,0.016158678
8099,0.014017788
8100,0.0026547688
8101,0.00868906
8102,0.015589773
8103,0.015195563
8104,0.008667063
8105,0.0024817437
8106,0.0006070828
8107,0.0002420965
8108,0.001853172
8109,0.0014516814
8110,0.002501153
8111,0.0088073285
8112,0.01092729
8113,0.00542533
8114,0.0060206903
8115,0.017761037
8116,0.01786892
8117,0.0014151427
8118,0.02786538
8119,0.05098628
8120,0.0541177
8121,0.033863664
8122,0.0057421806
8123,0.050197132
8124,0.07395225
8125,0.06396128
8126,0.017591542
8127,0.057610217
8128,0.1029696
8129,0.09123987
8130,0.034688987
8131,0.038336653
8132,0.10251217
8133,0.1299327
8134,0.109881304
8135,0.06330626
8136,0.014200489
8137,0.025656147
8138,0.045573097
8139,0.041193686
8140,0.02268845
8141,0.0014617587
8142,0.031664744
8143,0.057085823
8144,0.07047374
8145,0.066487856
8146,0.03624308
8147,0.0049223765
8148,0.049544837
8149,0.07382899
8150,0.068445496
8151,0.028482191
8152,0.025380459
8153,0.08062057
8154,0.11139637
8155,0.1053976
8156,0.06370621
8157,0.0037893432
8158,0.04689413
8159,0.04836831
8160,0.016258353
8161,0.027367357
8162,0.0634085
8163,0.07783978
8164,0.06324433
8165,0.030201487
8166,0.007087209
8167,0.026936397
8168,0.030812236
8169,0.0144100655
8170,0.012161785
8171,0.034505002
8172,0.03915871
8173,0.025071343
8174,0.0023584785
8175,0.015916135
8176,0.016669074
8177,0.00040177378
8178,0.017018361
8179,0.022044541
8180,0.01400977
8181,0.0006034884
8182,0.014425248
8183,0.018491449
8184,0.011518856
8185,0.0021682798
8186,0.01856202
8187,0.027053295
8188,0.020830182
8189,0.0033066073
8190,0.036069114
8191,0.06374801
8192,0.06567044
8193,0.038570344
8194,0.00769813
8195,0.06023374
8196,0.08763144
8197,0.067188896
8198,0.016285013
8199,0.05183914
8200,0.102882884
8201,0.12619244
8202,0.09177272
8203,0.010765603
8204,0.07580512
8205,0.14121477
8206,0.15568289
8207,0.116467856
8208,0.03527757
8209,0.051762547
8210,0.10745226
8211,0.11624737
8212,0.057397533
8213,0.026045611
8214,0.11326584
8215,0.16016872
8216,0.1650488
8217,0.12550545
8218,0.051131155
8219,0.033493955
8220,0.07555239
8221,0.09204247
8222,0.06872134
8223,-0.00014816853
8224,0.077542536
8225,0.1463431
8226,0.17188612
8227,0.13357536
8228,0.046376567
8229,0.049825594
8230,0.092028104
8231,0.07567946
8232,0.0043262094
8233,0.10461588
8234,0.1657096
8235,0.17002302
8236,0.11628229
8237,0.029977018
8238,0.03592563
8239,0.060218725
8240,0.030165207
8241,0.031069279
8242,0.09087812
8243,0.114155
8244,0.07225041
8245,0.0063201296
8246,0.07921713
8247,0.12900777
8248,0.11042809
8249,0.01362939
8250,0.10019717
8251,0.1817702
8252,0.17037682
8253,0.09088606
8254,0.062033355
8255,0.16952959
8256,0.19266436
8257,0.10410414
8258,0.045910478
8259,0.22621469
8260,0.3491863
8261,0.3418996
8262,0.20236507
8263,0.00928387
8264,0.16246574
8265,0.17514488
8266,0.065710895
8267,0.09325314
8268,0.22459671
8269,0.2741905
8270,0.20075703
8271,0.05975572
8272,0.0747343
8273,0.14497209
8274,0.14369197
8275,0.09465832
8276,0.0023345612
8277,0.08465188
8278,0.15121503
8279,0.16836633
8280,0.14349519
8281,0.07872876
8282,0.01954435
8283,0.09521223
8284,0.136427
8285,0.11931732
8286,0.05197951
8287,0.035331685
8288,0.12545513
8289,0.16774362
8290,0.15320036
8291,0.054308962
8292,0.052967124
8293,0.13714552
8294,0.1543436
8295,0.099368185
8296,-0.0006044423
8297,0.095138796
8298,0.15481433
8299,0.1474751
8300,0.09236238
8301,0.013133119
8302,0.055091307
8303,0.08869287
8304,0.0806028
8305,0.040690042
8306,0.007584721
8307,0.05180891
8308,0.07801948
8309,0.07959941
8310,0.05802427
8311,0.029973928
8312,0.007022098
8313,0.03190488
8314,0.04518082
8315,0.041411135
8316,0.024477659
8317,0.0008830887
8318,0.019969692
8319,0.035789054
8320,0.040596053
8321,0.036375828
8322,0.024284096
8323,0.0071969875
8324,0.006881335
8325,0.017839508
8326,0.024860295
8327,0.027487202
8328,0.024911208
8329,0.01629199
8330,0.0017002951
8331,0.014593797
8332,0.0313367
8333,0.037942637
8334,0.031201158
8335,0.0113815395
8336,0.010556975
8337,0.030399643
8338,0.034754224
8339,0.022265816
8340,-0.0005250303
8341,0.020451073
8342,0.032432884
8343,0.03216061
8344,0.024061916
8345,0.013086993
8346,0.004407477
8347,0.0009385881
8348,8.792008e-05
8349,0.00011137193
8350,0.00020026659
8351,0.00060287147
8352,0.002021983
8353,0.0059632803
8354,0.0126349665
8355,0.0213372
8356,0.027047856
8357,0.022924708
8358,0.005054891
8359,0.01902058
8360,0.0417496
8361,0.043391403
8362,0.020895822
8363,0.017414622
8364,0.05797373
8365,0.085246205
8366,0.072548375
8367,0.023480836
8368,0.03944222
8369,0.098389044
8370,0.12474062
8371,0.104743086
8372,0.048854183
8373,0.01977579
8374,0.065895975
8375,0.07503331
8376,0.05148895
8377,0.006494604
8378,0.040395383
8379,0.07936677
8380,0.09612097
8381,0.09141636
8382,0.059105355
8383,0.02341579
8384,0.015839923
8385,0.041087933
8386,0.048343074
8387,0.037648812
8388,0.0047897664
8389,0.03667444
8390,0.07785841
8391,0.095199876
8392,0.08900373
8393,0.050296005
8394,0.008289451
8395,0.054002065
8396,0.06587085
8397,0.043877732
8398,0.00059992494
8399,0.051916976
8400,0.08401146
8401,0.08889724
8402,0.059126392
8403,0.004338636
8404,0.03901761
8405,0.06647033
8406,0.067907184
8407,0.04331436
8408,0.0005054058
8409,0.041084394
8410,0.07592246
8411,0.08804144
8412,0.07232618
8413,0.034155175
8414,0.015378164
8415,0.057633474
8416,0.081828885
8417,0.059722938
8418,0.007933363
8419,0.048934516
8420,0.099778645
8421,0.12579295
8422,0.11255322
8423,0.074147895
8424,0.029291097
8425,0.016618734
8426,0.051532142
8427,0.05844075
8428,0.039961047
8429,0.004366452
8430,0.06668651
8431,0.12085588
8432,0.14854543
8433,0.13838851
8434,0.08227918
8435,0.016931375
8436,0.0257095
8437,0.038244512
8438,0.016780034
8439,0.02158375
8440,0.061012983
8441,0.083740585
8442,0.08201492
8443,0.062847026
8444,0.040613938
8445,0.012535937
8446,0.010097033
8447,0.021778023
8448,0.02404174
8449,0.012838952
8450,0.007582187
8451,0.035048123
8452,0.05620924
8453,0.060703114
8454,0.042189185
8455,0.019000169
8456,0.005320796
8457,0.011348766
8458,0.0032105655
8459,0.009472405
8460,0.017507736
8461,0.016686283
8462,0.011525559
8463,0.0055842055
8464,0.0018091631
8465,0.0003606985
8466,2.2858083e-06
8467,0.00011013698
8468,0.00019815074
8469,0.00032339114
8470,0.0003867353
8471,0.0002805386
8472,9.4722855e-05
8473,6.8167883e-06
8474,9.746717e-05
8475,0.00027223202
8476,0.00039874238
8477,0.00024103941
8478,0.00049930695
8479,0.00208379
8480,0.0035095694
8481,0.0031115992
8482,-1.730723e-05
8483,0.00422531
8484,0.005348059
8485,0.00081103295
8486,0.007016289
8487,0.013058027
8488,0.0133685125
8489,0.006992547
8490,0.0019702297
8491,0.008174969
8492,0.005155545
8493,0.0037837976
8494,0.014184333
8495,0.01931814
8496,0.017304448
8497,0.007662115
8498,0.0040081004
8499,0.011043785
8500,0.009753007
8501,0.0018702662
8502,0.008276306
8503,0.016269011
8504,0.017886693
8505,0.013931212
8506,0.004989962
8507,0.004613364
8508,0.009077899
8509,0.010881416
8510,0.009540139
8511,0.006480213
8512,0.0012076693
8513,0.004855355
8514,0.0130773
8515,0.019461768
8516,0.018654296
8517,0.0071505504
8518,0.012788005
8519,0.03065139
8520,0.042197715
8521,0.03393093
8522,0.008239279
8523,0.020855634
8524,0.044777386
8525,0.048763726
8526,0.03271617
8527,0.0050510904
8528,0.024595667
8529,0.05322866
8530,0.054856252
8531,0.03633983
8532,0.00045625772
8533,0.0369971
8534,0.0631842
8535,0.0624557
8536,0.03334389
8537,0.006048077
8538,0.042239852
8539,0.058891755
8540,0.03859391
8541,-0.00068181596
8542,0.043147895
8543,0.06708531
8544,0.057204135
8545,0.01964794
8546,0.01604752
8547,0.03810911
8548,0.026351908
8549,0.0026522097
8550,0.029815562
8551,0.03610846
8552,0.019967496
8553,0.0044740443
8554,0.017356861
8555,0.01623114
8556,0.00062793144
8557,0.014592
8558,0.019770423
8559,0.013586584
8560,0.0044949595
8561,0.019616483
8562,0.023037111
8563,0.014355964
8564,0.0018647115
8565,0.019377658
8566,0.028770415
8567,0.023503734
8568,0.004467443
8569,0.016900247
8570,0.027000746
8571,0.024497338
8572,0.0064255884
8573,0.0150590455
8574,0.030858679
8575,0.032596644
8576,0.017201426
8577,0.0066756695
8578,0.028677024
8579,0.039686315
8580,0.032674897
8581,0.008842135
8582,0.020028256
8583,0.043595254
8584,0.045188583
8585,0.021133447
8586,0.015054632
8587,0.048434064
8588,0.05419658
8589,0.018991088
8590,0.037145734
8591,0.07376465
8592,0.056042306
8593,0.015495661
8594,0.09724488
8595,0.11620008
8596,0.050301712
8597,0.060689744
8598,0.14537637
8599,0.11573483
8600,0.020030709
8601,0.2082196
8602,0.26993883
8603,0.15744989
8604,0.0462538
8605,0.25170276
8606,0.32430667
8607,0.17112665
8608,0.10208099
8609,0.33451927
8610,0.40764526
8611,0.2739215
8612,-0.004070492
8613,0.27365872
8614,0.4554118
8615,0.45619264
8616,0.2324036
8617,0.080145456
8618,0.3185661
8619,0.41519645
8620,0.29181063
8621,0.0372656
8622,0.21064459
8623,0.38200387
8624,0.38487485
8625,0.24447012
8626,0.008061803
8627,0.1933012
8628,0.30642974
8629,0.2678604
8630,0.11613607
8631,0.08442791
8632,0.2704119
8633,0.36146653
8634,0.33606458
8635,0.22369419
8636,0.064633295
8637,0.04136684
8638,0.09112799
8639,0.05738162
8640,0.0073870765
8641,0.07609021
8642,0.12101007
8643,0.13003838
8644,0.10360147
8645,0.06818085
8646,0.018997762
8647,0.023159763
8648,0.038594972
8649,0.029332604
8650,0.0006481826
8651,0.040458374
8652,0.0681787
8653,0.06627351
8654,0.03616006
8655,0.0032762664
8656,0.030509947
8657,0.037596323
8658,0.01932927
8659,0.009635371
8660,0.035325848
8661,0.045653693
8662,0.0378745
8663,0.01447748
8664,0.010745399
8665,0.022792306
8666,0.026349645
8667,0.019899784
8668,0.0046115015
8669,0.0105555905
8670,0.023492454
8671,0.028460642
8672,0.025203507
8673,0.0069788788
8674,0.015224304
8675,0.035980824
8676,0.045240045
8677,0.037971914
8678,0.014254573
8679,0.014853707
8680,0.041904002
8681,0.051721953
8682,0.037914995
8683,0.004161184
8684,0.035463914
8685,0.064042665
8686,0.06616984
8687,0.038779214
8688,0.003910288
8689,0.048120588
8690,0.07138342
8691,0.06745725
8692,0.037225317
8693,0.0040625944
8694,0.031826474
8695,0.044405587
8696,0.03416091
8697,0.009694412
8698,0.014277988
8699,0.03523033
8700,0.043486327
8701,0.04150101
8702,0.023129126
8703,0.003965708
8704,0.017948328
8705,0.027862018
8706,0.026669234
8707,0.009788791
8708,0.010795702
8709,0.028709767
8710,0.03475256
8711,0.025262088
8712,0.007993316
8713,0.0059395605
8714,0.013598248
8715,0.01319388
8716,0.008010186
8717,0.0015105827
8718,0.0033785333
8719,0.0070686806
8720,0.009168091
8721,0.009733686
8722,0.008983511
8723,0.0054646395
8724,0.00018427325
8725,0.008035226
8726,0.014233388
8727,0.015639137
8728,0.010227632
8729,0.0004457936
8730,0.012560112
8731,0.019631691
8732,0.017829858
8733,0.008445157
8734,0.0029995919
8735,0.012215896
8736,0.015887482
8737,0.01298972
8738,0.004615797
8739,0.0054059946
8740,0.014488095
8741,0.018619599
8742,0.016954273
8743,0.007433332
8744,0.0039064903
8745,0.016887788
8746,0.024263542
8747,0.02050538
8748,0.0075809616
8749,0.009193399
8750,0.024920061
8751,0.029781675
8752,0.020214858
8753,0.0047070584
8754,0.01187798
8755,0.02143982
8756,0.018116936
8757,0.0028292248
8758,0.014346227
8759,0.024014186
8760,0.021886226
8761,0.011192017
8762,4.8200447e-05
8763,0.007985184
8764,0.00896594
8765,0.0055385563
8766,3.125264e-05
8767,0.0053010825
8768,0.008358229
8769,0.0077488064
8770,0.0052118865
8771,0.0019838244
8772,0.00042842238
8773,0.000541001
8774,0.0006536029
8775,0.0008814806
8776,0.0004944547
8777,0.0015862995
8778,0.00039272118
8779,0.0020284662
8780,0.0009933474
8781,0.007403137
8782,0.019808182
8783,0.025018228
8784,0.018266268
8785,0.00021525769
8786,0.023206556
8787,0.036274865
8788,0.029056583
8789,0.0023362404
8790,0.032589596
8791,0.05468468
8792,0.053725168
8793,0.021422401
8794,0.023100274
8795,0.064252794
8796,0.07239382
8797,0.04481228
8798,0.0011466701
8799,0.062440284
8800,0.099634595
8801,0.085513756
8802,0.02842809
8803,0.03619651
8804,0.09245136
8805,0.11530405
8806,0.09315333
8807,0.017120162
8808,0.051306777
8809,0.100887194
8810,0.0953455
8811,0.04351293
8812,0.03405657
8813,0.106152706
8814,0.12866642
8815,0.08880991
8816,0.012254566
8817,0.072791524
8818,0.12288093
8819,0.117840275
8820,0.058507588
8821,0.031492125
8822,0.11521097
8823,0.14245066
8824,0.1015317
8825,0.0093313465
8826,0.09282692
8827,0.1522317
8828,0.13763113
8829,0.05683183
8830,0.0399375
8831,0.12540476
8832,0.1552193
8833,0.121293746
8834,0.047822785
8835,0.033731516
8836,0.10663907
8837,0.1294238
8838,0.08629819
8839,0.0053488724
8840,0.07507948
8841,0.13347624
8842,0.14864804
8843,0.11186905
8844,0.024969092
8845,0.06763714
8846,0.10791805
8847,0.11048864
8848,0.059446007
8849,0.012806501
8850,0.09669492
8851,0.15671635
8852,0.16806683
8853,0.11976034
8854,0.04545137
8855,0.03440055
8856,0.05968229
8857,0.0372632
8858,0.017604893
8859,0.07865383
8860,0.10697438
8861,0.08763698
8862,0.03982937
8863,0.0021418156
8864,0.028969368
8865,0.021298973
8866,0.0063339258
8867,0.03862477
8868,0.052852657
8869,0.04058476
8870,0.014337052
8871,0.0057267407
8872,0.010217397
8873,0.005487267
8874,0.023996254
8875,0.027198989
8876,0.012463922
8877,0.012247012
8878,0.02148978
8879,0.008766809
8880,0.017676337
8881,0.03894768
8882,0.041203815
8883,0.017482718
8884,0.011444411
8885,0.025402926
8886,0.01703376
8887,0.005335494
8888,0.029315358
8889,0.040366516
8890,0.03407107
8891,0.019137241
8892,0.0011593215
8893,0.0076005966
8894,0.0056950324
8895,0.0005866117
8896,0.0064856755
8897,0.008663808
8898,0.007003492
8899,0.0041700085
8900,0.0017016575
8901,0.00050839793
8902,0.00014838844
8903,0.00034932423
8904,0.0009784091
8905,0.0016396005
8906,0.0010257808
8907,0.0008297592
8908,0.0038072302
8909,0.0054894383
8910,0.0046194233
8911,0.0008072548
8912,0.004485702
8913,0.009525767
8914,0.012067525
8915,0.011845659
8916,0.009156966
8917,0.005779358
8918,0.0012796479
8919,0.0032544362
8920,0.0059327735
8921,0.006309221
8922,0.0038336758
8923,0.0014316713
8924,0.009773631
8925,0.018637516
8926,0.025105042
8927,0.02586145
8928,0.020488914
8929,0.010712756
8930,0.001364015
8931,0.0086091375
8932,0.0077260123
8933,0.0017689436
8934,0.018011373
8935,0.03288822
8936,0.039088517
8937,0.034018315
8938,0.023340048
8939,0.009801632
8940,0.00023393215
8941,0.0049619335
8942,0.004336536
8943,-5.5443074e-05
8944,0.005360407
8945,0.011445527
8946,0.016121892
8947,0.017145025
8948,0.015095144
8949,0.009921181
8950,0.003595326
8951,0.0009112021
8952,0.0026305772
8953,0.0019769229
8954,0.00019604954
8955,0.0011742925
8956,0.0026972806
8957,0.0041543166
8958,0.0058819256
8959,0.0077811508
8960,0.00873417
8961,0.008015448
8962,0.0047957683
8963,0.0010585695
8964,0.00173586
8965,0.0030688262
8966,0.0023471324
8967,0.00033098552
8968,0.0023078946
8969,0.0058749537
8970,0.01029873
8971,0.014768151
8972,0.017026823
8973,0.01579025
8974,0.008660346
8975,0.0015440453
8976,0.0067706467
8977,0.0009919186
8978,0.0146197025
8979,0.032862414
8980,0.0431252
8981,0.03593636
8982,0.016983403
8983,0.0009351048
8984,0.008689412
8985,0.002114683
8986,0.01373513
8987,0.03035308
8988,0.03733451
8989,0.030583669
8990,0.0128536895
8991,0.005523826
8992,0.014194568
8993,0.01050362
8994,0.0047590323
8995,0.026354793
8996,0.04329426
8997,0.047648083
8998,0.032665133
8999,0.01223025
9000,0.0070075537
9001,0.013969713
9002,0.0013786235
9003,0.0208029
9004,0.041939557
9005,0.048176616
9006,0.035968672
9007,0.012668187
9008,0.0051734415
9009,0.011266315
9010,0.0033384832
9011,0.010792214
9012,0.023525342
9013,0.027337303
9014,0.022782292
9015,0.012137558
9016,0.0015693716
9017,0.0034147494
9018,0.0030205462
9019,0.001000652
9020,0.0057739345
9021,0.008659487
9022,0.008779274
9023,0.006802577
9024,0.004265425
9025,0.0020489728
9026,0.00025013546
9027,0.0016235659
9028,0.0024321275
9029,0.001961711
9030,0.00050274405
9031,0.00558825
9032,0.011174539
9033,0.014787103
9034,0.012561333
9035,0.0051479344
9036,0.004112034
9037,0.00863425
9038,0.004582586
9039,0.0075823925
9040,0.024214637
9041,0.036090832
9042,0.03759089
9043,0.025787925
9044,0.0033712427
9045,0.014155888
9046,0.020432698
9047,0.004450248
9048,0.028423436
9049,0.064052284
9050,0.07898592
9051,0.060573854
9052,0.02616923
9053,0.010614574
9054,0.02481893
9055,0.007382279
9056,0.022877742
9057,0.049484976
9058,0.05713336
9059,0.044421516
9060,0.02618508
9061,0.0074632578
9062,0.0029390124
9063,0.006472716
9064,0.0048816307
9065,0.0008975944
9066,0.0030269786
9067,0.0064253807
9068,0.008279563
9069,0.008226015
9070,0.0068087373
9071,0.004985355
9072,0.003594117
9073,0.0027569146
9074,0.0025872104
9075,0.0028501202
9076,0.0021783202
9077,2.3016906e-05
9078,0.005020621
9079,0.012200574
9080,0.01639597
9081,0.013595144
9082,0.00014512055
9083,0.019591903
9084,0.04202663
9085,0.05710155
9086,0.054288715
9087,0.03353433
9088,0.008357907
9089,0.017383972
9090,0.029260922
9091,0.020782152
9092,1.599174e-05
9093,0.032388214
9094,0.064396895
9095,0.085877575
9096,0.09257817
9097,0.071165256
9098,0.03490536
9099,0.007091845
9100,0.042212807
9101,0.048798203
9102,0.01886511
9103,0.03385935
9104,0.09567732
9105,0.13440603
9106,0.12551689
9107,0.076659195
9108,0.020822942
9109,0.021949675
9110,0.03906864
9111,0.025116328
9112,0.0038736677
9113,0.03572983
9114,0.05600161
9115,0.06338162
9116,0.060366128
9117,0.04545319
9118,0.030161992
9119,0.0078015914
9120,0.010132426
9121,0.02305432
9122,0.026581284
9123,0.016526187
9124,0.0014354836
9125,0.02691856
9126,0.04965733
9127,0.05822491
9128,0.045954335
9129,0.021201268
9130,0.018034015
9131,0.039489556
9132,0.042020142
9133,0.010692034
9134,0.034777056
9135,0.07625879
9136,0.08807777
9137,0.07022919
9138,0.026089981
9139,0.011239515
9140,0.025994208
9141,0.013441764
9142,0.012697188
9143,0.03908902
9144,0.049312394
9145,0.038663678
9146,0.016708834
9147,0.009282491
9148,0.02176376
9149,0.013977406
9150,0.006542075
9151,0.03138884
9152,0.043423787
9153,0.03808185
9154,0.017238978
9155,0.008654353
9156,0.019587595
9157,0.010995031
9158,0.011373944
9159,0.037550956
9160,0.05119307
9161,0.05051246
9162,0.026497578
9163,0.0053248005
9164,0.03543782
9165,0.04158578
9166,0.01551396
9167,0.030077914
9168,0.08111353
9169,0.10266866
9170,0.09174824
9171,0.028730383
9172,0.03711071
9173,0.08458757
9174,0.080235645
9175,0.024591295
9176,0.049526334
9177,0.11735251
9178,0.14268276
9179,0.11256944
9180,0.023135621
9181,0.06000932
9182,0.13031799
9183,0.13575281
9184,0.076160476
9185,0.015289644
9186,0.11696881
9187,0.17877169
9188,0.16309355
9189,0.073969014
9190,0.036875747
9191,0.14019194
9192,0.18546122
9193,0.15462175
9194,0.056168534
9195,0.06817859
9196,0.17953418
9197,0.22128211
9198,0.15201291
9199,0.018254796
9200,0.124887735
9201,0.19812343
9202,0.19395864
9203,0.07725811
9204,0.0739155
9205,0.2039362
9206,0.23791993
9207,0.18395573
9208,0.0018031982
9209,0.133463
9210,0.22172105
9211,0.16055329
9212,-0.0014059474
9213,0.1703049
9214,0.2612251
9215,0.20480104
9216,0.060570095
9217,0.14453244
9218,0.25434095
9219,0.20654051
9220,0.032102227
9221,0.17008649
9222,0.3084355
9223,0.27271727
9224,0.09261846
9225,0.12497892
9226,0.27369615
9227,0.28872856
9228,0.16999032
9229,0.008202385
9230,0.20313892
9231,0.31385118
9232,0.29480007
9233,0.14345472
9234,0.0766066
9235,0.3118001
9236,0.4074243
9237,0.3314752
9238,0.09966011
9239,0.17065634
9240,0.3880976
9241,0.4543546
9242,0.309259
9243,0.06655051
9244,0.19128688
9245,0.35972032
9246,0.3394932
9247,0.17791422
9248,0.03344293
9249,0.24369472
9250,0.36299255
9251,0.3717868
9252,0.27803367
9253,0.11539366
9254,0.060762115
9255,0.16347742
9256,0.16995572
9257,0.09699878
9258,-0.0020653494
9259,0.08916029
9260,0.14847223
9261,0.16121404
9262,0.13670756
9263,0.06269881
9264,0.025576843
9265,0.1087052
9266,0.14125578
9267,0.13383973
9268,0.06862554
9269,0.028979987
9270,0.12587336
9271,0.17494366
9272,0.1567759
9273,0.0799832
9274,0.0009819783
9275,0.05562255
9276,0.08521373
9277,0.074347444
9278,0.04004407
9279,0.0055143614
9280,0.052667342
9281,0.08354599
9282,0.088357516
9283,0.0615255
9284,0.018198334
9285,0.03044473
9286,0.056207012
9287,0.052102268
9288,0.02819531
9289,0.008961233
9290,0.044156794
9291,0.063537695
9292,0.056613635
9293,0.028681673
9294,0.0016458677
9295,0.022804888
9296,0.026147606
9297,0.012285763
9298,0.0062041725
9299,0.022321116
9300,0.027367493
9301,0.02157755
9302,0.006491515
9303,0.0027016285
9304,0.0069688368
9305,0.003433916
9306,0.0021536897
9307,0.0061619817
9308,0.0062526623
9309,0.004181607
9310,0.0014653573
9311,0.00028059023
9312,8.383651e-07
9313,1.4906307e-05
9314,7.6147204e-05
9315,8.987204e-05
9316,7.971049e-05
9317,0.00018591134
9318,4.850191e-06
9319,0.00036086206
9320,0.0006204253
9321,0.00047295427
9322,-4.0980112e-06
9323,0.00038117255
9324,0.0004248807
9325,0.00022751227
9326,3.529643e-05
9327,0.0003052055
9328,0.0005305173
9329,0.0005076117
9330,6.393194e-05
9331,0.0009113261
9332,0.002019357
9333,0.0019462465
9334,5.719107e-05
9335,0.004916683
9336,0.011624254
9337,0.015840411
9338,0.011994376
9339,0.00039676283
9340,0.020637281
9341,0.036904886
9342,0.040768236
9343,0.021354852
9344,0.004739576
9345,0.027233621
9346,0.033590656
9347,0.010606775
9348,0.02366912
9349,0.058165234
9350,0.07615636
9351,0.07159098
9352,0.048226785
9353,0.016466616
9354,0.009207101
9355,0.01930026
9356,0.013185489
9357,0.0020998656
9358,0.022336546
9359,0.03726508
9360,0.043137092
9361,0.035503257
9362,0.02057902
9363,0.0028692936
9364,0.008988044
9365,0.014092345
9366,0.011564366
9367,0.0029394014
9368,0.006482046
9369,0.015964223
9370,0.022116527
9371,0.025047846
9372,0.02239865
9373,0.015596686
9374,0.006069372
9375,0.004075829
9376,0.013642839
9377,0.01671598
9378,0.012468449
9379,-0.00055108964
9380,0.017744146
9381,0.034417205
9382,0.042410925
9383,0.039602455
9384,0.024917727
9385,0.0010453132
9386,0.019249313
9387,0.027411474
9388,0.02034272
9389,0.0002590227
9390,0.033303145
9391,0.06615353
9392,0.08670553
9393,0.085910186
9394,0.05946256
9395,0.021888468
9396,0.012446586
9397,0.0261495
9398,0.011993523
9399,0.02347139
9400,0.06703369
9401,0.09733443
9402,0.101764165
9403,0.084148325
9404,0.04372477
9405,0.0039688842
9406,0.020955225
9407,0.022554677
9408,0.006221719
9409,0.02134518
9410,0.05119597
9411,0.069220535
9412,0.07263764
9413,0.056860603
9414,0.03470916
9415,0.010339937
9416,0.011127725
9417,0.020904293
9418,0.01531922
9419,0.0007161512
9420,0.026509518
9421,0.050714806
9422,0.06390771
9423,0.06452365
9424,0.049959864
9425,0.026162446
9426,0.0022678652
9427,0.012139067
9428,0.014479452
9429,0.0015968536
9430,0.017773995
9431,0.040859632
9432,0.057797592
9433,0.060913473
9434,0.049658548
9435,0.028282057
9436,0.0069916025
9437,0.004211232
9438,0.0031939878
9439,0.005405825
9440,0.015592199
9441,0.020182304
9442,0.01795912
9443,0.011867702
9444,0.0054188524
9445,0.0010196458
9446,0.00019233303
9447,0.0003200555
9448,0.0011537189
9449,0.0013593844
9450,0.00085084024
9451,0.00015267475
9452,2.799059e-05
9453,0.0008001438
9454,0.001854826
9455,0.0019916168
9456,0.0007138492
9457,0.0012213455
9458,0.0014589918
9459,0.0012167271
9460,0.006172315
9461,0.010139878
9462,0.010068348
9463,0.0067718024
9464,0.002047148
9465,0.0006219977
9466,0.00070734613
9467,0.00024405212
9468,0.00087079237
9469,0.00067239674
9470,0.0002768726
9471,0.00010651343
9472,0.0005309704
9473,0.0020074986
9474,0.004431523
9475,0.0063767605
9476,0.005725167
9477,0.0019632273
9478,0.001867317
9479,0.0024660556
9480,0.0014685954
9481,0.008283064
9482,0.01285561
9483,0.011886627
9484,0.0065383273
9485,0.001425669
9486,0.00042119552
9487,0.00035296
9488,0.0016727808
9489,0.0019362913
9490,0.0011729276
9491,0.00033062592
9492,7.8538e-06
9493,7.0049835e-05
9494,0.0002768802
9495,0.00036670783
9496,0.00016980334
9497,0.00033054393
9498,0.0012230118
9499,0.0023201178
9500,0.0026293506
9501,0.00067170465
9502,0.0038476428
9503,0.009336035
9504,0.009683185
9505,0.0023029894
9506,0.014310469
9507,0.026682077
9508,0.026132522
9509,0.003043316
9510,0.032829277
9511,0.060960636
9512,0.058017872
9513,0.020865055
9514,0.030686593
9515,0.0656493
9516,0.060228404
9517,0.014731017
9518,0.041905105
9519,0.08907056
9520,0.098277174
9521,0.079512656
9522,0.020464616
9523,0.034696866
9524,0.078779034
9525,0.088486746
9526,0.04807751
9527,0.023153504
9528,0.10827009
9529,0.16408423
9530,0.14567219
9531,0.045131512
9532,0.05946309
9533,0.15330169
9534,0.13366663
9535,0.029690985
9536,0.10257507
9537,0.21160583
9538,0.2338549
9539,0.14488176
9540,0.024788223
9541,0.11235507
9542,0.14923957
9543,0.09712118
9544,0.02478811
9545,0.1617816
9546,0.22920309
9547,0.1834927
9548,0.08952216
9549,0.03419252
9550,0.121365376
9551,0.11499583
9552,0.045414343
9553,0.05136203
9554,0.13972905
9555,0.17812648
9556,0.16148396
9557,0.10834389
9558,0.029782789
9559,0.02381069
9560,0.04479371
9561,0.023780106
9562,0.018519511
9563,0.06602753
9564,0.09286969
9565,0.08406021
9566,0.049858667
9567,0.015750546
9568,0.011266291
9569,0.012357505
9570,0.0038681785
9571,0.023887895
9572,0.032115985
9573,0.02597081
9574,0.010232125
9575,0.0012883919
9576,0.0012097395
9577,0.0053974697
9578,0.009843047
9579,0.0039162133
9580,0.008793122
9581,0.015788233
9582,0.008831377
9583,0.009334449
9584,0.026244987
9585,0.027448483
9586,0.00918386
9587,0.017357178
9588,0.04130159
9589,0.042215165
9590,0.018743481
9591,0.019974897
9592,0.060291983
9593,0.080676906
9594,0.07645074
9595,0.046309218
9596,0.0069006956
9597,0.028473008
9598,0.042148013
9599,0.025967088
9600,0.0060061784
9601,0.04561783
9602,0.07416777
9603,0.08521686
9604,0.07115412
9605,0.034694415
9606,0.004205485
9607,0.038028833
9608,0.04638579
9609,0.028405417
9610,0.00886278
9611,0.05795051
9612,0.09345109
9613,0.095511705
9614,0.059034932
9615,0.011489755
9616,0.032917492
9617,0.042909894
9618,0.019188693
9619,0.02059342
9620,0.056933198
9621,0.071803465
9622,0.05883273
9623,0.024071567
9624,0.001042645
9625,0.01562685
9626,0.010714827
9627,0.0022989302
9628,0.014042491
9629,0.018023726
9630,0.014895527
9631,0.010042765
9632,0.0050433544
9633,0.00070575305
9634,0.002350975
9635,0.0061908485
9636,0.01176242
9637,0.016709048
9638,0.015689231
9639,0.0045648636
9640,0.016769892
9641,0.039500475
9642,0.045893755
9643,0.02514979
9644,0.028365383
9645,0.07139491
9646,0.08946349
9647,0.056794606
9648,0.013876937
9649,0.09367853
9650,0.12985125
9651,0.11451355
9652,0.04223617
9653,0.059069507
9654,0.14456578
9655,0.16066
9656,0.08771905
9657,0.028751593
9658,0.14495191
9659,0.19408254
9660,0.1507197
9661,0.03202451
9662,0.09656762
9663,0.18064234
9664,0.16744845
9665,0.07140231
9666,0.04580266
9667,0.1505784
9668,0.19299906
9669,0.1460419
9670,0.04964234
9671,0.030612556
9672,0.071696244
9673,0.06415166
9674,0.025328264
9675,0.014909817
9676,0.0426483
9677,0.048526753
9678,0.040858705
9679,0.02540547
9680,0.014850226
9681,0.007937016
9682,0.002875159
9683,0.0008809734
9684,0.0056010676
9685,0.014736974
9686,0.023711307
9687,0.027622262
9688,0.016776636
9689,0.0030077645
9690,0.027393192
9691,0.04072439
9692,0.036742598
9693,0.012880324
9694,0.0104721505
9695,0.021035641
9696,0.0135981655
9697,0.002621567
9698,0.016721204
9699,0.020474723
9700,0.0146967005
9701,0.0050415937
9702,0.0018497099
9703,0.0064898566
9704,0.0060626096
9705,0.0029723747
9706,0.0009471192
9707,0.0047872136
9708,0.006860079
9709,0.0060433815
9710,0.001723393
9711,0.0044291476
9712,0.009078971
9713,0.010361442
9714,0.007398982
9715,0.0005890357
9716,0.0064667566
9717,0.0118385255
9718,0.012612164
9719,0.0066183736
9720,0.0023989286
9721,0.016649496
9722,0.029583288
9723,0.032055162
9724,0.021301094
9725,-0.0001269572
9726,0.026509583
9727,0.0448795
9728,0.03971003
9729,0.0122761475
9730,0.025737986
9731,0.05982657
9732,0.06959432
9733,0.042678867
9734,0.0099239275
9735,0.068028115
9736,0.10392417
9737,0.090935685
9738,0.04583852
9739,0.01959247
9740,0.068676196
9741,0.08083657
9742,0.03244153
9743,0.040710993
9744,0.10963841
9745,0.129699
9746,0.097394615
9747,0.034700923
9748,0.034510262
9749,0.07063283
9750,0.055545367
9751,0.0034809182
9752,0.048841916
9753,0.07846518
9754,0.069455504
9755,0.027949441
9756,0.010382173
9757,0.029473554
9758,0.024068972
9759,0.0019450227
9760,0.020396866
9761,0.029488225
9762,0.022862587
9763,0.011392711
9764,8.983693e-05
9765,0.004067991
9766,0.0016106645
9767,0.0031461178
9768,0.006257929
9769,0.003939258
9770,0.0022958117
9771,0.006900512
9772,0.0073100985
9773,0.001655197
9774,0.0073516937
9775,0.014458524
9776,0.013345083
9777,0.0034825099
9778,0.009036156
9779,0.019322444
9780,0.019740824
9781,0.007435327
9782,0.009732816
9783,0.028145341
9784,0.04020694
9785,0.039505888
9786,0.026629485
9787,0.0070681404
9788,0.016045809
9789,0.030885221
9790,0.028961595
9791,0.009850376
9792,0.017860528
9793,0.043926902
9794,0.055484977
9795,0.04043986
9796,0.015783422
9797,0.02243118
9798,0.04958211
9799,0.059136093
9800,0.03883154
9801,0.0009311207
9802,0.050733052
9803,0.08746332
9804,0.08527566
9805,0.044404596
9806,0.022611625
9807,0.059977073
9808,0.07152368
9809,0.03950611
9810,0.014039898
9811,0.061865717
9812,0.0798828
9813,0.060560342
9814,0.023059797
9815,0.025040923
9816,0.054780137
9817,0.057836257
9818,0.034897972
9819,0.0013586611
9820,0.040248346
9821,0.061552588
9822,0.05649959
9823,0.030305808
9824,0.0059373113
9825,0.04938293
9826,0.062765375
9827,0.04223993
9828,-0.00063757715
9829,0.04349321
9830,0.07110997
9831,0.07095536
9832,0.034588676
9833,0.0075549358
9834,0.039373457
9835,0.038067497
9836,0.008420469
9837,0.02430931
9838,0.045489278
9839,0.04035073
9840,0.023668744
9841,0.0019524258
9842,0.01421405
9843,0.013788075
9844,0.0022576624
9845,0.011699017
9846,0.02168813
9847,0.020075968
9848,0.00947569
9849,0.006595284
9850,0.016173521
9851,0.012646953
9852,0.002859203
9853,0.022597725
9854,0.03249544
9855,0.02004654
9856,0.00482382
9857,0.02296076
9858,0.027625132
9859,0.009978955
9860,0.016311718
9861,0.038980454
9862,0.04168023
9863,0.026295988
9864,0.0014549799
9865,0.021333173
9866,0.029469991
9867,0.020520052
9868,0.00379938
9869,0.012324918
9870,0.023386704
9871,0.02548113
9872,0.020174084
9873,0.010967085
9874,0.0023902229
9875,0.0069805062
9876,0.014093388
9877,0.021583168
9878,0.024870608
9879,0.023619752
9880,0.014282446
9881,0.00071033655
9882,0.02134467
9883,0.03721117
9884,0.037822343
9885,0.021580135
9886,0.008967983
9887,0.039264858
9888,0.056506205
9889,0.052240886
9890,0.026290644
9891,0.0062570977
9892,0.040636342
9893,0.06276364
9894,0.067246884
9895,0.04435528
9896,0.0128918225
9897,0.019865474
9898,0.04935233
9899,0.05260057
9900,0.036032174
9901,0.0013223864
9902,0.03770409
9903,0.07158622
9904,0.0802264
9905,0.0611574
9906,0.024268324
9907,0.026123991
9908,0.05860541
9909,0.065720744
9910,0.040686194
9911,0.0109171085
9912,0.070170194
9913,0.10680743
9914,0.101063475
9915,0.05784477
9916,0.0052237106
9917,0.031108717
9918,0.02900416
9919,0.00050776254
9920,0.039572418
9921,0.060064364
9922,0.055861663
9923,0.03349769
9924,0.011311166
9925,0.00041459492
9926,0.0006014555
9927,0.00441184
9928,0.0069315964
9929,0.0043777344
9930,-2.8221843e-06
9931,0.0014495847
9932,0.0010617275
9933,0.005424019
9934,0.006121795
9935,0.00036438834
9936,0.008786992
9937,0.014370122
9938,0.009927684
9939,0.0033655916
9940,0.020747866
9941,0.030011022
9942,0.025484718
9943,0.012130687
9944,0.0071009067
9945,0.019169437
9946,0.019137643
9947,0.009387214
9948,0.0035847113
9949,0.0165945
9950,0.02428235
9951,0.025881905
9952,0.019670067
9953,0.0070386683
9954,0.00710662
9955,0.014857548
9956,0.016504366
9957,0.009838487
9958,0.0018113686
9959,0.015029346
9960,0.022776235
9961,0.021578046
9962,0.012280218
9963,0.0015033839
9964,0.007701657
9965,0.010684694
9966,0.0063193613
9967,0.0031629826
9968,0.012138736
9969,0.013793837
9970,0.007905832
9971,0.0005889724
9972,0.0061867735
9973,0.004746559
9974,0.00069627713
9975,0.0060066553
9976,0.0066237054
9977,0.0023223911
9978,0.0045836875
9979,0.011442351
9980,0.011608193
9981,0.0034706416
9982,0.008358308
9983,0.019185744
9984,0.019582547
9985,0.008249395
9986,0.014667694
9987,0.030293806
9988,0.03043522
9989,0.013422588
9990,0.01436888
9991,0.038957357
9992,0.04810611
9993,0.03649621
9994,0.00669748
9995,0.02027222
9996,0.03300719
9997,0.02996718
9998,0.011867598
9999,0.010168069
10000,0.029844012
10001,0.038968854
10002,0.034125354
10003,0.017631052
10004,0.00035204127
10005,0.015366571
10006,0.022091374
10007,0.01994143
10008,0.00933197
10009,0.0035573603
10010,0.016822446
10011,0.02541992
10012,0.028801385
10013,0.02675555
10014,0.018834446
10015,0.00540209
10016,0.009544296
10017,0.018544625
10018,0.023249913
10019,0.015825585
10020,0.0005925845
10021,0.024236396
10022,0.041502573
10023,0.040544234
10024,0.016753022
10025,0.01611948
10026,0.04249391
10027,0.0494819
10028,0.031009626
10029,0.0016323894
10030,0.0345487
10031,0.050876945
10032,0.0457613
10033,0.022988448
10034,0.0061108973
10035,0.030328568
10036,0.041867983
10037,0.038055517
10038,0.02107035
10039,0.002109365
10040,0.025916466
10041,0.040681288
10042,0.04097955
10043,0.030903902
10044,0.014064995
10045,0.0035966486
10046,0.0154558
10047,0.017834466
10048,0.012394364
10049,0.004669852
10050,0.0017649936
10051,0.007702727
10052,0.0114774015
10053,0.013877225
10054,0.014902466
10055,0.013253112
10056,0.0076045427
10057,0.0034817774
10058,0.020102018
10059,0.036991734
10060,0.05311712
10061,0.05855315
10062,0.040314376
10063,0.002877496
10064,0.041396
10065,0.07717848
10066,0.07907964
10067,0.04379456
10068,0.019945731
10069,0.080385335
10070,0.11861075
10071,0.10305519
10072,0.046039082
10073,0.025138952
10074,0.09190428
10075,0.1263339
10076,0.11155028
10077,0.06503918
10078,0.013723785
10079,0.07211327
10080,0.100190744
10081,0.09333697
10082,0.04092769
10083,0.01975294
10084,0.075096
10085,0.09888533
10086,0.08591493
10087,0.049780328
10088,0.00912785
10089,0.021071695
10090,0.034636308
10091,0.036194105
10092,0.030626431
10093,0.021106085
10094,0.008763147
10095,0.00385575
10096,0.02238974
10097,0.040535837
10098,0.050347794
10099,0.048099663
10100,0.025928149
10101,0.0034680003
10102,0.033505976
10103,0.048332244
10104,0.037794344
10105,-0.0005040869
10106,0.048309673
10107,0.091254145
10108,0.10775305
10109,0.088988215
10110,0.0401046
10111,0.004413422
10112,0.028196199
10113,0.015651112
10114,0.026810575
10115,0.07721853
10116,0.106320366
10117,0.08694009
10118,0.0411885
10119,0.0045478283
10120,0.02412744
10121,0.005833644
10122,0.037586268
10123,0.08018585
10124,0.08896113
10125,0.06574892
10126,0.020952998
10127,0.014447317
10128,0.024645563
10129,0.0044312226
10130,0.032014586
10131,0.06819113
10132,0.081746615
10133,0.06983626
10134,0.040128097
10135,0.0069473023
10136,0.016834656
10137,0.030724151
10138,0.025591046
10139,0.0001576466
10140,0.038470875
10141,0.083388485
10142,0.11449082
10143,0.10834664
10144,0.074195996
10145,0.013512758
10146,0.029522138
10147,0.038033303
10148,-0.0015266024
10149,0.06646915
10150,0.13030025
10151,0.15129957
10152,0.13024735
10153,0.068814896
10154,0.0021282863
10155,0.038453255
10156,0.033164024
10157,0.009196804
10158,0.070646
10159,0.11882874
10160,0.12449131
10161,0.080507405
10162,0.019769289
10163,0.03557445
10164,0.05124083
10165,0.022179931
10166,0.028684536
10167,0.08060967
10168,0.10416484
10169,0.08394747
10170,0.020504568
10171,0.05707463
10172,0.10356248
10173,0.106490605
10174,0.048524786
10175,0.043264575
10176,0.1264599
10177,0.14627185
10178,0.08436012
10179,0.03440439
10180,0.16603881
10181,0.23279281
10182,0.19062841
10183,0.050250594
10184,0.11423511
10185,0.24098691
10186,0.24975026
10187,0.12893593
10188,0.09137508
10189,0.29459247
10190,0.38540795
10191,0.2933452
10192,0.044607446
10193,0.23240176
10194,0.41472414
10195,0.38636133
10196,0.1927301
10197,0.10561388
10198,0.41491783
10199,0.46074915
10200,0.27070317
10201,0.046944156
10202,0.35727912
10203,0.5138168
10204,0.4774684
10205,0.24993205
10206,0.080172226
10207,0.2624311
10208,0.29795203
10209,0.19448152
10210,-0.0052316803
10211,0.23199508
10212,0.40983245
10213,0.47319487
10214,0.37333927
10215,0.16735706
10216,0.03613435
10217,0.1584863
10218,0.2009844
10219,0.113807075
10220,0.028882185
10221,0.1868139
10222,0.2784097
10223,0.2658747
10224,0.15477353
10225,0.008419607
10226,0.14420763
10227,0.22353385
10228,0.21714456
10229,0.13930286
10230,0.013100799
10231,0.10665968
10232,0.20404777
10233,0.23454522
10234,0.20598055
10235,0.090126395
10236,0.04803132
10237,0.1452728
10238,0.22651143
10239,0.20163834
10240,0.11925369
10241,0.006886548
10242,0.14732923
10243,0.24814904
10244,0.27293688
10245,0.2044196
10246,0.034202173
10247,0.10799562
10248,0.20545052
10249,0.20646106
10250,0.09803325
10251,0.060961574
10252,0.2103817
10253,0.2672611
10254,0.22529076
10255,0.08857878
10256,0.08778863
10257,0.17985764
10258,0.17499132
10259,0.077557504
10260,0.047622833
10261,0.15602937
10262,0.19201596
10263,0.16459748
10264,0.0924221
10265,0.018702582
10266,0.03510462
10267,0.047829792
10268,0.028636878
10269,0.0077055963
10270,0.048500165
10271,0.0750338
10272,0.078875154
10273,0.05074114
10274,0.017540121
10275,0.013379629
10276,0.023977038
10277,0.00933426
10278,0.016889676
10279,0.041091003
10280,0.047836993
10281,0.036795102
10282,0.014848724
10283,0.00043963865
10284,0.0096606985
10285,0.008443365
10286,0.0015821927
10287,0.0060458174
10288,0.0127031505
10289,0.015570702
10290,0.014600437
10291,0.011126334
10292,0.005533504
10293,0.00038572616
10294,0.0037165848
10295,0.0055819834
10296,0.0056842235
10297,0.004149574
10298,0.0013216041
10299,0.0024305182
10300,0.007477534
10301,0.012844668
10302,0.016367145
10303,0.015252706
10304,0.009100487
10305,9.837598e-05
10306,0.007642618
10307,0.010698063
10308,0.007248235
10309,0.00045281535
10310,0.009934347
10311,0.015844433
10312,0.01718041
10313,0.012994263
10314,0.006915553
10315,0.0011223212
10316,0.002263426
10317,0.004772668
10318,0.006021973
10319,0.0062735947
10320,0.0054510264
10321,0.0033277827
10322,-0.00026406246
10323,0.004209006
10324,0.0083207525
10325,0.010771823
10326,0.009506203
10327,0.006118572
10328,0.00038658606
10329,0.0058333063
10330,0.011031842
10331,0.013063173
10332,0.01116605
10333,0.0047643087
10334,0.0043028085
10335,0.014038979
10336,0.019205326
10337,0.016863337
10338,0.010305846
10339,0.0013875741
10340,0.0043764864
10341,0.0061309095
10342,0.0048179445
10343,0.002356693
10344,0.0006903396
10345,0.00017144166
10346,-5.355272e-05
10347,0.0011310884
10348,0.0035074102
10349,0.0065809274
10350,0.008444718
10351,0.007516649
10352,0.0031236755
10353,0.0013098503
10354,0.0048764707
10355,0.005580298
10356,0.004280128
10357,0.0020120922
10358,0.0002530835
10359,0.0004482248
10360,0.0014391373
10361,0.002868104
10362,0.0049938587
10363,0.007373464
10364,0.00893624
10365,0.00756255
10366,0.00320455
10367,0.0061585223
10368,0.013710975
10369,0.02099323
10370,0.021300638
10371,0.0110474005
10372,0.0054561226
10373,0.026022559
10374,0.039512243
10375,0.038683996
10376,0.022659278
10377,0.004444472
10378,0.029480943
10379,0.037053812
10380,0.022997705
10381,-9.965227e-05
10382,0.023808597
10383,0.03709224
10384,0.03648343
10385,0.026007526
10386,0.009366503
10387,0.0043276185
10388,0.011859381
10389,0.0133986045
10390,0.012493278
10391,0.008700057
10392,0.0020292571
10393,0.005133731
10394,0.013750872
10395,0.020243946
10396,0.020449452
10397,0.01410891
10398,0.0055538523
10399,0.0035217148
10400,0.0071670027
10401,0.0076431427
10402,0.0046441453
10403,0.0014319435
10404,0.0011288365
10405,0.0036000637
10406,0.0061900043
10407,0.00852406
10408,0.009375433
10409,0.008413522
10410,0.0048896037
10411,0.00020110056
10412,0.002546106
10413,0.0025027376
10414,0.00044947493
10415,0.001237866
10416,0.0014268435
10417,0.00026285887
10418,0.0014328747
10419,0.0036382782
10420,0.0055668238
10421,0.005564256
10422,0.0018225741
10423,0.005102373
10424,0.012411852
10425,0.012484455
10426,0.00028196938
10427,0.021067055
10428,0.040523596
10429,0.050526224
10430,0.04283659
10431,0.014106901
10432,0.024871014
10433,0.06069989
10434,0.07458793
10435,0.051618353
10436,0.00793472
10437,0.07808094
10438,0.10531398
10439,0.0892538
10440,0.02536362
10441,0.049065895
10442,0.1066975
10443,0.11909817
10444,0.08817558
10445,0.023341807
10446,0.036756266
10447,0.074325405
10448,0.0678963
10449,0.02484604
10450,0.025666095
10451,0.07010309
10452,0.090587795
10453,0.073523045
10454,0.031577848
10455,0.018809216
10456,0.044645797
10457,0.05288646
10458,0.031023754
10459,0.0039599845
10460,0.038812153
10461,0.05428553
10462,0.0442604
10463,0.016595285
10464,0.013020888
10465,0.028526034
10466,0.023635684
10467,0.0040329555
10468,0.01585507
10469,0.026638543
10470,0.022609305
10471,0.011451945
10472,0.0012351756
10473,0.0060439385
10474,0.0017206345
10475,0.00442822
10476,0.006537944
10477,0.003838963
10478,0.0029665078
10479,0.0063518146
10480,0.0038287938
10481,0.0024942863
10482,0.007917971
10483,0.005730413
10484,0.004491863
10485,0.018576171
10486,0.028513176
10487,0.02576325
10488,0.0081512295
10489,0.015975485
10490,0.034647416
10491,0.032573633
10492,0.0020190764
10493,0.041152414
10494,0.07929458
10495,0.08303406
10496,0.04613966
10497,0.012593857
10498,0.073740505
10499,0.10037721
10500,0.0724949
10501,0.012384008
10502,0.0715375
10503,0.1395249
10504,0.14661874
10505,0.08096765
10506,0.017996734
10507,0.12624313
10508,0.1795804
10509,0.159897
10510,0.030191816
10511,0.13701981
10512,0.22766875
10513,0.20226973
10514,0.078775965
10515,0.08385666
10516,0.22182225
10517,0.26973096
10518,0.2159842
10519,0.0757698
10520,0.058010217
10521,0.1384609
10522,0.121482454
10523,0.02578019
10524,0.10355734
10525,0.21305826
10526,0.25468382
10527,0.18952812
10528,0.08409103
10529,0.0570894
10530,0.11857062
10531,0.09565858
10532,-0.0030296121
10533,0.110566124
10534,0.1785799
10535,0.17095362
10536,0.11129463
10537,0.015833395
10538,0.05452359
10539,0.07394716
10540,0.051043015
10541,0.006018875
10542,0.036032148
10543,0.06837118
10544,0.07828369
10545,0.06726083
10546,0.040969606
10547,0.009697799
10548,0.02488751
10549,0.054120272
10550,0.062188376
10551,0.038766652
10552,0.00519691
10553,0.055125814
10554,0.08249706
10555,0.072976425
10556,0.03583032
10557,0.0096594
10558,0.031241942
10559,0.029316109
10560,0.012521455
10561,0.0054648807
10562,0.017094305
10563,0.018902687
10564,0.015776902
10565,0.012276293
10566,0.010118534
10567,0.009613388
10568,0.0086472975
10569,0.005173953
10570,0.0017988305
10571,0.011312147
10572,0.021149835
10573,0.020602565
10574,0.012398801
10575,0.0015718213
10576,0.016071448
10577,0.023319101
10578,0.021261258
10579,0.013671916
10580,0.0036046293
10581,0.0044703567
10582,0.0076672467
10583,0.00786786
10584,0.0077657467
10585,0.0071529453
10586,0.0063619954
10587,0.004134462
10588,0.00025033907
10589,0.0044897306
10590,0.01075119
10591,0.015071315
10592,0.015018936
10593,0.0062482934
10594,0.00670332
10595,0.01910131
10596,0.026209535
10597,0.0235731
10598,0.011114374
10599,0.00477745
10600,0.020175321
10601,0.027683984
10602,0.024427298
10603,0.014357303
10604,0.0009260111
10605,0.010317718
10606,0.019273087
10607,0.021052655
10608,0.016665416
10609,0.0069305296
10610,0.0048055807
10611,0.017527364
10612,0.02556381
10613,0.024175007
10614,0.010825069
10615,0.0101415645
10616,0.030104322
10617,0.03808692
10618,0.02510487
10619,0.00021042826
10620,0.030005591
10621,0.045459174
10622,0.031550765
10623,0.0026217166
10624,0.041843984
10625,0.062185116
10626,0.048970904
10627,0.006337876
10628,0.040730312
10629,0.06717698
10630,0.051797632
10631,0.0050540846
10632,0.053504925
10633,0.08418159
10634,0.064442694
10635,0.008849546
10636,0.05284269
10637,0.08753179
10638,0.07407042
10639,0.02945383
10640,0.034018
10641,0.0725233
10642,0.063421115
10643,0.02045926
10644,0.028195782
10645,0.06323296
10646,0.07100921
10647,0.042115793
10648,0.005415914
10649,0.02431693
10650,0.035029322
10651,0.024376743
10652,0.0018040366
10653,0.019101528
10654,0.030809129
10655,0.028286168
10656,0.014301522
10657,0.0019305967
10658,0.013721136
10659,0.014575766
10660,0.0056032324
10661,0.006126957
10662,0.014557421
10663,0.013984202
10664,0.0063511105
10665,0.00232506
10666,0.0059885103
10667,0.0052820197
10668,0.000380252
10669,0.004020067
10670,0.005629101
10671,0.004214278
10672,0.0014638728
10673,0.00077811885
10674,0.0015810375
10675,0.0011256015
10676,0.00026635587
10677,0.0003352732
10678,0.00047236087
10679,0.0002041329
10680,0.0003088712
10681,0.0010775885
10682,0.0019421022
10683,0.0022879653
10684,0.0015884744
10685,0.0007985454
10686,0.0038905041
10687,0.004891616
10688,0.0003272737
10689,0.009897762
10690,0.022463506
10691,0.032575116
10692,0.033871476
10693,0.02007062
10694,0.00326769
10695,0.031897616
10696,0.04975583
10697,0.044907015
10698,0.008801225
10699,0.06758088
10700,0.13355136
10701,0.15936153
10702,0.11637372
10703,0.0123616075
10704,0.10867614
10705,0.19353867
10706,0.17063613
10707,0.07912153
10708,0.0908531
10709,0.202068
10710,0.21919642
10711,0.13748567
10712,-0.002644332
10713,0.13199906
10714,0.20803654
10715,0.21459316
10716,0.139024
10717,0.04564171
10718,0.058148425
10719,0.11710598
10720,0.114598416
10721,0.07528279
10722,0.0071294773
10723,0.05479385
10724,0.1060886
10725,0.1308267
10726,0.11446716
10727,0.0606291
10728,0.0080067245
10729,0.07849686
10730,0.10681012
10731,0.1005196
10732,0.0400898
10733,0.041159302
10734,0.10986353
10735,0.13425094
10736,0.10043463
10737,0.025823584
10738,0.033165507
10739,0.058199175
10740,0.036727704
10741,0.0021399288
10742,0.036934774
10743,0.049907703
10744,0.039091762
10745,0.018149234
10746,0.0030753186
10747,0.015116399
10748,0.008160787
10749,0.0067153224
10750,0.017370973
10751,0.009761877
10752,0.009347439
10753,0.026058607
10754,0.024119489
10755,0.0023933838
10756,0.02282945
10757,0.030190548
10758,0.013058072
10759,0.024238488
10760,0.06057182
10761,0.062365297
10762,0.028451953
10763,0.021122789
10764,0.062442724
10765,0.06971933
10766,0.04661989
10767,0.010889708
10768,0.05025452
10769,0.06820215
10770,0.0532987
10771,0.015480179
10772,0.024675658
10773,0.05487373
10774,0.062461972
10775,0.05317902
10776,0.031721376
10777,0.0023568284
10778,0.017412854
10779,0.034317736
10780,0.03916921
10781,0.029490465
10782,0.008055255
10783,0.013683054
10784,0.03385898
10785,0.04278171
10786,0.03654431
10787,0.016801177
10788,0.005772201
10789,0.030762155
10790,0.043863926
10791,0.047299474
10792,0.0281509
10793,0.00074192195
10794,0.034829985
10795,0.05881651
10796,0.06321182
10797,0.043366108
10798,0.010524625
10799,0.015510001
10800,0.029691124
10801,0.018787393
10802,0.0034792167
10803,0.025411557
10804,0.034486912
10805,0.027152564
10806,0.014481304
10807,0.0012497301
10808,0.0049174377
10809,0.0016080387
10810,0.0038704167
10811,0.0053789048
10812,0.0010740596
10813,0.003631662
10814,0.0032288749
10815,0.0018689311
10816,0.005887448
10817,0.0025035795
10818,0.013615979
10819,0.027283158
10820,0.027873881
10821,0.008675096
10822,0.017744098
10823,0.037494026
10824,0.03459463
10825,0.007847773
10826,0.02284928
10827,0.043758776
10828,0.04039919
10829,0.0129800495
10830,0.021836903
10831,0.049972273
10832,0.052404754
10833,0.031537514
10834,0.002471359
10835,0.031539414
10836,0.042313077
10837,0.031467833
10838,0.0063372715
10839,0.017577158
10840,0.033953615
10841,0.036869027
10842,0.027475053
10843,0.013010188
10844,0.0048482637
10845,0.015131507
10846,0.021586623
10847,0.021171518
10848,0.016697144
10849,0.009755854
10850,1.0630989e-05
10851,0.010177923
10852,0.021113504
10853,0.028203035
10854,0.02646997
10855,0.012787731
10856,0.015225126
10857,0.045265384
10858,0.07292867
10859,0.07897715
10860,0.047248907
10861,0.0043443786
10862,0.06899734
10863,0.10617902
10864,0.1003335
10865,0.02762439
10866,0.07126497
10867,0.13591504
10868,0.16076703
10869,0.11767408
10870,0.0069199805
10871,0.1103814
10872,0.20235601
10873,0.21526034
10874,0.13046277
10875,0.001258641
10876,0.1223585
10877,0.163908
10878,0.11725712
10879,0.0017377776
10880,0.10882309
10881,0.18074027
10882,0.18656404
10883,0.11854971
10884,0.018988056
10885,0.07266873
10886,0.11907143
10887,0.10674122
10888,0.0494389
10889,0.026769578
10890,0.101580136
10891,0.13610889
10892,0.104235165
10893,0.028127436
10894,0.06939391
10895,0.1184345
10896,0.10033565
10897,0.02509067
10898,0.07026692
10899,0.13669582
10900,0.13896741
10901,0.068707086
10902,0.030760882
10903,0.07988041
10904,0.07149431
10905,0.016582185
10906,0.049622234
10907,0.09633124
10908,0.09448078
10909,0.054978568
10910,0.0033435053
10911,0.035677794
10912,0.03607556
10913,0.005855085
10914,0.026629033
10915,0.04372291
10916,0.03640264
10917,0.012109296
10918,0.011987915
10919,0.02620385
10920,0.022170162
10921,0.009383446
10922,0.005842386
10923,0.018533403
10924,0.02325409
10925,0.019920856
10926,0.010754346
10927,0.001213025
10928,0.01194556
10929,0.01768722
10930,0.016214078
10931,0.009378037
10932,0.00011535655
10933,0.009137433
10934,0.014892926
10935,0.015981728
10936,0.013081336
10937,0.008547343
10938,0.0013990699
10939,0.004753143
10940,0.010659208
10941,0.0134086255
10942,0.011097939
10943,0.0053146123
10944,0.0012969782
10945,0.0075071454
10946,0.011040948
10947,0.011498552
10948,0.010452492
10949,0.008392697
10950,0.004286207
10951,0.00034070484
10952,0.007556852
10953,0.019197972
10954,0.027143162
10955,0.02845736
10956,0.01820254
10957,0.0010922565
10958,0.02562081
10959,0.042686693
10960,0.040289074
10961,0.019714376
10962,0.006574196
10963,0.032679945
10964,0.04730269
10965,0.04157858
10966,0.01645863
10967,0.0142791215
10968,0.04281084
10969,0.05739712
10970,0.05460987
10971,0.037045114
10972,0.013336908
10973,0.005384614
10974,0.0119525455
10975,0.012973316
10976,0.009609363
10977,0.0055058002
10978,0.002058363
10979,-0.00032299315
10980,0.0032393094
10981,0.008501215
10982,0.014721007
10983,0.020266576
10984,0.022675876
10985,0.01730236
10986,0.006944002
10987,0.005634916
10988,0.019294485
10989,0.023488354
10990,0.01896943
10991,0.0042742975
10992,0.01307238
10993,0.030990252
10994,0.040595554
10995,0.036798425
10996,0.021358762
10997,0.00070239196
10998,0.0149017945
10999,0.024137435
11000,0.023203075
11001,0.011429988
11002,0.0050034034
11003,0.022699948
11004,0.033313513
11005,0.033373922
11006,0.022895327
11007,0.008459111
11008,0.004916114
11009,0.011843887
11010,0.013389742
11011,0.00963683
11012,0.0034270878
11013,0.0023302669
11014,0.008179822
11015,0.012816725
11016,0.015041209
11017,0.013071929
11018,0.0086827325
11019,0.0006418272
11020,0.0077979127
11021,0.013151249
11022,0.010560054
11023,0.0023976632
11024,0.007688441
11025,0.01553298
11026,0.017818263
11027,0.012699115
11028,0.004177869
11029,0.003998136
11030,0.007984657
11031,0.007202815
11032,0.004429155
11033,0.0006163749
11034,0.0027268906
11035,0.006177287
11036,0.008661406
11037,0.008888505
11038,0.0049082227
11039,0.0033433377
11040,0.014829055
11041,0.024107704
11042,0.02552199
11043,0.016073525
11044,0.0006259685
11045,0.019691428
11046,0.03175359
11047,0.031235268
11048,0.016771482
11049,0.006907063
11050,0.03027294
11051,0.040302567
11052,0.035679277
11053,0.01658029
11054,0.008089526
11055,0.034210246
11056,0.05090977
11057,0.050233148
11058,0.030781833
11059,0.003421698
11060,0.01999818
11061,0.029940186
11062,0.026812604
11063,0.01291258
11064,0.0026790095
11065,0.017012183
11066,0.02656763
11067,0.029448247
11068,0.027431108
11069,0.018059084
11070,0.0051866765
11071,0.018532518
11072,0.040216085
11073,0.05571802
11074,0.05573285
11075,0.036095314
11076,-0.00041543948
11077,0.040130537
11078,0.07099695
11079,0.07138871
11080,0.04205209
11081,0.012203626
11082,0.07413733
11083,0.12062797
11084,0.11304114
11085,0.051744647
11086,0.03745237
11087,0.12534326
11088,0.15878963
11089,0.113309965
11090,0.013147907
11091,0.13994513
11092,0.20939238
11093,0.17801957
11094,0.057313073
11095,0.095162846
11096,0.21775772
11097,0.2339189
11098,0.13145871
11099,0.039475147
11100,0.1862393
11101,0.22725803
11102,0.13910833
11103,0.02058216
11104,0.1778426
11105,0.23914583
11106,0.19288656
11107,0.04042973
11108,0.09689674
11109,0.18595228
11110,0.15542096
11111,0.04911038
11112,0.06905576
11113,0.1564525
11114,0.17001668
11115,0.11070188
11116,0.0029695388
11117,0.094018646
11118,0.15211059
11119,0.11840704
11120,0.023256391
11121,0.08290913
11122,0.15214953
11123,0.15292037
11124,0.06766143
11125,0.027549801
11126,0.115450636
11127,0.11586996
11128,0.041295763
11129,0.05261792
11130,0.12198199
11131,0.134936
11132,0.08529867
11133,0.01674877
11134,0.053639956
11135,0.08103109
11136,0.054386545
11137,0.001326948
11138,0.05792021
11139,0.084683895
11140,0.069749825
11141,0.030180234
11142,0.020717373
11143,0.064741775
11144,0.065814815
11145,0.032589007
11146,0.017242122
11147,0.06613539
11148,0.0875049
11149,0.07008005
11150,0.02306098
11151,0.050480947
11152,0.09086559
11153,0.09178155
11154,0.040960394
11155,0.03559442
11156,0.116006166
11157,0.14810404
11158,0.10734342
11159,0.0023555118
11160,0.115392424
11161,0.21797031
11162,0.21593103
11163,0.09380769
11164,0.07647748
11165,0.23273428
11166,0.28160584
11167,0.20015237
11168,0.008876889
11169,0.20940888
11170,0.31155118
11171,0.25939587
11172,0.03537074
11173,0.21309751
11174,0.3978822
11175,0.41362906
11176,0.25242275
11177,0.004004866
11178,0.2049117
11179,0.26302266
11180,0.20031855
11181,0.036000624
11182,0.12624627
11183,0.23871724
11184,0.26048645
11185,0.19113354
11186,0.050472263
11187,0.0713937
11188,0.15522835
11189,0.16736612
11190,0.11737402
11191,0.028300988
11192,0.06065606
11193,0.13602203
11194,0.16637382
11195,0.14041302
11196,0.06374359
11197,0.039198313
11198,0.12432873
11199,0.17038968
11200,0.14807804
11201,0.06289082
11202,0.046837352
11203,0.14812294
11204,0.1895999
11205,0.16601303
11206,0.05066608
11207,0.06849806
11208,0.15545812
11209,0.17526007
11210,0.1072169
11211,-0.0014109686
11212,0.11573379
11213,0.192296
11214,0.17583357
11215,0.080081545
11216,0.024160175
11217,0.12642795
11218,0.1724847
11219,0.14124721
11220,0.034653116
11221,0.08714307
11222,0.18299673
11223,0.19697638
11224,0.11968853
11225,0.0063392734
11226,0.12798807
11227,0.20015094
11228,0.17018452
11229,0.06046161
11230,0.08044116
11231,0.20081745
11232,0.23123507
11233,0.12989414
11234,0.017552711
11235,0.16567126
11236,0.23186429
11237,0.17043096
11238,0.019594066
11239,0.14292333
11240,0.24678361
11241,0.23298027
11242,0.113134384
11243,0.041731484
11244,0.15168585
11245,0.1753692
11246,0.10568609
11247,-0.0012363105
11248,0.10660657
11249,0.17231004
11250,0.16604681
11251,0.09483824
11252,0.0037301248
11253,0.062944114
11254,0.09633327
11255,0.087024264
11256,0.024081979
11257,0.045602348
11258,0.103086166
11259,0.12302211
11260,0.099494755
11261,0.04788557
11262,0.0068227844
11263,0.029374797
11264,0.034595795
11265,0.017257918
11266,0.0038583237
11267,0.023945523
11268,0.03578262
11269,0.038191967
11270,0.030670663
11271,0.021035587
11272,0.007921582
11273,0.0014012713
11274,0.009965098
11275,0.015522734
11276,0.016139237
11277,0.010711059
11278,0.0003279858
11279,0.011389088
11280,0.022379538
11281,0.025341418
11282,0.020631738
11283,0.0062664184
11284,0.013761888
11285,0.025991924
11286,0.027518922
11287,0.017017832
11288,0.0005141075
11289,0.021554
11290,0.03672062
11291,0.040418807
11292,0.024565514
11293,-1.6899066e-06
11294,0.017160274
11295,0.022664705
11296,0.012519428
11297,0.0072268303
11298,0.025291827
11299,0.03179234
11300,0.023121126
11301,0.0071795457
11302,0.005863277
11303,0.010821642
11304,0.007224799
11305,-1.8852632e-05
11306,0.0066576255
11307,0.009776335
11308,0.008451105
11309,0.004211747
11310,0.0011841184
11311,0.005021083
11312,0.006817174
11313,0.005719791
11314,0.0024948742
11315,0.0012930227
11316,0.004893337
11317,0.0068353503
11318,0.006537535
11319,0.0037477373
11320,0.0017577879
11321,0.008728179
11322,0.014592114
11323,0.016337795
11324,0.012691803
11325,0.0028271873
11326,0.0086059645
11327,0.018991558
11328,0.02178291
11329,0.014268017
11330,0.0022916012
11331,0.025737992
11332,0.041352376
11333,0.045700096
11334,0.035701193
11335,0.01079779
11336,0.017890945
11337,0.046066243
11338,0.06175223
11339,0.05687044
11340,0.032741573
11341,0.01490172
11342,0.06597013
11343,0.0853799
11344,0.081109494
11345,0.03649903
11346,0.02803314
11347,0.09843815
11348,0.1305924
11349,0.106668696
11350,0.025849417
11351,0.094394416
11352,0.17284083
11353,0.18241133
11354,0.1146146
11355,-0.002509825
11356,0.10894611
11357,0.17865312
11358,0.17799735
11359,0.10794578
11360,0.008339335
11361,0.08578554
11362,0.1431213
11363,0.14656645
11364,0.09502459
11365,0.014005104
11366,0.06726661
11367,0.13256638
11368,0.14924185
11369,0.11764554
11370,0.049845997
11371,0.017101357
11372,0.07544656
11373,0.097231574
11374,0.08363836
11375,0.040969085
11376,0.016020045
11377,0.0712412
11378,0.1006922
11379,0.09846509
11380,0.07182082
11381,0.027089078
11382,0.012421492
11383,0.035268463
11384,0.038340412
11385,0.024682123
11386,0.0070767
11387,0.0076436694
11388,0.018930854
11389,0.025314424
11390,0.028562631
11391,0.028994374
11392,0.025370752
11393,0.015716413
11394,0.003017869
11395,0.02462413
11396,0.043965537
11397,0.051087607
11398,0.04372548
11399,0.021735603
11400,0.006473225
11401,0.036256954
11402,0.056065198
11403,0.06119022
11404,0.04813596
11405,0.01428563
11406,0.021422138
11407,0.052566268
11408,0.07493873
11409,0.06713768
11410,0.025695553
11411,0.028640548
11412,0.07950803
11413,0.10093501
11414,0.073284976
11415,0.00065003673
11416,0.06778445
11417,0.10329076
11418,0.08756531
11419,0.024763197
11420,0.046423655
11421,0.09965225
11422,0.10812738
11423,0.07105897
11424,0.004492904
11425,0.071223415
11426,0.095401175
11427,0.054925762
11428,0.013990293
11429,0.08070838
11430,0.10551449
11431,0.068030566
11432,0.0053936006
11433,0.070560016
11434,0.09349822
11435,0.0651166
11436,0.0018449998
11437,0.05962438
11438,0.09678514
11439,0.08763331
11440,0.03826977
11441,0.043738503
11442,0.11318675
11443,0.13876083
11444,0.10014157
11445,0.0070979106
11446,0.09780803
11447,0.16916499
11448,0.15044709
11449,0.050069597
11450,0.08140632
11451,0.15250957
11452,0.15094866
11453,0.054508574
11454,0.061086208
11455,0.14902838
11456,0.15956965
11457,0.10342577
11458,0.022664499
11459,0.045382902
11460,0.07127758
11461,0.054944906
11462,0.01400032
11463,0.027895367
11464,0.057100154
11465,0.05954896
11466,0.045244105
11467,0.014571112
11468,0.0077037285
11469,0.016181264
11470,0.010119874
11471,0.0018740674
11472,0.011823704
11473,0.013406993
11474,0.0074862707
11475,0.0006813835
11476,0.0024382412
11477,0.0011210799
11478,0.0017192755
11479,0.0025908537
11480,0.0007038967
11481,0.0074060583
11482,0.014149997
11483,0.018990004
11484,0.015856948
11485,0.004815966
11486,0.01054293
11487,0.025713155
11488,0.029831935
11489,0.010069296
11490,0.031369273
11491,0.06471582
11492,0.08053952
11493,0.066674076
11494,0.014281809
11495,0.04672783
11496,0.09241293
11497,0.094491705
11498,0.04667595
11499,0.019190213
11500,0.079747885
11501,0.1188402
11502,0.09548373
11503,0.02993274
11504,0.055174533
11505,0.12532172
11506,0.14332178
11507,0.0949111
11508,0.016048554
11509,0.07322883
11510,0.11673885
11511,0.1050398
11512,0.048797973
11513,0.023418691
11514,0.0875456
11515,0.118012704
11516,0.10912821
11517,0.074229054
11518,0.017492518
11519,0.023966357
11520,0.047470603
11521,0.047821525
11522,0.025942815
11523,-0.000714667
11524,0.027025694
11525,0.048031315
11526,0.053574357
11527,0.047566853
11528,0.01993079
11529,0.006278406
11530,0.03258366
11531,0.04292419
11532,0.030811816
11533,0.0008627495
11534,0.029946296
11535,0.048852492
11536,0.045049034
11537,0.02205236
11538,0.00729694
11539,0.02391737
11540,0.024312392
11541,0.01065443
11542,0.0056196917
11543,0.01771024
11544,0.021316778
11545,0.01569301
11546,0.008765973
11547,0.0021631464
11548,0.0010127871
11549,0.0017250256
11550,0.00062124233
11551,0.00070287863
11552,0.0014542443
11553,0.0014400647
11554,0.0008657547
11555,0.00026154617
11556,1.3285884e-05
11557,1.8416682e-05
11558,0.0002649031
11559,0.0015617697
11560,0.0035554906
11561,0.005747704
11562,0.0064431285
11563,0.0036266015
11564,0.0016743517
11565,0.008180663
11566,0.010458582
11567,0.0053186277
11568,0.0074285693
11569,0.026933705
11570,0.03874381
11571,0.03601361
11572,0.016043698
11573,0.012627513
11574,0.041284695
11575,0.050221864
11576,0.03003534
11577,0.014274569
11578,0.055757165
11579,0.07182823
11580,0.056404483
11581,0.00699093
11582,0.043859545
11583,0.07498224
11584,0.07371343
11585,0.040511914
11586,0.0072603403
11587,0.021000443
11588,0.026878247
11589,0.021271309
11590,0.008766073
11591,0.0017966669
11592,0.011554563
11593,0.018414307
11594,0.021349922
11595,0.020925766
11596,0.012722764
11597,0.0012867501
11598,0.011282228
11599,0.015902374
11600,0.009525082
11601,0.0026737163
11602,0.013490678
11603,0.015649822
11604,0.008646149
11605,0.0010364829
11606,0.0017977306
11607,0.0004530032
11608,0.0019956757
11609,0.0012669651
11610,0.008947906
11611,0.012104225
11612,0.006133596
11613,0.00638172
11614,0.016055202
11615,0.011593964
11616,0.003286557
11617,0.023939036
11618,0.03914056
11619,0.033776738
11620,0.00780229
11621,0.02111689
11622,0.043584764
11623,0.042596016
11624,0.024269283
11625,0.004804195
11626,0.037868243
11627,0.05043543
11628,0.041150518
11629,0.008981723
11630,0.026783237
11631,0.053969316
11632,0.061887547
11633,0.046992615
11634,0.0114432145
11635,0.021426866
11636,0.039061703
11637,0.030091807
11638,0.0013844874
11639,0.027706502
11640,0.044400442
11641,0.038290113
11642,0.013907247
11643,0.008457576
11644,0.01879948
11645,0.013701361
11646,0.0004273792
11647,0.01088972
11648,0.015280161
11649,0.011984874
11650,0.0059325495
11651,0.0008437099
11652,0.0013954045
11653,0.0012191961
11654,-4.9692317e-06
11655,0.0009477978
11656,0.0011435708
11657,0.0006244592
11658,7.743163e-05
11659,3.106804e-05
11660,0.00025957625
11661,0.00039882917
11662,0.0029850288
11663,0.007817693
11664,0.009530687
11665,0.0051605427
11666,0.005025549
11667,0.016644578
11668,0.019217253
11669,0.009641743
11670,0.014677472
11671,0.038408376
11672,0.039779156
11673,0.016132992
11674,0.019842852
11675,0.053234335
11676,0.06115083
11677,0.040023856
11678,0.008022184
11679,0.058371898
11680,0.07711265
11681,0.055493608
11682,0.005320762
11683,0.046795156
11684,0.08129701
11685,0.08373721
11686,0.040150885
11687,0.013928503
11688,0.060247455
11689,0.07926252
11690,0.07086672
11691,0.033902563
11692,0.012052319
11693,0.056781285
11694,0.08394007
11695,0.08380638
11696,0.052608576
11697,0.006800216
11698,0.031813323
11699,0.054868598
11700,0.04804287
11701,0.023183145
11702,0.0043916116
11703,0.027690366
11704,0.03973474
11705,0.04057762
11706,0.034011073
11707,0.019008905
11708,0.0016374239
11709,0.02069545
11710,0.033566117
11711,0.030324895
11712,0.011408811
11713,0.012621514
11714,0.03164639
11715,0.034123857
11716,0.023827918
11717,0.007464765
11718,0.0032232767
11719,0.004824623
11720,0.0010866879
11721,0.0066165193
11722,0.007195046
11723,0.00093952555
11724,0.0057291733
11725,0.006002503
11726,-7.7967205e-05
11727,0.008501637
11728,0.011631472
11729,0.0046300855
11730,0.011702683
11731,0.027914092
11732,0.03367898
11733,0.013911225
11734,0.019633837
11735,0.051169578
11736,0.056731787
11737,0.032386146
11738,0.008342866
11739,0.048069578
11740,0.064308465
11741,0.055502273
11742,0.02833776
11743,0.0029953727
11744,0.038147807
11745,0.063812144
11746,0.07269456
11747,0.046564724
11748,0.007974491
11749,0.039401267
11750,0.08259996
11751,0.09308403
11752,0.071674764
11753,0.014440535
11754,0.050542574
11755,0.11133184
11756,0.13212357
11757,0.09846367
11758,0.04404604
11759,0.043687463
11760,0.091702536
11761,0.110831544
11762,0.07408543
11763,0.0003658454
11764,0.06851043
11765,0.11245074
11766,0.11689002
11767,0.078008704
11768,0.02472424
11769,0.03458634
11770,0.073593825
11771,0.08763529
11772,0.06848193
11773,0.026272424
11774,0.020903848
11775,0.06555857
11776,0.08869382
11777,0.08161793
11778,0.050715856
11779,0.0010694986
11780,0.03518146
11781,0.05396465
11782,0.05160435
11783,0.032892007
11784,0.004060656
11785,0.021857426
11786,0.044305924
11787,0.053657297
11788,0.046079867
11789,0.02303511
11790,0.0026743703
11791,0.029678306
11792,0.03826862
11793,0.030438269
11794,0.0080853645
11795,0.016642798
11796,0.036127783
11797,0.042828966
11798,0.034221224
11799,0.01777214
11800,0.0057191676
11801,0.0014524709
11802,0.0032089613
11803,0.0012721822
11804,0.0006071091
11805,0.0012505829
11806,0.0006360105
11807,0.00033114664
11808,0.0014000484
11809,0.0020550587
11810,0.0015326679
11811,0.0002957147
11812,0.0030957533
11813,0.0050355652
11814,0.004877266
11815,0.0007452025
11816,0.005132793
11817,0.011011522
11818,0.014886767
11819,0.014254555
11820,0.008430407
11821,0.0012737915
11822,0.013135742
11823,0.021345044
11824,0.018053446
11825,0.005409146
11826,0.012442243
11827,0.02589162
11828,0.027145488
11829,0.015410774
11830,0.0030749433
11831,0.020981893
11832,0.029357541
11833,0.024895221
11834,0.010034862
11835,0.009913421
11836,0.029302502
11837,0.03951155
11838,0.03743688
11839,0.023849515
11840,-0.0007536813
11841,0.027681587
11842,0.048475813
11843,0.052387286
11844,0.022288052
11845,0.028091846
11846,0.07962684
11847,0.13257839
11848,0.13317531
11849,0.074892715
11850,0.023279263
11851,0.13042618
11852,0.17903326
11853,0.122786365
11854,0.03396914
11855,0.21668617
11856,0.31414706
11857,0.2683457
11858,0.089325786
11859,0.15030804
11860,0.34146267
11861,0.3514682
11862,0.19361004
11863,0.08389617
11864,0.29293802
11865,0.35452542
11866,0.24676448
11867,-0.006247758
11868,0.25342727
11869,0.39230573
11870,0.35297784
11871,0.16425061
11872,0.07567485
11873,0.2684253
11874,0.27095017
11875,0.15398248
11876,0.02721395
11877,0.20401709
11878,0.2848524
11879,0.24087933
11880,0.10596258
11881,0.0327687
11882,0.14761508
11883,0.14957024
11884,0.07232915
11885,0.028785069
11886,0.112916894
11887,0.1464306
11888,0.1147098
11889,0.0612475
11890,0.0048717065
11891,0.02624186
11892,0.038873043
11893,0.031339187
11894,0.017159916
11895,0.0015853823
11896,0.010867515
11897,0.023357607
11898,0.032964744
11899,0.037061796
11900,0.031456254
11901,0.012533205
11902,0.020296337
11903,0.050592266
11904,0.06754316
11905,0.058317423
11906,0.01941326
11907,0.028865905
11908,0.07145054
11909,0.081421845
11910,0.0543623
11911,0.00373044
11912,0.058038734
11913,0.08692914
11914,0.07131892
11915,0.0090948725
11916,0.06320388
11917,0.120470285
11918,0.12791403
11919,0.09415785
11920,0.025192037
11921,0.02865545
11922,0.043831356
11923,0.025832761
11924,0.007455106
11925,0.03741278
11926,0.050448313
11927,0.04756718
11928,0.035371214
11929,0.02215126
11930,0.008007381
11931,0.0046842475
11932,0.015919728
11933,0.022861438
11934,0.019701988
11935,0.004215895
11936,0.018716192
11937,0.042693596
11938,0.055800665
11939,0.044257246
11940,0.018928904
11941,0.007124634
11942,0.027164562
11943,0.028565979
11944,0.008996453
11945,0.019762289
11946,0.047214594
11947,0.05900807
11948,0.046766024
11949,0.020014849
11950,0.008979316
11951,0.023114158
11952,0.015022511
11953,0.004504509
11954,0.02367372
11955,0.028147718
11956,0.017217994
11957,0.0020966015
11958,0.006569221
11959,0.0057897815
11960,0.0015464049
11961,0.007443206
11962,0.0065245554
11963,2.1937747e-05
11964,0.0064666327
11965,0.0064308643
11966,0.00080746214
11967,0.0059776385
11968,0.008025196
11969,0.0039571435
11970,0.0058131046
11971,0.0115518905
11972,0.011836504
11973,0.0030574196
11974,0.0070771277
11975,0.013377313
11976,0.012415281
11977,0.005851638
11978,0.0016143403
11979,0.0063587236
11980,0.007728894
11981,0.0064239744
11982,0.0035087375
11983,-0.00020481006
11984,0.0033392904
11985,0.006254445
11986,0.008121924
11987,0.007460171
11988,0.0055155563
11989,0.0016792181
11990,0.0031561104
11991,0.006371799
11992,0.0076603466
11993,0.005850559
11994,0.0018115771
11995,0.0024276327
11996,0.0060688993
11997,0.008121828
11998,0.007961242
11999,0.0059382105
12000,0.0028851214
12001,0.0010057752
12002,0.004289725
12003,0.0062770774
12004,0.0062607285
12005,0.004188936
12006,0.0003936507
12007,0.003825822
12008,0.0076789306
12009,0.008999229
12010,0.0072819856
12011,0.0030134076
12012,0.001700202
12013,0.004644184
12014,0.0052334717
12015,0.0029394263
12016,0.0007395491
12017,0.004333242
12018,0.0057265423
12019,0.0042409957
12020,0.00048599252
12021,0.002970033
12022,0.003912656
12023,0.0027990316
12024,3.9751387e-05
12025,0.0028055096
12026,0.004033236
12027,0.0034466803
12028,0.0016417406
12029,0.0009980062
12030,0.0023864014
12031,0.0030125706
12032,0.002715962
12033,0.0017228452
12034,3.0516792e-05
12035,0.0015668834
12036,0.0029219303
12037,0.0035075867
12038,0.0032228366
12039,0.002263204
12040,0.00023536773
12041,0.003134834
12042,0.009131061
12043,0.017675377
12044,0.027534328
12045,0.033902023
12046,0.03180837
12047,0.013331463
12048,0.015876073
12049,0.048000775
12050,0.058910374
12051,0.027277168
12052,0.045634612
12053,0.1378837
12054,0.19634596
12055,0.18388402
12056,0.07998719
12057,0.06684488
12058,0.21154916
12059,0.25208655
12060,0.18243006
12061,0.014457891
12062,0.2379931
12063,0.32029405
12064,0.2817472
12065,0.10814706
12066,0.10602869
12067,0.29366013
12068,0.35943338
12069,0.2679464
12070,0.05295098
12071,0.15785764
12072,0.34586957
12073,0.34534085
12074,0.19336085
12075,0.04651902
12076,0.289329
12077,0.40541384
12078,0.3549274
12079,0.13307478
12080,0.12642713
12081,0.27340162
12082,0.2528863
12083,0.09080271
12084,0.10912386
12085,0.25287977
12086,0.27724883
12087,0.19664024
12088,0.06310859
12089,0.06047295
12090,0.1231551
12091,0.0983426
12092,0.009560967
12093,0.0807867
12094,0.1336089
12095,0.123153
12096,0.05598783
12097,0.031975996
12098,0.08804251
12099,0.094778165
12100,0.041338854
12101,0.033644542
12102,0.09668278
12103,0.10176405
12104,0.055361226
12105,0.015070574
12106,0.07974369
12107,0.095884286
12108,0.06270115
12109,0.0044167256
12110,0.07249883
12111,0.10217183
12112,0.07889475
12113,0.01535144
12114,0.05312896
12115,0.09343115
12116,0.082997076
12117,0.0312641
12118,0.029952569
12119,0.078444324
12120,0.09011464
12121,0.06508373
12122,0.023506826
12123,0.03210831
12124,0.06099431
12125,0.059049625
12126,0.037231002
12127,-0.0011219514
12128,0.036570616
12129,0.061063606
12130,0.06409805
12131,0.042778116
12132,0.0034475618
12133,0.038893573
12134,0.06915902
12135,0.068527386
12136,0.043084502
12137,0.0022466737
12138,0.056310523
12139,0.087906495
12140,0.08166812
12141,0.020763543
12142,0.051958397
12143,0.09639308
12144,0.10936928
12145,0.053899087
12146,0.02724198
12147,0.102560356
12148,0.12471731
12149,0.08276063
12150,0.0029780602
12151,0.07182043
12152,0.092790045
12153,0.062084798
12154,0.0002841422
12155,0.054890025
12156,0.08303034
12157,0.076712586
12158,0.04051687
12159,0.0047142073
12160,0.035191298
12161,0.04924515
12162,0.040107332
12163,0.0120600695
12164,0.018921591
12165,0.04483163
12166,0.052863557
12167,0.0397412
12168,0.010633214
12169,0.022930222
12170,0.04796171
12171,0.052872695
12172,0.03424741
12173,-0.0008810698
12174,0.035782397
12175,0.05913776
12176,0.058545295
12177,0.027181927
12178,0.014689149
12179,0.051487807
12180,0.06743276
12181,0.049784075
12182,0.009150924
12183,0.036853034
12184,0.071445815
12185,0.07035547
12186,0.035591487
12187,0.020582536
12188,0.06274793
12189,0.083510704
12190,0.062201593
12191,0.00825941
12192,0.047538627
12193,0.08473395
12194,0.08279683
12195,0.0440698
12196,0.0045162067
12197,0.06207773
12198,0.07976003
12199,0.06781818
12200,0.0250767
12201,0.029994134
12202,0.08346856
12203,0.104717165
12204,0.08882823
12205,0.03173146
12206,0.044309936
12207,0.09010563
12208,0.08266219
12209,0.018726623
12210,0.062033594
12211,0.12070599
12212,0.1078117
12213,0.034129668
12214,0.057913836
12215,0.11698664
12216,0.11143702
12217,0.035980783
12218,0.060201906
12219,0.12976578
12220,0.13259853
12221,0.07968158
12222,0.00731397
12223,0.07619809
12224,0.07582052
12225,0.02528336
12226,0.04128665
12227,0.090506665
12228,0.10010037
12229,0.07032649
12230,0.019908344
12231,0.022181304
12232,0.038066506
12233,0.027614107
12234,0.0017205293
12235,0.021968925
12236,0.035758156
12237,0.03473112
12238,0.02375212
12239,0.0056087496
12240,0.011775001
12241,0.0201366
12242,0.020109644
12243,0.012233444
12244,-8.608366e-05
12245,0.010583216
12246,0.01889915
12247,0.022418657
12248,0.019047147
12249,0.010572403
12250,0.0019056703
12251,0.015918218
12252,0.025100425
12253,0.024777316
12254,0.013535052
12255,0.0042361873
12256,0.025177997
12257,0.039297212
12258,0.0342544
12259,0.0079074185
12260,0.025963334
12261,0.058666725
12262,0.05726008
12263,0.025260802
12264,0.018947942
12265,0.058489393
12266,0.07016931
12267,0.04804773
12268,0.011029496
12269,0.027273599
12270,0.06413696
12271,0.06577546
12272,0.04468906
12273,-0.00013457274
12274,0.0477464
12275,0.08335389
12276,0.09405575
12277,0.056225546
12278,0.0036432194
12279,0.06536723
12280,0.09350374
12281,0.079502456
12282,0.029272664
12283,0.031432454
12284,0.08238717
12285,0.100181386
12286,0.080529384
12287,0.03204541
12288,0.013190419
12289,0.04699149
12290,0.05783666
12291,0.044568155
12292,0.020032259
12293,0.006024351
12294,0.030201733
12295,0.044518318
12296,0.048583865
12297,0.04020204
12298,0.025297066
12299,0.003977443
12300,0.01757786
12301,0.033725508
12302,0.050440717
12303,0.051604886
12304,0.037247498
12305,0.011422975
12306,0.017032852
12307,0.04686389
12308,0.064907715
12309,0.061621666
12310,0.034385715
12311,0.011180232
12312,0.06934393
12313,0.117355466
12314,0.13383746
12315,0.09891614
12316,0.02039894
12317,0.06781232
12318,0.14854978
12319,0.17880984
12320,0.13380475
12321,0.04730929
12322,0.071402416
12323,0.14408611
12324,0.1795329
12325,0.1285549
12326,0.020348478
12327,0.10232965
12328,0.20357077
12329,0.23244509
12330,0.15099615
12331,0.033953886
12332,0.09769156
12333,0.17461976
12334,0.15103802
12335,0.037752114
12336,0.08542364
12337,0.17706856
12338,0.18028766
12339,0.10771558
12340,0.012802074
12341,0.05278327
12342,0.092528604
12343,0.069471836
12344,0.014754461
12345,0.036463723
12346,0.07002792
12347,0.0761594
12348,0.05967102
12349,0.02581236
12350,0.0057444223
12351,0.020547288
12352,0.02326422
12353,0.015175387
12354,0.001972198
12355,0.010034872
12356,0.019194834
12357,0.022397194
12358,0.0185189
12359,0.011613309
12360,0.0027446817
12361,0.004095619
12362,0.005425306
12363,0.0033630808
12364,0.00013578184
12365,0.003238897
12366,0.0046040965
12367,0.0041424735
12368,0.0030510493
12369,0.0018867002
12370,0.0010345372
12371,0.00047171008
12372,0.00013562557
12373,0.0012434862
12374,0.0032406724
12375,0.0059860125
12376,0.00794673
12377,0.007614933
12378,0.0034250454
12379,0.0038467876
12380,0.01111478
12381,0.012659117
12382,0.0070429957
12383,0.008381596
12384,0.021944847
12385,0.028106837
12386,0.02127631
12387,0.0033887096
12388,0.015497562
12389,0.029296836
12390,0.030307453
12391,0.016599603
12392,0.0043185335
12393,0.035007868
12394,0.05111219
12395,0.053648453
12396,0.033811163
12397,0.0005846844
12398,0.043874394
12399,0.073151276
12400,0.07286025
12401,0.03977987
12402,0.027959114
12403,0.09414973
12404,0.11500795
12405,0.08157409
12406,-0.0010416373
12407,0.09987929
12408,0.15996307
12409,0.14976096
12410,0.041755
12411,0.10692324
12412,0.18726847
12413,0.20052966
12414,0.12516107
12415,-0.0004383307
12416,0.1385326
12417,0.22280927
12418,0.21523616
12419,0.10009315
12420,0.0517114
12421,0.18732734
12422,0.24653079
12423,0.21125998
12424,0.07852964
12425,0.08010928
12426,0.21840915
12427,0.26340693
12428,0.19367392
12429,0.053766638
12430,0.12602355
12431,0.23121049
12432,0.22666688
12433,0.12157692
12434,0.031298824
12435,0.18420632
12436,0.27001032
12437,0.23068419
12438,0.10327758
12439,0.024106728
12440,0.10834086
12441,0.11731377
12442,0.051210497
12443,0.02817216
12444,0.08898665
12445,0.10341154
12446,0.0762545
12447,0.038885236
12448,0.00399734
12449,0.02275079
12450,0.027545787
12451,0.013442714
12452,0.0055023246
12453,0.02290188
12454,0.02883405
12455,0.020297706
12456,0.0018917464
12457,0.0150253065
12458,0.02101788
12459,0.01149041
12460,0.0064196065
12461,0.02132132
12462,0.021129267
12463,0.0057078893
12464,0.01685116
12465,0.03822513
12466,0.044250883
12467,0.024604425
12468,0.009459026
12469,0.04375941
12470,0.05614975
12471,0.033401746
12472,0.013914139
12473,0.06964065
12474,0.1018897
12475,0.10021478
12476,0.04174799
12477,0.033717662
12478,0.10708887
12479,0.12994912
12480,0.0913677
12481,0.013248522
12482,0.064373836
12483,0.13128188
12484,0.14025812
12485,0.09790778
12486,0.023184955
12487,0.057267163
12488,0.1276328
12489,0.15533358
12490,0.12403546
12491,0.045636024
12492,0.05370946
12493,0.13946448
12494,0.16456762
12495,0.12067278
12496,0.02840699
12497,0.069304906
12498,0.14294538
12499,0.1547558
12500,0.11151519
12501,0.03985882
12502,0.023368163
12503,0.073576346
12504,0.08320058
12505,0.059970073
12506,0.015415333
12507,0.028716082
12508,0.06601866
12509,0.07916282
12510,0.06437137
12511,0.030273143
12512,0.003617921
12513,0.021801118
12514,0.018728869
12515,0.0046705073
12516,0.007869519
12517,0.013349742
12518,0.010591997
12519,0.005131049
12520,9.9786805e-05
12521,0.0036574886
12522,0.0058885505
12523,0.0041608005
12524,0.0020262739
12525,0.0100331
12526,0.012412664
12527,0.004580441
12528,0.011323323
12529,0.026829239
12530,0.032898463
12531,0.025308724
12532,0.0071717915
12533,0.012402887
12534,0.028214613
12535,0.03294343
12536,0.025076387
12537,0.0074949493
12538,0.013407681
12539,0.028327432
12540,0.033085816
12541,0.024292542
12542,0.0074296794
12543,0.012317258
12544,0.030283514
12545,0.036479585
12546,0.029566359
12547,0.013608289
12548,0.014764434
12549,0.037348494
12550,0.045162775
12551,0.03541378
12552,0.009451321
12553,0.024691701
12554,0.05510018
12555,0.0581355
12556,0.02742859
12557,0.01381742
12558,0.06344187
12559,0.07292319
12560,0.041463315
12561,0.010891045
12562,0.059183564
12563,0.078524955
12564,0.05510907
12565,0.014958774
12566,0.026701845
12567,0.04081145
12568,0.028095156
12569,0.0014361053
12570,0.022941869
12571,0.0360055
12572,0.032088656
12573,0.016138596
12574,0.0008565638
12575,0.010293036
12576,0.011179015
12577,0.004690689
12578,0.00322217
12579,0.008895769
12580,0.009644944
12581,0.0067135757
12582,0.0028491085
12583,0.000101727215
12584,0.0013105443
12585,0.00030314227
12586,0.001176585
12587,0.0016925196
12588,0.00025590506
12589,0.0019906904
12590,0.003286347
12591,0.0022862554
12592,0.0012591227
12593,0.004857357
12594,0.004490752
12595,0.001650704
12596,0.009162294
12597,0.013518663
12598,0.010201746
12599,0.0004030805
12600,0.01035216
12601,0.015587346
12602,0.013652016
12603,0.005521506
12604,0.0069191223
12605,0.013268415
12606,0.010818348
12607,0.0026423174
12608,0.0071039456
12609,0.013439698
12610,0.012978995
12611,0.006543852
12612,0.00041339884
12613,0.0070447647
12614,0.007030271
12615,0.00254372
12616,0.002928875
12617,0.0065687755
12618,0.0065255337
12619,0.004109725
12620,0.00082563027
12621,0.0014614123
12622,0.0012522386
12623,0.00020213504
12624,0.0015258397
12625,0.0013902343
12626,0.00012620291
12627,0.0022382413
12628,0.003683566
12629,0.003314136
12630,0.0007876952
12631,0.0027617847
12632,0.005265895
12633,0.0034665961
12634,0.0046652476
12635,0.017194774
12636,0.027489275
12637,0.02563626
12638,0.007181159
12639,0.018444609
12640,0.041596066
12641,0.044252004
12642,0.019981794
12643,0.028061714
12644,0.054144382
12645,0.050523885
12646,0.014547009
12647,0.035308644
12648,0.07444857
12649,0.084685214
12650,0.05130573
12651,0.00170755
12652,0.04862171
12653,0.066102676
12654,0.05281513
12655,0.010680451
12656,0.035600726
12657,0.06924305
12658,0.07235088
12659,0.041200776
12660,0.008703923
12661,0.051120088
12662,0.06877569
12663,0.050209273
12664,0.009174418
12665,0.029099299
12666,0.05427625
12667,0.057290867
12668,0.04071689
12669,0.015383861
12670,0.009093217
12671,0.023807937
12672,0.027525391
12673,0.021446764
12674,0.01007236
12675,0.0006334747
12676,0.0103343995
12677,0.016661387
12678,0.019754944
12679,0.02012233
12680,0.017554952
12681,0.009328652
12682,0.005310141
12683,0.02367181
12684,0.035182703
12685,0.03670022
12686,0.023615785
12687,0.0020807665
12688,0.029943617
12689,0.043518472
12690,0.03815204
12691,0.020699043
12692,0.0023546626
12693,0.0091594225
12694,0.013018278
12695,0.012018253
12696,0.011133994
12697,0.0095890965
12698,0.007330123
12699,0.003269747
12700,0.00210504
12701,0.009946835
12702,0.015893249
12703,0.01839438
12704,0.014908528
12705,0.008612806
12706,0.0010650278
12707,0.00810954
12708,0.022192333
12709,0.03290409
12710,0.04321102
12711,0.041341696
12712,0.024462825
12713,0.004629591
12714,0.04015823
12715,0.06321071
12716,0.06364118
12717,0.028321853
12718,0.015355257
12719,0.062831126
12720,0.09118304
12721,0.083603024
12722,0.041879263
12723,0.0126034
12724,0.06664829
12725,0.09728068
12726,0.09352892
12727,0.06486473
12728,0.0024048216
12729,0.052786123
12730,0.09491789
12731,0.10411996
12732,0.085937016
12733,0.041341636
12734,0.017250098
12735,0.08801208
12736,0.13650872
12737,0.13218567
12738,0.08814726
12739,0.022633346
12740,0.118904375
12741,0.14799546
12742,0.12024769
12743,0.029513719
12744,0.06994778
12745,0.14716846
12746,0.15935992
12747,0.1124219
12748,0.052670233
12749,0.024585895
12750,0.0708286
12751,0.08824996
12752,0.07820312
12753,0.03723984
12754,0.013057242
12755,0.06893556
12756,0.10329517
12757,0.09801911
12758,0.052300256
12759,0.022282433
12760,0.083180666
12761,0.117861375
12762,0.086691186
12763,0.013671233
12764,0.06597095
12765,0.12542716
12766,0.14052834
12767,0.088900976
12768,0.004226825
12769,0.060108718
12770,0.078635775
12771,0.05095066
12772,0.008270183
12773,0.06689667
12774,0.09242759
12775,0.080410324
12776,0.03588452
12777,0.012095238
12778,0.0345545
12779,0.03317451
12780,0.006167461
12781,0.02214456
12782,0.04196454
12783,0.04055433
12784,0.026672507
12785,0.0036147116
12786,0.010091879
12787,0.0136944335
12788,0.0066623837
12789,0.0040062307
12790,0.012819565
12791,0.014152489
12792,0.010146587
12793,0.0015283335
12794,0.0048859124
12795,0.005493498
12796,0.0011650426
12797,0.0043614665
12798,0.0066787433
12799,0.003910327
12800,0.0013574428
12801,0.006472556
12802,0.005949173
12803,-5.7687226e-05
12804,0.006433708
12805,0.008181949
12806,0.0039809616
12807,0.0066747945
12808,0.017079558
12809,0.018969776
12810,0.012943784
12811,-0.00010902624
12812,0.014662425
12813,0.024809495
12814,0.024214486
12815,0.0031902408
12816,0.02840524
12817,0.062145665
12818,0.07433707
12819,0.053486288
12820,0.0017171802
12821,0.055983603
12822,0.09333372
12823,0.078333266
12824,0.0059868805
12825,0.09072645
12826,0.17158079
12827,0.18163277
12828,0.10369012
12829,0.02107513
12830,0.15504895
12831,0.2293026
12832,0.1782112
12833,0.036036115
12834,0.13207279
12835,0.24469374
12836,0.24491428
12837,0.1239099
12838,0.05230227
12839,0.2167818
12840,0.28133312
12841,0.21404442
12842,0.048109457
12843,0.11161923
12844,0.23703486
12845,0.22781013
12846,0.123493254
12847,0.034601342
12848,0.18892705
12849,0.26959515
12850,0.23456268
12851,0.12826808
12852,0.011420435
12853,0.09304636
12854,0.13312612
12855,0.11097858
12856,0.04444842
12857,0.029379994
12858,0.09599983
12859,0.13153885
12860,0.13371272
12861,0.094406314
12862,0.026225958
12863,0.03189866
12864,0.065677285
12865,0.07164141
12866,0.044661935
12867,1.7634826e-05
12868,0.046258643
12869,0.073234595
12870,0.07259686
12871,0.051110964
12872,0.009827515
12873,0.023832787
12874,0.042115323
12875,0.042864904
12876,0.02798237
12877,0.003396688
12878,0.018316096
12879,0.0363869
12880,0.04270638
12881,0.03615022
12882,0.013738308
12883,0.015771898
12884,0.04430429
12885,0.05892723
12886,0.04926732
12887,0.014441369
12888,0.030889757
12889,0.070100926
12890,0.079145186
12891,0.051438577
12892,0.018675739
12893,0.07286457
12894,0.092199296
12895,0.052363887
12896,0.02384073
12897,0.096191525
12898,0.113755986
12899,0.057534926
12900,0.047705095
12901,0.12901103
12902,0.15944831
12903,0.09867073
12904,0.017003428
12905,0.1326461
12906,0.17948666
12907,0.14670128
12908,0.030338993
12909,0.06942946
12910,0.15234819
12911,0.15431005
12912,0.071987286
12913,0.035433423
12914,0.1340161
12915,0.1732942
12916,0.13561992
12917,0.036405694
12918,0.06273442
12919,0.14897947
12920,0.14842083
12921,0.080102995
12922,0.02212594
12923,0.12007388
12924,0.16176319
12925,0.15073955
12926,0.0794047
12927,0.0059765684
12928,0.04966305
12929,0.066091835
12930,0.047676552
12931,0.0076095453
12932,0.02883436
12933,0.05381118
12934,0.05958226
12935,0.04920604
12936,0.027875273
12937,0.002366115
12938,0.018892856
12939,0.031657342
12940,0.03342883
12941,0.022106882
12942,0.0016703536
12943,0.018894572
12944,0.03426138
12945,0.036179822
12946,0.023277972
12947,0.002073991
12948,0.01799129
12949,0.027838625
12950,0.022487972
12951,0.0055535696
12952,0.014071624
12953,0.028723735
12954,0.026878055
12955,0.013496087
12956,0.010500298
12957,0.029879725
12958,0.026136229
12959,0.002799685
12960,0.0238436
12961,0.034693092
12962,0.01743903
12963,0.01817069
12964,0.04310951
12965,0.04524487
12966,0.015486056
12967,0.023953483
12968,0.04917084
12969,0.043797072
12970,0.015145688
12971,0.016981373
12972,0.037760396
12973,0.032548
12974,0.00987586
12975,0.014444157
12976,0.031385817
12977,0.03218868
12978,0.020997178
12979,0.0072820187
12980,0.002580214
12981,0.0052919467
12982,0.003746875
12983,0.00066943694
12984,0.0007580363
12985,0.0003723123
12986,0.0014217217
12987,0.004394848
12988,0.007817147
12989,0.009801488
12990,0.007174377
12991,0.0008087879
12992,0.012296696
12993,0.018741095
12994,0.01253189
12995,0.0074221985
12996,0.029298645
12997,0.04326492
12998,0.036634218
12999,0.01237187
13000,0.015671322
13001,0.037888985
13002,0.042373724
13003,0.03308109
13004,0.01462152
13005,0.0029969974
13006,0.016876485
13007,0.021930112
13008,0.017701572
13009,0.010613117
13010,0.0007057431
13011,0.008388273
13012,0.017629169
13013,0.023050858
13014,0.022736901
13015,0.011875972
13016,0.0069698174
13017,0.030551909
13018,0.050059106
13019,0.05243097
13020,0.0320243
13021,0.006697692
13022,0.052873228
13023,0.0740594
13024,0.046859663
13025,0.0075890245
13026,0.0787098
13027,0.1281957
13028,0.10076012
13029,0.012166176
13030,0.087896906
13031,0.14815864
13032,0.117290586
13033,0.001263536
13034,0.15000132
13035,0.22541054
13036,0.19039454
13037,0.046188347
13038,0.13327727
13039,0.2790864
13040,0.29063872
13041,0.17414987
13042,0.020293197
13043,0.20064877
13044,0.22293712
13045,0.10664463
13046,0.08857228
13047,0.26454815
13048,0.33589703
13049,0.25727648
13050,0.08157472
13051,0.08957186
13052,0.18029922
13053,0.14758478
13054,0.009579852
13055,0.13590907
13056,0.22444382
13057,0.19174248
13058,0.07189771
13059,0.066127524
13060,0.15616767
13061,0.1532019
13062,0.0724714
13063,0.04010437
13064,0.14028542
13065,0.16825235
13066,0.11599746
13067,0.029895496
13068,0.05507037
13069,0.08499834
13070,0.06328301
13071,0.004289659
13072,0.058469836
13073,0.09934949
13074,0.09225099
13075,0.041128725
13076,0.019962063
13077,0.05452829
13078,0.051223382
13079,0.021812113
13080,0.015010855
13081,0.046853323
13082,0.056371637
13083,0.047502127
13084,0.023332413
13085,0.0013875305
13086,0.028322278
13087,0.04012109
13088,0.039294444
13089,0.023233881
13090,0.00014624803
13091,0.029928347
13092,0.051949773
13093,0.05842118
13094,0.03916048
13095,0.006998065
13096,0.059829332
13097,0.0987813
13098,0.10410603
13099,0.06476801
13100,-0.00036887336
13101,0.07640487
13102,0.12335014
13103,0.11529838
13104,0.05783234
13105,0.025730358
13106,0.08561428
13107,0.11319437
13108,0.099981524
13109,0.034884416
13110,0.04179299
13111,0.110889085
13112,0.14696974
13113,0.13780852
13114,0.06591722
13115,0.038836367
13116,0.12471663
13117,0.15815538
13118,0.11112194
13119,-0.0022823568
13120,0.11665397
13121,0.18200779
13122,0.15408865
13123,0.04645716
13124,0.07936429
13125,0.15227191
13126,0.12504113
13127,0.037250407
13128,0.0637387
13129,0.13254365
13130,0.13115896
13131,0.0838429
13132,0.00091593404
13133,0.054058757
13134,0.06912751
13135,0.04564916
13136,-4.135887e-06
13137,0.03967371
13138,0.062477283
13139,0.0570625
13140,0.027600417
13141,0.009455795
13142,0.036490545
13143,0.048845105
13144,0.03159093
13145,3.181235e-05
13146,0.034500707
13147,0.05334195
13148,0.049457964
13149,0.021324465
13150,0.022677027
13151,0.051742636
13152,0.052003592
13153,0.027671343
13154,0.011473447
13155,0.050150838
13156,0.064071745
13157,0.04873554
13158,0.0077927895
13159,0.034244105
13160,0.052018434
13161,0.05232598
13162,0.02260074
13163,0.01386583
13164,0.045330368
13165,0.056351583
13166,0.043951146
13167,0.0187141
13168,0.0056505417
13169,0.020618537
13170,0.023609785
13171,0.012372458
13172,0.001125986
13173,0.012984867
13174,0.018801931
13175,0.019477077
13176,0.016365558
13177,0.011816996
13178,0.0077865236
13179,0.0024426738
13180,0.003116731
13181,0.008041269
13182,0.010166726
13183,0.008442918
13184,0.0036290116
13185,0.0022343164
13186,0.0072139762
13187,0.009030796
13188,0.0077340184
13189,0.0046660085
13190,0.0018074281
13191,-1.0273605e-05
13192,0.0011201774
13193,0.001538009
13194,0.0002565117
13195,0.0029743684
13196,0.005752782
13197,0.0010327911
13198,0.01733538
13199,0.042675894
13200,0.06611708
13201,0.06585898
13202,0.034483187
13203,0.016167212
13204,0.06884519
13205,0.09253539
13206,0.059271026
13207,0.0075684884
13208,0.084507026
13209,0.124593265
13210,0.12597016
13211,0.08033511
13212,-0.002619818
13213,0.08311275
13214,0.13717829
13215,0.13912223
13216,0.0867168
13217,0.00078121223
13218,0.08003069
13219,0.12362838
13220,0.12654378
13221,0.077788904
13222,0.0038410013
13223,0.06405
13224,0.11967627
13225,0.1350669
13226,0.1054434
13227,0.045597944
13228,0.019783253
13229,0.08082609
13230,0.13127422
13231,0.126567
13232,0.08091048
13233,0.00056892843
13234,0.08076726
13235,0.14344758
13236,0.15303782
13237,0.10650074
13238,0.03281498
13239,0.07724203
13240,0.14270586
13241,0.14820598
13242,0.096952565
13243,0.0051814457
13244,0.083453774
13245,0.14352202
13246,0.1475953
13247,0.10570906
13248,0.035817724
13249,0.043264173
13250,0.0874497
13251,0.0918038
13252,0.048203994
13253,0.017003806
13254,0.07911546
13255,0.113134004
13256,0.09823419
13257,0.044353988
13258,0.0080342
13259,0.049525354
13260,0.058097884
13261,0.031340137
13262,0.0077607995
13263,0.04203644
13264,0.055548187
13265,0.044277288
13266,0.018752053
13267,0.005641035
13268,0.017142046
13269,0.012953048
13270,-2.4570909e-06
13271,0.010872717
13272,0.014965048
13273,0.011777971
13274,0.0052886684
13275,0.0006730435
13276,1.1564314e-05
13277,0.00027080553
13278,0.0016244149
13279,0.005084631
13280,0.0060358834
13281,0.0023708798
13282,0.0044229617
13283,0.008907706
13284,0.0042040185
13285,0.011091092
13286,0.029620936
13287,0.04000857
13288,0.032870907
13289,0.0045327274
13290,0.033609394
13291,0.058741365
13292,0.051381733
13293,0.012253366
13294,0.044876993
13295,0.07108108
13296,0.049159788
13297,0.0010836873
13298,0.056783
13299,0.08168792
13300,0.06956585
13301,0.030411646
13302,0.0053042094
13303,0.027563484
13304,0.023339575
13305,0.0028836683
13306,0.020663034
13307,0.035690513
13308,0.036697533
13309,0.020544084
13310,0.00097218045
13311,0.014377954
13312,0.016677037
13313,0.0026925365
13314,0.015584
13315,0.024309233
13316,0.014397482
13317,0.007599649
13318,0.027828095
13319,0.03177909
13320,0.015388378
13321,0.010544814
13322,0.031508166
13323,0.03224028
13324,0.011386157
13325,0.016666913
13326,0.03803795
13327,0.038958658
13328,0.018488843
13329,0.009252119
13330,0.031940766
13331,0.040285543
13332,0.034105957
13333,0.0141071025
13334,0.0015711347
13335,0.015459257
13336,0.021487143
13337,0.019308824
13338,0.010371848
13339,0.00046422554
13340,0.012784646
13341,0.021948487
13342,0.024310209
13343,0.018557563
13344,0.0059119035
13345,0.0045399847
13346,0.012980774
13347,0.012559312
13348,0.0063447263
13349,0.0011878095
13350,0.0075566075
13351,0.009834795
13352,0.008728391
13353,0.00588973
13354,0.0030839487
13355,0.001192584
13356,0.00016528364
13357,0.0001869141
13358,3.9212144e-05
13359,0.0009821372
13360,0.0017000706
13361,0.00011399193
13362,0.0069129225
13363,0.017203886
13364,0.026227862
13365,0.029097542
13366,0.01857815
13367,0.0009753014
13368,0.024435973
13369,0.03722102
13370,0.035087273
13371,0.014626696
13372,0.018063184
13373,0.038146287
13374,0.044709258
13375,0.03228164
13376,0.007330239
13377,0.02112914
13378,0.044426255
13379,0.05136661
13380,0.038806863
13381,0.012443247
13382,0.025353508
13383,0.06215716
13384,0.074051365
13385,0.05788905
13386,0.01567115
13387,0.034281906
13388,0.07920676
13389,0.08708137
13390,0.058208536
13391,0.006141507
13392,0.05949097
13393,0.08873511
13394,0.074682355
13395,0.026228415
13396,0.0319712
13397,0.0813378
13398,0.09535974
13399,0.077058524
13400,0.023304475
13401,0.03620056
13402,0.07161027
13403,0.0723927
13404,0.03393674
13405,0.018710209
13406,0.066486984
13407,0.08349286
13408,0.0612755
13409,0.018256307
13410,0.0456737
13411,0.07780125
13412,0.066662215
13413,0.02055616
13414,0.037671626
13415,0.08173667
13416,0.07843966
13417,0.028025445
13418,0.043183565
13419,0.09379491
13420,0.089235164
13421,0.030932054
13422,0.04352753
13423,0.09697737
13424,0.08937726
13425,0.030668251
13426,0.03946428
13427,0.0889894
13428,0.087139785
13429,0.032529805
13430,0.034985274
13431,0.08554466
13432,0.0905812
13433,0.054002225
13434,0.01248096
13435,0.06734768
13436,0.08904945
13437,0.06886408
13438,0.01910397
13439,0.04185163
13440,0.09170601
13441,0.10214354
13442,0.076425366
13443,0.0052647786
13444,0.0853374
13445,0.1227292
13446,0.119047366
13447,0.058782686
13448,0.035642613
13449,0.14196785
13450,0.19857438
13451,0.16586454
13452,0.07321317
13453,0.03397756
13454,0.13753827
13455,0.14509526
13456,0.07744717
13457,0.028620224
13458,0.14071174
13459,0.20476489
13460,0.19031921
13461,0.12528384
13462,0.009056615
13463,0.11822955
13464,0.18489769
13465,0.15981008
13466,0.061959833
13467,0.053391878
13468,0.15852246
13469,0.20365775
13470,0.18592827
13471,0.080636896
13472,0.021920698
13473,0.13520682
13474,0.19519708
13475,0.15311056
13476,0.06415917
13477,0.050600898
13478,0.1543898
13479,0.19408174
13480,0.1548365
13481,0.07651041
13482,0.02721713
13483,0.09474654
13484,0.10716299
13485,0.0648674
13486,0.0012002613
13487,0.05264395
13488,0.08593394
13489,0.09209107
13490,0.069204815
13491,0.034863424
13492,0.0031524657
13493,0.022888985
13494,0.028074965
13495,0.020814437
13496,0.0038269972
13497,0.0113684265
13498,0.02090511
13499,0.021193136
13500,0.016962802
13501,0.010798885
13502,0.0057416814
13503,0.0029558972
13504,0.0010205602
13505,0.0010397938
13506,0.0046760645
13507,0.009343708
13508,0.012299488
13509,0.010206789
13510,0.0015941567
13511,0.00957988
13512,0.018263878
13513,0.016969902
13514,0.0051348615
13515,0.012610155
13516,0.023983862
13517,0.023649087
13518,0.010351673
13519,0.0069906185
13520,0.021471437
13521,0.02538339
13522,0.018462079
13523,0.0038419226
13524,0.009375104
13525,0.01795628
13526,0.019677382
13527,0.013399901
13528,0.0010011623
13529,0.01318514
13530,0.025952686
13531,0.030736107
13532,0.025351837
13533,0.0097823385
13534,0.008596213
13535,0.025326557
13536,0.028657248
13537,0.017046938
13538,0.008158677
13539,0.038319033
13540,0.058485363
13541,0.052560054
13542,0.018945534
13543,0.024674382
13544,0.051477924
13545,0.054041114
13546,0.026037086
13547,0.021987092
13548,0.07002131
13549,0.086397685
13550,0.057325773
13551,0.00400793
13552,0.03945828
13553,0.052274242
13554,0.03537387
13555,0.0012265553
13556,0.035919838
13557,0.050504595
13558,0.04353281
13559,0.027126571
13560,0.0033129563
13561,0.012095023
13562,0.020625822
13563,0.021793015
13564,0.014089475
13565,0.00010572752
13566,0.01489703
13567,0.027420972
13568,0.030328592
13569,0.020709343
13570,0.0027819204
13571,0.01575798
13572,0.01949727
13573,0.009330804
13574,0.006715147
13575,0.020136248
13576,0.02360157
13577,0.017457478
13578,0.006937876
13579,0.004216492
13580,0.011941049
13581,0.0121344095
13582,0.008035103
13583,-0.00012755003
13584,0.008190559
13585,0.013858856
13586,0.0130208265
13587,0.0072782165
13588,6.6458226e-05
13589,0.0051226425
13590,0.005806605
13591,0.0042211674
13592,0.001927721
13593,0.0006475633
13594,0.00061816926
13595,0.0009452295
13596,0.0006838762
13597,0.0009411765
13598,0.0047095246
13599,0.00885038
13600,0.00912773
13601,0.0027560766
13602,0.010955164
13603,0.027519142
13604,0.03809418
13605,0.034957092
13606,0.017579831
13607,0.008483911
13608,0.03803089
13609,0.05278733
13610,0.0441901
13611,0.012975554
13612,0.033083178
13613,0.076308675
13614,0.090980515
13615,0.06846539
13616,0.009315017
13617,0.054449808
13618,0.10434991
13619,0.11060814
13620,0.06794941
13621,0.0039198166
13622,0.06410982
13623,0.113037504
13624,0.107297786
13625,0.054649346
13626,0.018112214
13627,0.08878465
13628,0.12829635
13629,0.12124025
13630,0.07904681
13631,0.00420206
13632,0.06775453
13633,0.102360286
13634,0.09888272
13635,0.04993639
13636,0.013357375
13637,0.07747785
13638,0.11133748
13639,0.10914684
13640,0.06556501
13641,0.016448855
13642,0.035197828
13643,0.06701659
13644,0.07329522
13645,0.054070402
13646,0.012518851
13647,0.03147512
13648,0.07045114
13649,0.0855321
13650,0.06575452
13651,0.029618058
13652,0.022493856
13653,0.05871743
13654,0.07010407
13655,0.055168394
13656,0.017700411
13657,0.02117707
13658,0.055544168
13659,0.07154778
13660,0.066162445
13661,0.03666092
13662,0.0063327695
13663,0.039619666
13664,0.061081212
13665,0.058671717
13666,0.03561096
13667,0.00091115653
13668,0.04045338
13669,0.0675766
13670,0.07625745
13671,0.06643781
13672,0.04564713
13673,0.020782825
13674,0.0041816127
13675,0.028539328
13676,0.038385592
13677,0.027734369
13678,0.0025366647
13679,0.026620775
13680,0.0504663
13681,0.054971293
13682,0.044412334
13683,0.02412323
13684,0.003896751
13685,0.0054729246
13686,0.007819176
13687,0.005814454
13688,0.0025897427
13689,0.00012106815
13690,0.001000548
13691,0.0022017995
13692,0.003217567
13693,0.0040264656
13694,0.0046449676
13695,0.005124996
13696,0.00533159
13697,0.0054200087
13698,0.0037564433
13699,0.00083799945
13700,0.0103977425
13701,0.021778641
13702,0.031489406
13703,0.033126764
13704,0.02187793
13705,-0.00021715503
13706,0.026311046
13707,0.044575393
13708,0.04338246
13709,0.017328797
13710,0.024703678
13711,0.06718173
13712,0.08857675
13713,0.07365262
13714,0.022965321
13715,0.043252062
13716,0.098953076
13717,0.10282222
13718,0.053090163
13719,0.03220465
13720,0.091713876
13721,0.10374453
13722,0.065114215
13723,0.0019970415
13724,0.070720136
13725,0.10732351
13726,0.097090825
13727,0.056818172
13728,0.010942039
13729,0.03041973
13730,0.05698394
13731,0.059146978
13732,0.036941327
13733,0.0038925605
13734,0.057512913
13735,0.09793335
13736,0.10748439
13737,0.0805414
13738,0.019076519
13739,0.042501863
13740,0.076326095
13741,0.0627592
13742,0.014169053
13743,0.046113573
13744,0.09843719
13745,0.117423266
13746,0.09242089
13747,0.037915166
13748,0.031554516
13749,0.07904221
13750,0.07073164
13751,0.0070518744
13752,0.07469971
13753,0.1440204
13754,0.15681207
13755,0.09758705
13756,0.0053453725
13757,0.057968706
13758,0.06423412
13759,0.013083303
13760,0.052284963
13761,0.090371
13762,0.08054541
13763,0.02742381
13764,0.0188964
13765,0.03985766
13766,0.02595156
13767,0.006449568
13768,0.03287732
13769,0.037547253
13770,0.02300992
13771,0.0027088237
13772,0.012586147
13773,0.013040253
13774,0.0050159623
13775,0.004679264
13776,0.011537408
13777,0.012474956
13778,0.005850103
13779,0.006248578
13780,0.018519128
13781,0.024132995
13782,0.017815894
13783,0.0001393279
13784,0.021572128
13785,0.03103754
13786,0.016855946
13787,0.012827949
13788,0.051926173
13789,0.07436758
13790,0.05696278
13791,0.006299504
13792,0.049965248
13793,0.08309194
13794,0.07254481
13795,0.020790832
13796,0.04616646
13797,0.08435566
13798,0.095053114
13799,0.06947277
13800,0.011313569
13801,0.0489927
13802,0.097191796
13803,0.11056883
13804,0.079860754
13805,0.011186762
13806,0.06596444
13807,0.14016016
13808,0.14895503
13809,0.093105115
13810,0.0024257624
13811,0.107684664
13812,0.1737351
13813,0.16323689
13814,0.0790454
13815,0.007993779
13816,0.08281419
13817,0.11638369
13818,0.0805104
13819,0.01217139
13820,0.05440391
13821,0.10279917
13822,0.117152944
13823,0.09086893
13824,0.04198972
13825,0.013366147
13826,0.052328225
13827,0.056507852
13828,0.04320846
13829,0.013042661
13830,0.015912488
13831,0.041609082
13832,0.05270215
13833,0.048643474
13834,0.028928619
13835,0.0013911859
13836,0.027634462
13837,0.046225164
13838,0.045725487
13839,0.027237196
13840,0.0015164489
13841,0.032123063
13842,0.05050141
13843,0.048539624
13844,0.028941805
13845,0.00016311918
13846,0.027045297
13847,0.044961557
13848,0.040690616
13849,0.019429004
13850,0.008761431
13851,0.036158223
13852,0.04859655
13853,0.04303364
13854,0.011055589
13855,0.023065235
13856,0.05367389
13857,0.05749172
13858,0.032100543
13859,0.010606983
13860,0.05526025
13861,0.071492925
13862,0.054058578
13863,0.009602139
13864,0.06791016
13865,0.09507155
13866,0.07072496
13867,0.0012653002
13868,0.07192101
13869,0.11868564
13870,0.10432321
13871,0.038903523
13872,0.060283273
13873,0.114907615
13874,0.112947024
13875,0.04269029
13876,0.06730162
13877,0.16574037
13878,0.18675163
13879,0.09506741
13880,0.07034167
13881,0.19886139
13882,0.22825806
13883,0.13477476
13884,0.026583983
13885,0.18639784
13886,0.25130117
13887,0.19595826
13888,0.042205393
13889,0.087863445
13890,0.18701579
13891,0.16541788
13892,0.06562173
13893,0.052025862
13894,0.14518644
13895,0.17302956
13896,0.14545287
13897,0.07580109
13898,0.0045850044
13899,0.0794028
13900,0.10791977
13901,0.08120744
13902,0.022817133
13903,0.044986024
13904,0.10523563
13905,0.1250535
13906,0.10820974
13907,0.035122987
13908,0.04018877
13909,0.0952019
13910,0.10505859
13911,0.07150032
13912,-0.00253009
13913,0.07246386
13914,0.116724506
13915,0.109571144
13916,0.053543177
13917,0.010207365
13918,0.063480765
13919,0.08621409
13920,0.059808772
13921,0.004418077
13922,0.047520358
13923,0.08633772
13924,0.08830318
13925,0.057967726
13926,0.0029197698
13927,0.044645373
13928,0.058982067
13929,0.0453076
13930,0.005158173
13931,0.03554055
13932,0.06105853
13933,0.056319594
13934,0.025510255
13935,0.019428853
13936,0.05113256
13937,0.061842702
13938,0.036588497
13939,0.0061765364
13940,0.04844372
13941,0.06643297
13942,0.056013014
13943,0.02331244
13944,0.022989854
13945,0.045967594
13946,0.04338399
13947,0.016832337
13948,0.016135845
13949,0.04374155
13950,0.05272396
13951,0.045413163
13952,0.024440272
13953,0.007164642
13954,0.0070898207
13955,0.010174843
13956,0.008952954
13957,0.00481851
13958,0.00093504466
13959,0.0006229793
13960,0.0020734393
13961,0.003264121
13962,0.005091046
13963,0.0073431
13964,0.009597736
13965,0.009733718
13966,0.004564646
13967,0.004361475
13968,0.02139685
13969,0.037459392
13970,0.05319346
13971,0.050191965
13972,0.027816426
13973,0.007448174
13974,0.05037185
13975,0.07918641
13976,0.06991865
13977,0.022340974
13978,0.061504845
13979,0.12600027
13980,0.14777005
13981,0.10998213
13982,0.023120932
13983,0.07162545
13984,0.14668646
13985,0.16060722
13986,0.10401834
13987,0.00433078
13988,0.11973801
13989,0.18255307
13990,0.18276
13991,0.09926048
13992,0.02613059
13993,0.15668085
13994,0.21883936
13995,0.19909018
13996,0.065592505
13997,0.07768253
13998,0.1614486
13999,0.1652302
14000,0.08575672
14001,0.036388967
14002,0.14724435
14003,0.1884567
14004,0.13551925
14005,0.053523652
14006,0.036684968
14007,0.07718414
14008,0.06304424
14009,0.012784231
14010,0.03948733
14011,0.06914361
14012,0.06316587
14013,0.028499488
14014,0.0095882695
14015,0.0317159
14016,0.031671535
14017,0.0059340633
14018,0.023509549
14019,0.038923677
14020,0.02838135
14021,0.0038452954
14022,0.034741588
14023,0.046633344
14024,0.035337396
14025,0.006714063
14026,0.025009444
14027,0.046183884
14028,0.045010824
14029,0.01900528
14030,0.017310588
14031,0.069301404
14032,0.09261695
14033,0.085039124
14034,0.039748475
14035,0.026532484
14036,0.09174178
14037,0.11949944
14038,0.092304856
14039,0.0018730132
14040,0.08803482
14041,0.14223756
14042,0.1313467
14043,0.058349214
14044,0.0334543
14045,0.119599625
14046,0.16062723
14047,0.1353259
14048,0.06775421
14049,0.0014991763
14050,0.05663835
14051,0.06279481
14052,0.030756615
14053,0.015593804
14054,0.058817964
14055,0.07922988
14056,0.07133289
14057,0.04722546
14058,0.02523038
14059,0.0077842325
14060,0.001850352
14061,0.0064256876
14062,0.008952011
14063,0.009862797
14064,0.009438887
14065,0.005733298
14066,0.00216582
14067,0.015477731
14068,0.029484553
14069,0.03443798
14070,0.02333837
14071,0.0025596991
14072,0.02996455
14073,0.035478894
14074,0.017937375
14075,0.020402223
14076,0.057900265
14077,0.06271441
14078,0.030917771
14079,0.026319196
14080,0.060396653
14081,0.051656913
14082,0.0040915753
14083,0.077855244
14084,0.114196934
14085,0.07768984
14086,0.022491572
14087,0.11800098
14088,0.15099983
14089,0.08590591
14090,0.027891675
14091,0.14079611
14092,0.1807286
14093,0.13480264
14094,0.014158396
14095,0.16992332
14096,0.22462028
14097,0.17060246
14098,0.019849978
14099,0.13814273
14100,0.23881632
14101,0.23683807
14102,0.13704358
14103,0.022629017
14104,0.16704129
14105,0.20826647
14106,0.11537448
14107,0.02519145
14108,0.16226283
14109,0.21890262
14110,0.19318387
14111,0.07664801
14112,0.048472468
14113,0.12142478
14114,0.12514475
14115,0.070957944
14116,0.0017757998
14117,0.06999908
14118,0.10739774
14119,0.106096774
14120,0.08438708
14121,0.04815841
14122,0.009035352
14123,0.026271045
14124,0.050263435
14125,0.05603869
14126,0.045416523
14127,0.017611358
14128,0.019669961
14129,0.0613706
14130,0.08731011
14131,0.08510192
14132,0.040836945
14133,0.02588476
14134,0.08115981
14135,0.095892996
14136,0.06497181
14137,0.0013189225
14138,0.060980067
14139,0.10096291
14140,0.09051965
14141,0.049669746
14142,0.0022271252
14143,0.051256344
14144,0.060531974
14145,0.040012643
14146,0.0038441839
14147,0.02538277
14148,0.04263839
14149,0.044181872
14150,0.034862276
14151,0.020268135
14152,0.0056821327
14153,0.010892989
14154,0.025040157
14155,0.033566635
14156,0.03287499
14157,0.018184723
14158,0.002743033
14159,0.027046537
14160,0.0415195
14161,0.039502822
14162,0.025026182
14163,0.0012879127
14164,0.013701639
14165,0.018823126
14166,0.014523683
14167,0.0064746095
14168,0.00038381346
14169,0.002679023
14170,0.004762091
14171,0.0064909775
14172,0.008836703
14173,0.011546401
14174,0.012982106
14175,0.009897004
14176,3.8454975e-05
14177,0.016457807
14178,0.03585944
14179,0.0501773
14180,0.051053487
14181,0.033965487
14182,0.0019451999
14183,0.031497896
14184,0.058249276
14185,0.063020594
14186,0.040543325
14187,0.0007354616
14188,0.04538423
14189,0.09422076
14190,0.11021551
14191,0.0913652
14192,0.039210647
14193,0.023636805
14194,0.090752296
14195,0.12637004
14196,0.11684102
14197,0.059942257
14198,0.025445975
14199,0.10319884
14200,0.15254402
14201,0.14365238
14202,0.09321607
14203,0.003799405
14204,0.08477958
14205,0.15359007
14206,0.17134242
14207,0.12424418
14208,0.0284379
14209,0.07970042
14210,0.15429302
14211,0.15794058
14212,0.083860226
14213,0.015549459
14214,0.11580377
14215,0.16631415
14216,0.14855903
14217,0.089848354
14218,0.0059523843
14219,0.067717016
14220,0.07582648
14221,0.03912297
14222,0.0132748755
14223,0.058064584
14224,0.07181751
14225,0.055063713
14226,0.023034351
14227,0.005132253
14228,0.015848814
14229,0.010357714
14230,0.0025577315
14231,0.013001588
14232,0.014413137
14233,0.006244301
14234,0.006652549
14235,0.017626517
14236,0.0192284
14237,0.009741764
14238,0.006977367
14239,0.022464925
14240,0.024552329
14241,0.0059165293
14242,0.027318737
14243,0.058965106
14244,0.06959964
14245,0.048427008
14246,0.0006597324
14247,0.049225572
14248,0.08630657
14249,0.09091222
14250,0.060108196
14251,0.0077033225
14252,0.0682875
14253,0.093483865
14254,0.068217784
14255,0.007543662
14256,0.055177145
14257,0.101270914
14258,0.10080837
14259,0.058573157
14260,0.003196189
14261,0.056011263
14262,0.07239613
14263,0.050294846
14264,0.0012889454
14265,0.046514682
14266,0.071638554
14267,0.06505789
14268,0.03554566
14269,0.00095315615
14270,0.016272306
14271,0.012978895
14272,0.0006993108
14273,0.008610835
14274,0.010997492
14275,0.007847232
14276,0.0031788254
14277,0.00010040685
14278,0.0022449272
14279,0.004316015
14280,0.004598542
14281,0.0015050382
14282,0.0037426583
14283,0.008007856
14284,0.0064105494
14285,0.0019024458
14286,0.013699043
14287,0.022969674
14288,0.022393994
14289,0.010703146
14290,0.0067324056
14291,0.023308251
14292,0.02952225
14293,0.019320788
14294,0.0012953177
14295,0.020269997
14296,0.029770978
14297,0.024447355
14298,0.003970683
14299,0.018617002
14300,0.03358316
14301,0.031103266
14302,0.009669361
14303,0.0152541455
14304,0.033705954
14305,0.041250393
14306,0.021117324
14307,0.011967688
14308,0.04469791
14309,0.054723907
14310,0.03305207
14311,0.008823422
14312,0.036838233
14313,0.047753338
14314,0.029154968
14315,0.00510635
14316,0.037382893
14317,0.051329046
14318,0.0414729
14319,0.01170246
14320,0.015546043
14321,0.0314074
14322,0.028236767
14323,0.008379117
14324,0.017997133
14325,0.038677562
14326,0.0411759
14327,0.02325458
14328,0.0011123437
14329,0.018020201
14330,0.02275418
14331,0.014091704
14332,0.0024749942
14333,0.01838761
14334,0.025541618
14335,0.023772953
14336,0.012337242
14337,0.0048199794
14338,0.01986381
14339,0.028044436
14340,0.026779927
14341,0.013214534
14342,0.0062719304
14343,0.02640757
14344,0.036719006
14345,0.02924665
14346,0.009640133
14347,0.01920648
14348,0.04004986
14349,0.04874861
14350,0.031696156
14351,0.0004045883
14352,0.03152995
14353,0.057142362
14354,0.060222015
14355,0.044584885
14356,0.003041727
14357,0.045007106
14358,0.07961223
14359,0.087156154
14360,0.058721848
14361,0.00024944567
14362,0.074137144
14363,0.1236765
14364,0.11278405
14365,0.036416
14366,0.050791055
14367,0.12897317
14368,0.12860341
14369,0.047644068
14370,0.061523285
14371,0.14868437
14372,0.17426555
14373,0.1099516
14374,0.0045195953
14375,0.08096967
14376,0.09929254
14377,0.0585718
14378,0.009501662
14379,0.07081391
14380,0.0945971
14381,0.070619084
14382,0.03159498
14383,0.021420226
14384,0.0444181
14385,0.037364203
14386,0.011344015
14387,0.017704245
14388,0.037623834
14389,0.038926303
14390,0.022723317
14391,0.0016367845
14392,0.022707937
14393,0.028344683
14394,0.016016554
14395,0.005803739
14396,0.026142288
14397,0.031935744
14398,0.01586154
14399,0.0060384073
14400,0.028321756
