step,reward
1,3e-05
2,3.6300004e-05
3,0.00034680005
4,1.6875001e-05
5,6.75e-07
6,1.6875001e-05
7,0.00023520003
8,0.0008427
9,7.680001e-05
10,7.2074996e-05
11,0.0007056751
12,3.3075e-05
13,5.0700004e-05
14,1.2675001e-05
15,0.00058080006
16,0.0020667
17,0.00015187502
18,0.0011531999
19,0.0018252002
20,0.000924075
21,7.680001e-05
22,0.00026107504
23,0.0034992
24,0.00045630004
25,0.00034680005
26,0.000279075
27,0.00013867502
28,2.1675003e-05
29,1.4700002e-05
30,0.0001323
31,0.002296875
32,0.0053868005
33,9.72e-05
34,9.72e-05
35,2.7074999e-05
36,0.00014520001
37,0.0024570748
38,0.0063948
39,0.00026107504
40,0.00013867502
41,0.0012480749
42,5.8800008e-05
43,0.00010267501
44,2.7e-06
45,0.000108299995
46,0.0018723003
47,0.00032669998
48,0.00032669998
49,0.00036750003
50,0.0033390748
51,0.0050310753
52,6.075e-06
53,3.9675004e-05
54,0.00075000006
55,0.0001728
56,0.002091675
57,0.005187676
58,0.000226875
59,0.00015187502
60,0.00014520001
61,0.001062075
62,1.08e-05
63,6.3075e-05
64,0.0009408001
65,0.0030300752
66,0.000195075
67,0.0013668751
68,8.670001e-05
69,0.00034680005
70,1.2000002e-06
71,7.5e-06
72,2.43e-05
73,0.00030720004
74,3.3075e-05
75,0.00024367501
76,1.9200002e-05
77,0.000165675
78,0.00036750003
79,1.6875001e-05
80,1.08e-05
81,0.00010267501
82,1.875e-06
83,6.075e-06
84,1.9200002e-05
85,0.00033667503
86,0.00079567503
87,0.0007056751
88,0.00012
89,0.000180075
90,0.0013668751
91,0.0023232002
92,0.0015987
93,2.1675003e-05
94,0.0007803
95,0.0020172002
96,0.0024300003
97,0.0014490751
98,0.000210675
99,0.00018750002
100,0.0001323
101,0.001287075
102,0.0025392002
103,6.7500005e-05
104,0.00045630004
105,0.0010443002
106,0.0011907001
107,3.0000004e-07
108,0.00010267501
109,7.680001e-05
110,0.00018750002
111,0.0028518748
112,0.00041070004
113,0.00030720004
114,0.000210675
115,7.680001e-05
116,1.2000002e-06
117,0.0002187
118,0.0018723003
119,0.004800675
120,0.005838076
121,0.0032448003
122,8.1674996e-05
123,0.00029767503
124,0.003796875
125,0.008619075
126,0.009666075
127,0.0055080755
128,0.0008586751
129,0.000226875
130,0.0026508
131,0.0042483
132,0.0027936753
133,0.0005292
134,7.2074996e-05
135,0.00063480006
136,0.00033667503
137,7.680001e-05
138,0.000210675
139,0.0022446748
140,0.0033390748
141,1.875e-06
142,0.00015870002
143,0.00034680005
144,0.004212675
145,0.00035707498
146,0.00011407501
147,0.00032669998
148,2.7e-06
149,0.0009075
150,0.0034992
151,0.0045018755
152,0.002142075
153,0.00012
154,0.0026508
155,0.000399675
156,0.00042187504
157,0.0051090755
158,0.00058080006
159,0.00041070004
160,0.00029767503
161,0.0015768749
162,0.000621075
163,0.00033667503
164,0.0009408001
165,0.0013668751
166,0.0014076749
167,0.011583676
168,0.00036750003
169,2.7e-06
170,7.680001e-05
171,0.00026107504
172,0.00043319998
173,0.000516675
174,0.000516675
175,0.00048
176,0.004356075
177,0.00028829998
178,0.0013872002
179,0.0013067999
180,4.32e-05
181,0.00029767503
182,0.0051483
183,0.000957675
184,0.0094518745
185,0.018154802
186,0.00020280002
187,8.670001e-05
188,0.000226875
189,0.0030603004
190,0.009612301
191,0.00073507504
192,0.0006912
193,0.00081120007
194,0.00073507504
195,0.005589675
196,0.0063948
197,2.7074999e-05
198,0.00033667503
199,0.0006075001
200,0.0075842994
201,0.0165675
202,0.017496677
203,0.0091875
204,0.00010267501
205,0.00029767503
206,0.00034680005
207,0.004356075
208,0.0006912
209,0.0073008006
210,0.0165675
211,0.0005292
212,0.0002523
213,0.0022188004
214,0.0029403002
215,0.000826875
216,0.00046807507
217,0.0061776754
218,0.0008586751
219,0.007970701
220,0.00081120007
221,0.0058800005
222,0.008926875
223,1.4700002e-05
224,7.680001e-05
225,0.0016206751
226,0.00037807503
227,0.00050430006
228,0.0006912
229,0.0074418755
230,0.0134832
231,0.010156801
232,0.0020418752
233,0.0005547001
234,0.008316676
235,0.017787674
236,0.019126875
237,0.00010267501
238,2.43e-05
239,6.3075e-05
240,5.8800008e-05
241,1.4700002e-05
242,6.075e-06
243,0.00050430006
244,0.0024030753
245,0.0046875
246,0.0001323
247,0.000676875
248,0.0010800001
249,0.00081120007
250,1.875e-06
251,1.08e-05
252,1.4700002e-05
253,2.7074999e-05
254,7.2074996e-05
255,0.0013668751
256,0.0043200003
257,0.007068676
258,0.0069311997
259,1.08e-05
260,6.3075e-05
261,7.680001e-05
262,0.00023520003
263,0.0005547001
264,0.008019675
265,0.018154802
266,0.018081075
267,6.75e-07
268,0.0015123001
269,0.0057546757
270,0.0106032
271,0.000399675
272,0.0031212
273,0.0063074995
274,0.005187676
275,0.0008427
276,0.0013467001
277,0.0010092
278,0.0011531999
279,0.0012288002
280,0.0113490755
281,0.0006627
282,0.000195075
283,0.001026675
284,0.0007650751
285,2.7074999e-05
286,0.0005547001
287,0.00015187502
288,0.00013867502
289,0.00015187502
290,0.0015987
291,0.00015187502
292,9.72e-05
293,0.0008427
294,3.9675004e-05
295,0.000108299995
296,6.75e-07
297,1.6875001e-05
298,3.9675004e-05
299,0.000567675
300,9.187501e-05
301,0.0009075
302,0.0020172002
303,0.0021930751
304,4.8000006e-06
305,9.075001e-06
306,1.4700002e-05
307,0.00032669998
308,0.00010267501
309,0.000165675
310,0.00023520003
311,0.0026226752
312,0.004725075
313,4.32e-05
314,0.0
315,3.6750005e-06
316,1.6875001e-05
317,4.6875004e-05
318,0.0007650751
319,0.0019926752
320,9.187501e-05
321,0.00063480006
322,0.0011346751
323,1.08e-05
324,1.875e-06
325,7.5e-06
326,0.000180075
327,5.4675e-05
328,9.72e-05
329,0.00015870002
330,0.00192
331,0.003933075
332,6.3075e-05
333,3.6750005e-06
334,1.875e-06
335,0.0002187
336,0.0001323
337,0.00024367501
338,0.00036750003
339,0.004071675
340,0.0071610743
341,0.004800675
342,7.680001e-05
343,0.0026226752
344,0.0071610743
345,0.0003888
346,0.003151875
347,0.00035707498
348,0.00024367501
349,0.00013867502
350,2.7074999e-05
351,3.0000004e-07
352,0.0006075001
353,0.0027936753
354,0.00018750002
355,0.00097470003
356,9.075001e-06
357,1.4700002e-05
358,0.00045630004
359,8.670001e-05
360,5.4675e-05
361,0.00027000002
362,0.000108299995
363,4.32e-05
364,9.72e-05
365,0.00010267501
366,6.7500005e-05
367,0.00037807503
368,3.0000004e-07
369,0.00011407501
370,7.2074996e-05
371,0.000957675
372,0.00012607501
373,0.0010092
374,0.0015552
375,0.0007650751
376,5.8800008e-05
377,0.000180075
378,0.000279075
379,0.00036750003
380,0.00042187504
381,0.0040368
382,0.00024367501
383,6.3075e-05
384,0.000210675
385,6.075e-06
386,5.8800008e-05
387,0.00089107506
388,0.0018960749
389,0.0015768749
390,7.5e-06
391,5.8800008e-05
392,0.000648675
393,4.32e-05
394,6.075e-06
395,1.2000002e-06
396,0.00011407501
397,4.6875004e-05
398,4.6875004e-05
399,0.00027000002
400,1.2000002e-06
401,7.2074996e-05
402,0.0016206751
403,0.004953675
404,0.00026107504
405,0.0015987
406,0.0021930751
407,0.00081120007
408,0.00015187502
409,0.0031827001
410,0.008517676
411,0.0113490755
412,0.00015187502
413,0.0006912
414,8.1674996e-05
415,4.6875004e-05
416,0.00020280002
417,7.5e-06
418,0.00011407501
419,0.0023763
420,0.007254075
421,0.00044467498
422,0.00034680005
423,0.0034347004
424,0.00018750002
425,0.00049207505
426,1.6875001e-05
427,0.0001728
428,0.002910675
429,0.0071610743
430,0.00018750002
431,0.000567675
432,1.2000002e-06
433,7.680001e-05
434,0.00048
435,0.000826875
436,0.0005292
437,1.9200002e-05
438,0.00050430006
439,6.7500005e-05
440,0.00043319998
441,1.08e-05
442,1.2000002e-06
443,9.075001e-06
444,0.0001728
445,1.9200002e-05
446,1.2675001e-05
447,1.2675001e-05
448,1.6875001e-05
449,3e-05
450,5.8800008e-05
451,0.00075000006
452,0.0015552
453,0.0013467001
454,0.00029767503
455,9.187501e-05
456,0.000195075
457,0.0023232002
458,0.00028829998
459,0.00027000002
460,0.0030906748
461,0.00033667503
462,0.0025668752
463,0.000165675
464,0.00073507504
465,6.75e-07
466,0.00027000002
467,0.002142075
468,0.00043319998
469,0.0049922997
470,0.011001674
471,0.010773076
472,0.004002075
473,2.1675003e-05
474,0.0008427
475,0.0010800001
476,0.0116427
477,0.0011346751
478,0.008619075
479,0.0006912
480,0.00042187504
481,0.0036630754
482,0.0053067002
483,0.0025668752
484,0.0001323
485,0.0028227004
486,0.0063948
487,0.0070227003
488,0.004356075
489,0.0013266751
490,7.680001e-05
491,1.6875001e-05
492,6.75e-07
493,3.6750005e-06
494,9.075001e-06
495,1.08e-05
496,8.1674996e-05
497,0.00024367501
498,0.00046807507
499,0.0007203
500,0.008068801
501,0.015255077
502,0.012180676
503,0.0029403002
504,0.0006075001
505,0.0094518745
506,0.019584075
507,0.000516675
508,0.0032448003
509,0.00042187504
510,0.0038307
511,0.0068403
512,3.9675004e-05
513,1.9200002e-05
514,0.0006627
515,0.00023520003
516,0.002970075
517,0.000399675
518,0.000316875
519,0.00027000002
520,0.0020418752
521,0.0024300003
522,2.7e-06
523,5.8800008e-05
524,7.680001e-05
525,7.680001e-05
526,5.8800008e-05
527,3.9675004e-05
528,0.00028829998
529,1.08e-05
530,2.7e-06
531,3.3075e-05
532,0.000108299995
533,0.00023520003
534,1.6875001e-05
535,0.000195075
536,0.00046807507
537,0.00046807507
538,3.0000004e-07
539,8.670001e-05
540,3.6300004e-05
541,6.3075e-05
542,0.00010267501
543,0.0001323
544,0.0001323
545,0.00010267501
546,0.0006627
547,0.000567675
548,1.6875001e-05
549,0.000516675
550,0.0011907001
551,1.2675001e-05
552,2.7e-06
553,2.43e-05
554,0.00044467498
555,6.7500005e-05
556,0.00045630004
557,0.00043319998
558,9.075001e-06
559,0.0001323
560,0.0019440751
561,0.000210675
562,0.00011407501
563,0.00079567503
564,1.9200002e-05
565,3.0000004e-07
566,6.75e-07
567,7.500001e-08
568,7.500001e-08
569,1.2000002e-06
570,1.875e-06
571,2.43e-05
572,0.000648675
573,0.00018750002
574,0.0002523
575,0.00028829998
576,0.002511675
577,0.0031212
578,0.000826875
579,0.0002523
580,0.000516675
581,0.00063480006
582,0.006660301
583,0.000594075
584,0.00037807503
585,0.0035643002
586,0.0057131997
587,0.0034347004
588,9.187501e-05
589,0.0026226752
590,0.00045630004
591,0.000516675
592,0.000676875
593,0.0007803
594,0.007394701
595,0.00048
596,0.002296875
597,5.0700004e-05
598,0.0
599,9.187501e-05
600,8.1674996e-05
601,0.000180075
602,0.00032669998
603,0.00046807507
604,0.005187676
605,0.009398701
606,0.006660301
607,0.00089107506
608,0.0005547001
609,0.0009075
610,0.001062075
611,0.001171875
612,0.001171875
613,0.0010800001
614,0.0090306755
615,0.0124848
616,0.0054675005
617,0.0003888
618,0.0077280756
619,0.0168507
620,0.00037807503
621,0.0013467001
622,0.0014700001
623,0.00032669998
624,0.00034680005
625,0.00033667503
626,0.0035316749
627,0.006091875
628,3.6300004e-05
629,1.875e-06
630,0.00015187502
631,3.3075e-05
632,2.43e-05
633,0.000180075
634,0.00018750002
635,5.0700004e-05
636,4.8000006e-06
637,3e-05
638,1.2000002e-06
639,8.670001e-05
640,0.00032669998
641,0.00048
642,1.875e-06
643,9.075001e-06
644,1.4700002e-05
645,4.32e-05
646,0.0006912
647,0.00012607501
648,0.00013867502
649,0.0015123001
650,0.0026226752
651,1.08e-05
652,4.6875004e-05
653,0.00058080006
654,0.00015870002
655,0.002091675
656,0.000316875
657,0.0028227004
658,0.0002187
659,0.0011163
660,1.4700002e-05
661,1.2675001e-05
662,0.00050430006
663,0.00018750002
664,0.0024300003
665,0.0056718756
666,0.006134701
667,0.0029403002
668,0.00011407501
669,0.0013467001
670,0.0049152006
671,0.006134701
672,0.00363
673,0.00063480006
674,8.670001e-05
675,4.6875004e-05
676,7.680001e-05
677,3.9675004e-05
678,0.00015870002
679,0.002296875
680,0.0046500755
681,3.6300004e-05
682,2.43e-05
683,0.0011531999
684,0.0054675005
685,0.0007203
686,0.0075842994
687,0.015870001
688,0.00026107504
689,1.08e-05
690,1.08e-05
691,0.0007203
692,0.0035316749
693,0.00768
694,0.00033667503
695,0.0024843
696,0.0002523
697,0.000165675
698,0.0013067999
699,3.3075e-05
700,3.6750005e-06
701,0.00024367501
702,0.0017327999
703,0.0042483
704,0.0002187
705,0.0016650752
706,0.002970075
707,2.1675003e-05
708,1.875e-06
709,3.3075e-05
710,8.670001e-05
711,0.0012480749
712,0.0001728
713,0.001491075
714,0.00012607501
715,0.0008427
716,0.0012096752
717,1.2000002e-06
718,9.075001e-06
719,2.1675003e-05
720,3.6300004e-05
721,0.00044467498
722,0.00089107506
723,0.000826875
724,0.00037807503
725,7.2074996e-05
726,6.075e-06
727,1.9200002e-05
728,1.4700002e-05
729,0.00014520001
730,8.1674996e-05
731,6.3075e-05
732,0.000279075
733,0.000594075
734,0.0008586751
735,0.0008748
736,0.0068403
737,0.00015870002
738,7.5e-06
739,0.001026675
740,0.000516675
741,0.00063480006
742,0.0006627
743,0.005589675
744,0.0076320753
745,0.0032760752
746,2.7e-06
747,0.004212675
748,0.0115248
749,0.0003888
750,0.0021675
751,0.000180075
752,0.00011407501
753,8.1674996e-05
754,0.00044467498
755,0.000279075
756,4.8000006e-06
757,9.187501e-05
758,0.001026675
759,6.7500005e-05
760,0.00029767503
761,0.00024367501
762,1.6875001e-05
763,0.00013867502
764,4.6875004e-05
765,0.00035707498
766,0.000399675
767,3.6300004e-05
768,0.000108299995
769,0.0020418752
770,0.0056306995
771,0.00027000002
772,0.0015987
773,0.0020667
774,0.000516675
775,0.000648675
776,0.0007803
777,0.001171875
778,0.0139968
779,0.0014700001
780,0.010323075
781,0.015526878
782,0.0083667
783,0.00034680005
784,0.0011346751
785,0.001710075
786,0.0205932
787,0.0437772
788,0.0437772
789,2.7074999e-05
790,0.00058080006
791,0.0001728
792,0.0022446748
793,0.006660301
794,0.011001674
795,0.00035707498
796,0.002910675
797,0.0069311997
798,0.008118075
799,2.43e-05
800,1.2675001e-05
801,3.3075e-05
802,0.00010267501
803,0.0019683002
804,0.0061776754
805,0.0100467
806,0.00027000002
807,0.00018750002
808,0.0021675
809,0.0037632005
810,0.0020667
811,0.00013867502
812,0.00363
813,0.0006912
814,0.0007803
815,0.000957675
816,0.00097470003
817,0.00081120007
818,0.0005547001
819,0.000279075
820,0.0013668751
821,0.00075000006
822,0.00010267501
823,0.000316875
824,0.0040368
825,0.00049207505
826,0.0039675003
827,0.00028829998
828,0.0014490751
829,1.2675001e-05
830,8.670001e-05
831,0.000180075
832,0.003151875
833,0.0083667
834,0.010212075
835,3.6300004e-05
836,6.075e-06
837,0.000180075
838,0.0007203
839,0.0016650752
840,0.00012
841,0.0013467001
842,0.0033075
843,0.003933075
844,0.0021675
845,3.9675004e-05
846,0.0010443002
847,0.00013867502
848,0.00012
849,0.0012096752
850,9.187501e-05
851,0.000567675
852,3.6300004e-05
853,3e-05
854,5.0700004e-05
855,0.0006627
856,7.2074996e-05
857,0.00043319998
858,0.00035707498
859,2.7074999e-05
860,0.00012607501
861,0.00020280002
862,0.002091675
863,0.0031827001
864,3.0000004e-07
865,0.00030720004
866,0.00011407501
867,0.00012
868,0.0010443002
869,0.0013668751
870,6.75e-07
871,3.6300004e-05
872,5.4675e-05
873,5.4675e-05
874,0.00048
875,2.43e-05
876,6.075e-06
877,2.1675003e-05
878,4.8000006e-06
879,7.5e-06
880,2.1675003e-05
881,3.9675004e-05
882,0.00045630004
883,3.3075e-05
884,6.075e-06
885,6.75e-07
886,2.43e-05
887,8.1674996e-05
888,0.00013867502
889,0.0015123001
890,0.0024843
891,3.6750005e-06
892,3.3075e-05
893,0.00075000006
894,0.00018750002
895,0.0022188004
896,0.004876875
897,0.00012
898,0.00041070004
899,2.7e-06
900,1.2675001e-05
901,7.2074996e-05
902,0.00018750002
903,0.00033667503
904,0.00046807507
905,0.00507
906,0.008978699
907,0.0062208
908,0.00079567503
909,0.0005292
910,0.0008748
911,0.001062075
912,0.0012096752
913,0.012180676
914,0.021067498
915,0.00015870002
916,2.7074999e-05
917,0.00015187502
918,0.00015187502
919,0.0023496752
920,0.00037807503
921,0.00036750003
922,0.00036750003
923,0.00028829998
924,0.0019440751
925,0.0018723003
926,3e-05
927,0.00015870002
928,0.000210675
929,0.000210675
930,0.000165675
931,0.0011907001
932,3.3075e-05
933,6.75e-07
934,4.8000006e-06
935,3.6300004e-05
936,5.8800008e-05
937,2.43e-05
938,2.7e-06
939,5.0700004e-05
940,7.680001e-05
941,7.500001e-08
942,4.8000006e-06
943,1.08e-05
944,1.4700002e-05
945,0.00013867502
946,4.8000006e-06
947,4.8000006e-06
948,2.7e-06
949,9.075001e-06
950,0.00012
951,1.4700002e-05
952,0.00012
953,0.00024367501
954,0.00028829998
955,0.000210675
956,0.0
957,1.08e-05
958,8.670001e-05
959,0.00041070004
960,9.72e-05
961,0.0013872002
962,0.0036630754
963,0.0043200003
964,0.0020667
965,7.5e-06
966,0.00043319998
967,0.0006627
968,0.0008427
969,0.008823675
970,0.0160083
971,0.0124848
972,0.0031212
973,0.00042187504
974,0.000648675
975,0.000621075
976,0.0061776754
977,0.0115248
978,0.010659676
979,1.08e-05
980,1.2675001e-05
981,1.875e-06
982,1.4700002e-05
983,3e-05
984,7.500001e-08
985,0.00011407501
986,5.0700004e-05
987,7.680001e-05
988,0.00011407501
989,0.000165675
990,0.000210675
991,0.00023520003
992,0.000226875
993,0.00015870002
994,0.00097470003
995,4.8000006e-06
996,9.187501e-05
997,0.00075000006
998,8.670001e-05
999,4.32e-05
1000,9.075001e-06
1001,4.8000006e-06
1002,5.4675e-05
1003,0.00097470003
1004,0.0021675
1005,0.0015987
1006,5.8800008e-05
1007,0.00030720004
1008,0.000594075
1009,0.00089107506
1010,0.009774076
1011,0.0007650751
1012,0.000279075
1013,7.2074996e-05
1014,2.7074999e-05
1015,0.000165675
1016,0.0005292
1017,0.00768
1018,0.0169932
1019,0.0164268
1020,0.006006675
1021,0.00044467498
1022,0.008118075
1023,0.017787674
1024,0.019354803
1025,0.00012
1026,0.00043319998
1027,0.0015552
1028,0.0027936753
1029,4.32e-05
1030,5.4675e-05
1031,1.2675001e-05
1032,8.670001e-05
1033,0.00023520003
1034,0.00043319998
1035,0.000621075
1036,0.0007203
1037,0.000676875
1038,0.0054675005
1039,0.0069768755
1040,2.7e-06
1041,0.001062075
1042,0.00027000002
1043,0.002679075
1044,0.00507
1045,6.7500005e-05
1046,0.00011407501
1047,3.0000004e-07
1048,7.680001e-05
1049,3.9675004e-05
1050,7.2074996e-05
1051,0.00011407501
1052,0.0012096752
1053,8.670001e-05
1054,2.1675003e-05
1055,4.32e-05
1056,1.4700002e-05
1057,0.00050430006
1058,0.00011407501
1059,0.001026675
1060,5.4675e-05
1061,4.8000006e-06
1062,2.7e-06
1063,0.000210675
1064,7.2074996e-05
1065,8.1674996e-05
1066,0.00073507504
1067,0.0009918751
1068,0.00034680005
1069,5.0700004e-05
1070,0.000108299995
1071,0.00011407501
1072,0.0010092
1073,0.0014490751
1074,0.0006912
1075,6.75e-07
1076,0.00075000006
1077,0.0021168
1078,0.0021930751
1079,0.0
1080,0.00011407501
1081,2.43e-05
1082,2.1675003e-05
1083,0.000195075
1084,0.00030720004
1085,0.000180075
1086,2.1675003e-05
1087,4.8000006e-06
1088,3.6750005e-06
1089,1.6875001e-05
1090,5.8800008e-05
1091,0.00081120007
1092,7.680001e-05
1093,2.1675003e-05
1094,7.500001e-08
1095,4.32e-05
1096,0.000180075
1097,0.0030000003
1098,0.00046807507
1099,0.0003888
1100,0.0032760752
1101,0.000108299995
1102,3.0000004e-07
1103,0.00037807503
1104,0.002511675
1105,0.006134701
1106,0.00768
1107,3.9675004e-05
1108,1.2000002e-06
1109,1.6875001e-05
1110,5.4675e-05
1111,0.0008427
1112,0.00012
1113,0.001026675
1114,9.72e-05
1115,8.1674996e-05
1116,0.001026675
1117,0.0023232002
1118,0.0024843
1119,6.75e-07
1120,0.00015870002
1121,0.000957675
1122,0.000180075
1123,0.002142075
1124,0.00023520003
1125,0.00010267501
1126,1.4700002e-05
1127,2.1675003e-05
1128,0.00014520001
1129,0.00028829998
1130,0.0032136752
1131,0.00018750002
1132,0.00050430006
1133,4.32e-05
1134,0.00089107506
1135,0.0051483
1136,0.010212075
1137,0.010887076
1138,3.3075e-05
1139,3.0000004e-07
1140,9.187501e-05
1141,0.00010267501
1142,0.00033667503
1143,0.00079567503
1144,0.0013467001
1145,0.015801076
1146,0.029862074
1147,0.00030720004
1148,3.0000004e-07
1149,6.3075e-05
1150,0.00023520003
1151,0.004071675
1152,0.01083
1153,0.013867501
1154,0.009558675
1155,0.0025668752
1156,0.000210675
1157,0.0029403002
1158,0.00507
1159,0.0041067
1160,1.2000002e-06
1161,0.0
1162,2.43e-05
1163,0.00010267501
1164,0.0017786999
1165,0.00507
1166,0.00028829998
1167,0.000210675
1168,0.00018750002
1169,8.670001e-05
1170,0.0001323
1171,0.00011407501
1172,0.00049207505
1173,0.007536676
1174,0.0174243
1175,0.017280001
1176,0.0063510756
1177,3.3075e-05
1178,0.0084672
1179,0.0013067999
1180,0.010434675
1181,0.00089107506
1182,0.0006912
1183,0.0008427
1184,0.008978699
1185,0.016356675
1186,0.00015870002
1187,1.2000002e-06
1188,0.00034680005
1189,0.0024300003
1190,0.007068676
1191,0.011761201
1192,0.011820677
1193,3e-05
1194,6.075e-06
1195,0.00015870002
1196,0.00081120007
1197,0.0023763
1198,0.00026107504
1199,0.0031827001
1200,0.0005292
1201,0.0050310753
1202,0.00045630004
1203,0.0027075
1204,0.0030000003
1205,3e-05
1206,0.00028829998
1207,0.000594075
1208,0.007824676
1209,0.016921874
1210,0.0164268
1211,0.0
1212,0.00015187502
1213,0.0002523
1214,0.000399675
1215,0.00058080006
1216,0.006660301
1217,0.013167076
1218,0.00023520003
1219,0.0007203
1220,3e-05
1221,6.075e-06
1222,0.0
1223,1.2675001e-05
1224,7.2074996e-05
1225,0.0014700001
1226,0.004575675
1227,0.0068856752
1228,0.0056718756
1229,0.0018486752
1230,0.000165675
1231,0.0031212
1232,0.007347675
1233,0.008619075
1234,6.7500005e-05
1235,1.9200002e-05
1236,4.32e-05
1237,6.7500005e-05
1238,7.680001e-05
1239,7.2074996e-05
1240,5.4675e-05
1241,0.000279075
1242,7.680001e-05
1243,0.000108299995
1244,0.002511675
1245,0.00768
1246,0.0109443
1247,9.187501e-05
1248,4.6875004e-05
1249,3.9675004e-05
1250,0.00020280002
1251,0.0038646753
1252,0.00075000006
1253,0.0071147997
1254,0.000594075
1255,0.0033390748
1256,0.0035970751
1257,0.0007650751
1258,0.000676875
1259,0.0060492004
1260,0.0005292
1261,0.00036750003
1262,0.0035970751
1263,0.000279075
1264,0.001710075
1265,0.0024300003
1266,0.0013266751
1267,5.8800008e-05
1268,0.00014520001
1269,0.00020280002
1270,0.0022446748
1271,0.0002523
1272,0.00023520003
1273,0.0029403002
1274,0.00037807503
1275,0.0032136752
1276,0.00027000002
1277,0.0015123001
1278,0.0014490751
1279,5.0700004e-05
1280,0.0021675
1281,0.007536676
1282,0.000567675
1283,0.0046500755
1284,0.008316676
1285,0.0058800005
1286,7.680001e-05
1287,0.0026508
1288,0.006660301
1289,0.0077763004
1290,0.0047628004
1291,0.0011531999
1292,6.3075e-05
1293,0.00050430006
1294,0.0002523
1295,2.7074999e-05
1296,0.0007056751
1297,3.6300004e-05
1298,1.4700002e-05
1299,0.000226875
1300,0.00023520003
1301,0.0034668753
1302,0.008068801
1303,0.008217076
1304,0.0031827001
1305,0.000226875
1306,0.004356075
1307,0.000567675
1308,0.0049922997
1309,0.000516675
1310,0.004002075
1311,0.00029767503
1312,0.0015987
1313,3e-05
1314,3.0000004e-07
1315,0.00042187504
1316,0.0022446748
1317,0.004725075
1318,0.00015870002
1319,0.0008427
1320,3.3075e-05
1321,3.9675004e-05
1322,3.9675004e-05
1323,0.0008748
1324,0.000226875
1325,0.0026508
1326,0.000316875
1327,0.000226875
1328,0.0018252002
1329,0.002142075
1330,0.00048
1331,0.00044467498
1332,0.004002075
1333,0.0072075003
1334,7.680001e-05
1335,5.4675e-05
1336,6.075e-06
1337,0.000195075
1338,3.3075e-05
1339,0.0002187
1340,6.75e-07
1341,2.1675003e-05
1342,8.670001e-05
1343,0.0013872002
1344,0.0031827001
1345,5.0700004e-05
1346,2.43e-05
1347,5.0700004e-05
1348,0.0014700001
1349,0.005346675
1350,0.00043319998
1351,0.0035316749
1352,0.0060492004
1353,0.003796875
1354,0.000108299995
1355,0.00041070004
1356,0.000567675
1357,0.006134701
1358,0.011407499
1359,0.00014520001
1360,0.000316875
1361,1.2675001e-05
1362,8.670001e-05
1363,1.2675001e-05
1364,0.00012
1365,9.075001e-06
1366,1.875e-06
1367,3.0000004e-07
1368,5.8800008e-05
1369,3.9675004e-05
1370,8.1674996e-05
1371,0.0011531999
1372,0.0001728
1373,0.000180075
1374,0.0021168
1375,0.0042483
1376,0.0037632005
1377,0.001098075
1378,0.0001728
1379,0.000399675
1380,0.0006075001
1381,0.0008427
1382,0.009720001
1383,0.00097470003
1384,0.00063480006
1385,0.000516675
1386,0.0038307
1387,0.000108299995
1388,0.0
1389,0.000210675
1390,0.0015336752
1391,0.004212675
1392,0.0065712007
1393,0.00015870002
1394,9.72e-05
1395,0.001026675
1396,5.4675e-05
1397,8.1674996e-05
1398,3e-05
1399,0.000165675
1400,0.002970075
1401,0.000541875
1402,0.00058080006
1403,0.0063074995
1404,0.011290802
1405,8.670001e-05
1406,4.8000006e-06
1407,5.4675e-05
1408,0.001171875
1409,0.00029767503
1410,0.000399675
1411,0.0046127997
1412,0.00043319998
1413,0.00023520003
1414,0.0016428002
1415,0.0017327999
1416,1.9200002e-05
1417,0.00097470003
1418,0.00020280002
1419,0.0018252002
1420,0.0030906748
1421,1.08e-05
1422,6.7500005e-05
1423,0.0006627
1424,0.00012607501
1425,0.00013867502
1426,0.00011407501
1427,4.6875004e-05
1428,6.7500005e-05
1429,0.00011407501
1430,0.001710075
1431,0.00029767503
1432,0.0025392002
1433,0.00014520001
1434,0.00048
1435,1.2000002e-06
1436,5.4675e-05
1437,0.0001323
1438,0.0018723003
1439,0.004212675
1440,0.004575675
1441,0.0025947
1442,1.08e-05
1443,3e-05
1444,0.000210675
1445,1.4700002e-05
1446,2.1675003e-05
1447,0.00042187504
1448,0.0014282999
1449,0.0026226752
1450,0.000108299995
1451,0.000957675
1452,0.0022707
1453,0.0025668752
1454,4.8000006e-06
1455,2.7074999e-05
1456,0.0001728
1457,3e-05
1458,0.00042187504
1459,8.1674996e-05
1460,0.000924075
1461,0.0023232002
1462,0.00013867502
1463,0.00015870002
1464,0.00027000002
1465,0.00035707498
1466,0.00034680005
1467,0.0024570748
1468,0.002091675
1469,0.00014520001
1470,0.0006627
1471,0.009720001
1472,0.021870002
1473,0.00048
1474,7.2074996e-05
1475,3.6750005e-06
1476,0.00011407501
1477,0.000195075
1478,0.0032136752
1479,0.00045630004
1480,0.00034680005
1481,0.00027000002
1482,0.00015870002
1483,7.2074996e-05
1484,2.1675003e-05
1485,2.7e-06
1486,6.75e-07
1487,1.2675001e-05
1488,7.2074996e-05
1489,0.00013867502
1490,4.8000006e-06
1491,4.8000006e-06
1492,9.075001e-06
1493,0.000108299995
1494,0.00023520003
1495,4.8000006e-06
1496,6.75e-07
1497,0.0
1498,4.8000006e-06
1499,4.6875004e-05
1500,0.00015870002
1501,1.6875001e-05
1502,0.0001728
1503,0.000399675
1504,1.2675001e-05
1505,5.4675e-05
1506,5.4675e-05
1507,4.8000006e-06
1508,5.8800008e-05
1509,0.00036750003
1510,4.32e-05
1511,0.0003888
1512,0.00075000006
1513,0.000567675
1514,4.8000006e-06
1515,0.000210675
1516,3.6300004e-05
1517,3.3075e-05
1518,0.00032669998
1519,0.000516675
1520,0.00030720004
1521,4.8000006e-06
1522,1.2675001e-05
1523,9.187501e-05
1524,1.875e-06
1525,6.75e-07
1526,3.0000004e-07
1527,7.500001e-08
1528,1.875e-06
1529,9.075001e-06
1530,1.9200002e-05
1531,2.43e-05
1532,0.00020280002
1533,0.00024367501
1534,1.2000002e-06
1535,1.2675001e-05
1536,1.9200002e-05
1537,0.000226875
1538,2.1675003e-05
1539,1.4700002e-05
1540,1.9200002e-05
1541,2.43e-05
1542,0.00027000002
1543,2.1675003e-05
1544,4.8000006e-06
1545,7.500001e-08
1546,0.0001323
1547,0.000957675
1548,0.0024843
1549,0.0034347004
1550,2.7074999e-05
1551,4.8000006e-06
1552,3e-05
1553,0.00013867502
1554,0.00033667503
1555,0.004876875
1556,0.000648675
1557,0.0050310753
1558,0.000279075
1559,5.0700004e-05
1560,7.500001e-08
1561,6.3075e-05
1562,0.0015987
1563,0.00035707498
1564,0.0034668753
1565,0.00027000002
1566,0.00010267501
1567,0.000516675
1568,7.500001e-08
1569,2.43e-05
1570,0.00044467498
1571,0.001062075
1572,2.43e-05
1573,6.075e-06
1574,4.6875004e-05
1575,6.075e-06
1576,7.2074996e-05
1577,0.00023520003
1578,0.00042187504
1579,0.00046807507
1580,2.7e-06
1581,0.0
1582,1.2000002e-06
1583,1.08e-05
1584,0.00028829998
1585,9.187501e-05
1586,0.00014520001
1587,0.000210675
1588,0.0023232002
1589,0.000165675
1590,4.6875004e-05
1591,0.00011407501
1592,1.08e-05
1593,0.0008586751
1594,0.0002187
1595,0.0019440751
1596,0.000108299995
1597,1.2675001e-05
1598,0.0
1599,3.6300004e-05
1600,7.2074996e-05
1601,6.7500005e-05
1602,3e-05
1603,8.670001e-05
1604,1.2000002e-06
1605,0.0001728
1606,3.6300004e-05
1607,0.0002187
1608,0.00018750002
1609,4.8000006e-06
1610,0.00014520001
1611,0.00032669998
1612,7.5e-06
1613,3.6300004e-05
1614,0.000108299995
1615,0.000210675
1616,0.00028829998
1617,0.000210675
1618,2.7e-06
1619,2.43e-05
1620,0.00044467498
1621,0.0012480749
1622,0.0016206751
1623,4.8000006e-06
1624,1.2675001e-05
1625,0.00013867502
1626,0.0003888
1627,1.6875001e-05
1628,4.8000006e-06
1629,6.75e-07
1630,6.75e-07
1631,3e-05
1632,3.6750005e-06
1633,6.75e-07
1634,6.75e-07
1635,3.3075e-05
1636,9.075001e-06
1637,9.187501e-05
1638,4.8000006e-06
1639,1.9200002e-05
1640,3.0000004e-07
1641,0.0
1642,0.0
1643,7.500001e-08
1644,6.75e-07
1645,2.1675003e-05
1646,7.5e-06
1647,0.00010267501
1648,0.00023520003
1649,6.075e-06
1650,1.2000002e-06
1651,3.0000004e-07
1652,7.500001e-08
1653,7.5e-06
1654,6.075e-06
1655,1.9200002e-05
1656,0.00037807503
1657,8.1674996e-05
1658,0.0009075
1659,8.670001e-05
1660,0.00041070004
1661,0.0
1662,5.8800008e-05
1663,0.0014700001
1664,0.004838701
1665,0.00029767503
1666,0.0001728
1667,0.0012288002
1668,0.001062075
1669,6.3075e-05
1670,0.0019926752
1671,0.00041070004
1672,0.00043319998
1673,0.0045018755
1674,0.00036750003
1675,0.0021675
1676,0.0028812
1677,0.0013067999
1678,8.1674996e-05
1679,0.000226875
1680,0.00032669998
1681,0.00045630004
1682,0.0006075001
1683,0.0065712007
1684,0.012362699
1685,0.000165675
1686,1.4700002e-05
1687,3.6750005e-06
1688,3.0000004e-07
1689,0.00010267501
1690,0.00079567503
1691,0.000180075
1692,0.00030720004
1693,0.0005292
1694,0.0064827004
1695,0.01323
1696,0.011466076
1697,0.0030300752
1698,0.000648675
1699,0.0115248
1700,0.0015552
1701,0.013867501
1702,0.027270675
1703,0.025229998
1704,0.009666075
1705,2.7074999e-05
1706,0.001287075
1707,0.001491075
1708,0.014985676
1709,0.027724799
1710,0.024538804
1711,0.010101676
1712,0.00050430006
1713,0.0005547001
1714,0.00050430006
1715,0.0040368
1716,0.0064827004
1717,8.670001e-05
1718,4.6875004e-05
1719,0.000108299995
1720,0.0016875002
1721,0.0041772006
1722,0.000165675
1723,0.0009918751
1724,6.3075e-05
1725,0.0002523
1726,8.1674996e-05
1727,6.7500005e-05
1728,0.000210675
1729,0.00032669998
1730,0.0035643002
1731,0.00026107504
1732,8.670001e-05
1733,0.00041070004
1734,0.000226875
1735,3.6750005e-06
1736,5.8800008e-05
1737,0.000594075
1738,0.0009408001
1739,6.075e-06
1740,7.500001e-08
1741,3.0000004e-07
1742,1.875e-06
1743,1.875e-06
1744,0.00010267501
1745,4.6875004e-05
1746,6.7500005e-05
1747,6.3075e-05
1748,2.7074999e-05
1749,7.500001e-08
1750,0.0002187
1751,0.0001728
1752,0.0024030753
1753,0.00028829998
1754,0.0018486752
1755,4.32e-05
1756,6.075e-06
1757,0.000594075
1758,0.00032669998
1759,0.0047628004
1760,0.0007650751
1761,0.0006912
1762,0.0061776754
1763,0.008019675
1764,3e-05
1765,0.000567675
1766,0.0011907001
1767,0.0017786999
1768,0.018975677
1769,0.031980675
1770,0.019584075
1771,0.001098075
1772,0.009612301
1773,0.03942188
1774,0.051543076
1775,0.029956805
1776,0.0037296754
1777,0.001491075
1778,0.0016650752
1779,0.0012675
1780,0.010212075
1781,0.015458701
1782,0.010323075
1783,0.0023496752
1784,9.187501e-05
1785,0.0023763
1786,9.72e-05
1787,1.2675001e-05
1788,6.075e-06
1789,1.2675001e-05
1790,0.00027000002
1791,8.1674996e-05
1792,0.001062075
1793,0.0027075
1794,0.000108299995
1795,0.00063480006
1796,0.000924075
1797,3.0000004e-07
1798,1.9200002e-05
1799,4.6875004e-05
1800,8.670001e-05
1801,0.0011531999
1802,0.00015870002
1803,0.001491075
1804,0.0032448003
1805,0.0036963
1806,0.002296875
1807,0.00041070004
1808,0.00013867502
1809,0.00030720004
1810,0.0045018755
1811,0.00079567503
1812,0.0083667
1813,0.017787674
1814,0.0003888
1815,7.2074996e-05
1816,0.00028829998
1817,1.6875001e-05
1818,0.00081120007
1819,0.00048
1820,0.0062640756
1821,0.0008748
1822,0.0075842994
1823,0.00063480006
1824,0.0037296754
1825,0.0043923
1826,1.4700002e-05
1827,0.0016206751
1828,0.0059220744
1829,0.00048
1830,0.004284075
1831,0.00046807507
1832,0.00032669998
1833,0.00027000002
1834,0.000165675
1835,0.000924075
1836,0.000541875
1837,7.680001e-05
1838,0.00192
1839,0.005187676
1840,0.006438676
1841,0.004002075
1842,0.000648675
1843,0.00041070004
1844,0.0033075
1845,0.00023520003
1846,0.0015768749
1847,0.002736075
1848,4.32e-05
1849,0.000180075
1850,2.1675003e-05
1851,2.43e-05
1852,2.7074999e-05
1853,2.1675003e-05
1854,0.00012
1855,6.7500005e-05
1856,1.08e-05
1857,0.00033667503
1858,0.0008586751
1859,0.000957675
1860,1.2000002e-06
1861,6.75e-07
1862,1.2000002e-06
1863,6.75e-07
1864,2.7074999e-05
1865,4.8000006e-06
1866,1.2000002e-06
1867,0.0
1868,1.4700002e-05
1869,0.000399675
1870,0.00012
1871,0.0014282999
1872,0.000180075
1873,0.0013266751
1874,0.0018486752
1875,3.0000004e-07
1876,6.7500005e-05
1877,0.0013668751
1878,0.0041772006
1879,0.00028829998
1880,0.0024300003
1881,0.0047628004
1882,6.7500005e-05
1883,1.2000002e-06
1884,2.43e-05
1885,5.0700004e-05
1886,0.0001323
1887,0.00023520003
1888,0.00034680005
1889,0.003933075
1890,0.000399675
1891,0.0030300752
1892,0.000226875
1893,0.0013668751
1894,0.0016875002
1895,4.8000006e-06
1896,0.0006912
1897,0.0030000003
1898,0.0061776754
1899,0.000279075
1900,0.0022188004
1901,0.0044286754
1902,5.8800008e-05
1903,0.0
1904,1.9200002e-05
1905,7.2074996e-05
1906,0.0012288002
1907,0.0030906748
1908,0.00011407501
1909,6.3075e-05
1910,8.1674996e-05
1911,0.000924075
1912,0.00010267501
1913,9.187501e-05
1914,0.000957675
1915,7.2074996e-05
1916,0.000316875
1917,3.0000004e-07
1918,2.43e-05
1919,8.670001e-05
1920,0.000180075
1921,0.0023763
1922,0.00028829998
1923,0.00024367501
1924,0.0024300003
1925,0.000195075
1926,0.00010267501
1927,0.0007203
1928,0.000648675
1929,3.6300004e-05
1930,0.0014490751
1931,0.0053067002
1932,0.00048
1933,0.0044652
1934,0.00048
1935,0.00028829998
1936,0.0018723003
1937,1.08e-05
1938,6.7500005e-05
1939,0.00029767503
1940,0.0049152006
1941,0.0126075
1942,0.00046807507
1943,0.000210675
1944,0.00013867502
1945,0.0006912
1946,0.000195075
1947,0.00018750002
1948,0.000516675
1949,0.00081120007
1950,0.000957675
1951,0.0009075
1952,0.000676875
1953,0.0045018755
1954,5.8800008e-05
1955,3.9675004e-05
1956,0.0013467001
1957,0.0047628004
1958,0.007347675
1959,0.0056306995
1960,0.0013067999
1961,0.00043319998
1962,0.006006675
1963,0.00075000006
1964,0.0067050746
1965,0.012979201
1966,0.011407499
1967,6.075e-06
1968,0.0011531999
1969,0.0034668753
1970,0.0051483
1971,0.00011407501
1972,0.00079567503
1973,0.00010267501
1974,7.2074996e-05
1975,4.32e-05
1976,0.0001728
1977,3.6750005e-06
1978,5.0700004e-05
1979,0.0009408001
1980,0.0025392002
1981,0.00011407501
1982,6.3075e-05
1983,5.4675e-05
1984,0.00033667503
1985,0.000180075
1986,5.8800008e-05
1987,0.0016206751
1988,0.005187676
1989,0.00033667503
1990,0.0002523
1991,0.000210675
1992,8.670001e-05
1993,0.0001323
1994,0.000226875
1995,0.00363
1996,0.0103788
1997,0.013546877
1998,5.0700004e-05
1999,5.4675e-05
2000,0.0001323
2001,0.000316875
2002,0.000567675
2003,0.0069311997
2004,0.000676875
2005,0.0003888
2006,0.002970075
2007,0.0037632005
2008,0.0014076749
2009,0.0001323
2010,0.0023232002
2011,0.00024367501
2012,0.00192
2013,0.0035643002
2014,7.2074996e-05
2015,0.00030720004
2016,1.6875001e-05
2017,5.4675e-05
2018,4.8000006e-06
2019,0.00013867502
2020,0.000826875
2021,9.72e-05
2022,8.670001e-05
2023,0.0008427
2024,0.001287075
2025,0.000648675
2026,3.9675004e-05
2027,0.000957675
2028,0.0024843
2029,0.00012
2030,0.0009075
2031,9.187501e-05
2032,0.00058080006
2033,0.000541875
2034,7.5e-06
2035,0.0010443002
2036,0.0046127997
2037,0.00034680005
2038,0.0024570748
2039,0.00012
2040,1.08e-05
2041,7.5e-06
2042,0.00049207505
2043,0.000180075
2044,0.0020172002
2045,0.0037632005
2046,2.43e-05
2047,4.8000006e-06
2048,0.00026107504
2049,0.0010092
2050,0.0018252002
2051,0.0018018751
2052,0.0008586751
2053,3.6300004e-05
2054,0.00045630004
2055,0.0019683002
2056,0.00014520001
2057,0.0001323
2058,0.000165675
2059,0.0015768749
2060,0.0023763
2061,0.0010800001
2062,8.670001e-05
2063,0.0017556751
2064,0.0040368
2065,0.0041772006
2066,0.0020667
2067,3e-05
2068,0.0005547001
2069,0.0008748
2070,0.000541875
2071,9.72e-05
2072,9.075001e-06
2073,4.8000006e-06
2074,7.500001e-08
2075,1.08e-05
2076,3.3075e-05
2077,0.0005547001
2078,9.187501e-05
2079,9.187501e-05
2080,9.187501e-05
2081,6.3075e-05
2082,1.9200002e-05
2083,6.75e-07
2084,3.9675004e-05
2085,0.00089107506
2086,0.000165675
2087,0.0013467001
2088,0.0018486752
2089,0.000648675
2090,0.000108299995
2091,0.0018252002
2092,0.0034992
2093,0.0025668752
2094,0.00035707498
2095,0.00050430006
2096,0.00027000002
2097,0.000210675
2098,0.0016650752
2099,0.002296875
2100,2.7e-06
2101,9.075001e-06
2102,0.00010267501
2103,0.00024367501
2104,1.6875001e-05
2105,3.3075e-05
2106,0.0006075001
2107,0.0001323
2108,0.0013668751
2109,0.00013867502
2110,0.000924075
2111,0.0011346751
2112,3.6750005e-06
2113,8.670001e-05
2114,0.0016875002
2115,0.0054675005
2116,0.009612301
2117,0.00034680005
2118,0.00029767503
2119,0.0032760752
2120,0.0050310753
2121,4.8000006e-06
2122,0.0018486752
2123,0.0008427
2124,0.0013872002
2125,0.017352076
2126,0.0352947
2127,0.00058080006
2128,0.0012288002
2129,0.0006627
2130,3e-05
2131,0.0024300003
2132,0.0006075001
2133,0.0067950753
2134,0.015255077
2135,0.017064676
2136,7.680001e-05
2137,3.6750005e-06
2138,1.4700002e-05
2139,0.0001728
2140,4.8000006e-06
2141,3.6750005e-06
2142,5.0700004e-05
2143,0.000195075
2144,0.0037632005
2145,0.0008748
2146,0.010101676
2147,0.022522798
2148,0.022440676
2149,0.0082668
2150,0.00075000006
2151,0.014718674
2152,0.002091675
2153,0.0019926752
2154,0.002296875
2155,0.022440676
2156,0.036960304
2157,0.0002187
2158,6.075e-06
2159,0.000210675
2160,6.7500005e-05
2161,0.001098075
2162,0.00030720004
2163,0.000541875
2164,0.0077280756
2165,0.0010800001
2166,0.00867
2167,0.0134832
2168,0.0068403
2169,7.500001e-08
2170,0.0016875002
2171,0.021870002
2172,0.0449307
2173,0.041962802
2174,0.016356675
2175,9.187501e-05
2176,0.011407499
2177,0.032868303
2178,0.037276875
2179,0.02146688
2180,0.0044652
2181,0.00015870002
2182,0.00044467498
2183,0.002910675
2184,0.00363
2185,2.43e-05
2186,0.000180075
2187,0.001171875
2188,0.00027000002
2189,0.00042187504
2190,0.0051483
2191,0.0100467
2192,0.0077280756
2193,0.0012288002
2194,0.0016206751
2195,0.0011907001
2196,0.012301876
2197,0.022852799
2198,0.00030720004
2199,0.000594075
2200,0.00036750003
2201,2.1675003e-05
2202,0.0006075001
2203,0.000108299995
2204,0.00010267501
2205,0.0010443002
2206,0.00192
2207,3.3075e-05
2208,1.4700002e-05
2209,0.000210675
2210,0.000516675
2211,0.0005547001
2212,0.000210675
2213,7.5e-06
2214,8.1674996e-05
2215,0.0011346751
2216,0.0027936753
2217,0.00012607501
2218,0.0009918751
2219,0.002091675
2220,0.002091675
2221,0.00081120007
2222,6.075e-06
2223,0.000226875
2224,0.00036750003
2225,0.000541875
2226,0.00073507504
2227,0.008118075
2228,0.015255077
2229,0.012120301
2230,0.0027075
2231,0.00097470003
2232,0.012180676
2233,0.0013668751
2234,0.0115248
2235,0.0223587
2236,0.020358076
2237,0.007394701
2238,0.00046807507
2239,0.0083667
2240,0.017496677
2241,0.00045630004
2242,0.0025668752
2243,0.00028829998
2244,0.0025947
2245,0.0049152006
2246,7.680001e-05
2247,0.000180075
2248,0.00012607501
2249,6.75e-07
2250,0.00045630004
2251,0.0020418752
2252,0.004212675
2253,0.005346675
2254,7.680001e-05
2255,0.00036750003
2256,0.0007056751
2257,0.000516675
2258,1.2675001e-05
2259,0.00050430006
2260,0.0016428002
2261,0.00013867502
2262,0.0014700001
2263,0.0037296754
2264,0.0049922997
2265,0.0037632005
2266,0.001171875
2267,0.00010267501
2268,0.0018723003
2269,0.000279075
2270,0.00032669998
2271,0.00046807507
2272,0.0005547001
2273,0.005346675
2274,0.00034680005
2275,0.00012
2276,0.0007056751
2277,9.075001e-06
2278,2.7e-06
2279,0.00011407501
2280,0.00049207505
2281,6.3075e-05
2282,0.0007803
2283,0.0019683002
2284,7.2074996e-05
2285,2.1675003e-05
2286,5.0700004e-05
2287,3.6300004e-05
2288,0.000165675
2289,0.00036750003
2290,0.0005292
2291,0.005346675
2292,0.000279075
2293,0.0007056751
2294,2.43e-05
2295,0.0014490751
2296,0.00043319998
2297,0.0045387005
2298,0.008517676
2299,8.1674996e-05
2300,2.1675003e-05
2301,7.680001e-05
2302,0.0007650751
2303,0.00014520001
2304,0.0017327999
2305,0.0002523
2306,0.00024367501
2307,0.002511675
2308,0.004212675
2309,1.6875001e-05
2310,1.2675001e-05
2311,3.9675004e-05
2312,0.000541875
2313,0.0011163
2314,0.00089107506
2315,0.00015870002
2316,4.6875004e-05
2317,4.6875004e-05
2318,1.08e-05
2319,2.7e-06
2320,0.00044467498
2321,0.0022446748
2322,0.00024367501
2323,0.0018960749
2324,0.0027936753
2325,0.0011163
2326,0.0001323
2327,0.004284075
2328,0.011466076
2329,0.01452
2330,0.010101676
2331,0.0030000003
2332,7.500001e-08
2333,0.0021168
2334,0.004953675
2335,0.004953675
2336,0.0027936753
2337,7.500001e-08
2338,6.75e-07
2339,3e-05
2340,0.00058080006
2341,8.1674996e-05
2342,0.000648675
2343,4.6875004e-05
2344,3e-05
2345,4.32e-05
2346,6.7500005e-05
2347,0.00079567503
2348,0.0015552
2349,0.001098075
2350,4.32e-05
2351,0.00026107504
2352,0.00058080006
2353,0.007970701
2354,0.0010800001
2355,0.000924075
2356,0.0008586751
2357,0.000621075
2358,0.003933075
2359,0.0033390748
2360,0.00014520001
2361,0.0028227004
2362,0.011820677
2363,0.0174243
2364,0.01323
2365,3.0000004e-07
2366,3e-05
2367,9.72e-05
2368,7.2074996e-05
2369,7.5e-06
2370,6.7500005e-05
2371,0.0017556751
2372,0.006438676
2373,0.000567675
2374,0.00507
2375,0.00048
2376,0.0030603004
2377,0.00363
2378,0.000924075
2379,0.00063480006
2380,0.007254075
2381,0.0160083
2382,0.000516675
2383,0.00028829998
2384,0.00028829998
2385,0.000195075
2386,0.0009075
2387,0.00023520003
2388,0.0006627
2389,0.005346675
2390,0.010323075
2391,0.00015870002
2392,0.00023520003
2393,6.075e-06
2394,6.3075e-05
2395,0.00014520001
2396,0.000226875
2397,0.0025668752
2398,0.004800675
2399,0.003796875
2400,0.0009075
2401,0.0001728
2402,0.00030720004
2403,0.0003888
2404,0.00046807507
2405,0.0005292
2406,0.0050310753
2407,0.00768
2408,0.0038988001
2409,0.00020280002
2410,0.0043200003
2411,0.0094518745
2412,0.00018750002
2413,3e-05
2414,0.0001323
2415,3.0000004e-07
2416,1.2675001e-05
2417,0.00018750002
2418,0.00033667503
2419,0.00015187502
2420,7.5e-06
2421,5.4675e-05
2422,0.000516675
2423,1.6875001e-05
2424,3.6750005e-06
2425,3e-05
2426,0.00073507504
2427,0.00015187502
2428,0.0013668751
2429,0.0021168
2430,0.0009408001
2431,3.3075e-05
2432,0.002511675
2433,0.00046807507
2434,0.00042187504
2435,0.00042187504
2436,0.0037296754
2437,0.0053067002
2438,0.0025668752
2439,0.00012
2440,0.00028829998
2441,0.0030000003
2442,0.00027000002
2443,0.000195075
2444,0.0019683002
2445,0.0001728
2446,0.001098075
2447,0.0015336752
2448,6.75e-07
2449,7.680001e-05
2450,3.6300004e-05
2451,0.00048
2452,0.0012096752
2453,5.0700004e-05
2454,3.6300004e-05
2455,0.0003888
2456,0.0006627
2457,1.2000002e-06
2458,9.075001e-06
2459,0.0002187
2460,5.4675e-05
2461,6.3075e-05
2462,0.00063480006
2463,0.000924075
2464,7.500001e-08
2465,2.7074999e-05
2466,5.0700004e-05
2467,0.000567675
2468,3.9675004e-05
2469,0.00014520001
2470,8.1674996e-05
2471,1.2000002e-06
2472,0.00015187502
2473,0.00032669998
2474,0.000210675
2475,4.8000006e-06
2476,1.2675001e-05
2477,8.670001e-05
2478,6.7500005e-05
2479,7.500001e-08
2480,2.1675003e-05
2481,3.3075e-05
2482,0.000316875
2483,1.6875001e-05
2484,4.32e-05
2485,6.075e-06
2486,1.4700002e-05
2487,0.00028829998
2488,0.00075000006
2489,0.00089107506
2490,1.875e-06
2491,1.875e-06
2492,5.0700004e-05
2493,0.0001728
2494,1.08e-05
2495,4.8000006e-06
2496,6.75e-07
2497,2.7e-06
2498,6.3075e-05
2499,0.0001728
2500,3.0000004e-07
2501,1.9200002e-05
2502,0.0006075001
2503,0.0024030753
2504,0.004284075
2505,0.0037632005
2506,0.0010092
2507,0.00035707498
2508,0.0006912
2509,0.00867
2510,0.0010092
2511,0.0076320753
2512,0.00044467498
2513,0.000108299995
2514,0.00030720004
2515,2.43e-05
2516,0.00014520001
2517,0.002142075
2518,0.00024367501
2519,0.0015987
2520,6.3075e-05
2521,0.00015870002
2522,3.0000004e-07
2523,1.08e-05
2524,2.43e-05
2525,3.3075e-05
2526,0.00041070004
2527,0.000924075
2528,3.3075e-05
2529,2.43e-05
2530,0.00028829998
2531,0.00050430006
2532,7.500001e-08
2533,9.187501e-05
2534,0.000621075
2535,0.0016206751
2536,0.0024030753
2537,3.6300004e-05
2538,4.8000006e-06
2539,7.500001e-08
2540,3.6300004e-05
2541,0.00035707498
2542,0.0010443002
2543,0.0015336752
2544,0.0011531999
2545,1.2000002e-06
2546,0.000108299995
2547,0.000195075
2548,0.00011407501
2549,2.7e-06
2550,1.4700002e-05
2551,1.08e-05
2552,3.6300004e-05
2553,3.0000004e-07
2554,0.00027000002
2555,0.0012096752
2556,0.0022446748
2557,0.0021675
2558,0.0008586751
2559,0.0
2560,0.0010092
2561,0.000210675
2562,0.000195075
2563,0.0020667
2564,0.003933075
2565,0.0034992
2566,6.75e-07
2567,3e-05
2568,3.0000004e-07
2569,3.0000004e-07
2570,6.75e-07
2571,5.0700004e-05
2572,0.00032669998
2573,0.0009075
2574,5.8800008e-05
2575,0.00046807507
2576,3.6300004e-05
2577,1.6875001e-05
2578,1.08e-05
2579,0.00010267501
2580,0.0002187
2581,1.4700002e-05
2582,0.00015870002
2583,0.00034680005
2584,1.2000002e-06
2585,5.8800008e-05
2586,0.0007056751
2587,0.0025668752
2588,0.0050310753
2589,0.000180075
2590,0.001098075
2591,0.001491075
2592,3.6750005e-06
2593,0.00011407501
2594,0.000279075
2595,0.0040368
2596,0.0005547001
2597,0.00045630004
2598,0.00041070004
2599,0.0033075
2600,0.004071675
2601,0.0013067999
2602,0.0002187
2603,0.0035970751
2604,0.0072075003
2605,0.00012
2606,1.9200002e-05
2607,0.000165675
2608,1.08e-05
2609,6.3075e-05
2610,0.00012
2611,0.0001323
2612,1.2000002e-06
2613,3.6750005e-06
2614,6.75e-07
2615,2.1675003e-05
2616,0.000210675
2617,0.000676875
2618,0.0012288002
2619,0.0014076749
2620,0.000957675
2621,0.00026107504
2622,9.075001e-06
2623,0.00049207505
2624,0.0013668751
2625,9.187501e-05
2626,0.000108299995
2627,0.0015552
2628,0.000195075
2629,0.0013668751
2630,0.0016650752
2631,9.075001e-06
2632,0.00081120007
2633,0.0002187
2634,0.0021168
2635,0.0035316749
2636,0.0018960749
2637,0.00011407501
2638,0.0027075
2639,0.0063074995
2640,0.0001323
2641,1.2675001e-05
2642,2.7e-06
2643,3.9675004e-05
2644,0.0001323
2645,0.0018960749
2646,0.0002187
2647,0.0001323
2648,7.2074996e-05
2649,0.000316875
2650,7.2074996e-05
2651,9.72e-05
2652,0.0019926752
2653,0.00036750003
2654,0.00037807503
2655,0.00037807503
2656,0.0030603004
2657,7.680001e-05
2658,4.8000006e-06
2659,0.0006075001
2660,0.0030906748
2661,0.006134701
2662,0.0063074995
2663,0.0027936753
2664,4.32e-05
2665,0.00035707498
2666,0.00043319998
2667,0.00042187504
2668,0.003933075
2669,0.006660301
2670,0.0051090755
2671,3.0000004e-07
2672,7.5e-06
2673,3.0000004e-07
2674,2.1675003e-05
2675,3.6300004e-05
2676,0.00028829998
2677,0.00024367501
2678,2.1675003e-05
2679,0.00073507504
2680,0.00018750002
2681,0.0020418752
2682,0.0043923
2683,0.0044286754
2684,2.7e-06
2685,6.7500005e-05
2686,0.00027000002
2687,0.000594075
2688,0.0010800001
2689,8.1674996e-05
2690,0.001026675
2691,0.0027648
2692,0.003402675
2693,0.0018486752
2694,5.0700004e-05
2695,0.0001728
2696,0.0021930751
2697,0.0049922997
2698,0.0057963002
2699,0.0038307
2700,1.2000002e-06
2701,0.00010267501
2702,0.00012
2703,9.72e-05
2704,0.00020280002
2705,8.670001e-05
2706,0.0002523
2707,0.004141875
2708,0.000621075
2709,0.00046807507
2710,0.0034992
2711,0.0033708
2712,0.000180075
2713,0.00073507504
2714,0.0012675
2715,0.013738802
2716,0.024538804
2717,0.018081075
2718,0.0034668753
2719,0.0009075
2720,0.0124848
2721,0.0011907001
2722,0.0009075
2723,0.001098075
2724,0.001287075
2725,0.012854701
2726,0.0213867
2727,9.187501e-05
2728,5.4675e-05
2729,0.0014490751
2730,0.0050310753
2731,0.008416876
2732,0.00018750002
2733,0.0009075
2734,5.4675e-05
2735,0.00024367501
2736,0.000165675
2737,2.7e-06
2738,8.1674996e-05
2739,0.0012288002
2740,0.000195075
2741,0.0018723003
2742,0.0037296754
2743,6.3075e-05
2744,0.00013867502
2745,3.0000004e-07
2746,0.00010267501
2747,0.000541875
2748,0.0011346751
2749,3.6300004e-05
2750,1.9200002e-05
2751,1.9200002e-05
2752,0.000165675
2753,0.000226875
2754,8.670001e-05
2755,1.08e-05
2756,2.7074999e-05
2757,0.00035707498
2758,0.00075000006
2759,1.6875001e-05
2760,3.6750005e-06
2761,1.875e-06
2762,7.5e-06
2763,0.0
2764,1.875e-06
2765,7.5e-06
2766,1.2000002e-06
2767,3.3075e-05
2768,0.00015870002
2769,0.00037807503
2770,1.6875001e-05
2771,8.1674996e-05
2772,3.0000004e-07
2773,0.0001323
2774,0.000826875
2775,0.00012
2776,0.001026675
2777,0.0014490751
2778,1.875e-06
2779,8.670001e-05
2780,0.00018750002
2781,0.002296875
2782,0.0002187
2783,0.0012480749
2784,3.3075e-05
2785,7.500001e-08
2786,2.7074999e-05
2787,0.000210675
2788,3.6300004e-05
2789,0.00037807503
2790,0.0008586751
2791,0.000957675
2792,0.000516675
2793,4.6875004e-05
2794,3.6300004e-05
2795,0.00048
2796,0.000924075
2797,0.0008586751
2798,0.0003888
2799,1.875e-06
2800,0.0
2801,1.2675001e-05
2802,0.00041070004
2803,0.0014490751
2804,8.670001e-05
2805,3.6300004e-05
2806,0.0001323
2807,2.1675003e-05
2808,0.0010800001
2809,0.004575675
2810,0.00046807507
2811,0.0041772006
2812,0.00035707498
2813,0.00192
2814,0.0017327999
2815,5.8800008e-05
2816,0.00045630004
2817,0.0071610743
2818,0.001026675
2819,0.008978699
2820,0.0007803
2821,0.00044467498
2822,0.00028829998
2823,0.0015987
2824,1.875e-06
2825,8.670001e-05
2826,0.0020418752
2827,0.0064827004
2828,0.00041070004
2829,0.0032448003
2830,0.0059643
2831,6.3075e-05
2832,6.75e-07
2833,3.3075e-05
2834,0.00012607501
2835,0.0022188004
2836,0.0059220744
2837,0.007489201
2838,0.004838701
2839,0.001026675
2840,0.00012607501
2841,0.0018018751
2842,8.1674996e-05
2843,1.2675001e-05
2844,6.3075e-05
2845,7.5e-06
2846,0.00018750002
2847,0.0011163
2848,0.000279075
2849,0.004002075
2850,0.0107163
2851,0.00045630004
2852,0.0024570748
2853,0.002910675
2854,0.00058080006
2855,0.00042187504
2856,0.007921875
2857,0.02028
2858,0.025056303
2859,0.0164268
2860,0.0036963
2861,0.000516675
2862,0.0007803
2863,0.007970701
2864,0.00079567503
2865,0.0067500006
2866,0.0136746755
2867,0.00035707498
2868,0.0018960749
2869,0.00014520001
2870,0.0008748
2871,0.0010092
2872,6.075e-06
2873,0.00043319998
2874,0.000108299995
2875,0.0011531999
2876,0.0022707
2877,0.0020418752
2878,0.0007056751
2879,3.0000004e-07
2880,0.00046807507
2881,3.9675004e-05
2882,6.075e-06
2883,7.500001e-08
2884,3.6300004e-05
2885,0.00020280002
2886,2.1675003e-05
2887,1.2675001e-05
2888,7.2074996e-05
2889,6.75e-07
2890,2.7074999e-05
2891,0.00010267501
2892,0.000226875
2893,0.00037807503
2894,0.0044286754
2895,0.008517676
2896,9.72e-05
2897,0.0
2898,9.72e-05
2899,9.72e-05
2900,0.0002187
2901,0.0032136752
2902,0.0076320753
2903,0.00026107504
2904,0.0001323
2905,0.0013067999
2906,0.0020172002
2907,0.0008586751
2908,0.00012
2909,0.0027648
2910,0.007824676
2911,0.01083
2912,0.0084672
2913,1.2000002e-06
2914,7.2074996e-05
2915,0.00097470003
2916,0.000195075
2917,0.00029767503
2918,0.0039675003
2919,0.00867
2920,0.0083667
2921,0.0030906748
2922,6.075e-06
2923,0.0038646753
2924,0.0006912
2925,0.006091875
2926,0.011820677
2927,0.011174701
2928,0.004838701
2929,0.00013867502
2930,0.002736075
2931,0.00033667503
2932,0.0033708
2933,0.0005292
2934,0.00063480006
2935,0.007824676
2936,0.0161472
2937,0.014322677
2938,0.0041772006
2939,0.000621075
2940,0.0013668751
2941,0.00192
2942,0.0025392002
2943,0.028090801
2944,0.0025392002
2945,0.0013872002
2946,0.0008427
2947,0.000316875
2948,2.1675003e-05
2949,7.2074996e-05
2950,0.00036750003
2951,0.000676875
2952,0.000826875
2953,0.0007650751
2954,0.006091875
2955,0.000226875
2956,1.4700002e-05
2957,7.5e-06
2958,9.187501e-05
2959,0.0018723003
2960,0.00037807503
2961,0.0037296754
2962,0.0068856752
2963,0.0049922997
2964,0.00058080006
2965,0.0016650752
2966,0.009991876
2967,0.0168507
2968,0.0139968
2969,0.0046500755
2970,0.00032669998
2971,0.0053868005
2972,0.011001674
2973,0.011174701
2974,0.0062208
2975,1.4700002e-05
2976,4.6875004e-05
2977,0.00028829998
2978,2.7074999e-05
2979,0.00042187504
2980,0.0015987
2981,0.0032760752
2982,0.004141875
2983,0.003151875
2984,3.0000004e-07
2985,0.000180075
2986,4.32e-05
2987,0.00058080006
2988,0.0016650752
2989,0.000108299995
2990,0.0009408001
2991,0.0018723003
2992,3e-05
2993,4.32e-05
2994,1.2000002e-06
2995,0.000108299995
2996,0.000541875
2997,0.0009918751
2998,0.0008586751
2999,1.875e-06
3000,3e-05
3001,6.3075e-05
3002,0.00010267501
3003,0.001171875
3004,0.00010267501
3005,3.9675004e-05
3006,9.075001e-06
3007,6.75e-07
3008,0.00011407501
3009,0.00058080006
3010,0.0011163
3011,2.43e-05
3012,6.075e-06
3013,5.0700004e-05
3014,8.1674996e-05
3015,5.8800008e-05
3016,7.500001e-08
3017,7.5e-06
3018,4.8000006e-06
3019,0.00012607501
3020,6.3075e-05
3021,0.0010443002
3022,0.003151875
3023,0.0046500755
3024,5.4675e-05
3025,3.6750005e-06
3026,1.875e-06
3027,0.00026107504
3028,0.000180075
3029,0.00034680005
3030,0.0044286754
3031,0.008926875
3032,0.0072075003
3033,3.3075e-05
3034,0.0017786999
3035,0.0046127997
3036,0.0053067002
3037,0.0028812
3038,0.00028829998
3039,0.0005292
3040,0.0025392002
3041,7.2074996e-05
3042,3.6750005e-06
3043,2.7e-06
3044,0.00014520001
3045,0.0005292
3046,0.0006627
3047,0.000210675
3048,9.187501e-05
3049,0.0015552
3050,0.0039675003
3051,0.00015187502
3052,0.00089107506
3053,5.0700004e-05
3054,1.2675001e-05
3055,1.2000002e-06
3056,2.7e-06
3057,1.9200002e-05
3058,0.0003888
3059,8.670001e-05
3060,0.0009075
3061,0.0018960749
3062,0.0016875002
3063,2.7e-06
3064,4.6875004e-05
3065,0.0006627
3066,9.72e-05
3067,8.1674996e-05
3068,0.00073507504
3069,3e-05
3070,5.8800008e-05
3071,1.2000002e-06
3072,4.6875004e-05
3073,7.2074996e-05
3074,2.7e-06
3075,0.0001728
3076,0.0007203
3077,7.2074996e-05
3078,0.000621075
3079,0.0011163
3080,0.0007203
3081,2.7074999e-05
3082,0.0006075001
3083,0.0028227004
3084,0.004953675
3085,0.0001323
3086,0.0008586751
3087,0.0018018751
3088,0.0017786999
3089,0.0006627
3090,3.6750005e-06
3091,0.00014520001
3092,0.000195075
3093,0.00024367501
3094,0.00033667503
3095,0.00045630004
3096,0.005548801
3097,0.012060075
3098,0.00034680005
3099,0.0018486752
3100,0.0028518748
3101,3.6750005e-06
3102,5.4675e-05
3103,0.000210675
3104,0.000516675
3105,0.00768
3106,0.0192027
3107,0.0007803
3108,0.0049922997
3109,0.0084672
3110,0.005548801
3111,0.00014520001
3112,0.004876875
3113,0.0147852
3114,0.022276876
3115,0.00046807507
3116,0.000279075
3117,0.000399675
3118,0.00042187504
3119,0.00034680005
3120,0.0024570748
3121,0.0025947
3122,0.00037807503
3123,0.0012675
3124,0.009345674
3125,0.0012288002
3126,0.0014076749
3127,0.016638076
3128,0.0320787
3129,0.00032669998
3130,4.6875004e-05
3131,0.0008427
3132,0.006660301
3133,0.0011163
3134,0.011820677
3135,0.024538804
3136,0.022935674
3137,0.0082668
3138,3.6750005e-06
3139,0.0013067999
3140,0.0014700001
3141,0.014718674
3142,0.027816078
3143,0.00058080006
3144,0.0029403002
3145,0.0059643
3146,0.0062640756
3147,4.8000006e-06
3148,3e-05
3149,0.000621075
3150,0.0022446748
3151,0.0046127997
3152,0.000279075
3153,0.002970075
3154,0.007394701
3155,0.00026107504
3156,0.0011346751
3157,1.08e-05
3158,3.3075e-05
3159,0.00020280002
3160,0.00050430006
3161,0.0069768755
3162,0.0008586751
3163,0.000594075
3164,0.00044467498
3165,0.00023520003
3166,5.8800008e-05
3167,6.75e-07
3168,8.1674996e-05
3169,0.0018723003
3170,0.005548801
3171,0.0074418755
3172,0.0047628004
3173,0.000621075
3174,0.00036750003
3175,0.000621075
3176,0.0069768755
3177,0.013803075
3178,0.000279075
3179,0.001098075
3180,7.2074996e-05
3181,0.00046807507
3182,0.00075000006
3183,0.00050430006
3184,6.075e-06
3185,3.6300004e-05
3186,0.000594075
3187,0.0018723003
3188,0.0001728
3189,0.0018960749
3190,0.004575675
3191,0.0052668746
3192,0.0027936753
3193,5.8800008e-05
3194,0.001491075
3195,0.00363
3196,0.004575675
3197,7.680001e-05
3198,8.670001e-05
3199,0.0015987
3200,0.0045018755
3201,0.000210675
3202,0.0012675
3203,5.0700004e-05
3204,7.500001e-08
3205,4.6875004e-05
3206,0.0015987
3207,0.000541875
3208,0.0069768755
3209,0.000924075
3210,0.0006912
3211,0.005548801
3212,0.0061776754
3213,0.000957675
3214,0.0008586751
3215,0.013803075
3216,0.0016650752
3217,0.0122412015
3218,0.018525677
3219,0.010323075
3220,0.00041070004
3221,0.0053868005
3222,0.0014282999
3223,0.0115248
3224,0.00079567503
3225,0.00044467498
3226,0.0041772006
3227,0.007394701
3228,9.187501e-05
3229,0.00014520001
3230,3.0000004e-07
3231,0.0001323
3232,9.72e-05
3233,0.000195075
3234,0.000316875
3235,0.00037807503
3236,0.00034680005
3237,0.0026508
3238,0.0031212
3239,0.0008586751
3240,0.00024367501
3241,0.0034992
3242,0.00033667503
3243,0.002296875
3244,0.00014520001
3245,0.0007650751
3246,3e-05
3247,8.1674996e-05
3248,3e-05
3249,9.075001e-06
3250,0.000210675
3251,0.00058080006
3252,0.00079567503
3253,0.000648675
3254,0.000316875
3255,5.0700004e-05
3256,1.08e-05
3257,1.6875001e-05
3258,0.00023520003
3259,5.0700004e-05
3260,7.680001e-05
3261,0.00012
3262,0.0013872002
3263,0.0026226752
3264,2.7074999e-05
3265,1.4700002e-05
3266,6.075e-06
3267,2.7074999e-05
3268,0.00046807507
3269,0.00010267501
3270,0.00014520001
3271,0.0018018751
3272,0.00020280002
3273,0.00012607501
3274,7.2074996e-05
3275,1.2675001e-05
3276,9.075001e-06
3277,0.00010267501
3278,0.002091675
3279,0.0003888
3280,0.00035707498
3281,0.003151875
3282,0.0041067
3283,6.075e-06
3284,0.0011531999
3285,0.0043923
3286,0.007347675
3287,0.0068856752
3288,0.0032448003
3289,0.000226875
3290,0.0008586751
3291,0.0038988001
3292,0.000210675
3293,0.0014076749
3294,0.0025947
3295,0.002296875
3296,0.0008427
3297,3.9675004e-05
3298,0.000567675
3299,0.00079567503
3300,3.0000004e-07
3301,0.0001728
3302,5.8800008e-05
3303,0.0007203
3304,0.0015336752
3305,0.0013266751
3306,0.0002523
3307,0.00028829998
3308,0.00028829998
3309,0.0034347004
3310,0.007254075
3311,0.000165675
3312,0.000648675
3313,0.00081120007
3314,7.500001e-08
3315,9.075001e-06
3316,1.08e-05
3317,9.72e-05
3318,0.0001323
3319,6.75e-07
3320,3.6750005e-06
3321,1.08e-05
3322,0.00032669998
3323,0.0013668751
3324,0.0027648
3325,0.0033708
3326,0.0023763
3327,0.000676875
3328,1.9200002e-05
3329,0.00014520001
3330,0.000180075
3331,0.002091675
3332,0.0046875
3333,0.0057131997
3334,0.0045018755
3335,1.6875001e-05
3336,0.00012607501
3337,0.00063480006
3338,5.4675e-05
3339,0.00027000002
3340,3.0000004e-07
3341,0.00029767503
3342,0.0018960749
3343,0.00033667503
3344,0.0039675003
3345,0.0005547001
3346,0.004800675
3347,0.0084672
3348,0.006091875
3349,6.3075e-05
3350,0.00034680005
3351,0.000567675
3352,0.007536676
3353,0.001062075
3354,0.0009918751
3355,0.0103788
3356,0.00073507504
3357,0.0032136752
3358,0.0021675
3359,0.0002187
3360,0.0059643
3361,0.016779674
3362,0.0007056751
3363,0.00032669998
3364,0.000180075
3365,0.0006912
3366,3.9675004e-05
3367,0.00033667503
3368,0.0057963002
3369,0.013546877
3370,0.00032669998
3371,6.7500005e-05
3372,1.9200002e-05
3373,1.2675001e-05
3374,4.32e-05
3375,0.000165675
3376,0.0026226752
3377,0.00041070004
3378,0.0035970751
3379,0.0062208
3380,3.6300004e-05
3381,1.08e-05
3382,0.0003888
3383,0.0014282999
3384,0.0023232002
3385,2.7074999e-05
3386,2.7074999e-05
3387,2.7e-06
3388,9.075001e-06
3389,5.8800008e-05
3390,6.075e-06
3391,6.3075e-05
3392,0.0013872002
3393,0.004071675
3394,0.000165675
3395,4.6875004e-05
3396,0.00011407501
3397,2.43e-05
3398,0.0013266751
3399,0.000399675
3400,0.00050430006
3401,0.000594075
3402,0.000594075
3403,0.00048
3404,0.0035970751
3405,9.187501e-05
3406,1.2000002e-06
3407,7.680001e-05
3408,0.0002523
3409,0.0038307
3410,0.008772301
3411,0.008517676
3412,0.0028227004
3413,0.00032669998
3414,0.0006912
3415,0.00079567503
3416,0.0007803
3417,0.0006627
3418,0.00048
3419,0.003402675
3420,0.000108299995
3421,0.000279075
3422,0.0002187
3423,0.0
3424,7.500001e-08
3425,1.875e-06
3426,2.7074999e-05
3427,3.3075e-05
3428,2.7e-06
3429,1.4700002e-05
3430,0.000226875
3431,0.000516675
3432,0.00045630004
3433,1.875e-06
3434,0.0001323
3435,0.000399675
3436,0.0005292
3437,2.7e-06
3438,7.500001e-08
3439,9.075001e-06
3440,4.8000006e-06
3441,7.2074996e-05
3442,0.00018750002
3443,0.0002187
3444,0.00011407501
3445,9.075001e-06
3446,3.6300004e-05
3447,0.0001728
3448,1.08e-05
3449,7.680001e-05
3450,0.0001323
3451,9.72e-05
3452,1.875e-06
3453,9.075001e-06
3454,0.00011407501
3455,0.00020280002
3456,8.670001e-05
3457,2.1675003e-05
3458,7.680001e-05
3459,0.0011531999
3460,0.002511675
3461,0.002142075
3462,0.00034680005
3463,0.00024367501
3464,0.00049207505
3465,0.00063480006
3466,0.0006627
3467,0.0057131997
3468,0.0002523
3469,0.000676875
3470,0.0002523
3471,5.0700004e-05
3472,0.0008427
3473,8.1674996e-05
3474,5.8800008e-05
3475,0.000648675
3476,0.0015123001
3477,0.0020172002
3478,3e-05
3479,7.5e-06
3480,3e-05
3481,1.08e-05
3482,0.000516675
3483,0.000195075
3484,0.000279075
3485,0.0030300752
3486,0.0051090755
3487,0.0030000003
3488,9.187501e-05
3489,0.00029767503
3490,0.00034680005
3491,0.0034992
3492,0.0058800005
3493,0.0038988001
3494,0.00045630004
3495,0.00029767503
3496,0.003933075
3497,0.0073008006
3498,0.0057131997
3499,0.001287075
3500,0.00042187504
3501,0.0053868005
3502,0.010887076
3503,0.010323075
3504,0.0043200003
3505,0.00015870002
3506,0.0031212
3507,0.006660301
3508,0.000180075
3509,9.187501e-05
3510,0.0009918751
3511,0.0017327999
3512,0.001171875
3513,0.000180075
3514,9.72e-05
3515,0.0005292
3516,0.00042187504
3517,2.43e-05
3518,4.32e-05
3519,0.00032669998
3520,0.00018750002
3521,5.0700004e-05
3522,0.0001728
3523,0.0024030753
3524,0.005187676
3525,9.72e-05
3526,0.0002187
3527,7.500001e-08
3528,0.00012
3529,0.0006627
3530,0.0015552
3531,7.680001e-05
3532,0.0005547001
3533,0.0010092
3534,0.0007203
3535,8.1674996e-05
3536,0.000226875
3537,0.0012288002
3538,6.3075e-05
3539,1.9200002e-05
3540,3.6750005e-06
3541,7.500001e-08
3542,1.2675001e-05
3543,0.000195075
3544,0.00032669998
3545,1.2000002e-06
3546,4.32e-05
3547,0.0009075
3548,0.00020280002
3549,0.002091675
3550,0.0038646753
3551,3e-05
3552,4.8000006e-06
3553,3.6300004e-05
3554,0.000676875
3555,0.0001323
3556,0.00014520001
3557,0.0015552
3558,0.0029403002
3559,5.0700004e-05
3560,1.4700002e-05
3561,1.9200002e-05
3562,0.00020280002
3563,0.00026107504
3564,4.8000006e-06
3565,6.3075e-05
3566,0.000165675
3567,0.00030720004
3568,0.003933075
3569,0.00041070004
3570,0.0026226752
3571,0.003151875
3572,9.075001e-06
3573,0.00015870002
3574,0.0024843
3575,0.0059220744
3576,0.0064827004
3577,0.0032136752
3578,0.0001728
3579,0.00027000002
3580,0.000316875
3581,0.00027000002
3582,0.000226875
3583,0.0018723003
3584,0.000108299995
3585,0.000594075
3586,4.6875004e-05
3587,0.00041070004
3588,0.00097470003
3589,0.0012096752
3590,0.0007650751
3591,9.075001e-06
3592,0.00034680005
3593,8.670001e-05
3594,0.0010443002
3595,0.0024570748
3596,7.2074996e-05
3597,0.00029767503
3598,4.8000006e-06
3599,1.875e-06
3600,1.4700002e-05
3601,0.0002523
3602,0.00063480006
3603,0.00075000006
3604,0.00048
3605,0.0001323
3606,1.875e-06
3607,3.6300004e-05
3608,0.000108299995
3609,0.000226875
3610,3.6300004e-05
3611,9.72e-05
3612,0.0016428002
3613,0.00024367501
3614,0.000165675
3615,0.001026675
3616,0.00063480006
3617,0.00010267501
3618,0.0025392002
3619,0.0064827004
3620,0.0001728
3621,2.7074999e-05
3622,1.2000002e-06
3623,3e-05
3624,0.00034680005
3625,5.4675e-05
3626,0.00042187504
3627,0.0005292
3628,6.75e-07
3629,0.00011407501
3630,0.00030720004
3631,4.8000006e-06
3632,6.75e-07
3633,4.8000006e-06
3634,0.00012
3635,2.43e-05
3636,0.0002187
3637,1.6875001e-05
3638,6.075e-06
3639,1.2000002e-06
3640,3.0000004e-07
3641,3.6750005e-06
3642,9.075001e-06
3643,0.00011407501
3644,1.08e-05
3645,3.6750005e-06
3646,1.2000002e-06
3647,3.6750005e-06
3648,7.500001e-08
3649,2.7e-06
3650,3.3075e-05
3651,1.4700002e-05
3652,0.000226875
3653,3.9675004e-05
3654,3.3075e-05
3655,2.43e-05
3656,6.075e-06
3657,1.875e-06
3658,0.00020280002
3659,0.0011163
3660,0.0025668752
3661,0.0032760752
3662,0.0022446748
3663,0.00042187504
3664,0.00028829998
3665,0.0030906748
3666,0.0070227003
3667,0.00867
3668,0.00010267501
3669,3.9675004e-05
3670,5.0700004e-05
3671,2.7074999e-05
3672,1.2000002e-06
3673,5.4675e-05
3674,0.0006627
3675,0.0019683002
3676,0.0028518748
3677,3.3075e-05
3678,6.075e-06
3679,5.4675e-05
3680,2.7e-06
3681,3.6750005e-06
3682,2.7e-06
3683,0.00010267501
3684,4.6875004e-05
3685,0.00010267501
3686,0.0015123001
3687,0.000226875
3688,0.00192
3689,0.0001323
3690,0.000541875
3691,0.00028829998
3692,5.8800008e-05
3693,0.0018252002
3694,0.000399675
3695,0.0042483
3696,0.00050430006
3697,0.000399675
3698,0.0035970751
3699,0.0049152006
3700,0.0015987
3701,0.000567675
3702,0.009828299
3703,0.0248832
3704,0.0010443002
3705,0.006615675
3706,0.01083
3707,3e-05
3708,9.72e-05
3709,0.00037807503
3710,0.006660301
3711,0.018154802
3712,0.0240267
3713,0.0002187
3714,0.00046807507
3715,0.000541875
3716,0.000108299995
3717,0.00012
3718,0.0026508
3719,0.0082668
3720,0.012979201
3721,0.00027000002
3722,0.00012607501
3723,0.0013067999
3724,0.0018960749
3725,0.0006627
3726,0.000108299995
3727,0.0024300003
3728,0.00029767503
3729,0.002296875
3730,0.000180075
3731,0.0013067999
3732,0.00012607501
3733,0.000108299995
3734,0.0001323
3735,0.0013067999
3736,0.0021168
3737,6.075e-06
3738,9.075001e-06
3739,0.00020280002
3740,0.000676875
3741,0.0012675
3742,7.680001e-05
3743,0.0009408001
3744,0.0028812
3745,0.004356075
3746,0.003402675
3747,0.0007803
3748,0.00024367501
3749,0.000567675
3750,0.0008748
3751,0.0103788
3752,0.0205932
3753,0.00029767503
3754,0.000516675
3755,6.75e-07
3756,0.000226875
3757,9.72e-05
3758,0.0012096752
3759,0.0027648
3760,0.0030000003
3761,9.075001e-06
3762,7.500001e-08
3763,3.0000004e-07
3764,1.2000002e-06
3765,2.7e-06
3766,0.00011407501
3767,0.00046807507
3768,0.00081120007
3769,0.0006627
3770,0.00014520001
3771,8.1674996e-05
3772,0.0009075
3773,0.0017786999
3774,3e-05
3775,4.8000006e-06
3776,6.75e-07
3777,6.75e-07
3778,1.08e-05
3779,3.6300004e-05
3780,0.00063480006
3781,0.0017556751
3782,9.187501e-05
3783,0.000648675
3784,0.0010092
3785,7.500001e-08
3786,3.6300004e-05
3787,0.00012
3788,0.00026107504
3789,0.0036963
3790,0.0085683
3791,0.00026107504
3792,0.00011407501
3793,9.187501e-05
3794,3.9675004e-05
3795,6.75e-07
3796,4.32e-05
3797,0.0014076749
3798,0.0055080755
3799,0.00049207505
3800,0.004212675
3801,0.0077280756
3802,0.0056306995
3803,0.0007803
3804,0.0012675
3805,0.0007650751
3806,0.0075842994
3807,0.014191875
3808,0.00028829998
3809,0.0015987
3810,0.0038307
3811,0.000210675
3812,0.0016875002
3813,0.0030000003
3814,7.5e-06
3815,5.4675e-05
3816,0.00024367501
3817,0.0044652
3818,0.0126075
3819,0.0171363
3820,0.012301876
3821,1.9200002e-05
3822,0.001287075
3823,0.0030300752
3824,0.0036963
3825,0.0030906748
3826,2.7074999e-05
3827,4.32e-05
3828,0.0001323
3829,0.0018252002
3830,0.000195075
3831,0.001171875
3832,0.001287075
3833,0.0002523
3834,0.0001323
3835,0.00024367501
3836,0.000279075
3837,0.0025668752
3838,0.00015187502
3839,0.000621075
3840,0.0005292
3841,7.5e-06
3842,0.00023520003
3843,0.00049207505
3844,2.7e-06
3845,6.075e-06
3846,1.2675001e-05
3847,3e-05
3848,0.00043319998
3849,0.00097470003
3850,0.00097470003
3851,0.00036750003
3852,2.7074999e-05
3853,0.00058080006
3854,0.0015123001
3855,0.0021168
3856,0.00192
3857,1.08e-05
3858,3.6750005e-06
3859,9.075001e-06
3860,6.7500005e-05
3861,3.9675004e-05
3862,1.9200002e-05
3863,5.0700004e-05
3864,0.00073507504
3865,0.000108299995
3866,0.0009918751
3867,0.0020172002
3868,0.0020418752
3869,4.8000006e-06
3870,3.0000004e-07
3871,1.2000002e-06
3872,5.8800008e-05
3873,0.00037807503
3874,0.0012480749
3875,0.0024570748
3876,0.00011407501
3877,8.670001e-05
3878,0.00081120007
3879,2.7074999e-05
3880,3.6750005e-06
3881,5.4675e-05
3882,0.001287075
3883,0.00027000002
3884,0.0025947
3885,0.0043923
3886,0.0024843
3887,0.00012607501
3888,0.00045630004
3889,0.0058800005
3890,0.0125460755
3891,0.00024367501
3892,0.0005292
3893,3.6750005e-06
3894,0.0006627
3895,0.00032669998
3896,0.0005292
3897,0.0063948
3898,0.012000001
3899,0.00867
3900,0.000108299995
3901,0.0005547001
3902,0.007536676
3903,0.018007502
3904,0.022195203
3905,0.015663674
3906,0.004876875
3907,2.7e-06
3908,0.00079567503
3909,0.001171875
3910,0.014851876
3911,0.035089202
3912,0.0013872002
3913,0.0009075
3914,0.009558675
3915,0.00063480006
3916,0.002296875
3917,0.000957675
3918,0.000516675
3919,0.008517676
3920,0.0014076749
3921,0.0134832
3922,0.0264627
3923,0.023268674
3924,0.0071610743
3925,0.00034680005
3926,0.0019440751
3927,0.0024030753
3928,0.002736075
3929,0.027999075
3930,0.049694702
3931,0.037807498
3932,9.72e-05
3933,0.0006627
3934,0.0063948
3935,0.00050430006
3936,0.00035707498
3937,0.004002075
3938,0.00048
3939,0.0042483
3940,0.008416876
3941,0.007824676
3942,0.0028518748
3943,0.00020280002
3944,0.0038307
3945,0.00050430006
3946,0.00046807507
3947,0.005187676
3948,0.0098826755
3949,0.008167501
3950,0.0022707
3951,0.00026107504
3952,0.00043319998
3953,0.004141875
3954,0.00034680005
3955,0.002511675
3956,0.0046127997
3957,0.004212675
3958,0.0017786999
3959,5.8800008e-05
3960,0.00075000006
3961,0.000195075
3962,0.0017556751
3963,0.0001728
3964,0.0013668751
3965,0.002511675
3966,0.002142075
3967,6.75e-07
3968,0.00013867502
3969,1.6875001e-05
3970,0.000108299995
3971,4.8000006e-06
3972,1.2675001e-05
3973,3.0000004e-07
3974,3.6300004e-05
3975,0.00015870002
3976,0.000195075
3977,3.6750005e-06
3978,0.00029767503
3979,0.00015870002
3980,0.002511675
3981,0.00045630004
3982,0.0042483
3983,0.0071610743
3984,1.4700002e-05
3985,0.00032669998
3986,0.002679075
3987,0.0073008006
3988,0.00048
3989,0.00041070004
3990,0.00045630004
3991,0.0040368
3992,0.00018750002
3993,2.7074999e-05
3994,3.9675004e-05
3995,1.6875001e-05
3996,7.2074996e-05
3997,0.00015187502
3998,0.0002523
3999,0.0031827001
4000,0.0069768755
4001,0.007347675
4002,0.0037296754
4003,0.000316875
4004,0.00089107506
4005,0.00037807503
4006,0.00363
4007,0.0073008006
4008,0.00768
4009,0.0045387005
4010,4.8000006e-06
4011,0.000165675
4012,3.0000004e-07
4013,3.6750005e-06
4014,3.6750005e-06
4015,1.4700002e-05
4016,1.875e-06
4017,8.670001e-05
4018,0.00037807503
4019,0.0008586751
4020,0.0012675
4021,0.0013872002
4022,0.0012096752
4023,1.2675001e-05
4024,0.000108299995
4025,0.00032669998
4026,7.5e-06
4027,7.500001e-08
4028,0.0001323
4029,0.000924075
4030,0.000180075
4031,0.0021930751
4032,0.00029767503
4033,0.0002523
4034,0.0022707
4035,0.003151875
4036,6.75e-07
4037,0.00010267501
4038,0.0018960749
4039,0.00035707498
4040,0.00363
4041,0.00034680005
4042,0.002142075
4043,5.4675e-05
4044,1.08e-05
4045,0.00029767503
4046,0.000210675
4047,0.0025392002
4048,0.00023520003
4049,0.0012480749
4050,1.2675001e-05
4051,1.6875001e-05
4052,0.0005292
4053,0.00012
4054,0.00010267501
4055,6.7500005e-05
4056,1.9200002e-05
4057,2.1675003e-05
4058,1.6875001e-05
4059,4.6875004e-05
4060,0.00049207505
4061,0.00073507504
4062,0.000279075
4063,1.9200002e-05
4064,0.0007203
4065,0.0015552
4066,2.1675003e-05
4067,1.875e-06
4068,1.4700002e-05
4069,5.0700004e-05
4070,1.2675001e-05
4071,0.00024367501
4072,5.4675e-05
4073,0.00048
4074,1.6875001e-05
4075,2.7e-06
4076,6.3075e-05
4077,0.0015768749
4078,0.0051483
4079,0.007536676
4080,0.0054675005
4081,3e-05
4082,0.0014700001
4083,0.004284075
4084,0.006438676
4085,0.00015870002
4086,0.0012480749
4087,0.0002187
4088,0.00024367501
4089,0.0025392002
4090,0.004284075
4091,1.2675001e-05
4092,0.000108299995
4093,0.001062075
4094,0.0032760752
4095,0.0057963002
4096,0.000210675
4097,0.0016650752
4098,0.0035643002
4099,0.0034668753
4100,0.0011907001
4101,0.00012
4102,0.0023496752
4103,0.0057963002
4104,0.000279075
4105,0.00027000002
4106,0.0036963
4107,0.00049207505
4108,0.0040368
4109,0.006660301
4110,3e-05
4111,1.9200002e-05
4112,0.000594075
4113,0.0024300003
4114,0.0052668746
4115,0.0074418755
4116,0.0071610743
4117,3.6300004e-05
4118,3.6750005e-06
4119,7.500001e-08
4120,7.680001e-05
4121,0.001062075
4122,0.00037807503
4123,0.005187676
4124,0.0125460755
4125,0.0136746755
4126,0.0063510756
4127,0.0002187
4128,0.0046500755
4129,0.000567675
4130,0.004953675
4131,0.010212075
4132,0.00030720004
4133,0.00192
4134,0.00020280002
4135,0.0014282999
4136,5.4675e-05
4137,5.0700004e-05
4138,8.670001e-05
4139,0.0013872002
4140,0.00029767503
4141,0.003151875
4142,0.006438676
4143,0.0059643
4144,7.500001e-08
4145,0.00028829998
4146,0.0008586751
4147,6.7500005e-05
4148,0.000924075
4149,0.0002523
4150,0.0032760752
4151,0.007970701
4152,0.0002523
4153,7.680001e-05
4154,2.7074999e-05
4155,2.1675003e-05
4156,0.00013867502
4157,0.00015187502
4158,0.0020667
4159,0.00026107504
4160,0.0022188004
4161,0.0002187
4162,0.0018252002
4163,0.0036630754
4164,8.1674996e-05
4165,0.00024367501
4166,9.187501e-05
4167,0.0002187
4168,0.002910675
4169,0.0006912
4170,0.008416876
4171,0.019051202
4172,0.00048
4173,0.0015768749
4174,0.001098075
4175,0.00011407501
4176,0.0035643002
4177,0.0008586751
4178,0.009558675
4179,0.0011346751
4180,0.008823675
4181,0.0006075001
4182,0.00024367501
4183,0.00011407501
4184,0.00045630004
4185,8.670001e-05
4186,0.00048
4187,0.0003888
4188,0.0051483
4189,0.0122412015
4190,0.014061675
4191,0.007970701
4192,0.00089107506
4193,0.0017556751
4194,0.010887076
4195,0.019051202
4196,0.0178608
4197,0.008721075
4198,8.670001e-05
4199,0.0017786999
4200,0.0028812
4201,2.43e-05
4202,5.0700004e-05
4203,0.00012607501
4204,0.0002523
4205,0.0003888
4206,2.1675003e-05
4207,0.000316875
4208,0.0010092
4209,0.0015552
4210,0.0012096752
4211,0.0002523
4212,8.670001e-05
4213,0.001491075
4214,0.0036630754
4215,0.0044286754
4216,3.3075e-05
4217,6.7500005e-05
4218,3.6750005e-06
4219,9.075001e-06
4220,4.8000006e-06
4221,3.6300004e-05
4222,9.187501e-05
4223,0.0014076749
4224,0.0033708
4225,0.00363
4226,1.875e-06
4227,9.72e-05
4228,0.00048
4229,0.001026675
4230,6.3075e-05
4231,0.000621075
4232,9.72e-05
4233,0.0008748
4234,0.0016206751
4235,0.0012675
4236,0.000279075
4237,9.72e-05
4238,0.0012288002
4239,0.0025392002
4240,0.0026226752
4241,0.0015123001
4242,0.00036750003
4243,1.6875001e-05
4244,0.00015187502
4245,6.75e-07
4246,2.7e-06
4247,7.500001e-08
4248,1.2675001e-05
4249,3.3075e-05
4250,0.0007650751
4251,0.0026508
4252,0.0044286754
4253,0.0039675003
4254,3.0000004e-07
4255,0.0003888
4256,0.0016650752
4257,0.0035970751
4258,0.0050310753
4259,0.004575675
4260,9.075001e-06
4261,1.2000002e-06
4262,3.3075e-05
4263,2.43e-05
4264,0.00058080006
4265,0.0021675
4266,0.0040368
4267,0.0046127997
4268,0.0030906748
4269,0.0007803
4270,8.670001e-05
4271,0.000279075
4272,0.0034668753
4273,0.00048
4274,0.0043923
4275,0.0085683
4276,0.007394701
4277,7.5e-06
4278,0.00089107506
4279,0.0001728
4280,0.001710075
4281,0.000195075
4282,0.0015987
4283,0.002736075
4284,0.0018960749
4285,1.9200002e-05
4286,0.0006627
4287,0.0015552
4288,0.0016206751
4289,0.0007650751
4290,1.9200002e-05
4291,5.0700004e-05
4292,0.0005292
4293,0.0010092
4294,0.00089107506
4295,7.500001e-08
4296,7.5e-06
4297,7.5e-06
4298,5.8800008e-05
4299,2.7e-06
4300,3.6750005e-06
4301,7.500001e-08
4302,1.875e-06
4303,6.75e-07
4304,1.2675001e-05
4305,0.00034680005
4306,0.0013467001
4307,0.0023763
4308,0.0022707
4309,0.00081120007
4310,3e-05
4311,0.00030720004
4312,0.00050430006
4313,0.0061776754
4314,0.012916875
4315,0.012180676
4316,0.0046127997
4317,1.2000002e-06
4318,0.0006912
4319,0.007536676
4320,0.00063480006
4321,0.0043923
4322,0.00033667503
4323,0.000226875
4324,0.00023520003
4325,0.0002523
4326,0.00026107504
4327,0.00023520003
4328,0.0019926752
4329,0.0026226752
4330,0.0008427
4331,0.00018750002
4332,0.003796875
4333,0.0098826755
4334,0.00044467498
4335,0.0031212
4336,0.0002523
4337,0.0012480749
4338,3.6750005e-06
4339,0.00033667503
4340,0.002910675
4341,0.008316676
4342,0.012301876
4343,0.009774076
4344,0.0027936753
4345,0.00026107504
4346,0.0074418755
4347,0.0178608
4348,0.000594075
4349,0.0034992
4350,0.0061776754
4351,0.0049922997
4352,7.5e-06
4353,8.1674996e-05
4354,0.0008586751
4355,0.0016206751
4356,3.6300004e-05
4357,0.00024367501
4358,0.0007056751
4359,6.3075e-05
4360,0.000648675
4361,0.0015336752
4362,0.0016650752
4363,0.000826875
4364,4.32e-05
4365,7.2074996e-05
4366,9.187501e-05
4367,0.000924075
4368,9.187501e-05
4369,8.670001e-05
4370,0.0011163
4371,0.000180075
4372,0.00020280002
4373,0.0024843
4374,0.0050310753
4375,0.0044286754
4376,6.075e-06
4377,0.000108299995
4378,0.000210675
4379,0.0030906748
4380,0.008068801
4381,0.011001674
4382,0.008721075
4383,0.0032760752
4384,3.9675004e-05
4385,0.000399675
4386,0.0050310753
4387,0.011116875
4388,0.012792675
4389,0.008619075
4390,1.2000002e-06
4391,0.000195075
4392,0.000210675
4393,7.680001e-05
4394,0.0
4395,4.8000006e-06
4396,3.9675004e-05
4397,0.0007803
4398,0.0023496752
4399,0.0034668753
4400,0.0027936753
4401,3.0000004e-07
4402,0.0001728
4403,0.0005292
4404,0.00089107506
4405,0.0010443002
4406,0.00089107506
4407,0.000516675
4408,0.00015870002
4409,7.5e-06
4410,1.9200002e-05
4411,5.4675e-05
4412,6.7500005e-05
4413,9.72e-05
4414,0.00023520003
4415,0.0006075001
4416,0.0011907001
4417,0.0015336752
4418,0.0010443002
4419,9.075001e-06
4420,0.00046807507
4421,0.0015123001
4422,0.0023496752
4423,3.6300004e-05
4424,0.00010267501
4425,8.670001e-05
4426,3.6750005e-06
4427,5.0700004e-05
4428,3.6750005e-06
4429,3.6750005e-06
4430,0.00023520003
4431,0.0011163
4432,0.0021168
4433,2.7074999e-05
4434,3.0000004e-07
4435,0.00036750003
4436,0.0027075
4437,0.000541875
4438,0.00075000006
4439,0.0009408001
4440,0.008926875
4441,0.00043319998
4442,3.9675004e-05
4443,9.075001e-06
4444,0.00024367501
4445,0.00063480006
4446,0.008978699
4447,0.0198147
4448,0.019431077
4449,7.500001e-08
4450,0.0010092
4451,0.0035643002
4452,0.0063510756
4453,0.007824676
4454,0.0070227003
4455,0.004284075
4456,1.875e-06
4457,2.43e-05
4458,0.00029767503
4459,0.000826875
4460,0.001287075
4461,0.0012096752
4462,3.0000004e-07
4463,7.5e-06
4464,9.72e-05
4465,0.00015870002
4466,4.6875004e-05
4467,7.680001e-05
4468,0.000108299995
4469,0.0001728
4470,0.0019683002
4471,0.00363
4472,0.0026226752
4473,0.00045630004
4474,0.00026107504
4475,0.0019926752
4476,0.00010267501
4477,0.000567675
4478,6.3075e-05
4479,0.000108299995
4480,0.0018723003
4481,0.0053868005
4482,0.00027000002
4483,0.0016206751
4484,0.0019683002
4485,0.0003888
4486,0.00073507504
4487,0.000621075
4488,0.0068403
4489,0.000621075
4490,0.00034680005
4491,0.0026508
4492,0.0033708
4493,0.0013067999
4494,0.00011407501
4495,0.00023520003
4496,0.00026107504
4497,0.0027075
4498,0.00023520003
4499,0.0015552
4500,8.1674996e-05
4501,1.6875001e-05
4502,5.0700004e-05
4503,2.7e-06
4504,9.72e-05
4505,0.0002523
4506,0.00024367501
4507,0.0
4508,2.7e-06
4509,3.6750005e-06
4510,0.00012607501
4511,0.00046807507
4512,0.000648675
4513,3.0000004e-07
4514,0.00028829998
4515,0.0018018751
4516,0.004725075
4517,0.0067500006
4518,0.0049922997
4519,0.000924075
4520,0.00042187504
4521,0.007489201
4522,0.018600302
4523,0.022195203
4524,0.000108299995
4525,0.0
4526,1.9200002e-05
4527,0.00026107504
4528,0.001171875
4529,0.0001728
4530,0.0002187
4531,0.000279075
4532,0.00027000002
4533,0.0002187
4534,0.00014520001
4535,0.000957675
4536,2.1675003e-05
4537,6.75e-07
4538,3.0000004e-07
4539,7.5e-06
4540,1.4700002e-05
4541,7.500001e-08
4542,7.500001e-08
4543,6.75e-07
4544,3e-05
4545,0.00012607501
4546,1.4700002e-05
4547,0.00015187502
4548,0.00028829998
4549,0.000210675
4550,3.3075e-05
4551,2.7074999e-05
4552,1.2675001e-05
4553,5.0700004e-05
4554,1.6875001e-05
4555,7.5e-06
4556,1.08e-05
4557,5.0700004e-05
4558,3.6750005e-06
4559,4.32e-05
4560,0.00012
4561,0.0016428002
4562,0.0034992
4563,5.0700004e-05
4564,4.32e-05
4565,7.5e-06
4566,0.00033667503
4567,0.001098075
4568,5.4675e-05
4569,3e-05
4570,0.00028829998
4571,0.00050430006
4572,0.00043319998
4573,0.0002187
4574,6.3075e-05
4575,9.075001e-06
4576,3.0000004e-07
4577,6.075e-06
4578,3.3075e-05
4579,0.00012
4580,0.00028829998
4581,0.00046807507
4582,1.6875001e-05
4583,0.00015870002
4584,0.00044467498
4585,0.0007056751
4586,1.9200002e-05
4587,1.2675001e-05
4588,0.00012
4589,0.00010267501
4590,6.075e-06
4591,0.000621075
4592,0.000195075
4593,0.0022446748
4594,0.0045387005
4595,0.003796875
4596,1.4700002e-05
4597,0.00097470003
4598,0.0027648
4599,0.0001323
4600,0.0008427
4601,5.8800008e-05
4602,0.00030720004
4603,6.075e-06
4604,7.500001e-08
4605,1.875e-06
4606,3.6300004e-05
4607,7.680001e-05
4608,6.7500005e-05
4609,0.0
4610,7.500001e-08
4611,7.500001e-08
4612,7.500001e-08
4613,0.0
4614,4.8000006e-06
4615,4.8000006e-06
4616,9.187501e-05
4617,0.00026107504
4618,0.00030720004
4619,0.0
4620,7.5e-06
4621,2.7074999e-05
4622,5.4675e-05
4623,0.0007650751
4624,9.187501e-05
4625,6.3075e-05
4626,0.00050430006
4627,1.4700002e-05
4628,6.075e-06
4629,4.32e-05
4630,0.00037807503
4631,0.0009918751
4632,0.0013872002
4633,0.0011907001
4634,0.000567675
4635,6.7500005e-05
4636,8.1674996e-05
4637,6.3075e-05
4638,0.0008586751
4639,0.000165675
4640,0.0019683002
4641,0.000279075
4642,0.0023763
4643,0.00015870002
4644,3.9675004e-05
4645,1.875e-06
4646,5.8800008e-05
4647,0.000621075
4648,0.0016428002
4649,0.0018960749
4650,0.000826875
4651,5.0700004e-05
4652,0.001026675
4653,0.002091675
4654,0.0016650752
4655,9.075001e-06
4656,0.00041070004
4657,5.4675e-05
4658,0.00036750003
4659,0.0003888
4660,4.32e-05
4661,6.7500005e-05
4662,0.000108299995
4663,0.0010092
4664,3e-05
4665,1.875e-06
4666,0.00027000002
4667,0.00012607501
4668,0.00015870002
4669,0.0001323
4670,4.6875004e-05
4671,4.32e-05
4672,0.00023520003
4673,0.0024300003
4674,0.0003888
4675,0.0035643002
4676,0.00027000002
4677,0.001287075
4678,0.0010092
4679,3.6750005e-06
4680,0.00035707498
4681,0.0006912
4682,0.008978699
4683,0.0198147
4684,0.0005547001
4685,0.0002187
4686,0.0017786999
4687,3.6300004e-05
4688,2.1675003e-05
4689,0.001287075
4690,0.0059220744
4691,0.000676875
4692,0.006660301
4693,0.0136746755
4694,0.0124848
4695,0.0041772006
4696,5.8800008e-05
4697,0.0008748
4698,0.0010092
4699,0.0103788
4700,0.019431077
4701,0.00035707498
4702,0.0015336752
4703,0.000165675
4704,0.0015987
4705,0.000195075
4706,0.000165675
4707,0.000165675
4708,0.0013266751
4709,0.0014282999
4710,3.3075e-05
4711,0.00027000002
4712,0.000594075
4713,0.0082668
4714,0.001098075
4715,0.008875201
4716,0.01452
4717,6.3075e-05
4718,8.1674996e-05
4719,0.00015870002
4720,0.00033667503
4721,0.000594075
4722,0.007394701
4723,0.015663674
4724,0.0153228
4725,0.006438676
4726,8.1674996e-05
4727,0.0041772006
4728,0.0136746755
4729,0.0174243
4730,0.0116427
4731,0.0031827001
4732,9.075001e-06
4733,0.00035707498
4734,0.0031212
4735,0.004876875
4736,5.0700004e-05
4737,0.00015870002
4738,0.00043319998
4739,4.32e-05
4740,5.4675e-05
4741,6.7500005e-05
4742,0.000621075
4743,0.00075000006
4744,0.000108299995
4745,0.00045630004
4746,0.0030603004
4747,0.0058800005
4748,0.0054675005
4749,0.0020418752
4750,3.6750005e-06
4751,0.00042187504
4752,0.0051483
4753,0.011001674
4754,0.00034680005
4755,0.0023496752
4756,0.0051090755
4757,0.005427075
4758,1.2000002e-06
4759,0.000316875
4760,0.00020280002
4761,0.00049207505
4762,0.007824676
4763,0.020436302
4764,0.025143076
4765,0.000108299995
4766,3.0000004e-07
4767,0.00037807503
4768,0.0002523
4769,0.000567675
4770,0.0010800001
4771,0.014061675
4772,0.0016650752
4773,0.0125460755
4774,0.019431077
4775,0.0109443
4776,0.00041070004
4777,0.0013668751
4778,0.00192
4779,0.0024030753
4780,0.0025668752
4781,0.0023496752
4782,0.0017786999
4783,0.0010800001
4784,0.000516675
4785,0.0025392002
4786,1.2675001e-05
4787,7.2074996e-05
4788,0.000541875
4789,0.0011163
4790,3.3075e-05
4791,0.00026107504
4792,4.32e-05
4793,0.00048
4794,0.00097470003
4795,0.00081120007
4796,0.00013867502
4797,7.2074996e-05
4798,0.0012288002
4799,0.002910675
4800,0.000108299995
4801,0.0007056751
4802,0.0014076749
4803,0.0014076749
4804,0.000648675
4805,2.7074999e-05
4806,6.3075e-05
4807,0.00073507504
4808,7.2074996e-05
4809,0.000567675
4810,0.001062075
4811,0.000957675
4812,0.00037807503
4813,1.08e-05
4814,0.00014520001
4815,3.6750005e-06
4816,7.500001e-08
4817,3e-05
4818,0.00020280002
4819,0.00050430006
4820,0.0006912
4821,9.075001e-06
4822,1.2675001e-05
4823,6.75e-07
4824,3.3075e-05
4825,0.0008586751
4826,0.00026107504
4827,0.0032760752
4828,0.00046807507
4829,0.0038646753
4830,0.0062208
4831,0.0035316749
4832,0.00015187502
4833,0.0038988001
4834,0.000676875
4835,0.00073507504
4836,0.0083667
4837,0.0008427
4838,0.0059643
4839,0.00034680005
4840,0.00010267501
4841,0.0003888
4842,5.0700004e-05
4843,0.00063480006
4844,0.0041067
4845,0.00048
4846,0.004212675
4847,0.00035707498
4848,0.0020172002
4849,0.0020172002
4850,0.00024367501
4851,0.0010443002
4852,0.0005547001
4853,0.0054675005
4854,0.00041070004
4855,0.0001728
4856,0.0010092
4857,0.0008427
4858,2.43e-05
4859,9.187501e-05
4860,0.0010092
4861,0.0016650752
4862,0.0010443002
4863,8.1674996e-05
4864,0.0003888
4865,0.0018723003
4866,0.0029403002
4867,5.4675e-05
4868,0.00030720004
4869,0.000676875
4870,0.000621075
4871,1.08e-05
4872,0.00063480006
4873,0.002736075
4874,0.00032669998
4875,0.0033390748
4876,0.00035707498
4877,0.002142075
4878,0.0022188004
4879,0.000226875
4880,0.0015123001
4881,0.0007803
4882,0.0084672
4883,0.0165675
4884,0.014652302
4885,0.004876875
4886,4.32e-05
4887,0.006615675
4888,0.0171363
4889,0.020202074
4890,0.00015870002
4891,6.7500005e-05
4892,0.000165675
4893,0.0019683002
4894,0.0032136752
4895,0.0015336752
4896,1.4700002e-05
4897,0.0032136752
4898,0.0006912
4899,0.0068856752
4900,0.00079567503
4901,0.0007056751
4902,0.007489201
4903,0.00058080006
4904,0.0002187
4905,0.0009075
4906,0.00013867502
4907,0.0013668751
4908,0.000924075
4909,0.0012675
4910,0.013738802
4911,0.0238572
4912,0.00013867502
4913,1.9200002e-05
4914,0.001098075
4915,0.004356075
4916,0.0084672
4917,0.010212075
4918,0.00012607501
4919,5.8800008e-05
4920,7.680001e-05
4921,5.0700004e-05
4922,0.000165675
4923,0.0
4924,0.0007803
4925,0.0033390748
4926,0.00026107504
4927,0.0020172002
4928,0.0035643002
4929,0.0028227004
4930,0.0007650751
4931,8.1674996e-05
4932,0.0011346751
4933,0.0020418752
4934,0.0018486752
4935,0.000957675
4936,0.00026107504
4937,2.7074999e-05
4938,7.500001e-08
4939,4.8000006e-06
4940,0.00014520001
4941,3.9675004e-05
4942,0.00044467498
4943,5.0700004e-05
4944,0.00029767503
4945,0.000226875
4946,1.6875001e-05
4947,0.000226875
4948,0.0038988001
4949,0.010546875
4950,0.013419676
4951,0.008517676
4952,0.0012675
4953,0.0013872002
4954,0.001026675
4955,0.0109443
4956,0.0223587
4957,0.022605078
4958,5.8800008e-05
4959,1.6875001e-05
4960,0.00010267501
4961,0.00023520003
4962,9.72e-05
4963,5.8800008e-05
4964,0.00023520003
4965,0.00050430006
4966,0.0068856752
4967,0.015120075
4968,0.00034680005
4969,7.2074996e-05
4970,2.7074999e-05
4971,5.4675e-05
4972,1.6875001e-05
4973,0.00050430006
4974,0.00010267501
4975,0.0009408001
4976,0.0016650752
4977,0.0013067999
4978,0.00041070004
4979,1.6875001e-05
4980,1.08e-05
4981,3.0000004e-07
4982,1.4700002e-05
4983,1.2675001e-05
4984,0.00013867502
4985,0.000195075
4986,4.32e-05
4987,0.000108299995
4988,0.00012
4989,0.000210675
4990,0.002736075
4991,0.006134701
4992,0.0062640756
4993,0.002736075
4994,3e-05
4995,0.0021168
4996,0.0005292
4997,0.00507
4998,0.009991876
4999,0.0094518745
5000,0.0039675003
5001,9.72e-05
5002,0.00036750003
5003,0.0038988001
5004,0.0065712007
5005,0.004876875
5006,0.0012480749
5007,4.32e-05
5008,0.0014490751
5009,0.0021675
5010,0.0008586751
5011,9.187501e-05
5012,0.0016650752
5013,0.003402675
5014,0.0027936753
5015,0.0005547001
5016,0.00044467498
5017,0.00049207505
5018,0.0059220744
5019,0.0007203
5020,0.0056718756
5021,0.0090828
5022,1.9200002e-05
5023,0.00035707498
5024,0.000316875
5025,0.0049922997
5026,0.012979201
5027,0.0155952005
5028,0.008619075
5029,0.000180075
5030,0.004876875
5031,0.012362699
5032,0.015663674
5033,0.011761201
5034,0.0045387005
5035,0.00023520003
5036,0.0002523
5037,0.00027000002
5038,0.0026508
5039,0.0052271998
5040,0.0056306995
5041,0.003796875
5042,2.7e-06
5043,2.7e-06
5044,0.00018750002
5045,0.000648675
5046,0.0007650751
5047,0.0002187
5048,7.680001e-05
5049,0.0015336752
5050,0.000279075
5051,0.0028812
5052,0.0060492004
5053,0.0001323
5054,3.3075e-05
5055,0.00020280002
5056,0.00011407501
5057,3.3075e-05
5058,0.0008748
5059,0.0025668752
5060,0.0034992
5061,0.0025392002
5062,0.0007056751
5063,1.9200002e-05
5064,0.0001323
5065,0.0013872002
5066,0.0025668752
5067,5.4675e-05
5068,0.00032669998
5069,5.0700004e-05
5070,5.8800008e-05
5071,7.680001e-05
5072,0.00075000006
5073,0.001171875
5074,0.00063480006
5075,2.7074999e-05
5076,0.000676875
5077,0.000108299995
5078,0.001062075
5079,0.0022707
5080,0.0024843
5081,0.0014490751
5082,0.00028829998
5083,4.32e-05
5084,0.0006627
5085,0.0013668751
5086,5.8800008e-05
5087,0.00063480006
5088,0.000165675
5089,0.0021168
5090,0.0049922997
5091,0.0052668746
5092,0.0
5093,0.00050430006
5094,0.0024300003
5095,0.005589675
5096,0.00032669998
5097,0.0028227004
5098,0.005346675
5099,0.0037632005
5100,0.00026107504
5101,0.0022707
5102,0.010887076
5103,0.0168507
5104,0.0124848
5105,2.1675003e-05
5106,0.000180075
5107,0.0016875002
5108,0.0030000003
5109,0.0026508
5110,0.0013067999
5111,1.2000002e-06
5112,7.500001e-08
5113,0.000108299995
5114,0.000594075
5115,0.0010092
5116,3.6750005e-06
5117,1.2675001e-05
5118,6.3075e-05
5119,0.00015187502
5120,0.002091675
5121,0.0046500755
5122,0.0046500755
5123,0.0019926752
5124,7.2074996e-05
5125,0.0012675
5126,0.00012
5127,0.00089107506
5128,9.72e-05
5129,0.000957675
5130,0.0022188004
5131,0.002679075
5132,0.0018723003
5133,0.00058080006
5134,2.7074999e-05
5135,3.9675004e-05
5136,3.6300004e-05
5137,0.00045630004
5138,0.0012288002
5139,0.002091675
5140,0.0027648
5141,0.0028812
5142,0.002296875
5143,0.0010800001
5144,8.670001e-05
5145,0.000108299995
5146,0.0018018751
5147,0.0046500755
5148,0.0063074995
5149,0.0052271998
5150,0.0024843
5151,0.00044467498
5152,9.075001e-06
5153,0.00023520003
5154,4.8000006e-06
5155,2.7e-06
5156,2.1675003e-05
5157,0.00011407501
5158,0.00032669998
5159,0.005187676
5160,0.013104301
5161,0.00048
5162,0.0024570748
5163,0.0031827001
5164,0.0011531999
5165,0.000165675
5166,0.0044652
5167,0.0116427
5168,0.000516675
5169,0.000399675
5170,0.004800675
5171,0.00048
5172,0.0028812
5173,0.0032448003
5174,0.000621075
5175,0.00037807503
5176,0.0062640756
5177,0.0139968
5178,0.014257201
5179,0.006526875
5180,0.000316875
5181,0.00046807507
5182,0.00049207505
5183,0.00042187504
5184,0.0039675003
5185,0.007347675
5186,0.0069768755
5187,1.9200002e-05
5188,2.7e-06
5189,1.4700002e-05
5190,0.0001323
5191,7.680001e-05
5192,5.4675e-05
5193,0.00097470003
5194,0.000180075
5195,0.0001728
5196,0.00015870002
5197,0.0012288002
5198,0.001491075
5199,0.00046807507
5200,5.8800008e-05
5201,0.0012480749
5202,0.0025392002
5203,0.0022446748
5204,0.0008586751
5205,3.3075e-05
5206,3.6300004e-05
5207,1.6875001e-05
5208,3.6750005e-06
5209,1.2000002e-06
5210,3.9675004e-05
5211,0.00027000002
5212,9.72e-05
5213,0.0015768749
5214,0.0045387005
5215,0.006091875
5216,2.7074999e-05
5217,1.2675001e-05
5218,0.00049207505
5219,0.0023232002
5220,0.000316875
5221,0.0032760752
5222,0.0065712007
5223,0.0055080755
5224,0.001287075
5225,0.00035707498
5226,0.00050430006
5227,0.004876875
5228,0.0085683
5229,0.00012607501
5230,0.0005547001
5231,0.0013266751
5232,0.0018486752
5233,0.0013668751
5234,1.2675001e-05
5235,0.000108299995
5236,0.00027000002
5237,0.0005292
5238,0.0068403
5239,0.0007650751
5240,0.00044467498
5241,0.0030000003
5242,2.7074999e-05
5243,0.000165675
5244,0.00029767503
5245,0.000567675
5246,0.0068856752
5247,0.012854701
5248,0.009292801
5249,0.001171875
5250,0.0025392002
5251,0.0155952005
5252,0.0011346751
5253,0.00075000006
5254,0.0071610743
5255,0.00049207505
5256,0.00018750002
5257,0.0011346751
5258,0.001026675
5259,9.72e-05
5260,0.00050430006
5261,0.000226875
5262,0.0022188004
5263,0.0041067
5264,0.0034347004
5265,0.0010800001
5266,9.075001e-06
5267,0.0012288002
5268,0.0027075
5269,0.002296875
5270,1.875e-06
5271,0.000165675
5272,0.00028829998
5273,0.0
5274,5.4675e-05
5275,0.00029767503
5276,0.0006627
5277,0.0007650751
5278,0.000399675
5279,1.6875001e-05
5280,6.3075e-05
5281,0.0008586751
5282,0.00192
5283,3.9675004e-05
5284,3.6750005e-06
5285,7.500001e-08
5286,7.2074996e-05
5287,0.00046807507
5288,0.0009918751
5289,2.7074999e-05
5290,4.8000006e-06
5291,0.0
5292,4.32e-05
5293,0.000399675
5294,0.001287075
5295,0.002296875
5296,6.7500005e-05
5297,0.00037807503
5298,0.00048
5299,8.1674996e-05
5300,0.00030720004
5301,0.0002523
5302,0.0030906748
5303,0.00033667503
5304,0.000210675
5305,0.0016206751
5306,5.4675e-05
5307,0.00010267501
5308,3.3075e-05
5309,2.7e-06
5310,2.7074999e-05
5311,7.500001e-08
5312,7.500001e-08
5313,2.7074999e-05
5314,0.00029767503
5315,0.0012288002
5316,0.002736075
5317,0.0035643002
5318,3e-05
5319,7.500001e-08
5320,1.4700002e-05
5321,0.000516675
5322,0.0021930751
5323,0.00023520003
5324,0.0021930751
5325,0.000210675
5326,0.00011407501
5327,0.00079567503
5328,1.4700002e-05
5329,6.75e-07
5330,8.670001e-05
5331,0.00046807507
5332,5.0700004e-05
5333,4.6875004e-05
5334,0.00050430006
5335,4.32e-05
5336,0.00028829998
5337,0.00042187504
5338,0.00026107504
5339,3.6750005e-06
5340,1.08e-05
5341,1.4700002e-05
5342,0.000210675
5343,0.0006075001
5344,0.0009918751
5345,0.0011163
5346,0.0007803
5347,6.75e-07
5348,1.9200002e-05
5349,0.00034680005
5350,9.72e-05
5351,0.00014520001
5352,0.0017786999
5353,0.0033708
5354,0.0024300003
5355,0.00029767503
5356,0.00063480006
5357,0.0037296754
5358,0.0057131997
5359,4.6875004e-05
5360,5.8800008e-05
5361,8.670001e-05
5362,0.000108299995
5363,2.7e-06
5364,2.1675003e-05
5365,1.2000002e-06
5366,6.75e-07
5367,6.7500005e-05
5368,0.00045630004
5369,0.0013668751
5370,0.0023763
5371,0.0026226752
5372,1.6875001e-05
5373,6.75e-07
5374,0.0
5375,7.2074996e-05
5376,8.670001e-05
5377,0.0016650752
5378,0.0051090755
5379,0.00768
5380,0.0062640756
5381,1.2000002e-06
5382,0.00045630004
5383,0.000108299995
5384,0.0013872002
5385,0.00363
5386,0.004953675
5387,0.004002075
5388,0.001710075
5389,1.6875001e-05
5390,0.0002523
5391,0.00023520003
5392,6.75e-07
5393,7.5e-06
5394,1.08e-05
5395,0.00049207505
5396,0.0021675
5397,0.0002523
5398,0.0024030753
5399,0.0046127997
5400,0.0035316749
5401,3.3075e-05
5402,0.0014282999
5403,0.00026107504
5404,0.00026107504
5405,0.002736075
5406,0.004876875
5407,0.00363
5408,9.075001e-06
5409,4.6875004e-05
5410,0.00027000002
5411,0.000195075
5412,9.075001e-06
5413,0.00020280002
5414,0.000279075
5415,1.6875001e-05
5416,0.000594075
5417,0.00036750003
5418,0.000594075
5419,0.00081120007
5420,0.008068801
5421,0.012180676
5422,0.0052668746
5423,0.00015870002
5424,0.012730801
5425,0.03468
5426,0.0012480749
5427,0.006438676
5428,0.00032669998
5429,6.7500005e-05
5430,0.00012607501
5431,5.0700004e-05
5432,0.0016650752
5433,0.005548801
5434,0.00036750003
5435,0.0027648
5436,0.004838701
5437,3.9675004e-05
5438,3.6750005e-06
5439,1.9200002e-05
5440,5.0700004e-05
5441,8.1674996e-05
5442,0.0009075
5443,0.0016875002
5444,0.0014490751
5445,0.00058080006
5446,6.3075e-05
5447,1.2000002e-06
5448,1.875e-06
5449,0.000180075
5450,5.8800008e-05
5451,5.0700004e-05
5452,2.43e-05
5453,1.875e-06
5454,1.2675001e-05
5455,0.00044467498
5456,0.0017786999
5457,0.0033390748
5458,0.0036963
5459,0.0024843
5460,0.000826875
5461,1.6875001e-05
5462,0.00032669998
5463,8.670001e-05
5464,0.00012
5465,0.00023520003
5466,0.00363
5467,0.000648675
5468,0.0067950753
5469,0.014586076
5470,0.01452
5471,6.75e-07
5472,0.00013867502
5473,0.0024300003
5474,0.0006075001
5475,0.008019675
5476,0.020514676
5477,0.0008427
5478,0.00043319998
5479,0.000316875
5480,0.0001323
5481,0.00030720004
5482,2.1675003e-05
5483,0.0019926752
5484,0.000516675
5485,0.000594075
5486,0.0064827004
5487,0.0122412015
5488,0.010323075
5489,0.0030603004
5490,0.00034680005
5491,0.006091875
5492,0.014191875
5493,0.017352076
5494,0.000210675
5495,0.001098075
5496,0.0025392002
5497,5.0700004e-05
5498,4.32e-05
5499,5.4675e-05
5500,0.00089107506
5501,0.0026226752
5502,0.0036963
5503,5.0700004e-05
5504,0.00024367501
5505,0.00063480006
5506,4.32e-05
5507,0.00033667503
5508,0.000594075
5509,0.00034680005
5510,1.9200002e-05
5511,0.0005292
5512,8.670001e-05
5513,7.680001e-05
5514,0.00073507504
5515,0.0012480749
5516,1.9200002e-05
5517,0.00012
5518,0.000516675
5519,9.187501e-05
5520,0.0010800001
5521,0.0022707
5522,0.0016650752
5523,5.4675e-05
5524,0.000279075
5525,0.000516675
5526,0.0063510756
5527,0.0124848
5528,0.00015187502
5529,0.000108299995
5530,1.2675001e-05
5531,0.00063480006
5532,0.0018960749
5533,0.0023232002
5534,0.0011907001
5535,3.6300004e-05
5536,0.000648675
5537,0.0022188004
5538,6.7500005e-05
5539,0.000226875
5540,0.00020280002
5541,2.7074999e-05
5542,8.670001e-05
5543,0.000594075
5544,0.0011907001
5545,0.0013467001
5546,0.0008748
5547,0.000210675
5548,3e-05
5549,0.0006627
5550,0.0016650752
5551,0.0021675
5552,0.0015768749
5553,1.875e-06
5554,0.00015870002
5555,0.00044467498
5556,0.0005547001
5557,1.2000002e-06
5558,6.075e-06
5559,0.00023520003
5560,0.00010267501
5561,0.000165675
5562,0.00192
5563,0.0031827001
5564,1.2000002e-06
5565,0.00041070004
5566,0.0024030753
5567,0.00033667503
5568,0.0033390748
5569,0.006660301
5570,9.72e-05
5571,0.00014520001
5572,2.43e-05
5573,0.000108299995
5574,0.00081120007
5575,0.001710075
5576,5.8800008e-05
5577,0.000399675
5578,0.00081120007
5579,2.1675003e-05
5580,0.00010267501
5581,0.0001728
5582,0.00013867502
5583,6.7500005e-05
5584,0.0
5585,6.75e-07
5586,6.075e-06
5587,1.2675001e-05
5588,0.00012
5589,0.00012607501
5590,6.75e-07
5591,0.00034680005
5592,0.001710075
5593,0.000210675
5594,0.0022188004
5595,0.0051483
5596,0.005838076
5597,1.6875001e-05
5598,4.8000006e-06
5599,0.00013867502
5600,0.0007650751
5601,0.000195075
5602,0.0003888
5603,0.005838076
5604,0.014126699
5605,0.0155952005
5606,0.0076320753
5607,0.000279075
5608,0.0040368
5609,0.0157323
5610,0.022195203
5611,0.016356675
5612,0.0053868005
5613,4.32e-05
5614,0.0023496752
5615,0.00030720004
5616,0.000165675
5617,0.0015123001
5618,0.00015187502
5619,0.0013668751
5620,0.0029403002
5621,0.0032760752
5622,1.2675001e-05
5623,3.0000004e-07
5624,1.4700002e-05
5625,1.6875001e-05
5626,0.00033667503
5627,7.2074996e-05
5628,6.7500005e-05
5629,0.0005292
5630,0.000516675
5631,2.43e-05
5632,0.000516675
5633,0.0021675
5634,0.002736075
5635,0.001171875
5636,7.5e-06
5637,0.0018723003
5638,0.004725075
5639,0.0043923
5640,1.08e-05
5641,0.0001323
5642,0.00018750002
5643,0.0018960749
5644,0.0028227004
5645,3.0000004e-07
5646,0.000621075
5647,0.0028812
5648,0.0054675005
5649,0.005427075
5650,0.0021675
5651,2.7e-06
5652,0.003151875
5653,0.009666075
5654,0.00048
5655,0.0034347004
5656,0.0068403
5657,0.0067500006
5658,6.075e-06
5659,4.6875004e-05
5660,1.4700002e-05
5661,0.000279075
5662,0.0011907001
5663,0.000210675
5664,0.0029403002
5665,0.008068801
5666,0.01083
5667,0.0076320753
5668,0.0018018751
5669,0.00028829998
5670,0.0043200003
5671,0.00049207505
5672,0.004212675
5673,0.00050430006
5674,0.0046875
5675,0.000567675
5676,0.000516675
5677,0.0055080755
5678,0.00046807507
5679,0.0026508
5680,0.002970075
5681,0.000648675
5682,0.0007203
5683,0.0069311997
5684,0.015052802
5685,0.0171363
5686,0.00012
5687,0.000316875
5688,3.9675004e-05
5689,0.000226875
5690,1.2000002e-06
5691,7.2074996e-05
5692,0.00026107504
5693,0.004284075
5694,0.010887076
5695,0.00041070004
5696,0.002296875
5697,0.0001323
5698,0.000567675
5699,0.000399675
5700,1.2000002e-06
5701,0.0001728
5702,0.0027075
5703,0.0065712007
5704,0.0077280756
5705,3e-05
5706,0.0
5707,9.72e-05
5708,0.0007203
5709,0.0022188004
5710,0.0038988001
5711,0.003933075
5712,1.875e-06
5713,0.000180075
5714,0.001062075
5715,0.00020280002
5716,0.0025392002
5717,0.00037807503
5718,0.000316875
5719,0.0028227004
5720,0.0038646753
5721,0.0014282999
5722,0.000165675
5723,0.0006627
5724,0.0084672
5725,0.01875
5726,0.020436302
5727,7.2074996e-05
5728,1.2675001e-05
5729,2.7e-06
5730,0.0002187
5731,0.0017327999
5732,0.0061776754
5733,0.013293076
5734,0.0007803
5735,0.0072075003
5736,0.015052802
5737,0.013041675
5738,7.2074996e-05
5739,0.0049152006
5740,0.0013872002
5741,0.017064676
5742,0.0024570748
5743,0.021789074
5744,0.038449205
5745,0.027270675
5746,0.0037632005
5747,0.0059643
5748,0.038880005
5749,0.0640332
5750,0.051418804
5751,0.017714702
5752,0.00012
5753,0.008823675
5754,0.021789074
5755,0.0198147
5756,0.007873201
5757,0.00046807507
5758,0.000826875
5759,0.0019926752
5760,0.000676875
5761,0.00012
5762,0.0019440751
5763,0.0031212
5764,0.0016650752
5765,5.8800008e-05
5766,0.0012288002
5767,0.0024843
5768,0.0022446748
5769,0.00097470003
5770,9.72e-05
5771,4.32e-05
5772,0.00013867502
5773,2.7074999e-05
5774,7.2074996e-05
5775,0.00046807507
5776,0.0007650751
5777,0.00050430006
5778,4.6875004e-05
5779,6.7500005e-05
5780,0.0011163
5781,0.002970075
5782,0.000165675
5783,0.0013668751
5784,0.0027936753
5785,0.002511675
5786,0.0007056751
5787,9.187501e-05
5788,0.00023520003
5789,0.0023496752
5790,0.0001728
5791,0.001026675
5792,0.0015552
5793,0.0012480749
5794,3.6750005e-06
5795,5.8800008e-05
5796,0.00049207505
5797,0.0014490751
5798,7.680001e-05
5799,0.00042187504
5800,0.00036750003
5801,7.500001e-08
5802,0.0011346751
5803,0.004838701
5804,0.008823675
5805,0.009398701
5806,4.6875004e-05
5807,6.7500005e-05
5808,1.2000002e-06
5809,9.075001e-06
5810,5.8800008e-05
5811,0.00020280002
5812,0.00044467498
5813,0.0059643
5814,0.013041675
5815,0.012730801
5816,3.0000004e-07
5817,8.670001e-05
5818,0.0011163
5819,0.00015187502
5820,0.0014700001
5821,0.0032448003
5822,0.00363
5823,0.0022707
5824,0.00063480006
5825,6.075e-06
5826,0.00015870002
5827,0.00028829998
5828,0.000165675
5829,5.4675e-05
5830,5.4675e-05
5831,0.00023520003
5832,0.0008427
5833,0.0016650752
5834,0.0018018751
5835,0.0008586751
5836,9.075001e-06
5837,0.00015187502
5838,0.000226875
5839,0.0024570748
5840,0.0045018755
5841,0.0034668753
5842,0.00079567503
5843,0.0001728
5844,0.0024300003
5845,0.0045387005
5846,0.0040368
5847,0.0018018751
5848,0.000226875
5849,7.680001e-05
5850,0.000541875
5851,3.9675004e-05
5852,0.00048
5853,0.0018486752
5854,0.004002075
5855,0.005589675
5856,0.0047628004
5857,0.0017786999
5858,0.00012607501
5859,0.00035707498
5860,0.00058080006
5861,0.0073008006
5862,0.016077677
5863,0.00041070004
5864,0.0017556751
5865,0.0021675
5866,0.0007056751
5867,0.000195075
5868,0.0036630754
5869,0.000541875
5870,0.004876875
5871,0.00043319998
5872,0.0002523
5873,0.0019440751
5874,5.8800008e-05
5875,7.500001e-08
5876,1.6875001e-05
5877,6.3075e-05
5878,0.00011407501
5879,0.0014490751
5880,0.002970075
5881,0.002736075
5882,7.500001e-08
5883,0.000180075
5884,0.00058080006
5885,5.0700004e-05
5886,0.00058080006
5887,0.00010267501
5888,0.0010443002
5889,0.0021168
5890,0.0019440751
5891,0.0007650751
5892,2.7074999e-05
5893,4.6875004e-05
5894,0.00044467498
5895,0.0009075
5896,4.6875004e-05
5897,0.0006075001
5898,0.00015870002
5899,0.000226875
5900,0.0025668752
5901,0.00020280002
5902,0.000957675
5903,7.5e-06
5904,3.9675004e-05
5905,6.3075e-05
5906,0.00097470003
5907,0.00015187502
5908,0.00015187502
5909,0.0017556751
5910,0.00363
5911,0.0034668753
5912,0.0014282999
5913,7.5e-06
5914,0.00023520003
5915,0.003151875
5916,0.007254075
5917,0.008619075
5918,7.680001e-05
5919,0.000279075
5920,3.9675004e-05
5921,0.00033667503
5922,0.00041070004
5923,5.4675e-05
5924,0.00032669998
5925,0.0023496752
5926,0.00032669998
5927,0.003402675
5928,0.007394701
5929,0.007254075
5930,0.0
5931,8.1674996e-05
5932,0.0012288002
5933,0.0032760752
5934,0.0046127997
5935,0.0039675003
5936,7.5e-06
5937,6.75e-07
5938,5.0700004e-05
5939,1.6875001e-05
5940,0.00013867502
5941,0.00013867502
5942,0.0
5943,0.00049207505
5944,0.0022707
5945,0.0045018755
5946,0.00015870002
5947,0.00097470003
5948,6.3075e-05
5949,1.2675001e-05
5950,2.7e-06
5951,3.6300004e-05
5952,0.00089107506
5953,0.0026508
5954,0.00363
5955,0.0024843
5956,0.00048
5957,0.000195075
5958,0.002091675
5959,0.0039675003
5960,0.0035970751
5961,0.0015552
5962,3e-05
5963,5.8800008e-05
5964,0.000516675
5965,0.0008427
5966,1.08e-05
5967,3.9675004e-05
5968,3.6750005e-06
5969,1.875e-06
5970,9.075001e-06
5971,3.6750005e-06
5972,1.875e-06
5973,4.6875004e-05
5974,0.00012607501
5975,0.00015187502
5976,7.500001e-08
5977,1.2675001e-05
5978,1.2675001e-05
5979,3.3075e-05
5980,0.00058080006
5981,0.0015123001
5982,0.0017786999
5983,1.2000002e-06
5984,0.00010267501
5985,0.0006912
5986,0.00015187502
5987,0.0019926752
5988,0.004953675
5989,0.0057131997
5990,7.5e-06
5991,0.00012
5992,0.0007650751
5993,0.0020667
5994,0.00018750002
5995,0.002091675
5996,0.0053868005
5997,0.0068856752
5998,0.004725075
5999,0.0011346751
6000,0.000180075
6001,0.0030603004
6002,0.0077280756
6003,0.00048
6004,0.000594075
6005,0.008517676
6006,0.001098075
6007,0.008118075
6008,0.0110592
6009,4.8000006e-06
6010,0.00041070004
6011,0.007068676
6012,0.0012288002
6013,0.011407499
6014,0.0009918751
6015,0.006006675
6016,0.0002187
6017,0.00050430006
6018,0.00010267501
6019,0.00027000002
6020,0.0020418752
6021,0.004002075
6022,0.0041067
6023,0.0023232002
6024,0.000567675
6025,6.75e-07
6026,2.1675003e-05
6027,4.8000006e-06
6028,1.2675001e-05
6029,1.2000002e-06
6030,5.4675e-05
6031,5.0700004e-05
6032,0.00015187502
6033,0.0026508
6034,0.007394701
6035,0.0003888
6036,0.0002523
6037,0.0022188004
6038,0.002679075
6039,0.00042187504
6040,0.0014076749
6041,0.009828299
6042,0.00097470003
6043,0.0076320753
6044,0.012792675
6045,0.008416876
6046,0.0001323
6047,0.004141875
6048,0.010156801
6049,0.011701876
6050,6.3075e-05
6051,0.00010267501
6052,1.6875001e-05
6053,0.0001728
6054,1.08e-05
6055,6.75e-07
6056,4.8000006e-06
6057,0.000108299995
6058,0.00044467498
6059,0.000924075
6060,0.0012480749
6061,3e-05
6062,2.7074999e-05
6063,0.0003888
6064,4.32e-05
6065,0.00024367501
6066,1.2000002e-06
6067,1.4700002e-05
6068,0.00046807507
6069,0.0018018751
6070,0.0032760752
6071,0.003402675
6072,0.0017556751
6073,0.00012607501
6074,0.000165675
6075,0.0022707
6076,0.000279075
6077,0.002511675
6078,0.00026107504
6079,0.00020280002
6080,0.0019926752
6081,0.0031827001
6082,0.0018252002
6083,6.7500005e-05
6084,0.001171875
6085,0.00036750003
6086,0.003402675
6087,0.00029767503
6088,0.0019683002
6089,9.72e-05
6090,0.00029767503
6091,0.00011407501
6092,7.680001e-05
6093,0.0009918751
6094,0.002142075
6095,0.0020172002
6096,0.000676875
6097,1.6875001e-05
6098,0.00015187502
6099,0.0016428002
6100,0.00013867502
6101,8.670001e-05
6102,7.680001e-05
6103,0.0006627
6104,3.3075e-05
6105,6.075e-06
6106,1.4700002e-05
6107,6.75e-07
6108,3e-05
6109,3.6750005e-06
6110,1.6875001e-05
6111,9.075001e-06
6112,7.500001e-08
6113,4.8000006e-06
6114,3.0000004e-07
6115,1.4700002e-05
6116,0.00030720004
6117,0.00079567503
6118,0.00081120007
6119,0.00020280002
6120,0.00014520001
6121,0.0016650752
6122,0.00020280002
6123,0.0016428002
6124,0.0028227004
6125,2.43e-05
6126,1.9200002e-05
6127,6.075e-06
6128,6.75e-07
6129,4.8000006e-06
6130,0.0001323
6131,0.0007203
6132,0.002142075
6133,0.000226875
6134,0.0024300003
6135,0.0050310753
6136,0.003796875
6137,0.00028829998
6138,0.000648675
6139,0.010212075
6140,0.023520002
6141,0.025143076
6142,0.0124236755
6143,0.0007803
6144,0.0038646753
6145,0.0162867
6146,0.022276876
6147,0.015870001
6148,0.0055080755
6149,0.00032669998
6150,0.00048
6151,0.0013467001
6152,0.000957675
6153,0.00034680005
6154,3.6750005e-06
6155,0.00032669998
6156,0.0021168
6157,0.0049922997
6158,0.0059220744
6159,0.003402675
6160,4.6875004e-05
6161,0.000165675
6162,0.0018486752
6163,0.0038307
6164,0.004141875
6165,2.43e-05
6166,7.5e-06
6167,0.00015187502
6168,0.00033667503
6169,0.000195075
6170,1.2000002e-06
6171,0.00044467498
6172,0.0013872002
6173,0.0016650752
6174,0.0008748
6175,5.8800008e-05
6176,0.0002187
6177,5.0700004e-05
6178,0.000279075
6179,6.075e-06
6180,1.875e-06
6181,5.0700004e-05
6182,0.000279075
6183,0.00081120007
6184,0.0013872002
6185,0.0013872002
6186,0.000621075
6187,3.3075e-05
6188,0.0007803
6189,0.0021168
6190,0.0029403002
6191,0.002511675
6192,0.0013266751
6193,1.2000002e-06
6194,2.43e-05
6195,3.6750005e-06
6196,3.0000004e-07
6197,1.08e-05
6198,0.00030720004
6199,0.000165675
6200,0.000316875
6201,0.0042483
6202,0.008926875
6203,0.007921875
6204,0.002142075
6205,0.00037807503
6206,0.0071610743
6207,0.015801076
6208,0.00045630004
6209,0.002679075
6210,0.00027000002
6211,0.0020172002
6212,0.002970075
6213,0.0012675
6214,6.7500005e-05
6215,0.0037296754
6216,0.0006912
6217,0.0064827004
6218,0.00058080006
6219,0.0037296754
6220,0.0049922997
6221,0.0020667
6222,0.00018750002
6223,0.0037632005
6224,0.008721075
6225,0.000279075
6226,0.001710075
6227,0.0032448003
6228,5.4675e-05
6229,0.000108299995
6230,1.875e-06
6231,0.000226875
6232,0.0012480749
6233,0.0030000003
6234,0.000180075
6235,0.0015552
6236,0.003151875
6237,0.0027648
6238,0.000676875
6239,0.00018750002
6240,0.0033075
6241,0.008068801
6242,0.009828299
6243,0.006438676
6244,0.0014490751
6245,0.0002187
6246,0.0038307
6247,0.0077763004
6248,0.0073008006
6249,0.002970075
6250,4.6875004e-05
6251,0.0015987
6252,0.0046127997
6253,8.1674996e-05
6254,9.187501e-05
6255,1.2675001e-05
6256,0.00045630004
6257,0.0014076749
6258,0.0016650752
6259,6.75e-07
6260,0.0003888
6261,0.0018960749
6262,0.000226875
6263,0.000226875
6264,0.0022446748
6265,0.0033075
6266,0.0013872002
6267,3.6300004e-05
6268,0.002910675
6269,0.0073008006
6270,0.007489201
6271,0.0032448003
6272,0.00010267501
6273,0.0017786999
6274,0.0030300752
6275,0.002091675
6276,0.00041070004
6277,7.680001e-05
6278,7.680001e-05
6279,0.000399675
6280,0.000226875
6281,3.3075e-05
6282,0.0011346751
6283,0.000210675
6284,0.0017786999
6285,9.187501e-05
6286,6.075e-06
6287,2.1675003e-05
6288,0.0009918751
6289,0.0042483
6290,0.007824676
6291,0.0074418755
6292,0.0028227004
6293,9.075001e-06
6294,0.004141875
6295,0.00081120007
6296,0.00079567503
6297,0.008517676
6298,0.0161472
6299,0.0136107
6300,0.004212675
6301,0.00035707498
6302,0.0056306995
6303,0.010887076
6304,0.000226875
6305,0.00011407501
6306,0.0015336752
6307,0.0033075
6308,5.4675e-05
6309,8.670001e-05
6310,1.4700002e-05
6311,1.4700002e-05
6312,0.0002187
6313,0.00037807503
6314,0.000210675
6315,6.075e-06
6316,1.08e-05
6317,1.2000002e-06
6318,1.6875001e-05
6319,0.00032669998
6320,0.00010267501
6321,0.0012288002
6322,0.0024570748
6323,0.0017786999
6324,0.00014520001
6325,0.001062075
6326,0.0056306995
6327,0.0098826755
6328,0.0090306755
6329,0.0038307
6330,0.00010267501
6331,0.0019440751
6332,0.007254075
6333,0.010434675
6334,0.008517676
6335,0.0037632005
6336,0.00037807503
6337,0.00049207505
6338,0.002910675
6339,0.0050310753
6340,0.00013867502
6341,0.00011407501
6342,0.0001728
6343,0.001710075
6344,7.680001e-05
6345,0.00015870002
6346,4.8000006e-06
6347,0.00027000002
6348,0.0010800001
6349,0.0013668751
6350,0.0007203
6351,5.0700004e-05
6352,3.6300004e-05
6353,0.00029767503
6354,0.00029767503
6355,7.680001e-05
6356,2.7e-06
6357,1.2000002e-06
6358,0.000180075
6359,0.00010267501
6360,0.0012675
6361,0.0024030753
6362,0.0015336752
6363,3.9675004e-05
6364,0.0014076749
6365,0.00041070004
6366,0.0034992
6367,0.005548801
6368,0.0033390748
6369,5.4675e-05
6370,0.0013067999
6371,0.002296875
6372,1.08e-05
6373,3.6750005e-06
6374,3.9675004e-05
6375,3.3075e-05
6376,3.6750005e-06
6377,3.6300004e-05
6378,0.0006075001
6379,0.0014700001
6380,0.0015552
6381,0.0006075001
6382,4.8000006e-06
6383,0.001062075
6384,0.0030906748
6385,0.00014520001
6386,9.72e-05
6387,0.00011407501
6388,0.00010267501
6389,0.00075000006
6390,0.00073507504
6391,1.4700002e-05
6392,0.000676875
6393,0.00015187502
6394,0.0015768749
6395,0.000165675
6396,0.0011907001
6397,0.0017786999
6398,2.7e-06
6399,5.8800008e-05
6400,0.000399675
6401,7.2074996e-05
6402,0.00089107506
6403,0.0023496752
6404,0.0031827001
6405,0.002511675
6406,0.000957675
6407,3e-05
6408,8.1674996e-05
6409,0.000957675
6410,0.0020667
6411,9.72e-05
6412,0.00012
6413,0.000226875
6414,0.0030000003
6415,0.0063948
6416,0.006006675
6417,3.0000004e-07
6418,5.4675e-05
6419,0.00063480006
6420,0.0012675
6421,0.0011907001
6422,0.000541875
6423,5.8800008e-05
6424,9.075001e-06
6425,6.75e-07
6426,6.3075e-05
6427,0.0016428002
6428,0.0055080755
6429,0.008619075
6430,0.00012
6431,0.0002187
6432,2.1675003e-05
6433,0.000567675
6434,0.00045630004
6435,0.0069311997
6436,0.017934076
6437,0.022440676
6438,0.0147852
6439,0.0032448003
6440,0.00049207505
6441,0.00075000006
6442,0.0007650751
6443,0.007970701
6444,0.015458701
6445,0.014851876
6446,3.6300004e-05
6447,6.3075e-05
6448,0.0006912
6449,0.002679075
6450,0.0051090755
6451,0.0052668746
6452,1.2000002e-06
6453,0.00034680005
6454,0.002296875
6455,0.0071147997
6456,0.013803075
6457,0.017714702
6458,0.014322677
6459,3.0000004e-07
6460,0.00049207505
6461,0.0017786999
6462,0.0035643002
6463,0.004953675
6464,0.004953675
6465,0.0033075
6466,0.001171875
6467,5.4675e-05
6468,0.000210675
6469,0.0006627
6470,1.4700002e-05
6471,8.670001e-05
6472,2.1675003e-05
6473,0.00036750003
6474,0.0010800001
6475,0.001491075
6476,1.08e-05
6477,2.7e-06
6478,1.2675001e-05
6479,0.00012607501
6480,0.00032669998
6481,1.2675001e-05
6482,4.32e-05
6483,1.9200002e-05
6484,1.08e-05
6485,2.43e-05
6486,3.3075e-05
6487,3.3075e-05
6488,2.7074999e-05
6489,0.0001728
6490,0.00013867502
6491,1.2000002e-06
6492,0.000195075
6493,5.0700004e-05
6494,3.9675004e-05
6495,0.00028829998
6496,0.000279075
6497,1.9200002e-05
6498,0.0002187
6499,8.1674996e-05
6500,0.0007056751
6501,0.0009408001
6502,0.00029767503
6503,0.00011407501
6504,0.0017786999
6505,0.004141875
6506,0.0044652
6507,0.002091675
6508,4.32e-05
6509,0.0015768749
6510,0.0062640756
6511,0.009991876
6512,0.000210675
6513,0.0012480749
6514,0.00012
6515,0.000621075
6516,0.00034680005
6517,0.00012
6518,0.002970075
6519,0.008619075
6520,0.011407499
6521,0.007489201
6522,0.001287075
6523,0.00081120007
6524,0.0070227003
6525,0.012120301
6526,0.000180075
6527,0.00063480006
6528,0.0012288002
6529,5.0700004e-05
6530,4.6875004e-05
6531,0.000648675
6532,8.670001e-05
6533,0.0006075001
6534,0.00075000006
6535,6.075e-06
6536,0.000541875
6537,0.0023232002
6538,0.004575675
6539,0.0052668746
6540,3.9675004e-05
6541,7.2074996e-05
6542,7.680001e-05
6543,1.875e-06
6544,1.9200002e-05
6545,0.000399675
6546,0.0013266751
6547,0.002296875
6548,8.670001e-05
6549,0.0007803
6550,0.00012
6551,0.0010443002
6552,5.8800008e-05
6553,0.0001728
6554,3.6750005e-06
6555,0.00027000002
6556,0.0009918751
6557,5.4675e-05
6558,2.1675003e-05
6559,0.00011407501
6560,0.000108299995
6561,5.0700004e-05
6562,4.6875004e-05
6563,0.0002187
6564,0.0008748
6565,0.0019683002
6566,7.2074996e-05
6567,0.00029767503
6568,0.00012607501
6569,7.680001e-05
6570,0.0019440751
6571,0.0059220744
6572,0.008517676
6573,0.006526875
6574,0.0020172002
6575,1.2675001e-05
6576,0.0022707
6577,0.005427075
6578,0.005838076
6579,0.0034992
6580,0.0010800001
6581,1.2675001e-05
6582,6.7500005e-05
6583,2.7e-06
6584,7.680001e-05
6585,0.00010267501
6586,7.5e-06
6587,0.00011407501
6588,4.6875004e-05
6589,0.00045630004
6590,3.9675004e-05
6591,0.00029767503
6592,3.6300004e-05
6593,0.00042187504
6594,0.001098075
6595,0.0014076749
6596,0.0008427
6597,4.6875004e-05
6598,0.000594075
6599,0.0030906748
6600,0.0057131997
6601,0.0001323
6602,4.6875004e-05
6603,2.1675003e-05
6604,3.3075e-05
6605,7.2074996e-05
6606,0.0010800001
6607,0.0030906748
6608,0.0040368
6609,1.6875001e-05
6610,1.875e-06
6611,1.4700002e-05
6612,0.00029767503
6613,6.3075e-05
6614,0.0007056751
6615,0.0015336752
6616,0.0016650752
6617,0.0010443002
6618,7.500001e-08
6619,1.2000002e-06
6620,0.00010267501
6621,0.00048
6622,0.0007803
6623,1.875e-06
6624,6.7500005e-05
6625,0.0007056751
6626,0.0025668752
6627,0.0053067002
6628,0.00028829998
6629,0.002679075
6630,0.0060492004
6631,0.0062208
6632,3.0000004e-07
6633,7.2074996e-05
6634,0.0013266751
6635,0.0043923
6636,0.0084672
6637,0.0115248
6638,0.0116427
6639,0.0085683
6640,0.0039675003
6641,0.0005547001
6642,0.00041070004
6643,0.0038646753
6644,0.009345674
6645,0.014322677
6646,0.016638076
6647,0.0153228
6648,0.000180075
6649,0.0001728
6650,0.002511675
6651,0.0044286754
6652,0.0017786999
6653,0.000541875
6654,0.011940075
6655,0.033768076
6656,0.046689074
6657,0.036226876
6658,0.012362699
6659,1.2675001e-05
6660,0.009774076
6661,0.027724799
6662,0.03356708
6663,0.023352304
6664,3.6750005e-06
6665,6.075e-06
6666,8.1674996e-05
6667,0.0014700001
6668,0.002736075
6669,0.0012288002
6670,0.000226875
6671,0.0052271998
6672,0.014191875
6673,0.017641876
6674,0.010546875
6675,0.0013266751
6676,0.0018018751
6677,0.011001674
6678,0.0161472
6679,9.187501e-05
6680,2.7074999e-05
6681,3.6750005e-06
6682,1.2000002e-06
6683,2.7e-06
6684,9.72e-05
6685,3e-05
6686,0.00027000002
6687,0.000316875
6688,1.4700002e-05
6689,0.000516675
6690,0.0025668752
6691,0.000195075
6692,0.001171875
6693,0.0012288002
6694,0.00012
6695,0.00089107506
6696,0.004800675
6697,0.0077763004
6698,0.0057546757
6699,0.001171875
6700,0.000279075
6701,0.0041067
6702,0.008118075
6703,0.000180075
6704,0.00097470003
6705,0.00013867502
6706,0.0014282999
6707,0.0030300752
6708,0.0027648
6709,0.0006912
6710,0.000316875
6711,0.004575675
6712,0.011583676
6713,0.0155952005
6714,0.012792675
6715,6.075e-06
6716,0.00010267501
6717,0.00043319998
6718,0.0014490751
6719,0.0041772006
6720,0.0090306755
6721,0.013803075
6722,0.00037807503
6723,0.0022707
6724,0.0034668753
6725,0.0013067999
6726,0.000399675
6727,0.008217076
6728,0.021870002
6729,0.00097470003
6730,0.0063074995
6731,0.00046807507
6732,0.00020280002
6733,0.0010800001
6734,0.000541875
6735,0.000165675
6736,0.0035316749
6737,0.009135076
6738,0.00032669998
6739,0.00014520001
6740,0.0012096752
6741,0.0015336752
6742,0.00045630004
6743,0.00010267501
6744,0.0016428002
6745,0.0030300752
6746,2.43e-05
6747,0.0
6748,3.6750005e-06
6749,7.5e-06
6750,1.2000002e-06
6751,6.3075e-05
6752,0.00035707498
6753,0.0009408001
6754,7.2074996e-05
6755,0.000676875
6756,0.0014282999
6757,0.0011907001
6758,0.000195075
6759,0.00037807503
6760,0.0030300752
6761,0.00037807503
6762,0.0036630754
6763,0.0076320753
6764,0.0074418755
6765,1.2000002e-06
6766,3.9675004e-05
6767,5.8800008e-05
6768,0.00079567503
6769,0.0001323
6770,0.0001728
6771,0.00026107504
6772,0.0032760752
6773,0.00037807503
6774,0.0030300752
6775,0.0002187
6776,0.001171875
6777,2.1675003e-05
6778,2.7e-06
6779,3.9675004e-05
6780,0.0007803
6781,0.0022446748
6782,0.0030300752
6783,0.0022188004
6784,0.0007056751
6785,1.875e-06
6786,0.00036750003
6787,4.6875004e-05
6788,3.6300004e-05
6789,0.00044467498
6790,8.1674996e-05
6791,0.00097470003
6792,0.0023496752
6793,0.0027936753
6794,0.0016428002
6795,0.0002187
6796,0.0002523
6797,0.0016650752
6798,0.0026508
6799,0.002091675
6800,0.0007203
6801,1.08e-05
6802,0.00024367501
6803,0.0005547001
6804,3.6750005e-06
6805,6.75e-07
6806,3.0000004e-07
6807,6.75e-07
6808,2.7074999e-05
6809,1.2675001e-05
6810,0.000195075
6811,0.000541875
6812,3.3075e-05
6813,0.00023520003
6814,0.0003888
6815,0.0001728
6816,2.7074999e-05
6817,0.00013867502
6818,0.0021675
6819,0.0054675005
6820,0.006526875
6821,2.1675003e-05
6822,2.1675003e-05
6823,0.000399675
6824,0.000165675
6825,0.00034680005
6826,0.005187676
6827,0.0122412015
6828,0.012979201
6829,0.0057546757
6830,3.9675004e-05
6831,0.00507
6832,0.016921874
6833,0.0008427
6834,0.0057546757
6835,0.000541875
6836,0.0039675003
6837,0.006091875
6838,0.0034992
6839,0.00015187502
6840,0.00192
6841,0.0076320753
6842,0.010490701
6843,9.187501e-05
6844,0.00026107504
6845,0.00063480006
6846,3.3075e-05
6847,0.0002187
6848,0.000279075
6849,1.2000002e-06
6850,0.00012
6851,3.6300004e-05
6852,0.00043319998
6853,5.8800008e-05
6854,5.8800008e-05
6855,8.670001e-05
6856,0.00012
6857,0.0013872002
6858,0.002736075
6859,0.0022188004
6860,0.00045630004
6861,0.000316875
6862,0.00035707498
6863,0.00044467498
6864,0.000516675
6865,0.000516675
6866,0.0045018755
6867,0.0063948
6868,0.002970075
6869,4.8000006e-06
6870,0.0030603004
6871,0.008978699
6872,0.010267501
6873,0.0056306995
6874,0.00073507504
6875,0.0006075001
6876,0.00036750003
6877,0.0035643002
6878,0.007068676
6879,0.0074418755
6880,0.0043200003
6881,0.0008586751
6882,0.00015870002
6883,0.0023496752
6884,0.00024367501
6885,0.0019926752
6886,0.00018750002
6887,0.0014076749
6888,9.72e-05
6889,0.000594075
6890,0.0008748
6891,0.00063480006
6892,0.0
6893,4.8000006e-06
6894,6.75e-07
6895,0.0
6896,1.9200002e-05
6897,3.9675004e-05
6898,0.00012
6899,0.0018960749
6900,0.004725075
6901,0.0052271998
6902,0.0023232002
6903,1.875e-06
6904,0.0028518748
6905,0.0095052
6906,0.013167076
6907,0.009720001
6908,0.0028227004
6909,0.00023520003
6910,0.0036963
6911,0.007394701
6912,0.000180075
6913,0.001098075
6914,0.00013867502
6915,0.0012480749
6916,0.0022446748
6917,0.0016428002
6918,0.000226875
6919,0.00043319998
6920,0.0030000003
6921,0.0057131997
6922,0.0059220744
6923,0.0033708
6924,1.4700002e-05
6925,0.000541875
6926,0.0012675
6927,0.0018018751
6928,6.7500005e-05
6929,0.0007203
6930,0.0020418752
6931,0.002736075
6932,0.0017556751
6933,1.2675001e-05
6934,0.00046807507
6935,0.0011346751
6936,0.0014282999
6937,0.0011907001
6938,0.00075000006
6939,0.00037807503
6940,6.75e-07
6941,6.075e-06
6942,2.43e-05
6943,9.075001e-06
6944,2.1675003e-05
6945,0.00026107504
6946,4.32e-05
6947,0.00042187504
6948,0.0007650751
6949,7.5e-06
6950,3.0000004e-07
6951,3.0000004e-07
6952,7.500001e-08
6953,0.0
6954,7.500001e-08
6955,1.875e-06
6956,1.08e-05
6957,3.6300004e-05
6958,8.670001e-05
6959,0.00014520001
6960,4.8000006e-06
6961,2.7074999e-05
6962,1.6875001e-05
6963,1.6875001e-05
6964,5.0700004e-05
6965,0.0009075
6966,0.0025947
6967,0.0035970751
6968,0.0025947
6969,0.0006075001
6970,0.00012607501
6971,0.0021168
6972,0.004725075
6973,0.0054675005
6974,0.0038307
6975,0.0015552
6976,0.00026107504
6977,3.0000004e-07
6978,4.8000006e-06
6979,3.0000004e-07
6980,1.2000002e-06
6981,0.000108299995
6982,9.72e-05
6983,0.0020172002
6984,0.000516675
6985,0.0061776754
6986,0.0136107
6987,0.013356299
6988,0.004838701
6989,8.1674996e-05
6990,0.008619075
6991,0.023268674
6992,0.027907502
6993,0.017496677
6994,0.0038988001
6995,0.000279075
6996,0.0006912
6997,0.0058800005
6998,0.009292801
6999,9.187501e-05
7000,0.0002523
7001,0.000648675
7002,0.001171875
7003,0.0014490751
7004,0.0012288002
7005,3.6750005e-06
7006,6.75e-07
7007,1.6875001e-05
7008,3.3075e-05
7009,7.5e-06
7010,2.7074999e-05
7011,0.00028829998
7012,0.0008748
7013,0.0015552
7014,0.0018960749
7015,0.0016428002
7016,0.000924075
7017,1.875e-06
7018,0.00010267501
7019,2.43e-05
7020,0.00041070004
7021,0.0014490751
7022,0.0028812
7023,0.00013867502
7024,0.0001323
7025,0.0015987
7026,0.0028812
7027,0.0017786999
7028,7.2074996e-05
7029,0.000279075
7030,0.0038307
7031,0.008772301
7032,0.00026107504
7033,0.00011407501
7034,0.000957675
7035,3.9675004e-05
7036,2.7e-06
7037,2.7e-06
7038,0.00012
7039,4.6875004e-05
7040,8.1674996e-05
7041,0.0012675
7042,0.003402675
7043,0.004725075
7044,0.0037296754
7045,1.2000002e-06
7046,0.00034680005
7047,0.0014700001
7048,0.000226875
7049,0.0030906748
7050,0.008167501
7051,0.009991876
7052,0.005548801
7053,0.0003888
7054,0.0005547001
7055,0.0071610743
7056,0.013803075
7057,0.012000001
7058,0.004141875
7059,1.2000002e-06
7060,0.0030300752
7061,0.0068403
7062,0.005427075
7063,0.0012675
7064,0.000180075
7065,0.0027075
7066,0.0042483
7067,1.4700002e-05
7068,7.5e-06
7069,9.075001e-06
7070,0.00011407501
7071,0.00030720004
7072,0.0005292
7073,0.000676875
7074,1.4700002e-05
7075,9.187501e-05
7076,0.00013867502
7077,1.2000002e-06
7078,0.00015870002
7079,0.00081120007
7080,0.000108299995
7081,0.0010800001
7082,0.002142075
7083,0.001710075
7084,1.2675001e-05
7085,0.0006075001
7086,0.0018723003
7087,0.00012607501
7088,0.001171875
7089,0.0027075
7090,0.0029403002
7091,0.0013668751
7092,7.5e-06
7093,0.0015552
7094,0.00046807507
7095,0.00058080006
7096,0.0068403
7097,0.01323
7098,0.010546875
7099,5.0700004e-05
7100,0.0003888
7101,0.005187676
7102,0.011820677
7103,0.01323
7104,0.0076320753
7105,5.0700004e-05
7106,0.0014282999
7107,0.0027648
7108,0.0027075
7109,0.0016650752
7110,0.00073507504
7111,1.2000002e-06
7112,6.3075e-05
7113,0.00043319998
7114,0.00089107506
7115,0.00075000006
7116,4.8000006e-06
7117,4.32e-05
7118,0.000621075
7119,0.0015552
7120,0.0020667
7121,0.0017556751
7122,9.075001e-06
7123,6.3075e-05
7124,2.43e-05
7125,0.0002187
7126,0.00018750002
7127,1.2675001e-05
7128,0.0011163
7129,0.004141875
7130,0.0065712007
7131,0.005187676
7132,0.0012675
7133,0.00032669998
7134,0.00058080006
7135,0.0063948
7136,0.012301876
7137,0.00020280002
7138,4.6875004e-05
7139,0.0003888
7140,0.000541875
7141,0.00015187502
7142,6.7500005e-05
7143,0.0014282999
7144,0.004212675
7145,0.006134701
7146,8.1674996e-05
7147,1.2675001e-05
7148,2.1675003e-05
7149,6.7500005e-05
7150,0.0011163
7151,0.0036963
7152,0.00024367501
7153,0.0017327999
7154,0.002679075
7155,7.5e-06
7156,1.9200002e-05
7157,1.6875001e-05
7158,0.0002187
7159,0.0006075001
7160,0.0011163
7161,8.1674996e-05
7162,0.0010800001
7163,0.000210675
7164,0.00020280002
7165,0.0016650752
7166,3.6300004e-05
7167,6.075e-06
7168,7.2074996e-05
7169,0.0013067999
7170,0.0031827001
7171,0.0033708
7172,0.0015552
7173,3e-05
7174,0.00046807507
7175,0.000516675
7176,0.00010267501
7177,3.9675004e-05
7178,0.000210675
7179,4.32e-05
7180,8.670001e-05
7181,0.0018252002
7182,0.00032669998
7183,0.0029403002
7184,0.0050310753
7185,0.0033075
7186,0.00027000002
7187,0.0013668751
7188,0.0068403
7189,0.00046807507
7190,0.00034680005
7191,0.0036630754
7192,0.006660301
7193,0.004838701
7194,0.00073507504
7195,0.0009408001
7196,0.0067950753
7197,0.011820677
7198,0.000195075
7199,0.0007650751
7200,0.0012480749
7201,0.00089107506
7202,9.187501e-05
7203,0.00012607501
7204,0.00027000002
7205,0.0035970751
7206,0.0082668
7207,0.00026107504
7208,0.00011407501
7209,7.680001e-05
7210,0.00035707498
7211,5.0700004e-05
7212,0.0006075001
7213,0.004002075
7214,0.00046807507
7215,0.00041070004
7216,0.0039675003
7217,0.006091875
7218,0.002970075
7219,7.500001e-08
7220,0.0043200003
7221,0.013356299
7222,0.0171363
7223,0.000108299995
7224,6.075e-06
7225,5.4675e-05
7226,5.4675e-05
7227,1.875e-06
7228,3.9675004e-05
7229,0.000594075
7230,0.0013266751
7231,0.0013467001
7232,3.6750005e-06
7233,9.075001e-06
7234,0.00012
7235,0.00058080006
7236,8.670001e-05
7237,0.000924075
7238,0.0018486752
7239,1.6875001e-05
7240,2.7e-06
7241,5.4675e-05
7242,0.0012288002
7243,0.004284075
7244,0.007489201
7245,0.007921875
7246,3.6300004e-05
7247,1.9200002e-05
7248,3.6750005e-06
7249,0.00037807503
7250,0.0002523
7251,0.004212675
7252,0.00079567503
7253,0.00081120007
7254,0.008118075
7255,0.012792675
7256,0.0069311997
7257,0.00013867502
7258,0.001026675
7259,0.0125460755
7260,0.0012096752
7261,0.0008748
7262,0.008978699
7263,0.0164268
7264,0.013104301
7265,2.7074999e-05
7266,0.0020418752
7267,0.0057131997
7268,0.00035707498
7269,0.0034992
7270,0.008721075
7271,0.011001674
7272,0.0073008006
7273,2.7074999e-05
7274,0.0012480749
7275,0.0032136752
7276,0.0046127997
7277,0.0049922997
7278,0.0046127997
7279,7.680001e-05
7280,0.00073507504
7281,0.0018960749
7282,2.7074999e-05
7283,9.075001e-06
7284,0.0006075001
7285,0.002970075
7286,0.0061776754
7287,0.0068403
7288,0.0036963
7289,0.00035707498
7290,0.0007203
7291,0.0033390748
7292,0.0037296754
7293,0.0014076749
7294,8.1674996e-05
7295,0.0010443002
7296,0.0010092
7297,1.2675001e-05
7298,0.0018960749
7299,0.0006627
7300,0.00075000006
7301,0.0074418755
7302,0.00043319998
7303,0.0013266751
7304,0.00033667503
7305,0.0009075
7306,0.007873201
7307,0.017064676
7308,0.018228674
7309,2.43e-05
7310,3.6300004e-05
7311,8.1674996e-05
7312,0.00018750002
7313,0.0028812
7314,0.007489201
7315,0.00033667503
7316,0.0022188004
7317,0.004002075
7318,0.0032760752
7319,0.00089107506
7320,0.00010267501
7321,0.0014700001
7322,0.0027075
7323,4.32e-05
7324,0.000226875
7325,0.000621075
7326,0.0010800001
7327,4.32e-05
7328,0.00033667503
7329,0.0007203
7330,1.2675001e-05
7331,1.2000002e-06
7332,3.0000004e-07
7333,9.075001e-06
7334,6.075e-06
7335,8.1674996e-05
7336,0.0001728
7337,0.000180075
7338,1.2000002e-06
7339,1.2675001e-05
7340,8.1674996e-05
7341,0.00023520003
7342,1.9200002e-05
7343,2.1675003e-05
7344,0.000226875
7345,0.00042187504
7346,3.6750005e-06
7347,2.7e-06
7348,7.500001e-08
7349,6.075e-06
7350,4.6875004e-05
7351,0.0001728
7352,0.00048
7353,0.0010092
7354,0.0015768749
7355,0.0017556751
7356,0.0012096752
7357,0.000279075
7358,9.187501e-05
7359,0.0014490751
7360,0.00024367501
7361,0.0025392002
7362,0.005548801
7363,0.00014520001
7364,0.000621075
7365,0.00073507504
7366,1.2000002e-06
7367,0.00020280002
7368,0.0007650751
7369,0.0012480749
7370,1.9200002e-05
7371,4.6875004e-05
7372,2.1675003e-05
7373,9.075001e-06
7374,0.0001728
7375,0.00036750003
7376,1.2000002e-06
7377,3.3075e-05
7378,4.6875004e-05
7379,0.00079567503
7380,0.0020667
7381,0.0022446748
7382,0.000826875
7383,3.3075e-05
7384,0.000279075
7385,0.00037807503
7386,0.004002075
7387,0.0073008006
7388,0.0057963002
7389,0.0016875002
7390,1.6875001e-05
7391,0.0015987
7392,0.002970075
7393,0.0021930751
7394,7.500001e-08
7395,2.7e-06
7396,0.00015870002
7397,0.00015187502
7398,0.002142075
7399,0.0046500755
7400,7.680001e-05
7401,2.7e-06
7402,2.7e-06
7403,0.00015187502
7404,0.00063480006
7405,0.0011163
7406,0.0011163
7407,0.0006912
7408,1.875e-06
7409,7.680001e-05
7410,0.00073507504
7411,0.0023763
7412,0.0038646753
7413,0.003151875
7414,0.000676875
7415,0.00028829998
7416,0.0057546757
7417,0.0161472
7418,0.023101876
7419,0.00036750003
7420,0.0016428002
7421,0.0027075
7422,0.0015336752
7423,2.7e-06
7424,0.0023232002
7425,0.008118075
7426,0.0116427
7427,0.0090828
7428,0.0035970751
7429,0.00032669998
7430,7.2074996e-05
7431,0.000399675
7432,0.00020280002
7433,1.875e-06
7434,3.6300004e-05
7435,7.5e-06
7436,0.00048
7437,0.0021168
7438,0.00020280002
7439,0.0016650752
7440,0.002970075
7441,0.0023496752
7442,0.0006912
7443,4.32e-05
7444,3.9675004e-05
7445,1.2675001e-05
7446,4.32e-05
7447,3.3075e-05
7448,2.1675003e-05
7449,5.8800008e-05
7450,0.0002523
7451,5.8800008e-05
7452,0.00089107506
7453,0.00018750002
7454,0.0020667
7455,0.0046500755
7456,0.0001323
7457,0.000541875
7458,0.00050430006
7459,2.1675003e-05
7460,0.0009918751
7461,0.00029767503
7462,0.000399675
7463,0.00048
7464,0.004356075
7465,0.0062208
7466,6.75e-07
7467,0.00042187504
7468,0.0015123001
7469,0.0018723003
7470,0.0008427
7471,3.0000004e-07
7472,0.000180075
7473,0.002091675
7474,0.0036630754
7475,2.1675003e-05
7476,6.075e-06
7477,3.6300004e-05
7478,9.187501e-05
7479,0.0013668751
7480,0.0033075
7481,0.0037632005
7482,1.08e-05
7483,1.875e-06
7484,3.3075e-05
7485,0.00011407501
7486,0.00026107504
7487,0.00045630004
7488,0.00063480006
7489,2.7074999e-05
7490,0.00034680005
7491,0.0011346751
7492,9.187501e-05
7493,0.0007803
7494,0.0014282999
7495,0.0009408001
7496,3.3075e-05
7497,0.00015870002
7498,0.00029767503
7499,0.003796875
7500,0.008068801
7501,0.000165675
7502,0.00046807507
7503,2.7e-06
7504,2.43e-05
7505,0.000279075
7506,0.00079567503
7507,4.32e-05
7508,0.00029767503
7509,0.000541875
7510,1.2675001e-05
7511,1.08e-05
7512,0.0001728
7513,0.00044467498
7514,0.00046807507
7515,1.875e-06
7516,0.00026107504
7517,0.0013067999
7518,0.0030906748
7519,0.0042483
7520,0.0032760752
7521,0.0008586751
7522,0.00020280002
7523,0.00046807507
7524,0.0059220744
7525,0.013041675
7526,0.0134832
7527,0.0063510756
7528,0.000279075
7529,0.0025668752
7530,0.009720001
7531,0.0125460755
7532,0.008019675
7533,0.0018486752
7534,5.8800008e-05
7535,0.0018486752
7536,0.0028518748
7537,0.0015552
7538,0.00015870002
7539,0.00015870002
7540,0.000621075
7541,0.00045630004
7542,3.9675004e-05
7543,0.00010267501
7544,0.00035707498
7545,0.00028829998
7546,5.0700004e-05
7547,3.6750005e-06
7548,0.0
7549,9.187501e-05
7550,0.00073507504
7551,0.0001323
7552,0.0012675
7553,0.002091675
7554,3.0000004e-07
7555,0.00035707498
7556,0.000226875
7557,0.0034992
7558,0.00058080006
7559,0.000541875
7560,0.0049922997
7561,0.007068676
7562,0.002736075
7563,0.00018750002
7564,0.007536676
7565,0.0010800001
7566,0.00079567503
7567,0.0069768755
7568,0.010156801
7569,0.00507
7570,0.00020280002
7571,0.004002075
7572,0.00768
7573,0.0059643
7574,0.0014076749
7575,0.00020280002
7576,0.003151875
7577,0.000210675
7578,0.0010092
7579,0.001062075
7580,0.00026107504
7581,0.00013867502
7582,0.0015987
7583,0.0032760752
7584,6.7500005e-05
7585,1.08e-05
7586,2.7074999e-05
7587,1.4700002e-05
7588,0.0005547001
7589,0.0021930751
7590,0.00018750002
7591,0.0014490751
7592,0.002296875
7593,0.0012288002
7594,1.6875001e-05
7595,0.000195075
7596,0.00023520003
7597,0.000226875
7598,0.0021675
7599,0.0041067
7600,0.00012
7601,0.00012607501
7602,0.0019926752
7603,0.0049152006
7604,0.0049922997
7605,0.0014076749
7606,0.000594075
7607,0.0094518745
7608,0.0015768749
7609,0.015870001
7610,0.032670002
7611,0.000648675
7612,0.00010267501
7613,0.00029767503
7614,1.4700002e-05
7615,0.002679075
7616,0.012301876
7617,0.024710702
7618,0.028830001
7619,0.000226875
7620,0.00045630004
7621,0.00043319998
7622,7.500001e-08
7623,0.0019440751
7624,0.010101676
7625,0.0223587
7626,0.029578803
7627,0.00046807507
7628,0.0024300003
7629,0.0047628004
7630,0.00363
7631,0.00028829998
7632,0.0027075
7633,0.0155952005
7634,0.031395677
7635,0.03643568
7636,0.025754703
7637,0.0090306755
7638,0.000165675
7639,0.0041772006
7640,0.0010800001
7641,0.001287075
7642,0.016779674
7643,0.04007708
7644,0.048000004
7645,0.00030720004
7646,2.1675003e-05
7647,0.00015870002
7648,4.8000006e-06
7649,0.00075000006
7650,0.0044652
7651,0.0007056751
7652,0.007347675
7653,0.014985676
7654,0.013167076
7655,1.08e-05
7656,0.0013872002
7657,0.0002187
7658,0.00018750002
7659,0.002091675
7660,0.0043200003
7661,0.00013867502
7662,0.0010092
7663,0.0024843
7664,0.0032136752
7665,1.6875001e-05
7666,6.75e-07
7667,0.0001728
7668,0.0010443002
7669,0.0027075
7670,0.0038646753
7671,0.0030300752
7672,0.00081120007
7673,0.00012607501
7674,0.0020172002
7675,0.004141875
7676,0.0037296754
7677,3.0000004e-07
7678,0.00024367501
7679,0.000648675
7680,2.7074999e-05
7681,0.00020280002
7682,2.1675003e-05
7683,0.00015187502
7684,0.000195075
7685,4.6875004e-05
7686,6.3075e-05
7687,7.680001e-05
7688,0.0009918751
7689,0.0022446748
7690,0.0023496752
7691,1.2000002e-06
7692,5.8800008e-05
7693,0.00026107504
7694,3e-05
7695,3.9675004e-05
7696,0.0005547001
7697,0.0013067999
7698,5.4675e-05
7699,4.6875004e-05
7700,0.0006075001
7701,7.680001e-05
7702,0.0005547001
7703,0.0006627
7704,0.00012
7705,0.00032669998
7706,0.0025392002
7707,0.000279075
7708,0.0022707
7709,0.000165675
7710,0.000826875
7711,1.4700002e-05
7712,1.875e-06
7713,4.32e-05
7714,0.0002523
7715,0.00045630004
7716,1.08e-05
7717,7.2074996e-05
7718,0.00020280002
7719,1.6875001e-05
7720,0.00014520001
7721,0.00027000002
7722,0.000165675
7723,2.7e-06
7724,0.00018750002
7725,0.0007056751
7726,0.000924075
7727,0.00050430006
7728,1.2675001e-05
7729,3.6300004e-05
7730,0.00037807503
7731,2.1675003e-05
7732,6.3075e-05
7733,1.2675001e-05
7734,5.4675e-05
7735,0.0003888
7736,3e-05
7737,0.00015870002
7738,0.0001323
7739,1.875e-06
7740,0.000180075
7741,0.00063480006
7742,0.0007803
7743,0.0003888
7744,1.9200002e-05
7745,2.7074999e-05
7746,1.6875001e-05
7747,6.3075e-05
7748,1.6875001e-05
7749,1.4700002e-05
7750,7.680001e-05
7751,6.75e-07
7752,2.43e-05
7753,0.000516675
7754,0.0014700001
7755,0.0017327999
7756,0.0007056751
7757,7.2074996e-05
7758,0.0015552
7759,0.0038307
7760,0.004212675
7761,0.0020172002
7762,6.7500005e-05
7763,0.0014700001
7764,0.003402675
7765,0.003796875
7766,1.9200002e-05
7767,3.3075e-05
7768,7.2074996e-05
7769,6.75e-07
7770,7.5e-06
7771,0.00014520001
7772,0.0006627
7773,0.0015336752
7774,0.0021168
7775,3e-05
7776,9.72e-05
7777,1.2000002e-06
7778,4.8000006e-06
7779,0.0001728
7780,6.3075e-05
7781,0.0007803
7782,9.72e-05
7783,7.2074996e-05
7784,0.000648675
7785,0.0009408001
7786,0.00045630004
7787,3.6750005e-06
7788,0.00033667503
7789,0.0009075
7790,0.0007650751
7791,0.000108299995
7792,0.000210675
7793,0.00012
7794,9.187501e-05
7795,0.000594075
7796,0.00035707498
7797,8.670001e-05
7798,0.00036750003
7799,0.000648675
7800,0.007489201
7801,0.0136107
7802,0.009135076
7803,0.000648675
7804,0.004953675
7805,0.024624676
7806,0.040627204
7807,0.035089202
7808,0.014191875
7809,0.000399675
7810,0.006091875
7811,0.021226801
7812,0.028182674
7813,0.00033667503
7814,0.0018960749
7815,0.00041070004
7816,0.004575675
7817,0.008978699
7818,8.670001e-05
7819,1.08e-05
7820,0.000226875
7821,0.0016650752
7822,0.00027000002
7823,0.00033667503
7824,0.0041067
7825,0.0083667
7826,0.0076320753
7827,3.0000004e-07
7828,6.3075e-05
7829,7.680001e-05
7830,0.000957675
7831,0.0021930751
7832,0.0027075
7833,3.3075e-05
7834,2.7074999e-05
7835,6.7500005e-05
7836,0.0009918751
7837,0.0001323
7838,9.72e-05
7839,0.0007650751
7840,0.00073507504
7841,1.9200002e-05
7842,0.001171875
7843,0.00048
7844,0.0006075001
7845,0.0007056751
7846,0.000648675
7847,0.00046807507
7848,0.00024367501
7849,0.001062075
7850,0.00035707498
7851,0.0003888
7852,0.00048
7853,0.00063480006
7854,0.006660301
7855,0.011466076
7856,0.0075842994
7857,0.0007056751
7858,0.0027075
7859,0.0012288002
7860,0.012060075
7861,0.022522798
7862,0.019354803
7863,0.0065712007
7864,6.75e-07
7865,0.005838076
7866,0.00081120007
7867,0.006091875
7868,0.010659676
7869,0.0095052
7870,0.0044286754
7871,0.000541875
7872,0.00027000002
7873,0.001710075
7874,0.002296875
7875,0.0016206751
7876,0.0007056751
7877,0.000226875
7878,1.2000002e-06
7879,1.4700002e-05
7880,0.000279075
7881,0.0006627
7882,0.000541875
7883,9.075001e-06
7884,0.00042187504
7885,0.0014490751
7886,0.0023763
7887,0.0022446748
7888,0.001026675
7889,3.6300004e-05
7890,0.0009408001
7891,0.0026226752
7892,0.0038646753
7893,7.680001e-05
7894,0.00037807503
7895,1.6875001e-05
7896,1.4700002e-05
7897,3e-05
7898,0.0008427
7899,0.0028518748
7900,0.000180075
7901,0.00012
7902,0.00097470003
7903,0.0011531999
7904,0.00023520003
7905,0.00029767503
7906,0.0025392002
7907,0.004838701
7908,0.0044652
7909,0.0018723003
7910,6.7500005e-05
7911,0.00013867502
7912,0.00013867502
7913,0.001171875
7914,0.0019440751
7915,0.0015123001
7916,0.000516675
7917,1.2675001e-05
7918,2.1675003e-05
7919,7.5e-06
7920,1.08e-05
7921,4.8000006e-06
7922,0.00012607501
7923,0.00034680005
7924,0.0003888
7925,0.0001323
7926,3e-05
7927,9.187501e-05
7928,0.0013067999
7929,0.002970075
7930,7.2074996e-05
7931,0.000226875
7932,0.00012607501
7933,1.9200002e-05
7934,8.1674996e-05
7935,0.0009075
7936,0.0013872002
7937,0.0005292
7938,9.187501e-05
7939,0.0021930751
7940,0.0049922997
7941,9.187501e-05
7942,0.0001323
7943,6.75e-07
7944,0.00044467498
7945,0.00018750002
7946,0.0022446748
7947,0.0047628004
7948,0.0046875
7949,0.0020172002
7950,6.3075e-05
7951,0.0012480749
7952,0.0026508
7953,0.0030603004
7954,0.0025947
7955,0.0018486752
7956,0.0012288002
7957,0.0007650751
7958,0.000316875
7959,9.075001e-06
7960,0.00029767503
7961,0.00015187502
7962,0.0020418752
7963,0.0051483
7964,0.000226875
7965,0.00014520001
7966,0.00015187502
7967,0.0013266751
7968,0.0017556751
7969,6.75e-07
7970,0.000279075
7971,0.001062075
7972,7.680001e-05
7973,5.8800008e-05
7974,0.000621075
7975,4.6875004e-05
7976,0.0002523
7977,0.000316875
7978,0.00015187502
7979,7.5e-06
7980,3.6300004e-05
7981,0.000108299995
7982,9.187501e-05
7983,3.6300004e-05
7984,7.5e-06
7985,1.2675001e-05
7986,1.08e-05
7987,3e-05
7988,0.00048
7989,0.0011346751
7990,0.001171875
7991,7.500001e-08
7992,0.0001323
7993,0.0005547001
7994,7.2074996e-05
7995,0.00010267501
7996,0.0013467001
7997,0.0029403002
7998,6.3075e-05
7999,0.0001728
8000,0.000108299995
8001,9.075001e-06
8002,0.0005547001
8003,0.0019926752
8004,0.0033708
8005,0.0033708
8006,7.5e-06
8007,2.7e-06
8008,6.3075e-05
8009,0.00033667503
8010,7.2074996e-05
8011,0.0009918751
8012,0.0023763
8013,0.0025947
8014,0.0012288002
8015,4.6875004e-05
8016,9.187501e-05
8017,7.680001e-05
8018,4.32e-05
8019,0.000279075
8020,0.00041070004
8021,0.00045630004
8022,0.000648675
8023,0.0011531999
8024,0.00010267501
8025,0.001098075
8026,0.0021675
8027,7.5e-06
8028,0.00011407501
8029,0.0011531999
8030,0.003402675
8031,0.000210675
8032,0.0015336752
8033,0.0024843
8034,0.0015123001
8035,9.187501e-05
8036,0.000676875
8037,0.0002187
8038,0.00018750002
8039,0.0001728
8040,0.0016650752
8041,0.0028812
8042,0.0022188004
8043,0.00063480006
8044,4.6875004e-05
8045,0.00063480006
8046,0.0009918751
8047,0.000648675
8048,0.00015187502
8049,0.0
8050,2.7e-06
8051,7.500001e-08
8052,8.1674996e-05
8053,0.00034680005
8054,2.1675003e-05
8055,0.00010267501
8056,5.8800008e-05
8057,1.4700002e-05
8058,0.00041070004
8059,0.00010267501
8060,0.0011163
8061,0.0024300003
8062,5.8800008e-05
8063,0.000195075
8064,0.00013867502
8065,6.075e-06
8066,0.0007203
8067,0.0029403002
8068,0.005548801
8069,0.0060492004
8070,0.0035316749
8071,3.9675004e-05
8072,0.000195075
8073,0.00034680005
8074,0.000567675
8075,0.000826875
8076,0.0091875
8077,0.016921874
8078,0.0001728
8079,0.000108299995
8080,6.075e-06
8081,8.1674996e-05
8082,0.0013668751
8083,0.00363
8084,0.000180075
8085,0.0014282999
8086,0.0028812
8087,0.002679075
8088,0.0008427
8089,8.670001e-05
8090,0.00032669998
8091,0.004002075
8092,0.008167501
8093,0.00015870002
8094,0.00046807507
8095,0.00037807503
8096,1.2675001e-05
8097,0.00046807507
8098,0.0013266751
8099,5.4675e-05
8100,0.00026107504
8101,0.00032669998
8102,0.000108299995
8103,1.9200002e-05
8104,0.0003888
8105,6.7500005e-05
8106,0.00075000006
8107,0.0017786999
8108,0.0020667
8109,6.075e-06
8110,7.5e-06
8111,2.43e-05
8112,0.000594075
8113,0.0022707
8114,0.0043200003
8115,0.004953675
8116,0.0033075
8117,0.0008427
8118,5.8800008e-05
8119,0.0018018751
8120,0.0045387005
8121,0.00024367501
8122,0.0024300003
8123,0.006615675
8124,0.009398701
8125,0.007394701
8126,4.8000006e-06
8127,0.00012
8128,0.000226875
8129,0.0033390748
8130,0.0005292
8131,0.00050430006
8132,0.0050310753
8133,0.008316676
8134,0.0055080755
8135,0.0008427
8136,0.00023520003
8137,0.000226875
8138,0.0014700001
8139,0.0016650752
8140,1.2000002e-06
8141,3.0000004e-07
8142,0.00012
8143,0.00097470003
8144,0.0028227004
8145,0.00020280002
8146,0.000180075
8147,0.00020280002
8148,0.0018018751
8149,6.3075e-05
8150,4.6875004e-05
8151,5.4675e-05
8152,0.0002187
8153,0.0035643002
8154,0.008772301
8155,0.00027000002
8156,0.001062075
8157,0.000957675
8158,6.3075e-05
8159,0.0007803
8160,0.000316875
8161,0.000316875
8162,0.003151875
8163,0.0054675005
8164,0.004141875
8165,0.0011346751
8166,3.3075e-05
8167,0.0016206751
8168,0.000210675
8169,0.0019440751
8170,0.0043200003
8171,0.00015870002
8172,7.680001e-05
8173,4.6875004e-05
8174,0.00015187502
8175,3.0000004e-07
8176,0.0007056751
8177,0.002679075
8178,0.0037296754
8179,0.0022188004
8180,0.00018750002
8181,0.0006912
8182,0.003151875
8183,0.004212675
8184,0.002736075
8185,0.0007650751
8186,1.2675001e-05
8187,2.1675003e-05
8188,0.000108299995
8189,0.00097470003
8190,8.1674996e-05
8191,1.6875001e-05
8192,3.0000004e-07
8193,8.670001e-05
8194,0.0020667
8195,0.0065712007
8196,0.009828299
8197,0.008019675
8198,0.0028812
8199,0.00013867502
8200,0.00027000002
8201,0.0030000003
8202,0.00037807503
8203,0.0038988001
8204,0.009398701
8205,0.012000001
8206,0.008875201
8207,0.0030906748
8208,2.43e-05
8209,0.0017556751
8210,0.0052668746
8211,0.0002187
8212,0.000165675
8213,0.002296875
8214,0.005589675
8215,0.0068403
8216,0.004838701
8217,0.001710075
8218,0.00010267501
8219,5.4675e-05
8220,0.00048
8221,0.0008427
8222,0.0011907001
8223,0.0019440751
8224,0.0035316749
8225,0.0057963002
8226,0.0070227003
8227,0.0052668746
8228,0.0014076749
8229,0.00027000002
8230,0.005187676
8231,0.013419676
8232,0.017496677
8233,0.012979201
8234,0.0043923
8235,2.7074999e-05
8236,0.0024300003
8237,0.006438676
8238,0.000180075
8239,0.00011407501
8240,0.0018252002
8241,0.0056306995
8242,0.0091875
8243,0.009292801
8244,0.005427075
8245,0.0008748
8246,0.0006912
8247,0.006526875
8248,0.0008586751
8249,0.008978699
8250,0.0012480749
8251,0.0012288002
8252,0.012916875
8253,0.022522798
8254,0.0151875
8255,0.0015336752
8256,0.0015552
8257,0.022852799
8258,0.050676305
8259,0.055083677
8260,0.00020280002
8261,7.2074996e-05
8262,0.0
8263,0.00010267501
8264,0.0012480749
8265,0.004953675
8266,0.010156801
8267,0.012301876
8268,0.000108299995
8269,0.00027000002
8270,2.1675003e-05
8271,0.00015187502
8272,0.000195075
8273,6.7500005e-05
8274,2.1675003e-05
8275,0.00044467498
8276,0.0013668751
8277,0.00012
8278,0.000165675
8279,0.0024300003
8280,0.0059643
8281,0.0071610743
8282,0.0045018755
8283,0.0008748
8284,0.000195075
8285,0.00035707498
8286,0.000516675
8287,0.006615675
8288,0.0009408001
8289,0.00867
8290,0.016708802
8291,0.014126699
8292,2.1675003e-05
8293,0.0020172002
8294,0.005589675
8295,0.000279075
8296,0.002142075
8297,0.0002523
8298,0.0021675
8299,0.003933075
8300,0.0032136752
8301,0.000957675
8302,1.4700002e-05
8303,0.0011531999
8304,0.0024030753
8305,0.0020667
8306,0.0007650751
8307,3.3075e-05
8308,0.000108299995
8309,4.8000006e-06
8310,3.6750005e-06
8311,0.00015187502
8312,0.0005547001
8313,3.6300004e-05
8314,0.00023520003
8315,0.00030720004
8316,0.000108299995
8317,1.9200002e-05
8318,4.6875004e-05
8319,5.8800008e-05
8320,0.000648675
8321,0.0012675
8322,0.0012288002
8323,0.0006912
8324,0.000210675
8325,3.3075e-05
8326,7.500001e-08
8327,1.4700002e-05
8328,3.6750005e-06
8329,7.5e-06
8330,1.08e-05
8331,0.0003888
8332,0.0015987
8333,0.00015870002
8334,0.0014490751
8335,0.002679075
8336,0.0019440751
8337,0.00023520003
8338,0.0005547001
8339,0.0032136752
8340,0.004838701
8341,0.0030906748
8342,0.0003888
8343,0.000594075
8344,0.0034992
8345,0.00018750002
8346,0.0009075
8347,0.0010092
8348,0.000226875
8349,0.00020280002
8350,0.002142075
8351,0.0046875
8352,0.00015870002
8353,0.0009918751
8354,8.670001e-05
8355,0.00049207505
8356,0.000399675
8357,1.875e-06
8358,0.0013668751
8359,0.005548801
8360,0.009828299
8361,0.00026107504
8362,0.0014700001
8363,0.0024300003
8364,7.5e-06
8365,8.670001e-05
8366,0.00089107506
8367,0.0028518748
8368,0.00026107504
8369,0.00029767503
8370,0.0035643002
8371,0.0071610743
8372,0.006134701
8373,0.0017556751
8374,0.000210675
8375,0.0032760752
8376,0.00030720004
8377,0.0022446748
8378,0.0039675003
8379,7.680001e-05
8380,0.00045630004
8381,0.0011907001
8382,0.0018723003
8383,5.4675e-05
8384,0.00037807503
8385,3e-05
8386,0.00010267501
8387,6.075e-06
8388,0.00045630004
8389,0.000210675
8390,0.002910675
8391,0.007068676
8392,0.008019675
8393,0.004212675
8394,0.00029767503
8395,0.0013668751
8396,0.0063510756
8397,0.0003888
8398,0.00028829998
8399,0.00037807503
8400,0.004141875
8401,0.007824676
8402,0.0065712007
8403,1.875e-06
8404,0.00036750003
8405,0.0007056751
8406,0.000567675
8407,0.00027000002
8408,1.875e-06
8409,0.00012607501
8410,0.00012
8411,0.0019926752
8412,0.0053868005
8413,0.006660301
8414,0.0037632005
8415,0.00029767503
8416,0.00036750003
8417,0.0049152006
8418,0.010156801
8419,0.0002523
8420,0.0013668751
8421,0.0028227004
8422,0.0033390748
8423,0.0024570748
8424,0.001026675
8425,0.000108299995
8426,0.00012607501
8427,0.000924075
8428,0.0021675
8429,0.0035970751
8430,0.004725075
8431,0.004876875
8432,0.0036630754
8433,0.0015336752
8434,7.680001e-05
8435,0.000594075
8436,0.0026508
8437,0.0041772006
8438,7.680001e-05
8439,3.9675004e-05
8440,0.0005547001
8441,8.1674996e-05
8442,0.00075000006
8443,0.0016428002
8444,0.00192
8445,0.0013668751
8446,0.00048
8447,1.875e-06
8448,0.00045630004
8449,0.0018486752
8450,0.0035316749
8451,0.004356075
8452,0.0034347004
8453,0.0013266751
8454,6.075e-06
8455,0.0012288002
8456,0.0041067
8457,0.0054675005
8458,0.0035316749
8459,0.000541875
8460,0.00050430006
8461,0.0037296754
8462,0.006006675
8463,0.0041067
8464,0.00063480006
8465,0.00026107504
8466,0.0034347004
8467,0.0062208
8468,0.0046500755
8469,0.0009918751
8470,0.00024367501
8471,0.0028227004
8472,0.004212675
8473,0.0021675
8474,5.8800008e-05
8475,0.0002187
8476,0.0020667
8477,0.002511675
8478,0.00063480006
8479,0.00033667503
8480,0.00363
8481,0.000279075
8482,0.00010267501
8483,0.00044467498
8484,2.7e-06
8485,0.00041070004
8486,0.001710075
8487,0.002736075
8488,2.1675003e-05
8489,7.500001e-08
8490,0.000108299995
8491,0.00063480006
8492,0.0014490751
8493,0.0018960749
8494,0.0014490751
8495,0.000516675
8496,6.075e-06
8497,0.00027000002
8498,0.0008427
8499,0.001098075
8500,0.00089107506
8501,3.6750005e-06
8502,3.3075e-05
8503,1.4700002e-05
8504,0.000165675
8505,0.00029767503
8506,0.00020280002
8507,6.75e-07
8508,1.6875001e-05
8509,7.500001e-08
8510,1.9200002e-05
8511,5.8800008e-05
8512,0.0
8513,7.2074996e-05
8514,7.2074996e-05
8515,0.001287075
8516,0.0036963
8517,0.004876875
8518,0.0030603004
8519,3.9675004e-05
8520,0.0001728
8521,0.0021675
8522,0.00028829998
8523,0.000279075
8524,0.0030906748
8525,0.006091875
8526,0.00011407501
8527,3.6300004e-05
8528,0.00033667503
8529,0.00050430006
8530,0.00015870002
8531,0.000108299995
8532,0.0015552
8533,0.004141875
8534,0.005589675
8535,6.7500005e-05
8536,0.000210675
8537,0.00026107504
8538,4.32e-05
8539,0.000195075
8540,0.0016206751
8541,0.0038646753
8542,0.0049152006
8543,0.003402675
8544,9.075001e-06
8545,0.0006075001
8546,0.00192
8547,0.0033390748
8548,0.0001323
8549,0.00012
8550,0.0013067999
8551,0.0019926752
8552,0.00075000006
8553,0.00014520001
8554,0.00035707498
8555,0.004141875
8556,0.007970701
8557,0.006526875
8558,0.0017786999
8559,0.00012
8560,0.0033390748
8561,0.00032669998
8562,0.002296875
8563,0.0041067
8564,0.003933075
8565,0.0021168
8566,3.6750005e-06
8567,0.00011407501
8568,3.6750005e-06
8569,2.7074999e-05
8570,1.4700002e-05
8571,0.000316875
8572,0.001062075
8573,0.0018018751
8574,0.0018486752
8575,0.0011531999
8576,0.00034680005
8577,3.6750005e-06
8578,0.00013867502
8579,0.00046807507
8580,4.32e-05
8581,0.0006627
8582,0.0023496752
8583,0.0043923
8584,0.004876875
8585,0.0027936753
8586,5.0700004e-05
8587,0.0017786999
8588,0.00046807507
8589,0.0063074995
8590,0.016356675
8591,0.0006912
8592,0.000316875
8593,0.00014520001
8594,0.0002187
8595,0.0005547001
8596,0.0011163
8597,0.0171363
8598,0.0401868
8599,0.000924075
8600,0.002091675
8601,0.00036750003
8602,0.00073507504
8603,0.0153228
8604,0.0029403002
8605,0.028274704
8606,0.05292
8607,0.0417387
8608,0.008875201
8609,0.0035970751
8610,0.0401868
8611,0.0038646753
8612,0.029673075
8613,0.0027075
8614,0.0019926752
8615,0.0195075
8616,0.0013467001
8617,0.0064827004
8618,0.0061776754
8619,0.00079567503
8620,0.002511675
8621,0.015526878
8622,0.027270675
8623,0.024624676
8624,0.0110592
8625,0.000924075
8626,0.000516675
8627,0.0054675005
8628,0.0094518745
8629,0.00020280002
8630,0.00018750002
8631,0.0032448003
8632,0.00058080006
8633,0.0052271998
8634,0.008926875
8635,5.0700004e-05
8636,7.5e-06
8637,0.00029767503
8638,0.000924075
8639,0.0012675
8640,0.0009408001
8641,0.00033667503
8642,1.875e-06
8643,3.0000004e-07
8644,0.00011407501
8645,0.0007056751
8646,0.0013266751
8647,0.0010092
8648,2.1675003e-05
8649,0.000924075
8650,0.003151875
8651,0.0052271998
8652,0.004953675
8653,0.002296875
8654,9.72e-05
8655,0.0010443002
8656,0.004284075
8657,0.0062208
8658,0.0047628004
8659,7.500001e-08
8660,0.00010267501
8661,0.00012607501
8662,3.0000004e-07
8663,1.875e-06
8664,1.6875001e-05
8665,6.75e-07
8666,2.7e-06
8667,7.500001e-08
8668,1.08e-05
8669,9.72e-05
8670,0.0003888
8671,0.000924075
8672,0.001491075
8673,0.0015987
8674,0.001026675
8675,0.000210675
8676,7.680001e-05
8677,0.0010800001
8678,0.0026508
8679,0.0035970751
8680,0.0032760752
8681,0.0019683002
8682,0.0006627
8683,3.6300004e-05
8684,0.00013867502
8685,0.0006627
8686,7.2074996e-05
8687,0.0008586751
8688,0.0024570748
8689,0.0035970751
8690,5.4675e-05
8691,0.00020280002
8692,9.075001e-06
8693,3.3075e-05
8694,1.2675001e-05
8695,6.075e-06
8696,8.1674996e-05
8697,1.08e-05
8698,0.00012607501
8699,0.00036750003
8700,0.000676875
8701,0.00089107506
8702,0.0008748
8703,0.000516675
8704,8.1674996e-05
8705,3.9675004e-05
8706,0.0007056751
8707,0.00012
8708,0.0011531999
8709,0.0022446748
8710,0.0018723003
8711,0.00049207505
8712,6.3075e-05
8713,0.001171875
8714,0.0020418752
8715,0.001287075
8716,2.1675003e-05
8717,0.000594075
8718,0.0011907001
8719,0.0008748
8720,9.72e-05
8721,0.00033667503
8722,0.0020172002
8723,0.0035643002
8724,6.3075e-05
8725,1.4700002e-05
8726,8.670001e-05
8727,3.6300004e-05
8728,5.0700004e-05
8729,0.00063480006
8730,0.0015987
8731,0.0018960749
8732,0.0011163
8733,9.075001e-06
8734,0.00023520003
8735,0.00042187504
8736,0.000316875
8737,7.500001e-08
8738,4.8000006e-06
8739,2.7e-06
8740,0.00011407501
8741,4.32e-05
8742,0.000567675
8743,0.0013067999
8744,0.0013668751
8745,0.0005547001
8746,7.500001e-08
8747,0.00075000006
8748,0.0024030753
8749,0.0034347004
8750,0.0028812
8751,0.001287075
8752,0.00012607501
8753,0.000210675
8754,0.0012096752
8755,0.0021168
8756,0.002142075
8757,0.0013467001
8758,6.75e-07
8759,6.7500005e-05
8760,0.00013867502
8761,0.00015870002
8762,0.0001323
8763,3.0000004e-07
8764,7.500001e-08
8765,7.500001e-08
8766,7.500001e-08
8767,3.0000004e-07
8768,7.5e-06
8769,2.1675003e-05
8770,1.4700002e-05
8771,3.6750005e-06
8772,0.00013867502
8773,0.00050430006
8774,3.3075e-05
8775,0.00013867502
8776,1.2000002e-06
8777,0.000279075
8778,0.0016206751
8779,0.0036963
8780,0.0043200003
8781,0.0022188004
8782,9.187501e-05
8783,0.0024570748
8784,0.0067950753
8785,0.0094518745
8786,0.00013867502
8787,0.0006912
8788,0.0013872002
8789,2.43e-05
8790,1.6875001e-05
8791,3.3075e-05
8792,0.00063480006
8793,0.0023232002
8794,0.0045387005
8795,0.0055080755
8796,6.7500005e-05
8797,2.43e-05
8798,0.0002523
8799,0.00030720004
8800,1.4700002e-05
8801,0.00011407501
8802,0.0020667
8803,0.0003888
8804,0.004141875
8805,0.008823675
8806,0.000210675
8807,0.000826875
8808,1.6875001e-05
8809,3.0000004e-07
8810,0.00033667503
8811,0.0019683002
8812,0.0047628004
8813,0.00026107504
8814,0.0021168
8815,0.0042483
8816,0.003796875
8817,4.8000006e-06
8818,0.000621075
8819,0.000180075
8820,0.00029767503
8821,0.004356075
8822,0.01083
8823,0.013041675
8824,0.008019675
8825,0.0013067999
8826,0.0008586751
8827,0.0073008006
8828,0.01323
8829,0.012301876
8830,2.43e-05
8831,1.9200002e-05
8832,0.00024367501
8833,0.0009408001
8834,0.0015336752
8835,1.6875001e-05
8836,9.075001e-06
8837,2.43e-05
8838,0.00042187504
8839,0.0015987
8840,0.0033075
8841,0.000165675
8842,0.0015123001
8843,0.0034668753
8844,0.000108299995
8845,0.00046807507
8846,0.00048
8847,3.9675004e-05
8848,0.0005547001
8849,0.003402675
8850,0.0074418755
8851,0.0091875
8852,8.670001e-05
8853,0.000195075
8854,0.00015870002
8855,2.7e-06
8856,0.00079567503
8857,0.000279075
8858,0.0033390748
8859,0.0071610743
8860,0.0068403
8861,0.0024570748
8862,1.08e-05
8863,0.0032760752
8864,0.0005547001
8865,0.004800675
8866,0.0091875
8867,0.0082668
8868,0.002970075
8869,0.000210675
8870,0.0041067
8871,0.009828299
8872,0.00042187504
8873,0.0030603004
8874,0.00029767503
8875,0.0017786999
8876,2.43e-05
8877,6.7500005e-05
8878,0.0014490751
8879,0.00507
8880,0.00035707498
8881,0.000226875
8882,0.0018018751
8883,3.6300004e-05
8884,7.5e-06
8885,0.00046807507
8886,0.000165675
8887,0.0018486752
8888,0.0001728
8889,8.1674996e-05
8890,0.00048
8891,0.00036750003
8892,4.8000006e-06
8893,0.00041070004
8894,8.670001e-05
8895,0.00058080006
8896,0.000621075
8897,0.00010267501
8898,0.000180075
8899,0.001171875
8900,0.001710075
8901,0.0008427
8902,3.0000004e-07
8903,0.001171875
8904,0.0037632005
8905,0.004838701
8906,0.0029403002
8907,2.7074999e-05
8908,0.00081120007
8909,0.0018018751
8910,0.0018960749
8911,6.075e-06
8912,7.5e-06
8913,3.3075e-05
8914,7.5e-06
8915,9.72e-05
8916,0.00027000002
8917,1.9200002e-05
8918,0.0001728
8919,1.9200002e-05
8920,1.08e-05
8921,4.6875004e-05
8922,6.075e-06
8923,0.000108299995
8924,0.00075000006
8925,0.0017786999
8926,0.0023763
8927,0.00192
8928,0.0007650751
8929,2.43e-05
8930,0.00049207505
8931,0.0012288002
8932,7.680001e-05
8933,0.000826875
8934,0.0021675
8935,0.0028227004
8936,0.0018486752
8937,0.00036750003
8938,0.000108299995
8939,0.00012
8940,0.0010092
8941,5.8800008e-05
8942,0.00032669998
8943,2.43e-05
8944,0.0002187
8945,0.000567675
8946,0.000826875
8947,0.0007650751
8948,0.00036750003
8949,6.075e-06
8950,0.00015187502
8951,0.00030720004
8952,0.00026107504
8953,7.2074996e-05
8954,7.5e-06
8955,0.00013867502
8956,0.00018750002
8957,3.3075e-05
8958,0.00010267501
8959,0.0007803
8960,0.0015336752
8961,0.0014490751
8962,0.0005292
8963,7.500001e-08
8964,0.0005292
8965,0.0012675
8966,0.0011346751
8967,0.000399675
8968,7.5e-06
8969,9.075001e-06
8970,1.2000002e-06
8971,0.00015870002
8972,0.0009408001
8973,8.1674996e-05
8974,3.3075e-05
8975,8.1674996e-05
8976,2.7074999e-05
8977,0.0010800001
8978,0.003796875
8979,0.005838076
8980,6.3075e-05
8981,1.2000002e-06
8982,1.08e-05
8983,0.00024367501
8984,0.001098075
8985,0.00014520001
8986,0.000180075
8987,0.002142075
8988,0.0041772006
8989,5.0700004e-05
8990,5.0700004e-05
8991,7.5e-06
8992,0.00028829998
8993,0.0012480749
8994,0.0025947
8995,0.0033708
8996,0.0027075
8997,0.0010800001
8998,1.9200002e-05
8999,0.0007203
9000,0.0028227004
9001,0.004725075
9002,0.00013867502
9003,0.001062075
9004,0.0024030753
9005,0.0024570748
9006,0.0008427
9007,5.0700004e-05
9008,0.002142075
9009,0.0053868005
9010,0.0001728
9011,8.1674996e-05
9012,8.1674996e-05
9013,6.7500005e-05
9014,0.00046807507
9015,9.075001e-06
9016,1.875e-06
9017,2.7074999e-05
9018,1.6875001e-05
9019,0.00018750002
9020,0.00033667503
9021,3.6750005e-06
9022,4.8000006e-06
9023,3.0000004e-07
9024,9.075001e-06
9025,5.0700004e-05
9026,0.00012607501
9027,0.00015870002
9028,6.7500005e-05
9029,1.4700002e-05
9030,0.00046807507
9031,0.0015987
9032,0.002679075
9033,6.3075e-05
9034,0.00027000002
9035,0.00030720004
9036,3.3075e-05
9037,0.000279075
9038,0.0018486752
9039,0.000226875
9040,0.0022707
9041,0.0049922997
9042,0.00013867502
9043,0.0006075001
9044,1.4700002e-05
9045,1.875e-06
9046,0.00044467498
9047,0.0026226752
9048,0.006438676
9049,0.00032669998
9050,0.0022188004
9051,0.0032760752
9052,0.0013067999
9053,0.0001323
9054,0.0044286754
9055,0.0109443
9056,0.00028829998
9057,7.680001e-05
9058,4.32e-05
9059,0.00026107504
9060,0.00023520003
9061,5.4675e-05
9062,6.075e-06
9063,7.2074996e-05
9064,7.680001e-05
9065,2.1675003e-05
9066,1.875e-06
9067,1.4700002e-05
9068,1.08e-05
9069,1.2000002e-06
9070,1.875e-06
9071,1.2675001e-05
9072,3.6750005e-06
9073,8.670001e-05
9074,4.32e-05
9075,0.0007203
9076,0.0021675
9077,0.0030906748
9078,0.0022707
9079,0.00049207505
9080,0.000226875
9081,0.00032669998
9082,0.004002075
9083,0.009135076
9084,0.010490701
9085,0.006660301
9086,0.0016650752
9087,3.3075e-05
9088,0.0018486752
9089,0.0037296754
9090,0.003402675
9091,0.001710075
9092,6.75e-07
9093,1.2000002e-06
9094,0.00034680005
9095,0.0019440751
9096,0.0043200003
9097,0.0053067002
9098,0.0034668753
9099,2.1675003e-05
9100,0.0010092
9101,0.0002523
9102,0.00042187504
9103,0.0060492004
9104,0.014322677
9105,0.0157323
9106,0.0077763004
9107,0.000399675
9108,0.0030000003
9109,0.011466076
9110,0.014061675
9111,3e-05
9112,9.075001e-06
9113,5.0700004e-05
9114,1.4700002e-05
9115,5.0700004e-05
9116,0.00050430006
9117,0.0013872002
9118,0.0020667
9119,0.0018252002
9120,0.0007803
9121,1.6875001e-05
9122,0.00049207505
9123,0.0019683002
9124,0.0033075
9125,0.00363
9126,0.002970075
9127,0.0018723003
9128,0.0008427
9129,0.00014520001
9130,6.7500005e-05
9131,0.001026675
9132,0.0032448003
9133,0.00030720004
9134,0.00035707498
9135,0.00046807507
9136,0.0043923
9137,0.0062640756
9138,0.0025947
9139,4.32e-05
9140,0.0006627
9141,0.0007650751
9142,0.007347675
9143,0.012301876
9144,0.008823675
9145,0.0018018751
9146,0.00050430006
9147,0.006091875
9148,0.011466076
9149,0.01083
9150,2.43e-05
9151,1.6875001e-05
9152,1.2675001e-05
9153,0.00011407501
9154,6.3075e-05
9155,5.4675e-05
9156,0.0009918751
9157,0.0029403002
9158,0.0044286754
9159,0.004002075
9160,1.2675001e-05
9161,3.3075e-05
9162,0.00014520001
9163,4.8000006e-06
9164,4.8000006e-06
9165,6.7500005e-05
9166,0.0017786999
9167,0.006438676
9168,0.011232675
9169,0.00027000002
9170,0.0013266751
9171,5.8800008e-05
9172,0.00012
9173,7.5e-06
9174,0.0009408001
9175,0.003933075
9176,0.00041070004
9177,0.004141875
9178,0.009240076
9179,0.0100467
9180,0.005187676
9181,0.00035707498
9182,0.00044467498
9183,0.0006627
9184,0.007489201
9185,0.0008586751
9186,0.0074418755
9187,0.015052802
9188,0.015255077
9189,0.007824676
9190,0.000957675
9191,0.00089107506
9192,0.0057963002
9193,0.009666075
9194,0.0095052
9195,9.72e-05
9196,0.00097470003
9197,0.0038646753
9198,0.00035707498
9199,0.002736075
9200,0.00015187502
9201,1.4700002e-05
9202,1.2675001e-05
9203,0.00015187502
9204,0.0033708
9205,0.010773076
9206,0.016497077
9207,0.00027000002
9208,0.0008748
9209,9.075001e-06
9210,4.32e-05
9211,0.0018723003
9212,0.00867
9213,0.018376876
9214,0.022276876
9215,0.00014520001
9216,7.500001e-08
9217,8.670001e-05
9218,0.0012675
9219,0.005548801
9220,0.012730801
9221,0.017641876
9222,0.00029767503
9223,0.0013668751
9224,0.0022446748
9225,0.0013266751
9226,7.5e-06
9227,0.0018960749
9228,0.007536676
9229,0.012916875
9230,0.00041070004
9231,0.00363
9232,0.009720001
9233,0.013293076
9234,0.009345674
9235,5.4675e-05
9236,0.0028518748
9237,0.0094518745
9238,0.0008748
9239,0.0094518745
9240,0.022852799
9241,0.00081120007
9242,0.0043200003
9243,0.006091875
9244,0.0030603004
9245,1.4700002e-05
9246,0.0031212
9247,0.010267501
9248,0.0136746755
9249,0.010212075
9250,0.004002075
9251,0.00041070004
9252,0.0001728
9253,0.0007803
9254,7.5e-06
9255,1.875e-06
9256,0.0
9257,3.0000004e-07
9258,2.43e-05
9259,0.00018750002
9260,0.00073507504
9261,0.002091675
9262,0.004284075
9263,0.0064827004
9264,0.006660301
9265,0.0039675003
9266,0.0005292
9267,0.00089107506
9268,0.000648675
9269,0.0074418755
9270,0.015458701
9271,0.014918702
9272,6.075e-06
9273,0.00018750002
9274,0.000316875
9275,9.72e-05
9276,3.3075e-05
9277,4.6875004e-05
9278,3.3075e-05
9279,0.0001323
9280,6.075e-06
9281,0.0003888
9282,0.0021675
9283,0.004212675
9284,0.0041772006
9285,1.2000002e-06
9286,0.000108299995
9287,0.00042187504
9288,0.00079567503
9289,0.0010092
9290,0.0009408001
9291,0.000621075
9292,0.00027000002
9293,1.875e-06
9294,3.6300004e-05
9295,6.075e-06
9296,9.187501e-05
9297,0.00032669998
9298,0.000594075
9299,0.000621075
9300,0.000316875
9301,9.075001e-06
9302,0.00023520003
9303,0.0006075001
9304,0.00073507504
9305,3.6750005e-06
9306,0.0
9307,1.6875001e-05
9308,1.2675001e-05
9309,0.000210675
9310,0.000567675
9311,0.000648675
9312,0.000279075
9313,2.7e-06
9314,8.1674996e-05
9315,0.0010092
9316,0.00010267501
9317,0.000648675
9318,2.43e-05
9319,5.8800008e-05
9320,1.2675001e-05
9321,1.9200002e-05
9322,0.00011407501
9323,0.00011407501
9324,2.7e-06
9325,9.72e-05
9326,0.00027000002
9327,0.00028829998
9328,9.187501e-05
9329,2.1675003e-05
9330,0.00045630004
9331,0.0012675
9332,0.0018486752
9333,0.0017556751
9334,9.075001e-06
9335,1.2000002e-06
9336,3.0000004e-07
9337,1.9200002e-05
9338,0.000399675
9339,0.0018960749
9340,0.0044652
9341,0.006134701
9342,0.0047628004
9343,0.0013467001
9344,0.00012607501
9345,0.0036630754
9346,0.0090306755
9347,0.0107163
9348,7.2074996e-05
9349,1.4700002e-05
9350,3.3075e-05
9351,0.0003888
9352,0.0006627
9353,1.875e-06
9354,1.9200002e-05
9355,0.000165675
9356,0.00046807507
9357,0.00079567503
9358,0.000924075
9359,1.4700002e-05
9360,1.2675001e-05
9361,0.00020280002
9362,0.00045630004
9363,9.075001e-06
9364,2.43e-05
9365,1.2675001e-05
9366,1.2000002e-06
9367,6.3075e-05
9368,0.0002187
9369,0.00041070004
9370,0.000541875
9371,0.00058080006
9372,0.0005547001
9373,0.00048
9374,0.00034680005
9375,0.0001728
9376,1.2675001e-05
9377,0.00010267501
9378,0.000676875
9379,0.0016875002
9380,0.00012
9381,0.00013867502
9382,0.0018723003
9383,0.0002187
9384,0.0016206751
9385,0.0024570748
9386,0.0013266751
9387,5.8800008e-05
9388,0.0015552
9389,0.00029767503
9390,0.0033708
9391,0.00049207505
9392,0.004575675
9393,0.00043319998
9394,0.002736075
9395,0.0033708
9396,0.000957675
9397,0.00027000002
9398,0.004800675
9399,0.011290802
9400,0.0126075
9401,0.0072075003
9402,0.0012288002
9403,0.00033667503
9404,0.0032448003
9405,0.0049922997
9406,0.0035970751
9407,0.001171875
9408,6.7500005e-05
9409,4.32e-05
9410,7.500001e-08
9411,2.7074999e-05
9412,0.000541875
9413,0.0014490751
9414,5.4675e-05
9415,0.00027000002
9416,0.00030720004
9417,5.0700004e-05
9418,0.000180075
9419,0.0014490751
9420,0.000210675
9421,0.0021930751
9422,0.004800675
9423,0.00012607501
9424,4.6875004e-05
9425,0.0003888
9426,0.00046807507
9427,0.00010267501
9428,0.00014520001
9429,0.00015187502
9430,0.0018960749
9431,0.0002523
9432,0.0022446748
9433,0.0041067
9434,0.003151875
9435,0.00058080006
9436,0.00044467498
9437,0.0038307
9438,0.0068403
9439,0.005548801
9440,3.6750005e-06
9441,5.8800008e-05
9442,0.000594075
9443,0.001098075
9444,0.00097470003
9445,0.00041070004
9446,1.9200002e-05
9447,0.000108299995
9448,0.0003888
9449,0.00045630004
9450,0.00029767503
9451,0.0001323
9452,6.7500005e-05
9453,7.2074996e-05
9454,0.00011407501
9455,2.7e-06
9456,7.500001e-08
9457,4.6875004e-05
9458,0.00035707498
9459,0.001026675
9460,6.3075e-05
9461,0.00042187504
9462,0.000567675
9463,6.75e-07
9464,2.1675003e-05
9465,0.000316875
9466,2.7074999e-05
9467,7.5e-06
9468,3.0000004e-07
9469,6.075e-06
9470,4.32e-05
9471,3.6300004e-05
9472,9.075001e-06
9473,0.00035707498
9474,0.0012675
9475,0.0019926752
9476,0.0014076749
9477,0.0001728
9478,0.00015870002
9479,0.0024570748
9480,0.00029767503
9481,0.0022188004
9482,0.0032136752
9483,0.0015336752
9484,3.0000004e-07
9485,0.0017556751
9486,0.004800675
9487,0.0046500755
9488,0.0014700001
9489,0.00015187502
9490,0.0023763
9491,0.0042483
9492,0.0031212
9493,0.000676875
9494,0.00010267501
9495,0.001171875
9496,4.6875004e-05
9497,0.00010267501
9498,4.6875004e-05
9499,1.875e-06
9500,1.2000002e-06
9501,0.00011407501
9502,0.0008748
9503,0.0026226752
9504,0.0041772006
9505,0.0034668753
9506,0.0008586751
9507,0.00041070004
9508,0.0058800005
9509,0.014718674
9510,0.018825075
9511,0.013419676
9512,0.0036963
9513,0.000165675
9514,0.0008748
9515,0.009774076
9516,0.019126875
9517,0.00041070004
9518,0.0019440751
9519,0.0036963
9520,0.003933075
9521,0.0024300003
9522,1.875e-06
9523,0.00010267501
9524,0.00023520003
9525,4.32e-05
9526,0.0011163
9527,0.0051090755
9528,0.0115248
9529,0.000594075
9530,0.00043319998
9531,0.0040368
9532,0.0049922997
9533,0.000924075
9534,0.0020172002
9535,0.0015987
9536,0.018228674
9537,0.036645077
9538,0.033166878
9539,1.875e-06
9540,0.0019440751
9541,0.0056718756
9542,0.00037807503
9543,0.004071675
9544,0.0007650751
9545,0.008118075
9546,0.0008748
9547,0.005838076
9548,0.00768
9549,0.0027936753
9550,0.00037807503
9551,0.0069768755
9552,0.0151875
9553,0.015120075
9554,1.2675001e-05
9555,1.2675001e-05
9556,1.875e-06
9557,1.2000002e-06
9558,1.2000002e-06
9559,3e-05
9560,3.6300004e-05
9561,0.00073507504
9562,0.0024570748
9563,0.0038988001
9564,5.8800008e-05
9565,0.00014520001
9566,5.4675e-05
9567,3.6300004e-05
9568,0.00012607501
9569,0.000226875
9570,0.002679075
9571,0.004800675
9572,0.003151875
9573,0.000180075
9574,0.00045630004
9575,0.006438676
9576,0.013546877
9577,0.012916875
9578,0.0049152006
9579,6.75e-07
9580,0.0056306995
9581,0.016497077
9582,0.020750703
9583,0.0001728
9584,0.00048
9585,0.0009918751
9586,0.000924075
9587,0.000165675
9588,0.00032669998
9589,0.0027648
9590,0.00036750003
9591,0.0035970751
9592,0.00768
9593,0.007970701
9594,0.003933075
9595,6.7500005e-05
9596,0.0001728
9597,0.001710075
9598,0.0033390748
9599,0.0034668753
9600,0.0022707
9601,0.000924075
9602,0.00023520003
9603,5.8800008e-05
9604,7.680001e-05
9605,0.000195075
9606,0.000279075
9607,0.000108299995
9608,6.7500005e-05
9609,0.001287075
9610,0.0041067
9611,0.0067950753
9612,0.006660301
9613,0.003402675
9614,5.0700004e-05
9615,0.0014282999
9616,0.00363
9617,0.000195075
9618,0.0018018751
9619,0.004212675
9620,0.0046127997
9621,0.0021675
9622,3.9675004e-05
9623,0.00029767503
9624,0.00363
9625,0.0067950753
9626,8.670001e-05
9627,0.00012
9628,3.3075e-05
9629,3.3075e-05
9630,0.00029767503
9631,1.4700002e-05
9632,7.500001e-08
9633,0.000108299995
9634,0.000826875
9635,0.002142075
9636,8.1674996e-05
9637,0.0002523
9638,9.075001e-06
9639,0.0008427
9640,0.004356075
9641,0.000567675
9642,0.005589675
9643,0.00050430006
9644,0.002679075
9645,2.7074999e-05
9646,0.0001323
9647,0.002142075
9648,0.0073008006
9649,0.0124848
9650,0.012362699
9651,0.0064827004
9652,6.7500005e-05
9653,0.0018723003
9654,0.0043923
9655,0.0058800005
9656,0.006006675
9657,0.005187676
9658,0.0038988001
9659,0.0024570748
9660,0.0010092
9661,6.3075e-05
9662,0.000399675
9663,0.0023763
9664,0.00507
9665,0.006615675
9666,0.00011407501
9667,0.000648675
9668,0.0013266751
9669,1.4700002e-05
9670,3.0000004e-07
9671,9.72e-05
9672,5.0700004e-05
9673,0.0005547001
9674,0.000924075
9675,0.00045630004
9676,6.075e-06
9677,0.00014520001
9678,0.0017327999
9679,0.0029403002
9680,0.0016206751
9681,1.2000002e-06
9682,0.0024843
9683,0.0085683
9684,0.00044467498
9685,0.000226875
9686,0.00014520001
9687,0.0006912
9688,0.000180075
9689,0.0001728
9690,0.003151875
9691,0.0069768755
9692,0.006091875
9693,0.0013467001
9694,0.000648675
9695,0.0068856752
9696,0.012362699
9697,0.009345674
9698,0.0020172002
9699,0.000541875
9700,0.0006627
9701,0.005548801
9702,0.008019675
9703,0.0043200003
9704,0.00024367501
9705,0.0013266751
9706,0.0044286754
9707,6.3075e-05
9708,2.1675003e-05
9709,3.3075e-05
9710,0.00027000002
9711,1.6875001e-05
9712,5.4675e-05
9713,3.0000004e-07
9714,9.075001e-06
9715,0.000165675
9716,3.6300004e-05
9717,0.00043319998
9718,7.680001e-05
9719,9.187501e-05
9720,0.0011531999
9721,0.0023232002
9722,0.0018486752
9723,0.00027000002
9724,0.000594075
9725,0.0044286754
9726,0.009135076
9727,0.010267501
9728,0.0065712007
9729,0.0017327999
9730,3e-05
9731,0.00029767503
9732,0.0033708
9733,0.007489201
9734,0.009398701
9735,0.0001728
9736,0.0013872002
9737,0.0038646753
9738,0.000165675
9739,0.0007056751
9740,0.00045630004
9741,7.680001e-05
9742,0.00029767503
9743,0.0044652
9744,0.010490701
9745,0.000316875
9746,0.0015336752
9747,0.0020418752
9748,0.0008427
9749,3.3075e-05
9750,0.0022188004
9751,0.0062208
9752,0.0077763004
9753,0.004800675
9754,0.00075000006
9755,0.00058080006
9756,0.0046127997
9757,0.008019675
9758,0.00012
9759,2.43e-05
9760,1.4700002e-05
9761,6.3075e-05
9762,6.075e-06
9763,3e-05
9764,0.000516675
9765,7.2074996e-05
9766,5.8800008e-05
9767,0.000594075
9768,0.0009918751
9769,0.000648675
9770,5.0700004e-05
9771,0.00033667503
9772,0.00192
9773,0.00020280002
9774,0.00192
9775,0.0040368
9776,0.0038307
9777,0.0013266751
9778,2.1675003e-05
9779,0.0021675
9780,0.00032669998
9781,0.0027075
9782,0.00024367501
9783,0.0019440751
9784,0.003796875
9785,0.0038307
9786,0.0019926752
9787,0.0002523
9788,0.00026107504
9789,0.0001728
9790,0.0019440751
9791,0.004356075
9792,0.0053067002
9793,0.003933075
9794,2.7e-06
9795,7.500001e-08
9796,4.6875004e-05
9797,0.000210675
9798,0.0002187
9799,4.8000006e-06
9800,0.000108299995
9801,0.0021930751
9802,0.00046807507
9803,0.0049152006
9804,0.00050430006
9805,0.00028829998
9806,0.00015870002
9807,0.000676875
9808,3.6750005e-06
9809,0.0005547001
9810,0.0021930751
9811,0.00015870002
9812,0.0011531999
9813,0.0019683002
9814,2.1675003e-05
9815,6.75e-07
9816,6.75e-07
9817,2.7e-06
9818,0.00012607501
9819,0.0006075001
9820,9.72e-05
9821,0.00013867502
9822,0.000210675
9823,0.0022188004
9824,0.0036963
9825,0.002142075
9826,8.670001e-05
9827,0.0022707
9828,0.006091875
9829,0.000279075
9830,0.000180075
9831,0.0017786999
9832,0.0025668752
9833,0.000924075
9834,0.00015870002
9835,0.00363
9836,0.00046807507
9837,0.0034668753
9838,0.0051483
9839,9.075001e-06
9840,2.7074999e-05
9841,0.00045630004
9842,0.0011531999
9843,0.0014490751
9844,1.6875001e-05
9845,1.2675001e-05
9846,0.00024367501
9847,0.000621075
9848,0.000594075
9849,9.187501e-05
9850,0.00033667503
9851,0.0026508
9852,0.006006675
9853,0.0071610743
9854,3.3075e-05
9855,6.75e-07
9856,9.72e-05
9857,0.00075000006
9858,0.0022446748
9859,0.0037632005
9860,0.0037632005
9861,0.0020172002
9862,0.00023520003
9863,0.00030720004
9864,0.0018252002
9865,0.000108299995
9866,0.0007056751
9867,0.0012288002
9868,0.0010092
9869,7.500001e-08
9870,4.32e-05
9871,7.2074996e-05
9872,7.500001e-08
9873,3.6300004e-05
9874,2.1675003e-05
9875,0.000399675
9876,0.0012096752
9877,0.0017327999
9878,0.0012288002
9879,0.00018750002
9880,0.00012
9881,0.0021168
9882,0.0054675005
9883,0.0071147997
9884,7.680001e-05
9885,2.1675003e-05
9886,0.00027000002
9887,0.00043319998
9888,0.000180075
9889,2.1675003e-05
9890,9.72e-05
9891,0.0013266751
9892,0.003151875
9893,0.003933075
9894,0.002970075
9895,1.875e-06
9896,7.500001e-08
9897,9.075001e-06
9898,2.7074999e-05
9899,6.75e-07
9900,0.00015187502
9901,0.0009408001
9902,0.00015187502
9903,0.0017786999
9904,0.004284075
9905,0.0051483
9906,0.0031827001
9907,0.000541875
9908,0.00033667503
9909,0.00035707498
9910,0.004284075
9911,0.0099372
9912,0.0118803
9913,0.0077280756
9914,0.0016428002
9915,0.00041070004
9916,0.000676875
9917,0.00081120007
9918,0.008823675
9919,0.0164268
9920,0.012792675
9921,0.0027075
9922,0.001026675
9923,0.0113490755
9924,0.020202074
9925,0.015801076
9926,0.0042483
9927,0.000226875
9928,0.0008748
9929,0.0084672
9930,0.014586076
9931,0.012060075
9932,0.0045387005
9933,0.00011407501
9934,0.0016206751
9935,9.187501e-05
9936,6.3075e-05
9937,0.00012607501
9938,0.0019926752
9939,0.0052271998
9940,0.006438676
9941,0.003933075
9942,0.000567675
9943,0.00050430006
9944,0.0034668753
9945,0.005187676
9946,0.003402675
9947,0.0006627
9948,0.00010267501
9949,0.001098075
9950,0.0011346751
9951,0.0001728
9952,0.00030720004
9953,0.00015870002
9954,0.00012
9955,6.7500005e-05
9956,0.00035707498
9957,0.0002187
9958,2.1675003e-05
9959,0.0005292
9960,0.0013067999
9961,0.0014490751
9962,0.00073507504
9963,1.9200002e-05
9964,5.8800008e-05
9965,0.00073507504
9966,0.001710075
9967,0.0020418752
9968,0.0012675
9969,0.00020280002
9970,0.000180075
9971,0.0015552
9972,0.0030906748
9973,0.0031827001
9974,1.08e-05
9975,6.075e-06
9976,1.2675001e-05
9977,1.08e-05
9978,1.2000002e-06
9979,0.00010267501
9980,0.000516675
9981,0.0013067999
9982,0.000108299995
9983,0.0001323
9984,0.0016428002
9985,0.0030603004
9986,0.0019683002
9987,6.3075e-05
9988,0.00036750003
9989,0.0051090755
9990,0.000594075
9991,0.0044652
9992,0.0072075003
9993,0.004725075
9994,0.0006075001
9995,0.00081120007
9996,0.004800675
9997,0.0002523
9998,0.0013668751
9999,0.0021930751
10000,3.3075e-05
10001,0.000165675
10002,0.00041070004
10003,1.9200002e-05
10004,0.0001323
10005,9.075001e-06
10006,1.875e-06
10007,7.500001e-08
10008,2.7e-06
10009,3.6300004e-05
10010,0.00014520001
10011,2.1675003e-05
10012,0.000279075
10013,0.0008586751
10014,0.0014076749
10015,0.0014282999
10016,0.000826875
10017,0.00011407501
10018,6.7500005e-05
10019,0.0011907001
10020,0.0033390748
10021,0.0051483
10022,0.0001323
10023,0.0008427
10024,0.0016206751
10025,0.0011531999
10026,7.2074996e-05
10027,0.00079567503
10028,0.0037632005
10029,0.0059643
10030,7.2074996e-05
10031,0.00020280002
10032,0.00032669998
10033,0.00029767503
10034,0.00015187502
10035,2.7074999e-05
10036,4.8000006e-06
10037,9.075001e-06
10038,0.0001323
10039,0.00041070004
10040,0.00073507504
10041,0.0008748
10042,0.000676875
10043,0.000279075
10044,1.9200002e-05
10045,1.08e-05
10046,6.075e-06
10047,2.1675003e-05
10048,6.75e-07
10049,3.9675004e-05
10050,0.00015870002
10051,3.6750005e-06
10052,3.0000004e-07
10053,5.8800008e-05
10054,0.00049207505
10055,0.00012
10056,0.000210675
10057,0.0028518748
10058,0.00037807503
10059,0.002970075
10060,0.0045018755
10061,0.0021930751
10062,1.2675001e-05
10063,0.0044652
10064,0.014322677
10065,0.0007650751
10066,0.005427075
10067,0.00044467498
10068,0.0027075
10069,0.0032448003
10070,0.00097470003
10071,0.00020280002
10072,0.00041070004
10073,0.0046500755
10074,0.009240076
10075,0.000210675
10076,0.0011531999
10077,0.0023763
10078,0.002511675
10079,0.001171875
10080,1.4700002e-05
10081,0.001062075
10082,0.003933075
10083,0.0056718756
10084,0.004212675
10085,0.0011907001
10086,0.00010267501
10087,0.0014282999
10088,8.1674996e-05
10089,0.00026107504
10090,8.670001e-05
10091,0.000108299995
10092,0.0011346751
10093,0.0023496752
10094,0.00192
10095,0.00026107504
10096,0.0002523
10097,0.0005292
10098,0.006615675
10099,0.014126699
10100,0.000316875
10101,8.1674996e-05
10102,3.9675004e-05
10103,0.00010267501
10104,1.6875001e-05
10105,0.0011163
10106,0.004356075
10107,0.007536676
10108,0.0072075003
10109,0.003151875
10110,4.32e-05
10111,0.0025392002
10112,0.009666075
10113,0.015052802
10114,0.00030720004
10115,0.0017327999
10116,0.000180075
10117,0.001062075
10118,0.00089107506
10119,7.500001e-08
10120,0.002296875
10121,0.008875201
10122,0.0139968
10123,0.011407499
10124,0.0037296754
10125,3e-05
10126,0.0049922997
10127,0.00079567503
10128,0.0007056751
10129,0.007489201
10130,0.014257201
10131,0.012301876
10132,3.0000004e-07
10133,0.0003888
10134,1.9200002e-05
10135,3.3075e-05
10136,1.2675001e-05
10137,1.2675001e-05
10138,0.00014520001
10139,0.0009918751
10140,0.003402675
10141,0.0069311997
10142,0.008721075
10143,0.0063074995
10144,0.0015123001
10145,0.000399675
10146,0.00079567503
10147,0.009774076
10148,0.021627676
10149,0.023604074
10150,0.013419676
10151,0.0022707
10152,0.00073507504
10153,0.0070227003
10154,0.011761201
10155,0.010156801
10156,0.005187676
10157,0.0015552
10158,0.00026107504
10159,4.6875004e-05
10160,5.4675e-05
10161,7.2074996e-05
10162,1.2000002e-06
10163,0.00029767503
10164,0.0018018751
10165,0.004356075
10166,0.0062208
10167,0.00014520001
10168,0.0010800001
10169,0.0027075
10170,0.0031827001
10171,0.0014490751
10172,6.075e-06
10173,0.00050430006
10174,0.0009408001
10175,0.0124236755
10176,0.028090801
10177,0.00081120007
10178,0.000316875
10179,0.0025392002
10180,0.0028518748
10181,4.6875004e-05
10182,0.00041070004
10183,0.0069768755
10184,0.019051202
10185,0.0264627
10186,0.021226801
10187,0.008217076
10188,0.00028829998
10189,0.0057546757
10190,0.00089107506
10191,0.0012096752
10192,0.017641876
10193,0.043891877
10194,0.0017327999
10195,0.0009408001
10196,0.000826875
10197,0.00046807507
10198,0.0018486752
10199,0.00027000002
10200,0.0023496752
10201,0.014851876
10202,0.028737077
10203,0.027999075
10204,2.1675003e-05
10205,0.000226875
10206,0.000676875
10207,0.0010092
10208,0.001287075
10209,0.0018018751
10210,0.0027648
10211,0.0041772006
10212,0.0056306995
10213,0.0060492004
10214,0.0046875
10215,0.0019926752
10216,5.4675e-05
10217,0.0013872002
10218,0.003933075
10219,0.0062640756
10220,0.0069768755
10221,0.005589675
10222,0.0031212
10223,0.0010092
10224,0.00010267501
10225,1.6875001e-05
10226,9.187501e-05
10227,7.680001e-05
10228,5.4675e-05
10229,9.075001e-06
10230,0.00033667503
10231,0.0016428002
10232,0.0002523
10233,0.002970075
10234,0.0074418755
10235,0.009345674
10236,0.006526875
10237,0.0018723003
10238,2.1675003e-05
10239,0.00035707498
10240,0.0045018755
10241,0.01083
10242,0.000594075
10243,0.000648675
10244,0.0010092
10245,0.011290802
10246,0.020124301
10247,0.013546877
10248,0.0013067999
10249,0.0013467001
10250,0.018825075
10251,0.0386643
10252,0.0008748
10253,0.004002075
10254,0.006526875
10255,0.0045387005
10256,0.000516675
10257,0.0015336752
10258,0.009240076
10259,0.00073507504
10260,0.0052668746
10261,0.008823675
10262,0.0063074995
10263,0.0011346751
10264,0.00029767503
10265,0.0036963
10266,0.006006675
10267,0.004071675
10268,0.00089107506
10269,2.43e-05
10270,0.000567675
10271,0.00036750003
10272,3.6750005e-06
10273,0.0006075001
10274,0.0010092
10275,0.0002523
10276,0.00034680005
10277,0.003151875
10278,0.0060492004
10279,0.00507
10280,0.0013467001
10281,0.000195075
10282,0.0028518748
10283,0.0050310753
10284,0.00363
10285,0.0007650751
10286,0.00013867502
10287,0.0016428002
10288,0.0021675
10289,0.0008427
10290,4.8000006e-06
10291,0.0010800001
10292,0.0024300003
10293,0.002091675
10294,0.000648675
10295,3.9675004e-05
10296,5.4675e-05
10297,0.00041070004
10298,0.000648675
10299,0.000594075
10300,0.00044467498
10301,9.075001e-06
10302,0.00015870002
10303,0.00058080006
10304,0.0008748
10305,0.0005547001
10306,3.3075e-05
10307,0.00030720004
10308,0.0014282999
10309,0.002142075
10310,0.0015768749
10311,0.00042187504
10312,3.9675004e-05
10313,0.00048
10314,0.0006627
10315,0.00027000002
10316,4.8000006e-06
10317,0.000516675
10318,0.0013266751
10319,0.0013872002
10320,7.500001e-08
10321,6.3075e-05
10322,0.00027000002
10323,3e-05
10324,0.00034680005
10325,0.0008748
10326,0.0011346751
10327,0.000826875
10328,0.00029767503
10329,1.6875001e-05
10330,4.6875004e-05
10331,0.0001728
10332,0.00024367501
10333,0.000279075
10334,0.00033667503
10335,0.00042187504
10336,0.00044467498
10337,2.7e-06
10338,3.0000004e-07
10339,6.075e-06
10340,4.32e-05
10341,2.7e-06
10342,7.500001e-08
10343,3.6300004e-05
10344,0.0002187
10345,0.00046807507
10346,0.000399675
10347,3.9675004e-05
10348,0.00027000002
10349,0.00015187502
10350,0.000180075
10351,0.0017786999
10352,0.0028518748
10353,0.0016875002
10354,3e-05
10355,0.000648675
10356,0.0010092
10357,0.00045630004
10358,7.500001e-08
10359,0.00048
10360,0.0010092
10361,1.2000002e-06
10362,9.187501e-05
10363,0.00063480006
10364,0.0015552
10365,0.002142075
10366,3.3075e-05
10367,0.00014520001
10368,0.00024367501
10369,7.500001e-08
10370,5.0700004e-05
10371,0.00043319998
10372,0.0013872002
10373,0.0026508
10374,0.0031827001
10375,3.3075e-05
10376,9.187501e-05
10377,1.2000002e-06
10378,9.075001e-06
10379,0.00018750002
10380,0.0007203
10381,0.0012675
10382,0.0011531999
10383,0.00045630004
10384,2.7e-06
10385,0.000279075
10386,0.000621075
10387,0.00035707498
10388,2.43e-05
10389,0.0005292
10390,0.0011907001
10391,0.0010443002
10392,0.00020280002
10393,0.000195075
10394,0.0017786999
10395,0.0001728
10396,0.001287075
10397,0.0020172002
10398,0.0012480749
10399,0.00012607501
10400,0.00024367501
10401,7.680001e-05
10402,0.00044467498
10403,0.00042187504
10404,6.75e-07
10405,2.7e-06
10406,3.0000004e-07
10407,6.7500005e-05
10408,3.9675004e-05
10409,0.00046807507
10410,3e-05
10411,4.8000006e-06
10412,1.875e-06
10413,1.4700002e-05
10414,6.3075e-05
10415,1.9200002e-05
10416,7.2074996e-05
10417,8.1674996e-05
10418,0.001026675
10419,8.670001e-05
10420,0.00036750003
10421,0.00014520001
10422,7.680001e-05
10423,0.0017556751
10424,0.00033667503
10425,0.0032136752
10426,0.006134701
10427,0.0050310753
10428,0.0012480749
10429,0.000279075
10430,0.0005547001
10431,0.006526875
10432,0.014322677
10433,0.016077677
10434,9.187501e-05
10435,9.075001e-06
10436,1.2675001e-05
10437,3.3075e-05
10438,2.43e-05
10439,0.000924075
10440,0.0036630754
10441,0.00033667503
10442,0.0028812
10443,0.005427075
10444,0.0043923
10445,0.0010443002
10446,0.000226875
10447,0.0033708
10448,0.00032669998
10449,0.0024843
10450,0.000226875
10451,0.0018486752
10452,0.000180075
10453,0.0013266751
10454,9.187501e-05
10455,0.00044467498
10456,0.0003888
10457,1.4700002e-05
10458,0.0005547001
10459,0.0017786999
10460,0.0026226752
10461,0.002091675
10462,0.000621075
10463,3e-05
10464,0.0013266751
10465,0.0033708
10466,0.0001323
10467,8.1674996e-05
10468,8.670001e-05
10469,5.8800008e-05
10470,1.9200002e-05
10471,0.0
10472,9.187501e-05
10473,0.000621075
10474,0.0013668751
10475,0.0013872002
10476,0.00048
10477,3e-05
10478,0.001287075
10479,0.0034668753
10480,0.0044652
10481,0.0032448003
10482,0.0011907001
10483,5.0700004e-05
10484,0.00027000002
10485,0.00097470003
10486,5.8800008e-05
10487,0.0006627
10488,0.0022707
10489,0.0044286754
10490,0.0056718756
10491,0.004575675
10492,0.0017786999
10493,9.075001e-06
10494,0.0016428002
10495,0.0059643
10496,0.0095052
10497,0.00023520003
10498,0.0017786999
10499,0.00028829998
10500,0.0028227004
10501,0.005346675
10502,0.004002075
10503,4.6875004e-05
10504,0.0020667
10505,0.0005292
10506,0.0067500006
10507,0.017208075
10508,0.0007650751
10509,0.00045630004
10510,0.0039675003
10511,0.00012607501
10512,3e-05
10513,0.0007203
10514,0.0053868005
10515,0.012730801
10516,0.0005292
10517,0.0034347004
10518,0.0057546757
10519,0.0038307
10520,0.00030720004
10521,0.0018252002
10522,0.009720001
10523,0.0008748
10524,0.007824676
10525,0.016708802
10526,0.017352076
10527,0.008068801
10528,0.00023520003
10529,0.0046875
10530,0.017934076
10531,0.025666876
10532,0.0198147
10533,0.0071147997
10534,0.000226875
10535,0.00036750003
10536,0.0030300752
10537,0.0049152006
10538,0.0037632005
10539,0.001171875
10540,0.0
10541,0.000826875
10542,0.0016428002
10543,0.0009075
10544,3.0000004e-07
10545,0.0014490751
10546,0.0003888
10547,0.0038646753
10548,0.00032669998
10549,0.0017556751
10550,0.001491075
10551,2.1675003e-05
10552,0.00043319998
10553,0.006091875
10554,0.012120301
10555,0.009612301
10556,0.0018486752
10557,0.0011346751
10558,0.009720001
10559,0.015052802
10560,0.008772301
10561,0.00050430006
10562,0.0036963
10563,0.01452
10564,0.0168507
10565,0.0068856752
10566,4.8000006e-06
10567,0.0084672
10568,0.0014076749
10569,0.0107163
10570,0.016708802
10571,0.010490701
10572,0.0011163
10573,0.0024030753
10574,0.0124236755
10575,0.016708802
10576,0.009612301
10577,0.0010800001
10578,0.000516675
10579,0.005548801
10580,0.008068801
10581,0.004212675
10582,0.0001323
10583,0.0022188004
10584,0.0076320753
10585,0.008772301
10586,0.004141875
10587,0.0001323
10588,0.0020418752
10589,0.007394701
10590,0.009666075
10591,0.0064827004
10592,0.0017786999
10593,0.000108299995
10594,0.0013668751
10595,7.680001e-05
10596,0.00044467498
10597,0.00081120007
10598,2.7074999e-05
10599,0.000210675
10600,3.3075e-05
10601,0.000316875
10602,0.0006627
10603,0.000676875
10604,0.00037807503
10605,8.670001e-05
10606,4.8000006e-06
10607,5.4675e-05
10608,8.670001e-05
10609,0.000108299995
10610,1.2675001e-05
10611,0.00028829998
10612,9.72e-05
10613,0.0012480749
10614,0.0027936753
10615,0.0026226752
10616,0.0007203
10617,0.00020280002
10618,0.003402675
10619,0.008118075
10620,0.009666075
10621,0.0062208
10622,1.4700002e-05
10623,0.00073507504
10624,0.0017786999
10625,0.0025668752
10626,0.0030000003
10627,0.003151875
10628,0.0028518748
10629,0.0019440751
10630,0.000676875
10631,6.75e-07
10632,0.001098075
10633,0.00033667503
10634,0.0041067
10635,0.0006075001
10636,0.000567675
10637,0.0057131997
10638,0.00036750003
10639,0.001491075
10640,0.0010092
10641,0.0
10642,0.0017786999
10643,0.0057131997
10644,0.007068676
10645,0.004002075
10646,0.00041070004
10647,0.0002523
10648,0.002970075
10649,0.0051483
10650,0.0039675003
10651,0.0011907001
10652,7.500001e-08
10653,9.72e-05
10654,0.0007056751
10655,0.00081120007
10656,0.00032669998
10657,7.5e-06
10658,5.4675e-05
10659,2.7e-06
10660,0.00014520001
10661,3.9675004e-05
10662,0.00033667503
10663,0.00044467498
10664,0.00012607501
10665,7.680001e-05
10666,0.0008748
10667,0.0017556751
10668,0.0015123001
10669,0.00041070004
10670,4.6875004e-05
10671,0.0010092
10672,0.0019683002
10673,0.0016206751
10674,0.00044467498
10675,2.43e-05
10676,0.00079567503
10677,0.0016428002
10678,3.3075e-05
10679,0.00015870002
10680,0.00032669998
10681,0.00035707498
10682,7.500001e-08
10683,3.9675004e-05
10684,0.000279075
10685,7.2074996e-05
10686,0.0010092
10687,0.000180075
10688,0.0017327999
10689,0.00015187502
10690,0.00089107506
10691,0.0009918751
10692,9.075001e-06
10693,0.0006075001
10694,0.0024570748
10695,0.0051090755
10696,0.0071147997
10697,0.0069768755
10698,0.0045387005
10699,0.0012675
10700,7.680001e-05
10701,0.0034668753
10702,0.0110592
10703,0.018376876
10704,0.019660803
10705,0.01323
10706,0.0040368
10707,2.7e-06
10708,0.003933075
10709,0.010546875
10710,0.0124848
10711,0.008167501
10712,0.0024570748
10713,7.2074996e-05
10714,0.0006627
10715,1.2000002e-06
10716,7.680001e-05
10717,0.00041070004
10718,3e-05
10719,0.000165675
10720,0.000195075
10721,4.32e-05
10722,5.4675e-05
10723,0.0006075001
10724,0.001710075
10725,0.0030000003
10726,0.0038307
10727,0.0036630754
10728,0.002296875
10729,0.000516675
10730,0.000180075
10731,0.0028812
10732,0.00768
10733,0.0107163
10734,0.008517676
10735,0.002910675
10736,3.6750005e-06
10737,0.0033708
10738,0.0090828
10739,0.010267501
10740,2.43e-05
10741,1.875e-06
10742,6.75e-07
10743,4.8000006e-06
10744,1.875e-06
10745,5.0700004e-05
10746,0.000279075
10747,0.0008748
10748,0.0017556751
10749,0.0023763
10750,0.0019440751
10751,0.000567675
10752,0.0001323
10753,0.002970075
10754,0.00867
10755,0.012854701
10756,0.0110592
10757,0.0045018755
10758,7.680001e-05
10759,0.0028518748
10760,0.00075000006
10761,0.0073008006
10762,0.014851876
10763,0.014851876
10764,0.007347675
10765,0.00073507504
10766,0.00037807503
10767,0.0042483
10768,0.0071610743
10769,0.005548801
10770,0.0017786999
10771,4.8000006e-06
10772,0.00014520001
10773,0.0011163
10774,0.0012675
10775,3.6750005e-06
10776,0.00033667503
10777,0.0011346751
10778,0.0017327999
10779,0.0014282999
10780,3.0000004e-07
10781,0.0001323
10782,3.9675004e-05
10783,0.00058080006
10784,0.0016428002
10785,0.0024843
10786,0.0023232002
10787,0.0013467001
10788,0.00036750003
10789,1.2000002e-06
10790,0.00018750002
10791,0.000594075
10792,5.4675e-05
10793,0.00075000006
10794,0.0024030753
10795,0.0038307
10796,0.0033708
10797,0.0012096752
10798,6.075e-06
10799,0.0017556751
10800,0.004876875
10801,0.000180075
10802,0.0010092
10803,0.0015768749
10804,0.0009918751
10805,6.3075e-05
10806,0.0005292
10807,0.002511675
10808,0.0040368
10809,0.0033708
10810,0.0011531999
10811,7.5e-06
10812,0.0018252002
10813,0.0057131997
10814,0.008517676
10815,0.00768
10816,0.0037296754
10817,0.00030720004
10818,0.001098075
10819,0.006091875
10820,0.011116875
10821,0.0115248
10822,0.0070227003
10823,1.08e-05
10824,0.00050430006
10825,0.0009075
10826,0.000924075
10827,0.00079567503
10828,0.00073507504
10829,0.0008427
10830,0.0009918751
10831,0.0009918751
10832,0.000648675
10833,0.00014520001
10834,3.3075e-05
10835,0.000567675
10836,0.0013668751
10837,0.0015987
10838,0.0010092
10839,0.000210675
10840,2.7074999e-05
10841,0.00029767503
10842,0.00036750003
10843,9.72e-05
10844,4.6875004e-05
10845,0.00058080006
10846,0.0012288002
10847,0.0012288002
10848,0.000567675
10849,1.6875001e-05
10850,0.00032669998
10851,0.0014282999
10852,0.0026508
10853,0.0033075
10854,0.0032136752
10855,0.0024570748
10856,0.001287075
10857,0.0002523
10858,9.187501e-05
10859,0.0014700001
10860,0.00030720004
10861,0.0039675003
10862,0.010434675
10863,0.0139968
10864,0.0001728
10865,0.000594075
10866,0.0009075
10867,0.0003888
10868,9.72e-05
10869,0.0027648
10870,0.0090306755
10871,0.014851876
10872,0.014718674
10873,0.008068801
10874,0.001171875
10875,0.000957675
10876,0.0007650751
10877,0.008217076
10878,0.0009075
10879,0.007536676
10880,0.013867501
10881,0.011761201
10882,0.0038988001
10883,0.0
10884,0.0028518748
10885,0.006134701
10886,0.004838701
10887,0.0015123001
10888,3.9675004e-05
10889,7.2074996e-05
10890,6.075e-06
10891,0.0010443002
10892,0.0038988001
10893,0.00507
10894,0.002091675
10895,0.00012
10896,0.006526875
10897,0.018600302
10898,0.023772677
10899,0.014985676
10900,0.0024300003
10901,0.0017327999
10902,0.014257201
10903,0.025143076
10904,0.00043319998
10905,0.0018252002
10906,0.0033390748
10907,0.0030000003
10908,0.0009075
10909,8.670001e-05
10910,0.0025668752
10911,0.0062640756
10912,0.007254075
10913,3.9675004e-05
10914,5.0700004e-05
10915,8.1674996e-05
10916,4.6875004e-05
10917,1.875e-06
10918,0.0001728
10919,0.0005292
10920,0.0006627
10921,0.000399675
10922,6.3075e-05
10923,1.6875001e-05
10924,7.5e-06
10925,1.2675001e-05
10926,3.6750005e-06
10927,9.72e-05
10928,0.000226875
10929,0.00018750002
10930,1.875e-06
10931,8.670001e-05
10932,0.0002187
10933,0.0002523
10934,0.00015187502
10935,0.0
10936,6.75e-07
10937,5.0700004e-05
10938,0.0002523
10939,0.00050430006
10940,0.00048
10941,0.00015187502
10942,1.08e-05
10943,0.00036750003
10944,0.0007803
10945,0.0006627
10946,6.75e-07
10947,4.32e-05
10948,2.7074999e-05
10949,3.6300004e-05
10950,0.0006075001
10951,0.0019440751
10952,0.0030000003
10953,0.0024030753
10954,6.075e-06
10955,0.000541875
10956,0.0019440751
10957,0.0034992
10958,0.004071675
10959,0.0030300752
10960,0.0012288002
10961,9.187501e-05
10962,0.00020280002
10963,0.0009075
10964,4.6875004e-05
10965,0.000399675
10966,0.0010092
10967,0.0014700001
10968,3e-05
10969,0.00015187502
10970,0.00027000002
10971,1.875e-06
10972,7.500001e-08
10973,7.500001e-08
10974,4.8000006e-06
10975,7.2074996e-05
10976,0.00030720004
10977,0.000621075
10978,0.000676875
10979,0.000279075
10980,7.5e-06
10981,0.0007650751
10982,0.002511675
10983,0.0039675003
10984,0.0036963
10985,1.08e-05
10986,6.075e-06
10987,2.43e-05
10988,2.7074999e-05
10989,1.875e-06
10990,0.00010267501
10991,0.00049207505
10992,0.001098075
10993,0.0015552
10994,0.0014700001
10995,0.00089107506
10996,0.00027000002
10997,9.075001e-06
10998,0.0001323
10999,0.00023520003
11000,0.00026107504
11001,0.0002523
11002,0.0002523
11003,0.00027000002
11004,0.00027000002
11005,3.6750005e-06
11006,1.6875001e-05
11007,3.6300004e-05
11008,3.6300004e-05
11009,1.9200002e-05
11010,6.075e-06
11011,1.2000002e-06
11012,7.500001e-08
11013,3.0000004e-07
11014,2.1675003e-05
11015,0.00014520001
11016,0.00045630004
11017,0.0008427
11018,0.00097470003
11019,4.8000006e-06
11020,3.0000004e-07
11021,1.9200002e-05
11022,0.000165675
11023,3.9675004e-05
11024,0.00046807507
11025,0.0010092
11026,2.1675003e-05
11027,5.4675e-05
11028,3.9675004e-05
11029,6.75e-07
11030,1.875e-06
11031,1.08e-05
11032,0.0
11033,3.0000004e-07
11034,7.500001e-08
11035,1.9200002e-05
11036,0.000210675
11037,0.0007650751
11038,0.0014700001
11039,0.0016650752
11040,0.0009075
11041,2.43e-05
11042,0.0006912
11043,0.0020418752
11044,0.0030300752
11045,0.0027936753
11046,0.001491075
11047,4.8000006e-06
11048,0.00011407501
11049,0.00012
11050,7.500001e-08
11051,3.0000004e-07
11052,6.075e-06
11053,0.0001323
11054,0.00063480006
11055,0.0015123001
11056,0.002091675
11057,0.0017327999
11058,0.000648675
11059,1.875e-06
11060,0.00050430006
11061,0.0013872002
11062,0.0013872002
11063,0.000516675
11064,3.0000004e-07
11065,5.0700004e-05
11066,0.00032669998
11067,0.0001728
11068,6.3075e-05
11069,0.00018750002
11070,0.002511675
11071,0.0054675005
11072,0.005187676
11073,1.2000002e-06
11074,8.1674996e-05
11075,0.0012480749
11076,0.0034668753
11077,0.0002523
11078,0.0025668752
11079,0.0064827004
11080,0.0082668
11081,0.0056306995
11082,0.001171875
11083,0.000279075
11084,0.0047628004
11085,0.011940075
11086,0.0161472
11087,0.000316875
11088,0.0021930751
11089,0.0052271998
11090,0.0055080755
11091,3.6750005e-06
11092,0.001171875
11093,0.0052668746
11094,0.000676875
11095,0.0077763004
11096,0.001098075
11097,0.0009408001
11098,0.008316676
11099,0.0110592
11100,1.2675001e-05
11101,0.002910675
11102,0.0113490755
11103,0.019278677
11104,0.018007502
11105,1.08e-05
11106,0.00024367501
11107,0.0009408001
11108,0.0018486752
11109,0.002679075
11110,0.0030000003
11111,0.0026226752
11112,2.43e-05
11113,0.000226875
11114,0.0009075
11115,0.0016650752
11116,0.001491075
11117,0.00036750003
11118,0.00024367501
11119,0.0033390748
11120,0.008978699
11121,0.012916875
11122,0.0002187
11123,0.000957675
11124,0.0013467001
11125,0.0003888
11126,0.00035707498
11127,0.004356075
11128,0.010490701
11129,0.012301876
11130,0.0073008006
11131,0.0011346751
11132,0.0006912
11133,0.0005292
11134,0.0049922997
11135,0.009135076
11136,0.00018750002
11137,0.0009918751
11138,0.0021930751
11139,0.0026508
11140,0.0016875002
11141,0.000279075
11142,0.00020280002
11143,0.0018723003
11144,0.0002187
11145,0.00024367501
11146,0.0031827001
11147,0.007536676
11148,0.008772301
11149,0.005427075
11150,0.0010443002
11151,0.0002187
11152,0.0033390748
11153,0.00045630004
11154,0.004725075
11155,0.011761201
11156,0.015870001
11157,0.013104301
11158,0.0059220744
11159,0.000567675
11160,0.001026675
11161,0.0062640756
11162,0.012301876
11163,0.000621075
11164,0.0008427
11165,0.012979201
11166,0.0018723003
11167,0.014918702
11168,0.022195203
11169,6.075e-06
11170,0.0020172002
11171,0.010434675
11172,0.021789074
11173,0.025842678
11174,0.0174243
11175,0.0046127997
11176,0.0001323
11177,0.000826875
11178,0.008316676
11179,0.015120075
11180,0.0136107
11181,0.0063510756
11182,0.0008586751
11183,0.0001323
11184,0.0009918751
11185,7.5e-06
11186,1.2675001e-05
11187,1.6875001e-05
11188,0.0001728
11189,0.00026107504
11190,9.72e-05
11191,3.9675004e-05
11192,0.00089107506
11193,0.00023520003
11194,0.0030906748
11195,0.007873201
11196,0.0099372
11197,5.8800008e-05
11198,0.0
11199,2.7074999e-05
11200,0.00035707498
11201,0.0016206751
11202,0.00026107504
11203,0.0032136752
11204,0.007970701
11205,0.009558675
11206,0.005838076
11207,0.0009408001
11208,0.000621075
11209,0.0053868005
11210,0.010323075
11211,0.010887076
11212,0.007254075
11213,0.0028518748
11214,0.00042187504
11215,2.1675003e-05
11216,0.00037807503
11217,0.0006627
11218,0.000826875
11219,0.0011346751
11220,0.0018723003
11221,0.0031212
11222,0.0043923
11223,0.0046500755
11224,0.0032448003
11225,0.0010443002
11226,4.8000006e-06
11227,0.0015552
11228,0.005187676
11229,0.008772301
11230,0.010212075
11231,0.008772301
11232,0.005346675
11233,0.0018252002
11234,2.7074999e-05
11235,0.001287075
11236,0.005548801
11237,0.01083
11238,0.0136746755
11239,0.00023520003
11240,0.00014520001
11241,0.001710075
11242,0.0027936753
11243,0.0013067999
11244,1.2675001e-05
11245,0.0024030753
11246,0.0064827004
11247,0.007394701
11248,0.004356075
11249,0.0010092
11250,6.75e-07
11251,0.0003888
11252,0.00045630004
11253,7.500001e-08
11254,1.875e-06
11255,5.0700004e-05
11256,0.000594075
11257,0.0001323
11258,0.0014076749
11259,0.0027648
11260,3.9675004e-05
11261,3.6750005e-06
11262,1.9200002e-05
11263,1.9200002e-05
11264,4.8000006e-06
11265,6.75e-07
11266,1.6875001e-05
11267,4.32e-05
11268,8.1674996e-05
11269,0.00012607501
11270,0.00018750002
11271,1.4700002e-05
11272,0.0002187
11273,0.0007056751
11274,0.0011163
11275,1.6875001e-05
11276,3.6300004e-05
11277,3.6750005e-06
11278,2.43e-05
11279,0.000594075
11280,0.0018960749
11281,0.002910675
11282,0.0024843
11283,0.00097470003
11284,1.2675001e-05
11285,0.00010267501
11286,0.0012288002
11287,0.0001323
11288,0.0012288002
11289,0.000165675
11290,0.0016428002
11291,0.0033708
11292,0.0030000003
11293,0.00079567503
11294,0.00018750002
11295,0.0032136752
11296,0.007068676
11297,0.0071147997
11298,2.7e-06
11299,0.00014520001
11300,3.6300004e-05
11301,0.00041070004
11302,0.000924075
11303,0.0010092
11304,0.000516675
11305,4.6875004e-05
11306,8.670001e-05
11307,0.00035707498
11308,6.075e-06
11309,7.500001e-08
11310,7.500001e-08
11311,6.75e-07
11312,3.0000004e-07
11313,3.0000004e-07
11314,9.075001e-06
11315,3.3075e-05
11316,8.1674996e-05
11317,0.00015187502
11318,0.0002523
11319,0.00037807503
11320,0.00044467498
11321,6.075e-06
11322,1.9200002e-05
11323,7.5e-06
11324,2.43e-05
11325,0.00032669998
11326,0.001062075
11327,0.0018252002
11328,0.0020172002
11329,0.0014282999
11330,0.0005547001
11331,3.9675004e-05
11332,9.187501e-05
11333,4.32e-05
11334,0.00050430006
11335,0.00010267501
11336,0.0013467001
11337,0.0037632005
11338,0.005548801
11339,0.0051090755
11340,0.0027936753
11341,0.0006075001
11342,3.6300004e-05
11343,0.001098075
11344,0.0028812
11345,0.0045387005
11346,0.0057131997
11347,0.0061776754
11348,0.0055080755
11349,0.0035316749
11350,0.001098075
11351,8.670001e-05
11352,0.0017327999
11353,0.004575675
11354,0.006438676
11355,0.0057131997
11356,0.003151875
11357,0.000826875
11358,2.1675003e-05
11359,9.075001e-06
11360,3.0000004e-07
11361,3.9675004e-05
11362,0.00012
11363,3.0000004e-07
11364,3.6300004e-05
11365,4.6875004e-05
11366,0.0008748
11367,0.0026226752
11368,0.0039675003
11369,0.0035643002
11370,0.0018018751
11371,0.00028829998
11372,5.0700004e-05
11373,0.00058080006
11374,0.001062075
11375,0.0011531999
11376,0.000957675
11377,0.00073507504
11378,0.000541875
11379,0.00036750003
11380,0.0001728
11381,2.7074999e-05
11382,6.075e-06
11383,4.8000006e-06
11384,2.1675003e-05
11385,2.7e-06
11386,3.6300004e-05
11387,0.00020280002
11388,0.00028829998
11389,8.670001e-05
11390,8.1674996e-05
11391,0.0011531999
11392,0.0032760752
11393,0.004838701
11394,0.0041772006
11395,0.0017786999
11396,5.8800008e-05
11397,0.00079567503
11398,0.0029403002
11399,0.00014520001
11400,0.0010443002
11401,0.0022446748
11402,0.002736075
11403,4.32e-05
11404,4.6875004e-05
11405,0.0008427
11406,0.0022188004
11407,0.0024300003
11408,0.000826875
11409,0.00012607501
11410,0.0035643002
11411,0.0100467
11412,0.0136746755
11413,0.0103788
11414,0.0033390748
11415,7.5e-06
11416,0.0037296754
11417,0.0098826755
11418,0.00037807503
11419,0.0026508
11420,0.005838076
11421,0.0068403
11422,0.0043923
11423,0.000957675
11424,0.00020280002
11425,0.0032136752
11426,0.00045630004
11427,0.0046500755
11428,0.010773076
11429,0.0124848
11430,5.0700004e-05
11431,6.75e-07
11432,6.3075e-05
11433,0.00046807507
11434,0.000108299995
11435,0.0014282999
11436,0.0037632005
11437,0.00020280002
11438,0.00018750002
11439,0.002511675
11440,0.0056306995
11441,0.00012607501
11442,0.00029767503
11443,2.7074999e-05
11444,0.000826875
11445,0.0057546757
11446,0.00089107506
11447,0.008926875
11448,0.017208075
11449,0.012916875
11450,0.0017556751
11451,0.0012096752
11452,0.0175692
11453,0.0018486752
11454,0.0012288002
11455,0.010546875
11456,0.015255077
11457,0.0077763004
11458,0.000195075
11459,0.004212675
11460,0.013104301
11461,0.000316875
11462,0.0010443002
11463,3.9675004e-05
11464,0.00020280002
11465,0.00032669998
11466,0.000210675
11467,9.075001e-06
11468,4.32e-05
11469,0.000648675
11470,0.001491075
11471,0.0015123001
11472,0.000541875
11473,5.8800008e-05
11474,0.00014520001
11475,0.00020280002
11476,0.0022707
11477,0.0002187
11478,0.0014490751
11479,0.0021930751
11480,0.0013872002
11481,1.2675001e-05
11482,4.6875004e-05
11483,0.00050430006
11484,0.001171875
11485,0.0017556751
11486,0.0022188004
11487,0.0025392002
11488,0.0024843
11489,0.0018018751
11490,0.00063480006
11491,6.075e-06
11492,0.0013266751
11493,0.0046875
11494,0.000399675
11495,0.0039675003
11496,0.009240076
11497,0.000316875
11498,0.0017786999
11499,0.0027648
11500,6.075e-06
11501,0.000108299995
11502,0.000108299995
11503,0.00192
11504,0.0057131997
11505,0.008517676
11506,0.00014520001
11507,5.4675e-05
11508,0.000516675
11509,0.0006627
11510,0.00012607501
11511,0.00026107504
11512,0.0020667
11513,0.000210675
11514,0.0016875002
11515,0.0030906748
11516,0.0025947
11517,0.0009075
11518,3.6750005e-06
11519,0.00048
11520,0.001062075
11521,0.0007803
11522,1.875e-06
11523,5.4675e-05
11524,1.08e-05
11525,0.00012607501
11526,0.00097470003
11527,0.0023496752
11528,0.0029403002
11529,0.0018486752
11530,1.9200002e-05
11531,0.0007650751
11532,0.0022707
11533,0.00015187502
11534,0.00015187502
11535,0.0016875002
11536,0.0029403002
11537,0.0018252002
11538,5.0700004e-05
11539,0.001287075
11540,0.00015870002
11541,0.0011531999
11542,0.0016650752
11543,0.000826875
11544,9.075001e-06
11545,0.00063480006
11546,0.00012
11547,7.680001e-05
11548,0.000567675
11549,0.0007203
11550,0.00029767503
11551,1.6875001e-05
11552,0.00029767503
11553,0.000567675
11554,0.00046807507
11555,3.0000004e-07
11556,3.0000004e-07
11557,3e-05
11558,0.000165675
11559,0.00032669998
11560,0.00028829998
11561,5.0700004e-05
11562,3.6300004e-05
11563,0.0007203
11564,0.0020667
11565,0.0030603004
11566,6.7500005e-05
11567,0.00041070004
11568,0.0008748
11569,0.0007650751
11570,0.00012
11571,0.000316875
11572,0.000279075
11573,0.00044467498
11574,0.0057131997
11575,0.012180676
11576,0.011407499
11577,0.0038646753
11578,9.72e-05
11579,0.00097470003
11580,0.011116875
11581,0.020988075
11582,0.0175692
11583,0.005187676
11584,0.0001728
11585,0.007873201
11586,0.015801076
11587,0.012060075
11588,0.0024030753
11589,0.000924075
11590,0.00089107506
11591,0.007347675
11592,0.0100467
11593,0.0043923
11594,0.00029767503
11595,0.000648675
11596,0.0062208
11597,0.00036750003
11598,0.0014490751
11599,0.00097470003
11600,1.2000002e-06
11601,0.0013067999
11602,0.0035643002
11603,0.0030000003
11604,0.00033667503
11605,0.00037807503
11606,0.005589675
11607,0.0113490755
11608,0.0094518745
11609,0.002142075
11610,0.0005547001
11611,0.008875201
11612,0.019126875
11613,0.019354803
11614,0.0091875
11615,0.000180075
11616,0.0036963
11617,0.007068676
11618,0.006526875
11619,1.2675001e-05
11620,2.43e-05
11621,0.000279075
11622,0.0010092
11623,7.680001e-05
11624,0.000594075
11625,0.0009408001
11626,0.00046807507
11627,1.2000002e-06
11628,0.000957675
11629,0.00024367501
11630,0.0025668752
11631,0.0053868005
11632,0.0052668746
11633,0.0022188004
11634,1.9200002e-05
11635,0.0016428002
11636,0.005427075
11637,0.0071147997
11638,0.0049922997
11639,0.0015123001
11640,8.670001e-05
11641,0.0013266751
11642,0.002511675
11643,6.3075e-05
11644,0.00041070004
11645,0.0009075
11646,0.000924075
11647,0.00030720004
11648,2.7074999e-05
11649,0.0008427
11650,0.0019440751
11651,0.0018486752
11652,0.000676875
11653,3.9675004e-05
11654,0.000621075
11655,0.001062075
11656,0.00081120007
11657,0.00027000002
11658,2.1675003e-05
11659,7.500001e-08
11660,3.3075e-05
11661,0.000279075
11662,0.000594075
11663,0.00037807503
11664,4.8000006e-06
11665,0.0002187
11666,0.00044467498
11667,0.0057546757
11668,0.0118803
11669,0.010546875
11670,0.0030000003
11671,0.00033667503
11672,0.0010092
11673,0.011174701
11674,0.0011346751
11675,0.008772301
11676,0.00075000006
11677,0.00507
11678,0.0076320753
11679,0.0042483
11680,0.000108299995
11681,0.003151875
11682,0.011820677
11683,0.0006075001
11684,0.00036750003
11685,0.000399675
11686,0.0038307
11687,0.0063510756
11688,0.0043923
11689,0.00075000006
11690,0.00044467498
11691,0.0038307
11692,0.0068403
11693,0.0063510756
11694,0.0033390748
11695,0.000676875
11696,2.7074999e-05
11697,0.0007650751
11698,0.0013872002
11699,0.0011163
11700,0.00035707498
11701,6.75e-07
11702,0.00034680005
11703,0.00073507504
11704,0.00045630004
11705,1.2000002e-06
11706,0.00079567503
11707,0.0030603004
11708,0.00018750002
11709,0.001098075
11710,0.0012480749
11711,1.2675001e-05
11712,0.000826875
11713,0.00018750002
11714,0.0016875002
11715,0.0024843
11716,0.001026675
11717,0.00012607501
11718,0.0024570748
11719,0.0053868005
11720,0.0049922997
11721,1.2000002e-06
11722,0.00041070004
11723,9.187501e-05
11724,0.001098075
11725,0.0029403002
11726,0.0044652
11727,0.00012
11728,0.0008586751
11729,0.001710075
11730,0.0011907001
11731,2.1675003e-05
11732,0.0016875002
11733,0.0073008006
11734,0.012060075
11735,0.010434675
11736,0.0038988001
11737,3.3075e-05
11738,0.00037807503
11739,0.00033667503
11740,0.0025392002
11741,0.0034668753
11742,1.2675001e-05
11743,2.1675003e-05
11744,0.00026107504
11745,0.0013668751
11746,0.0036963
11747,0.005838076
11748,0.005589675
11749,0.002679075
11750,0.00013867502
11751,0.0011531999
11752,0.005187676
11753,0.0003888
11754,0.0034347004
11755,0.007970701
11756,0.00033667503
11757,0.00024367501
11758,0.00028829998
11759,0.0026226752
11760,0.0035643002
11761,0.0012288002
11762,0.00020280002
11763,0.0036963
11764,0.00045630004
11765,0.0035970751
11766,0.0063074995
11767,0.0052668746
11768,0.0019440751
11769,5.0700004e-05
11770,0.000594075
11771,0.0016650752
11772,4.32e-05
11773,0.00027000002
11774,0.00081120007
11775,0.0015123001
11776,6.7500005e-05
11777,5.8800008e-05
11778,0.0007056751
11779,0.0014076749
11780,0.0012675
11781,0.00048
11782,4.8000006e-06
11783,0.00027000002
11784,6.3075e-05
11785,0.0006627
11786,0.0016650752
11787,0.00010267501
11788,0.000957675
11789,0.0020667
11790,0.0019683002
11791,0.000621075
11792,4.6875004e-05
11793,0.0015336752
11794,0.0034992
11795,8.1674996e-05
11796,2.1675003e-05
11797,1.4700002e-05
11798,7.680001e-05
11799,4.6875004e-05
11800,1.2000002e-06
11801,9.187501e-05
11802,0.000165675
11803,4.32e-05
11804,2.7074999e-05
11805,7.2074996e-05
11806,0.0009075
11807,8.670001e-05
11808,3.9675004e-05
11809,0.00018750002
11810,7.2074996e-05
11811,3.3075e-05
11812,0.0006627
11813,0.0016650752
11814,0.0018723003
11815,0.001026675
11816,7.5e-06
11817,0.00018750002
11818,0.000316875
11819,6.075e-06
11820,1.2675001e-05
11821,4.6875004e-05
11822,0.00011407501
11823,0.0015987
11824,0.000195075
11825,0.0013467001
11826,0.0017786999
11827,0.00063480006
11828,6.3075e-05
11829,0.0018486752
11830,0.00023520003
11831,0.000180075
11832,0.000180075
11833,0.0017786999
11834,0.0032136752
11835,0.002736075
11836,0.00097470003
11837,3.6750005e-06
11838,0.0007203
11839,0.002296875
11840,0.0033390748
11841,0.0033390748
11842,0.002736075
11843,0.0019926752
11844,0.0013872002
11845,0.0008427
11846,0.00027000002
11847,1.6875001e-05
11848,0.0012096752
11849,0.0052668746
11850,0.012000001
11851,0.018081075
11852,0.018451199
11853,0.000108299995
11854,4.8000006e-06
11855,7.500001e-08
11856,0.000516675
11857,0.0045018755
11858,0.014454076
11859,0.025754703
11860,0.027633674
11861,0.00012
11862,7.500001e-08
11863,4.6875004e-05
11864,0.0006912
11865,0.0034347004
11866,0.008926875
11867,0.014257201
11868,0.01452
11869,7.680001e-05
11870,7.5e-06
11871,9.187501e-05
11872,5.8800008e-05
11873,3.9675004e-05
11874,0.0012480749
11875,0.0046500755
11876,0.008416876
11877,0.00026107504
11878,0.0016650752
11879,0.0030000003
11880,0.0020418752
11881,0.00012607501
11882,0.001287075
11883,0.000516675
11884,0.0049922997
11885,0.008823675
11886,0.006526875
11887,0.0012096752
11888,0.000594075
11889,0.0051090755
11890,0.007489201
11891,0.0038988001
11892,9.187501e-05
11893,0.0024843
11894,0.008167501
11895,0.008926875
11896,0.0034668753
11897,1.4700002e-05
11898,0.00507
11899,0.0009075
11900,0.000826875
11901,0.008416876
11902,0.014718674
11903,0.010156801
11904,0.00012
11905,0.0041772006
11906,0.010887076
11907,0.013932074
11908,0.00015870002
11909,6.7500005e-05
11910,0.000108299995
11911,0.0009918751
11912,0.0010443002
11913,5.0700004e-05
11914,0.0013872002
11915,0.0006075001
11916,0.0067500006
11917,0.0006627
11918,0.004212675
11919,0.00015187502
11920,7.5e-06
11921,1.4700002e-05
11922,0.0003888
11923,0.0011531999
11924,0.0013067999
11925,0.0
11926,7.680001e-05
11927,0.000180075
11928,6.3075e-05
11929,3.9675004e-05
11930,0.00089107506
11931,0.0025392002
11932,0.0030300752
11933,0.0013266751
11934,9.075001e-06
11935,0.002679075
11936,0.000594075
11937,0.0057546757
11938,0.010887076
11939,0.0090828
11940,1.08e-05
11941,0.00014520001
11942,0.00018750002
11943,0.0021168
11944,0.0046500755
11945,0.0052668746
11946,0.0034347004
11947,1.875e-06
11948,0.000165675
11949,0.00033667503
11950,0.00050430006
11951,0.0007803
11952,5.4675e-05
11953,0.0006075001
11954,0.0013467001
11955,0.001098075
11956,1.6875001e-05
11957,0.00075000006
11958,0.002296875
11959,0.0032448003
11960,0.0023763
11961,0.00058080006
11962,9.72e-05
11963,0.0018018751
11964,0.00023520003
11965,0.000226875
11966,0.0025947
11967,0.0051483
11968,8.1674996e-05
11969,7.5e-06
11970,9.075001e-06
11971,2.1675003e-05
11972,0.00032669998
11973,0.000957675
11974,0.0013067999
11975,9.075001e-06
11976,7.500001e-08
11977,7.500001e-08
11978,6.75e-07
11979,7.5e-06
11980,4.32e-05
11981,0.00012
11982,0.000180075
11983,0.00012
11984,7.5e-06
11985,0.00011407501
11986,0.000621075
11987,0.0012288002
11988,3.9675004e-05
11989,0.00026107504
11990,2.43e-05
11991,1.6875001e-05
11992,0.00012607501
11993,0.00015870002
11994,5.0700004e-05
11995,7.5e-06
11996,0.000180075
11997,0.00044467498
11998,2.1675003e-05
11999,1.9200002e-05
12000,0.00027000002
12001,3.6300004e-05
12002,0.00030720004
12003,0.00050430006
12004,0.00029767503
12005,1.08e-05
12006,0.00020280002
12007,6.7500005e-05
12008,0.000621075
12009,5.8800008e-05
12010,3.6300004e-05
12011,0.00032669998
12012,1.6875001e-05
12013,6.3075e-05
12014,3e-05
12015,6.075e-06
12016,0.000165675
12017,2.7074999e-05
12018,0.00024367501
12019,0.00037807503
12020,0.00020280002
12021,6.75e-07
12022,0.00024367501
12023,0.0007803
12024,0.0009408001
12025,0.000516675
12026,4.6875004e-05
12027,3e-05
12028,0.000316875
12029,0.00044467498
12030,0.000210675
12031,9.075001e-06
12032,0.00014520001
12033,0.00023520003
12034,0.00011407501
12035,6.75e-07
12036,0.000108299995
12037,0.00035707498
12038,0.00049207505
12039,0.00044467498
12040,0.00037807503
12041,0.000399675
12042,0.000567675
12043,0.0007803
12044,0.0007203
12045,0.000210675
12046,0.00012607501
12047,0.0022707
12048,0.007347675
12049,0.012916875
12050,0.01452
12051,0.0100467
12052,0.0029403002
12053,5.8800008e-05
12054,0.0051090755
12055,0.015052802
12056,0.022522798
12057,0.022276876
12058,0.014985676
12059,0.0059643
12060,0.000621075
12061,0.000621075
12062,0.0040368
12063,0.0075842994
12064,0.000316875
12065,0.000399675
12066,0.0064827004
12067,0.016921874
12068,0.021547202
12069,0.014718674
12070,0.0037632005
12071,0.0002187
12072,0.0072075003
12073,0.0174243
12074,0.022032302
12075,0.018376876
12076,0.010323075
12077,0.003151875
12078,6.3075e-05
12079,0.000279075
12080,0.00044467498
12081,0.0060492004
12082,0.015120075
12083,0.019126875
12084,0.0134832
12085,0.003796875
12086,4.6875004e-05
12087,0.0043923
12088,0.009558675
12089,0.008978699
12090,1.08e-05
12091,1.2000002e-06
12092,3.6300004e-05
12093,0.0009075
12094,0.002736075
12095,0.0035643002
12096,0.0019440751
12097,5.0700004e-05
12098,0.00034680005
12099,0.000594075
12100,0.007254075
12101,0.000826875
12102,0.0063948
12103,0.0106032
12104,0.0070227003
12105,0.00079567503
12106,0.0018960749
12107,0.010887076
12108,0.0007803
12109,0.000567675
12110,0.006091875
12111,0.0005547001
12112,0.00030720004
12113,0.0022446748
12114,0.0024570748
12115,0.00043319998
12116,0.0007056751
12117,0.005187676
12118,0.00042187504
12119,0.0028812
12120,0.0046127997
12121,3.3075e-05
12122,1.9200002e-05
12123,2.7e-06
12124,4.8000006e-06
12125,5.4675e-05
12126,0.0001728
12127,0.00041070004
12128,0.0007650751
12129,0.0011907001
12130,0.001491075
12131,3.9675004e-05
12132,0.00030720004
12133,0.000648675
12134,0.00050430006
12135,2.1675003e-05
12136,0.0006075001
12137,0.00030720004
12138,0.00048
12139,0.006091875
12140,0.012916875
12141,0.011940075
12142,0.003796875
12143,0.00046807507
12144,0.0010443002
12145,0.0013668751
12146,0.015255077
12147,0.0014076749
12148,0.0090828
12149,0.012301876
12150,0.005346675
12151,7.5e-06
12152,0.0071147997
12153,0.018600302
12154,0.019051202
12155,0.008019675
12156,0.00026107504
12157,0.004212675
12158,0.0064827004
12159,0.0036963
12160,0.000316875
12161,0.0007056751
12162,0.0026508
12163,2.7074999e-05
12164,6.075e-06
12165,0.000316875
12166,0.001171875
12167,0.0018960749
12168,0.0015987
12169,0.000541875
12170,9.075001e-06
12171,0.000957675
12172,0.0028227004
12173,0.004002075
12174,0.0035316749
12175,0.0019683002
12176,0.0005292
12177,1.2000002e-06
12178,0.00026107504
12179,0.00073507504
12180,4.32e-05
12181,0.0005292
12182,0.0017786999
12183,0.0033390748
12184,0.00013867502
12185,0.0011163
12186,0.0022707
12187,0.0018252002
12188,0.00026107504
12189,0.000621075
12190,0.0043200003
12191,0.008217076
12192,0.000195075
12193,0.0010092
12194,0.0018486752
12195,3.3075e-05
12196,7.5e-06
12197,3.9675004e-05
12198,3.0000004e-07
12199,1.9200002e-05
12200,0.000567675
12201,0.0023496752
12202,0.0049152006
12203,0.0062640756
12204,6.7500005e-05
12205,7.5e-06
12206,7.5e-06
12207,0.00013867502
12208,0.001710075
12209,0.0057546757
12210,0.010156801
12211,0.000279075
12212,0.0014490751
12213,0.0019683002
12214,0.000567675
12215,0.00046807507
12216,0.0007056751
12217,0.001062075
12218,0.012362699
12219,0.023352304
12220,0.0002523
12221,0.00014520001
12222,6.7500005e-05
12223,0.0016206751
12224,0.005187676
12225,0.00768
12226,0.0060492004
12227,2.7e-06
12228,0.00042187504
12229,0.001026675
12230,0.001171875
12231,9.075001e-06
12232,4.32e-05
12233,0.00015187502
12234,0.00029767503
12235,0.00034680005
12236,0.00024367501
12237,8.670001e-05
12238,3.6750005e-06
12239,1.2675001e-05
12240,1.875e-06
12241,4.8000006e-06
12242,1.875e-06
12243,6.75e-07
12244,3.6750005e-06
12245,3.3075e-05
12246,0.00015187502
12247,0.00041070004
12248,0.00073507504
12249,0.0009408001
12250,0.0008586751
12251,0.00048
12252,8.1674996e-05
12253,6.7500005e-05
12254,9.187501e-05
12255,0.00018750002
12256,0.0028518748
12257,0.00048
12258,0.0045387005
12259,0.000399675
12260,0.0022188004
12261,0.0021930751
12262,0.000210675
12263,0.0013668751
12264,0.007254075
12265,0.011761201
12266,0.009240076
12267,0.0028812
12268,3.0000004e-07
12269,0.0020418752
12270,0.00020280002
12271,0.0011907001
12272,9.187501e-05
12273,0.0009918751
12274,0.0030300752
12275,0.0053067002
12276,0.0060492004
12277,0.0041772006
12278,0.001171875
12279,4.6875004e-05
12280,0.0021675
12281,0.000316875
12282,0.0027936753
12283,0.0054675005
12284,0.005187676
12285,6.075e-06
12286,3.6750005e-06
12287,3.6750005e-06
12288,1.6875001e-05
12289,0.00026107504
12290,0.00058080006
12291,0.000567675
12292,7.500001e-08
12293,4.6875004e-05
12294,1.4700002e-05
12295,3e-05
12296,0.000541875
12297,0.001710075
12298,0.0029403002
12299,0.0033390748
12300,0.0025392002
12301,0.0011346751
12302,0.00013867502
12303,0.00011407501
12304,7.680001e-05
12305,0.0008748
12306,0.00014520001
12307,0.0002187
12308,0.0032448003
12309,0.008619075
12310,0.011761201
12311,0.0094518745
12312,0.00363
12313,0.0001323
12314,0.002679075
12315,0.0063074995
12316,0.0083667
12317,0.0077280756
12318,0.005187676
12319,1.4700002e-05
12320,0.00012
12321,0.0007650751
12322,0.0015987
12323,0.0013467001
12324,0.000165675
12325,0.000826875
12326,0.005838076
12327,0.013293076
12328,0.0171363
12329,0.013167076
12330,0.0046127997
12331,3.6750005e-06
12332,0.0007203
12333,0.008823675
12334,0.018525677
12335,0.019278677
12336,0.010212075
12337,0.0013668751
12338,0.0009408001
12339,0.0062208
12340,0.008772301
12341,0.005589675
12342,1.6875001e-05
12343,0.000516675
12344,0.000594075
12345,0.00014520001
12346,3.6300004e-05
12347,3.9675004e-05
12348,0.00030720004
12349,0.000399675
12350,0.00020280002
12351,2.7e-06
12352,4.6875004e-05
12353,6.7500005e-05
12354,4.32e-05
12355,2.43e-05
12356,2.1675003e-05
12357,3.9675004e-05
12358,6.7500005e-05
12359,5.8800008e-05
12360,1.2675001e-05
12361,1.08e-05
12362,0.00010267501
12363,0.000180075
12364,0.00011407501
12365,3.6750005e-06
12366,9.72e-05
12367,0.00023520003
12368,0.00023520003
12369,6.7500005e-05
12370,2.43e-05
12371,0.00041070004
12372,0.0010800001
12373,0.0014700001
12374,0.0011163
12375,0.00033667503
12376,1.2675001e-05
12377,0.0007650751
12378,0.002296875
12379,0.00014520001
12380,0.0013067999
12381,0.0028227004
12382,0.0027936753
12383,0.001026675
12384,8.670001e-05
12385,0.0015987
12386,0.0035970751
12387,0.003933075
12388,0.0024030753
12389,0.0006627
12390,1.2675001e-05
12391,8.670001e-05
12392,9.187501e-05
12393,1.2000002e-06
12394,9.075001e-06
12395,2.43e-05
12396,3.9675004e-05
12397,0.0009408001
12398,0.0036963
12399,0.007254075
12400,0.0085683
12401,0.0057546757
12402,0.0013067999
12403,0.00026107504
12404,0.0046500755
12405,0.011940075
12406,0.0165675
12407,0.014918702
12408,0.0083667
12409,0.0020172002
12410,3.3075e-05
12411,0.0023763
12412,0.0057131997
12413,0.00024367501
12414,0.0021675
12415,0.0059643
12416,0.000399675
12417,0.0037632005
12418,0.0084672
12419,0.009345674
12420,0.004800675
12421,0.00010267501
12422,0.002679075
12423,0.0068856752
12424,0.009558675
12425,0.0090306755
12426,0.0060492004
12427,0.0027075
12428,0.00058080006
12429,2.7e-06
12430,0.0005292
12431,0.0015768749
12432,0.0027936753
12433,0.0039675003
12434,0.0046875
12435,0.0044286754
12436,0.0028227004
12437,0.0007650751
12438,5.4675e-05
12439,0.0018960749
12440,0.004953675
12441,0.0061776754
12442,0.004002075
12443,0.0008427
12444,0.0001728
12445,0.0022446748
12446,0.00015870002
12447,6.3075e-05
12448,0.00041070004
12449,0.00048
12450,0.000195075
12451,1.2675001e-05
12452,3.6750005e-06
12453,1.875e-06
12454,0.00012607501
12455,2.43e-05
12456,0.0001323
12457,3.9675004e-05
12458,5.0700004e-05
12459,0.00015187502
12460,0.0021930751
12461,0.004838701
12462,0.000108299995
12463,0.00033667503
12464,0.0002523
12465,6.75e-07
12466,0.00058080006
12467,0.0026226752
12468,0.0052271998
12469,0.0064827004
12470,0.0052668746
12471,7.5e-06
12472,6.75e-07
12473,1.2675001e-05
12474,0.000165675
12475,0.0009408001
12476,0.0028812
12477,0.0053868005
12478,0.006438676
12479,0.004838701
12480,0.0018252002
12481,7.2074996e-05
12482,0.00050430006
12483,0.0016650752
12484,0.0018960749
12485,1.2675001e-05
12486,0.00011407501
12487,0.0007650751
12488,0.0024843
12489,0.0047628004
12490,0.005838076
12491,0.0043200003
12492,0.0013266751
12493,2.7074999e-05
12494,0.0023496752
12495,0.0063948
12496,0.008068801
12497,0.0056718756
12498,0.0017786999
12499,7.2074996e-05
12500,0.0009075
12501,0.0010800001
12502,0.000316875
12503,4.32e-05
12504,0.0007803
12505,0.001171875
12506,0.00044467498
12507,6.7500005e-05
12508,0.0016875002
12509,0.003933075
12510,0.0037296754
12511,0.0011163
12512,0.00012
12513,0.0029403002
12514,0.006006675
12515,0.0045387005
12516,5.0700004e-05
12517,0.002142075
12518,0.0060492004
12519,0.00027000002
12520,0.0015336752
12521,0.0018486752
12522,0.0003888
12523,0.000648675
12524,0.00058080006
12525,0.006526875
12526,0.012301876
12527,0.009720001
12528,0.0021930751
12529,0.00043319998
12530,0.0006627
12531,0.0062640756
12532,0.00044467498
12533,0.002736075
12534,0.004284075
12535,0.0033075
12536,0.0010800001
12537,4.32e-05
12538,0.000541875
12539,0.0007803
12540,0.00050430006
12541,0.00015870002
12542,2.43e-05
12543,1.2675001e-05
12544,1.08e-05
12545,0.00027000002
12546,0.000924075
12547,0.0015123001
12548,0.0014076749
12549,0.000567675
12550,3.6300004e-05
12551,0.0009408001
12552,0.002970075
12553,0.0052271998
12554,0.0060492004
12555,6.3075e-05
12556,0.000195075
12557,0.00015870002
12558,1.2675001e-05
12559,0.0011163
12560,0.004284075
12561,0.0071610743
12562,0.00012
12563,0.00036750003
12564,0.00029767503
12565,4.8000006e-06
12566,0.00043319998
12567,0.0017786999
12568,0.0027075
12569,0.0020172002
12570,0.0005547001
12571,2.1675003e-05
12572,0.0008427
12573,0.0017327999
12574,3.3075e-05
12575,0.00013867502
12576,1.2675001e-05
12577,0.000108299995
12578,0.0001728
12579,8.670001e-05
12580,7.500001e-08
12581,0.00012
12582,0.00037807503
12583,0.00050430006
12584,0.00036750003
12585,0.00013867502
12586,1.2000002e-06
12587,1.6875001e-05
12588,1.9200002e-05
12589,3.3075e-05
12590,0.00011407501
12591,0.000399675
12592,6.3075e-05
12593,0.00075000006
12594,0.0016206751
12595,0.0013872002
12596,0.00024367501
12597,0.000316875
12598,0.0025668752
12599,0.0049152006
12600,0.0045387005
12601,0.0018723003
12602,5.8800008e-05
12603,0.0010092
12604,0.0018252002
12605,0.0015123001
12606,0.0006075001
12607,7.5e-06
12608,7.680001e-05
12609,3.6300004e-05
12610,4.8000006e-06
12611,6.7500005e-05
12612,7.2074996e-05
12613,2.7e-06
12614,1.9200002e-05
12615,0.00027000002
12616,0.0005547001
12617,0.00044467498
12618,8.1674996e-05
12619,6.7500005e-05
12620,0.00058080006
12621,0.0010443002
12622,0.0009075
12623,0.0
12624,2.1675003e-05
12625,1.875e-06
12626,9.075001e-06
12627,2.1675003e-05
12628,3.6750005e-06
12629,7.2074996e-05
12630,0.000316875
12631,0.0007803
12632,0.001287075
12633,4.6875004e-05
12634,0.00034680005
12635,0.0005292
12636,0.00013867502
12637,0.00028829998
12638,0.0031212
12639,0.000541875
12640,0.0054675005
12641,0.010659676
12642,0.0082668
12643,0.0013266751
12644,0.0007056751
12645,0.0106032
12646,0.0223587
12647,0.0217083
12648,0.0094518745
12649,0.0003888
12650,0.002970075
12651,0.009828299
12652,0.010156801
12653,0.0044652
12654,0.00030720004
12655,0.00046807507
12656,0.0011346751
12657,7.5e-06
12658,0.000594075
12659,0.0016650752
12660,3.3075e-05
12661,3e-05
12662,1.2675001e-05
12663,4.32e-05
12664,0.00058080006
12665,0.0012288002
12666,0.0011531999
12667,0.00049207505
12668,7.5e-06
12669,9.187501e-05
12670,5.0700004e-05
12671,9.075001e-06
12672,2.1675003e-05
12673,0.00027000002
12674,0.000516675
12675,0.00045630004
12676,0.00013867502
12677,1.2675001e-05
12678,0.00049207505
12679,0.0016428002
12680,0.0030603004
12681,0.0038646753
12682,6.3075e-05
12683,0.00029767503
12684,9.075001e-06
12685,2.7e-06
12686,0.000316875
12687,0.001491075
12688,0.0027075
12689,0.0022446748
12690,0.000541875
12691,0.0001323
12692,0.0016206751
12693,0.0023496752
12694,6.75e-07
12695,7.2074996e-05
12696,0.0011346751
12697,0.0024843
12698,3.3075e-05
12699,7.500001e-08
12700,5.8800008e-05
12701,0.00036750003
12702,0.0008427
12703,0.0010443002
12704,1.2675001e-05
12705,0.00010267501
12706,4.32e-05
12707,0.00075000006
12708,0.002142075
12709,0.0027936753
12710,0.0015768749
12711,4.6875004e-05
12712,0.0013872002
12713,0.006134701
12714,0.0103788
12715,0.0098826755
12716,0.00507
12717,0.0007803
12718,0.00024367501
12719,0.002091675
12720,0.00012
12721,0.0007650751
12722,0.0016875002
12723,0.0023232002
12724,0.0023763
12725,3.6300004e-05
12726,0.00034680005
12727,0.0011346751
12728,0.00192
12729,4.6875004e-05
12730,2.7074999e-05
12731,3e-05
12732,1.2675001e-05
12733,1.2000002e-06
12734,0.00032669998
12735,0.0024843
12736,0.000516675
12737,0.0060492004
12738,0.012792675
12739,0.011001674
12740,0.0024300003
12741,0.0012480749
12742,0.013419676
12743,0.025143076
12744,0.00037807503
12745,0.0009918751
12746,0.0011907001
12747,0.0007056751
12748,0.000180075
12749,7.5e-06
12750,7.500001e-08
12751,7.5e-06
12752,2.43e-05
12753,1.875e-06
12754,0.000399675
12755,0.0022446748
12756,0.005346675
12757,0.0072075003
12758,0.0054675005
12759,4.8000006e-06
12760,0.0006075001
12761,0.0019440751
12762,0.0034347004
12763,0.0043200003
12764,0.004141875
12765,0.0028812
12766,0.0011531999
12767,2.43e-05
12768,0.000594075
12769,0.00012
12770,0.0015336752
12771,0.004212675
12772,0.0058800005
12773,0.0045387005
12774,1.875e-06
12775,0.00030720004
12776,0.0008427
12777,0.0012096752
12778,0.0012096752
12779,1.4700002e-05
12780,0.00011407501
12781,2.43e-05
12782,0.000226875
12783,1.2675001e-05
12784,2.7074999e-05
12785,7.500001e-08
12786,9.187501e-05
12787,3.6300004e-05
12788,0.000399675
12789,0.00081120007
12790,0.0007203
12791,0.000226875
12792,9.075001e-06
12793,0.00046807507
12794,0.0012096752
12795,0.0015552
12796,0.0012096752
12797,0.000516675
12798,3.9675004e-05
12799,0.00012607501
12800,0.0007203
12801,0.0014700001
12802,0.0018486752
12803,0.0016206751
12804,0.0009075
12805,0.00020280002
12806,1.08e-05
12807,3.9675004e-05
12808,0.00044467498
12809,0.000957675
12810,0.0011907001
12811,0.0011531999
12812,0.001026675
12813,0.0010092
12814,0.0010800001
12815,0.001026675
12816,3.6750005e-06
12817,7.5e-06
12818,0.0002523
12819,0.000165675
12820,0.0030603004
12821,0.0094518745
12822,0.014322677
12823,0.00023520003
12824,0.00089107506
12825,0.0010443002
12826,0.00015187502
12827,0.0008748
12828,0.0067050746
12829,0.0157323
12830,0.0007650751
12831,0.0059643
12832,0.011761201
12833,0.0100467
12834,0.0024030753
12835,0.00089107506
12836,0.011820677
12837,0.025754703
12838,0.000826875
12839,0.000541875
12840,0.0067050746
12841,0.0007056751
12842,0.0046127997
12843,0.0057546757
12844,7.5e-06
12845,0.001491075
12846,0.005589675
12847,0.009345674
12848,0.008823675
12849,0.004212675
12850,0.00037807503
12851,0.0007056751
12852,0.003151875
12853,0.00363
12854,0.0016206751
12855,5.4675e-05
12856,9.72e-05
12857,0.00063480006
12858,0.00035707498
12859,3.9675004e-05
12860,0.0015552
12861,0.00026107504
12862,0.0021675
12863,0.0034347004
12864,0.0019926752
12865,7.2074996e-05
12866,0.0012480749
12867,0.004800675
12868,0.006438676
12869,0.004212675
12870,0.0009408001
12871,7.2074996e-05
12872,0.0013872002
12873,0.0021168
12874,0.0011531999
12875,2.1675003e-05
12876,0.00041070004
12877,1.6875001e-05
12878,0.0
12879,5.8800008e-05
12880,0.00046807507
12881,0.00010267501
12882,0.0012480749
12883,0.0027075
12884,0.0023496752
12885,0.00044467498
12886,0.00058080006
12887,0.0052668746
12888,0.011583676
12889,0.013419676
12890,0.0085683
12891,0.0018723003
12892,0.00033667503
12893,0.0057131997
12894,0.013041675
12895,0.016077677
12896,0.012979201
12897,0.0067050746
12898,0.0015987
12899,0.000108299995
12900,0.0016650752
12901,0.0039675003
12902,0.0059643
12903,0.007068676
12904,0.0067050746
12905,0.004800675
12906,0.0021675
12907,1.4700002e-05
12908,0.00036750003
12909,0.00073507504
12910,0.000924075
12911,0.0010443002
12912,0.001287075
12913,0.0017786999
12914,0.002511675
12915,0.0030300752
12916,0.0027075
12917,0.0013872002
12918,0.00011407501
12919,0.000541875
12920,0.0031827001
12921,0.0062208
12922,0.000210675
12923,0.0015123001
12924,0.0031212
12925,0.002970075
12926,0.0010443002
12927,7.5e-06
12928,0.00018750002
12929,0.00192
12930,0.0001323
12931,0.00073507504
12932,0.001026675
12933,0.000648675
12934,0.000165675
12935,1.2000002e-06
12936,6.75e-07
12937,9.075001e-06
12938,0.00013867502
12939,0.00033667503
12940,0.000279075
12941,1.6875001e-05
12942,0.000279075
12943,0.0014282999
12944,0.0025668752
12945,0.0023763
12946,0.0010092
12947,2.43e-05
12948,0.000516675
12949,0.0018252002
12950,0.0024570748
12951,0.0019683002
12952,0.0010092
12953,0.00030720004
12954,3.3075e-05
12955,1.4700002e-05
12956,0.00020280002
12957,0.000826875
12958,0.000165675
12959,0.00029767503
12960,0.0041067
12961,0.0084672
12962,0.006660301
12963,0.000957675
12964,0.00192
12965,0.0012288002
12966,0.0013266751
12967,0.012854701
12968,0.020908799
12969,0.012916875
12970,0.001098075
12971,0.003933075
12972,0.0178608
12973,0.023018703
12974,0.0125460755
12975,0.0011163
12976,0.0025947
12977,0.011761201
12978,0.014257201
12979,0.0072075003
12980,0.000516675
12981,0.0016650752
12982,0.000516675
12983,0.004141875
12984,0.0071610743
12985,0.0063510756
12986,0.0028227004
12987,0.0002187
12988,0.000594075
12989,0.00026107504
12990,0.0029403002
12991,0.0068856752
12992,0.008619075
12993,0.0062640756
12994,0.0019683002
12995,6.075e-06
12996,0.0022446748
12997,0.0060492004
12998,0.0071610743
12999,0.0045387005
13000,0.0010800001
13001,3.6300004e-05
13002,0.00015870002
13003,0.0012675
13004,0.001710075
13005,1.2000002e-06
13006,1.08e-05
13007,0.0001728
13008,0.00037807503
13009,0.00035707498
13010,6.75e-07
13011,0.000108299995
13012,0.00049207505
13013,0.0012288002
13014,0.0020418752
13015,0.0024030753
13016,0.0019440751
13017,0.0007803
13018,3.6750005e-06
13019,0.0009408001
13020,0.004071675
13021,0.008118075
13022,0.010267501
13023,0.0001728
13024,0.0009075
13025,0.0015336752
13026,0.000648675
13027,0.000226875
13028,0.0051090755
13029,0.015458701
13030,0.023185201
13031,0.020046677
13032,0.008416876
13033,0.00023520003
13034,0.0045018755
13035,0.0014282999
13036,0.015663674
13037,0.03601868
13038,0.0014282999
13039,0.0098826755
13040,0.018376876
13041,0.014257201
13042,0.0022188004
13043,0.0035316749
13044,0.026284803
13045,0.049329076
13046,0.0011163
13047,0.0055080755
13048,0.009720001
13049,0.00768
13050,0.0015552
13051,0.00097470003
13052,0.0100467
13053,0.020671874
13054,0.021870002
13055,0.00010267501
13056,0.000180075
13057,0.000516675
13058,0.000648675
13059,0.000165675
13060,0.000210675
13061,0.0023763
13062,0.005838076
13063,0.0074418755
13064,0.005427075
13065,0.0017327999
13066,1.2000002e-06
13067,0.0012480749
13068,0.0033708
13069,0.0039675003
13070,0.0028227004
13071,0.0012675
13072,0.00030720004
13073,1.9200002e-05
13074,9.075001e-06
13075,3.6750005e-06
13076,4.32e-05
13077,1.4700002e-05
13078,3e-05
13079,0.00042187504
13080,0.001026675
13081,0.0012288002
13082,0.0008748
13083,0.00036750003
13084,9.187501e-05
13085,1.9200002e-05
13086,1.2000002e-06
13087,2.43e-05
13088,1.2000002e-06
13089,4.8000006e-06
13090,0.00020280002
13091,0.0011163
13092,0.00020280002
13093,0.002511675
13094,0.006134701
13095,0.0069311997
13096,0.0034992
13097,0.00011407501
13098,0.0022188004
13099,0.0091875
13100,0.014454076
13101,0.012854701
13102,0.0061776754
13103,0.0008427
13104,0.00035707498
13105,0.0025947
13106,0.0035643002
13107,0.0022707
13108,0.00063480006
13109,9.075001e-06
13110,2.7e-06
13111,0.00033667503
13112,0.0024300003
13113,0.0059643
13114,0.0075842994
13115,0.0046875
13116,7.2074996e-05
13117,0.002679075
13118,0.008619075
13119,0.014454076
13120,0.0153228
13121,0.009666075
13122,0.0021930751
13123,0.00033667503
13124,0.0007650751
13125,0.00867
13126,0.017714702
13127,0.017280001
13128,0.0077763004
13129,0.0001728
13130,0.0031212
13131,0.0051483
13132,0.0033708
13133,0.0005547001
13134,0.0002187
13135,0.0015768749
13136,3.3075e-05
13137,4.8000006e-06
13138,0.00012
13139,7.680001e-05
13140,0.0009408001
13141,0.0018486752
13142,0.0014282999
13143,0.00020280002
13144,0.000399675
13145,0.0028518748
13146,0.0055080755
13147,0.0057131997
13148,0.0033075
13149,0.0006627
13150,9.72e-05
13151,0.0015768749
13152,0.0033390748
13153,0.003796875
13154,0.0028812
13155,9.075001e-06
13156,5.0700004e-05
13157,2.43e-05
13158,0.00027000002
13159,0.0003888
13160,0.00011407501
13161,6.7500005e-05
13162,0.0009075
13163,0.0021168
13164,0.0024300003
13165,1.2675001e-05
13166,1.6875001e-05
13167,2.1675003e-05
13168,1.08e-05
13169,1.2000002e-06
13170,3e-05
13171,5.8800008e-05
13172,3.3075e-05
13173,7.500001e-08
13174,7.5e-06
13175,6.7500005e-05
13176,5.0700004e-05
13177,9.075001e-06
13178,0.00029767503
13179,0.000957675
13180,0.0013668751
13181,0.000924075
13182,0.00012607501
13183,0.00018750002
13184,0.0012480749
13185,0.0019440751
13186,0.0012288002
13187,0.000108299995
13188,0.00043319998
13189,0.0022188004
13190,0.0032448003
13191,0.0020418752
13192,0.000195075
13193,0.00079567503
13194,0.00044467498
13195,0.0052271998
13196,0.011761201
13197,0.012916875
13198,0.0068403
13199,0.000541875
13200,0.0021675
13201,0.011290802
13202,0.018975677
13203,0.00042187504
13204,0.0025668752
13205,0.0057546757
13206,0.0064827004
13207,1.4700002e-05
13208,9.075001e-06
13209,2.43e-05
13210,5.8800008e-05
13211,0.0010092
13212,0.000226875
13213,0.002736075
13214,0.00042187504
13215,0.004002075
13216,0.00041070004
13217,0.002970075
13218,0.0046127997
13219,0.0027936753
13220,0.00023520003
13221,0.0009075
13222,0.00036750003
13223,0.0035316749
13224,0.0071610743
13225,0.007824676
13226,0.0053868005
13227,0.0022446748
13228,9.075001e-06
13229,0.00012607501
13230,2.7e-06
13231,3.6300004e-05
13232,0.00034680005
13233,0.0014490751
13234,0.0034992
13235,0.005427075
13236,0.0056306995
13237,0.0036630754
13238,0.0010800001
13239,6.75e-07
13240,0.001062075
13241,0.0030000003
13242,0.004141875
13243,0.0036963
13244,0.0023496752
13245,0.0010092
13246,0.00026107504
13247,2.7e-06
13248,1.2000002e-06
13249,6.075e-06
13250,3.3075e-05
13251,0.000180075
13252,0.000648675
13253,9.72e-05
13254,0.0011907001
13255,0.002910675
13256,0.0032136752
13257,0.001491075
13258,1.4700002e-05
13259,0.001287075
13260,0.00030720004
13261,0.0028227004
13262,0.0051090755
13263,0.0041772006
13264,0.001171875
13265,7.2074996e-05
13266,0.002296875
13267,0.0049922997
13268,0.004876875
13269,4.8000006e-06
13270,2.7074999e-05
13271,9.187501e-05
13272,1.4700002e-05
13273,0.00030720004
13274,0.0011907001
13275,0.0021930751
13276,0.0022188004
13277,0.00097470003
13278,1.2000002e-06
13279,0.0011907001
13280,0.0041772006
13281,0.0063510756
13282,0.0057131997
13283,0.002970075
13284,1.08e-05
13285,0.00030720004
13286,3.3075e-05
13287,6.7500005e-05
13288,0.001491075
13289,0.005346675
13290,0.009720001
13291,0.000279075
13292,0.0014076749
13293,3.9675004e-05
13294,7.500001e-08
13295,0.0006627
13296,0.0037296754
13297,0.00768
13298,0.007824676
13299,0.0032760752
13300,7.5e-06
13301,0.0030300752
13302,0.008721075
13303,0.009612301
13304,0.0047628004
13305,6.3075e-05
13306,0.0011346751
13307,0.0013668751
13308,0.00041070004
13309,4.32e-05
13310,3.6300004e-05
13311,8.670001e-05
13312,1.9200002e-05
13313,0.0008586751
13314,0.0028227004
13315,0.0037632005
13316,0.002142075
13317,7.680001e-05
13318,0.0015336752
13319,0.0065712007
13320,0.010267501
13321,0.008619075
13322,0.0033390748
13323,6.7500005e-05
13324,0.000316875
13325,0.0035316749
13326,0.00033667503
13327,0.0026226752
13328,0.0049152006
13329,0.004356075
13330,0.0015552
13331,8.1674996e-05
13332,0.0012480749
13333,0.0019440751
13334,3.6750005e-06
13335,9.075001e-06
13336,0.0001323
13337,0.0002523
13338,0.00015187502
13339,0.0
13340,0.00032669998
13341,0.0011907001
13342,0.0017786999
13343,1.9200002e-05
13344,2.7074999e-05
13345,9.075001e-06
13346,7.5e-06
13347,9.72e-05
13348,0.00020280002
13349,0.0001728
13350,1.2000002e-06
13351,6.7500005e-05
13352,1.6875001e-05
13353,0.00020280002
13354,0.00043319998
13355,0.0003888
13356,8.670001e-05
13357,8.1674996e-05
13358,0.00097470003
13359,0.0025392002
13360,0.0035970751
13361,0.0031212
13362,0.0014282999
13363,7.680001e-05
13364,0.00013867502
13365,0.000226875
13366,0.0028227004
13367,0.0063948
13368,0.007347675
13369,0.0046127997
13370,0.0011346751
13371,2.43e-05
13372,0.00015187502
13373,0.0013067999
13374,0.0020667
13375,0.0016206751
13376,1.2000002e-06
13377,1.875e-06
13378,3e-05
13379,0.00073507504
13380,0.000180075
13381,0.0020418752
13382,0.004284075
13383,0.0038307
13384,0.0010092
13385,0.00029767503
13386,0.0047628004
13387,0.011232675
13388,0.01323
13389,0.0085683
13390,1.2675001e-05
13391,0.000676875
13392,0.0012675
13393,0.0012288002
13394,0.0008748
13395,1.08e-05
13396,0.000226875
13397,0.0011163
13398,0.00013867502
13399,0.00014520001
13400,0.0015336752
13401,9.72e-05
13402,0.00033667503
13403,0.00010267501
13404,0.0001728
13405,0.0018723003
13406,0.000279075
13407,0.002736075
13408,0.0053868005
13409,0.0047628004
13410,0.0014490751
13411,0.00012
13412,0.0038646753
13413,0.0099372
13414,0.00045630004
13415,0.0035316749
13416,0.007254075
13417,0.006660301
13418,0.0018486752
13419,0.00044467498
13420,0.007824676
13421,0.018228674
13422,0.02028
13423,6.7500005e-05
13424,6.075e-06
13425,6.75e-07
13426,5.4675e-05
13427,0.00035707498
13428,0.0011531999
13429,0.0022707
13430,0.0030300752
13431,0.0028518748
13432,1.9200002e-05
13433,9.72e-05
13434,2.1675003e-05
13435,0.0001728
13436,0.0001728
13437,1.2000002e-06
13438,9.187501e-05
13439,0.000226875
13440,0.0034668753
13441,0.0090828
13442,0.00044467498
13443,0.0033390748
13444,0.006091875
13445,4.32e-05
13446,3e-05
13447,0.0011531999
13448,0.0052668746
13449,0.011701876
13450,0.0153228
13451,0.012000001
13452,0.004284075
13453,1.4700002e-05
13454,0.0005547001
13455,0.0063510756
13456,0.012854701
13457,0.013546877
13458,0.008721075
13459,0.0032448003
13460,0.00050430006
13461,7.500001e-08
13462,4.8000006e-06
13463,1.2675001e-05
13464,3.6300004e-05
13465,0.00024367501
13466,0.000108299995
13467,0.0018486752
13468,0.005589675
13469,0.0084672
13470,0.0076320753
13471,0.0038988001
13472,0.000594075
13473,0.00023520003
13474,0.00023520003
13475,0.0026226752
13476,0.00037807503
13477,0.00045630004
13478,0.0056718756
13479,0.011761201
13480,0.0106032
13481,0.003402675
13482,6.7500005e-05
13483,0.004953675
13484,0.0106032
13485,0.008926875
13486,7.5e-06
13487,0.000648675
13488,0.0010800001
13489,7.500001e-08
13490,9.72e-05
13491,0.00037807503
13492,0.0005292
13493,0.000316875
13494,1.9200002e-05
13495,0.0001323
13496,0.000516675
13497,0.0005292
13498,0.00012
13499,7.2074996e-05
13500,0.0006912
13501,3.9675004e-05
13502,9.72e-05
13503,1.2000002e-06
13504,0.00035707498
13505,0.0016875002
13506,0.002910675
13507,0.0022707
13508,0.00041070004
13509,0.00044467498
13510,0.003933075
13511,0.007824676
13512,0.0077280756
13513,0.0034992
13514,0.00013867502
13515,0.0014700001
13516,0.005548801
13517,0.007254075
13518,0.0046875
13519,0.001098075
13520,4.32e-05
13521,0.001287075
13522,0.0020418752
13523,0.001098075
13524,5.8800008e-05
13525,0.00035707498
13526,0.0011346751
13527,1.08e-05
13528,6.075e-06
13529,3.6300004e-05
13530,0.0007056751
13531,0.002091675
13532,0.002970075
13533,0.0022188004
13534,4.8000006e-06
13535,0.00036750003
13536,0.0012096752
13537,0.0022188004
13538,0.0030000003
13539,0.0031212
13540,0.0024300003
13541,0.0012288002
13542,0.000210675
13543,0.00010267501
13544,0.0012675
13545,0.0033708
13546,0.0053067002
13547,0.0057546757
13548,0.0041772006
13549,0.0015552
13550,1.4700002e-05
13551,0.0011907001
13552,0.004284075
13553,0.00026107504
13554,0.0019926752
13555,0.00363
13556,0.002736075
13557,1.4700002e-05
13558,0.000621075
13559,0.0012096752
13560,0.0007650751
13561,2.43e-05
13562,0.0005547001
13563,0.0018486752
13564,0.0017327999
13565,0.00026107504
13566,0.00063480006
13567,0.004284075
13568,0.0073008006
13569,0.0053868005
13570,0.000924075
13571,0.0007803
13572,0.0063074995
13573,0.010546875
13574,0.00010267501
13575,0.00011407501
13576,5.8800008e-05
13577,1.875e-06
13578,2.7074999e-05
13579,7.2074996e-05
13580,6.75e-07
13581,1.2000002e-06
13582,1.2675001e-05
13583,8.670001e-05
13584,0.000279075
13585,0.00046807507
13586,0.0003888
13587,1.2000002e-06
13588,1.4700002e-05
13589,0.00020280002
13590,0.00035707498
13591,0.000180075
13592,7.5e-06
13593,0.000541875
13594,9.187501e-05
13595,0.000676875
13596,0.00073507504
13597,7.680001e-05
13598,0.00058080006
13599,0.003402675
13600,0.0062208
13601,0.0057131997
13602,6.75e-07
13603,0.000165675
13604,3.9675004e-05
13605,0.0005292
13606,0.00012607501
13607,0.0016875002
13608,0.0046500755
13609,0.000279075
13610,0.0022707
13611,0.0045387005
13612,0.0039675003
13613,0.0009918751
13614,0.00033667503
13615,0.0049152006
13616,0.011290802
13617,0.013167076
13618,0.008823675
13619,0.0027075
13620,1.4700002e-05
13621,0.0012480749
13622,0.0030906748
13623,0.0030300752
13624,1.08e-05
13625,5.4675e-05
13626,0.00048
13627,0.0016428002
13628,0.0030603004
13629,0.0035316749
13630,0.0024843
13631,0.00081120007
13632,1.2000002e-06
13633,0.00063480006
13634,0.00192
13635,0.0025947
13636,0.002142075
13637,0.0011346751
13638,0.00036750003
13639,3.0000004e-07
13640,9.075001e-06
13641,0.00023520003
13642,0.0009075
13643,0.0015336752
13644,0.0012480749
13645,6.075e-06
13646,0.00043319998
13647,0.0017327999
13648,0.0035316749
13649,0.0046875
13650,0.0041067
13651,0.0021168
13652,0.00037807503
13653,5.8800008e-05
13654,7.2074996e-05
13655,0.0006075001
13656,5.0700004e-05
13657,0.00046807507
13658,0.0013467001
13659,0.0024843
13660,0.0033708
13661,9.72e-05
13662,0.0007650751
13663,8.670001e-05
13664,0.000541875
13665,0.00050430006
13666,3e-05
13667,0.00042187504
13668,0.00192
13669,0.002970075
13670,0.0024843
13671,0.0011907001
13672,0.00028829998
13673,1.9200002e-05
13674,6.75e-07
13675,3.6750005e-06
13676,2.43e-05
13677,0.000195075
13678,0.00079567503
13679,0.0016650752
13680,0.0018960749
13681,0.0009918751
13682,4.32e-05
13683,0.00048
13684,0.0017327999
13685,0.0018018751
13686,0.000516675
13687,9.72e-05
13688,0.0015123001
13689,0.0028812
13690,0.0022188004
13691,9.075001e-06
13692,0.000399675
13693,0.00089107506
13694,1.9200002e-05
13695,0.00011407501
13696,0.00032669998
13697,0.0006912
13698,0.0011531999
13699,0.0015336752
13700,0.0014282999
13701,0.0007203
13702,3.6300004e-05
13703,0.00046807507
13704,0.0024030753
13705,0.004725075
13706,0.005548801
13707,0.0042483
13708,0.0019683002
13709,0.00035707498
13710,2.43e-05
13711,0.000541875
13712,0.0013467001
13713,0.002296875
13714,0.0034668753
13715,0.0046875
13716,0.00507
13717,0.0036630754
13718,0.0011163
13719,6.3075e-05
13720,0.0027648
13721,0.007489201
13722,0.009345674
13723,0.0061776754
13724,0.0014700001
13725,6.3075e-05
13726,0.000195075
13727,0.0012675
13728,1.6875001e-05
13729,7.500001e-08
13730,4.32e-05
13731,5.8800008e-05
13732,1.2675001e-05
13733,0.00075000006
13734,0.003151875
13735,0.006134701
13736,0.006660301
13737,0.0037632005
13738,0.00044467498
13739,0.00073507504
13740,0.00043319998
13741,0.004575675
13742,0.009774076
13743,0.0109443
13744,0.0073008006
13745,0.002511675
13746,9.72e-05
13747,0.00063480006
13748,0.000195075
13749,0.002296875
13750,0.0063948
13751,0.010212075
13752,0.010773076
13753,0.0069768755
13754,0.0017786999
13755,0.00015187502
13756,0.0045387005
13757,0.0007650751
13758,0.0077280756
13759,0.016638076
13760,0.016921874
13761,0.007347675
13762,6.7500005e-05
13763,0.001062075
13764,0.012730801
13765,0.024453074
13766,0.021226801
13767,3.6750005e-06
13768,0.001287075
13769,0.0032136752
13770,0.00363
13771,0.0022446748
13772,0.0005547001
13773,9.075001e-06
13774,0.0005292
13775,0.0008427
13776,0.00035707498
13777,7.5e-06
13778,0.0007203
13779,9.72e-05
13780,0.0005547001
13781,0.00042187504
13782,7.5e-06
13783,0.0015987
13784,0.00045630004
13785,0.004876875
13786,0.00045630004
13787,0.002679075
13788,0.002736075
13789,4.6875004e-05
13790,0.00034680005
13791,0.0051483
13792,0.012120301
13793,0.013167076
13794,0.006615675
13795,0.00045630004
13796,0.0018018751
13797,0.007536676
13798,0.0094518745
13799,0.005589675
13800,0.001171875
13801,9.075001e-06
13802,0.00035707498
13803,5.4675e-05
13804,0.000567675
13805,0.0030906748
13806,0.004575675
13807,0.0022707
13808,7.5e-06
13809,0.0007056751
13810,0.009612301
13811,0.020750703
13812,0.020514676
13813,0.008875201
13814,0.0002187
13815,0.004212675
13816,0.013356299
13817,0.014718674
13818,0.007254075
13819,0.0006912
13820,0.000826875
13821,0.003402675
13822,3.9675004e-05
13823,2.7e-06
13824,5.0700004e-05
13825,0.00020280002
13826,0.00024367501
13827,9.72e-05
13828,6.075e-06
13829,0.00012607501
13830,0.00032669998
13831,0.00050430006
13832,0.000648675
13833,0.00079567503
13834,0.00089107506
13835,0.00079567503
13836,1.875e-06
13837,1.2000002e-06
13838,9.075001e-06
13839,0.00024367501
13840,0.0009408001
13841,0.0017786999
13842,6.3075e-05
13843,0.00043319998
13844,0.00089107506
13845,0.0008427
13846,0.0
13847,6.3075e-05
13848,0.00026107504
13849,0.0006075001
13850,0.001062075
13851,0.0014490751
13852,0.0015552
13853,2.1675003e-05
13854,0.00011407501
13855,0.000180075
13856,1.875e-06
13857,0.00024367501
13858,0.0014076749
13859,0.0036963
13860,0.0057546757
13861,0.00014520001
13862,7.2074996e-05
13863,0.000567675
13864,0.00041070004
13865,5.0700004e-05
13866,0.0026508
13867,0.0090828
13868,0.014257201
13869,0.012362699
13870,0.004953675
13871,7.2074996e-05
13872,0.0030603004
13873,0.010659676
13874,0.015526878
13875,0.014257201
13876,0.009135076
13877,1.4700002e-05
13878,0.00010267501
13879,5.8800008e-05
13880,0.00037807503
13881,5.4675e-05
13882,0.001062075
13883,0.0077280756
13884,0.017934076
13885,0.0007056751
13886,0.004071675
13887,0.006006675
13888,4.8000006e-06
13889,0.00033667503
13890,0.0017327999
13891,0.0033390748
13892,0.0036630754
13893,0.0023496752
13894,0.00079567503
13895,7.2074996e-05
13896,3.6750005e-06
13897,1.2000002e-06
13898,5.8800008e-05
13899,0.00027000002
13900,0.000279075
13901,9.075001e-06
13902,0.00048
13903,0.0019926752
13904,0.004071675
13905,0.005187676
13906,0.004212675
13907,0.0017556751
13908,6.3075e-05
13909,0.0008427
13910,0.00363
13911,0.00028829998
13912,0.0026508
13913,0.006006675
13914,0.0067050746
13915,0.0036630754
13916,0.000399675
13917,0.000648675
13918,0.00363
13919,0.005427075
13920,0.0041772006
13921,0.0016428002
13922,0.0001728
13923,3.9675004e-05
13924,0.00015187502
13925,4.6875004e-05
13926,6.075e-06
13927,4.32e-05
13928,3.0000004e-07
13929,0.00024367501
13930,0.001287075
13931,0.002679075
13932,0.003151875
13933,0.0021168
13934,2.7e-06
13935,0.00020280002
13936,0.000541875
13937,0.0009075
13938,0.001287075
13939,0.0016428002
13940,0.0017786999
13941,2.7074999e-05
13942,0.0001323
13943,0.00020280002
13944,5.0700004e-05
13945,9.72e-05
13946,0.0009075
13947,0.00011407501
13948,9.72e-05
13949,0.000924075
13950,0.0014076749
13951,0.00075000006
13952,3e-05
13953,0.00032669998
13954,0.0009918751
13955,1.08e-05
13956,1.875e-06
13957,9.187501e-05
13958,0.00033667503
13959,0.000541875
13960,0.000399675
13961,5.4675e-05
13962,0.00015187502
13963,0.0011163
13964,0.00015187502
13965,0.0016428002
13966,0.0039675003
13967,0.0049152006
13968,0.0033075
13969,0.00081120007
13970,8.1674996e-05
13971,0.0021168
13972,0.005427075
13973,0.00768
13974,0.007536676
13975,0.005427075
13976,0.002679075
13977,0.000621075
13978,1.08e-05
13979,0.0008748
13980,0.0025668752
13981,0.004141875
13982,0.004838701
13983,0.0044286754
13984,0.0033075
13985,0.0020418752
13986,6.075e-06
13987,5.8800008e-05
13988,0.00020280002
13989,0.00013867502
13990,4.32e-05
13991,0.0015768749
13992,0.0060492004
13993,0.0113490755
13994,0.0126075
13995,0.0077763004
13996,0.0014076749
13997,0.0007203
13998,0.007394701
13999,0.014985676
14000,0.0157323
14001,0.0090306755
14002,0.0017786999
14003,0.0002523
14004,0.003796875
14005,0.0068856752
14006,0.0059643
14007,0.0025947
14008,0.00029767503
14009,0.00011407501
14010,0.0005547001
14011,0.00042187504
14012,5.8800008e-05
14013,1.9200002e-05
14014,3.9675004e-05
14015,1.9200002e-05
14016,0.000676875
14017,0.0023763
14018,0.0037296754
14019,0.002970075
14020,4.8000006e-06
14021,0.00043319998
14022,0.0013266751
14023,0.0020667
14024,0.0020667
14025,0.0014076749
14026,0.000648675
14027,0.000226875
14028,0.00012607501
14029,0.000195075
14030,0.0003888
14031,0.00043319998
14032,0.00010267501
14033,0.000226875
14034,0.0025392002
14035,0.007254075
14036,0.0110592
14037,0.000226875
14038,0.001098075
14039,0.0016650752
14040,0.0007650751
14041,3.3075e-05
14042,0.0023232002
14043,0.0068856752
14044,0.009345674
14045,0.007068676
14046,0.0024300003
14047,2.7074999e-05
14048,0.0011531999
14049,0.0033075
14050,0.0037296754
14051,0.0022446748
14052,0.00058080006
14053,3.0000004e-07
14054,0.00037807503
14055,0.000826875
14056,0.0007650751
14057,0.00028829998
14058,0.0
14059,6.3075e-05
14060,0.0009408001
14061,0.0023496752
14062,0.002910675
14063,0.0018486752
14064,0.00026107504
14065,0.00044467498
14066,0.003402675
14067,0.0071610743
14068,0.008416876
14069,0.005838076
14070,0.0016875002
14071,0.00015187502
14072,0.0027936753
14073,0.0071610743
14074,0.0103788
14075,0.010267501
14076,0.0067500006
14077,0.002091675
14078,6.075e-06
14079,0.0030300752
14080,0.010212075
14081,0.0171363
14082,0.018525677
14083,0.012916875
14084,0.0045387005
14085,4.32e-05
14086,0.0030906748
14087,0.0110592
14088,0.017641876
14089,0.018081075
14090,0.012669076
14091,1.4700002e-05
14092,3.6750005e-06
14093,0.00015870002
14094,0.000279075
14095,3.6750005e-06
14096,0.001098075
14097,0.0061776754
14098,0.0136746755
14099,0.017352076
14100,0.012979201
14101,0.004356075
14102,6.75e-07
14103,0.003933075
14104,0.0115248
14105,0.015052802
14106,0.011701876
14107,0.0052271998
14108,0.00079567503
14109,0.000108299995
14110,0.0012288002
14111,0.0018486752
14112,0.0013668751
14113,0.000541875
14114,7.680001e-05
14115,4.8000006e-06
14116,5.4675e-05
14117,3.9675004e-05
14118,3.0000004e-07
14119,7.680001e-05
14120,3.9675004e-05
14121,0.0006075001
14122,0.0018252002
14123,0.0027936753
14124,0.0024570748
14125,0.0009075
14126,6.075e-06
14127,0.0016428002
14128,0.0054675005
14129,0.00867
14130,0.0084672
14131,0.0049152006
14132,0.0010800001
14133,0.000108299995
14134,0.0023763
14135,0.005427075
14136,0.0065712007
14137,0.00507
14138,0.0023763
14139,0.00042187504
14140,4.32e-05
14141,0.00075000006
14142,0.0014700001
14143,0.001491075
14144,0.0008586751
14145,0.000180075
14146,2.7074999e-05
14147,0.00044467498
14148,0.00081120007
14149,0.0005547001
14150,3.6300004e-05
14151,0.00041070004
14152,0.0021930751
14153,0.0040368
14154,0.003796875
14155,0.0
14156,0.0002523
14157,0.0010800001
14158,0.0022188004
14159,0.0028227004
14160,0.0021168
14161,0.000621075
14162,2.1675003e-05
14163,0.0010443002
14164,0.0021930751
14165,2.1675003e-05
14166,2.7e-06
14167,1.4700002e-05
14168,0.00030720004
14169,0.00081120007
14170,0.0008427
14171,0.000226875
14172,0.00012607501
14173,0.0002187
14174,0.002910675
14175,0.0068403
14176,0.007824676
14177,3.6300004e-05
14178,1.6875001e-05
14179,7.500001e-08
14180,3.6300004e-05
14181,0.00030720004
14182,0.0011163
14183,0.0024300003
14184,0.0034992
14185,0.0035643002
14186,0.002511675
14187,0.0011163
14188,0.000195075
14189,1.6875001e-05
14190,0.00035707498
14191,0.000924075
14192,0.0016206751
14193,0.0024300003
14194,0.0032136752
14195,0.00363
14196,7.680001e-05
14197,0.0006627
14198,0.00010267501
14199,0.000826875
14200,3.9675004e-05
14201,7.2074996e-05
14202,4.8000006e-06
14203,0.00010267501
14204,0.00027000002
14205,0.0040368
14206,0.010156801
14207,0.012301876
14208,0.007489201
14209,0.0011531999
14210,0.00097470003
14211,0.0077763004
14212,0.014322677
14213,0.00032669998
14214,0.0018723003
14215,0.003796875
14216,0.0036963
14217,0.0013266751
14218,0.00012607501
14219,0.0023763
14220,0.005427075
14221,0.0058800005
14222,1.4700002e-05
14223,3.6750005e-06
14224,6.075e-06
14225,1.6875001e-05
14226,0.00032669998
14227,0.0009918751
14228,0.0014490751
14229,0.0011531999
14230,0.00041070004
14231,3.6750005e-06
14232,3.3075e-05
14233,0.00029767503
14234,0.00048
14235,0.00044467498
14236,0.000399675
14237,0.000516675
14238,5.8800008e-05
14239,0.00012607501
14240,0.0018723003
14241,0.0039675003
14242,0.0032448003
14243,0.00050430006
14244,0.0008748
14245,0.006526875
14246,0.0126075
14247,0.012792675
14248,0.0069768755
14249,0.0012288002
14250,0.00023520003
14251,0.0027075
14252,0.004575675
14253,0.0039675003
14254,0.0021675
14255,0.000826875
14256,0.00030720004
14257,0.000226875
14258,1.4700002e-05
14259,0.00015870002
14260,0.00024367501
14261,3.9675004e-05
14262,0.00020280002
14263,0.0015123001
14264,0.0032760752
14265,0.0034992
14266,0.0016875002
14267,3.6300004e-05
14268,0.0012096752
14269,0.0045387005
14270,0.0061776754
14271,0.003933075
14272,0.00049207505
14273,0.000924075
14274,0.006006675
14275,0.010546875
14276,0.0091875
14277,0.0033075
14278,7.500001e-08
14279,0.0034347004
14280,0.009720001
14281,0.011583676
14282,6.7500005e-05
14283,0.00011407501
14284,0.00026107504
14285,0.00032669998
14286,0.0001323
14287,1.6875001e-05
14288,0.000621075
14289,0.0019926752
14290,0.003151875
14291,0.0030000003
14292,7.5e-06
14293,6.75e-07
14294,1.2000002e-06
14295,3.9675004e-05
14296,2.7074999e-05
14297,0.00050430006
14298,0.0015552
14299,0.0024300003
14300,0.0023496752
14301,0.001287075
14302,6.075e-06
14303,0.000226875
14304,0.000648675
14305,0.0012480749
14306,0.000108299995
14307,0.0014076749
14308,0.0002523
14309,0.0022446748
14310,0.0035316749
14311,0.0017327999
14312,2.7e-06
14313,0.00044467498
14314,0.005346675
14315,0.010267501
14316,0.008772301
14317,0.0029403002
14318,6.75e-07
14319,0.0024843
14320,0.0057963002
14321,0.005548801
14322,0.0026226752
14323,0.00041070004
14324,2.43e-05
14325,0.000279075
14326,2.7e-06
14327,1.875e-06
14328,2.7e-06
14329,0.00010267501
14330,0.00043319998
14331,0.00079567503
14332,0.00081120007
14333,0.00043319998
14334,8.670001e-05
14335,4.8000006e-06
14336,1.6875001e-05
14337,1.875e-06
14338,5.8800008e-05
14339,0.00010267501
14340,1.4700002e-05
14341,0.00013867502
14342,0.001098075
14343,0.0001728
14344,0.0018486752
14345,0.0038646753
14346,0.0035643002
14347,0.0011531999
14348,4.32e-05
14349,0.0021930751
14350,0.005346675
14351,0.0059643
14352,0.0036630754
14353,0.0010800001
14354,5.0700004e-05
14355,3.6300004e-05
14356,1.9200002e-05
14357,3.6300004e-05
14358,0.000195075
14359,5.8800008e-05
14360,0.000316875
14361,0.000399675
14362,0.0007650751
14363,0.0011346751
14364,0.012120301
14365,0.020202074
14366,0.011701876
14367,0.00028829998
14368,0.009135076
14369,0.0338688
14370,0.044814676
14371,0.027633674
14372,0.0043200003
14373,0.002736075
14374,0.0019683002
14375,0.017280001
14376,0.02910968
14377,0.00033667503
14378,0.00081120007
14379,0.001171875
14380,0.0008748
14381,0.00015870002
14382,0.00014520001
14383,0.0001323
14384,0.0014700001
14385,0.002910675
14386,0.002736075
14387,1.875e-06
14388,1.2675001e-05
14389,9.075001e-06
14390,3.0000004e-07
14391,7.5e-06
14392,1.2000002e-06
14393,0.00015187502
14394,0.0008427
14395,0.0020172002
14396,0.0027075
14397,2.43e-05
14398,2.1675003e-05
14399,9.075001e-06
14400,5.4675e-05
14401,0.0011163
14402,0.00023520003
14403,0.0023763
14404,0.0046500755
14405,0.0039675003
14406,0.0010800001
14407,0.0001323
14408,0.002970075
14409,0.006660301
14410,0.0072075003
14411,3.6300004e-05
14412,9.72e-05
14413,2.7074999e-05
14414,0.00028829998
14415,0.00046807507
14416,0.00018750002
14417,3.3075e-05
14418,0.000924075
14419,0.0027648
14420,0.0042483
14421,0.0043200003
14422,0.002970075
14423,0.001171875
14424,6.7500005e-05
14425,0.00042187504
14426,0.0024030753
14427,0.005427075
14428,0.007970701
14429,0.008316676
14430,0.005838076
14431,0.0021168
14432,3.3075e-05
14433,0.0012288002
14434,0.0044286754
14435,0.0067050746
14436,0.0063948
14437,0.004212675
14438,0.0019440751
14439,0.000594075
14440,9.187501e-05
14441,6.75e-07
14442,9.72e-05
14443,0.00042187504
14444,0.0011163
14445,0.0020667
14446,0.002736075
14447,0.0025392002
14448,0.0015768749
14449,0.000567675
14450,7.2074996e-05
14451,1.875e-06
14452,2.43e-05
14453,3.6300004e-05
14454,9.72e-05
14455,0.00045630004
14456,0.0016206751
14457,0.00363
14458,0.0052271998
14459,0.0046127997
14460,0.0019683002
14461,3.6300004e-05
14462,0.001287075
14463,0.00035707498
14464,0.0035316749
14465,0.0073008006
14466,0.0077763004
14467,0.0045387005
14468,1.08e-05
14469,0.00035707498
14470,2.1675003e-05
14471,0.000195075
14472,0.000648675
14473,0.0013668751
14474,0.0018960749
14475,3.6300004e-05
14476,0.000165675
14477,0.0002523
14478,0.0001323
14479,3.6750005e-06
14480,6.3075e-05
14481,0.00015187502
14482,9.72e-05
14483,7.5e-06
14484,1.4700002e-05
14485,2.43e-05
14486,4.8000006e-06
14487,0.0001728
14488,0.000594075
14489,0.000957675
14490,1.9200002e-05
14491,0.00012607501
14492,0.00029767503
14493,0.00033667503
14494,7.500001e-08
14495,8.1674996e-05
14496,0.0005547001
14497,0.0017786999
14498,0.0034992
14499,0.0043923
14500,0.0032760752
14501,0.00089107506
14502,0.00011407501
14503,0.0027648
14504,0.0067950753
14505,0.008167501
14506,0.0053868005
14507,0.0015123001
14508,7.500001e-08
14509,0.00073507504
14510,0.0012288002
14511,0.0005547001
14512,6.075e-06
14513,0.00018750002
14514,0.000165675
14515,6.3075e-05
14516,0.0017786999
14517,0.005589675
14518,0.007970701
14519,7.680001e-05
14520,0.000108299995
14521,1.2000002e-06
14522,2.7074999e-05
14523,0.000676875
14524,0.0023763
14525,0.0043200003
14526,0.0050310753
14527,0.0038307
14528,0.0016875002
14529,0.000165675
14530,0.000316875
14531,0.002091675
14532,0.0045018755
14533,0.006091875
14534,0.0057131997
14535,0.003402675
14536,0.00079567503
14537,6.3075e-05
14538,0.0016428002
14539,0.0035316749
14540,7.2074996e-05
14541,0.00026107504
14542,0.00030720004
14543,0.00015870002
14544,2.7074999e-05
14545,7.5e-06
14546,9.72e-05
14547,8.1674996e-05
14548,0.0013266751
14549,0.0033075
14550,0.0033708
14551,0.001026675
14552,0.000210675
14553,0.0043923
14554,0.010773076
14555,0.0125460755
14556,0.0077280756
14557,3e-05
14558,0.0009918751
14559,0.0018486752
14560,0.0016428002
14561,0.0008586751
14562,0.00026107504
14563,5.0700004e-05
14564,2.1675003e-05
14565,6.7500005e-05
14566,0.0002187
14567,0.00042187504
14568,1.9200002e-05
14569,0.0001728
14570,2.1675003e-05
14571,1.6875001e-05
14572,9.72e-05
14573,3.9675004e-05
14574,6.3075e-05
14575,0.000826875
14576,0.0023496752
14577,0.0034668753
14578,0.0030300752
14579,0.0014700001
14580,0.00020280002
14581,9.187501e-05
14582,6.3075e-05
14583,0.00063480006
14584,0.0015123001
14585,0.0023496752
14586,0.00012
14587,0.0014700001
14588,0.0042483
14589,0.005838076
14590,0.0038307
14591,0.000541875
14592,0.0007803
14593,0.005427075
14594,0.0095052
14595,0.008416876
14596,0.0036630754
14597,0.000316875
14598,0.00035707498
14599,0.0013067999
14600,0.0009408001
14601,9.72e-05
14602,0.000165675
14603,0.0005547001
14604,0.00026107504
14605,5.0700004e-05
14606,0.001026675
14607,0.0023763
14608,0.0024570748
14609,0.0011531999
14610,9.72e-05
14611,0.000108299995
14612,1.6875001e-05
14613,1.6875001e-05
14614,7.5e-06
14615,9.187501e-05
14616,6.7500005e-05
14617,3.3075e-05
14618,0.0008586751
14619,0.002910675
14620,0.0046875
14621,8.670001e-05
14622,0.00035707498
14623,0.000516675
14624,0.00027000002
14625,2.7e-06
14626,4.6875004e-05
14627,0.0006075001
14628,0.0013668751
14629,0.0017556751
14630,0.001710075
14631,0.001491075
14632,0.0013266751
14633,0.0011346751
14634,0.0007203
14635,0.00012607501
14636,0.00020280002
14637,0.002142075
14638,0.0058800005
14639,0.008978699
14640,0.0084672
14641,0.004284075
14642,0.00044467498
14643,0.000826875
14644,0.004800675
14645,0.007921875
14646,0.0069311997
14647,0.0032448003
14648,1.9200002e-05
14649,0.00027000002
14650,0.000180075
14651,1.875e-06
14652,8.1674996e-05
14653,7.2074996e-05
14654,4.32e-05
14655,0.00097470003
14656,0.0029403002
14657,0.004002075
14658,0.002511675
14659,0.00023520003
14660,0.0009408001
14661,0.005187676
14662,0.008619075
14663,0.00012607501
14664,0.00042187504
14665,0.0005547001
14666,0.00024367501
14667,9.075001e-06
14668,0.0007056751
14669,0.0023232002
14670,0.0037296754
14671,0.003796875
14672,0.0024030753
14673,0.0006627
14674,6.7500005e-05
14675,0.0013067999
14676,0.0037296754
14677,0.006006675
14678,0.006438676
14679,0.0043200003
14680,0.0012096752
14681,3e-05
14682,0.0018960749
14683,0.00027000002
14684,0.0022188004
14685,0.000195075
14686,0.0014490751
14687,0.0027648
14688,8.670001e-05
14689,0.00073507504
14690,0.0019926752
14691,0.0026226752
14692,0.0015552
14693,4.32e-05
14694,0.0015987
14695,0.007394701
14696,0.013041675
14697,0.0126075
14698,0.0059643
14699,0.00033667503
14700,0.0020667
14701,0.00867
14702,0.00045630004
14703,0.0030906748
14704,0.0059643
14705,0.006006675
14706,0.0032760752
14707,0.000594075
14708,8.670001e-05
14709,0.001062075
14710,0.0019926752
14711,0.0021930751
14712,0.0018723003
14713,0.0014490751
14714,0.001062075
14715,0.0006912
14716,0.000279075
14717,1.08e-05
14718,0.000165675
14719,0.000826875
14720,0.0016875002
14721,0.0021930751
14722,0.0020418752
14723,0.0013668751
14724,0.000594075
14725,8.670001e-05
14726,2.43e-05
14727,0.00043319998
14728,0.001287075
14729,0.0023232002
14730,0.002910675
14731,0.002511675
14732,4.8000006e-06
14733,4.8000006e-06
14734,7.2074996e-05
14735,4.32e-05
14736,0.000826875
14737,0.0027075
14738,0.0042483
14739,0.0034992
14740,0.001062075
14741,7.680001e-05
14742,0.0027075
14743,0.0069311997
14744,0.0082668
14745,0.0052271998
14746,0.001098075
14747,0.00018750002
14748,0.002736075
14749,0.004953675
14750,0.003933075
14751,0.0011907001
14752,6.075e-06
14753,0.0010443002
14754,0.0017786999
14755,0.00075000006
14756,5.0700004e-05
14757,0.0022188004
14758,0.00036750003
14759,0.0030300752
14760,0.000180075
14761,0.00058080006
14762,0.00012607501
14763,0.00063480006
14764,0.0051090755
14765,0.011466076
14766,0.012979201
14767,0.0070227003
14768,0.0005547001
14769,0.0023496752
14770,0.011701876
14771,0.018600302
14772,0.0155952005
14773,0.006438676
14774,0.000399675
14775,0.00030720004
14776,0.0027936753
14777,0.003796875
14778,0.0020667
14779,0.0002523
14780,0.00012607501
14781,0.000516675
14782,0.00018750002
14783,0.00012
14784,0.0015336752
14785,0.0032136752
14786,0.0030603004
14787,0.0012480749
14788,3e-05
14789,0.00045630004
14790,0.0011907001
14791,0.0009408001
14792,0.00024367501
14793,1.875e-06
14794,7.500001e-08
14795,0.00026107504
14796,0.0020667
14797,0.0054675005
14798,0.007254075
14799,0.0045018755
14800,0.0003888
14801,0.0019440751
14802,0.010659676
14803,0.018525677
14804,0.016921874
14805,1.2675001e-05
14806,8.1674996e-05
14807,0.00014520001
14808,9.72e-05
14809,5.8800008e-05
14810,8.1674996e-05
14811,0.00023520003
14812,0.0006627
14813,0.0013467001
14814,8.670001e-05
14815,0.000924075
14816,0.0021675
14817,0.0023232002
14818,0.0009408001
14819,4.8000006e-06
14820,0.0016875002
14821,0.005346675
14822,0.007824676
14823,0.006660301
14824,0.0030000003
14825,0.000226875
14826,0.00020280002
14827,0.002736075
14828,0.0059643
14829,0.0068403
14830,0.0046127997
14831,0.0014076749
14832,3.6750005e-06
14833,0.0007650751
14834,0.0017556751
14835,0.0014076749
14836,0.00037807503
14837,2.7e-06
14838,0.0001728
14839,3.3075e-05
14840,0.00045630004
14841,0.0033390748
14842,0.0075842994
14843,0.0083667
14844,0.0037632005
14845,1.2000002e-06
14846,0.0062208
14847,0.021547202
14848,0.032571074
14849,0.000516675
14850,0.002091675
14851,0.0030906748
14852,0.0
14853,0.0007056751
14854,0.004212675
14855,0.010434675
14856,0.015120075
14857,0.013419676
14858,0.006134701
14859,0.0001323
14860,0.0030300752
14861,0.0073008006
14862,0.009612301
14863,0.008619075
14864,0.0053067002
14865,0.00192
14866,0.00015870002
14867,0.000195075
14868,0.0010443002
14869,0.0016650752
14870,0.0017327999
14871,0.0014700001
14872,0.0012096752
14873,0.001098075
14874,0.0010443002
14875,0.00089107506
14876,0.000516675
14877,9.187501e-05
14878,6.3075e-05
14879,0.000648675
14880,0.001491075
14881,7.2074996e-05
14882,0.0006912
14883,0.0019683002
14884,0.0031827001
14885,0.0034668753
14886,3.9675004e-05
14887,0.00020280002
14888,0.00037807503
14889,0.00014520001
14890,0.0001323
14891,0.0021930751
14892,0.0067050746
14893,0.0106032
14894,0.010101676
14895,0.005346675
14896,0.00079567503
14897,0.000226875
14898,0.0030603004
14899,0.006615675
14900,0.008118075
14901,0.0071610743
14902,0.004953675
14903,0.0026508
14904,0.0009408001
14905,7.2074996e-05
14906,0.00023520003
14907,0.0014490751
14908,0.0030603004
14909,0.00014520001
14910,0.0012288002
14911,0.0028227004
14912,0.003402675
14913,0.0024030753
14914,0.0010092
14915,0.000195075
14916,3.6750005e-06
14917,4.8000006e-06
14918,7.2074996e-05
14919,3.9675004e-05
14920,0.00089107506
14921,0.0031827001
14922,0.005427075
14923,0.0049922997
14924,0.0019440751
14925,0.000108299995
14926,0.00192
14927,0.0035970751
14928,0.0025392002
14929,0.000279075
14930,0.00089107506
14931,0.004953675
14932,0.00029767503
14933,0.0014700001
14934,0.0012675
14935,1.08e-05
14936,0.0025392002
14937,0.0110592
14938,0.019051202
14939,0.00037807503
14940,0.0014700001
14941,0.001710075
14942,0.000316875
14943,0.0008586751
14944,0.0071610743
14945,0.0162867
14946,0.020046677
14947,0.0143883005
14948,6.75e-07
14949,0.000399675
14950,0.00073507504
14951,0.0008586751
14952,0.0011907001
14953,0.0021168
14954,0.0002187
14955,0.002910675
14956,0.0077763004
14957,0.009558675
14958,0.0053868005
14959,0.00044467498
14960,0.001710075
14961,0.008517676
14962,0.013104301
14963,0.010434675
14964,0.004002075
14965,0.00018750002
14966,0.00079567503
14967,0.0024843
14968,0.0023496752
14969,0.000924075
14970,1.2675001e-05
14971,0.000108299995
14972,1.08e-05
14973,0.00015187502
14974,0.0007650751
14975,0.001171875
14976,0.00075000006
14977,8.670001e-05
14978,0.00020280002
14979,0.001171875
14980,0.0020172002
14981,3.9675004e-05
14982,0.0002187
14983,0.00045630004
14984,0.00042187504
14985,0.000108299995
14986,5.0700004e-05
14987,0.00073507504
14988,0.000108299995
14989,0.001026675
14990,0.0020172002
14991,0.0018486752
14992,7.500001e-08
14993,9.187501e-05
14994,0.00026107504
14995,0.00036750003
14996,0.00035707498
14997,0.00028829998
14998,0.00023520003
14999,6.075e-06
15000,0.00010267501
15001,0.00037807503
15002,0.000621075
15003,0.000541875
15004,0.00018750002
15005,2.7e-06
15006,0.00035707498
15007,0.0011907001
15008,0.0020418752
15009,0.0024843
15010,0.0023232002
15011,0.0016650752
15012,0.00081120007
15013,3.6750005e-06
15014,0.00013867502
15015,0.00045630004
15016,0.001026675
15017,0.0018723003
15018,0.002736075
15019,0.003151875
15020,0.002679075
15021,0.0015123001
15022,0.00037807503
15023,6.075e-06
15024,0.00050430006
15025,0.0013872002
15026,0.0020172002
15027,0.002091675
15028,0.0017786999
15029,0.0013668751
15030,0.0010092
15031,0.0007650751
15032,0.0005547001
15033,0.00028829998
15034,3e-05
15035,4.32e-05
15036,0.0009075
15037,0.00023520003
15038,0.0029403002
15039,0.0072075003
15040,0.00026107504
15041,0.0014076749
15042,0.0019440751
15043,0.0008427
15044,1.6875001e-05
15045,0.0017786999
15046,0.0049152006
15047,0.0059220744
15048,0.0036630754
15049,0.0007650751
15050,0.00011407501
15051,0.0018018751
15052,0.0037296754
15053,0.0042483
15054,0.0032448003
15055,0.0016428002
15056,0.00033667503
15057,7.2074996e-05
15058,0.001491075
15059,0.00035707498
15060,0.004725075
15061,0.012120301
15062,0.014851876
15063,0.008619075
15064,0.0001323
15065,0.0040368
15066,0.010267501
15067,0.01323
15068,0.010267501
15069,0.0044652
15070,0.000594075
15071,0.00014520001
15072,0.0010092
15073,2.7074999e-05
15074,0.00012607501
15075,3e-05
15076,0.000621075
15077,0.0023763
15078,0.0047628004
15079,0.0060492004
15080,0.004953675
15081,0.0022446748
15082,0.000226875
15083,0.00029767503
15084,0.0016650752
15085,0.0025947
15086,5.0700004e-05
15087,0.000399675
15088,0.0013467001
15089,0.0025947
15090,0.0031827001
15091,0.0024570748
15092,0.00097470003
15093,3e-05
15094,0.00042187504
15095,0.0015552
15096,0.002142075
15097,0.0015336752
15098,0.00044467498
15099,1.2000002e-06
15100,5.0700004e-05
15101,0.000399675
15102,0.000399675
15103,3.3075e-05
15104,0.00037807503
15105,0.002142075
15106,0.0002187
15107,0.0018018751
15108,0.0001323
15109,0.000567675
15110,0.00027000002
15111,0.00013867502
15112,0.0025947
15113,0.007068676
15114,0.009135076
15115,0.0059643
15116,0.001062075
15117,0.00030720004
15118,0.0045018755
15119,0.009292801
15120,0.009292801
15121,0.0046875
15122,4.6875004e-05
15123,0.00011407501
15124,0.0010092
15125,0.0018018751
15126,0.001710075
15127,0.00097470003
15128,6.75e-07
15129,3.6300004e-05
15130,5.0700004e-05
15131,5.0700004e-05
15132,9.72e-05
15133,1.9200002e-05
15134,0.00036750003
15135,0.0011531999
15136,0.0016875002
15137,0.0012675
15138,0.0002523
15139,0.00018750002
15140,0.0021168
15141,0.005187676
15142,0.007068676
15143,0.006134701
15144,0.002970075
15145,0.00030720004
15146,0.0006912
15147,0.004575675
15148,0.009720001
15149,0.012669076
15150,0.011174701
15151,0.006006675
15152,0.0010092
15153,0.000594075
15154,0.0063510756
15155,0.014918702
15156,0.0198147
15157,0.0165675
15158,0.007536676
15159,0.0005547001
15160,0.002091675
15161,0.010659676
15162,0.0178608
15163,0.016708802
15164,0.00867
15165,0.0014490751
15166,0.00034680005
15167,0.0035316749
15168,0.0055080755
15169,0.0038988001
15170,0.0011346751
15171,4.6875004e-05
15172,0.00041070004
15173,0.0002523
15174,3.6750005e-06
15175,0.000594075
15176,0.00011407501
15177,0.0009918751
15178,0.0018960749
15179,3.9675004e-05
15180,0.0001728
15181,7.5e-06
15182,3.6750005e-06
15183,8.670001e-05
15184,0.0009918751
15185,0.0035316749
15186,0.0067500006
15187,0.00023520003
15188,0.0014076749
15189,0.00192
15190,6.075e-06
15191,0.000957675
15192,0.004284075
15193,0.008416876
15194,0.0091875
15195,0.0052271998
15196,0.0006912
15197,0.0007803
15198,0.0053067002
15199,0.008978699
15200,0.007873201
15201,0.00363
15202,0.00045630004
15203,0.000195075
15204,0.0013266751
15205,0.0018723003
15206,0.0014490751
15207,0.000826875
15208,0.00049207505
15209,1.4700002e-05
15210,0.0002523
15211,0.00081120007
15212,0.000924075
15213,0.0002523
15214,0.00018750002
15215,0.0023763
15216,0.0059220744
15217,0.0075842994
15218,7.2074996e-05
15219,0.00018750002
15220,0.0002187
15221,3.3075e-05
15222,0.0001728
15223,0.0012675
15224,0.0027648
15225,0.0031827001
15226,0.0020172002
15227,0.000541875
15228,7.500001e-08
15229,0.000226875
15230,0.000316875
15231,9.187501e-05
15232,3.6750005e-06
15233,6.7500005e-05
15234,1.08e-05
15235,0.00015870002
15236,0.0011163
15237,0.0024570748
15238,0.0027936753
15239,0.0016206751
15240,0.0002187
15241,0.000210675
15242,0.0014282999
15243,0.0022446748
15244,2.43e-05
15245,7.2074996e-05
15246,0.0001323
15247,0.00013867502
15248,7.680001e-05
15249,1.2675001e-05
15250,3.0000004e-07
15251,3.0000004e-07
15252,2.1675003e-05
15253,0.0001728
15254,0.00042187504
15255,0.00046807507
15256,0.000165675
15257,2.43e-05
15258,0.0007203
15259,0.0019683002
15260,0.0024843
15261,0.0015768749
15262,1.08e-05
15263,4.6875004e-05
15264,5.0700004e-05
15265,0.000516675
15266,0.000924075
15267,0.0007650751
15268,0.0
15269,1.2675001e-05
15270,2.7e-06
15271,1.6875001e-05
15272,0.00010267501
15273,0.0001323
15274,1.2000002e-06
15275,0.00010267501
15276,4.6875004e-05
15277,0.00063480006
15278,0.0015768749
15279,5.0700004e-05
15280,0.00024367501
15281,0.00026107504
15282,4.8000006e-06
15283,0.00027000002
15284,0.001098075
15285,0.0022446748
15286,0.0028812
15287,0.0024030753
15288,2.7e-06
15289,3.6750005e-06
15290,2.1675003e-05
15291,0.00011407501
15292,0.00046807507
15293,0.0013467001
15294,0.0026508
15295,0.0038307
15296,0.00012
15297,0.0009918751
15298,0.0022446748
15299,0.0019683002
15300,0.00028829998
15301,0.00089107506
15302,0.0006912
15303,0.008517676
15304,0.001062075
15305,0.008316676
15306,0.013356299
15307,0.008167501
15308,0.00058080006
15309,0.0031827001
15310,0.0010800001
15311,0.008978699
15312,0.01452
15313,0.010323075
15314,1.6875001e-05
15315,0.0007203
15316,0.0006912
15317,2.7074999e-05
15318,0.00058080006
15319,0.0019926752
15320,0.0018486752
15321,0.00023520003
15322,0.00097470003
15323,0.006438676
15324,0.012979201
15325,0.014126699
15326,0.0083667
15327,0.0015552
15328,0.00050430006
15329,0.005838076
15330,0.011940075
15331,0.013419676
15332,0.009720001
15333,0.004575675
15334,0.0011907001
15335,1.6875001e-05
15336,0.0001323
15337,0.00011407501
15338,0.00015870002
15339,6.7500005e-05
15340,0.000279075
15341,0.005548801
15342,0.0011907001
15343,0.0124848
15344,0.024796875
15345,0.020750703
15346,0.004725075
15347,0.0020667
15348,0.0027648
15349,0.030912302
15350,0.061971076
15351,0.05821208
15352,1.08e-05
15353,0.001171875
15354,0.0031827001
15355,0.004356075
15356,0.0045018755
15357,0.004141875
15358,0.0034992
15359,0.0025947
15360,0.0014282999
15361,0.0003888
15362,3.6750005e-06
15363,0.000516675
15364,0.0014700001
15365,0.0020667
15366,0.0019440751
15367,0.0013668751
15368,0.00081120007
15369,0.00049207505
15370,0.00035707498
15371,0.00026107504
15372,0.00010267501
15373,2.7e-06
15374,5.4675e-05
15375,0.000924075
15376,0.0024843
15377,0.0032448003
15378,0.0022707
15379,0.0006075001
15380,1.2675001e-05
15381,0.0007056751
15382,0.0013467001
15383,0.0010443002
15384,0.00032669998
15385,1.875e-06
15386,9.72e-05
15387,0.00015187502
15388,5.8800008e-05
15389,6.75e-07
15390,1.875e-06
15391,7.500001e-08
15392,7.500001e-08
15393,6.075e-06
15394,7.680001e-05
15395,0.00035707498
15396,0.0007650751
15397,0.0008586751
15398,0.00037807503
15399,1.2000002e-06
15400,0.0006627
15401,0.0020172002
15402,0.0024570748
15403,4.8000006e-06
15404,1.2675001e-05
15405,7.2074996e-05
15406,0.000108299995
15407,4.6875004e-05
15408,9.075001e-06
15409,0.000226875
15410,5.0700004e-05
15411,0.0005547001
15412,0.001098075
15413,0.0008748
15414,9.075001e-06
15415,0.00044467498
15416,0.0016206751
15417,0.0030603004
15418,0.0038307
15419,0.0032448003
15420,0.0015768749
15421,0.00014520001
15422,0.00042187504
15423,0.0025947
15424,0.00507
15425,0.005838076
15426,0.004284075
15427,0.0017786999
15428,0.00020280002
15429,4.6875004e-05
15430,0.00044467498
15431,0.000648675
15432,0.000541875
15433,0.00042187504
15434,0.00049207505
15435,0.00089107506
15436,0.0015987
15437,0.0021168
15438,0.001710075
15439,0.000541875
15440,3e-05
15441,0.000180075
15442,0.002296875
15443,0.0050310753
15444,0.0055080755
15445,0.0032448003
15446,0.0007203
15447,3.3075e-05
15448,0.00011407501
15449,0.0011163
15450,0.0022446748
15451,0.0025668752
15452,0.0019440751
15453,0.0008748
15454,9.72e-05
15455,0.00010267501
15456,0.0006627
15457,0.0010092
15458,0.000676875
15459,9.72e-05
15460,0.000108299995
15461,0.0006912
15462,0.0008427
15463,0.00023520003
15464,0.0001323
15465,0.0017327999
15466,0.003796875
15467,0.0038307
15468,0.0016206751
15469,1.9200002e-05
15470,0.0010443002
15471,0.003151875
15472,0.0035316749
15473,0.00192
15474,0.000399675
15475,1.08e-05
15476,6.75e-07
15477,0.000210675
15478,0.0010443002
15479,6.3075e-05
15480,0.000195075
15481,6.075e-06
15482,0.0006912
15483,0.0036630754
15484,0.0071147997
15485,0.0070227003
15486,0.003151875
15487,9.72e-05
15488,0.0013872002
15489,0.004575675
15490,0.0050310753
15491,0.0024843
15492,0.000279075
15493,0.00012607501
15494,0.00043319998
15495,6.7500005e-05
15496,0.00034680005
15497,0.0020667
15498,0.0033390748
15499,0.002296875
15500,0.00030720004
15501,0.00018750002
15502,0.0027648
15503,0.0063510756
15504,0.00768
15505,0.0059643
15506,0.002910675
15507,0.000648675
15508,6.075e-06
15509,0.000108299995
15510,0.0015768749
15511,0.004575675
15512,0.00037807503
15513,0.0038646753
15514,0.008772301
15515,0.0090306755
15516,0.0036630754
15517,1.875e-06
15518,0.0035970751
15519,0.0099372
15520,0.0106032
15521,0.0050310753
15522,0.00035707498
15523,0.00089107506
15524,0.0031212
15525,0.0025392002
15526,0.00034680005
15527,0.000541875
15528,0.0030906748
15529,0.0041772006
15530,7.5e-06
15531,1.08e-05
15532,0.000195075
15533,0.000621075
15534,0.0012675
15535,0.0019926752
15536,0.0025668752
15537,0.0025668752
15538,0.0016875002
15539,0.00042187504
15540,9.187501e-05
15541,0.0018960749
15542,0.0052271998
15543,0.0074418755
15544,0.0063074995
15545,6.075e-06
15546,1.875e-06
15547,1.2000002e-06
15548,1.875e-06
15549,6.75e-07
15550,7.500001e-08
15551,3.3075e-05
15552,3.6300004e-05
15553,0.000108299995
15554,0.0018252002
15555,0.0049922997
15556,0.006438676
15557,0.0039675003
15558,0.00044467498
15559,0.001098075
15560,0.0064827004
15561,0.01083
15562,0.008978699
15563,0.0032136752
15564,2.1675003e-05
15565,0.001710075
15566,0.0041772006
15567,0.0034992
15568,0.000957675
15569,1.2675001e-05
15570,0.0007203
15571,0.00079567503
15572,5.8800008e-05
15573,0.00050430006
15574,0.0020418752
15575,0.0021930751
15576,0.0005292
15577,0.00028829998
15578,0.0031212
15579,0.0057963002
15580,0.0044652
15581,1.9200002e-05
15582,0.000957675
15583,0.00013867502
15584,0.0011346751
15585,0.0020172002
15586,0.0015987
15587,0.00044467498
15588,1.4700002e-05
15589,0.000621075
15590,5.8800008e-05
15591,0.00042187504
15592,0.00081120007
15593,0.0009408001
15594,0.0007650751
15595,0.00044467498
15596,0.00013867502
15597,6.75e-07
15598,0.00013867502
15599,5.0700004e-05
15600,0.0007056751
15601,0.00192
15602,0.0026508
15603,0.0020667
15604,0.000676875
15605,6.75e-07
15606,0.00073507504
15607,0.0019926752
15608,0.0023496752
15609,0.0015768749
15610,0.000541875
15611,3.9675004e-05
15612,2.1675003e-05
15613,4.6875004e-05
15614,4.8000006e-06
15615,1.2675001e-05
15616,1.6875001e-05
15617,2.7074999e-05
15618,0.000541875
15619,0.0019683002
15620,0.0034668753
15621,0.0033708
15622,0.0014076749
15623,9.72e-05
15624,0.00029767503
15625,0.004141875
15626,0.010101676
15627,0.012060075
15628,0.007254075
15629,0.00097470003
15630,0.0013467001
15631,0.009558675
15632,0.0178608
15633,0.00046807507
15634,0.002910675
15635,0.00030720004
15636,0.002142075
15637,0.0025668752
15638,0.00049207505
15639,0.001026675
15640,0.0082668
15641,0.0171363
15642,0.00049207505
15643,0.0025947
15644,0.004071675
15645,0.0023496752
15646,0.000108299995
15647,0.0031212
15648,0.0090828
15649,0.013293076
15650,0.011701876
15651,0.0057131997
15652,0.0007203
15653,0.0006075001
15654,0.000399675
15655,0.0041772006
15656,0.008926875
15657,0.0103788
15658,0.007347675
15659,0.0028518748
15660,0.00027000002
15661,8.1674996e-05
15662,0.00075000006
15663,5.4675e-05
15664,0.0005292
15665,0.0001323
15666,0.00192
15667,0.0053868005
15668,0.0074418755
15669,0.005589675
15670,0.0015987
15671,5.0700004e-05
15672,0.0026508
15673,0.006091875
15674,0.0062208
15675,0.0031827001
15676,0.00049207505
15677,7.2074996e-05
15678,0.000541875
15679,0.00030720004
15680,3e-05
15681,0.000516675
15682,0.0007203
15683,0.00012
15684,0.00048
15685,0.0034668753
15686,0.0069311997
15687,0.0065712007
15688,0.0024300003
15689,1.08e-05
15690,0.0033075
15691,0.0085683
15692,0.008978699
15693,0.004002075
15694,0.00012607501
15695,0.0015987
15696,0.004876875
15697,0.004575675
15698,0.0013067999
15699,7.680001e-05
15700,0.0021675
15701,0.00363
15702,0.0019926752
15703,5.4675e-05
15704,0.00023520003
15705,0.0026226752
15706,0.0041772006
15707,0.0025668752
15708,0.00024367501
15709,0.0006627
15710,0.0032136752
15711,0.0044286754
15712,0.0028227004
15713,0.00058080006
15714,8.670001e-05
15715,0.0013067999
15716,0.002511675
15717,0.0025947
15718,2.43e-05
15719,0.000180075
15720,0.00058080006
15721,1.6875001e-05
15722,9.075001e-06
15723,0.00011407501
15724,0.001098075
15725,0.0029403002
15726,0.0037632005
15727,0.0022188004
15728,4.32e-05
15729,0.0012480749
15730,0.000180075
15731,0.0014700001
15732,0.0024030753
15733,0.001491075
15734,2.43e-05
15735,0.00058080006
15736,3.3075e-05
15737,5.4675e-05
15738,1.4700002e-05
15739,0.000567675
15740,0.0018018751
15741,7.2074996e-05
15742,1.08e-05
15743,3.0000004e-07
15744,0.00036750003
15745,0.0021675
15746,0.000279075
15747,0.0024843
15748,0.0001728
15749,5.0700004e-05
15750,0.000165675
15751,3.6750005e-06
15752,0.000226875
15753,0.000676875
15754,0.000826875
15755,0.00049207505
15756,0.0001323
15757,2.1675003e-05
15758,4.6875004e-05
15759,0.00030720004
15760,6.7500005e-05
15761,0.000621075
15762,0.0008748
15763,0.0002187
15764,0.00029767503
15765,0.0030300752
15766,0.0069768755
15767,0.008316676
15768,0.005589675
15769,0.0016650752
15770,6.75e-07
15771,0.001098075
15772,0.002910675
15773,0.0038646753
15774,0.0038646753
15775,0.0036630754
15776,0.0035316749
15777,0.0031827001
15778,2.7074999e-05
15779,5.8800008e-05
15780,7.5e-06
15781,0.00023520003
15782,0.0018486752
15783,0.004838701
15784,0.0068856752
15785,0.0057963002
15786,0.002511675
15787,0.000210675
15788,0.00030720004
15789,9.187501e-05
15790,5.4675e-05
15791,0.0005547001
15792,0.0013067999
15793,0.0020418752
15794,0.000108299995
15795,0.0013872002
15796,0.0043200003
15797,0.006660301
15798,0.005589675
15799,0.0018252002
15800,5.4675e-05
15801,0.0038988001
15802,0.011407499
15803,0.016356675
15804,0.014322677
15805,0.007068676
15806,5.8800008e-05
15807,0.0015123001
15808,0.0033075
15809,0.004212675
15810,0.004002075
15811,0.0030603004
15812,0.0018018751
15813,0.0006912
15814,8.670001e-05
15815,5.0700004e-05
15816,0.00045630004
15817,0.0011163
15818,0.0018723003
15819,0.0026226752
15820,0.0030906748
15821,0.0027648
15822,0.0014700001
15823,0.00012
15824,0.0007650751
15825,0.0046875
15826,0.009991876
15827,0.00041070004
15828,0.0028518748
15829,0.00507
15830,0.0033708
15831,8.670001e-05
15832,0.0027936753
15833,0.007873201
15834,0.010773076
15835,0.0084672
15836,1.875e-06
15837,4.32e-05
15838,3.3075e-05
15839,0.0
15840,1.9200002e-05
15841,0.00034680005
15842,0.00015187502
15843,0.0024030753
15844,0.006615675
15845,0.008978699
15846,0.0067050746
15847,0.0021168
15848,0.00013867502
15849,0.0022707
15850,0.004876875
15851,0.0057131997
15852,0.004725075
15853,0.0030300752
15854,0.0016428002
15855,0.00079567503
15856,0.00035707498
15857,0.0
15858,3.6750005e-06
15859,2.1675003e-05
15860,0.00014520001
15861,0.0006627
15862,0.0020667
15863,0.004575675
15864,0.0075842994
15865,0.009398701
15866,0.008068801
15867,0.0038307
15868,0.000195075
15869,0.002091675
15870,0.0107163
15871,0.020358076
15872,0.0007056751
15873,0.00507
15874,0.010490701
15875,0.000210675
15876,0.000567675
15877,0.0003888
15878,2.7e-06
15879,0.0005547001
15880,0.0020667
15881,0.0032448003
15882,0.0030300752
15883,0.0018960749
15884,0.000826875
15885,0.00029767503
15886,0.00015187502
15887,0.00015870002
15888,7.5e-06
15889,5.4675e-05
15890,3.9675004e-05
15891,2.1675003e-05
15892,0.000621075
15893,0.0023496752
15894,0.0046127997
15895,0.0056306995
15896,7.2074996e-05
15897,0.000316875
15898,0.00058080006
15899,0.00041070004
15900,1.2675001e-05
15901,0.00043319998
15902,0.0013067999
15903,0.0018960749
15904,0.001710075
15905,6.075e-06
15906,3.6750005e-06
15907,0.0001323
15908,0.00048
15909,0.0007803
15910,0.0007056751
15911,0.00035707498
15912,7.2074996e-05
15913,1.2000002e-06
15914,5.4675e-05
15915,0.00014520001
15916,0.00035707498
15917,0.000957675
15918,0.0024030753
15919,0.0046500755
15920,0.006438676
15921,0.0057546757
15922,0.0024300003
15923,9.075001e-06
15924,0.0028227004
15925,0.010659676
15926,0.017280001
15927,0.0164268
15928,0.008619075
15929,0.0012675
15930,0.0007056751
15931,0.0057963002
15932,0.010156801
15933,0.009398701
15934,0.004838701
15935,0.000924075
15936,6.7500005e-05
15937,0.0013266751
15938,0.00012607501
15939,0.001062075
15940,0.00013867502
15941,0.0013467001
15942,0.002511675
15943,0.0018723003
15944,2.43e-05
15945,0.0009075
15946,0.002511675
15947,0.000108299995
15948,0.0006075001
15949,0.0008586751
15950,0.0003888
15951,6.75e-07
15952,0.000541875
15953,0.0013872002
15954,0.0012480749
15955,0.00035707498
15956,1.9200002e-05
15957,5.8800008e-05
15958,2.7074999e-05
15959,8.670001e-05
15960,3.6750005e-06
15961,0.00015187502
15962,0.000594075
15963,0.0007056751
15964,0.00024367501
15965,1.4700002e-05
15966,0.000516675
15967,0.000957675
15968,0.0005547001
15969,1.9200002e-05
15970,0.0002523
15971,0.0005547001
15972,9.72e-05
15973,0.00058080006
15974,0.0044286754
15975,0.009666075
15976,0.010323075
15977,0.004575675
15978,3.6750005e-06
15979,0.0057546757
15980,0.019737678
15981,0.001171875
15982,0.008978699
15983,0.017714702
15984,0.016497077
15985,0.0062640756
15986,6.075e-06
15987,0.005589675
15988,0.0161472
15989,0.020046677
15990,0.0143883005
15991,0.0058800005
15992,0.00097470003
15993,4.8000006e-06
15994,0.00034680005
15995,0.00048
15996,0.00048
15997,0.00075000006
15998,0.0016875002
15999,0.0034992
16000,0.005187676
16001,0.0051090755
16002,0.0028227004
16003,0.00037807503
16004,0.00041070004
16005,0.0029403002
16006,0.005187676
16007,0.00011407501
16008,0.000621075
16009,0.0013467001
16010,3.9675004e-05
16011,0.000210675
16012,0.00029767503
16013,0.0001728
16014,7.5e-06
16015,9.187501e-05
16016,0.00037807503
16017,0.000594075
16018,0.000567675
16019,0.00035707498
16020,0.00014520001
16021,2.43e-05
16022,1.2000002e-06
16023,5.0700004e-05
16024,0.000180075
16025,0.000399675
16026,0.0006912
16027,0.000924075
16028,0.0008586751
16029,0.00044467498
16030,3e-05
16031,0.00024367501
16032,0.0014282999
16033,0.0030603004
16034,0.003796875
16035,0.0028518748
16036,0.000924075
16037,7.5e-06
16038,0.0014076749
16039,0.004071675
16040,0.0053868005
16041,0.004002075
16042,3.0000004e-07
16043,0.00012
16044,0.000210675
16045,0.0001728
16046,9.187501e-05
16047,3.9675004e-05
16048,2.7074999e-05
16049,4.6875004e-05
16050,7.5e-06
16051,0.00011407501
16052,0.00029767503
16053,0.000316875
16054,0.00012
16055,1.2000002e-06
16056,0.000180075
16057,0.00041070004
16058,0.00030720004
16059,3e-05
16060,0.00011407501
16061,0.000541875
16062,0.000621075
16063,0.000165675
16064,0.00010267501
16065,0.0013266751
16066,0.0030300752
16067,0.003402675
16068,0.0018960749
16069,0.000210675
16070,0.00037807503
16071,0.0022446748
16072,0.0037632005
16073,0.0034347004
16074,1.2675001e-05
16075,5.0700004e-05
16076,0.00028829998
16077,0.0006912
16078,2.1675003e-05
16079,3.6750005e-06
16080,4.8000006e-06
16081,2.1675003e-05
16082,0.00030720004
16083,0.0009918751
16084,8.670001e-05
16085,0.00089107506
16086,0.0020667
16087,0.0023763
16088,0.0013067999
16089,0.000108299995
16090,0.00048
16091,0.002679075
16092,0.004953675
16093,0.0052668746
16094,0.0031827001
16095,0.000621075
16096,0.0002187
16097,0.0027936753
16098,0.0061776754
16099,0.0069311997
16100,0.0040368
16101,0.00050430006
16102,0.0008748
16103,0.000594075
16104,0.0067500006
16105,0.0139968
16106,0.01323
16107,0.004800675
16108,2.7074999e-05
16109,0.0010443002
16110,0.012301876
16111,0.024538804
16112,0.023018703
16113,9.075001e-06
16114,0.0002523
16115,0.000541875
16116,0.000541875
16117,0.00050430006
16118,0.000676875
16119,0.0013467001
16120,0.0025947
16121,0.0039675003
16122,0.0041772006
16123,0.002511675
16124,0.00036750003
16125,0.000516675
16126,0.0043200003
16127,0.009612301
16128,0.012060075
16129,0.009558675
16130,0.004212675
16131,0.00041070004
16132,0.000621075
16133,0.0036963
16134,0.006615675
16135,0.007394701
16136,0.0062208
16137,0.004141875
16138,0.0021675
16139,0.0007203
16140,1.9200002e-05
16141,0.00046807507
16142,0.00024367501
16143,0.00046807507
16144,0.0008586751
16145,0.0110592
16146,0.023688298
16147,0.022770077
16148,0.008772301
16149,2.7e-06
16150,0.0084672
16151,0.023772677
16152,0.027542701
16153,0.0164268
16154,0.0035970751
16155,8.670001e-05
16156,0.0029403002
16157,0.003796875
16158,0.0012675
16159,3e-05
16160,0.0014282999
16161,0.0018723003
16162,3.3075e-05
16163,0.0018486752
16164,0.0069311997
16165,0.012000001
16166,0.012000001
16167,0.0063510756
16168,0.0007056751
16169,0.0012096752
16170,0.007347675
16171,0.012730801
16172,0.00028829998
16173,0.000195075
16174,0.0027936753
16175,0.0064827004
16176,0.0067500006
16177,0.0030300752
16178,7.2074996e-05
16179,0.0015987
16180,0.0052668746
16181,0.0061776754
16182,0.0034347004
16183,0.00050430006
16184,0.0001728
16185,0.0010800001
16186,0.000826875
16187,1.08e-05
16188,0.0009918751
16189,0.0034347004
16190,0.0040368
16191,0.0015552
16192,0.000180075
16193,0.0038307
16194,0.009612301
16195,0.011232675
16196,0.0062208
16197,0.000108299995
16198,0.0030300752
16199,0.00045630004
16200,0.004284075
16201,0.008316676
16202,0.00012607501
16203,7.5e-06
16204,1.2000002e-06
16205,0.00013867502
16206,7.680001e-05
16207,0.00012607501
16208,0.0015123001
16209,0.0028812
16210,0.0022707
16211,0.00049207505
16212,0.000180075
16213,0.0021675
16214,0.004284075
16215,0.0041772006
16216,0.002091675
16217,0.0002523
16218,0.000210675
16219,0.0013067999
16220,7.2074996e-05
16221,0.00045630004
16222,0.00079567503
16223,0.00063480006
16224,0.00014520001
16225,5.4675e-05
16226,0.000676875
16227,0.0013467001
16228,0.0011907001
16229,1.2000002e-06
16230,0.000195075
16231,0.00079567503
16232,0.001710075
16233,0.0025392002
16234,0.0025947
16235,0.0016428002
16236,0.00034680005
16237,0.0001323
16238,0.0018960749
16239,0.004725075
16240,0.0064827004
16241,0.0056306995
16242,0.0028227004
16243,0.00045630004
16244,0.00015187502
16245,0.0015768749
16246,0.0030906748
16247,0.003402675
16248,0.002511675
16249,0.0011907001
16250,0.00026107504
16251,4.8000006e-06
16252,0.00034680005
16253,0.000957675
16254,0.0013872002
16255,0.0012288002
16256,0.000541875
16257,1.4700002e-05
16258,0.00035707498
16259,0.0014076749
16260,0.0019926752
16261,0.0013467001
16262,0.000210675
16263,0.000195075
16264,0.001491075
16265,0.0024300003
16266,0.001710075
16267,0.00030720004
16268,0.0001728
16269,0.0014700001
16270,0.0023232002
16271,0.0015336752
16272,1.4700002e-05
16273,0.00045630004
16274,0.001098075
16275,0.0013266751
16276,0.0010443002
16277,0.0005547001
16278,0.0001728
16279,6.075e-06
16280,7.2074996e-05
16281,0.00042187504
16282,8.670001e-05
16283,0.0013067999
16284,0.0038646753
16285,0.0057963002
16286,0.004800675
16287,0.0017327999
16288,3.0000004e-07
16289,0.0016875002
16290,0.00507
16291,0.0067950753
16292,0.005548801
16293,0.0029403002
16294,3.0000004e-07
16295,1.2675001e-05
16296,0.00030720004
16297,5.8800008e-05
16298,0.00033667503
16299,0.00015187502
16300,0.000180075
16301,0.002679075
16302,0.007824676
16303,0.011583676
16304,0.0100467
16305,0.004356075
16306,0.00023520003
16307,0.0013668751
16308,0.0057546757
16309,0.0085683
16310,0.0076320753
16311,0.0046127997
16312,0.0020172002
16313,0.00079567503
16314,0.00045630004
16315,0.00045630004
16316,0.00041070004
16317,9.187501e-05
16318,0.0002523
16319,0.0028227004
16320,0.008772301
16321,0.015255077
16322,0.0169932
16323,0.0115248
16324,9.075001e-06
16325,0.00089107506
16326,0.0025392002
16327,0.0044286754
16328,0.006134701
16329,0.0071147997
16330,0.0067950753
16331,0.00507
16332,0.0026226752
16333,0.000621075
16334,1.4700002e-05
16335,0.0009918751
16336,0.0031212
16337,0.0056718756
16338,0.0077280756
16339,0.008416876
16340,0.007254075
16341,0.0044286754
16342,0.0013266751
16343,2.7e-06
16344,0.001710075
16345,0.00043319998
16346,0.0051483
16347,0.012916875
16348,0.0168507
16349,0.012669076
16350,3.0000004e-07
16351,5.8800008e-05
16352,0.00058080006
16353,0.0013872002
16354,0.002091675
16355,0.0023763
16356,0.0019440751
16357,0.001026675
16358,0.00027000002
16359,4.8000006e-06
16360,4.8000006e-06
16361,2.7e-06
16362,2.43e-05
16363,0.00015870002
16364,0.000195075
16365,2.1675003e-05
16366,0.000210675
16367,0.0014076749
16368,0.0029403002
16369,0.0032136752
16370,0.0017556751
16371,0.00023520003
16372,0.000165675
16373,0.0009408001
16374,0.0010092
16375,0.00029767503
16376,9.075001e-06
16377,0.000279075
16378,0.000180075
16379,6.7500005e-05
16380,0.0015987
16381,0.0044286754
16382,0.005427075
16383,0.0028518748
16384,8.670001e-05
16385,0.0019683002
16386,0.007873201
16387,0.0115248
16388,0.008619075
16389,0.0024570748
16390,6.7500005e-05
16391,0.0037632005
16392,0.000516675
16393,0.0043200003
16394,0.008118075
16395,0.0070227003
16396,0.0021168
16397,0.0001323
16398,0.004876875
16399,0.011701876
16400,0.0126075
16401,0.006438676
16402,0.00048
16403,0.0018252002
16404,0.0084672
16405,0.012180676
16406,0.008772301
16407,0.0025392002
16408,4.8000006e-06
16409,0.0020667
16410,0.0043200003
16411,0.0035970751
16412,0.001287075
16413,5.0700004e-05
16414,3.9675004e-05
16415,0.000180075
16416,6.7500005e-05
16417,6.075e-06
16418,9.075001e-06
16419,1.9200002e-05
16420,7.5e-06
16421,0.00023520003
16422,0.0007203
16423,0.0009408001
16424,0.000567675
16425,7.2074996e-05
16426,9.72e-05
16427,0.0006075001
16428,0.0010443002
16429,0.0010092
16430,0.0006627
16431,0.000316875
16432,0.000108299995
16433,1.2675001e-05
16434,1.2675001e-05
16435,0.00014520001
16436,0.00043319998
16437,0.00075000006
16438,0.000826875
16439,0.000567675
16440,0.000180075
16441,4.8000006e-06
16442,5.4675e-05
16443,3.3075e-05
16444,7.500001e-08
16445,4.32e-05
16446,7.680001e-05
16447,1.9200002e-05
16448,1.2675001e-05
16449,0.0002187
16450,0.000516675
16451,1.4700002e-05
16452,7.680001e-05
16453,0.00018750002
16454,0.00036750003
16455,0.000594075
16456,0.00081120007
16457,0.0007803
16458,0.00036750003
16459,3.0000004e-07
16460,0.000648675
16461,0.002679075
16462,0.0049152006
16463,0.0052668746
16464,0.0032448003
16465,0.00075000006
16466,4.32e-05
16467,0.0011907001
16468,0.0024030753
16469,0.0024030753
16470,1.6875001e-05
16471,0.00015187502
16472,0.00079567503
16473,0.0018486752
16474,0.0022188004
16475,0.0012675
16476,8.1674996e-05
16477,0.000541875
16478,0.0024843
16479,0.0035316749
16480,0.0023763
16481,0.00049207505
16482,6.3075e-05
16483,0.00081120007
16484,0.0009408001
16485,0.00020280002
16486,0.00012607501
16487,0.001026675
16488,3.6300004e-05
16489,4.6875004e-05
16490,9.075001e-06
16491,0.00034680005
16492,0.000924075
16493,0.0009408001
16494,0.00028829998
16495,3.3075e-05
16496,0.00073507504
16497,0.0013467001
16498,6.075e-06
16499,6.075e-06
16500,8.1674996e-05
16501,0.0001728
16502,0.0001323
16503,9.075001e-06
16504,8.670001e-05
16505,0.00043319998
16506,0.0006912
16507,0.000594075
16508,0.00026107504
16509,3.6300004e-05
16510,4.8000006e-06
16511,5.0700004e-05
16512,7.5e-06
16513,0.00015187502
16514,0.0007803
16515,0.0021168
16516,0.0034992
16517,0.0034347004
16518,0.0014700001
16519,1.875e-06
16520,0.0026508
16521,0.009240076
16522,0.014191875
16523,0.011940075
16524,0.0044286754
16525,6.075e-06
16526,0.0038646753
16527,0.011290802
16528,0.0134832
16529,0.008217076
16530,0.0017786999
16531,7.680001e-05
16532,0.0018486752
16533,0.0024030753
16534,0.0008586751
16535,4.8000006e-06
16536,0.00073507504
16537,0.0009075
16538,4.6875004e-05
16539,0.00026107504
16540,0.004141875
16541,0.009558675
16542,0.0098826755
16543,0.004356075
16544,6.3075e-05
16545,0.002970075
16546,0.010101676
16547,0.000516675
16548,0.0040368
16549,0.0090828
16550,0.00036750003
16551,0.0024843
16552,0.000195075
16553,0.0008748
16554,0.00043319998
16555,0.00024367501
16556,0.0045387005
16557,0.012854701
16558,0.017496677
16559,0.012669076
16560,0.0032760752
16561,0.00027000002
16562,0.0071147997
16563,0.015801076
16564,0.0171363
16565,0.010659676
16566,1.2000002e-06
16567,0.000108299995
16568,3.6750005e-06
16569,0.0001323
16570,0.0002187
16571,6.75e-07
16572,0.0010443002
16573,0.0045387005
16574,0.00037807503
16575,0.002910675
16576,0.0046500755
16577,0.0025947
16578,5.0700004e-05
16579,0.0021168
16580,0.007394701
16581,0.00029767503
16582,0.001491075
16583,0.0020418752
16584,0.001062075
16585,1.6875001e-05
16586,0.0008427
16587,0.002970075
16588,0.003933075
16589,0.002511675
16590,0.00044467498
16591,0.00023520003
16592,0.0022707
16593,0.0043200003
16594,0.004141875
16595,0.0019926752
16596,0.0001728
16597,0.00041070004
16598,0.000165675
16599,0.0015123001
16600,0.0027075
16601,0.0022446748
16602,0.00079567503
16603,1.2675001e-05
16604,0.000226875
16605,0.00036750003
16606,5.8800008e-05
16607,0.00014520001
16608,0.00075000006
16609,0.0007056751
16610,1.6875001e-05
16611,0.0012096752
16612,0.0057963002
16613,0.0005292
16614,0.004212675
16615,0.0069768755
16616,0.004071675
16617,6.3075e-05
16618,0.004141875
16619,0.015663674
16620,0.022770077
16621,0.0171363
16622,0.005346675
16623,3.0000004e-07
16624,0.00063480006
16625,0.00063480006
16626,0.006134701
16627,0.012000001
16628,0.0124848
16629,0.007873201
16630,0.002679075
16631,0.000195075
16632,0.00023520003
16633,0.0010800001
16634,0.0016206751
16635,0.0017786999
16636,6.3075e-05
16637,0.0008748
16638,0.00023520003
16639,0.002679075
16640,0.005589675
16641,0.0051483
16642,0.0017556751
16643,2.7074999e-05
16644,0.0028227004
16645,0.007394701
16646,0.0090306755
16647,0.0063074995
16648,0.002142075
16649,5.4675e-05
16650,0.000676875
16651,0.0021930751
16652,0.0027648
16653,0.002091675
16654,0.0010092
16655,0.00027000002
16656,1.9200002e-05
16657,7.5e-06
16658,2.7074999e-05
16659,2.7074999e-05
16660,2.7074999e-05
16661,5.0700004e-05
16662,0.00011407501
16663,0.000210675
16664,0.00028829998
16665,0.00024367501
16666,0.00012
16667,1.6875001e-05
16668,4.8000006e-06
16669,2.7074999e-05
16670,1.6875001e-05
16671,0.0
16672,2.7e-06
16673,1.08e-05
16674,0.0
16675,8.670001e-05
16676,4.32e-05
16677,0.00058080006
16678,0.0014076749
16679,0.0015768749
16680,0.0008427
16681,7.680001e-05
16682,0.000226875
16683,0.0012288002
16684,0.0021930751
16685,0.0024570748
16686,0.0020667
16687,0.0013467001
16688,0.0006075001
16689,7.680001e-05
16690,0.00012607501
16691,0.0011907001
16692,0.0031827001
16693,0.004953675
16694,0.0047628004
16695,0.0023763
16696,0.000165675
16697,0.0008748
16698,0.004212675
16699,0.006526875
16700,0.0051483
16701,0.0016428002
16702,1.875e-06
16703,0.0015552
16704,0.0037296754
16705,0.0036963
16706,0.0017327999
16707,0.000165675
16708,0.00018750002
16709,0.00089107506
16710,0.001098075
16711,7.5e-06
16712,3.9675004e-05
16713,1.6875001e-05
16714,0.00020280002
16715,0.00034680005
16716,0.00015187502
16717,1.08e-05
16718,5.4675e-05
16719,4.32e-05
16720,0.000226875
16721,7.2074996e-05
16722,0.00012607501
16723,0.001098075
16724,0.0018960749
16725,0.0010443002
16726,8.1674996e-05
16727,0.0020667
16728,0.0057131997
16729,0.0072075003
16730,0.0046127997
16731,0.00081120007
16732,0.00020280002
16733,0.0026508
16734,0.0047628004
16735,0.0039675003
16736,1.2000002e-06
16737,1.2000002e-06
16738,0.00011407501
16739,0.0010443002
16740,0.000210675
16741,0.0022707
16742,0.0045387005
16743,0.00363
16744,0.000567675
16745,0.0010443002
16746,0.008167501
16747,0.017208075
16748,0.02028
16749,0.014586076
16750,0.0053868005
16751,0.00018750002
16752,0.0019440751
16753,0.007873201
16754,0.013041675
16755,0.00046807507
16756,0.0046127997
16757,0.012854701
16758,0.017641876
16759,0.0124236755
16760,0.0026508
16761,0.00079567503
16762,0.010101676
16763,0.019891875
16764,0.019278677
16765,0.009828299
16766,0.0016875002
16767,0.00012607501
16768,0.0015552
16769,0.0013467001
16770,0.00012
16771,0.00045630004
16772,0.0016875002
16773,0.0012288002
16774,7.680001e-05
16775,0.0025392002
16776,0.000648675
16777,0.0077763004
16778,0.017787674
16779,0.01875
16780,0.008167501
16781,1.6875001e-05
16782,0.008823675
16783,0.0290163
16784,0.038772073
16785,0.026551878
16786,0.006134701
16787,0.00079567503
16788,0.0143883005
16789,0.0273612
16790,0.0003888
16791,0.000957675
16792,2.7074999e-05
16793,3.6750005e-06
16794,6.075e-06
16795,7.500001e-08
16796,1.875e-06
16797,2.1675003e-05
16798,5.0700004e-05
16799,9.187501e-05
16800,0.000180075
16801,0.000316875
16802,0.00032669998
16803,8.1674996e-05
16804,0.00014520001
16805,0.0018018751
16806,0.0052668746
16807,0.008019675
16808,0.0067500006
16809,0.0021930751
16810,8.670001e-05
16811,0.0049922997
16812,0.013738802
16813,0.0178608
16814,0.01323
16815,0.0047628004
16816,0.00014520001
16817,0.0013067999
16818,0.0038307
16819,0.0037632005
16820,0.0017327999
16821,0.00028829998
16822,6.075e-06
16823,4.32e-05
16824,0.00079567503
16825,0.0033390748
16826,0.006526875
16827,0.0071147997
16828,0.0038307
16829,0.00028829998
16830,0.000399675
16831,0.0059220744
16832,0.014061675
16833,0.00058080006
16834,0.004212675
16835,0.00048
16836,0.003796875
16837,0.00027000002
16838,0.0014700001
16839,0.0017556751
16840,0.000648675
16841,2.7074999e-05
16842,0.0015336752
16843,0.004356075
16844,0.0062640756
16845,0.0059643
16846,0.004002075
16847,0.0016875002
16848,0.0002523
16849,7.2074996e-05
16850,0.000826875
16851,0.0018018751
16852,0.0024300003
16853,0.0024030753
16854,0.00192
16855,0.0013467001
16856,0.0008748
16857,0.000594075
16858,0.00036750003
16859,0.00014520001
16860,7.500001e-08
16861,0.000279075
16862,0.00012
16863,0.0016875002
16864,0.0043923
16865,0.005589675
16866,0.003796875
16867,0.000924075
16868,6.7500005e-05
16869,0.001710075
16870,0.0001728
16871,0.0013266751
16872,0.0025392002
16873,0.0024843
16874,0.0012480749
16875,0.00012607501
16876,0.0002187
16877,0.0012096752
16878,0.0018960749
16879,0.0014700001
16880,0.00045630004
16881,3.6750005e-06
16882,0.000621075
16883,0.0016428002
16884,0.0020172002
16885,1.6875001e-05
16886,5.0700004e-05
16887,0.000108299995
16888,9.187501e-05
16889,4.8000006e-06
16890,0.00014520001
16891,0.00089107506
16892,0.00013867502
16893,0.0015768749
16894,0.00363
16895,0.0036630754
16896,0.001287075
16897,9.187501e-05
16898,0.0036963
16899,0.0099372
16900,0.0122412015
16901,5.8800008e-05
16902,6.075e-06
16903,4.32e-05
16904,0.00046807507
16905,0.0015123001
16906,0.0024300003
16907,0.0020667
16908,0.0006075001
16909,7.680001e-05
16910,0.0018486752
16911,0.0041772006
16912,0.0040368
16913,0.0014700001
16914,1.08e-05
16915,0.002296875
16916,0.0063074995
16917,0.007489201
16918,0.0044286754
16919,0.0006627
16920,0.000541875
16921,0.00041070004
16922,0.0043200003
16923,0.008619075
16924,0.008416876
16925,0.0038307
16926,0.00018750002
16927,0.0013467001
16928,0.00041070004
16929,0.0036963
16930,0.0069311997
16931,0.0063510756
16932,0.0025947
16933,5.8800008e-05
16934,0.001287075
16935,0.0044286754
16936,0.0059220744
16937,0.0044286754
16938,0.0016875002
16939,8.1674996e-05
16940,0.00045630004
16941,0.0019683002
16942,0.0032448003
16943,0.0034992
16944,0.002679075
16945,0.0013467001
16946,0.000279075
16947,3.6300004e-05
16948,0.000594075
16949,0.0014282999
16950,0.0019683002
16951,0.0018960749
16952,0.001287075
16953,0.000621075
16954,0.000195075
16955,3.3075e-05
16956,1.875e-06
16957,3.0000004e-07
16958,3.6750005e-06
16959,3.6300004e-05
16960,2.43e-05
16961,7.2074996e-05
16962,0.0013467001
16963,0.0040368
16964,0.0060492004
16965,0.0053067002
16966,0.0022446748
16967,5.0700004e-05
16968,0.0014282999
16969,0.0057963002
16970,0.009558675
16971,0.009612301
16972,0.0060492004
16973,0.0018018751
16974,2.7e-06
16975,0.0012096752
16976,0.0035316749
16977,0.0047628004
16978,0.0041067
16979,0.0023763
16980,0.00081120007
16981,6.3075e-05
16982,3.3075e-05
16983,0.00044467498
16984,7.680001e-05
16985,0.0009918751
16986,0.0025947
16987,0.0032760752
16988,0.0020172002
16989,0.00024367501
16990,0.00048
16991,0.0029403002
16992,0.0047628004
16993,0.0037296754
16994,0.0011346751
16995,4.8000006e-06
16996,0.001026675
16997,0.0020418752
16998,0.0015123001
16999,0.00033667503
17000,1.4700002e-05
17001,2.7074999e-05
17002,7.2074996e-05
17003,6.75e-07
17004,0.0001323
17005,0.00037807503
17006,0.00024367501
17007,7.500001e-08
17008,0.00037807503
17009,0.0010443002
17010,0.0008748
17011,7.2074996e-05
17012,0.000541875
17013,0.0026226752
17014,0.0036630754
17015,0.0018252002
17016,3.0000004e-07
17017,0.002679075
17018,0.008926875
17019,0.012060075
17020,0.008068801
17021,0.0016428002
17022,0.00048
17023,0.0006075001
17024,0.006006675
17025,0.011001674
17026,0.009666075
17027,0.003933075
17028,7.680001e-05
17029,0.001062075
17030,0.001171875
17031,0.00028829998
17032,4.6875004e-05
17033,0.0005292
17034,0.00045630004
17035,0.0
17036,0.0010800001
17037,0.0040368
17038,0.0060492004
17039,0.0045387005
17040,0.001062075
17041,0.00026107504
17042,0.0038988001
17043,0.0082668
17044,0.0083667
17045,0.0041067
17046,0.00034680005
17047,0.0008427
17048,0.004002075
17049,0.0055080755
17050,3.9675004e-05
17051,7.2074996e-05
17052,0.0001728
17053,0.00027000002
17054,0.000226875
17055,6.3075e-05
17056,1.2675001e-05
17057,0.00026107504
17058,0.0007056751
17059,0.00097470003
17060,0.000826875
17061,0.00037807503
17062,4.32e-05
17063,3e-05
17064,0.000165675
17065,0.000165675
17066,4.6875004e-05
17067,1.2000002e-06
17068,2.7074999e-05
17069,3.0000004e-07
17070,0.000210675
17071,0.00012607501
17072,0.0017556751
17073,0.0040368
17074,0.0038307
17075,0.0010092
17076,0.0002523
17077,0.0046500755
17078,0.011001674
17079,0.012060075
17080,0.006091875
17081,0.00034680005
17082,0.0023232002
17083,0.009774076
17084,0.00050430006
17085,0.0030300752
17086,0.004953675
17087,0.0034668753
17088,0.0005292
17089,0.0006075001
17090,0.004575675
17091,0.0083667
17092,0.007970701
17093,0.0040368
17094,0.00050430006
17095,0.00049207505
17096,0.0037632005
17097,0.0077763004
17098,0.010156801
17099,0.009774076
17100,0.0067500006
17101,0.002679075
17102,9.72e-05
17103,0.001491075
17104,0.007394701
17105,0.014851876
17106,0.018675078
17107,0.015663674
17108,3.6300004e-05
17109,2.7074999e-05
17110,8.1674996e-05
17111,3.0000004e-07
17112,0.000210675
17113,0.0016650752
17114,0.0052271998
17115,0.009666075
17116,0.011761201
17117,0.0094518745
17118,0.0043923
17119,4.32e-05
17120,0.00012607501
17121,0.0015336752
17122,0.00029767503
17123,0.00049207505
17124,0.007536676
17125,0.019278677
17126,0.024196802
17127,0.0162867
17128,0.0038646753
17129,0.000399675
17130,0.00867
17131,0.018600302
17132,0.000541875
17133,0.0035970751
17134,0.00049207505
17135,0.0046127997
17136,0.0090828
17137,0.008068801
17138,7.500001e-08
17139,0.00027000002
17140,0.00050430006
17141,0.000399675
17142,0.000226875
17143,0.00027000002
17144,0.0008748
17145,0.002910675
17146,0.0065712007
17147,0.009558675
17148,0.0084672
17149,0.0033708
17150,6.75e-07
17151,0.0043200003
17152,0.0147852
17153,0.000957675
17154,0.008019675
17155,0.0168507
17156,0.016921874
17157,0.007394701
17158,0.0001728
17159,0.003933075
17160,0.013167076
17161,0.000516675
17162,0.0032136752
17163,0.00034680005
17164,0.0033075
17165,0.0072075003
17166,0.000226875
17167,0.0012675
17168,0.0020418752
17169,3.6750005e-06
17170,0.00012607501
17171,0.0011531999
17172,0.0037296754
17173,0.0068403
17174,0.007873201
17175,0.0053868005
17176,0.0013872002
17177,0.00011407501
17178,0.0033075
17179,0.007970701
17180,0.009666075
17181,0.0070227003
17182,0.0027936753
17183,0.00028829998
17184,0.000165675
17185,7.2074996e-05
17186,0.0006075001
17187,0.0012675
17188,0.0017327999
17189,0.0018486752
17190,0.0015552
17191,0.00097470003
17192,0.00035707498
17193,2.43e-05
17194,4.6875004e-05
17195,0.000165675
17196,0.00012607501
17197,1.2675001e-05
17198,3e-05
17199,7.680001e-05
17200,3.6750005e-06
17201,0.00026107504
17202,0.0016650752
17203,0.003933075
17204,0.0052271998
17205,0.004071675
17206,0.0013872002
17207,7.500001e-08
17208,0.0014490751
17209,0.004356075
17210,0.006006675
17211,0.0053868005
17212,0.0034668753
17213,0.001710075
17214,0.000676875
17215,0.0002187
17216,2.43e-05
17217,1.9200002e-05
17218,0.00048
17219,0.0018486752
17220,0.003796875
17221,0.004953675
17222,0.0043200003
17223,0.0023232002
17224,0.000567675
17225,2.43e-05
17226,0.0002187
17227,0.0002187
17228,0.00011407501
17229,9.72e-05
17230,0.000316875
17231,0.000108299995
17232,0.0018960749
17233,0.0053868005
17234,0.0071147997
17235,3.9675004e-05
17236,4.8000006e-06
17237,4.32e-05
17238,0.00042187504
17239,0.0012675
17240,0.0021168
17241,0.0021930751
17242,0.0013467001
17243,0.00034680005
17244,2.43e-05
17245,0.00029767503
17246,0.00046807507
17247,0.00035707498
17248,0.00015870002
17249,5.4675e-05
17250,3.9675004e-05
17251,8.670001e-05
17252,1.08e-05
17253,9.72e-05
17254,9.72e-05
17255,0.0
17256,0.00034680005
17257,0.001491075
17258,0.0025392002
17259,0.0020418752
17260,0.00042187504
17261,0.00029767503
17262,0.0032136752
17263,0.0067950753
17264,0.0070227003
17265,0.0034668753
17266,0.00023520003
17267,0.0009408001
17268,0.003933075
17269,0.004725075
17270,0.0023496752
17271,0.00014520001
17272,0.000541875
17273,0.0016650752
17274,0.0010092
17275,1.875e-06
17276,0.0019926752
17277,0.00043319998
17278,0.0038307
17279,0.0063510756
17280,2.43e-05
17281,6.3075e-05
17282,0.00089107506
17283,0.0030603004
17284,0.0059643
17285,0.0076320753
17286,0.0064827004
17287,0.0031827001
17288,0.00034680005
17289,0.00063480006
17290,0.0043923
17291,0.009345674
17292,0.012060075
17293,0.0107163
17294,0.0062208
17295,0.001710075
17296,4.8000006e-06
17297,0.0018252002
17298,0.00036750003
17299,0.0039675003
17300,0.009558675
17301,0.012060075
17302,0.00012607501
17303,0.00042187504
17304,0.00073507504
17305,0.00046807507
17306,3e-05
17307,0.00097470003
17308,0.0032448003
17309,0.005346675
17310,0.0052668746
17311,0.0028518748
17312,0.00041070004
17313,0.00028829998
17314,0.0023232002
17315,0.0042483
17316,0.0041772006
17317,0.0024030753
17318,0.000648675
17319,7.5e-06
17320,0.00013867502
17321,0.00020280002
17322,3.9675004e-05
17323,3.3075e-05
17324,0.00020280002
17325,0.00014520001
17326,1.6875001e-05
17327,0.00097470003
17328,0.0037296754
17329,0.0067950753
17330,0.007254075
17331,0.004141875
17332,0.0005292
17333,0.000826875
17334,0.0057546757
17335,0.0109443
17336,0.011407499
17337,0.007068676
17338,0.0021168
17339,3.9675004e-05
17340,0.000516675
17341,6.3075e-05
17342,0.00041070004
17343,0.000924075
17344,0.0015987
17345,0.0024843
17346,0.0033075
17347,0.003402675
17348,0.0023496752
17349,0.0007203
17350,4.8000006e-06
17351,0.000924075
17352,0.0023496752
17353,0.002511675
17354,6.075e-06
17355,4.8000006e-06
17356,1.2675001e-05
17357,0.00034680005
17358,0.0013668751
17359,0.0025668752
17360,0.002679075
17361,0.0012675
17362,1.4700002e-05
17363,0.0012480749
17364,0.0047628004
17365,0.0072075003
17366,0.0058800005
17367,0.0021168
17368,8.670001e-05
17369,0.0014076749
17370,0.0024843
17371,0.0019683002
17372,0.00073507504
17373,5.4675e-05
17374,2.43e-05
17375,3e-05
17376,1.2675001e-05
17377,2.43e-05
17378,0.00020280002
17379,0.00015187502
17380,9.075001e-06
17381,0.0007203
17382,0.000180075
17383,0.0018723003
17384,0.0035643002
17385,0.0028518748
17386,0.0005547001
17387,0.00037807503
17388,0.0036963
17389,0.0074418755
17390,0.007536676
17391,0.0038988001
17392,0.00045630004
17393,0.000541875
17394,0.003402675
17395,0.0054675005
17396,0.0044652
17397,0.001710075
17398,3.9675004e-05
17399,0.0006627
17400,0.0020172002
17401,0.0020418752
17402,0.0007803
17403,7.500001e-08
17404,0.00073507504
17405,0.000108299995
17406,6.7500005e-05
17407,0.000516675
17408,0.000648675
17409,0.000226875
17410,1.08e-05
17411,0.000399675
17412,0.00073507504
17413,0.00045630004
17414,3e-05
17415,0.00015870002
17416,0.0005292
17417,0.000399675
17418,7.5e-06
17419,0.00049207505
17420,0.0020418752
17421,0.00012
17422,0.0007056751
17423,0.0007803
17424,0.00010267501
17425,0.000541875
17426,0.0034668753
17427,0.006526875
17428,0.0057963002
17429,0.0018018751
17430,0.00012
17431,0.004141875
17432,0.0094518745
17433,0.009135076
17434,0.0033390748
17435,0.000226875
17436,0.0038646753
17437,0.007394701
17438,0.0060492004
17439,0.0015768749
17440,0.000226875
17441,0.003402675
17442,0.006615675
17443,0.0057963002
17444,7.500001e-08
17445,0.0001323
17446,0.00023520003
17447,0.000195075
17448,0.00014520001
17449,0.000195075
17450,0.00044467498
17451,5.4675e-05
17452,0.0006075001
17453,0.0011531999
17454,0.000648675
17455,2.7e-06
17456,0.0014700001
17457,0.004800675
17458,0.0062640756
17459,0.0035970751
17460,0.00026107504
17461,0.0013668751
17462,0.006438676
17463,0.00036750003
17464,0.0023763
17465,0.000180075
17466,0.001171875
17467,0.0017556751
17468,0.000957675
17469,1.4700002e-05
17470,0.0009918751
17471,0.004002075
17472,0.0065712007
17473,0.0061776754
17474,0.0030000003
17475,0.00023520003
17476,0.00089107506
17477,0.0046127997
17478,0.0077763004
17479,0.007254075
17480,0.0035643002
17481,3.3075e-05
17482,0.00075000006
17483,0.0013067999
17484,0.0010800001
17485,0.00049207505
17486,0.000108299995
17487,9.075001e-06
17488,4.8000006e-06
17489,4.32e-05
17490,0.000108299995
17491,7.2074996e-05
17492,9.075001e-06
17493,0.000516675
17494,0.0019440751
17495,0.0033075
17496,0.0030000003
17497,1.2000002e-06
17498,0.00042187504
17499,0.00192
17500,0.0045387005
17501,0.000316875
17502,0.003151875
17503,0.0068856752
17504,0.00012607501
17505,0.00013867502
17506,3.9675004e-05
17507,0.0017556751
17508,0.0069768755
17509,0.013104301
17510,0.014322677
17511,0.008721075
17512,0.0016428002
17513,0.0005547001
17514,0.006526875
17515,0.013356299
17516,0.014586076
17517,0.0100467
17518,0.0042483
17519,0.0008586751
17520,2.1675003e-05
17521,9.187501e-05
17522,1.4700002e-05
17523,1.2000002e-06
17524,2.43e-05
17525,0.0006912
17526,0.0034992
17527,0.00867
17528,0.013104301
17529,0.012669076
17530,0.0069311997
17531,0.00097470003
17532,0.0010092
17533,0.008019675
17534,0.016216876
17535,0.018675078
17536,0.0134832
17537,0.0054675005
17538,0.000516675
17539,0.00020280002
17540,0.002142075
17541,0.0037632005
17542,0.0036630754
17543,0.0024300003
17544,0.001287075
17545,0.000676875
17546,0.00048
17547,0.00044467498
17548,0.00030720004
17549,3.9675004e-05
17550,0.000180075
17551,0.0013467001
17552,0.0030906748
17553,0.0035970751
17554,1.2675001e-05
17555,2.7e-06
17556,9.187501e-05
17557,0.00035707498
17558,0.0006912
17559,0.0007203
17560,0.00033667503
17561,1.08e-05
17562,0.000180075
17563,0.000621075
17564,0.0007803
17565,0.000516675
17566,0.00018750002
17567,7.500001e-08
17568,9.075001e-06
17569,0.00012
17570,0.00028829998
17571,6.75e-07
17572,5.4675e-05
17573,0.0005547001
17574,0.001710075
17575,0.00012
17576,0.000924075
17577,0.0014076749
17578,0.000676875
17579,3.0000004e-07
17580,0.000957675
17581,0.000165675
17582,0.0012480749
17583,0.0019683002
17584,0.0014282999
17585,0.00041070004
17586,1.875e-06
17587,0.00014520001
17588,1.2675001e-05
17589,8.670001e-05
17590,0.00027000002
17591,0.0006627
17592,0.0012675
17593,0.0016875002
17594,0.0013668751
17595,6.75e-07
17596,0.00020280002
17597,0.00089107506
17598,0.0020172002
17599,0.0030000003
17600,0.0029403002
17601,0.0016428002
17602,0.00024367501
17603,0.0002523
17604,0.002091675
17605,0.0043923
17606,0.005187676
17607,0.003796875
17608,0.0014490751
17609,6.3075e-05
17610,0.00045630004
17611,0.0018252002
17612,0.0026508
17613,0.0021675
17614,0.00097470003
17615,0.000108299995
17616,8.1674996e-05
17617,3.3075e-05
17618,0.0002187
17619,0.00023520003
17620,5.0700004e-05
17621,4.32e-05
17622,0.0003888
17623,0.000676875
17624,3.6750005e-06
17625,1.875e-06
17626,7.2074996e-05
17627,0.00034680005
17628,0.00079567503
17629,0.0011531999
17630,0.001098075
17631,0.00063480006
17632,0.00012607501
17633,2.7074999e-05
17634,0.00045630004
17635,0.0012480749
17636,0.0020172002
17637,0.0022446748
17638,0.0017327999
17639,0.00073507504
17640,3e-05
17641,0.00036750003
17642,0.0016428002
17643,0.002736075
17644,0.0025668752
17645,0.001287075
17646,0.000165675
17647,0.000108299995
17648,5.4675e-05
17649,0.00035707498
17650,0.00043319998
17651,0.000195075
17652,1.4700002e-05
17653,7.5e-06
17654,1.875e-06
17655,6.7500005e-05
17656,0.00044467498
17657,0.000924075
17658,0.00089107506
17659,0.00034680005
17660,3.0000004e-07
17661,0.00030720004
17662,4.6875004e-05
17663,0.00036750003
17664,0.0006912
17665,0.00081120007
17666,0.0007650751
17667,0.000676875
17668,0.00058080006
17669,0.0003888
17670,0.000108299995
17671,3.3075e-05
17672,0.000676875
17673,0.0020667
17674,0.0032136752
17675,0.002970075
17676,0.0014076749
17677,0.000108299995
17678,0.00034680005
17679,0.0016428002
17680,0.0024300003
17681,0.0018960749
17682,3.0000004e-07
17683,7.5e-06
17684,6.75e-07
17685,4.8000006e-06
17686,6.075e-06
17687,3.6750005e-06
17688,9.187501e-05
17689,0.00026107504
17690,0.00030720004
17691,0.00014520001
17692,4.8000006e-06
17693,5.0700004e-05
17694,0.00010267501
17695,2.7074999e-05
17696,2.43e-05
17697,0.000180075
17698,1.2000002e-06
17699,4.6875004e-05
17700,0.000594075
17701,0.0021168
17702,0.0036630754
17703,0.003402675
17704,0.0011907001
17705,4.32e-05
17706,0.0027936753
17707,0.007921875
17708,0.000399675
17709,0.003151875
17710,0.0067500006
17711,0.007347675
17712,0.004071675
17713,0.000516675
17714,0.000594075
17715,0.0041067
17716,0.0075842994
17717,0.008167501
17718,0.0060492004
17719,0.0032448003
17720,2.7e-06
17721,6.7500005e-05
17722,0.0007056751
17723,0.00012607501
17724,9.72e-05
17725,0.00058080006
17726,0.0002187
17727,0.0005547001
17728,0.0069311997
17729,0.020829676
17730,0.0334668
17731,0.031882804
17732,0.0153228
17733,0.00081120007
17734,0.0068856752
17735,0.031980675
17736,0.05355188
17737,0.05129468
17738,0.028366877
17739,0.0062208
17740,0.000180075
17741,0.006615675
17742,0.0122412015
17743,0.000210675
17744,0.0013668751
17745,0.00035707498
17746,0.0051090755
17747,0.013167076
17748,0.016356675
17749,0.010156801
17750,0.0017327999
17751,0.000826875
17752,0.0007056751
17753,0.0062208
17754,0.010323075
17755,0.007824676
17756,0.0024843
17757,3e-05
17758,0.000594075
17759,0.000826875
17760,0.000108299995
17761,0.00026107504
17762,0.0010800001
17763,0.0007803
17764,2.7e-06
17765,0.0011163
17766,0.0034668753
17767,0.00363
17768,0.0011907001
17769,7.2074996e-05
17770,0.0024030753
17771,0.0046127997
17772,0.002970075
17773,0.000165675
17774,0.0015552
17775,0.0064827004
17776,0.008416876
17777,0.004575675
17778,0.00029767503
17779,0.0015336752
17780,0.0063948
17781,0.008167501
17782,0.004725075
17783,0.000676875
17784,0.00036750003
17785,0.0023232002
17786,0.0025947
17787,0.0008427
17788,4.32e-05
17789,0.0015987
17790,0.0031827001
17791,3.3075e-05
17792,1.9200002e-05
17793,1.08e-05
17794,0.000279075
17795,0.0011346751
17796,0.00013867502
17797,0.0015123001
17798,0.00020280002
17799,0.0016428002
17800,0.0025392002
17801,0.0013067999
17802,1.2000002e-06
17803,0.0018252002
17804,0.0062208
17805,0.0090306755
17806,0.007394701
17807,0.003151875
17808,0.00023520003
17809,0.000567675
17810,0.002679075
17811,0.0041067
17812,0.0037296754
17813,0.0021675
17814,0.0007056751
17815,4.32e-05
17816,7.680001e-05
17817,0.00026107504
17818,0.000195075
17819,1.08e-05
17820,0.00014520001
17821,0.0006627
17822,0.000924075
17823,0.00043319998
17824,1.08e-05
17825,0.0013266751
17826,0.004575675
17827,0.000316875
17828,0.002511675
17829,0.0045018755
17830,0.0032448003
17831,0.00042187504
17832,0.000826875
17833,0.0051090755
17834,0.0083667
17835,0.0067950753
17836,0.0025668752
17837,0.00011407501
17838,0.00045630004
17839,0.0012480749
17840,0.00097470003
17841,0.00034680005
17842,8.670001e-05
17843,0.00015187502
17844,0.00075000006
17845,0.002142075
17846,0.0030603004
17847,0.0018486752
17848,4.32e-05
17849,0.0020172002
17850,0.00075000006
17851,0.007921875
17852,0.0151875
17853,0.011940075
17854,0.0021168
17855,0.0020667
17856,0.0169932
17857,0.030624077
17858,0.025666876
17859,9.075001e-06
17860,0.0018486752
17861,0.0046500755
17862,0.0055080755
17863,0.0038307
17864,0.0013872002
17865,9.72e-05
17866,0.00010267501
17867,0.00026107504
17868,7.2074996e-05
17869,4.6875004e-05
17870,0.00034680005
17871,2.7e-06
17872,8.1674996e-05
17873,0.00012607501
17874,0.0022446748
17875,0.000399675
17876,0.003402675
17877,0.0051483
17878,0.0023232002
17879,4.32e-05
17880,0.004876875
17881,0.013167076
17882,0.0143883005
17883,0.006660301
17884,0.00018750002
17885,0.0033075
17886,0.010887076
17887,0.012120301
17888,0.0056306995
17889,0.00023520003
17890,0.0019440751
17891,0.00041070004
17892,0.0026226752
17893,0.003151875
17894,0.0010800001
17895,6.3075e-05
17896,0.0024570748
17897,0.005427075
17898,0.004725075
17899,0.0012096752
17900,0.00032669998
17901,0.0051090755
17902,0.011407499
17903,0.0124848
17904,0.0070227003
17905,0.0010092
17906,0.0007650751
17907,0.0058800005
17908,0.010323075
17909,0.009558675
17910,0.0049152006
17911,0.0009408001
17912,8.670001e-05
17913,0.0008748
17914,0.001171875
17915,0.00073507504
17916,0.00026107504
17917,7.2074996e-05
17918,6.3075e-05
17919,0.000195075
17920,0.00045630004
17921,0.00063480006
17922,7.5e-06
17923,2.1675003e-05
17924,2.43e-05
17925,4.8000006e-06
17926,1.4700002e-05
17927,0.00015187502
17928,3.3075e-05
17929,0.00043319998
17930,0.0011163
17931,0.0013467001
17932,0.00075000006
17933,5.0700004e-05
17934,0.00032669998
17935,0.0015768749
17936,0.002511675
17937,0.0020667
17938,0.00073507504
17939,2.7e-06
17940,0.000516675
17941,0.0015336752
17942,0.00192
17943,0.0014282999
17944,0.00063480006
17945,0.00011407501
17946,7.5e-06
17947,0.00020280002
17948,0.000594075
17949,6.3075e-05
17950,0.0008586751
17951,0.0023496752
17952,9.187501e-05
17953,0.000399675
17954,0.00029767503
17955,1.2000002e-06
17956,0.00081120007
17957,0.0027075
17958,0.0034668753
17959,0.00192
17960,9.187501e-05
17961,0.000957675
17962,0.004002075
17963,0.0056306995
17964,0.003796875
17965,0.00079567503
17966,0.00020280002
17967,0.0027075
17968,0.0056306995
17969,0.0061776754
17970,0.004002075
17971,0.0012288002
17972,3.0000004e-07
17973,0.0011163
17974,0.003796875
17975,0.0063510756
17976,0.0071610743
17977,0.005589675
17978,0.0024843
17979,0.0001728
17980,0.00081120007
17981,0.0043923
17982,0.0083667
17983,0.009398701
17984,0.006615675
17985,0.002296875
17986,3e-05
17987,0.001287075
17988,0.0043923
17989,0.0063074995
17990,0.00011407501
17991,0.000676875
17992,0.0015336752
17993,0.0015336752
17994,0.00048
17995,7.2074996e-05
17996,0.0016428002
17997,0.0036963
17998,0.0036630754
17999,0.0015768749
18000,3.3075e-05
18001,0.00015187502
18002,0.0016875002
18003,0.002970075
18004,0.0024843
18005,0.000957675
18006,4.32e-05
18007,0.0002187
18008,0.00073507504
18009,0.0009075
18010,0.0006912
18011,0.0003888
18012,0.00020280002
18013,0.00010267501
18014,4.6875004e-05
18015,9.075001e-06
18016,4.8000006e-06
18017,6.7500005e-05
18018,0.000195075
18019,0.00033667503
18020,0.00045630004
18021,0.00058080006
18022,0.0007203
18023,0.00081120007
18024,0.00073507504
18025,0.0003888
18026,1.6875001e-05
18027,0.00032669998
18028,0.0018486752
18029,0.00024367501
18030,0.0027075
18031,0.006438676
18032,0.007536676
18033,0.0044652
18034,0.000648675
18035,0.000594075
18036,0.0046500755
18037,0.00049207505
18038,0.004838701
18039,0.011761201
18040,0.015120075
18041,0.011001674
18042,0.0032136752
18043,7.680001e-05
18044,0.0053868005
18045,0.014126699
18046,0.017714702
18047,0.013041675
18048,0.0049152006
18049,0.00024367501
18050,0.0010443002
18051,0.0037296754
18052,0.004284075
18053,0.0024570748
18054,0.0005292
18055,3.6750005e-06
18056,0.0002523
18057,0.00023520003
18058,6.075e-06
18059,0.000210675
18060,0.0007650751
18061,0.0009075
18062,0.0003888
18063,7.500001e-08
18064,0.00046807507
18065,9.72e-05
18066,0.00081120007
18067,0.001287075
18068,0.0006912
18069,6.75e-07
18070,0.0009918751
18071,0.003402675
18072,0.0044652
18073,0.0025392002
18074,0.00012
18075,0.0015987
18076,0.007394701
18077,0.000567675
18078,0.0044652
18079,0.0083667
18080,0.000108299995
18081,0.0001323
18082,3.6750005e-06
18083,0.000316875
18084,0.001710075
18085,0.0036630754
18086,0.0046875
18087,0.003933075
18088,0.002091675
18089,0.000516675
18090,6.75e-07
18091,0.00042187504
18092,8.1674996e-05
18093,0.001026675
18094,0.002970075
18095,0.0047628004
18096,0.0050310753
18097,0.0035316749
18098,0.0014490751
18099,0.00018750002
18100,5.4675e-05
18101,0.00048
18102,0.0009408001
18103,0.0014282999
18104,0.0021930751
18105,0.0034668753
18106,0.004876875
18107,0.005187676
18108,0.0033390748
18109,0.0006075001
18110,0.00050430006
18111,0.0051090755
18112,0.011290802
18113,0.012979201
18114,0.008118075
18115,0.0018018751
18116,0.00015870002
18117,0.0030603004
18118,0.0051090755
18119,0.0033075
18120,0.00050430006
18121,0.0002187
18122,0.001287075
18123,0.0008748
18124,7.5e-06
18125,0.0021675
18126,0.0067050746
18127,0.008316676
18128,0.0045018755
18129,0.000279075
18130,0.0017786999
18131,0.007873201
18132,0.011583676
18133,0.0090828
18134,0.0037632005
18135,0.00050430006
18136,2.43e-05
18137,0.000165675
18138,2.7074999e-05
18139,3e-05
18140,1.9200002e-05
18141,0.00030720004
18142,0.0033390748
18143,0.00079567503
18144,0.009666075
18145,0.021627676
18146,0.00050430006
18147,0.0014700001
18148,0.000826875
18149,0.00010267501
18150,0.0044652
18151,0.0143883005
18152,0.021789074
18153,0.018975677
18154,0.008517676
18155,0.000676875
18156,0.0015768749
18157,0.007489201
18158,0.00043319998
18159,0.0035643002
18160,0.0085683
18161,0.011820677
18162,0.010546875
18163,0.0057546757
18164,0.0012480749
18165,5.8800008e-05
18166,0.0018960749
18167,0.004284075
18168,0.000165675
18169,0.000165675
18170,0.0023763
18171,0.0056306995
18172,0.006134701
18173,0.0032136752
18174,0.00037807503
18175,0.000279075
18176,0.001287075
18177,0.00097470003
18178,5.0700004e-05
18179,0.00045630004
18180,7.680001e-05
18181,6.075e-06
18182,8.1674996e-05
18183,0.001491075
18184,0.0056718756
18185,0.010546875
18186,0.00028829998
18187,0.00012
18188,0.0007650751
18189,0.0003888
18190,0.00028829998
18191,0.0049922997
18192,0.014126699
18193,0.019278677
18194,0.013803075
18195,0.0033708
18196,0.00045630004
18197,0.008875201
18198,0.018525677
18199,0.018154802
18200,0.008772301
18201,0.00097470003
18202,0.0007650751
18203,0.0037632005
18204,7.2074996e-05
18205,9.72e-05
18206,3.9675004e-05
18207,3.0000004e-07
18208,5.0700004e-05
18209,0.0005292
18210,0.0018960749
18211,0.00363
18212,0.004071675
18213,0.0024300003
18214,0.00034680005
18215,0.00041070004
18216,0.0030300752
18217,0.0056306995
18218,0.005548801
18219,0.0032136752
18220,0.00089107506
18221,2.1675003e-05
18222,0.00015870002
18223,7.680001e-05
18224,6.75e-07
18225,4.8000006e-06
18226,1.4700002e-05
18227,0.00058080006
18228,0.002511675
18229,0.0050310753
18230,0.0058800005
18231,0.004002075
18232,0.001062075
18233,4.6875004e-05
18234,0.0019683002
18235,0.0050310753
18236,0.0067950753
18237,0.0062640756
18238,0.0042483
18239,0.0020667
18240,0.00058080006
18241,1.2675001e-05
18242,0.000226875
18243,0.0009918751
18244,0.0019683002
18245,0.002736075
18246,0.002970075
18247,0.0026508
18248,0.0019926752
18249,1.9200002e-05
18250,0.0002187
18251,0.00081120007
18252,0.0011163
18253,0.00045630004
18254,7.680001e-05
18255,0.0024843
18256,0.00058080006
18257,0.0067500006
18258,0.0151875
18259,0.0164268
18260,0.0082668
18261,0.000165675
18262,0.003796875
18263,0.008416876
18264,0.00030720004
18265,0.0024570748
18266,0.0063510756
18267,0.008823675
18268,0.0001323
18269,0.000541875
18270,0.0008748
18271,0.00046807507
18272,7.5e-06
18273,0.0014076749
18274,0.0050310753
18275,0.0083667
18276,0.0082668
18277,0.0046500755
18278,0.000826875
18279,0.000279075
18280,0.003151875
18281,0.0063948
18282,0.0069768755
18283,0.0044652
18284,0.0013067999
18285,3.0000004e-07
18286,0.00014520001
18287,0.001491075
18288,0.002679075
18289,3.9675004e-05
18290,9.075001e-06
18291,8.670001e-05
18292,0.00015870002
18293,0.00014520001
18294,8.1674996e-05
18295,3.3075e-05
18296,0.0
18297,1.2000002e-06
18298,1.9200002e-05
18299,0.00015187502
18300,0.00058080006
18301,0.0012480749
18302,0.0015552
18303,0.000957675
18304,7.680001e-05
18305,0.000541875
18306,0.0030603004
18307,0.0058800005
18308,0.0062208
18309,0.0034992
18310,0.0005292
18311,0.00035707498
18312,0.0028518748
18313,0.0049922997
18314,0.0045387005
18315,0.0021930751
18316,0.00036750003
18317,2.43e-05
18318,0.00028829998
18319,0.0002187
18320,7.5e-06
18321,0.00012
18322,1.2675001e-05
18323,1.6875001e-05
18324,2.43e-05
18325,0.00042187504
18326,0.0012675
18327,0.0018252002
18328,0.0014076749
18329,0.00045630004
18330,2.1675003e-05
18331,0.00029767503
18332,0.000399675
18333,0.000195075
18334,2.7074999e-05
18335,6.75e-07
18336,3.9675004e-05
18337,0.00045630004
18338,0.0015768749
18339,0.0025947
18340,0.002142075
18341,0.00048
18342,0.00028829998
18343,0.0033708
18344,0.00043319998
18345,0.003933075
18346,0.00036750003
18347,0.0024570748
18348,0.0033075
18349,0.001287075
18350,9.187501e-05
18351,0.0038988001
18352,0.010659676
18353,0.0134832
18354,0.008978699
18355,0.0019440751
18356,0.00046807507
18357,0.0071147997
18358,0.015939075
18359,0.018451199
18360,0.0124236755
18361,0.0037296754
18362,7.500001e-08
18363,0.002970075
18364,0.0074418755
18365,0.007921875
18366,0.004356075
18367,0.0009075
18368,6.075e-06
18369,0.00032669998
18370,0.00013867502
18371,0.00012
18372,0.0013067999
18373,0.0023232002
18374,6.075e-06
18375,0.00010267501
18376,0.0009075
18377,0.0024843
18378,0.00363
18379,0.0029403002
18380,0.0010443002
18381,4.8000006e-06
18382,0.0006075001
18383,7.2074996e-05
18384,3e-05
18385,0.000195075
18386,0.000279075
18387,0.0002523
18388,0.000226875
18389,0.000279075
18390,0.00042187504
18391,0.000567675
18392,0.00050430006
18393,0.000195075
18394,3.0000004e-07
18395,0.000279075
18396,0.00081120007
18397,0.000957675
18398,0.000516675
18399,4.32e-05
18400,0.0001323
18401,0.000594075
18402,0.00075000006
18403,0.00034680005
18404,1.6875001e-05
18405,0.00035707498
18406,0.0008748
18407,0.0010800001
18408,0.000826875
18409,0.00034680005
18410,3.3075e-05
18411,5.4675e-05
18412,0.00032669998
18413,0.000676875
18414,0.0010092
18415,0.0012480749
18416,0.001287075
18417,1.9200002e-05
18418,9.187501e-05
18419,0.000108299995
18420,6.75e-07
18421,0.00036750003
18422,0.0017556751
18423,0.0031827001
18424,0.0028518748
18425,0.0009408001
18426,2.7074999e-05
18427,0.0016428002
18428,0.0035643002
18429,0.002970075
18430,0.0006912
18431,0.00014520001
18432,0.0018252002
18433,0.0025392002
18434,0.0008427
18435,0.00015870002
18436,0.00034680005
18437,0.0035316749
18438,0.0056718756
18439,0.0029403002
18440,2.7e-06
18441,0.0038307
18442,0.012362699
18443,0.0155952005
18444,0.009398701
18445,0.0013266751
18446,0.0012096752
18447,0.008619075
18448,0.014454076
18449,0.0124236755
18450,0.005548801
18451,0.000594075
18452,0.00046807507
18453,0.0026508
18454,0.00014520001
18455,0.0010800001
18456,0.0024300003
18457,0.002910675
18458,1.9200002e-05
18459,1.2000002e-06
18460,1.08e-05
18461,1.9200002e-05
18462,1.9200002e-05
18463,3.0000004e-07
18464,7.500001e-08
18465,4.8000006e-06
18466,9.187501e-05
18467,0.00045630004
18468,0.0011346751
18469,0.0015123001
18470,0.0008748
18471,9.075001e-06
18472,0.0013266751
18473,0.0058800005
18474,0.0103788
18475,0.009720001
18476,6.75e-07
18477,0.00046807507
18478,0.0021930751
18479,0.005346675
18480,0.008978699
18481,0.01083
18482,0.0090828
18483,0.0043923
18484,0.00042187504
18485,0.001098075
18486,0.0071147997
18487,0.015120075
18488,0.0007650751
18489,0.007536676
18490,0.0189003
18491,0.022770077
18492,0.013041675
18493,0.0011346751
18494,0.004212675
18495,0.0223587
18496,0.0016875002
18497,0.013738802
18498,0.028090801
18499,0.028737077
18500,0.0143883005
18501,0.0012480749
18502,0.0030906748
18503,0.0153228
18504,0.022852799
18505,0.00032669998
18506,0.0017327999
18507,0.0046127997
18508,0.006615675
18509,0.0050310753
18510,0.0013067999
18511,0.000180075
18512,0.00363
18513,0.007824676
18514,0.0077763004
18515,0.0036630754
18516,0.000279075
18517,0.00073507504
18518,0.0030300752
18519,0.0034668753
18520,0.0015336752
18521,2.43e-05
18522,0.0008748
18523,0.0026508
18524,0.0027936753
18525,0.0012288002
18526,3.3075e-05
18527,0.000516675
18528,0.0015336752
18529,2.7074999e-05
18530,1.875e-06
18531,6.75e-07
18532,7.5e-06
18533,3.9675004e-05
18534,0.00015870002
18535,0.00045630004
18536,0.00089107506
18537,0.0011346751
18538,1.08e-05
18539,1.08e-05
18540,7.500001e-08
18541,7.2074996e-05
18542,0.00032669998
18543,0.00058080006
18544,0.000516675
18545,0.000210675
18546,1.6875001e-05
18547,3.6750005e-06
18548,3.0000004e-07
18549,0.0001323
18550,0.00063480006
18551,0.0010800001
18552,0.0007650751
18553,5.8800008e-05
18554,0.00048
18555,0.0025668752
18556,0.0045018755
18557,0.0041067
18558,0.0017556751
18559,7.2074996e-05
18560,0.000567675
18561,0.0018723003
18562,0.0019440751
18563,0.00081120007
18564,1.9200002e-05
18565,0.000279075
18566,0.0006627
18567,0.000399675
18568,6.075e-06
18569,0.00034680005
18570,0.0011531999
18571,0.0013872002
18572,0.0007650751
18573,8.670001e-05
18574,0.00011407501
18575,0.0006075001
18576,0.0007803
18577,0.00041070004
18578,2.7074999e-05
18579,0.00012
18580,0.00049207505
18581,0.000541875
18582,0.00018750002
18583,1.9200002e-05
18584,0.000648675
18585,0.00012
18586,0.0011907001
18587,0.0023496752
18588,0.0019440751
18589,7.5e-06
18590,6.7500005e-05
18591,0.00089107506
18592,0.0019683002
18593,0.0019683002
18594,7.500001e-08
18595,9.72e-05
18596,0.00030720004
18597,0.000399675
18598,0.000210675
18599,1.2000002e-06
18600,0.00028829998
18601,9.187501e-05
18602,0.00011407501
18603,0.0012480749
18604,0.002296875
18605,0.0017327999
18606,0.00029767503
18607,0.000279075
18608,0.0023763
18609,0.0046875
18610,0.0049922997
18611,0.0032448003
18612,7.500001e-08
18613,4.32e-05
18614,5.0700004e-05
18615,7.2074996e-05
18616,0.00023520003
18617,0.00075000006
18618,0.0015768749
18619,0.0019683002
18620,0.001287075
18621,0.0002187
18622,0.00014520001
18623,0.001171875
18624,6.3075e-05
18625,0.0002523
18626,1.2000002e-06
18627,1.4700002e-05
18628,0.00010267501
18629,0.000165675
18630,6.3075e-05
18631,1.9200002e-05
18632,0.00042187504
18633,0.0011531999
18634,0.001491075
18635,0.00097470003
18636,0.00018750002
18637,5.8800008e-05
18638,0.00063480006
18639,5.0700004e-05
18640,0.00034680005
18641,0.0006075001
18642,0.00050430006
18643,0.000165675
18644,1.2000002e-06
18645,0.0002187
18646,0.000541875
18647,0.00058080006
18648,0.00026107504
18649,3.6750005e-06
18650,0.000210675
18651,0.00075000006
18652,0.001098075
18653,0.00089107506
18654,0.00035707498
18655,1.4700002e-05
18656,0.000108299995
18657,0.00037807503
18658,0.00050430006
18659,0.000399675
18660,0.00024367501
18661,0.00013867502
18662,0.000108299995
18663,3.6750005e-06
18664,3.3075e-05
18665,5.4675e-05
18666,7.500001e-08
18667,1.9200002e-05
18668,6.7500005e-05
18669,8.1674996e-05
18670,3.3075e-05
18671,6.75e-07
18672,1.875e-06
18673,3.9675004e-05
18674,0.00049207505
18675,0.0017786999
18676,0.0032136752
18677,0.003151875
18678,0.0011163
18679,8.670001e-05
18680,0.003796875
18681,0.0115248
18682,0.016921874
18683,0.000279075
18684,0.001287075
18685,0.002142075
18686,0.0012096752
18687,2.7e-06
18688,0.002910675
18689,0.0110592
18690,0.0189003
18691,0.019354803
18692,9.187501e-05
18693,0.0001323
18694,0.00015870002
18695,6.75e-07
18696,0.00079567503
18697,0.0045018755
18698,0.0103788
18699,0.013738802
18700,0.0110592
18701,0.0047628004
18702,0.00046807507
18703,0.00042187504
18704,0.0020667
18705,8.670001e-05
18706,0.0007203
18707,0.0025392002
18708,0.0061776754
18709,0.011001674
18710,0.014322677
18711,0.00029767503
18712,0.0018252002
18713,0.0031827001
18714,0.0016875002
18715,3.6300004e-05
18716,0.0049922997
18717,0.016638076
18718,0.025229998
18719,0.00044467498
18720,0.0023232002
18721,0.0046875
18722,0.0042483
18723,0.001062075
18724,0.00044467498
18725,0.006091875
18726,0.013738802
18727,0.0151875
18728,0.008772301
18729,0.0015336752
18730,0.00036750003
18731,0.0035970751
18732,0.0047628004
18733,0.0021168
18734,2.1675003e-05
18735,0.000195075
18736,0.0014282999
18737,0.001098075
18738,6.75e-07
18739,0.0020172002
18740,0.0067050746
18741,0.008167501
18742,0.0039675003
18743,5.8800008e-05
18744,0.0005547001
18745,0.006438676
18746,0.011407499
18747,0.008416876
18748,0.0017556751
18749,0.00044467498
18750,0.0049922997
18751,0.0076320753
18752,0.0043200003
18753,0.00030720004
18754,0.0012480749
18755,0.0050310753
18756,0.0057546757
18757,0.002511675
18758,3.9675004e-05
18759,0.0013872002
18760,0.0041067
18761,0.0044286754
18762,0.0022707
18763,1.9200002e-05
18764,0.000399675
18765,0.0006075001
18766,0.00048
18767,0.00029767503
18768,0.000210675
18769,0.000195075
18770,0.00013867502
18771,1.6875001e-05
18772,0.00010267501
18773,0.0007803
18774,0.0017556751
18775,0.0019440751
18776,0.0009408001
18777,1.08e-05
18778,0.0008748
18779,0.0031827001
18780,0.004575675
18781,0.0034668753
18782,0.0010800001
18783,6.75e-07
18784,0.001026675
18785,0.0027075
18786,0.0033075
18787,0.0025947
18788,0.0013872002
18789,0.00049207505
18790,8.1674996e-05
18791,4.8000006e-06
18792,0.000180075
18793,0.000676875
18794,0.0015552
18795,0.0025392002
18796,0.0030000003
18797,0.0024300003
18798,0.0011163
18799,0.00011407501
18800,0.000180075
18801,0.0011163
18802,0.002091675
18803,0.0025392002
18804,0.0024570748
18805,0.002091675
18806,0.0016428002
18807,0.0010800001
18808,0.00041070004
18809,7.500001e-08
18810,0.0006912
18811,0.0030603004
18812,0.0063074995
18813,0.008068801
18814,0.006526875
18815,0.002679075
18816,8.1674996e-05
18817,0.0013467001
18818,0.0052668746
18819,0.007921875
18820,0.006660301
18821,0.0030300752
18822,0.00035707498
18823,0.0002187
18824,0.0013067999
18825,0.0016428002
18826,0.0009408001
18827,0.0002187
18828,4.8000006e-06
18829,0.0
18830,7.680001e-05
18831,0.0005292
18832,0.0011163
18833,0.000957675
18834,0.0001323
18835,0.00043319998
18836,0.0031212
18837,0.0063074995
18838,0.006526875
18839,0.0031212
18840,0.00012
18841,0.00034680005
18842,0.00049207505
18843,0.0053067002
18844,0.010101676
18845,0.008926875
18846,0.003402675
18847,6.3075e-05
18848,0.0013266751
18849,0.0034347004
18850,0.0030000003
18851,0.001062075
18852,6.3075e-05
18853,1.4700002e-05
18854,1.9200002e-05
18855,0.00081120007
18856,0.0030300752
18857,0.0045018755
18858,2.43e-05
18859,1.9200002e-05
18860,8.1674996e-05
18861,0.001710075
18862,0.005346675
18863,0.008068801
18864,0.0067950753
18865,0.002511675
18866,7.5e-06
18867,0.0018960749
18868,0.0053868005
18869,0.0060492004
18870,0.0033390748
18871,0.000567675
18872,8.1674996e-05
18873,0.0007650751
18874,7.5e-06
18875,9.075001e-06
18876,0.00015870002
18877,0.00036750003
18878,0.00029767503
18879,3e-05
18880,0.00015870002
18881,0.00089107506
18882,0.0015552
18883,0.0013668751
18884,0.000621075
18885,8.670001e-05
18886,1.875e-06
18887,3.6750005e-06
18888,4.6875004e-05
18889,0.00033667503
18890,1.6875001e-05
18891,7.5e-06
18892,0.000165675
18893,0.0016206751
18894,0.0046875
18895,0.0068856752
18896,0.0052271998
18897,1.4700002e-05
18898,0.0010443002
18899,0.003151875
18900,0.004725075
18901,0.0043200003
18902,0.0023232002
18903,0.00048
18904,1.2675001e-05
18905,0.00042187504
18906,0.000621075
18907,0.000399675
18908,0.000165675
18909,0.00012
18910,0.00035707498
18911,0.0011531999
18912,0.0023232002
18913,0.0026226752
18914,0.001287075
18915,6.075e-06
18916,0.001710075
18917,0.0005292
18918,0.0057546757
18919,0.0118803
18920,0.010887076
18921,0.0034992
18922,0.0001728
18923,0.00768
18924,0.0011346751
18925,0.009398701
18926,0.016356675
18927,0.0118803
18928,0.0020172002
18929,0.0016428002
18930,0.0012096752
18931,0.01083
18932,0.016921874
18933,0.010101676
18934,0.00079567503
18935,0.0029403002
18936,0.012120301
18937,0.013041675
18938,0.004071675
18939,0.0003888
18940,0.010267501
18941,0.0213867
18942,0.018228674
18943,0.0051090755
18944,0.00044467498
18945,0.0118803
18946,0.001491075
18947,0.0124848
18948,0.0243675
18949,0.023520002
18950,0.010659676
18951,0.00046807507
18952,0.0043200003
18953,0.017714702
18954,0.026730675
18955,0.023520002
18956,0.012362699
18957,0.0028518748
18958,4.8000006e-06
18959,0.0018252002
18960,0.0039675003
18961,0.004356075
18962,0.0035643002
18963,5.8800008e-05
18964,0.0009408001
18965,0.003796875
18966,0.0067950753
18967,0.00012
18968,0.00024367501
18969,4.32e-05
18970,0.00028829998
18971,0.0021675
18972,0.0045018755
18973,0.004356075
18974,6.75e-07
18975,0.00041070004
18976,0.0013266751
18977,0.0017556751
18978,0.00097470003
18979,1.9200002e-05
18980,0.00020280002
18981,0.002970075
18982,0.0067500006
18983,0.0070227003
18984,0.0032136752
18985,6.7500005e-05
18986,0.0020172002
18987,0.0071147997
18988,0.009666075
18989,0.0071147997
18990,0.0025947
18991,0.00015187502
18992,0.00028829998
18993,0.00079567503
18994,0.00046807507
18995,3.3075e-05
18996,5.0700004e-05
18997,5.0700004e-05
18998,9.72e-05
18999,0.000210675
19000,0.0034992
19001,0.009398701
19002,0.012060075
19003,0.007873201
19004,0.0013467001
19005,0.0010443002
19006,0.0095052
19007,0.019584075
19008,0.021870002
19009,0.014718674
19010,0.0049152006
19011,0.00011407501
19012,0.0016875002
19013,0.005548801
19014,0.007489201
19015,0.0067950753
19016,0.0049152006
19017,0.0032136752
19018,0.0020418752
19019,0.0011531999
19020,0.00034680005
19021,1.6875001e-05
19022,0.001098075
19023,0.0038988001
19024,0.0068856752
19025,0.007536676
19026,0.00507
19027,0.0015987
19028,1.08e-05
19029,0.00075000006
19030,0.00192
19031,4.6875004e-05
19032,0.000279075
19033,0.000826875
19034,0.0015987
19035,0.0021930751
19036,0.0021675
19037,0.0013668751
19038,0.00037807503
19039,3.6750005e-06
19040,6.3075e-05
19041,0.000648675
19042,0.0012288002
19043,0.0011907001
19044,0.0007056751
19045,1.875e-06
19046,6.7500005e-05
19047,0.00058080006
19048,0.0016650752
19049,0.002296875
19050,0.0013467001
19051,4.32e-05
19052,0.0012480749
19053,0.0056718756
19054,0.009612301
19055,0.00867
19056,0.0035970751
19057,5.8800008e-05
19058,0.00042187504
19059,0.0005547001
19060,0.0057963002
19061,0.011001674
19062,0.009666075
19063,0.003402675
19064,0.0
19065,0.0031212
19066,0.008217076
19067,0.008926875
19068,0.004725075
19069,0.0006075001
19070,0.00048
19071,0.0031827001
19072,0.0049152006
19073,0.0037632005
19074,0.0013467001
19075,2.7074999e-05
19076,0.00050430006
19077,0.0015123001
19078,4.6875004e-05
19079,0.0002523
19080,0.00044467498
19081,0.00036750003
19082,0.000108299995
19083,6.075e-06
19084,0.00018750002
19085,0.00032669998
19086,0.0001728
19087,1.08e-05
19088,0.000226875
19089,0.0005292
19090,0.0005292
19091,0.0002187
19092,3.0000004e-07
19093,0.00024367501
19094,0.00079567503
19095,0.001171875
19096,0.0010443002
19097,3.6750005e-06
19098,1.875e-06
19099,4.32e-05
19100,0.00011407501
19101,9.187501e-05
19102,2.7e-06
19103,0.0001323
19104,0.000541875
19105,7.2074996e-05
19106,0.000957675
19107,0.002679075
19108,0.0038988001
19109,0.003151875
19110,0.0009918751
19111,5.8800008e-05
19112,0.0027648
19113,0.008316676
19114,0.012792675
19115,0.0122412015
19116,0.0067950753
19117,0.001171875
19118,0.00048
19119,0.005187676
19120,0.00058080006
19121,0.0052668746
19122,0.011290802
19123,0.012180676
19124,0.0067500006
19125,0.0010443002
19126,0.00043319998
19127,0.00032669998
19128,0.0027648
19129,0.004800675
19130,0.00010267501
19131,0.0006912
19132,0.0018723003
19133,0.0027648
19134,0.0022446748
19135,0.00075000006
19136,1.875e-06
19137,0.00079567503
19138,0.0018252002
19139,0.0015768749
19140,0.00049207505
19141,0.0
19142,0.0002187
19143,0.0001728
19144,3.6300004e-05
19145,0.000957675
19146,0.0025668752
19147,0.0027075
19148,0.0009075
19149,0.00010267501
19150,0.0029403002
19151,0.0069311997
19152,0.0071147997
19153,0.0030603004
19154,4.6875004e-05
19155,0.001710075
19156,0.004838701
19157,8.670001e-05
19158,0.0001323
19159,5.4675e-05
19160,3.0000004e-07
19161,4.8000006e-06
19162,9.075001e-06
19163,0.0002523
19164,0.0009075
19165,0.0013467001
19166,0.00081120007
19167,1.6875001e-05
19168,0.0008427
19169,0.003402675
19170,0.0051483
19171,0.003796875
19172,0.000924075
19173,0.00012607501
19174,0.0023232002
19175,0.0045018755
19176,0.0038988001
19177,0.0014700001
19178,4.6875004e-05
19179,0.00030720004
19180,0.000594075
19181,0.00015187502
19182,0.00012
19183,0.0010443002
19184,0.0014700001
19185,0.00049207505
19186,0.00018750002
19187,0.0032760752
19188,0.008517676
19189,0.0109443
19190,0.0076320753
19191,0.0020667
19192,6.7500005e-05
19193,0.0031827001
19194,0.007254075
19195,0.000226875
19196,0.0016206751
19197,0.004212675
19198,0.00029767503
19199,0.0030906748
19200,0.00046807507
19201,0.0043200003
19202,0.0075842994
19203,0.004800675
19204,0.000180075
19205,0.0040368
19206,0.017787674
19207,0.02910968
19208,0.025754703
19209,0.011407499
19210,0.00079567503
19211,0.0022446748
19212,0.009135076
19213,0.0109443
19214,0.0062208
19215,0.0012675
19216,7.5e-06
19217,0.000316875
19218,1.6875001e-05
19219,0.00020280002
19220,0.0035643002
19221,0.008823675
19222,0.0098826755
19223,0.0051090755
19224,0.000316875
19225,0.0020667
19226,0.010101676
19227,0.0178608
19228,0.0198147
19229,0.015458701
19230,6.3075e-05
19231,0.00033667503
19232,0.0011907001
19233,0.0012096752
19234,3.6300004e-05
19235,0.0024030753
19236,0.0125460755
19237,0.0248832
19238,0.027451878
19239,0.0165675
19240,0.0032760752
19241,0.000676875
19242,0.008978699
19243,0.0171363
19244,0.0165675
19245,0.0094518745
19246,0.002910675
19247,0.00026107504
19248,3e-05
19249,0.00012
19250,6.3075e-05
19251,4.6875004e-05
19252,0.00024367501
19253,0.0011907001
19254,0.00023520003
19255,0.0029403002
19256,0.0070227003
19257,0.0076320753
19258,0.0036630754
19259,0.00012607501
19260,0.0019440751
19261,0.007394701
19262,0.010267501
19263,0.007489201
19264,0.0024570748
19265,3e-05
19266,0.0008748
19267,0.0019683002
19268,0.0013467001
19269,1.08e-05
19270,0.00026107504
19271,4.8000006e-06
19272,1.4700002e-05
19273,0.0003888
19274,0.0016206751
19275,0.0033390748
19276,0.0039675003
19277,0.002511675
19278,2.1675003e-05
19279,0.00089107506
19280,0.002736075
19281,0.0045018755
19282,0.004876875
19283,0.003402675
19284,0.0012096752
19285,2.1675003e-05
19286,0.000621075
19287,0.0021930751
19288,0.0031827001
19289,0.0028518748
19290,0.0016428002
19291,0.0005292
19292,3e-05
19293,6.3075e-05
19294,0.00026107504
19295,1.9200002e-05
19296,3e-05
19297,0.000516675
19298,0.00010267501
19299,0.001062075
19300,0.0021168
19301,0.0018018751
19302,0.00045630004
19303,0.00011407501
19304,0.00020280002
19305,0.0022446748
19306,0.004212675
19307,0.0034668753
19308,0.0009408001
19309,7.680001e-05
19310,0.00192
19311,0.0036630754
19312,0.002736075
19313,0.0005547001
19314,0.00018750002
19315,0.0018018751
19316,0.0024570748
19317,0.0009918751
19318,9.72e-05
19319,0.0018252002
19320,0.0036963
19321,0.0028812
19322,3e-05
19323,0.0013266751
19324,0.0041067
19325,0.0060492004
19326,0.0049922997
19327,0.0016650752
19328,2.7074999e-05
19329,0.0030603004
19330,0.0090306755
19331,0.012730801
19332,0.010490701
19333,0.0044286754
19334,0.0002187
19335,0.0015336752
19336,0.006660301
19337,0.010546875
19338,0.00023520003
19339,0.0016650752
19340,0.0041067
19341,0.000165675
19342,0.0009408001
19343,0.0013067999
19344,0.000567675
19345,1.4700002e-05
19346,0.0014282999
19347,0.00034680005
19348,0.003933075
19349,0.00058080006
19350,0.00058080006
19351,0.0061776754
19352,0.010267501
19353,0.0058800005
19354,9.72e-05
19355,0.005427075
19356,0.019660803
19357,0.026019074
19358,0.0162867
19359,0.0026226752
19360,0.001491075
19361,0.011761201
19362,0.0178608
19363,0.011940075
19364,0.0025392002
19365,0.00026107504
19366,0.0039675003
19367,0.0055080755
19368,3.6750005e-06
19369,8.1674996e-05
19370,3.6750005e-06
19371,2.7e-06
19372,0.00013867502
19373,0.000516675
19374,0.0006912
19375,0.00032669998
19376,1.875e-06
19377,0.0006912
19378,0.0021675
19379,0.002910675
19380,0.0019440751
19381,0.00041070004
19382,0.00010267501
19383,0.0013668751
19384,0.0027648
19385,0.002970075
19386,0.0019683002
19387,0.0007803
19388,0.00011407501
19389,1.2675001e-05
19390,0.00020280002
19391,0.000516675
19392,0.0009075
19393,0.0013467001
19394,0.0015987
19395,0.0014076749
19396,0.0007056751
19397,7.2074996e-05
19398,0.0001728
19399,9.72e-05
19400,0.001062075
19401,0.0021930751
19402,0.0022188004
19403,0.0010800001
19404,9.187501e-05
19405,0.00018750002
19406,0.00081120007
19407,0.0009408001
19408,0.00045630004
19409,7.5e-06
19410,0.000108299995
19411,1.875e-06
19412,6.75e-07
19413,2.7074999e-05
19414,9.187501e-05
19415,0.0001323
19416,0.00010267501
19417,3e-05
19418,1.875e-06
19419,3e-05
19420,7.2074996e-05
19421,0.00012607501
19422,0.000226875
19423,0.00041070004
19424,0.00063480006
19425,0.000648675
19426,0.00026107504
19427,1.9200002e-05
19428,0.0011346751
19429,0.0039675003
19430,0.0063948
19431,0.005427075
19432,7.5e-06
19433,0.00015870002
19434,0.0028518748
19435,0.008316676
19436,0.012060075
19437,0.009398701
19438,0.0025947
19439,0.00028829998
19440,0.0009075
19441,0.010659676
19442,0.022032302
19443,0.022032302
19444,0.0109443
19445,0.0011907001
19446,0.0013467001
19447,0.000648675
19448,0.0006075001
19449,0.0069311997
19450,0.015870001
19451,0.019431077
19452,0.014322677
19453,0.0052271998
19454,0.00015187502
19455,0.0025947
19456,0.00026107504
19457,0.0023232002
19458,0.005589675
19459,0.0077763004
19460,0.00020280002
19461,0.00192
19462,0.0058800005
19463,0.0091875
19464,0.0077763004
19465,0.0023496752
19466,0.00026107504
19467,0.008118075
19468,0.022852799
19469,0.001287075
19470,0.010434675
19471,0.020988075
19472,0.018675078
19473,0.005427075
19474,0.0005292
19475,0.0136746755
19476,0.029673075
19477,0.028737077
19478,0.012854701
19479,0.00081120007
19480,0.0025392002
19481,0.008926875
19482,0.0083667
19483,0.0024843
19484,0.0002187
19485,0.0027648
19486,0.0036963
19487,0.0014282999
19488,2.7074999e-05
19489,0.0024570748
19490,0.006006675
19491,0.006134701
19492,0.0027648
19493,0.00012607501
19494,0.0009075
19495,0.0031827001
19496,0.0035316749
19497,0.0015336752
19498,2.1675003e-05
19499,0.000924075
19500,0.002736075
19501,0.0027075
19502,0.00081120007
19503,0.000108299995
19504,0.0026508
19505,0.00037807503
19506,0.0033075
19507,0.0059643
19508,0.004575675
19509,0.00089107506
19510,0.0005292
19511,0.000516675
19512,0.0052668746
19513,0.00046807507
19514,0.003151875
19515,0.0049152006
19516,0.0031827001
19517,0.00041070004
19518,0.000210675
19519,0.0025947
19520,0.0045387005
19521,0.0032760752
19522,0.000648675
19523,0.0002187
19524,0.0021930751
19525,0.0033708
19526,0.0019440751
19527,0.00011407501
19528,0.00081120007
19529,0.0033075
19530,0.0042483
19531,0.0023763
19532,0.00024367501
19533,0.00041070004
19534,0.0019683002
19535,0.0022707
19536,0.0009408001
19537,9.075001e-06
19538,0.00043319998
19539,0.000826875
19540,0.00024367501
19541,0.000165675
19542,0.00192
19543,0.003796875
19544,0.003151875
19545,0.0006912
19546,0.000316875
19547,0.0036963
19548,0.0074418755
19549,0.0072075003
19550,7.5e-06
19551,3.6300004e-05
19552,9.72e-05
19553,0.00014520001
19554,0.0002523
19555,0.00045630004
19556,3.6300004e-05
19557,4.32e-05
19558,0.00044467498
19559,0.00063480006
19560,1.875e-06
19561,0.0002523
19562,0.000957675
19563,0.001491075
19564,0.0010800001
19565,0.0001728
19566,0.00020280002
19567,0.0015336752
19568,0.0025668752
19569,0.00192
19570,0.00048
19571,3.3075e-05
19572,7.680001e-05
19573,0.000516675
19574,0.00046807507
19575,5.0700004e-05
19576,0.00014520001
19577,0.0006075001
19578,0.00048
19579,1.08e-05
19580,0.000567675
19581,0.0022707
19582,0.0032448003
19583,0.0021930751
19584,0.00045630004
19585,7.680001e-05
19586,0.000924075
19587,0.0012288002
19588,0.000516675
19589,3.6750005e-06
19590,0.000210675
19591,0.000226875
19592,1.08e-05
19593,0.0011907001
19594,0.004141875
19595,0.006091875
19596,0.004284075
19597,0.00079567503
19598,0.00049207505
19599,0.0046127997
19600,0.008416876
19601,0.007347675
19602,0.0028518748
19603,8.1674996e-05
19604,0.00081120007
19605,0.0019440751
19606,0.0010443002
19607,7.500001e-08
19608,0.0013067999
19609,0.003402675
19610,0.002970075
19611,0.0005292
19612,0.000648675
19613,0.005346675
19614,0.0103788
19615,0.009991876
19616,0.0046127997
19617,0.00028829998
19618,0.0012480749
19619,0.0003888
19620,0.0033075
19621,0.0056718756
19622,7.2074996e-05
19623,1.2675001e-05
19624,1.2675001e-05
19625,0.00012
19626,0.000165675
19627,8.670001e-05
19628,6.075e-06
19629,1.08e-05
19630,2.43e-05
19631,4.8000006e-06
19632,1.2675001e-05
19633,8.1674996e-05
19634,0.00014520001
19635,0.00012607501
19636,6.3075e-05
19637,1.4700002e-05
19638,3.0000004e-07
19639,6.75e-07
19640,1.08e-05
19641,5.0700004e-05
19642,0.000165675
19643,0.0003888
19644,0.0006912
19645,0.0009075
19646,0.000924075
19647,0.0007203
19648,0.00042187504
19649,0.00015187502
19650,4.8000006e-06
19651,2.43e-05
19652,0.000567675
19653,0.0022188004
19654,0.00030720004
19655,0.003933075
19656,0.0099372
19657,0.011701876
19658,0.0060492004
19659,0.000195075
19660,0.0041067
19661,0.0169932
19662,0.0264627
19663,0.022522798
19664,0.009612301
19665,0.000594075
19666,0.002296875
19667,0.009666075
19668,0.0136107
19669,0.0109443
19670,0.0052668746
19671,0.0012096752
19672,3.6750005e-06
19673,0.000399675
19674,0.00097470003
19675,0.0012675
19676,0.0013266751
19677,0.001287075
19678,0.001098075
19679,0.00073507504
19680,0.00032669998
19681,6.7500005e-05
19682,1.875e-06
19683,4.8000006e-06
19684,1.2000002e-06
19685,2.1675003e-05
19686,6.075e-06
19687,7.680001e-05
19688,0.00010267501
19689,0.0018252002
19690,0.005346675
19691,0.00768
19692,0.006134701
19693,0.0021168
19694,6.75e-07
19695,0.0023763
19696,0.0072075003
19697,0.0103788
19698,0.0099372
19699,0.0067050746
19700,1.2675001e-05
19701,4.6875004e-05
19702,0.00024367501
19703,0.00023520003
19704,3e-05
19705,0.001171875
19706,0.0042483
19707,0.0069768755
19708,0.0063510756
19709,0.0028518748
19710,3.9675004e-05
19711,0.000567675
19712,0.00046807507
19713,4.8000006e-06
19714,0.000541875
19715,0.001491075
19716,6.075e-06
19717,0.00014520001
19718,0.0015768749
19719,0.005187676
19720,0.008978699
19721,0.009135076
19722,0.004876875
19723,0.00050430006
19724,0.001062075
19725,0.006134701
19726,0.0103788
19727,0.009774076
19728,4.32e-05
19729,0.000165675
19730,0.0007803
19731,0.001491075
19732,0.001171875
19733,0.00012607501
19734,0.00058080006
19735,0.0034347004
19736,0.006006675
19737,0.0051090755
19738,0.001710075
19739,3.6750005e-06
19740,0.0016650752
19741,0.000195075
19742,0.0011531999
19743,0.001491075
19744,0.00075000006
19745,6.3075e-05
19746,9.187501e-05
19747,0.00028829998
19748,0.000165675
19749,6.075e-06
19750,2.7074999e-05
19751,9.075001e-06
19752,9.187501e-05
19753,0.0007056751
19754,0.0014076749
19755,0.0011163
19756,0.00012
19757,0.000594075
19758,0.0036630754
19759,0.0068856752
19760,0.0067500006
19761,0.0031827001
19762,0.00018750002
19763,0.0010800001
19764,0.004725075
19765,0.007254075
19766,0.006438676
19767,0.0035316749
19768,0.001026675
19769,4.6875004e-05
19770,0.00014520001
19771,0.0005547001
19772,0.00097470003
19773,0.0014076749
19774,0.0018960749
19775,0.002296875
19776,0.0021930751
19777,0.0014490751
19778,0.00043319998
19779,1.875e-06
19780,0.000541875
19781,0.0015768749
19782,0.0022446748
19783,0.002142075
19784,2.7074999e-05
19785,0.00027000002
19786,0.0010092
19787,0.001710075
19788,0.0013266751
19789,0.000195075
19790,0.00046807507
19791,0.0035970751
19792,0.0077280756
19793,0.0090828
19794,0.006006675
19795,0.0014490751
19796,0.00020280002
19797,0.0032448003
19798,0.0074418755
19799,0.0091875
19800,0.0072075003
19801,0.0033390748
19802,2.1675003e-05
19803,0.00045630004
19804,0.0008586751
19805,0.001098075
19806,0.0013872002
19807,0.0018723003
19808,0.0024570748
19809,0.0026508
19810,0.0019683002
19811,0.0007056751
19812,6.75e-07
19813,0.0010092
19814,0.0034992
19815,0.0057131997
19816,0.0057963002
19817,0.0037296754
19818,0.0011531999
19819,5.0700004e-05
19820,0.00081120007
19821,0.0016428002
19822,0.0018723003
19823,2.7074999e-05
19824,0.00024367501
19825,0.00079567503
19826,0.0012675
19827,0.0010800001
19828,0.00041070004
19829,6.075e-06
19830,0.00018750002
19831,0.00050430006
19832,9.075001e-06
19833,3.9675004e-05
19834,0.000108299995
19835,0.00026107504
19836,0.0005292
19837,0.00089107506
19838,0.0011907001
19839,0.001171875
19840,0.00073507504
19841,0.0001728
19842,2.43e-05
19843,0.0005292
19844,0.0013872002
19845,0.0019440751
19846,0.0018960749
19847,2.7074999e-05
19848,0.00029767503
19849,0.0012096752
19850,0.0023763
19851,0.002511675
19852,1.875e-06
19853,9.72e-05
19854,0.00075000006
19855,0.000210675
19856,0.0031827001
19857,0.008978699
19858,0.012301876
19859,0.008823675
19860,0.0021168
19861,0.00032669998
19862,0.006006675
19863,0.012854701
19864,0.013419676
19865,0.007824676
19866,0.0020172002
19867,6.075e-06
19868,0.0006075001
19869,0.001062075
19870,0.000676875
19871,0.00026107504
19872,0.00018750002
19873,4.6875004e-05
19874,0.0010800001
19875,0.0034992
19876,0.0047628004
19877,1.9200002e-05
19878,2.1675003e-05
19879,0.00037807503
19880,0.00012
19881,0.00018750002
19882,0.0023232002
19883,0.0046875
19884,0.004002075
19885,0.0010443002
19886,0.00015870002
19887,0.0030300752
19888,0.0062208
19889,0.0059643
19890,0.0027648
19891,3e-05
19892,4.6875004e-05
19893,0.0002187
19894,0.00015870002
19895,3.3075e-05
19896,0.0
19897,6.3075e-05
19898,0.0007650751
19899,0.0028518748
19900,0.00028829998
19901,0.0026226752
19902,0.0046500755
19903,0.0027648
19904,2.43e-05
19905,0.0034347004
19906,0.0126075
19907,0.017641876
19908,0.012000001
19909,0.0025668752
19910,0.00041070004
19911,0.0051483
19912,0.008118075
19913,0.0051090755
19914,3.3075e-05
19915,0.00073507504
19916,0.00063480006
19917,6.75e-07
19918,0.0016206751
19919,0.005548801
19920,0.007489201
19921,0.004575675
19922,0.00045630004
19923,0.000399675
19924,0.005427075
19925,0.011174701
19926,0.0110592
19927,2.43e-05
19928,7.5e-06
19929,0.00011407501
19930,0.00044467498
19931,0.00063480006
19932,0.0
19933,3.3075e-05
19934,0.00079567503
19935,0.0028812
19936,0.0051483
19937,0.0053868005
19938,0.0030603004
19939,0.00044467498
19940,0.00034680005
19941,0.0026508
19942,0.0046500755
19943,0.0042483
19944,0.0021675
19945,0.00044467498
19946,1.2000002e-06
19947,2.1675003e-05
19948,0.000108299995
19949,9.187501e-05
19950,3.6300004e-05
19951,1.08e-05
19952,1.2675001e-05
19953,4.6875004e-05
19954,0.00014520001
19955,0.00030720004
19956,0.00044467498
19957,0.00048
19958,0.00035707498
19959,0.00014520001
19960,3.6750005e-06
19961,1.9200002e-05
19962,0.00026107504
19963,0.00058080006
19964,0.000594075
19965,0.00024367501
19966,3.0000004e-07
19967,0.000195075
19968,0.00043319998
19969,0.00020280002
19970,2.7074999e-05
19971,0.0010092
19972,0.0030300752
19973,0.004071675
19974,0.002679075
19975,0.00037807503
19976,0.000621075
19977,0.004725075
19978,0.0098826755
19979,0.0116427
19980,0.00867
19981,0.00363
19982,0.00033667503
19983,0.000541875
19984,0.0033708
19985,0.0068856752
19986,0.009558675
19987,0.00035707498
19988,0.004002075
19989,0.011407499
19990,0.014985676
19991,0.008823675
19992,0.0005547001
19993,0.004800675
19994,0.0240267
19995,0.0421875
19996,0.0417387
19997,0.023268674
19998,0.0044652
19999,0.0007803
20000,0.0113490755
20001,0.023101876
20002,0.025317073
20003,0.017787674
20004,0.007536676
20005,0.0011907001
20006,0.00013867502
20007,0.0019683002
20008,0.0036630754
20009,0.003796875
20010,0.0025392002
20011,6.75e-07
20012,6.75e-07
20013,7.5e-06
20014,5.4675e-05
20015,0.000108299995
20016,7.5e-06
20017,0.00014520001
20018,0.0007056751
20019,0.0018018751
20020,0.0027936753
20021,0.0025392002
20022,0.000924075
20023,4.6875004e-05
20024,0.002910675
20025,0.009558675
20026,0.0153906755
20027,0.014718674
20028,0.0076320753
20029,0.0008748
20030,0.0013067999
20031,0.008167501
20032,0.013932074
20033,0.000279075
20034,0.0016428002
20035,0.0038988001
20036,0.00507
20037,5.4675e-05
20038,0.000165675
20039,0.000195075
20040,1.9200002e-05
20041,0.00034680005
20042,0.0024030753
20043,0.005838076
20044,0.0076320753
20045,0.005346675
20046,0.0011163
20047,0.00045630004
20048,0.005346675
20049,0.0107163
20050,0.009991876
20051,0.004002075
20052,5.0700004e-05
20053,0.0022188004
20054,0.0062208
20055,0.0059643
20056,0.0020172002
20057,7.5e-06
20058,0.00192
20059,0.0036630754
20060,0.0021168
20061,5.4675e-05
20062,0.0014490751
20063,0.0049922997
20064,0.005838076
20065,0.0028227004
20066,9.187501e-05
20067,0.0014490751
20068,0.0053868005
20069,0.0076320753
20070,0.00012
20071,0.00079567503
20072,0.002296875
20073,0.0032136752
20074,0.0020172002
20075,0.000108299995
20076,0.0015123001
20077,0.0077280756
20078,0.014061675
20079,0.014126699
20080,0.007489201
20081,0.001026675
20082,0.0007203
20083,0.0050310753
20084,0.0076320753
20085,0.005548801
20086,0.0018018751
20087,7.2074996e-05
20088,0.00013867502
20089,8.670001e-05
20090,0.0001728
20091,0.0018252002
20092,0.0039675003
20093,0.0037296754
20094,0.001062075
20095,0.00023520003
20096,0.0005547001
20097,0.0068403
20098,0.014985676
20099,0.0160083
20100,0.008619075
20101,0.0011346751
20102,0.000957675
20103,0.0063510756
20104,0.009720001
20105,0.007394701
20106,0.002511675
20107,4.32e-05
20108,0.00081120007
20109,0.000108299995
20110,0.0005547001
20111,1.4700002e-05
20112,1.9200002e-05
20113,3.0000004e-07
20114,0.00011407501
20115,0.00045630004
20116,3e-05
20117,0.000180075
20118,0.000165675
20119,9.075001e-06
20120,0.00036750003
20121,0.001287075
20122,0.0020667
20123,0.00192
20124,0.0009408001
20125,0.0001323
20126,3.9675004e-05
20127,0.000279075
20128,0.00028829998
20129,0.00012
20130,1.9200002e-05
20131,1.6875001e-05
20132,0.0001728
20133,0.000826875
20134,0.0019926752
20135,0.000108299995
20136,0.00079567503
20137,0.0013266751
20138,0.0007650751
20139,9.075001e-06
20140,0.0008586751
20141,0.003151875
20142,0.0045387005
20143,0.0033390748
20144,0.000957675
20145,9.075001e-06
20146,0.0010092
20147,0.0020172002
20148,0.001491075
20149,0.00023520003
20150,0.00024367501
20151,0.0018018751
20152,0.0029403002
20153,0.0020172002
20154,0.0002523
20155,0.000648675
20156,0.004356075
20157,0.008619075
20158,0.009240076
20159,0.005346675
20160,0.0009075
20161,0.00042187504
20162,0.00042187504
20163,0.004356075
20164,0.008721075
20165,0.008721075
20166,0.0046875
20167,0.00089107506
20168,4.32e-05
20169,0.0007803
20170,0.0009075
20171,0.00032669998
20172,1.08e-05
20173,9.075001e-06
20174,2.43e-05
20175,0.00058080006
20176,0.0019440751
20177,0.002910675
20178,0.0022188004
20179,0.0006075001
20180,1.6875001e-05
20181,0.0006912
20182,0.001026675
20183,0.00041070004
20184,4.8000006e-06
20185,0.00045630004
20186,0.00058080006
20187,2.43e-05
20188,0.0010092
20189,0.0052271998
20190,0.0098826755
20191,0.009774076
20192,0.004575675
20193,0.00020280002
20194,0.0019683002
20195,0.007921875
20196,0.0113490755
20197,0.0090828
20198,0.0041067
20199,0.0008427
20200,1.2675001e-05
20201,3.6750005e-06
20202,0.00024367501
20203,0.0011163
20204,0.0012096752
20205,0.00010267501
20206,0.0014700001
20207,0.0090828
20208,0.019431077
20209,0.022440676
20210,0.013932074
20211,0.002511675
20212,0.0011346751
20213,0.011232675
20214,0.020671874
20215,0.01875
20216,0.0084672
20217,0.0009075
20218,0.0005547001
20219,0.0024570748
20220,0.0017556751
20221,0.00012607501
20222,0.00046807507
20223,0.001287075
20224,0.0003888
20225,0.00050430006
20226,0.0052668746
20227,0.011290802
20228,0.011174701
20229,0.0043923
20230,1.2000002e-06
20231,0.0043923
20232,0.012120301
20233,0.013356299
20234,0.0070227003
20235,0.0010092
20236,0.00027000002
20237,0.001710075
20238,0.0012675
20239,7.2074996e-05
20240,0.00041070004
20241,0.000924075
20242,0.00011407501
20243,0.0011907001
20244,0.007489201
20245,0.0147852
20246,0.01452
20247,0.0060492004
20248,3e-05
20249,0.005427075
20250,0.017787674
20251,0.024282077
20252,0.018525677
20253,0.0072075003
20254,0.00046807507
20255,0.0011346751
20256,0.0045387005
20257,0.0057546757
20258,0.0043200003
20259,0.0022188004
20260,0.0009408001
20261,4.8000006e-06
20262,0.0001323
20263,0.00063480006
20264,0.0010092
20265,3.6750005e-06
20266,1.6875001e-05
20267,2.7074999e-05
20268,0.00048
20269,0.0015123001
20270,0.0024570748
20271,0.0025392002
20272,0.0016428002
20273,0.00050430006
20274,3.0000004e-07
20275,0.00042187504
20276,0.0013467001
20277,0.002091675
20278,0.0022188004
20279,0.0018018751
20280,0.0010800001
20281,0.000399675
20282,2.43e-05
20283,0.0001323
20284,0.00079567503
20285,0.0017786999
20286,0.0025668752
20287,0.0025392002
20288,0.0016650752
20289,0.0005292
20290,1.875e-06
20291,0.00032669998
20292,0.0009408001
20293,0.001171875
20294,0.00097470003
20295,0.0006912
20296,1.9200002e-05
20297,0.000399675
20298,0.0016875002
20299,0.0029403002
20300,0.0023232002
20301,0.000316875
20302,0.0009918751
20303,0.0071610743
20304,0.015052802
20305,0.0165675
20306,0.009292801
20307,0.0010443002
20308,0.0020418752
20309,0.001171875
20310,0.012180676
20311,0.024538804
20312,0.023352304
20313,0.009720001
20314,0.00015870002
20315,0.0057546757
20316,0.018825075
20317,0.0007650751
20318,0.0046500755
20319,0.008316676
20320,0.00012
20321,0.00024367501
20322,9.187501e-05
20323,6.7500005e-05
20324,0.0010092
20325,0.0025947
20326,0.0032760752
20327,2.1675003e-05
20328,3.3075e-05
20329,3.3075e-05
20330,3.0000004e-07
20331,4.6875004e-05
20332,0.00026107504
20333,0.0007056751
20334,0.0011531999
20335,0.0012096752
20336,0.0006912
20337,7.680001e-05
20338,5.8800008e-05
20339,0.000108299995
20340,0.0012675
20341,0.0026508
20342,0.0025392002
20343,0.0010800001
20344,3.3075e-05
20345,0.00041070004
20346,0.0012480749
20347,0.0013266751
20348,0.0006912
20349,3.0000004e-07
20350,3.6750005e-06
20351,0.00023520003
20352,0.001098075
20353,0.0019440751
20354,0.0014700001
20355,0.00015187502
20356,0.000826875
20357,0.005187676
20358,0.010434675
20359,0.011290802
20360,0.006438676
20361,0.0009408001
20362,0.00079567503
20363,0.000621075
20364,0.006615675
20365,0.013803075
20366,0.01452
20367,0.008019675
20368,4.6875004e-05
20369,0.0011907001
20370,0.0020418752
20371,0.0016650752
20372,0.00081120007
20373,0.00026107504
20374,9.72e-05
20375,0.00012607501
20376,0.00032669998
20377,0.000621075
20378,0.0006627
20379,0.00028829998
20380,1.2000002e-06
20381,0.000567675
20382,0.00192
20383,0.0028518748
20384,0.0022446748
20385,0.0006627
20386,3.9675004e-05
20387,0.0015123001
20388,0.0036630754
20389,0.0038988001
20390,0.0018018751
20391,2.43e-05
20392,0.000279075
20393,0.0037296754
20394,0.007873201
20395,0.000180075
20396,0.0006627
20397,0.000621075
20398,3.9675004e-05
20399,0.0006627
20400,0.00030720004
20401,0.0032760752
20402,0.006134701
20403,0.0047628004
20404,0.0009918751
20405,0.00034680005
20406,0.0035970751
20407,0.0056306995
20408,2.1675003e-05
20409,1.875e-06
20410,2.1675003e-05
20411,6.75e-07
20412,0.000165675
20413,0.0011163
20414,0.0029403002
20415,0.004212675
20416,0.0033390748
20417,4.8000006e-06
20418,0.0006075001
20419,0.002296875
20420,0.0046500755
20421,0.0064827004
20422,0.006526875
20423,0.0046127997
20424,0.0019440751
20425,2.43e-05
20426,0.0005292
20427,0.0013266751
20428,0.002296875
20429,0.0035643002
20430,0.0049922997
20431,0.0058800005
20432,0.005346675
20433,0.0032448003
20434,0.00089107506
20435,7.5e-06
20436,0.0011163
20437,0.0030603004
20438,0.0043923
20439,0.0046127997
20440,0.004284075
20441,0.0039675003
20442,0.0037632005
20443,0.0032136752
20444,0.0018018751
20445,0.000210675
20446,0.000210675
20447,0.0039675003
20448,0.011116875
20449,0.0160083
20450,0.0136746755
20451,0.0062208
20452,0.0006075001
20453,0.00081120007
20454,0.004141875
20455,0.0057131997
20456,0.004284075
20457,6.075e-06
20458,5.8800008e-05
20459,8.1674996e-05
20460,0.0011907001
20461,0.0024570748
20462,0.0018018751
20463,0.00018750002
20464,0.000594075
20465,0.000226875
20466,0.0015768749
20467,0.0018252002
20468,0.000516675
20469,6.3075e-05
20470,0.000957675
20471,0.001026675
20472,6.3075e-05
20473,0.0009408001
20474,0.004212675
20475,0.005838076
20476,0.0032448003
20477,0.0001323
20478,0.0017786999
20479,0.0070227003
20480,0.0095052
20481,0.006438676
20482,0.0016650752
20483,1.4700002e-05
20484,0.0014490751
20485,0.0027648
20486,0.0023763
20487,0.0011907001
20488,0.00043319998
20489,0.000195075
20490,9.075001e-06
20491,0.00015187502
20492,0.000316875
20493,0.00015187502
20494,3e-05
20495,0.0008586751
20496,0.0024300003
20497,0.0031827001
20498,0.0022188004
20499,0.0006075001
20500,1.08e-05
20501,0.0007803
20502,0.0018486752
20503,0.002091675
20504,0.001491075
20505,1.875e-06
20506,4.8000006e-06
20507,4.32e-05
20508,2.7e-06
20509,0.0
20510,6.3075e-05
20511,0.00037807503
20512,0.0008427
20513,0.000957675
20514,0.000516675
20515,3e-05
20516,0.00024367501
20517,0.0011163
20518,0.0017556751
20519,0.0014490751
20520,0.0005292
20521,6.75e-07
20522,0.00045630004
20523,0.0013467001
20524,0.0016650752
20525,0.0010092
20526,0.000165675
20527,8.670001e-05
20528,0.00073507504
20529,0.0011163
20530,0.000621075
20531,2.1675003e-05
20532,0.00037807503
20533,0.0013266751
20534,0.0013872002
20535,0.00035707498
20536,0.000180075
20537,0.0022707
20538,0.004725075
20539,0.004284075
20540,0.001287075
20541,0.00013867502
20542,0.00363
20543,0.0082668
20544,0.008217076
20545,0.0034668753
20546,4.32e-05
20547,0.002142075
20548,0.006438676
20549,0.0068403
20550,0.002970075
20551,7.2074996e-05
20552,0.0013266751
20553,0.0038307
20554,0.0034992
20555,0.000957675
20556,9.187501e-05
20557,0.00024367501
20558,0.0021930751
20559,0.003402675
20560,0.0021675
20561,0.00028829998
20562,0.00033667503
20563,0.000195075
20564,0.0018252002
20565,0.0034347004
20566,0.0032448003
20567,0.0015552
20568,0.00015870002
20569,0.000210675
20570,0.0011907001
20571,0.0018723003
20572,3.6300004e-05
20573,0.0002523
20574,0.0007056751
20575,0.0010800001
20576,0.0009918751
20577,0.00050430006
20578,8.1674996e-05
20579,1.4700002e-05
20580,0.0001728
20581,0.00032669998
20582,0.00042187504
20583,0.000594075
20584,0.0009408001
20585,0.0015123001
20586,0.0019926752
20587,0.0018252002
20588,0.000826875
20589,9.075001e-06
20590,0.0008586751
20591,0.0035643002
20592,0.0062208
20593,0.006438676
20594,0.003933075
20595,0.00097470003
20596,2.43e-05
20597,0.001287075
20598,0.002970075
20599,0.003402675
20600,0.0024843
20601,0.0012288002
20602,0.0
20603,7.500001e-08
20604,3.9675004e-05
20605,9.187501e-05
20606,1.2000002e-06
20607,0.00015187502
20608,7.680001e-05
20609,0.0011163
20610,0.0027648
20611,0.003151875
20612,0.0016206751
20613,8.670001e-05
20614,0.0007203
20615,0.0032136752
20616,0.00507
20617,0.0044652
20618,0.0021168
20619,0.0002523
20620,0.0002187
20621,0.0014282999
20622,0.0023763
20623,0.0021675
20624,0.0011163
20625,0.000210675
20626,1.6875001e-05
20627,2.7074999e-05
20628,0.00015870002
20629,3.0000004e-07
20630,3e-05
20631,0.00024367501
20632,0.000594075
20633,0.000567675
20634,8.670001e-05
20635,0.00037807503
20636,0.0030300752
20637,0.0071610743
20638,0.008875201
20639,0.0056306995
20640,0.00079567503
20641,0.001171875
20642,0.00867
20643,0.016356675
20644,0.00035707498
20645,0.0015768749
20646,7.680001e-05
20647,0.000210675
20648,2.1675003e-05
20649,0.000316875
20650,0.001710075
20651,0.0027648
20652,0.0018486752
20653,0.000210675
20654,0.00045630004
20655,0.0024030753
20656,0.003151875
20657,2.7e-06
20658,6.7500005e-05
20659,0.00024367501
20660,0.00026107504
20661,5.4675e-05
20662,8.1674996e-05
20663,0.0007650751
20664,0.0016206751
20665,0.0016428002
20666,0.0006627
20667,1.875e-06
20668,0.001062075
20669,0.0033708
20670,0.004953675
20671,0.0043923
20672,0.0023763
20673,0.00058080006
20674,3.0000004e-07
20675,0.00043319998
20676,0.001287075
20677,0.0022188004
20678,0.0032760752
20679,0.0043923
20680,0.00507
20681,0.0045387005
20682,0.0025668752
20683,1.4700002e-05
20684,0.000594075
20685,0.001710075
20686,0.0028227004
20687,0.0033390748
20688,0.0030906748
20689,0.0023496752
20690,0.0016428002
20691,0.001171875
20692,0.000957675
20693,0.00079567503
20694,0.00043319998
20695,2.1675003e-05
20696,0.00045630004
20697,0.0028812
20698,0.0071147997
20699,0.010773076
20700,0.0109443
20701,0.0071610743
20702,0.0022707
20703,4.8000006e-06
20704,0.001710075
20705,0.005548801
20706,0.0085683
20707,0.008926875
20708,0.0068403
20709,0.0035643002
20710,0.000826875
20711,4.6875004e-05
20712,0.0017786999
20713,0.0050310753
20714,0.007394701
20715,0.006526875
20716,0.002910675
20717,0.000108299995
20718,0.001491075
20719,0.0060492004
20720,0.008978699
20721,0.0068856752
20722,0.002142075
20723,9.075001e-06
20724,0.0023232002
20725,0.005548801
20726,0.0057546757
20727,0.0030000003
20728,0.0005292
20729,2.7074999e-05
20730,0.00037807503
20731,0.00027000002
20732,1.2000002e-06
20733,0.000226875
20734,0.00048
20735,0.0001728
20736,8.1674996e-05
20737,0.0013668751
20738,0.0035316749
20739,0.004575675
20740,0.0034347004
20741,7.500001e-08
20742,5.4675e-05
20743,9.187501e-05
20744,0.00012
20745,1.9200002e-05
20746,0.00046807507
20747,0.0018486752
20748,0.0034668753
20749,0.00363
20750,6.075e-06
20751,3.6300004e-05
20752,0.00027000002
20753,0.00081120007
20754,0.0014282999
20755,0.0015768749
20756,0.0009408001
20757,0.00013867502
20758,0.00015187502
20759,0.0011531999
20760,0.002091675
20761,0.0019926752
20762,0.00097470003
20763,0.00012607501
20764,3.6300004e-05
20765,3.9675004e-05
20766,0.00041070004
20767,0.0009408001
20768,0.0013668751
20769,0.0015336752
20770,0.0014700001
20771,0.001171875
20772,0.0006627
20773,0.00015870002
20774,2.7074999e-05
20775,0.00063480006
20776,0.0019683002
20777,0.0034347004
20778,0.004141875
20779,0.0036963
20780,0.0023496752
20781,0.000924075
20782,9.72e-05
20783,9.72e-05
20784,0.00075000006
20785,0.001710075
20786,0.0026508
20787,0.0033075
20788,0.0033390748
20789,5.0700004e-05
20790,0.00042187504
20791,0.001098075
20792,0.001287075
20793,0.000567675
20794,1.2000002e-06
20795,0.000594075
20796,0.0018723003
20797,0.0024843
20798,0.0020418752
20799,0.0011907001
20800,0.000621075
20801,0.00048
20802,0.00063480006
20803,0.0009408001
20804,0.000957675
20805,0.00043319998
20806,1.875e-06
20807,0.00097470003
20808,0.0035970751
20809,0.0063510756
20810,0.0071147997
20811,0.005346675
20812,0.002511675
20813,0.00048
20814,2.7074999e-05
20815,0.00073507504
20816,0.0018960749
20817,0.0030906748
20818,0.004141875
20819,0.004800675
20820,0.0046127997
20821,0.0032760752
20822,0.0012675
20823,2.43e-05
20824,0.000826875
20825,0.003402675
20826,0.0058800005
20827,0.0063948
20828,0.004838701
20829,0.0025392002
20830,0.000826875
20831,8.670001e-05
20832,3.6300004e-05
20833,0.000399675
20834,0.0012288002
20835,0.000195075
20836,0.003151875
20837,0.009828299
20838,0.0151875
20839,0.0002523
20840,0.0008427
20841,0.0007650751
20842,6.075e-06
20843,0.0018960749
20844,0.0091875
20845,0.018007502
20846,0.02028
20847,0.013041675
20848,0.003151875
20849,0.00024367501
20850,0.0065712007
20851,0.0153228
20852,0.018525677
20853,0.014322677
20854,0.0072075003
20855,0.0018960749
20856,4.32e-05
20857,0.00044467498
20858,0.0015336752
20859,0.0025668752
20860,0.0034347004
20861,0.00015870002
20862,0.0018960749
20863,0.0053067002
20864,0.0067950753
20865,0.0040368
20866,0.0003888
20867,0.0011163
20868,0.0057131997
20869,0.008416876
20870,0.005838076
20871,0.0014700001
20872,3e-05
20873,0.0013467001
20874,6.3075e-05
20875,0.00013867502
20876,5.4675e-05
20877,7.500001e-08
20878,7.5e-06
20879,7.5e-06
20880,0.0002187
20881,5.8800008e-05
20882,0.0005547001
20883,0.0009075
20884,0.00050430006
20885,1.2675001e-05
20886,0.000279075
20887,0.00081120007
20888,0.00063480006
20889,8.1674996e-05
20890,0.00012
20891,0.000541875
20892,2.7e-06
20893,5.0700004e-05
20894,0.00044467498
20895,0.001062075
20896,0.001098075
20897,0.00036750003
20898,5.0700004e-05
20899,0.0013067999
20900,0.0032448003
20901,0.0036630754
20902,0.0020172002
20903,0.00024367501
20904,0.00029767503
20905,0.0018486752
20906,0.00012607501
20907,0.000957675
20908,0.0019440751
20909,0.0020172002
20910,0.0010092
20911,5.4675e-05
20912,0.00043319998
20913,0.0019683002
20914,0.0030603004
20915,0.0025392002
20916,0.0009408001
20917,1.2675001e-05
20918,0.00049207505
20919,0.0014700001
20920,0.0016650752
20921,0.0009918751
20922,0.0002523
20923,4.8000006e-06
20924,2.1675003e-05
20925,1.4700002e-05
20926,6.75e-07
20927,9.075001e-06
20928,2.7e-06
20929,0.000180075
20930,0.0007203
20931,0.0011531999
20932,0.0007803
20933,6.7500005e-05
20934,0.00034680005
20935,0.001710075
20936,0.0023496752
20937,0.001171875
20938,6.075e-06
20939,0.0012096752
20940,0.0038307
20941,0.0044652
20942,0.002142075
20943,6.7500005e-05
20944,0.0010443002
20945,0.0035643002
20946,0.0041067
20947,0.0021930751
20948,0.00034680005
20949,3.3075e-05
20950,0.0002187
20951,2.7074999e-05
20952,0.00023520003
20953,0.001098075
20954,2.7074999e-05
20955,6.75e-07
20956,0.00034680005
20957,0.0023763
20958,0.000399675
20959,0.00049207505
20960,0.0056718756
20961,0.010434675
20962,0.0074418755
20963,0.0009075
20964,0.002142075
20965,0.013293076
20966,0.023352304
20967,0.021627676
20968,0.0106032
20969,0.0014076749
20970,0.0007056751
20971,0.0049922997
20972,0.007489201
20973,0.0060492004
20974,0.0031827001
20975,0.0013067999
20976,0.0006912
20977,0.00075000006
20978,0.001062075
20979,0.001026675
20980,0.000316875
20981,0.00011407501
20982,0.0021168
20983,0.0056718756
20984,0.007536676
20985,7.680001e-05
20986,0.000195075
20987,0.00027000002
20988,0.0001323
20989,0.0
20990,0.0001728
20991,3e-05
20992,0.000210675
20993,0.00029767503
20994,6.75e-07
20995,0.0
20996,2.7e-06
20997,4.32e-05
20998,0.00020280002
20999,0.00050430006
21000,0.00079567503
21001,0.0007650751
21002,0.00035707498
21003,6.075e-06
21004,0.00034680005
21005,0.0015123001
21006,0.002679075
21007,0.002736075
21008,0.0015336752
21009,0.0002187
21010,0.00018750002
21011,0.0014282999
21012,0.0024843
21013,0.0022446748
21014,0.0010800001
21015,0.000165675
21016,1.9200002e-05
21017,0.0001728
21018,0.00015187502
21019,3.9675004e-05
21020,2.7e-06
21021,1.6875001e-05
21022,0.00023520003
21023,0.0010092
21024,0.002142075
21025,0.0025668752
21026,0.0016650752
21027,0.00030720004
21028,0.0001728
21029,0.0018486752
21030,0.004141875
21031,0.0054675005
21032,0.005187676
21033,0.0038646753
21034,0.0022188004
21035,0.00079567503
21036,2.43e-05
21037,0.000594075
21038,0.0033708
21039,0.008316676
21040,0.013356299
21041,0.014918702
21042,0.0110592
21043,0.004356075
21044,0.0001323
21045,0.0020667
21046,0.0006912
21047,0.0009075
21048,0.0118803
21049,0.028182674
21050,0.033366676
21051,0.021147078
21052,0.0045387005
21053,0.0007056751
21054,0.011407499
21055,0.022605078
21056,0.021789074
21057,0.0109443
21058,0.001710075
21059,0.00028829998
21060,0.0024843
21061,0.0022707
21062,0.0002187
21063,0.0009408001
21064,0.0044652
21065,0.005548801
21066,0.0022188004
21067,6.7500005e-05
21068,0.005187676
21069,0.014652302
21070,0.000676875
21071,0.004725075
21072,0.009345674
21073,0.009292801
21074,0.0044286754
21075,0.000316875
21076,0.0011531999
21077,0.0056306995
21078,0.009666075
21079,0.0110592
21080,0.0100467
21081,0.00014520001
21082,0.000165675
21083,0.00027000002
21084,0.0022188004
21085,0.0018723003
21086,0.0
21087,0.004284075
21088,0.0147852
21089,0.019431077
21090,0.011174701
21091,0.0010092
21092,0.0027936753
21093,0.012730801
21094,0.015120075
21095,0.0062640756
21096,3.0000004e-07
21097,0.0063948
21098,0.016497077
21099,0.0155952005
21100,0.0049152006
21101,0.000210675
21102,0.009558675
21103,0.022522798
21104,0.024196802
21105,0.0134832
21106,6.3075e-05
21107,0.0016206751
21108,0.0025392002
21109,0.0019926752
21110,1.4700002e-05
21111,0.00028829998
21112,0.0017786999
21113,0.0044652
21114,0.0059220744
21115,0.0041772006
21116,0.0009918751
21117,0.00015187502
21118,0.00030720004
21119,0.0032448003
21120,0.0062640756
21121,0.0059643
21122,0.002910675
21123,0.0003888
21124,8.670001e-05
21125,0.0008586751
21126,4.32e-05
21127,0.0002523
21128,0.00049207505
21129,0.000541875
21130,0.00035707498
21131,8.1674996e-05
21132,1.08e-05
21133,2.43e-05
21134,0.0002523
21135,0.00041070004
21136,0.0002187
21137,3.0000004e-07
21138,0.00032669998
21139,0.0011531999
21140,0.0016650752
21141,0.0012096752
21142,0.00027000002
21143,8.1674996e-05
21144,0.0011531999
21145,0.00015187502
21146,0.0014282999
21147,0.002910675
21148,0.002736075
21149,0.0009408001
21150,2.1675003e-05
21151,0.0017327999
21152,0.0044286754
21153,0.004838701
21154,0.0023232002
21155,8.1674996e-05
21156,0.0012288002
21157,0.0046500755
21158,0.006134701
21159,0.0037296754
21160,0.00046807507
21161,0.0007650751
21162,0.0049152006
21163,0.008316676
21164,0.0001323
21165,0.00048
21166,0.000648675
21167,7.500001e-08
21168,0.00014520001
21169,0.0007803
21170,0.0018018751
21171,9.72e-05
21172,0.00079567503
21173,0.0016875002
21174,0.0016650752
21175,0.0006912
21176,2.7e-06
21177,0.000621075
21178,0.002142075
21179,0.0033390748
21180,0.0034668753
21181,0.002679075
21182,0.0016428002
21183,0.0007203
21184,0.00014520001
21185,3.3075e-05
21186,0.0007056751
21187,0.0024570748
21188,0.00028829998
21189,0.0034992
21190,0.008875201
21191,0.010659676
21192,3.3075e-05
21193,2.7074999e-05
21194,0.000399675
21195,0.0014282999
21196,0.0029403002
21197,0.0039675003
21198,0.0035643002
21199,0.0018960749
21200,0.00033667503
21201,5.8800008e-05
21202,0.0007650751
21203,0.001491075
21204,0.0015768749
21205,0.0011163
21206,4.8000006e-06
21207,5.8800008e-05
21208,0.00033667503
21209,0.000676875
21210,0.00058080006
21211,9.72e-05
21212,7.680001e-05
21213,0.0013467001
21214,0.0034347004
21215,0.00013867502
21216,0.00079567503
21217,0.001098075
21218,0.00041070004
21219,5.8800008e-05
21220,0.0015987
21221,0.0039675003
21222,0.0043200003
21223,0.0021930751
21224,0.000195075
21225,0.00035707498
21226,0.0014700001
21227,0.0014700001
21228,0.00050430006
21229,1.2675001e-05
21230,6.75e-07
21231,0.000165675
21232,0.0016650752
21233,0.0049152006
21234,0.0069768755
21235,0.0045018755
21236,0.00036750003
21237,0.0023496752
21238,0.012730801
21239,0.0223587
21240,0.020514676
21241,0.008978699
21242,0.00045630004
21243,0.002511675
21244,0.0090306755
21245,0.010323075
21246,0.005548801
21247,0.0011346751
21248,4.8000006e-06
21249,1.2675001e-05
21250,0.00030720004
21251,0.0025392002
21252,0.0051483
21253,0.0038646753
21254,9.72e-05
21255,0.003796875
21256,0.012362699
21257,0.0195075
21258,0.017787674
21259,0.0083667
21260,0.0006912
21261,0.0017556751
21262,0.008619075
21263,0.013167076
21264,0.0116427
21265,0.0068403
21266,0.0028812
21267,0.000957675
21268,0.000316875
21269,7.680001e-05
21270,1.6875001e-05
21271,0.0007203
21272,0.0033390748
21273,0.00768
21274,0.010887076
21275,0.009612301
21276,0.0044652
21277,0.00033667503
21278,0.001062075
21279,0.004838701
21280,0.0067950753
21281,0.0049152006
21282,0.0016875002
21283,9.187501e-05
21284,0.00012607501
21285,0.00020280002
21286,1.4700002e-05
21287,0.00042187504
21288,0.001062075
21289,0.00097470003
21290,0.000180075
21291,0.0002523
21292,0.00023520003
21293,0.0027936753
21294,0.0059220744
21295,0.0056718756
21296,0.0022446748
21297,6.075e-06
21298,0.0017786999
21299,0.004800675
21300,0.004725075
21301,0.001710075
21302,6.75e-07
21303,0.0015768749
21304,0.0034668753
21305,0.0025668752
21306,0.00035707498
21307,0.000516675
21308,0.0031827001
21309,0.004725075
21310,0.0030300752
21311,0.000516675
21312,0.00018750002
21313,0.0015552
21314,6.7500005e-05
21315,0.00030720004
21316,0.00049207505
21317,0.0006075001
21318,0.0007203
21319,3.3075e-05
21320,0.00044467498
21321,0.001171875
21322,3.3075e-05
21323,8.1674996e-05
21324,1.2675001e-05
21325,0.00011407501
21326,8.1674996e-05
21327,0.0011346751
21328,0.002910675
21329,0.0040368
21330,0.0036630754
21331,0.0021675
21332,0.0006075001
21333,9.075001e-06
21334,0.00018750002
21335,0.0032760752
21336,0.010156801
21337,0.0169932
21338,0.017641876
21339,0.010267501
21340,0.0015336752
21341,0.0015987
21342,0.013041675
21343,0.0261075
21344,0.028090801
21345,0.016921874
21346,0.0036963
21347,0.00034680005
21348,0.0071147997
21349,0.013932074
21350,0.012669076
21351,0.005589675
21352,0.00042187504
21353,0.0008748
21354,0.0035316749
21355,0.0037632005
21356,0.001491075
21357,7.5e-06
21358,0.000957675
21359,0.00014520001
21360,0.00097470003
21361,0.0014282999
21362,0.00089107506
21363,0.0001323
21364,8.1674996e-05
21365,0.000541875
21366,0.000676875
21367,0.00033667503
21368,3.3075e-05
21369,1.2675001e-05
21370,1.2675001e-05
21371,1.9200002e-05
21372,0.00050430006
21373,0.0015123001
21374,0.00192
21375,0.0010092
21376,9.075001e-06
21377,0.0011346751
21378,0.0043923
21379,0.0067950753
21380,0.0057131997
21381,0.002142075
21382,1.4700002e-05
21383,0.001491075
21384,0.00029767503
21385,0.0024300003
21386,0.004141875
21387,0.0030906748
21388,0.0006912
21389,0.00012607501
21390,0.0016650752
21391,0.0024030753
21392,7.500001e-08
21393,0.00024367501
21394,0.0010092
21395,0.0016875002
21396,0.0013872002
21397,0.00036750003
21398,9.187501e-05
21399,0.0016206751
21400,0.004002075
21401,0.005187676
21402,0.004141875
21403,0.0019440751
21404,0.00030720004
21405,6.7500005e-05
21406,0.00081120007
21407,0.0017786999
21408,0.00012
21409,0.0015552
21410,0.004800675
21411,0.007489201
21412,0.0064827004
21413,0.0024030753
21414,6.75e-07
21415,0.0003888
21416,0.0045018755
21417,0.00867
21418,0.008068801
21419,0.0036630754
21420,0.000399675
21421,0.00020280002
21422,0.0008586751
21423,0.00045630004
21424,3.6300004e-05
21425,0.0006075001
21426,0.00089107506
21427,0.00024367501
21428,0.0002187
21429,0.0026508
21430,0.0065712007
21431,0.00867
21432,0.0067950753
21433,0.002679075
21434,7.2074996e-05
21435,0.0013467001
21436,0.0054675005
21437,0.0091875
21438,0.009720001
21439,0.006615675
21440,0.0
21441,0.00013867502
21442,0.00033667503
21443,0.000567675
21444,0.0008586751
21445,0.0010092
21446,0.0007803
21447,0.00029767503
21448,1.08e-05
21449,5.0700004e-05
21450,7.680001e-05
21451,7.500001e-08
21452,0.000195075
21453,0.00063480006
21454,0.000621075
21455,9.187501e-05
21456,0.00028829998
21457,0.0019926752
21458,0.0038646753
21459,9.187501e-05
21460,0.00042187504
21461,0.0006912
21462,0.00046807507
21463,5.0700004e-05
21464,0.000180075
21465,0.0011907001
21466,0.002511675
21467,0.00011407501
21468,0.0010092
21469,0.00013867502
21470,0.001098075
21471,5.8800008e-05
21472,0.000165675
21473,2.43e-05
21474,5.4675e-05
21475,0.00014520001
21476,0.0020172002
21477,0.004800675
21478,0.005589675
21479,0.003402675
21480,0.0005547001
21481,0.000195075
21482,0.0030000003
21483,0.0071147997
21484,0.008926875
21485,0.0067050746
21486,0.0024300003
21487,9.187501e-05
21488,0.000180075
21489,0.00020280002
21490,0.0021675
21491,0.004356075
21492,0.004141875
21493,0.0018960749
21494,0.000165675
21495,0.0002187
21496,0.0008586751
21497,0.0007803
21498,0.00026107504
21499,1.2675001e-05
21500,2.7e-06
21501,1.4700002e-05
21502,3.3075e-05
21503,0.00044467498
21504,0.00081120007
21505,0.00048
21506,9.075001e-06
21507,0.00042187504
21508,0.0014282999
21509,0.0017327999
21510,0.0009408001
21511,0.000108299995
21512,0.00011407501
21513,4.6875004e-05
21514,0.000316875
21515,0.00044467498
21516,0.00030720004
21517,8.670001e-05
21518,0.0
21519,5.0700004e-05
21520,6.075e-06
21521,4.32e-05
21522,6.7500005e-05
21523,2.43e-05
21524,1.08e-05
21525,0.000210675
21526,0.00063480006
21527,0.00089107506
21528,0.0006075001
21529,7.680001e-05
21530,0.0002187
21531,0.00015187502
21532,0.0018252002
21533,0.00023520003
21534,0.0019926752
21535,0.0033708
21536,0.0022446748
21537,0.000180075
21538,0.001026675
21539,0.0052668746
21540,0.008619075
21541,0.0073008006
21542,0.0027075
21543,1.4700002e-05
21544,0.00192
21545,0.0059220744
21546,0.0076320753
21547,0.005589675
21548,0.002091675
21549,0.00012
21550,0.0003888
21551,0.0015768749
21552,0.0022707
21553,0.002142075
21554,0.0016206751
21555,0.001098075
21556,0.0006912
21557,0.000316875
21558,4.8000006e-06
21559,0.000195075
21560,0.000826875
21561,0.0018960749
21562,0.0028518748
21563,0.0028812
21564,0.0016875002
21565,0.00032669998
21566,8.670001e-05
21567,0.001062075
21568,0.0019683002
21569,0.0017327999
21570,0.00075000006
21571,8.1674996e-05
21572,1.4700002e-05
21573,2.7074999e-05
21574,3.9675004e-05
21575,0.000621075
21576,0.0016875002
21577,0.0019683002
21578,0.0008586751
21579,9.075001e-06
21580,0.0019440751
21581,0.006438676
21582,0.009666075
21583,0.0082668
21584,2.7e-06
21585,0.00011407501
21586,0.00032669998
21587,0.0005547001
21588,0.00081120007
21589,0.001026675
21590,0.0011163
21591,0.0009918751
21592,0.0007056751
21593,0.0003888
21594,0.00015870002
21595,3e-05
21596,4.8000006e-06
21597,0.0001323
21598,0.00049207505
21599,0.001098075
21600,0.0016875002
