step,reward
1,2.2533332e-05
2,3e-05
3,0.00028213335
4,1.9200002e-05
5,5.6033343e-05
6,1.2000002e-06
7,0.00012
8,5.8800008e-05
9,9.72e-05
10,0.00012403334
11,0.00012403334
12,9.0133326e-05
13,0.00048803337
14,0.00031363333
15,1.6333332e-06
16,0.0007203
17,0.0023941335
18,0.0001728
19,0.0010325334
20,0.0012416334
21,0.00039603334
22,8.0033344e-05
23,0.0016875002
24,0.00034680005
25,0.0003333334
26,0.0028227004
27,0.00015413333
28,0.0003333334
29,1.6133334e-05
30,0.0008533334
31,0.00027603333
32,0.0027075
33,0.00024653334
34,9.0133326e-05
35,1.4700002e-05
36,6.533333e-06
37,0.00043319998
38,0.0018881336
39,0.0036520334
40,0.00016803335
41,9.0133326e-05
42,0.00061653333
43,0.0006256333
44,8.333335e-05
45,9.363332e-05
46,0.00022963336
47,0.0029205335
48,0.00043319998
49,0.0034561334
50,0.00032013337
51,0.00017763334
52,0.000108299995
53,4.32e-05
54,4.0333334e-06
55,9.633333e-06
56,0.0004033333
57,0.0016725332
58,0.00022413337
59,0.00022963336
60,0.0021000335
61,0.0031212
62,1.3333334e-05
63,7.3633346e-05
64,0.00086403335
65,0.0002187
66,0.00027000002
67,0.0026696336
68,0.00024083335
69,0.000112133326
70,0.0006440333
71,0.00059853337
72,0.00014083333
73,3e-05
74,4.8133337e-05
75,0.00045630004
76,4.8133337e-05
77,3.8533333e-05
78,4.8133337e-05
79,5.8800008e-05
80,0.0005547001
81,0.0009185334
82,0.0006256333
83,4.0333334e-06
84,3.6300004e-05
85,0.00050430006
86,0.0010680334
87,0.0010325334
88,0.00038163335
89,2.6133332e-05
90,7.3633346e-05
91,8.670001e-05
92,0.0007301334
93,3.6300004e-05
94,6.7500005e-05
95,8.333334e-07
96,2.6133332e-05
97,0.00035363334
98,0.0006721334
99,1.2033334e-05
100,7.5e-06
101,1.08e-05
102,2.43e-05
103,0.00039603334
104,9.0133326e-05
105,0.00010453333
106,0.000116033334
107,0.0009075
108,3.4133336e-05
109,1.08e-05
110,0.00016803335
111,0.00016333334
112,0.00026403333
113,0.0027265332
114,0.0043923
115,3.2033335e-05
116,2.0833337e-05
117,0.0001323
118,0.0022188004
119,0.0004485333
120,0.0038760337
121,0.00034680005
122,0.0017025335
123,0.0014840333
124,1.9200002e-05
125,0.00097470003
126,0.00027000002
127,0.0025947
128,0.00027603333
129,0.00016803335
130,0.0012288002
131,0.0016280335
132,1.08e-05
133,0.0
134,9.633333e-06
135,3.6300004e-05
136,9.363332e-05
137,0.0013736334
138,0.0002523
139,0.0002187
140,0.00015870002
141,5.3333337e-05
142,6.1633335e-05
143,4.32e-05
144,0.0009976333
145,0.00015413333
146,7.053334e-05
147,9.633333e-06
148,1.08e-05
149,7.680001e-05
150,0.0011163
151,0.00014520001
152,0.0008427
153,0.00080083334
154,0.00010453333
155,0.00034680005
156,0.0024480335
157,0.00038163335
158,0.00041070004
159,0.0040600337
160,0.00034003335
161,9.363332e-05
162,8.333334e-07
163,0.0003605333
164,0.0030603004
165,0.008233634
166,0.011446534
167,0.008534533
168,4.8000006e-06
169,0.00022413337
170,0.0035425334
171,0.009048034
172,0.012200834
173,0.00028829998
174,0.0001323
175,0.0012805335
176,0.00015413333
177,0.000116033334
178,0.0009296334
179,3.6300004e-05
180,8.333334e-07
181,0.00034680005
182,0.0023763
183,0.0005547001
184,0.0060492004
185,0.012648534
186,0.00041070004
187,8.333335e-05
188,0.000116033334
189,7.680001e-05
190,0.0023408332
191,0.008134534
192,0.013867501
193,0.014476032
194,0.00014520001
195,7.5e-06
196,1.2000002e-06
197,0.00018253335
198,0.0011781335
199,0.0033285336
200,0.00038163335
201,0.0038533336
202,0.008704035
203,0.0107163
204,0.0001728
205,0.0004181333
206,3.3333336e-08
207,0.00022413337
208,0.0017327999
209,0.005174534
210,0.0092225345
211,0.010982534
212,0.00022413337
213,7.3633346e-05
214,0.00042563336
215,1.2000002e-06
216,0.00014083333
217,0.0012936335
218,0.0040136334
219,0.0072696335
220,0.008772301
221,0.00018750002
222,6.1633335e-05
223,2.8033332e-05
224,3.0000004e-07
225,0.00012
226,0.00014520001
227,0.0022881336
228,0.0060492004
229,0.008433634
230,0.0073008006
231,0.0036741337
232,0.0005461334
233,0.00034003335
234,0.0032448003
235,0.0005376334
236,0.0054945336
237,0.00086403335
238,0.007394701
239,0.013356299
240,0.00030720004
241,3.8533333e-05
242,3.4133336e-05
243,4.32e-05
244,0.00016333334
245,0.0022188004
246,0.0049665337
247,0.0002187
248,0.000112133326
249,0.0009185334
250,0.0014421332
251,2.43e-05
252,4.5633336e-05
253,4.0333334e-06
254,2.8033332e-05
255,0.00070083333
256,0.00024653334
257,0.0030805336
258,0.0072075003
259,0.00034003335
260,0.00012813334
261,0.00050430006
262,9.633333e-06
263,0.0009976333
264,0.0045633335
265,0.009117634
266,0.0004033333
267,0.0018881336
268,3.8533333e-05
269,1.6133334e-05
270,0.00016803335
271,0.0031212
272,0.0006533334
273,0.0006075001
274,0.0049152006
275,0.0063074995
276,3.3333336e-06
277,0.000116033334
278,0.00030083334
279,0.0004485333
280,0.00050430006
281,0.0042483
282,0.00028213335
283,0.0011285334
284,0.0009520334
285,0.00018253335
286,4.8133337e-05
287,9.0133326e-05
288,0.0009633334
289,0.0019360333
290,0.0022188004
291,0.0017176333
292,0.00086403335
293,5.333334e-07
294,8.533334e-06
295,0.000116033334
296,2.6133332e-05
297,3.8533333e-05
298,0.00048
299,0.0011531999
300,0.0016133332
301,0.0016280335
302,0.0012936335
303,0.00080083334
304,1.6333332e-06
305,1.6333332e-06
306,3.8533333e-05
307,0.00024083335
308,7.3633346e-05
309,0.0009861334
310,0.00019253335
311,0.0017327999
312,0.0032240332
313,8.670001e-05
314,2.0833337e-05
315,5.633333e-06
316,3.3333336e-08
317,9.633333e-06
318,0.0002523
319,8.0033344e-05
320,0.000108299995
321,0.0011656334
322,0.0021675
323,0.0019521335
324,0.00080083334
325,1.7633334e-05
326,9.72e-05
327,0.00015870002
328,0.0002187
329,0.0023941335
330,0.0049152006
331,0.0054136333
332,5.8800008e-05
333,2.7e-06
334,8.333334e-07
335,3e-05
336,0.00070083333
337,0.0024120333
338,0.00026403333
339,0.0022188004
340,0.00022963336
341,0.00012403334
342,0.0006627
343,0.00038163335
344,5.3333337e-05
345,0.00022413337
346,0.00041070004
347,0.0005292
348,0.0005208334
349,0.0038533336
350,0.00014520001
351,0.00014963334
352,5.3333337e-05
353,0.0012033334
354,0.0030000003
355,0.0031621335
356,2.7e-06
357,0.00016333334
358,0.0008748
359,0.0016428002
360,0.0015408334
361,3.0000004e-07
362,2.6133332e-05
363,0.00045630004
364,9.0133326e-05
365,0.00075000006
366,5.3333337e-05
367,0.00019253335
368,0.0
369,8.0033344e-05
370,0.00048803337
371,8.670001e-05
372,0.0008748
373,0.000108299995
374,0.00070083333
375,0.0008533334
376,0.0
377,3.2033335e-05
378,9.72e-05
379,0.00017763334
380,0.00024653334
381,0.00027000002
382,0.0022360333
383,0.00013653334
384,0.00042563336
385,3.3333336e-08
386,0.00012
387,6.1633335e-05
388,7.053334e-05
389,0.00059853337
390,3.2033335e-05
391,4.0333334e-06
392,4.8000006e-06
393,3.0000004e-07
394,1.6333332e-06
395,5.3333337e-05
396,0.00030083334
397,0.0007301334
398,3.8533333e-05
399,0.00012813334
400,1.7633334e-05
401,0.00023520003
402,0.0017327999
403,0.0042483
404,0.00029453338
405,0.00020280002
406,0.00015870002
407,0.0009185334
408,6.533333e-06
409,9.0133326e-05
410,0.0010561333
411,0.0033920333
412,0.00036750003
413,0.0003605333
414,0.0003888
415,0.00032669998
416,0.00019763334
417,0.00088563334
418,3.3333336e-08
419,0.00042563336
420,0.00027603333
421,0.0004485333
422,0.005018133
423,0.009469633
424,0.008233634
425,0.0028227004
426,0.00020280002
427,0.004224533
428,0.0007600333
429,0.006453333
430,0.011213333
431,0.00022963336
432,0.00048
433,0.00019763334
434,2.0833337e-05
435,0.00034680005
436,0.0005720334
437,0.00030720004
438,5.633333e-06
439,4.0833336e-05
440,0.00039603334
441,2.0833337e-05
442,1.6333332e-06
443,5.333334e-07
444,5.633333e-06
445,8.533334e-06
446,9.633333e-06
447,1.08e-05
448,0.00012403334
449,2.8033332e-05
450,4.32e-05
451,0.0005547001
452,0.0012033334
453,4.32e-05
454,8.533334e-06
455,3.3333336e-08
456,9.633333e-06
457,4.5633336e-05
458,0.0007600333
459,0.0021336332
460,0.00018750002
461,0.00018750002
462,0.00022963336
463,0.0020667
464,0.00014083333
465,2.43e-05
466,1.2000002e-06
467,0.0004033333
468,0.00030083334
469,0.0040136334
470,0.009292801
471,0.0107541345
472,0.006690133
473,0.0013467001
474,0.00035363334
475,0.0006256333
476,0.0008427
477,0.0010561333
478,0.0012160332
479,0.011446534
480,0.019969199
481,0.0174243
482,3.4133336e-05
483,2.6133332e-05
484,5.8800008e-05
485,0.0008216334
486,0.00016333334
487,0.00021333335
488,0.0025208336
489,0.005685634
490,0.00032669998
491,0.00026403333
492,0.0026320333
493,0.00025813334
494,0.00012
495,4.0833336e-05
496,1.3333334e-07
497,0.00018750002
498,0.00018253335
499,0.0027265332
500,0.00050430006
501,0.004344034
502,0.00042563336
503,0.00022413337
504,0.0013067999
505,1.6133334e-05
506,2.43e-05
507,0.0008965335
508,0.00034003335
509,0.0039905333
510,0.00058080006
511,0.0042721336
512,0.0062496336
513,3.6300004e-05
514,3.8533333e-05
515,0.0008216334
516,0.0028033333
517,0.00028213335
518,0.0022360333
519,0.0038081335
520,0.0030603004
521,0.0009861334
522,8.333334e-07
523,0.0009520334
524,0.0001728
525,0.0012675
526,0.0019360333
527,3e-05
528,5.6033343e-05
529,4.0833336e-05
530,1.4700002e-05
531,3.3333336e-08
532,1.2000002e-06
533,4.5633336e-05
534,2.0833337e-05
535,3.2033335e-05
536,0.00036750003
537,3.8533333e-05
538,0.00020280002
539,0.00017763334
540,4.0333334e-06
541,3.2033335e-05
542,6.7500005e-05
543,9.72e-05
544,0.0009633334
545,0.0015987
546,0.0011163
547,0.00019763334
548,0.00012813334
549,0.0011041333
550,0.000108299995
551,5.3333337e-05
552,2.0833337e-05
553,4.32e-05
554,5.633333e-06
555,2.2533332e-05
556,0.00020280002
557,0.00020803335
558,6.533333e-06
559,5.6033343e-05
560,0.000112133326
561,0.00014520001
562,0.0012805335
563,8.670001e-05
564,2.6133332e-05
565,9.633333e-06
566,4.8000006e-06
567,4.0833336e-05
568,4.8000006e-06
569,3e-05
570,3.3333336e-08
571,1.3333334e-05
572,0.00041070004
573,0.00015413333
574,0.0018408335
575,0.00025813334
576,0.0017176333
577,8.0033344e-05
578,0.00014963334
579,3.3333336e-08
580,0.00048
581,0.00019763334
582,0.00026403333
583,0.00034680005
584,0.0034776332
585,0.0063948
586,0.0059080343
587,1.3333334e-05
588,5.6033343e-05
589,7.680001e-05
590,0.0013200332
591,0.0003333334
592,0.00043319998
593,0.0005547001
594,0.00058963336
595,0.00507
596,0.0077120336
597,0.005280133
598,0.0011781335
599,0.00018750002
600,0.0030401333
601,0.0070840325
602,0.009257633
603,0.00026403333
604,0.0001728
605,0.00019763334
606,0.0016428002
607,0.0020667
608,0.0007301334
609,0.00010083333
610,0.00030720004
611,0.0004720334
612,0.00507
613,0.00058080006
614,0.0038307
615,0.00023520003
616,5.8800008e-05
617,0.00012
618,2.0833337e-05
619,0.0007400333
620,0.00020280002
621,0.00019763334
622,0.0015123001
623,5.8800008e-05
624,5.333334e-07
625,1.7633334e-05
626,0.00038163335
627,7.053334e-05
628,4.32e-05
629,2.0833337e-05
630,4.8000006e-06
631,1.3333334e-07
632,8.333334e-07
633,2.1333335e-06
634,1.3333334e-07
635,8.333334e-07
636,3.0000004e-07
637,5.333334e-07
638,5.633333e-06
639,0.00012403334
640,3e-05
641,3e-05
642,2.2533332e-05
643,1.08e-05
644,2.2533332e-05
645,4.0333334e-06
646,0.00020803335
647,0.0008216334
648,0.00010083333
649,0.00086403335
650,8.670001e-05
651,3.8533333e-05
652,0.00014083333
653,1.08e-05
654,0.00028829998
655,0.0017176333
656,0.00026403333
657,0.0023232002
658,0.004224533
659,9.363332e-05
660,0.00017763334
661,4.0333334e-06
662,0.0003333334
663,0.0015265334
664,0.0033285336
665,0.00022413337
666,0.0017025335
667,0.0029403002
668,0.0024300003
669,0.0007803
670,5.3333337e-05
671,0.00012813334
672,0.00015870002
673,0.00017763334
674,0.00020803335
675,0.00025813334
676,0.0028421334
677,0.0004408334
678,0.00046413334
679,0.00056333333
680,0.0005547001
681,0.0004033333
682,0.0021675
683,0.0012805335
684,4.5633336e-05
685,0.0040833335
686,0.0010680334
687,0.0010800001
688,0.009469633
689,0.013910533
690,8.333335e-05
691,4.0833336e-05
692,0.0013333336
693,0.004788033
694,0.0005208334
695,0.00050430006
696,0.004940833
697,0.008636033
698,0.007176533
699,1.6333332e-06
700,6.7500005e-05
701,0.0011656334
702,0.00028213335
703,0.0031212
704,0.0070533343
705,0.0084672
706,0.00012403334
707,0.00028213335
708,0.00016803335
709,1.3333334e-05
710,6.4533335e-05
711,0.0009296334
712,0.0022533333
713,0.0001323
714,0.0008965335
715,0.0015408334
716,0.0013200332
717,0.0005292
718,1.08e-05
719,0.00028829998
720,8.670001e-05
721,0.0007803
722,0.0014145334
723,4.5633336e-05
724,0.0002523
725,0.0005208334
726,0.0007905334
727,0.00097470003
728,0.0009408001
729,0.0005461334
730,3.8533333e-05
731,0.000116033334
732,0.0023941335
733,0.00061653333
734,0.0063365335
735,0.0122412015
736,0.01083
737,0.0
738,0.00021333335
739,0.0036963
740,0.0007701334
741,0.0070227003
742,0.012854701
743,0.011564034
744,0.0049922997
745,8.333335e-05
746,0.0020501334
747,0.004788033
748,0.006134701
749,0.0001728
750,0.00012403334
751,0.0014145334
752,0.0027648
753,7.053334e-05
754,7.5e-06
755,1.3333334e-07
756,1.08e-05
757,0.00020280002
758,3.6300004e-05
759,2.8033332e-05
760,0.00019253335
761,0.00020280002
762,5.3333337e-05
763,1.2033334e-05
764,2.2533332e-05
765,2.0833337e-05
766,9.633333e-06
767,3.3333336e-08
768,7.680001e-05
769,0.0006912
770,0.0022016333
771,0.00022963336
772,0.00019253335
773,0.0014560336
774,0.0014421332
775,2.6133332e-05
776,0.0015552
777,0.00058080006
778,0.006810134
779,0.0151875
780,0.00071053335
781,0.0037185336
782,0.00017763334
783,1.3333334e-05
784,3e-05
785,0.00024653334
786,0.0006721334
787,0.0011907001
788,0.0015987
789,0.0151875
790,0.0012805335
791,0.0005208334
792,0.00018253335
793,0.0003605333
794,5.6033343e-05
795,0.00030083334
796,0.004440834
797,0.00075000006
798,0.006192034
799,0.00058080006
800,0.00030720004
801,0.0018408335
802,3e-05
803,1.7633334e-05
804,0.00014520001
805,0.0025947
806,0.00058080006
807,0.00063480006
808,0.0006721334
809,0.005576033
810,0.00032669998
811,0.0009408001
812,2.1333335e-06
813,0.00012403334
814,0.0023408332
815,0.00049613335
816,0.0044165333
817,0.00768
818,0.0062208
819,0.0019683002
820,0.00014083333
821,0.00035363334
822,0.00048803337
823,0.0006256333
824,0.0007701334
825,0.00768
826,0.014300834
827,0.013525635
828,0.0065416335
829,0.00058080006
830,0.0015552
831,0.0009075
832,0.009398701
833,0.0012160332
834,0.009152534
835,0.00080083334
836,0.0004181333
837,0.00024653334
838,0.0012936335
839,1.08e-05
840,1.9200002e-05
841,0.00056333333
842,0.00016333334
843,0.00018253335
844,0.0016725332
845,0.0025392002
846,1.9200002e-05
847,2.7e-06
848,0.000112133326
849,3.2033335e-05
850,3.4133336e-05
851,0.0003333334
852,0.00063480006
853,3.2033335e-05
854,0.00027000002
855,5.0700004e-05
856,0.0004720334
857,3.8533333e-05
858,0.00012
859,1.08e-05
860,0.00019763334
861,0.000116033334
862,0.0001323
863,0.0010208334
864,3.8533333e-05
865,3.0000004e-07
866,9.633333e-06
867,0.00020280002
868,3e-05
869,0.00014963334
870,1.2000002e-06
871,9.633333e-06
872,9.363332e-05
873,0.0002187
874,0.0002523
875,2.1333335e-06
876,0.0
877,2.7e-06
878,2.2533332e-05
879,8.333335e-05
880,1.6133334e-05
881,0.00019763334
882,3.2033335e-05
883,2.43e-05
884,1.08e-05
885,3.0000004e-07
886,3.6300004e-05
887,4.5633336e-05
888,9.0133326e-05
889,0.000116033334
890,0.0009976333
891,5.3333337e-05
892,2.7e-06
893,2.43e-05
894,0.00042563336
895,0.00014083333
896,0.0015696336
897,0.0032448003
898,0.00010453333
899,2.0833337e-05
900,3.2033335e-05
901,3.4133336e-05
902,0.00010453333
903,0.00022413337
904,0.00035363334
905,0.0037856335
906,0.00041070004
907,0.00023520003
908,0.0001323
909,0.0005461334
910,8.333334e-07
911,7.680001e-05
912,0.0015265334
913,0.0003333334
914,0.0030401333
915,0.00028213335
916,0.00012403334
917,3.8533333e-05
918,3.3333336e-08
919,3.6300004e-05
920,0.00012813334
921,0.0002187
922,0.00025813334
923,0.00022413337
924,0.00014520001
925,6.1633335e-05
926,0.00018750002
927,2.6133332e-05
928,3.4133336e-05
929,6.1633335e-05
930,5.8800008e-05
931,0.0004181333
932,1.4700002e-05
933,2.2533332e-05
934,8.333334e-07
935,2.43e-05
936,5.0700004e-05
937,5.333334e-07
938,1.3333334e-07
939,4.0333334e-06
940,6.533333e-06
941,1.3333334e-07
942,1.4700002e-05
943,7.5e-06
944,8.0033344e-05
945,0.00014963334
946,0.000112133326
947,5.333334e-07
948,4.5633336e-05
949,0.00014963334
950,0.00024083335
951,8.533334e-06
952,6.533333e-06
953,8.333335e-05
954,0.00020803335
955,1.6133334e-05
956,0.000116033334
957,0.00015870002
958,3.0000004e-07
959,0.000112133326
960,0.0007203
961,0.0019845334
962,0.00018750002
963,0.00015870002
964,0.00012813334
965,5.8800008e-05
966,4.0333334e-06
967,1.9200002e-05
968,0.00010453333
969,0.0016428002
970,0.00028213335
971,0.00024653334
972,0.0002187
973,0.0016133332
974,0.0019845334
975,8.333334e-07
976,0.00016333334
977,0.0009633334
978,0.0023232002
979,0.0034561334
980,0.0034776332
981,4.0833336e-05
982,0.00010083333
983,7.3633346e-05
984,1.6333332e-06
985,2.2533332e-05
986,5.0700004e-05
987,0.0006533334
988,0.0015987
989,0.0022360333
990,8.0033344e-05
991,6.1633335e-05
992,7.3633346e-05
993,6.1633335e-05
994,0.00034003335
995,0.00019253335
996,1.08e-05
997,9.72e-05
998,0.0001323
999,0.0010800001
1000,0.0012675
1001,1.2000002e-06
1002,6.4533335e-05
1003,0.0001323
1004,0.0013467001
1005,0.0019845334
1006,8.333334e-07
1007,0.00032669998
1008,0.0022016333
1009,0.0056581334
1010,0.008300033
1011,0.0002187
1012,0.00071053335
1013,0.00036750003
1014,8.333335e-05
1015,0.0023585334
1016,0.00070083333
1017,0.0009185334
1018,0.0011408334
1019,0.010528133
1020,0.016898133
1021,0.00021333335
1022,3.3333336e-08
1023,0.00022963336
1024,0.00021333335
1025,0.00042563336
1026,0.0006721334
1027,0.0008533334
1028,0.008068801
1029,0.0134832
1030,0.010416033
1031,1.2000002e-06
1032,0.0009861334
1033,0.00034003335
1034,0.00048803337
1035,0.0055216337
1036,0.011252034
1037,0.011682134
1038,0.0065416335
1039,2.2533332e-05
1040,0.0012033334
1041,0.00026403333
1042,0.00030720004
1043,0.0032448003
1044,0.0062208
1045,0.0059925327
1046,2.43e-05
1047,2.1333335e-06
1048,1.9200002e-05
1049,0.0003333334
1050,0.00097470003
1051,0.0015552
1052,5.6033343e-05
1053,2.6133332e-05
1054,0.00014520001
1055,1.3333334e-07
1056,1.6133334e-05
1057,5.8800008e-05
1058,0.00010453333
1059,0.00012403334
1060,9.72e-05
1061,0.0005720334
1062,6.533333e-06
1063,1.6133334e-05
1064,3.4133336e-05
1065,5.6033343e-05
1066,5.6033343e-05
1067,3.6300004e-05
1068,1.4700002e-05
1069,1.6333332e-06
1070,8.333334e-07
1071,3.6300004e-05
1072,0.000112133326
1073,4.8000006e-06
1074,3.0000004e-07
1075,2.7e-06
1076,4.8133337e-05
1077,1.4700002e-05
1078,1.6133334e-05
1079,1.4700002e-05
1080,8.533334e-06
1081,2.7e-06
1082,4.8000006e-06
1083,3.0000004e-07
1084,5.333334e-07
1085,5.333334e-07
1086,8.333334e-07
1087,2.43e-05
1088,0.0001323
1089,3.8533333e-05
1090,7.053334e-05
1091,0.0008533334
1092,9.72e-05
1093,4.0833336e-05
1094,4.0333334e-06
1095,3.4133336e-05
1096,0.0006912
1097,0.00024653334
1098,0.00035363334
1099,0.0036963
1100,0.00034003335
1101,0.00012813334
1102,0.00042563336
1103,3.4133336e-05
1104,0.0006721334
1105,0.0037408334
1106,0.007176533
1107,0.00026403333
1108,9.363332e-05
1109,0.00046413334
1110,0.00030083334
1111,1.6133334e-05
1112,5.8800008e-05
1113,8.670001e-05
1114,0.0009185334
1115,0.00012403334
1116,0.00012813334
1117,0.0014282999
1118,0.00017763334
1119,0.000108299995
1120,4.8133337e-05
1121,2.7e-06
1122,2.0833337e-05
1123,9.0133326e-05
1124,0.0011531999
1125,0.00192
1126,0.0009633334
1127,5.633333e-06
1128,0.0019845334
1129,0.00051253336
1130,0.004344034
1131,0.00032669998
1132,0.0012675
1133,0.0006912
1134,2.43e-05
1135,0.0021336332
1136,0.0068705333
1137,0.0106408335
1138,0.00032669998
1139,0.00012813334
1140,5.8800008e-05
1141,8.670001e-05
1142,0.00015870002
1143,0.0027265332
1144,0.008978699
1145,0.0153228
1146,0.015916033
1147,0.00012813334
1148,4.5633336e-05
1149,4.5633336e-05
1150,0.00020280002
1151,0.0032656335
1152,0.0006816333
1153,0.0007600333
1154,0.00768
1155,0.014083334
1156,0.0003745333
1157,0.00010083333
1158,0.0005376334
1159,0.00042563336
1160,2.0833337e-05
1161,0.00034680005
1162,0.00017763334
1163,0.0021168
1164,0.00038163335
1165,0.00045630004
1166,0.0006075001
1167,0.0060208333
1168,0.0005547001
1169,0.0026885336
1170,0.0021000335
1171,5.0700004e-05
1172,0.0025025331
1173,0.01083
1174,0.018253334
1175,0.0005376334
1176,0.00016803335
1177,0.00088563334
1178,5.633333e-06
1179,8.333335e-05
1180,0.000116033334
1181,0.00024083335
1182,0.0004181333
1183,0.0049152006
1184,0.00071053335
1185,0.00059853337
1186,0.005018133
1187,0.00028829998
1188,3.4133336e-05
1189,1.3333334e-05
1190,0.0010092
1191,0.0004720334
1192,0.0006721334
1193,0.0067500006
1194,0.0006075001
1195,0.0002523
1196,0.0011041333
1197,1.3333334e-07
1198,8.670001e-05
1199,0.00027000002
1200,0.00048803337
1201,0.0055216337
1202,0.0006533334
1203,0.0042008334
1204,0.0053868005
1205,0.0023408332
1206,1.2000002e-06
1207,0.0034776332
1208,0.011446534
1209,0.017040834
1210,0.015097633
1211,0.007363334
1212,0.0008533334
1213,0.0010443002
1214,0.0071147997
1215,0.013356299
1216,0.0005720334
1217,0.003586134
1218,0.0063948
1219,0.00019763334
1220,8.0033344e-05
1221,5.3333337e-05
1222,0.00027603333
1223,3.0000004e-07
1224,0.000112133326
1225,0.0009075
1226,0.00022963336
1227,0.00032013337
1228,0.0004033333
1229,0.0003745333
1230,0.0002523
1231,0.0013333336
1232,9.633333e-06
1233,2.6133332e-05
1234,0.0006627
1235,0.00016333334
1236,0.0015408334
1237,0.0029205335
1238,0.00010083333
1239,4.5633336e-05
1240,3.2033335e-05
1241,1.2033334e-05
1242,5.333334e-07
1243,4.5633336e-05
1244,0.00018750002
1245,0.0004033333
1246,0.0048896335
1247,0.009648133
1248,0.00022413337
1249,1.08e-05
1250,2.6133332e-05
1251,0.00018750002
1252,0.0004408334
1253,0.0006440333
1254,0.00070083333
1255,0.00058963336
1256,0.00038163335
1257,0.00017763334
1258,0.00071053335
1259,1.3333334e-07
1260,0.00016333334
1261,8.670001e-05
1262,0.00012403334
1263,0.0012936335
1264,0.0023941335
1265,6.7500005e-05
1266,0.00024083335
1267,0.00022413337
1268,4.5633336e-05
1269,2.2533332e-05
1270,6.1633335e-05
1271,0.00088563334
1272,0.00018253335
1273,0.00024083335
1274,0.0028421334
1275,0.0060776332
1276,0.0067500006
1277,5.6033343e-05
1278,1.08e-05
1279,4.5633336e-05
1280,0.00019253335
1281,0.0032448003
1282,0.0006912
1283,0.0007400333
1284,0.00075000006
1285,0.00059853337
1286,0.003921633
1287,0.0001323
1288,0.00017763334
1289,1.3333334e-05
1290,0.0004485333
1291,0.0014282999
1292,0.00013653334
1293,0.00014520001
1294,0.00020280002
1295,0.00023520003
1296,0.0020667
1297,0.0029008337
1298,4.0333334e-06
1299,5.6033343e-05
1300,0.0013067999
1301,0.0003605333
1302,0.00042563336
1303,0.0040833335
1304,0.0003333334
1305,0.00012
1306,2.6133332e-05
1307,8.333334e-07
1308,4.5633336e-05
1309,0.0001323
1310,0.0017480336
1311,0.0036520334
1312,0.0035643002
1313,3.3333336e-06
1314,0.00015870002
1315,0.0010920333
1316,0.0029008337
1317,0.0047376333
1318,0.00020280002
1319,0.0011907001
1320,0.0017176333
1321,6.533333e-06
1322,6.1633335e-05
1323,9.0133326e-05
1324,0.0014560336
1325,0.0038988001
1326,0.0054675005
1327,0.00012813334
1328,3.6300004e-05
1329,1.2033334e-05
1330,1.3333334e-07
1331,2.2533332e-05
1332,0.00049613335
1333,0.0014145334
1334,8.0033344e-05
1335,3e-05
1336,0.0001323
1337,6.1633335e-05
1338,1.6333332e-06
1339,9.633333e-06
1340,2.6133332e-05
1341,8.533334e-06
1342,0.00035363334
1343,0.00012403334
1344,0.00014963334
1345,0.0012675
1346,5.3333337e-05
1347,2.6133332e-05
1348,6.7500005e-05
1349,0.00024653334
1350,0.00045630004
1351,0.0050440338
1352,0.0005208334
1353,0.00025813334
1354,0.0013601334
1355,1.08e-05
1356,2.2533332e-05
1357,9.0133326e-05
1358,0.00015413333
1359,0.00018750002
1360,0.0017176333
1361,0.00016333334
1362,0.000108299995
1363,0.00010453333
1364,0.00010083333
1365,8.333335e-05
1366,5.6033343e-05
1367,0.00031363333
1368,2.7e-06
1369,2.0833337e-05
1370,0.00026403333
1371,7.680001e-05
1372,0.0009185334
1373,0.00016803335
1374,0.0015841334
1375,0.00020803335
1376,0.00015870002
1377,0.0011907001
1378,4.32e-05
1379,5.333334e-07
1380,5.6033343e-05
1381,0.00020280002
1382,0.00039603334
1383,0.0046875
1384,0.009398701
1385,0.009257633
1386,3.4133336e-05
1387,1.9200002e-05
1388,6.1633335e-05
1389,0.0010800001
1390,0.0033708
1391,0.0059925327
1392,0.007489201
1393,0.00023520003
1394,0.0014981332
1395,0.00015413333
1396,0.00086403335
1397,1.7633334e-05
1398,7.5e-06
1399,8.333335e-05
1400,0.0016725332
1401,0.0050960337
1402,0.008200534
1403,0.00030720004
1404,0.0017786999
1405,0.00012813334
1406,3.6300004e-05
1407,8.333334e-07
1408,2.43e-05
1409,0.00012
1410,0.00025813334
1411,0.0031212
1412,0.0004033333
1413,0.00027603333
1414,0.0020008332
1415,8.670001e-05
1416,0.00016803335
1417,5.633333e-06
1418,5.6033343e-05
1419,0.00010453333
1420,0.0009976333
1421,6.4533335e-05
1422,0.00016803335
1423,4.0333334e-06
1424,0.00027603333
1425,0.00097470003
1426,0.0013467001
1427,0.00071053335
1428,3.8533333e-05
1429,0.00018750002
1430,0.00034680005
1431,0.0040136334
1432,0.00046413334
1433,0.0029008337
1434,0.00013653334
1435,0.0003333334
1436,2.1333335e-06
1437,5.0700004e-05
1438,0.000116033334
1439,0.0014560336
1440,0.0032240332
1441,0.00016333334
1442,0.000112133326
1443,0.0010208334
1444,8.670001e-05
1445,3.4133336e-05
1446,0.00013653334
1447,2.8033332e-05
1448,0.00012
1449,0.0010208334
1450,0.00019763334
1451,0.0020008332
1452,0.00027603333
1453,0.0021336332
1454,0.0034776332
1455,5.6033343e-05
1456,2.1333335e-06
1457,1.6333332e-06
1458,1.6133334e-05
1459,4.5633336e-05
1460,9.0133326e-05
1461,0.00015413333
1462,0.0019683002
1463,0.0047376333
1464,0.0065416335
1465,0.0060776332
1466,0.0034992
1467,8.533334e-06
1468,0.0001323
1469,0.0024300003
1470,0.0006816333
1471,0.007808534
1472,0.0011907001
1473,0.009117634
1474,0.0006627
1475,0.0027075
1476,0.0017941332
1477,1.9200002e-05
1478,0.0019360333
1479,0.00058080006
1480,0.0005208334
1481,0.0004408334
1482,0.00031363333
1483,0.00019253335
1484,0.0011285334
1485,4.0833336e-05
1486,5.633333e-06
1487,5.333334e-07
1488,0.0
1489,6.533333e-06
1490,3.6300004e-05
1491,8.333335e-05
1492,0.0001323
1493,0.00015413333
1494,0.00012813334
1495,7.053334e-05
1496,1.3333334e-07
1497,9.633333e-06
1498,4.0333334e-06
1499,6.7500005e-05
1500,1.7633334e-05
1501,0.00019763334
1502,0.0004720334
1503,2.8033332e-05
1504,2.0833337e-05
1505,0.0001728
1506,0.0002523
1507,0.00012813334
1508,5.633333e-06
1509,2.6133332e-05
1510,4.5633336e-05
1511,6.1633335e-05
1512,6.4533335e-05
1513,0.0005376334
1514,3e-05
1515,9.363332e-05
1516,3.3333336e-08
1517,2.7e-06
1518,4.8133337e-05
1519,9.363332e-05
1520,2.1333335e-06
1521,3.0000004e-07
1522,1.3333334e-07
1523,5.333334e-07
1524,1.2000002e-06
1525,2.1333335e-06
1526,1.9200002e-05
1527,1.7633334e-05
1528,1.2000002e-06
1529,7.5e-06
1530,0.00012
1531,1.9200002e-05
1532,0.00013653334
1533,6.533333e-06
1534,9.633333e-06
1535,1.3333334e-07
1536,5.633333e-06
1537,1.08e-05
1538,1.3333334e-05
1539,0.00014083333
1540,0.00029453338
1541,0.00036750003
1542,9.633333e-06
1543,4.5633336e-05
1544,4.0833336e-05
1545,3.0000004e-07
1546,0.00020803335
1547,0.0010561333
1548,0.00017763334
1549,0.0017633336
1550,0.0033285336
1551,0.0027840333
1552,4.0333334e-06
1553,0.0007203
1554,0.0031008334
1555,0.0004408334
1556,0.00048803337
1557,0.0048133335
1558,0.007938134
1559,9.363332e-05
1560,8.533334e-06
1561,0.0003333334
1562,0.0021505335
1563,0.00035363334
1564,0.0031621335
1565,0.0056581334
1566,0.000116033334
1567,0.0002187
1568,4.32e-05
1569,3.2033335e-05
1570,0.0005376334
1571,8.333335e-05
1572,6.1633335e-05
1573,0.00050430006
1574,0.00080083334
1575,0.0006816333
1576,5.633333e-06
1577,4.0333334e-06
1578,1.3333334e-05
1579,0.00019253335
1580,0.00043319998
1581,1.3333334e-05
1582,3.2033335e-05
1583,8.333334e-07
1584,2.43e-05
1585,0.00049613335
1586,0.0015552
1587,0.00015413333
1588,0.00014083333
1589,0.0001323
1590,8.333335e-05
1591,0.00034680005
1592,9.363332e-05
1593,0.00016803335
1594,0.0014421332
1595,0.00017763334
1596,0.0010920333
1597,0.0011781335
1598,2.1333335e-06
1599,5.3333337e-05
1600,0.00071053335
1601,0.0013467001
1602,0.0009976333
1603,0.00016803335
1604,6.4533335e-05
1605,0.0009185334
1606,9.72e-05
1607,4.8133337e-05
1608,2.43e-05
1609,8.533334e-06
1610,3.2033335e-05
1611,1.3333334e-07
1612,1.2000002e-06
1613,1.4700002e-05
1614,6.4533335e-05
1615,1.3333334e-05
1616,0.00015870002
1617,0.00032669998
1618,4.8000006e-06
1619,1.2000002e-06
1620,1.6133334e-05
1621,4.32e-05
1622,6.4533335e-05
1623,5.8800008e-05
1624,3.6300004e-05
1625,0.00016803335
1626,8.333334e-07
1627,1.2000002e-06
1628,1.6333332e-06
1629,3.3333336e-08
1630,4.8000006e-06
1631,4.8000006e-06
1632,4.8000006e-06
1633,1.6333332e-06
1634,1.2000002e-06
1635,7.5e-06
1636,5.8800008e-05
1637,7.5e-06
1638,4.5633336e-05
1639,2.1333335e-06
1640,8.533334e-06
1641,3.0000004e-07
1642,1.2000002e-06
1643,8.333334e-07
1644,3.0000004e-07
1645,1.4700002e-05
1646,6.533333e-06
1647,8.670001e-05
1648,1.4700002e-05
1649,0.000108299995
1650,0.00016803335
1651,2.1333335e-06
1652,5.333334e-07
1653,4.0333334e-06
1654,6.533333e-06
1655,1.9200002e-05
1656,0.00032013337
1657,0.0009520334
1658,0.0015408334
1659,0.0015123001
1660,0.0007203
1661,2.8033332e-05
1662,0.00014520001
1663,0.00031363333
1664,0.00051253336
1665,0.0054945336
1666,0.0100833345
1667,0.008400134
1668,3.3333336e-08
1669,0.00014083333
1670,0.0022016333
1671,0.00043319998
1672,0.00046413334
1673,0.0045880335
1674,0.0004720334
1675,0.0030603004
1676,0.0044165333
1677,0.0029601331
1678,6.533333e-06
1679,9.0133326e-05
1680,0.00017763334
1681,0.0023232002
1682,0.00041070004
1683,0.0038307
1684,0.0004720334
1685,0.0003605333
1686,0.00030720004
1687,0.0002187
1688,0.00012
1689,3.6300004e-05
1690,4.5633336e-05
1691,7.3633346e-05
1692,0.0011531999
1693,0.0037408334
1694,0.0065712007
1695,0.00030083334
1696,0.00017763334
1697,0.0012033334
1698,0.0010325334
1699,4.8133337e-05
1700,0.0019845334
1701,0.007145634
1702,0.0007701334
1703,0.00070083333
1704,0.00070083333
1705,0.0055216337
1706,0.00028829998
1707,3.8533333e-05
1708,1.08e-05
1709,7.053334e-05
1710,0.0015123001
1711,0.00035363334
1712,0.00039603334
1713,0.0004181333
1714,0.0034992
1715,0.00022963336
1716,6.1633335e-05
1717,9.633333e-06
1718,5.333334e-07
1719,0.0002187
1720,0.0010680334
1721,0.0023408332
1722,0.0031621335
1723,0.0028812
1724,1.7633334e-05
1725,3.0000004e-07
1726,6.4533335e-05
1727,6.4533335e-05
1728,0.0010800001
1729,0.00024653334
1730,0.0022533333
1731,0.0039675003
1732,0.0031621335
1733,3.0000004e-07
1734,0.00027000002
1735,7.053334e-05
1736,0.00059853337
1737,5.3333337e-05
1738,3.2033335e-05
1739,0.00026403333
1740,2.43e-05
1741,1.6133334e-05
1742,1.08e-05
1743,3.8533333e-05
1744,1.6333332e-06
1745,2.43e-05
1746,0.0003888
1747,5.0700004e-05
1748,1.6133334e-05
1749,7.5e-06
1750,0.00014520001
1751,0.0012545333
1752,0.0032448003
1753,0.00021333335
1754,0.000116033334
1755,5.6033343e-05
1756,3.3333336e-06
1757,2.8033332e-05
1758,0.0001728
1759,0.00042563336
1760,0.00070083333
1761,0.00086403335
1762,0.00081120007
1763,0.005576033
1764,0.0054675005
1765,4.8133337e-05
1766,0.0032865335
1767,0.0010208334
1768,0.0100467
1769,0.0010092
1770,0.0053600334
1771,0.00013653334
1772,1.6333332e-06
1773,0.00048
1774,0.0023408332
1775,0.00028213335
1776,0.0021675
1777,0.0034776332
1778,0.0026320333
1779,0.00081120007
1780,1.2000002e-06
1781,0.00013653334
1782,0.00019253335
1783,0.0020667
1784,0.00028213335
1785,0.0002523
1786,0.00027000002
1787,0.0023408332
1788,0.0035425334
1789,0.0023056336
1790,0.00035363334
1791,0.00014083333
1792,0.00027603333
1793,0.0030000003
1794,0.0058800005
1795,0.0058800005
1796,0.0031827001
1797,1.3333334e-05
1798,0.0006075001
1799,0.0016133332
1800,0.0022881336
1801,0.0022533333
1802,4.32e-05
1803,4.32e-05
1804,9.0133326e-05
1805,0.0011656334
1806,0.0025947
1807,9.72e-05
1808,0.00028829998
1809,2.7e-06
1810,0.00010083333
1811,0.0003333334
1812,0.0006440333
1813,0.0076161334
1814,0.015052802
1815,0.00042563336
1816,0.0012160332
1817,1.2000002e-06
1818,7.053334e-05
1819,0.00025813334
1820,0.0005292
1821,0.0065416335
1822,0.014083334
1823,0.00059853337
1824,0.00027603333
1825,0.00016333334
1826,5.0700004e-05
1827,4.0833336e-05
1828,6.7500005e-05
1829,0.0016576335
1830,0.0004181333
1831,0.0004720334
1832,0.0045387005
1833,0.0004033333
1834,0.00019253335
1835,9.363332e-05
1836,0.00034003335
1837,7.3633346e-05
1838,7.3633346e-05
1839,0.0013601334
1840,0.0034776332
1841,0.0043923
1842,0.0031212
1843,3.3333336e-08
1844,3.4133336e-05
1845,0.0004720334
1846,8.333335e-05
1847,9.0133326e-05
1848,0.0009520334
1849,0.0018723003
1850,7.680001e-05
1851,4.5633336e-05
1852,4.5633336e-05
1853,0.0003745333
1854,1.9200002e-05
1855,1.6333332e-06
1856,1.2000002e-06
1857,9.633333e-06
1858,2.0833337e-05
1859,2.8033332e-05
1860,0.00025813334
1861,0.00045630004
1862,0.00043319998
1863,0.00026403333
1864,3.0000004e-07
1865,0.0
1866,3.0000004e-07
1867,3.3333336e-06
1868,0.000116033334
1869,5.6033343e-05
1870,0.0008321334
1871,0.0022016333
1872,0.0031008334
1873,0.0026320333
1874,0.0011285334
1875,3.6300004e-05
1876,0.0006721334
1877,0.0031212
1878,0.0003888
1879,0.00043319998
1880,0.004637634
1881,0.0005376334
1882,0.00034680005
1883,0.00023520003
1884,0.000116033334
1885,2.6133332e-05
1886,1.4700002e-05
1887,3.4133336e-05
1888,0.00075000006
1889,0.00018253335
1890,0.00022413337
1891,0.0023763
1892,0.00027603333
1893,0.0018723003
1894,0.000112133326
1895,2.0833337e-05
1896,1.2000002e-06
1897,0.00028829998
1898,0.00020280002
1899,0.0028616334
1900,0.00049613335
1901,0.00043319998
1902,0.0003745333
1903,0.0025392002
1904,8.670001e-05
1905,1.6333332e-06
1906,1.3333334e-05
1907,0.00035363334
1908,0.0010920333
1909,0.0016576335
1910,0.0016133332
1911,0.0011285334
1912,0.00058963336
1913,0.0002523
1914,9.363332e-05
1915,3.3333336e-08
1916,2.1333335e-06
1917,6.7500005e-05
1918,0.00036750003
1919,0.0010561333
1920,0.0020008332
1921,0.0027456335
1922,0.000108299995
1923,0.0007905334
1924,0.0016576335
1925,0.0019360333
1926,2.6133332e-05
1927,2.1333335e-06
1928,1.2000002e-06
1929,2.8033332e-05
1930,0.00012403334
1931,0.00031363333
1932,0.0005720334
1933,0.0067500006
1934,0.0008533334
1935,0.0005720334
1936,0.0039905333
1937,0.00012813334
1938,7.053334e-05
1939,0.00027000002
1940,0.00035363334
1941,0.0046625338
1942,0.010528133
1943,0.00045630004
1944,0.00017763334
1945,0.0009185334
1946,1.6333332e-06
1947,0.00027000002
1948,0.0020336334
1949,0.0053600334
1950,0.008003333
1951,0.007394701
1952,0.0037408334
1953,0.0003888
1954,0.0008427
1955,0.0054136333
1956,0.0007203
1957,0.0007301334
1958,0.0008427
1959,0.0075525343
1960,0.0005720334
1961,0.00019253335
1962,0.0006912
1963,4.0333334e-06
1964,0.00010453333
1965,0.00022963336
1966,0.00028829998
1967,0.0002523
1968,0.00014520001
1969,4.0833336e-05
1970,3.3333336e-08
1971,0.00013653334
1972,9.72e-05
1973,0.0011285334
1974,0.00012813334
1975,0.00070083333
1976,0.0006816333
1977,0.000116033334
1978,7.053334e-05
1979,0.0012416334
1980,0.0030603004
1981,0.00018253335
1982,0.00012403334
1983,0.00010453333
1984,0.00071053335
1985,0.0006440333
1986,1.6133334e-05
1987,0.0001323
1988,0.0022016333
1989,0.0004408334
1990,0.0004408334
1991,0.0037185336
1992,0.00019253335
1993,9.633333e-06
1994,4.0833336e-05
1995,0.0015123001
1996,0.0056306995
1997,0.009434134
1998,0.00867
1999,0.003586134
2000,2.2533332e-05
2001,0.00061653333
2002,0.007970701
2003,0.016898133
2004,0.018401636
2005,0.011446534
2006,2.1333335e-06
2007,9.72e-05
2008,0.0010443002
2009,0.0001323
2010,0.00012
2011,0.00014963334
2012,0.00018750002
2013,0.00022963336
2014,0.00026403333
2015,0.0024300003
2016,0.0039675003
2017,5.8800008e-05
2018,8.333334e-07
2019,2.2533332e-05
2020,3.4133336e-05
2021,6.7500005e-05
2022,9.363332e-05
2023,0.00010083333
2024,8.333335e-05
2025,0.0005376334
2026,1.4700002e-05
2027,2.1333335e-06
2028,2.0833337e-05
2029,6.4533335e-05
2030,0.0008965335
2031,0.0019683002
2032,6.7500005e-05
2033,8.533334e-06
2034,3.0000004e-07
2035,5.3333337e-05
2036,0.0011408334
2037,0.0033496334
2038,0.0046875
2039,0.0034561334
2040,0.0008533334
2041,0.00015413333
2042,0.00036750003
2043,0.00051253336
2044,0.0005720334
2045,0.0049922997
2046,0.0003605333
2047,0.00012813334
2048,0.00056333333
2049,2.1333335e-06
2050,4.5633336e-05
2051,0.00032013337
2052,0.00063480006
2053,0.0005720334
2054,1.3333334e-07
2055,0.00012
2056,6.1633335e-05
2057,0.0008216334
2058,0.00013653334
2059,0.000112133326
2060,0.00086403335
2061,3.8533333e-05
2062,1.6333332e-06
2063,5.633333e-06
2064,3e-05
2065,0.0004485333
2066,0.0010680334
2067,0.0012936335
2068,0.0009075
2069,0.00030720004
2070,9.633333e-06
2071,2.43e-05
2072,0.00027000002
2073,4.32e-05
2074,5.0700004e-05
2075,0.00058963336
2076,0.0013872002
2077,9.363332e-05
2078,8.670001e-05
2079,0.0009296334
2080,0.0017633336
2081,0.0015265334
2082,0.00045630004
2083,6.7500005e-05
2084,0.0013872002
2085,0.0036963
2086,0.00024083335
2087,0.0014981332
2088,0.0020667
2089,6.533333e-06
2090,1.3333334e-05
2091,3.8533333e-05
2092,5.0700004e-05
2093,4.0833336e-05
2094,0.00023520003
2095,0.00018750002
2096,1.7633334e-05
2097,1.6133334e-05
2098,1.9200002e-05
2099,1.4700002e-05
2100,9.633333e-06
2101,5.633333e-06
2102,2.8033332e-05
2103,0.0
2104,2.0833337e-05
2105,0.00018750002
2106,5.8800008e-05
2107,0.0007905334
2108,0.00014520001
2109,0.0012675
2110,0.00012
2111,0.00061653333
2112,0.0005547001
2113,3.8533333e-05
2114,0.00013653334
2115,0.00036750003
2116,0.0051483
2117,0.0009633334
2118,0.0009861334
2119,0.0009976333
2120,0.0076161334
2121,0.008909633
2122,4.0333334e-06
2123,0.0021845335
2124,0.00097470003
2125,0.011290802
2126,0.024083333
2127,0.025872033
2128,0.0149633335
2129,0.0027648
2130,0.0007701334
2131,0.009469633
2132,0.0013333336
2133,0.011329633
2134,0.022413334
2135,0.024825636
2136,0.0003745333
2137,0.0014282999
2138,0.00012403334
2139,0.0007701334
2140,3.8533333e-05
2141,6.7500005e-05
2142,8.533334e-06
2143,0.00012403334
2144,0.0025576334
2145,0.008433634
2146,0.015277635
2147,0.018253334
2148,0.00034680005
2149,7.053334e-05
2150,4.0333334e-06
2151,0.00016803335
2152,0.0022533333
2153,0.00070083333
2154,0.007938134
2155,0.0010920333
2156,0.008003333
2157,0.0124848
2158,0.009292801
2159,0.0027648
2160,1.9200002e-05
2161,0.00056333333
2162,0.0069311997
2163,0.015962133
2164,0.021333337
2165,0.019558534
2166,0.011960033
2167,0.0035425334
2168,4.0333334e-06
2169,0.00071053335
2170,0.0012033334
2171,0.0017327999
2172,0.018500835
2173,0.035914797
2174,0.0011531999
2175,0.00039603334
2176,0.00020280002
2177,5.0700004e-05
2178,1.6133334e-05
2179,0.00035363334
2180,0.00030083334
2181,0.00048
2182,0.0051483
2183,0.0005376334
2184,0.0030805336
2185,0.0034347004
2186,0.0010561333
2187,0.00017763334
2188,0.0039675003
2189,0.010267501
2190,0.013653334
2191,0.0109443
2192,0.0045880335
2193,0.00020803335
2194,0.0017941332
2195,0.0007701334
2196,0.0009075
2197,0.0010561333
2198,0.009648133
2199,0.00081120007
2200,0.0042483
2201,0.004864133
2202,0.0021505335
2203,6.1633335e-05
2204,0.0009075
2205,0.0002523
2206,0.0020172002
2207,0.0034133336
2208,0.0032033334
2209,0.0018565333
2210,0.0005720334
2211,1.2033334e-05
2212,0.00020803335
2213,0.00046413334
2214,0.0006816333
2215,0.00088563334
2216,5.3333337e-05
2217,0.00058963336
2218,0.0015841334
2219,0.0023056336
2220,0.0020667
2221,6.533333e-06
2222,1.08e-05
2223,3.4133336e-05
2224,0.0006912
2225,0.00022413337
2226,0.0027648
2227,0.00048
2228,0.0041536335
2229,0.0072385343
2230,0.005768533
2231,3.3333336e-06
2232,0.00017763334
2233,0.0004181333
2234,0.0057131997
2235,0.013398534
2236,0.016333334
2237,0.011485634
2238,1.3333334e-07
2239,0.0007400333
2240,0.00027000002
2241,0.0004033333
2242,0.0048133335
2243,0.010267501
2244,0.00046413334
2245,0.0027075
2246,0.00022963336
2247,0.0014008334
2248,7.680001e-05
2249,0.00022413337
2250,1.6333332e-06
2251,0.00027603333
2252,0.0014560336
2253,0.0034133336
2254,0.0049152006
2255,0.00014963334
2256,0.0007400333
2257,0.0009861334
2258,0.00048
2259,2.1333335e-06
2260,0.000112133326
2261,0.00021333335
2262,0.00032669998
2263,0.0037185336
2264,0.0005208334
2265,0.0004408334
2266,0.0038533336
2267,0.00027603333
2268,0.0010800001
2269,0.0006440333
2270,4.8133337e-05
2271,0.00019253335
2272,0.0024120333
2273,0.00031363333
2274,0.0021675
2275,0.0031008334
2276,0.0019683002
2277,0.00034680005
2278,0.0001323
2279,0.00015870002
2280,0.0016725332
2281,0.0034561334
2282,0.0041536335
2283,9.72e-05
2284,0.00049613335
2285,3.6300004e-05
2286,9.0133326e-05
2287,1.6333332e-06
2288,0.000116033334
2289,0.0020833337
2290,0.005576033
2291,0.00031363333
2292,0.0014981332
2293,0.0012936335
2294,7.3633346e-05
2295,0.00027000002
2296,0.0042008334
2297,0.009612301
2298,0.0004181333
2299,0.0020172002
2300,8.333335e-05
2301,7.5e-06
2302,1.2000002e-06
2303,0.00021333335
2304,0.000112133326
2305,0.0014145334
2306,0.0033285336
2307,0.00017763334
2308,9.72e-05
2309,0.0006721334
2310,0.0007203
2311,0.00019763334
2312,3.2033335e-05
2313,0.0005292
2314,5.0700004e-05
2315,0.00024653334
2316,0.00026403333
2317,0.00015870002
2318,4.8000006e-06
2319,2.8033332e-05
2320,0.0007203
2321,0.0025576334
2322,0.0045387005
2323,0.0047628004
2324,3e-05
2325,5.633333e-06
2326,0.00031363333
2327,0.0001728
2328,0.0003333334
2329,0.0005376334
2330,0.0059925327
2331,0.0118405325
2332,0.00041070004
2333,0.0017941332
2334,7.3633346e-05
2335,0.00014963334
2336,2.7e-06
2337,0.0003605333
2338,0.00017763334
2339,0.0019845334
2340,0.00026403333
2341,0.00020803335
2342,0.00019253335
2343,0.0016428002
2344,0.0027265332
2345,0.0025392002
2346,0.0015696336
2347,0.0006440333
2348,1.2000002e-06
2349,6.7500005e-05
2350,0.00030083334
2351,0.0010208334
2352,0.0027265332
2353,0.00038163335
2354,0.0005376334
2355,0.0061633335
2356,0.0118405325
2357,0.00029453338
2358,3.6300004e-05
2359,2.6133332e-05
2360,0.00014083333
2361,0.00018253335
2362,0.0026133335
2363,0.006512134
2364,0.008909633
2365,0.008200534
2366,0.005122134
2367,2.7e-06
2368,5.3333337e-05
2369,3.8533333e-05
2370,0.0007905334
2371,0.00030083334
2372,0.0005376334
2373,0.0068705333
2374,0.0010208334
2375,0.0008427
2376,0.0007301334
2377,0.005253634
2378,0.00021333335
2379,0.00034003335
2380,1.2000002e-06
2381,0.0012416334
2382,0.00045630004
2383,0.0005461334
2384,0.00056333333
2385,0.004296033
2386,0.00017763334
2387,0.00022413337
2388,3.8533333e-05
2389,0.0014981332
2390,0.004440834
2391,0.005768533
2392,0.0037632005
2393,0.0006912
2394,0.0003333334
2395,0.0004033333
2396,0.0041301334
2397,0.0004720334
2398,0.0033285336
2399,0.005253634
2400,8.670001e-05
2401,6.533333e-06
2402,1.2000002e-06
2403,2.6133332e-05
2404,0.0005720334
2405,0.0017786999
2406,0.0026508
2407,0.0021000335
2408,0.0006075001
2409,8.0033344e-05
2410,0.0015841334
2411,0.0038988001
2412,0.00020280002
2413,9.72e-05
2414,0.0006256333
2415,1.7633334e-05
2416,1.3333334e-05
2417,2.1333335e-06
2418,2.8033332e-05
2419,2.2533332e-05
2420,1.2000002e-06
2421,8.333335e-05
2422,0.00021333335
2423,0.00016803335
2424,5.633333e-06
2425,5.3333337e-05
2426,0.0009408001
2427,0.00018750002
2428,0.0001728
2429,0.00014083333
2430,0.0008427
2431,9.633333e-06
2432,3.6300004e-05
2433,0.0005720334
2434,0.0017633336
2435,0.0026885336
2436,6.7500005e-05
2437,1.7633334e-05
2438,7.053334e-05
2439,2.2533332e-05
2440,2.8033332e-05
2441,0.0003333334
2442,0.0009075
2443,0.0014282999
2444,0.0015408334
2445,3e-05
2446,0.00014963334
2447,1.08e-05
2448,2.7e-06
2449,0.0
2450,2.2533332e-05
2451,0.00016803335
2452,0.00048
2453,0.00080083334
2454,0.0009185334
2455,0.00070083333
2456,1.2000002e-06
2457,6.533333e-06
2458,7.053334e-05
2459,0.00025813334
2460,0.00058080006
2461,0.0008321334
2462,0.00075000006
2463,0.00032669998
2464,1.08e-05
2465,4.32e-05
2466,6.4533335e-05
2467,0.0006627
2468,5.8800008e-05
2469,2.2533332e-05
2470,8.533334e-06
2471,2.43e-05
2472,0.0
2473,1.3333334e-07
2474,0.0
2475,5.333334e-07
2476,6.533333e-06
2477,3.0000004e-07
2478,5.333334e-07
2479,2.2533332e-05
2480,0.00010453333
2481,0.00021333335
2482,0.00024083335
2483,1.6333332e-06
2484,3.0000004e-07
2485,2.2533332e-05
2486,0.00012
2487,0.00031363333
2488,3e-05
2489,2.8033332e-05
2490,2.8033332e-05
2491,1.9200002e-05
2492,9.363332e-05
2493,6.1633335e-05
2494,1.6333332e-06
2495,5.633333e-06
2496,3e-05
2497,6.533333e-06
2498,2.0833337e-05
2499,0.00012
2500,2.7e-06
2501,5.633333e-06
2502,0.00030720004
2503,0.0014560336
2504,0.0030603004
2505,0.0035643002
2506,0.0020336334
2507,3.8533333e-05
2508,0.0015987
2509,0.00048803337
2510,0.00063480006
2511,0.0007301334
2512,0.0062496336
2513,0.0003888
2514,0.0012805335
2515,1.2000002e-06
2516,0.00021333335
2517,0.0011781335
2518,0.0022707
2519,0.0022881336
2520,8.533334e-06
2521,2.7e-06
2522,7.680001e-05
2523,0.00024653334
2524,2.43e-05
2525,0.00022413337
2526,0.00049613335
2527,3.4133336e-05
2528,3.6300004e-05
2529,0.0004181333
2530,0.0008748
2531,0.0008533334
2532,0.0003333334
2533,1.6333332e-06
2534,0.000108299995
2535,0.00019253335
2536,0.0022016333
2537,0.00026403333
2538,0.0016875002
2539,0.0021505335
2540,0.0009408001
2541,2.1333335e-06
2542,0.0009075
2543,0.0027840333
2544,0.00014963334
2545,0.00080083334
2546,0.0010800001
2547,0.0007400333
2548,0.00024083335
2549,1.08e-05
2550,3.6300004e-05
2551,0.00014083333
2552,1.6133334e-05
2553,0.0002187
2554,6.7500005e-05
2555,0.0008748
2556,0.00015870002
2557,0.0013333336
2558,0.0022016333
2559,3e-05
2560,1.3333334e-05
2561,3e-05
2562,0.0003333334
2563,0.0008965335
2564,7.3633346e-05
2565,0.0006075001
2566,0.0012545333
2567,0.0014560336
2568,2.2533332e-05
2569,6.1633335e-05
2570,3.0000004e-07
2571,4.8000006e-06
2572,0.00015413333
2573,0.0006256333
2574,7.680001e-05
2575,7.3633346e-05
2576,7.3633346e-05
2577,0.00058963336
2578,0.0008748
2579,0.0006721334
2580,0.00032669998
2581,5.333334e-07
2582,1.6333332e-06
2583,3e-05
2584,3.4133336e-05
2585,4.8000006e-06
2586,7.053334e-05
2587,0.0014008334
2588,0.004296033
2589,0.00036750003
2590,0.0026508
2591,0.00018750002
2592,4.32e-05
2593,4.8133337e-05
2594,0.000108299995
2595,0.0013872002
2596,0.0038533336
2597,0.00028213335
2598,0.00019253335
2599,0.00015413333
2600,0.0009976333
2601,2.43e-05
2602,3.3333336e-06
2603,9.363332e-05
2604,0.00056333333
2605,0.0011163
2606,0.0012160332
2607,0.0007600333
2608,0.00022413337
2609,6.533333e-06
2610,7.3633346e-05
2611,7.680001e-05
2612,1.3333334e-07
2613,1.2033334e-05
2614,1.4700002e-05
2615,1.3333334e-07
2616,9.0133326e-05
2617,0.0004485333
2618,0.0010325334
2619,0.0014981332
2620,0.0014700001
2621,0.0009185334
2622,1.3333334e-07
2623,1.4700002e-05
2624,0.00025813334
2625,8.0033344e-05
2626,0.0010443002
2627,0.0026508
2628,0.00016803335
2629,0.0010325334
2630,5.0700004e-05
2631,7.680001e-05
2632,1.08e-05
2633,0.0005461334
2634,0.0016725332
2635,9.0133326e-05
2636,0.00030720004
2637,0.00010453333
2638,4.5633336e-05
2639,0.00088563334
2640,0.0020008332
2641,0.0018565333
2642,0.0005292
2643,9.72e-05
2644,0.00027000002
2645,0.0031008334
2646,0.0060776332
2647,0.0057963002
2648,1.4700002e-05
2649,1.7633334e-05
2650,0.0004181333
2651,0.0015408334
2652,0.0031621335
2653,0.0045141336
2654,0.0046625338
2655,0.0032865335
2656,8.333334e-07
2657,0.00016333334
2658,0.0009976333
2659,0.0028616334
2660,0.00034003335
2661,0.0032656335
2662,0.006630534
2663,0.006600833
2664,2.2533332e-05
2665,1.08e-05
2666,0.00024653334
2667,0.0007400333
2668,0.0011781335
2669,4.8133337e-05
2670,0.0003745333
2671,0.0009185334
2672,8.0033344e-05
2673,0.0007803
2674,0.0017327999
2675,0.0019683002
2676,1.4700002e-05
2677,0.0
2678,2.2533332e-05
2679,0.00050430006
2680,0.0016725332
2681,0.0029403002
2682,0.0034133336
2683,0.0027075
2684,0.0013333336
2685,4.0333334e-06
2686,0.0002187
2687,6.4533335e-05
2688,0.0008427
2689,0.00019763334
2690,0.0021675
2691,0.0048133335
2692,0.00022413337
2693,0.00010453333
2694,0.0006440333
2695,1.08e-05
2696,6.533333e-06
2697,4.8133337e-05
2698,0.00012
2699,0.0015696336
2700,0.00024083335
2701,0.00192
2702,0.0031212
2703,0.0021675
2704,1.6133334e-05
2705,0.0010443002
2706,0.0040136334
2707,0.0005208334
2708,0.0048133335
2709,0.0005376334
2710,0.00028213335
2711,0.0013736334
2712,0.00063480006
2713,0.00015413333
2714,0.0034992
2715,0.00070083333
2716,0.0058800005
2717,0.0005292
2718,0.0028812
2719,0.0032448003
2720,3.3333336e-08
2721,0.00042563336
2722,0.0022016333
2723,0.00038163335
2724,0.0040368
2725,0.00058080006
2726,0.00045630004
2727,0.0033708
2728,0.0038081335
2729,0.0010443002
2730,0.00023520003
2731,0.0042721336
2732,0.0006816333
2733,0.0053067002
2734,0.0004408334
2735,0.00021333335
2736,0.0013067999
2737,4.0833336e-05
2738,3.0000004e-07
2739,4.8133337e-05
2740,5.3333337e-05
2741,0.0007803
2742,0.0019360333
2743,9.72e-05
2744,0.0004720334
2745,0.00046413334
2746,8.333335e-05
2747,4.5633336e-05
2748,0.0007301334
2749,0.000112133326
2750,9.0133326e-05
2751,0.0007701334
2752,0.0012033334
2753,0.00088563334
2754,0.00025813334
2755,2.1333335e-06
2756,5.0700004e-05
2757,6.4533335e-05
2758,7.3633346e-05
2759,7.3633346e-05
2760,0.00061653333
2761,4.32e-05
2762,0.00019763334
2763,7.5e-06
2764,2.6133332e-05
2765,5.333334e-07
2766,3.3333336e-08
2767,8.533334e-06
2768,1.08e-05
2769,0.00017763334
2770,3.2033335e-05
2771,0.0002187
2772,0.00019763334
2773,9.633333e-06
2774,0.00042563336
2775,0.00012403334
2776,0.0011531999
2777,0.0017786999
2778,0.0009296334
2779,6.533333e-06
2780,0.0009861334
2781,0.0034347004
2782,0.00022413337
2783,0.000112133326
2784,6.7500005e-05
2785,0.00034003335
2786,0.0002523
2787,5.633333e-06
2788,3e-05
2789,5.0700004e-05
2790,0.00056333333
2791,7.3633346e-05
2792,5.6033343e-05
2793,0.0004408334
2794,0.0006075001
2795,2.7e-06
2796,4.0333334e-06
2797,5.3333337e-05
2798,1.3333334e-05
2799,0.00016803335
2800,4.0833336e-05
2801,7.053334e-05
2802,0.0001323
2803,0.00019763334
2804,0.0020172002
2805,0.0033708
2806,0.0022188004
2807,0.00017763334
2808,0.0011408334
2809,0.006453333
2810,0.00081120007
2811,0.0007400333
2812,0.0067200335
2813,0.00051253336
2814,0.0022016333
2815,2.0833337e-05
2816,3.8533333e-05
2817,0.0012675
2818,0.0046625338
2819,0.008433634
2820,0.0003745333
2821,0.00021333335
2822,0.0015552
2823,5.3333337e-05
2824,2.43e-05
2825,0.00019253335
2826,0.0017941332
2827,0.0004033333
2828,0.00051253336
2829,0.005548801
2830,0.010453334
2831,0.0095052
2832,1.08e-05
2833,0.00023520003
2834,0.0014700001
2835,0.003586134
2836,0.00030083334
2837,0.0025208336
2838,0.00030083334
2839,0.00022413337
2840,0.00020803335
2841,0.00018750002
2842,0.0016133332
2843,0.0026696336
2844,0.0022016333
2845,1.3333334e-07
2846,0.00018750002
2847,0.00013653334
2848,0.0022533333
2849,0.0068705333
2850,0.0006721334
2851,0.005548801
2852,0.0005547001
2853,0.0030000003
2854,6.7500005e-05
2855,8.333334e-07
2856,0.0009408001
2857,0.00050430006
2858,0.0062785344
2859,0.0009520334
2860,0.0072696335
2861,0.011329633
2862,0.0077763004
2863,2.43e-05
2864,0.0017786999
2865,0.00049613335
2866,0.0006256333
2867,0.00080083334
2868,0.007873201
2869,0.013867501
2870,0.0118803
2871,0.004788033
2872,0.00016803335
2873,0.0017327999
2874,0.0063948
2875,0.008806533
2876,0.006900834
2877,0.0029403002
2878,0.0003333334
2879,8.670001e-05
2880,0.0008748
2881,0.0011907001
2882,4.8000006e-06
2883,1.2033334e-05
2884,0.00013653334
2885,0.0003745333
2886,2.8033332e-05
2887,0.0001728
2888,0.00020803335
2889,4.5633336e-05
2890,8.0033344e-05
2891,0.000116033334
2892,0.0017025335
2893,0.00034680005
2894,0.0033285336
2895,0.00039603334
2896,0.0025947
2897,0.0033708
2898,0.0015265334
2899,1.2000002e-06
2900,0.00034003335
2901,0.0044896337
2902,0.0006627
2903,0.00059853337
2904,0.0006256333
2905,0.0053868005
2906,0.0004033333
2907,0.0017941332
2908,0.0014421332
2909,3.2033335e-05
2910,0.0014008334
2911,0.0046875
2912,0.0075525343
2913,0.007145634
2914,2.6133332e-05
2915,1.6133334e-05
2916,0.0005208334
2917,0.0020833337
2918,0.00028829998
2919,0.00031363333
2920,0.0031008334
2921,0.00027000002
2922,0.000112133326
2923,3.2033335e-05
2924,3.2033335e-05
2925,3.4133336e-05
2926,0.00012813334
2927,0.0017941332
2928,0.0039675003
2929,0.00014520001
2930,0.00046413334
2931,0.00020280002
2932,6.4533335e-05
2933,0.00025813334
2934,0.0038533336
2935,0.0007301334
2936,0.0064827004
2937,0.011603335
2938,0.00023520003
2939,8.533334e-06
2940,3.4133336e-05
2941,0.00025813334
2942,0.004940833
2943,0.014257201
2944,0.0010680334
2945,0.0069921343
2946,0.009756034
2947,2.8033332e-05
2948,0.00010453333
2949,0.0026696336
2950,0.008704035
2951,0.014213634
2952,0.00050430006
2953,0.0002523
2954,0.00019763334
2955,0.000116033334
2956,0.0005208334
2957,0.0
2958,0.0002523
2959,0.0001728
2960,0.00030083334
2961,0.0035208336
2962,0.0004181333
2963,0.0025392002
2964,0.0029008337
2965,0.0008748
2966,0.00015870002
2967,0.0032656335
2968,0.007744133
2969,0.008875201
2970,0.0053067002
2971,2.0833337e-05
2972,0.0012160332
2973,0.0038081335
2974,0.006192034
2975,0.0065712007
2976,0.0045633335
2977,0.0016133332
2978,5.6033343e-05
2979,0.00018750002
2980,0.0024300003
2981,0.005824134
2982,0.007808534
2983,0.0067200335
2984,0.0034776332
2985,0.0006075001
2986,0.0001728
2987,0.00025813334
2988,0.0027840333
2989,0.00036750003
2990,0.0029008337
2991,0.00028829998
2992,0.00017763334
2993,0.00012403334
2994,0.0007701334
2995,1.9200002e-05
2996,9.633333e-06
2997,1.4700002e-05
2998,0.00012403334
2999,0.00018253335
3000,6.1633335e-05
3001,2.43e-05
3002,0.00042563336
3003,8.333335e-05
3004,0.0006721334
3005,0.0010092
3006,4.0333334e-06
3007,9.633333e-06
3008,3.8533333e-05
3009,0.00058080006
3010,0.0013601334
3011,6.4533335e-05
3012,0.00035363334
3013,0.00050430006
3014,7.5e-06
3015,2.2533332e-05
3016,1.2000002e-06
3017,3.0000004e-07
3018,3.0000004e-07
3019,8.533334e-06
3020,0.00026403333
3021,0.0011163
3022,0.0024843
3023,0.00018750002
3024,0.0014145334
3025,0.000112133326
3026,2.6133332e-05
3027,1.3333334e-05
3028,0.00019253335
3029,0.0016133332
3030,0.0040833335
3031,0.0054405336
3032,8.670001e-05
3033,0.00014520001
3034,1.3333334e-05
3035,0.00016333334
3036,0.0009075
3037,0.0016280335
3038,0.0015265334
3039,0.00071053335
3040,5.633333e-06
3041,1.3333334e-05
3042,5.0700004e-05
3043,4.0333334e-06
3044,8.670001e-05
3045,4.32e-05
3046,0.00036750003
3047,1.3333334e-05
3048,2.1333335e-06
3049,3e-05
3050,0.00063480006
3051,0.0018252002
3052,0.00012403334
3053,7.053334e-05
3054,0.00048803337
3055,1.7633334e-05
3056,1.6133334e-05
3057,7.5e-06
3058,0.00021333335
3059,6.7500005e-05
3060,0.00075000006
3061,0.0016133332
3062,0.0017176333
3063,7.5e-06
3064,4.0333334e-06
3065,0.00012813334
3066,0.00048
3067,4.8133337e-05
3068,3.4133336e-05
3069,0.00022413337
3070,5.633333e-06
3071,2.1333335e-06
3072,2.7e-06
3073,8.533334e-06
3074,3.0000004e-07
3075,1.7633334e-05
3076,5.0700004e-05
3077,8.670001e-05
3078,0.000112133326
3079,0.000108299995
3080,0.00080083334
3081,0.0009075
3082,8.333334e-07
3083,0.00027603333
3084,0.0012675
3085,0.0026696336
3086,0.0035643002
3087,9.72e-05
3088,0.0004720334
3089,0.0006627
3090,0.00038163335
3091,2.0833337e-05
3092,5.3333337e-05
3093,0.000116033334
3094,0.0015265334
3095,0.00030083334
3096,0.0031621335
3097,0.007363334
3098,0.009648133
3099,0.008134534
3100,3e-05
3101,3.3333336e-06
3102,4.8133337e-05
3103,0.0001728
3104,0.00042563336
3105,0.0061633335
3106,0.0011781335
3107,0.0110592
3108,0.021600837
3109,0.021600837
3110,9.0133326e-05
3111,3.2033335e-05
3112,0.0011285334
3113,0.00049613335
3114,0.0008748
3115,0.010868033
3116,0.0015552
3117,0.012000001
3118,0.019866135
3119,0.0162867
3120,0.0062496336
3121,0.00016803335
3122,0.0027456335
3123,0.01083
3124,0.018500835
3125,0.0009861334
3126,0.0085683
3127,0.019304035
3128,0.023240834
3129,0.0153228
3130,0.0033075
3131,0.00070083333
3132,0.0016576335
3133,0.019558534
3134,0.041440833
3135,0.0018096336
3136,0.009900834
3137,0.00071053335
3138,0.0035643002
3139,0.00012
3140,0.00015413333
3141,2.2533332e-05
3142,0.0011656334
3143,0.0004033333
3144,0.0046625338
3145,0.010304533
3146,0.0118405325
3147,0.00012813334
3148,0.00015413333
3149,7.5e-06
3150,0.0004485333
3151,0.00022963336
3152,0.0032656335
3153,0.008602134
3154,0.0006075001
3155,0.0043200003
3156,0.00035363334
3157,0.0015552
3158,0.0010208334
3159,8.0033344e-05
3160,0.0025025331
3161,0.0006440333
3162,0.0007301334
3163,0.0069311997
3164,0.011252034
3165,0.007970701
3166,0.0016576335
3167,0.00036750003
3168,0.0059643
3169,0.013738802
3170,0.0007301334
3171,0.0046875
3172,0.007648034
3173,0.00012813334
3174,3.3333336e-06
3175,1.3333334e-05
3176,0.00049613335
3177,0.00192
3178,0.0002187
3179,0.00020280002
3180,0.0002187
3181,0.00192
3182,0.00016333334
3183,9.0133326e-05
3184,5.8800008e-05
3185,2.43e-05
3186,5.3333337e-05
3187,1.2033334e-05
3188,0.0005720334
3189,0.0022016333
3190,0.0040600337
3191,0.0045633335
3192,0.0031212
3193,0.0009296334
3194,5.633333e-06
3195,0.0012545333
3196,0.00031363333
3197,0.0003888
3198,0.0044896337
3199,0.0006721334
3200,0.00063480006
3201,0.00070083333
3202,0.0006627
3203,0.0050960337
3204,0.0063365335
3205,1.6333332e-06
3206,0.00015413333
3207,0.0004485333
3208,0.0063074995
3209,0.014696535
3210,0.0006912
3211,0.00029453338
3212,0.000116033334
3213,4.0333334e-06
3214,6.4533335e-05
3215,0.00192
3216,0.006453333
3217,0.0100467
3218,0.00867
3219,9.633333e-06
3220,0.00018750002
3221,0.000116033334
3222,0.00018750002
3223,0.0022016333
3224,0.00030720004
3225,0.0025576334
3226,0.004864133
3227,0.00019253335
3228,0.000108299995
3229,0.00088563334
3230,4.5633336e-05
3231,1.6333332e-06
3232,1.6133334e-05
3233,8.333335e-05
3234,0.0013467001
3235,0.0032865335
3236,0.0038533336
3237,0.0023232002
3238,0.0004033333
3239,0.00019763334
3240,0.0019683002
3241,0.0039445334
3242,0.00016803335
3243,0.0010092
3244,0.0017176333
3245,4.32e-05
3246,0.00015413333
3247,4.0333334e-06
3248,0.0
3249,1.2033334e-05
3250,8.333335e-05
3251,0.00024083335
3252,2.6133332e-05
3253,0.00025813334
3254,0.00058963336
3255,3.2033335e-05
3256,0.00017763334
3257,0.0002187
3258,6.4533335e-05
3259,1.9200002e-05
3260,0.00043319998
3261,0.0012545333
3262,0.0018565333
3263,0.0017025335
3264,0.00088563334
3265,0.00012813334
3266,4.32e-05
3267,0.0006816333
3268,0.00012403334
3269,0.00014963334
3270,0.0017633336
3271,0.00026403333
3272,0.00023520003
3273,0.00022413337
3274,0.0016280335
3275,5.3333337e-05
3276,5.333334e-07
3277,0.00027000002
3278,0.0016428002
3279,0.0038760337
3280,0.00024083335
3281,0.0014282999
3282,0.0017633336
3283,3.3333336e-08
3284,0.00035363334
3285,0.00019763334
3286,0.00032669998
3287,0.0037632005
3288,0.00045630004
3289,0.00030720004
3290,0.0002187
3291,0.00012
3292,4.32e-05
3293,0.00012403334
3294,2.0833337e-05
3295,4.8133337e-05
3296,0.00028829998
3297,2.43e-05
3298,0.00014520001
3299,0.00024653334
3300,1.3333334e-05
3301,2.0833337e-05
3302,0.00034680005
3303,0.0009408001
3304,0.0013200332
3305,2.43e-05
3306,5.333334e-07
3307,6.533333e-06
3308,4.5633336e-05
3309,0.00086403335
3310,0.0024661333
3311,0.003586134
3312,0.0031008334
3313,8.533334e-06
3314,2.1333335e-06
3315,4.32e-05
3316,7.5e-06
3317,5.0700004e-05
3318,3.3333336e-06
3319,1.7633334e-05
3320,4.8000006e-06
3321,0.000108299995
3322,5.3333337e-05
3323,0.0008427
3324,0.0024480335
3325,0.0038307
3326,0.0038533336
3327,3.8533333e-05
3328,5.6033343e-05
3329,1.6133334e-05
3330,1.3333334e-05
3331,5.0700004e-05
3332,0.00012
3333,0.00022963336
3334,0.0003745333
3335,0.004440834
3336,0.0095052
3337,0.0107541345
3338,0.00012
3339,0.00017763334
3340,2.43e-05
3341,0.00022413337
3342,0.00021333335
3343,0.0004033333
3344,0.0050960337
3345,0.0007905334
3346,0.006453333
3347,0.011290802
3348,0.009648133
3349,0.0036080335
3350,9.633333e-06
3351,0.00061653333
3352,0.008167501
3353,0.018600302
3354,0.0010325334
3355,0.00071053335
3356,0.006134701
3357,0.008806533
3358,0.0044652
3359,0.00017763334
3360,0.0050960337
3361,0.014257201
3362,0.019866135
3363,0.0161472
3364,1.2033334e-05
3365,0.00046413334
3366,0.0027265332
3367,0.0005208334
3368,0.0056033335
3369,0.00081120007
3370,0.0006533334
3371,0.0005461334
3372,0.0003605333
3373,0.0020336334
3374,3e-05
3375,1.3333334e-05
3376,0.00059853337
3377,0.00020803335
3378,0.0022016333
3379,0.0042483
3380,0.00010083333
3381,0.00019763334
3382,2.0833337e-05
3383,0.00019763334
3384,0.000108299995
3385,0.0009861334
3386,0.0014840333
3387,1.2033334e-05
3388,8.333334e-07
3389,1.3333334e-07
3390,4.8000006e-06
3391,0.00025813334
3392,0.00013653334
3393,0.0017941332
3394,0.0038988001
3395,0.0037632005
3396,1.3333334e-07
3397,0.00043319998
3398,0.0022881336
3399,0.00038163335
3400,0.0038307
3401,0.0005208334
3402,0.0039905333
3403,0.00034003335
3404,0.0017941332
3405,5.6033343e-05
3406,3e-05
3407,0.00015413333
3408,0.0015987
3409,0.0044652
3410,0.00034680005
3411,0.00024083335
3412,0.00016803335
3413,0.0008748
3414,0.0005208334
3415,8.333334e-07
3416,0.0008533334
3417,0.00017763334
3418,0.0012160332
3419,0.0015841334
3420,7.5e-06
3421,1.2000002e-06
3422,2.1333335e-06
3423,3.0000004e-07
3424,1.2000002e-06
3425,3.3333336e-06
3426,3.8533333e-05
3427,1.6333332e-06
3428,3.3333336e-08
3429,2.6133332e-05
3430,0.00014083333
3431,0.00028213335
3432,8.533334e-06
3433,1.2000002e-06
3434,1.3333334e-07
3435,1.4700002e-05
3436,8.533334e-06
3437,8.670001e-05
3438,0.00013653334
3439,7.680001e-05
3440,2.1333335e-06
3441,1.2033334e-05
3442,0.00015413333
3443,0.00030720004
3444,0.00030083334
3445,0.00015413333
3446,1.9200002e-05
3447,8.533334e-06
3448,0.000112133326
3449,0.00023520003
3450,9.633333e-06
3451,3.3333336e-06
3452,1.2000002e-06
3453,8.333334e-07
3454,2.1333335e-06
3455,1.4700002e-05
3456,6.533333e-06
3457,1.9200002e-05
3458,0.00027000002
3459,7.680001e-05
3460,0.0007905334
3461,7.053334e-05
3462,0.00024083335
3463,4.0833336e-05
3464,8.0033344e-05
3465,0.0014840333
3466,0.0036741337
3467,0.00016333334
3468,0.00063480006
3469,8.533334e-06
3470,3.3333336e-06
3471,2.0833337e-05
3472,0.00027603333
3473,0.00059853337
3474,0.0007203
3475,0.0006533334
3476,2.0833337e-05
3477,0.00024653334
3478,6.1633335e-05
3479,0.0005461334
3480,0.0007400333
3481,5.333334e-07
3482,5.6033343e-05
3483,0.0011285334
3484,0.0032448003
3485,0.00022413337
3486,0.0013200332
3487,6.4533335e-05
3488,0.00014963334
3489,1.4700002e-05
3490,3.8533333e-05
3491,0.00061653333
3492,0.0013333336
3493,4.32e-05
3494,0.000116033334
3495,3.8533333e-05
3496,3.4133336e-05
3497,0.0004033333
3498,5.6033343e-05
3499,3e-05
3500,0.000112133326
3501,4.0333334e-06
3502,0.00030720004
3503,0.0012416334
3504,0.00012
3505,6.7500005e-05
3506,2.6133332e-05
3507,8.333334e-07
3508,1.2033334e-05
3509,0.00032013337
3510,7.053334e-05
3511,0.0005547001
3512,4.0833336e-05
3513,0.0002187
3514,0.00032013337
3515,0.0003333334
3516,0.00030720004
3517,0.0002523
3518,0.00014083333
3519,1.2033334e-05
3520,3e-05
3521,0.0006440333
3522,0.0020667
3523,0.0035425334
3524,0.00015413333
3525,8.670001e-05
3526,0.0006627
3527,2.6133332e-05
3528,2.0833337e-05
3529,3.2033335e-05
3530,6.1633335e-05
3531,0.0008216334
3532,0.00012403334
3533,0.00010083333
3534,0.0007600333
3535,0.0009861334
3536,0.00046413334
3537,1.3333334e-05
3538,0.00019763334
3539,0.0005720334
3540,0.00048
3541,2.1333335e-06
3542,0.00015870002
3543,0.00046413334
3544,0.00051253336
3545,0.00016803335
3546,4.5633336e-05
3547,0.0009861334
3548,0.00022963336
3549,0.00025813334
3550,0.0023941335
3551,0.0037632005
3552,0.0024300003
3553,1.6133334e-05
3554,0.00080083334
3555,0.00018253335
3556,0.0016875002
3557,0.0032656335
3558,0.00012403334
3559,0.0006912
3560,7.053334e-05
3561,5.6033343e-05
3562,0.0004720334
3563,0.0006533334
3564,0.00026403333
3565,2.2533332e-05
3566,0.0010325334
3567,0.0033920333
3568,0.0056033335
3569,0.00020803335
3570,0.0010561333
3571,0.0012675
3572,1.3333334e-07
3573,0.00028829998
3574,0.0014421332
3575,0.0030805336
3576,0.0038533336
3577,0.0029601331
3578,0.0011531999
3579,4.32e-05
3580,9.363332e-05
3581,0.0010443002
3582,0.0018723003
3583,0.0017176333
3584,0.0008748
3585,0.00020280002
3586,4.0333334e-06
3587,1.6133334e-05
3588,3.3333336e-06
3589,1.9200002e-05
3590,0.00024083335
3591,0.00038163335
3592,3.0000004e-07
3593,1.4700002e-05
3594,0.0003605333
3595,9.363332e-05
3596,0.0009075
3597,0.0015696336
3598,2.43e-05
3599,3.3333336e-08
3600,4.8000006e-06
3601,1.7633334e-05
3602,3e-05
3603,0.00032669998
3604,0.0006721334
3605,0.0007701334
3606,0.00058963336
3607,0.00027603333
3608,2.7e-06
3609,2.2533332e-05
3610,0.00043319998
3611,0.00014083333
3612,0.0017480336
3613,0.0040136334
3614,0.0043923
3615,1.4700002e-05
3616,2.6133332e-05
3617,0.0007701334
3618,0.00024653334
3619,0.0026508
3620,0.00507
3621,0.000116033334
3622,0.00020803335
3623,2.6133332e-05
3624,0.00014083333
3625,0.00075000006
3626,5.8800008e-05
3627,0.00028213335
3628,0.00026403333
3629,6.1633335e-05
3630,8.533334e-06
3631,0.000112133326
3632,0.00013653334
3633,3.0000004e-07
3634,8.533334e-06
3635,0.0001323
3636,0.00031363333
3637,0.00035363334
3638,2.1333335e-06
3639,5.333334e-07
3640,3.3333336e-06
3641,6.1633335e-05
3642,0.0001728
3643,0.00024653334
3644,0.00020280002
3645,8.0033344e-05
3646,2.1333335e-06
3647,3.4133336e-05
3648,7.5e-06
3649,3.2033335e-05
3650,1.08e-05
3651,1.4700002e-05
3652,0.00018253335
3653,3.6300004e-05
3654,3.4133336e-05
3655,2.6133332e-05
3656,0.0001323
3657,3.0000004e-07
3658,2.8033332e-05
3659,0.0006256333
3660,0.0001728
3661,0.0002187
3662,0.0021168
3663,0.0034347004
3664,2.8033332e-05
3665,9.633333e-06
3666,0.0005292
3667,0.0022707
3668,0.00030720004
3669,0.0026885336
3670,0.00027000002
3671,0.00012813334
3672,0.0006256333
3673,0.00034003335
3674,1.3333334e-05
3675,0.00014520001
3676,0.0017786999
3677,0.0002187
3678,0.0015265334
3679,0.0023056336
3680,0.0017025335
3681,0.00051253336
3682,2.1333335e-06
3683,0.00061653333
3684,0.00015413333
3685,0.0016133332
3686,0.0036963
3687,0.00022413337
3688,0.0015552
3689,0.0025576334
3690,3.6300004e-05
3691,5.333334e-07
3692,3e-05
3693,0.00075000006
3694,0.0026696336
3695,0.00032013337
3696,0.0030200335
3697,0.0061633335
3698,0.0002187
3699,0.00080083334
3700,0.00045630004
3701,5.3333337e-05
3702,0.0026133335
3703,0.00086403335
3704,0.0011907001
3705,0.0014560336
3706,0.0013872002
3707,0.010120033
3708,0.011682134
3709,5.333334e-07
3710,0.0018565333
3711,0.00080083334
3712,0.0010920333
3713,0.011407499
3714,0.0012033334
3715,0.007332033
3716,0.0003605333
3717,0.0009633334
3718,0.00020280002
3719,0.00019253335
3720,0.0037408334
3721,0.009720001
3722,0.0126075
3723,0.009363333
3724,1.2000002e-06
3725,0.00035363334
3726,0.00012813334
3727,0.00016803335
3728,0.00021333335
3729,0.00024653334
3730,0.00027000002
3731,0.0025761332
3732,0.00029453338
3733,0.0022188004
3734,0.00022963336
3735,0.0015841334
3736,0.0024480335
3737,0.0017633336
3738,1.2000002e-06
3739,0.0002187
3740,0.0007600333
3741,0.0014282999
3742,0.0020667
3743,0.00012403334
3744,0.00016333334
3745,0.0020336334
3746,0.00025813334
3747,0.00014083333
3748,4.0833336e-05
3749,1.2000002e-06
3750,0.0004181333
3751,0.00026403333
3752,0.00039603334
3753,0.0038988001
3754,0.0062785344
3755,0.004224533
3756,0.0007301334
3757,0.00039603334
3758,0.0004033333
3759,0.0038307
3760,0.0069311997
3761,0.006630534
3762,4.32e-05
3763,3.8533333e-05
3764,1.3333334e-05
3765,4.8000006e-06
3766,2.0833337e-05
3767,0.0003333334
3768,5.8800008e-05
3769,0.0004485333
3770,0.0006256333
3771,1.2000002e-06
3772,6.533333e-06
3773,1.9200002e-05
3774,0.00022963336
3775,0.0004181333
3776,0.00031363333
3777,5.6033343e-05
3778,5.8800008e-05
3779,0.0005720334
3780,0.00010453333
3781,0.0011041333
3782,0.00016803335
3783,0.0013467001
3784,0.0021845335
3785,0.0014840333
3786,0.00018253335
3787,0.00045630004
3788,0.0003605333
3789,0.00051253336
3790,0.005576033
3791,0.0110592
3792,0.0003888
3793,0.0017480336
3794,0.0019683002
3795,0.0006256333
3796,0.0001323
3797,0.0030200335
3798,0.00867
3799,0.013272034
3800,0.013020833
3801,0.00012403334
3802,8.533334e-06
3803,3.3333336e-08
3804,4.8133337e-05
3805,6.1633335e-05
3806,0.00013653334
3807,0.0019040334
3808,0.0047628004
3809,0.0069311997
3810,0.0072696335
3811,0.005824134
3812,0.0034347004
3813,0.0011163
3814,5.0700004e-05
3815,0.0013067999
3816,0.00039603334
3817,0.0006440333
3818,0.0010208334
3819,0.0013333336
3820,0.012854701
3821,0.021978134
3822,0.017763335
3823,0.0060776332
3824,0.00028213335
3825,0.0054675005
3826,0.0008533334
3827,0.007145634
3828,0.0008216334
3829,0.00063480006
3830,0.00059853337
3831,0.00048803337
3832,0.0003333334
3833,0.00017763334
3834,0.00086403335
3835,0.0006256333
3836,9.633333e-06
3837,4.0833336e-05
3838,4.0833336e-05
3839,2.8033332e-05
3840,0.00014520001
3841,0.000108299995
3842,1.2033334e-05
3843,6.533333e-06
3844,5.0700004e-05
3845,3.8533333e-05
3846,5.333334e-07
3847,0.00012
3848,3.8533333e-05
3849,0.0004033333
3850,0.0007803
3851,0.0007203
3852,0.00027603333
3853,3.0000004e-07
3854,0.0004033333
3855,0.00012813334
3856,0.0013872002
3857,0.00020280002
3858,0.00017763334
3859,0.00016803335
3860,0.0012675
3861,0.0015841334
3862,0.0006912
3863,3.2033335e-05
3864,0.0007203
3865,0.0017941332
3866,0.000112133326
3867,0.0008321334
3868,0.0016280335
3869,7.053334e-05
3870,3.8533333e-05
3871,2.43e-05
3872,5.633333e-06
3873,2.1333335e-06
3874,0.00020280002
3875,0.000116033334
3876,0.0014840333
3877,0.00022413337
3878,0.0015841334
3879,0.0020833337
3880,0.00086403335
3881,7.3633346e-05
3882,0.0017633336
3883,0.0047376333
3884,0.00029453338
3885,0.00016333334
3886,9.363332e-05
3887,0.00032669998
3888,2.6133332e-05
3889,0.00051253336
3890,0.0027075
3891,0.004712534
3892,9.363332e-05
3893,8.670001e-05
3894,7.053334e-05
3895,0.0014981332
3896,0.0049152006
3897,0.008068801
3898,0.00025813334
3899,8.333335e-05
3900,2.0833337e-05
3901,3.3333336e-06
3902,0.00049613335
3903,0.0029205335
3904,0.007489201
3905,0.011564034
3906,0.0116427
3907,0.0068705333
3908,0.0011781335
3909,0.0009075
3910,0.0095052
3911,0.0017480336
3912,0.017280001
3913,0.0357075
3914,0.0014008334
3915,0.00056333333
3916,0.00028829998
3917,6.1633335e-05
3918,7.5e-06
3919,0.00097470003
3920,0.005018133
3921,0.00080083334
3922,0.0008748
3923,0.0009408001
3924,0.007648034
3925,0.0100467
3926,1.08e-05
3927,0.00015870002
3928,0.0033075
3929,0.009612301
3930,0.014126699
3931,0.012525634
3932,0.0062208
3933,0.00086403335
3934,0.00051253336
3935,0.0041536335
3936,0.007808534
3937,0.00867
3938,0.00018750002
3939,0.0012033334
3940,0.00020803335
3941,0.0018881336
3942,0.00017763334
3943,0.00086403335
3944,0.0006533334
3945,2.6133332e-05
3946,0.00014963334
3947,0.00025813334
3948,0.0003333334
3949,0.0031008334
3950,0.005018133
3951,7.680001e-05
3952,9.363332e-05
3953,3.3333336e-06
3954,0.00014963334
3955,0.0007905334
3956,0.0016576335
3957,0.0021675
3958,5.3333337e-05
3959,2.0833337e-05
3960,0.00013653334
3961,1.2000002e-06
3962,1.3333334e-05
3963,2.6133332e-05
3964,5.3333337e-05
3965,8.0033344e-05
3966,0.0007905334
3967,7.680001e-05
3968,0.0004408334
3969,0.0005720334
3970,4.0333334e-06
3971,2.7e-06
3972,2.7e-06
3973,1.6333332e-06
3974,3.6300004e-05
3975,9.633333e-06
3976,5.633333e-06
3977,1.3333334e-07
3978,5.0700004e-05
3979,8.670001e-05
3980,0.00022413337
3981,0.0004033333
3982,0.0005208334
3983,0.0046127997
3984,0.006453333
3985,0.0030000003
3986,5.333334e-07
3987,0.0039445334
3988,0.0011041333
3989,0.010010133
3990,0.017909633
3991,0.0004408334
3992,0.00010453333
3993,3.8533333e-05
3994,6.533333e-06
3995,3.0000004e-07
3996,0.00014083333
3997,8.333335e-05
3998,0.0011781335
3999,0.00024653334
4000,0.00029453338
4001,0.00036750003
4002,0.00039603334
4003,0.0033496334
4004,0.004838701
4005,0.0028227004
4006,0.00025813334
4007,0.0008427
4008,0.0046127997
4009,0.008233634
4010,0.00032013337
4011,0.0018723003
4012,0.0031827001
4013,0.0028616334
4014,7.5e-06
4015,3.3333336e-06
4016,1.2033334e-05
4017,2.6133332e-05
4018,0.00038163335
4019,8.333335e-05
4020,0.000112133326
4021,0.0014008334
4022,0.0032656335
4023,0.004224533
4024,0.00010083333
4025,0.0004720334
4026,2.6133332e-05
4027,6.4533335e-05
4028,3.3333336e-08
4029,6.4533335e-05
4030,0.00016803335
4031,0.00029453338
4032,0.00039603334
4033,0.0004408334
4034,0.0038081335
4035,0.0056033335
4036,0.0033285336
4037,4.32e-05
4038,0.0016428002
4039,0.0048896335
4040,0.007363334
4041,0.0002187
4042,0.0009408001
4043,0.0009861334
4044,0.00018750002
4045,0.000116033334
4046,0.0021000335
4047,0.00036750003
4048,0.00030083334
4049,0.00022413337
4050,0.0012936335
4051,0.0010561333
4052,9.363332e-05
4053,0.0003888
4054,0.00015870002
4055,0.00010453333
4056,0.00058080006
4057,6.533333e-06
4058,1.08e-05
4059,0.00016803335
4060,2.8033332e-05
4061,0.00016803335
4062,0.00014963334
4063,2.1333335e-06
4064,1.4700002e-05
4065,0.00018253335
4066,0.00034680005
4067,8.533334e-06
4068,4.0333334e-06
4069,5.3333337e-05
4070,1.9200002e-05
4071,0.00028213335
4072,0.0007701334
4073,4.8133337e-05
4074,0.00019253335
4075,7.053334e-05
4076,5.3333337e-05
4077,0.00020280002
4078,0.0029800336
4079,0.00049613335
4080,0.0037856335
4081,0.0056033335
4082,3.4133336e-05
4083,3.8533333e-05
4084,0.00080083334
4085,0.0028227004
4086,0.00032669998
4087,0.0030401333
4088,0.0004033333
4089,0.0030805336
4090,0.0049665337
4091,6.7500005e-05
4092,3.3333336e-08
4093,0.00015413333
4094,0.00014083333
4095,0.0022188004
4096,0.0004720334
4097,0.0005208334
4098,0.0005720334
4099,0.005018133
4100,0.00768
4101,7.680001e-05
4102,1.6333332e-06
4103,0.00023520003
4104,0.00014963334
4105,0.00028829998
4106,0.00046413334
4107,0.00061653333
4108,0.0006816333
4109,0.00063480006
4110,0.004838701
4111,0.006192034
4112,0.0027840333
4113,0.00013653334
4114,0.0034561334
4115,0.00075000006
4116,0.007332033
4117,0.014564034
4118,0.00048803337
4119,0.0018408335
4120,2.0833337e-05
4121,7.053334e-05
4122,0.0013736334
4123,0.00046413334
4124,0.0051483
4125,0.0106032
4126,0.0106032
4127,0.005174534
4128,0.00039603334
4129,0.0014008334
4130,0.00071053335
4131,0.0008321334
4132,0.0085683
4133,0.0165675
4134,0.0168507
4135,0.00012
4136,6.7500005e-05
4137,8.533334e-06
4138,0.00048803337
4139,0.0020336334
4140,0.0042008334
4141,0.0055216337
4142,0.0049665337
4143,4.0833336e-05
4144,5.633333e-06
4145,3.4133336e-05
4146,1.08e-05
4147,5.3333337e-05
4148,9.0133326e-05
4149,0.0015987
4150,0.0047628004
4151,0.0075842994
4152,0.0075525343
4153,0.004344034
4154,0.0007701334
4155,0.00020280002
4156,0.0032656335
4157,0.0005208334
4158,0.004440834
4159,0.00049613335
4160,0.0036963
4161,0.006630534
4162,0.00024653334
4163,0.00015870002
4164,0.0015841334
4165,0.0026508
4166,0.0016576335
4167,5.8800008e-05
4168,0.0016428002
4169,0.008233634
4170,0.016520534
4171,0.020176135
4172,0.0157323
4173,2.0833337e-05
4174,0.00019763334
4175,0.0015265334
4176,0.004637634
4177,0.008978699
4178,0.0124848
4179,0.012730801
4180,0.0092225345
4181,2.2533332e-05
4182,2.7e-06
4183,7.053334e-05
4184,0.00034680005
4185,0.0010325334
4186,0.0022533333
4187,0.00024083335
4188,0.0027840333
4189,0.0005461334
4190,0.0006075001
4191,0.0058800005
4192,0.009684034
4193,0.006630534
4194,0.0010092
4195,0.0011408334
4196,0.008772301
4197,0.016803334
4198,0.017232034
4199,0.00012813334
4200,0.000108299995
4201,1.6133334e-05
4202,1.3333334e-05
4203,0.00022413337
4204,4.5633336e-05
4205,5.6033343e-05
4206,9.0133326e-05
4207,0.00013653334
4208,0.0015696336
4209,0.0032240332
4210,0.0033075
4211,0.0016875002
4212,0.00014963334
4213,0.0004720334
4214,0.0026320333
4215,0.00028829998
4216,0.0022707
4217,0.0040136334
4218,0.0035425334
4219,4.0333334e-06
4220,1.9200002e-05
4221,0.00038163335
4222,0.000108299995
4223,0.00015870002
4224,0.0018408335
4225,0.0036741337
4226,0.000112133326
4227,0.00035363334
4228,0.00022413337
4229,1.4700002e-05
4230,0.0004408334
4231,0.0013601334
4232,0.0021168
4233,7.3633346e-05
4234,4.0833336e-05
4235,0.00036750003
4236,2.6133332e-05
4237,5.633333e-06
4238,4.8000006e-06
4239,7.5e-06
4240,3e-05
4241,0.00045630004
4242,8.670001e-05
4243,0.0007803
4244,0.0015265334
4245,0.0015841334
4246,1.2033334e-05
4247,6.533333e-06
4248,4.8000006e-06
4249,0.00019253335
4250,0.00010083333
4251,0.00019253335
4252,0.00030083334
4253,0.0030805336
4254,0.005174534
4255,5.8800008e-05
4256,5.633333e-06
4257,0.0004181333
4258,0.0019683002
4259,0.00027603333
4260,0.0023763
4261,0.00022413337
4262,0.0011531999
4263,0.0010443002
4264,1.08e-05
4265,0.000116033334
4266,0.0017941332
4267,0.0045880335
4268,0.00028213335
4269,0.0017025335
4270,0.0022881336
4271,0.0010680334
4272,3.3333336e-08
4273,0.0015841334
4274,0.00045630004
4275,0.0042483
4276,0.0075842994
4277,0.006453333
4278,0.0023056336
4279,4.0333334e-06
4280,0.0003333334
4281,0.0037856335
4282,0.0071147997
4283,0.00020803335
4284,6.7500005e-05
4285,0.0004181333
4286,1.2033334e-05
4287,8.533334e-06
4288,6.533333e-06
4289,7.680001e-05
4290,7.5e-06
4291,3e-05
4292,3.3333336e-08
4293,1.9200002e-05
4294,8.333335e-05
4295,7.5e-06
4296,4.32e-05
4297,5.3333337e-05
4298,2.6133332e-05
4299,4.8000006e-06
4300,3.3333336e-08
4301,3.3333336e-08
4302,3.3333336e-08
4303,1.6333332e-06
4304,7.680001e-05
4305,0.00041070004
4306,9.363332e-05
4307,0.0001323
4308,0.00015870002
4309,0.0012936335
4310,0.0015265334
4311,0.00039603334
4312,0.00022963336
4313,0.00036750003
4314,0.0042721336
4315,0.008602134
4316,0.0084672
4317,2.8033332e-05
4318,2.6133332e-05
4319,0.0003888
4320,0.00010453333
4321,0.0011907001
4322,0.0027075
4323,0.0034133336
4324,8.333335e-05
4325,0.0004720334
4326,0.00097470003
4327,0.0011531999
4328,0.00081120007
4329,3.0000004e-07
4330,2.8033332e-05
4331,9.0133326e-05
4332,0.0015265334
4333,0.0003888
4334,0.0042721336
4335,0.0092225345
4336,0.0003745333
4337,0.0015987
4338,2.2533332e-05
4339,4.5633336e-05
4340,0.00020280002
4341,0.00049613335
4342,0.0063365335
4343,0.013146134
4344,0.0004033333
4345,0.0011531999
4346,0.00051253336
4347,9.72e-05
4348,0.0024843
4349,0.006660301
4350,0.008704035
4351,0.0065712007
4352,0.0024843
4353,9.363332e-05
4354,0.0007400333
4355,0.0026885336
4356,0.00017763334
4357,0.0012545333
4358,0.0024661333
4359,0.00012813334
4360,0.000112133326
4361,0.00014083333
4362,0.0013601334
4363,0.0023408332
4364,0.0019040334
4365,0.0006816333
4366,5.633333e-06
4367,8.0033344e-05
4368,0.0009296334
4369,0.0020008332
4370,0.0025761332
4371,9.363332e-05
4372,0.00080083334
4373,0.0020008332
4374,0.0027840333
4375,0.0023408332
4376,0.00097470003
4377,1.2033334e-05
4378,0.00086403335
4379,0.0037185336
4380,0.0072696335
4381,0.00045630004
4382,0.00363
4383,0.0070840325
4384,0.006810134
4385,0.0029403002
4386,0.00010453333
4387,0.0027648
4388,0.007648034
4389,0.011213333
4390,0.0106408335
4391,0.006453333
4392,0.0
4393,0.00020803335
4394,0.00061653333
4395,0.0010443002
4396,0.0014008334
4397,0.0016576335
4398,7.3633346e-05
4399,8.333335e-05
4400,0.0009976333
4401,0.000116033334
4402,0.0006912
4403,0.0007301334
4404,0.00018253335
4405,4.5633336e-05
4406,0.00081120007
4407,0.0018881336
4408,9.363332e-05
4409,5.6033343e-05
4410,0.00051253336
4411,4.32e-05
4412,0.00020803335
4413,0.00015870002
4414,5.333334e-07
4415,0.00032669998
4416,0.00013653334
4417,0.00016803335
4418,0.0015552
4419,0.000108299995
4420,0.00035363334
4421,0.00013653334
4422,2.8033332e-05
4423,0.0005292
4424,0.0010680334
4425,0.0009185334
4426,3.3333336e-08
4427,3.4133336e-05
4428,1.6333332e-06
4429,3.3333336e-06
4430,0.00019253335
4431,0.00088563334
4432,0.0017633336
4433,0.0017786999
4434,0.00063480006
4435,0.00010083333
4436,0.0025761332
4437,0.0082668
4438,0.013953634
4439,0.015052802
4440,0.00017763334
4441,1.08e-05
4442,1.6333332e-06
4443,0.00010083333
4444,0.0023585334
4445,0.007938134
4446,0.013953634
4447,0.00063480006
4448,0.0040368
4449,0.0064240335
4450,0.0044652
4451,0.00070083333
4452,0.0008533334
4453,0.0071147997
4454,0.015232534
4455,0.0007803
4456,0.0048133335
4457,0.007394701
4458,0.0051483
4459,8.533334e-06
4460,0.000116033334
4461,0.0013067999
4462,0.0023056336
4463,4.32e-05
4464,9.0133326e-05
4465,2.1333335e-06
4466,2.43e-05
4467,2.0833337e-05
4468,5.8800008e-05
4469,0.0008965335
4470,0.0021675
4471,0.0025761332
4472,0.0016576335
4473,0.0004181333
4474,6.533333e-06
4475,0.00043319998
4476,5.8800008e-05
4477,0.0004485333
4478,7.3633346e-05
4479,0.00012403334
4480,0.0002523
4481,0.0033075
4482,0.0074261334
4483,0.008233634
4484,4.32e-05
4485,1.9200002e-05
4486,0.000108299995
4487,0.0019040334
4488,0.005122134
4489,0.0069311997
4490,0.00013653334
4491,0.0004181333
4492,0.0003888
4493,3.0000004e-07
4494,8.0033344e-05
4495,0.0003333334
4496,5.0700004e-05
4497,0.0005547001
4498,0.0012936335
4499,0.0015987
4500,2.0833337e-05
4501,2.6133332e-05
4502,3.0000004e-07
4503,6.4533335e-05
4504,0.00025813334
4505,0.00039603334
4506,7.5e-06
4507,2.1333335e-06
4508,4.0333334e-06
4509,7.680001e-05
4510,0.00030083334
4511,0.0006075001
4512,0.0006816333
4513,0.00028213335
4514,2.2533332e-05
4515,0.00020280002
4516,0.0031212
4517,0.0005547001
4518,0.004344034
4519,0.0062208
4520,0.0030401333
4521,4.0333334e-06
4522,0.0038533336
4523,0.013146134
4524,0.018800035
4525,0.00034680005
4526,5.0700004e-05
4527,0.00010453333
4528,7.5e-06
4529,0.0006533334
4530,0.0023232002
4531,0.00020803335
4532,0.0014840333
4533,0.00012
4534,5.8800008e-05
4535,0.00034680005
4536,0.00036750003
4537,0.00012813334
4538,3.3333336e-08
4539,9.72e-05
4540,0.00022413337
4541,6.533333e-06
4542,2.6133332e-05
4543,3.3333336e-06
4544,6.533333e-06
4545,1.4700002e-05
4546,0.00018750002
4547,0.00042563336
4548,1.7633334e-05
4549,8.0033344e-05
4550,9.0133326e-05
4551,3.0000004e-07
4552,1.3333334e-07
4553,4.8000006e-06
4554,3.6300004e-05
4555,0.00010453333
4556,0.00014083333
4557,6.4533335e-05
4558,1.2033334e-05
4559,0.0003745333
4560,0.0013601334
4561,0.00015413333
4562,0.0012675
4563,0.0021168
4564,2.6133332e-05
4565,5.633333e-06
4566,5.8800008e-05
4567,0.0004033333
4568,0.0008533334
4569,0.00097470003
4570,0.0006627
4571,0.00024653334
4572,8.333334e-07
4573,6.533333e-06
4574,1.2000002e-06
4575,5.3333337e-05
4576,0.00015413333
4577,0.00016803335
4578,3.3333336e-08
4579,3.6300004e-05
4580,0.00019253335
4581,0.0004485333
4582,0.0006721334
4583,3e-05
4584,0.0002523
4585,4.5633336e-05
4586,0.0004720334
4587,6.1633335e-05
4588,0.0004033333
4589,0.00045630004
4590,8.670001e-05
4591,0.00016803335
4592,0.0014840333
4593,0.0034347004
4594,0.0042483
4595,5.8800008e-05
4596,2.1333335e-06
4597,4.8000006e-06
4598,0.00016803335
4599,0.0006721334
4600,0.0012288002
4601,0.0012675
4602,0.00070083333
4603,3.3333336e-06
4604,0.00014963334
4605,0.0003605333
4606,1.6133334e-05
4607,8.670001e-05
4608,6.533333e-06
4609,4.0333334e-06
4610,4.0333334e-06
4611,3.6300004e-05
4612,6.1633335e-05
4613,4.0833336e-05
4614,3.3333336e-06
4615,7.5e-06
4616,0.00012403334
4617,2.2533332e-05
4618,0.00018253335
4619,1.08e-05
4620,8.333334e-07
4621,4.8000006e-06
4622,1.7633334e-05
4623,0.00030083334
4624,5.8800008e-05
4625,5.3333337e-05
4626,4.32e-05
4627,2.43e-05
4628,9.363332e-05
4629,2.43e-05
4630,1.7633334e-05
4631,0.00036750003
4632,8.333335e-05
4633,0.00081120007
4634,0.0016428002
4635,0.0017025335
4636,8.533334e-06
4637,4.0333334e-06
4638,0.00016333334
4639,0.0007803
4640,0.0019360333
4641,0.0030805336
4642,0.00012403334
4643,0.0006440333
4644,0.00075000006
4645,0.00019253335
4646,6.4533335e-05
4647,0.0012416334
4648,0.00021333335
4649,0.0016133332
4650,0.0023941335
4651,0.0014700001
4652,0.00021333335
4653,0.00014520001
4654,0.0009408001
4655,5.0700004e-05
4656,0.00016333334
4657,0.000108299995
4658,1.7633334e-05
4659,3.3333336e-08
4660,8.333334e-07
4661,1.3333334e-05
4662,0.00022413337
4663,3e-05
4664,0.000116033334
4665,1.6133334e-05
4666,0.00018750002
4667,0.0012288002
4668,0.0025208336
4669,0.0025025331
4670,0.0009520334
4671,2.0833337e-05
4672,0.0022016333
4673,0.0070227003
4674,0.01083
4675,0.010304533
4676,7.053334e-05
4677,3.6300004e-05
4678,1.2033334e-05
4679,7.3633346e-05
4680,0.00020803335
4681,0.0032033334
4682,0.008772301
4683,0.013272034
4684,0.013356299
4685,0.00015870002
4686,2.2533332e-05
4687,4.32e-05
4688,5.6033343e-05
4689,0.0013200332
4690,0.0051483
4691,0.010490701
4692,0.013738802
4693,0.0122412015
4694,0.006900834
4695,0.0016428002
4696,5.0700004e-05
4697,0.0024661333
4698,0.0063074995
4699,0.008602134
4700,0.008101633
4701,0.005685634
4702,0.0030000003
4703,6.533333e-06
4704,3.8533333e-05
4705,0.00027603333
4706,0.0007600333
4707,0.0011041333
4708,0.0008427
4709,2.7e-06
4710,0.0003745333
4711,0.00021333335
4712,0.0032865335
4713,0.009257633
4714,0.0141701335
4715,0.013824534
4716,0.008233634
4717,0.00192
4718,0.00022963336
4719,0.0005208334
4720,0.0061061336
4721,0.013568133
4722,0.0007701334
4723,0.0055216337
4724,0.010304533
4725,0.010156801
4726,0.0052008326
4727,0.0005547001
4728,0.0009861334
4729,0.0006627
4730,0.0067200335
4731,0.013146134
4732,0.013314134
4733,0.0075208335
4734,0.0015265334
4735,0.00015870002
4736,0.0003745333
4737,0.00041070004
4738,0.0038760337
4739,0.0070840325
4740,0.006961634
4741,5.3333337e-05
4742,2.7e-06
4743,2.1333335e-06
4744,3.2033335e-05
4745,0.0004033333
4746,0.0014145334
4747,0.0001728
4748,0.0014840333
4749,0.0025392002
4750,0.0018565333
4751,0.00031363333
4752,0.00014520001
4753,0.0025576334
4754,0.00050430006
4755,0.0005720334
4756,0.00070083333
4757,0.0007301334
4758,0.0058520334
4759,0.007648034
4760,4.0333334e-06
4761,0.0007803
4762,0.0005461334
4763,0.007363334
4764,0.017184133
4765,0.020072533
4766,0.012444034
4767,4.0833336e-05
4768,0.0028227004
4769,0.0008427
4770,0.009648133
4771,0.022413334
4772,0.028582536
4773,0.022908034
4774,5.8800008e-05
4775,4.8133337e-05
4776,0.00080083334
4777,0.0032240332
4778,0.00768
4779,0.0124848
4780,0.00059853337
4781,0.0039675003
4782,0.006365634
4783,0.0044165333
4784,0.0007905334
4785,0.00043319998
4786,0.0040600337
4787,0.00045630004
4788,0.0032033334
4789,0.0053067002
4790,0.0048133335
4791,0.0027265332
4792,0.00088563334
4793,6.533333e-06
4794,9.0133326e-05
4795,0.00012
4796,4.8000006e-06
4797,1.08e-05
4798,3.4133336e-05
4799,0.0005547001
4800,0.000116033334
4801,0.0001323
4802,0.0013736334
4803,0.0025947
4804,0.0024843
4805,0.0012416334
4806,0.00016333334
4807,5.6033343e-05
4808,9.363332e-05
4809,0.000108299995
4810,0.000116033334
4811,0.0010680334
4812,0.0018096336
4813,0.0015987
4814,6.533333e-06
4815,4.0333334e-06
4816,1.3333334e-05
4817,6.533333e-06
4818,0.00012
4819,0.0003888
4820,0.0006627
4821,2.6133332e-05
4822,9.633333e-06
4823,1.2000002e-06
4824,1.7633334e-05
4825,0.0003605333
4826,0.0016280335
4827,0.0037408334
4828,0.0055216337
4829,0.0054136333
4830,4.32e-05
4831,1.6133334e-05
4832,2.0833337e-05
4833,0.0006721334
4834,0.0026696336
4835,0.0003888
4836,0.00048
4837,0.0006256333
4838,0.0060492004
4839,0.0005547001
4840,0.00027000002
4841,0.00012403334
4842,0.00039603334
4843,1.08e-05
4844,0.0001323
4845,0.0022016333
4846,0.0056033335
4847,0.00030083334
4848,0.00014083333
4849,0.0007905334
4850,0.0005292
4851,3.8533333e-05
4852,0.0010920333
4853,0.00024083335
4854,0.0020336334
4855,0.00016333334
4856,0.0007203
4857,0.00058963336
4858,5.633333e-06
4859,0.00026403333
4860,0.00071053335
4861,3.4133336e-05
4862,0.00014520001
4863,0.00013653334
4864,2.0833337e-05
4865,1.9200002e-05
4866,5.0700004e-05
4867,9.0133326e-05
4868,0.0010920333
4869,0.0022360333
4870,0.0021168
4871,0.0007600333
4872,8.0033344e-05
4873,0.0019521335
4874,0.0004720334
4875,0.00056333333
4876,0.0054945336
4877,0.0004720334
4878,0.0021505335
4879,2.6133332e-05
4880,4.32e-05
4881,0.0010092
4882,0.00031363333
4883,0.0034133336
4884,0.0069921343
4885,0.0069921343
4886,2.2533332e-05
4887,6.1633335e-05
4888,0.000116033334
4889,0.0020501334
4890,0.0061633335
4891,0.010010133
4892,0.010453334
4893,0.0068705333
4894,0.0020667
4895,2.1333335e-06
4896,0.00036750003
4897,0.00056333333
4898,0.0007600333
4899,0.0083667
4900,0.017376136
4901,0.020020833
4902,0.0003333334
4903,0.0012160332
4904,0.0014560336
4905,5.333334e-07
4906,0.000116033334
4907,0.0026133335
4908,0.008738134
4909,0.0009075
4910,0.0008427
4911,0.007744133
4912,0.012040033
4913,0.0077120336
4914,0.0010092
4915,0.0015265334
4916,0.0011531999
4917,0.0014008334
4918,0.014083334
4919,0.025696134
4920,0.0006912
4921,0.0023585334
4922,0.0020833337
4923,1.08e-05
4924,0.00086403335
4925,0.00027000002
4926,0.0028033333
4927,0.0056581334
4928,0.005936133
4929,0.003586134
4930,0.0009861334
4931,5.333334e-07
4932,0.00010083333
4933,0.00012
4934,0.0011907001
4935,0.0024661333
4936,0.0029800336
4937,0.0025208336
4938,0.0015408334
4939,0.0006533334
4940,0.0001728
4941,2.8033332e-05
4942,7.5e-06
4943,1.4700002e-05
4944,2.2533332e-05
4945,3.0000004e-07
4946,0.00015870002
4947,0.0011656334
4948,0.0036080335
4949,0.0004408334
4950,0.0041772006
4951,0.008134534
4952,0.007394701
4953,0.0027075
4954,4.8000006e-06
4955,0.0037185336
4956,0.011682134
4957,0.017520832
4958,0.016898133
4959,0.01083
4960,0.0039445334
4961,5.6033343e-05
4962,0.00017763334
4963,0.0022016333
4964,0.0004408334
4965,0.004838701
4966,0.011446534
4967,0.014829634
4968,0.011920135
4969,0.0052271998
4970,6.1633335e-05
4971,0.0017176333
4972,0.00029453338
4973,0.0025761332
4974,0.004838701
4975,0.00016333334
4976,0.0007905334
4977,6.1633335e-05
4978,0.00041070004
4979,0.0007600333
4980,3.6300004e-05
4981,0.00028829998
4982,0.0006440333
4983,0.00081120007
4984,0.00061653333
4985,0.00021333335
4986,8.333334e-07
4987,0.00036750003
4988,0.0013736334
4989,0.0026508
4990,0.0035643002
4991,0.0036080335
4992,5.8800008e-05
4993,0.00023520003
4994,0.0002523
4995,3.4133336e-05
4996,0.00018750002
4997,0.0014008334
4998,0.00024083335
4999,0.0022881336
5000,0.0043923
5001,0.00012813334
5002,3.2033335e-05
5003,0.00014520001
5004,8.0033344e-05
5005,6.533333e-06
5006,0.00014963334
5007,2.8033332e-05
5008,0.00025813334
5009,0.0005547001
5010,0.0007400333
5011,0.0007803
5012,0.0007203
5013,1.3333334e-05
5014,6.1633335e-05
5015,4.32e-05
5016,1.3333334e-05
5017,0.0005208334
5018,0.0021845335
5019,0.0045633335
5020,0.0058520334
5021,0.00010453333
5022,0.00019253335
5023,1.2033334e-05
5024,0.00081120007
5025,0.0037856335
5026,0.0005720334
5027,0.005253634
5028,0.009434134
5029,0.0075525343
5030,6.533333e-06
5031,0.0013601334
5032,0.00048803337
5033,0.005548801
5034,0.00080083334
5035,0.006192034
5036,0.0100833345
5037,0.007648034
5038,1.2000002e-06
5039,0.0006912
5040,0.0025208336
5041,0.0045141336
5042,0.0054945336
5043,0.00015413333
5044,0.00010083333
5045,0.000116033334
5046,0.0009520334
5047,0.0011907001
5048,3.3333336e-08
5049,0.00022963336
5050,0.0012033334
5051,0.00019763334
5052,0.0019360333
5053,0.0038988001
5054,0.003921633
5055,1.3333334e-05
5056,1.7633334e-05
5057,0.00028213335
5058,0.0009861334
5059,0.0019040334
5060,0.0024300003
5061,0.0021505335
5062,0.0012033334
5063,0.00028829998
5064,2.6133332e-05
5065,0.0004408334
5066,7.680001e-05
5067,0.0007301334
5068,0.0015987
5069,9.363332e-05
5070,0.00070083333
5071,0.0013601334
5072,0.0014008334
5073,0.0007905334
5074,0.00013653334
5075,3.4133336e-05
5076,0.00056333333
5077,0.00010083333
5078,0.000116033334
5079,0.0013067999
5080,0.0027265332
5081,0.0030805336
5082,0.0021505335
5083,0.0007803
5084,1.9200002e-05
5085,6.1633335e-05
5086,0.0008321334
5087,0.0022360333
5088,0.0002187
5089,0.00025813334
5090,0.0029601331
5091,0.0057131997
5092,0.0001323
5093,0.00020803335
5094,1.6333332e-06
5095,0.0009861334
5096,0.00041070004
5097,0.0005292
5098,0.0005461334
5099,0.00041070004
5100,0.00019763334
5101,0.0006627
5102,0.00012813334
5103,0.000112133326
5104,0.0017327999
5105,0.0002187
5106,0.0001323
5107,0.0008321334
5108,2.43e-05
5109,1.9200002e-05
5110,2.43e-05
5111,0.0003745333
5112,0.00010453333
5113,0.00014520001
5114,0.00018750002
5115,0.0017327999
5116,0.00012
5117,0.00039603334
5118,0.00014083333
5119,8.333335e-05
5120,0.0011656334
5121,0.00020280002
5122,0.0017176333
5123,0.00016333334
5124,0.0009408001
5125,0.0012033334
5126,0.00059853337
5127,1.6133334e-05
5128,0.00046413334
5129,0.000112133326
5130,0.00014083333
5131,0.0015987
5132,0.0033075
5133,0.003586134
5134,3.8533333e-05
5135,4.0333334e-06
5136,8.333334e-07
5137,2.7e-06
5138,0.000112133326
5139,0.0006533334
5140,0.00016333334
5141,0.0020008332
5142,0.00035363334
5143,0.0029205335
5144,0.004712534
5145,0.0032033334
5146,2.0833337e-05
5147,0.0011408334
5148,0.00031363333
5149,0.0032448003
5150,0.0068705333
5151,0.007970701
5152,0.0059643
5153,0.0027456335
5154,0.0004720334
5155,8.333335e-05
5156,0.0014008334
5157,0.00030720004
5158,0.0036520334
5159,0.009434134
5160,0.013781635
5161,0.01323
5162,0.007905634
5163,0.0020008332
5164,0.00017763334
5165,0.0031621335
5166,0.0077120336
5167,0.0005461334
5168,0.0046875
5169,0.010230534
5170,0.0005461334
5171,0.0003605333
5172,0.00030720004
5173,0.0020501334
5174,0.00192
5175,0.00024083335
5176,0.00024083335
5177,0.0036963
5178,0.008233634
5179,0.00035363334
5180,0.0001728
5181,0.00013653334
5182,0.0009296334
5183,3.6300004e-05
5184,4.8133337e-05
5185,1.2033334e-05
5186,7.3633346e-05
5187,0.0011781335
5188,0.0029601331
5189,0.00015870002
5190,0.0007701334
5191,1.9200002e-05
5192,1.3333334e-07
5193,3.8533333e-05
5194,0.00070083333
5195,0.0017941332
5196,0.0021675
5197,1.9200002e-05
5198,8.533334e-06
5199,6.533333e-06
5200,1.4700002e-05
5201,2.6133332e-05
5202,0.00030083334
5203,4.32e-05
5204,0.00038163335
5205,5.3333337e-05
5206,0.00046413334
5207,0.0009408001
5208,0.0010325334
5209,0.00061653333
5210,8.333335e-05
5211,0.00016803335
5212,0.0014421332
5213,0.0036963
5214,0.005685634
5215,0.005824134
5216,0.003586134
5217,8.533334e-06
5218,0.00081120007
5219,0.00029453338
5220,0.0004485333
5221,0.00061653333
5222,0.0006627
5223,0.005548801
5224,0.008036033
5225,0.0049922997
5226,1.9200002e-05
5227,0.00014520001
5228,0.0016576335
5229,0.0035425334
5230,0.00019763334
5231,0.0015265334
5232,0.0031008334
5233,0.000116033334
5234,0.0004181333
5235,0.00018253335
5236,0.000108299995
5237,0.0020008332
5238,0.0059080343
5239,0.008840834
5240,0.0075842994
5241,4.8000006e-06
5242,0.00034003335
5243,0.0021505335
5244,0.0056581334
5245,0.0005292
5246,0.0045880335
5247,0.008534533
5248,0.0075208335
5249,5.333334e-07
5250,0.0005720334
5251,0.0027265332
5252,0.005768533
5253,0.0003605333
5254,0.0026133335
5255,0.0045141336
5256,9.363332e-05
5257,0.00020803335
5258,8.333335e-05
5259,1.7633334e-05
5260,0.0004181333
5261,0.0011781335
5262,9.72e-05
5263,0.0007905334
5264,0.0015123001
5265,5.0700004e-05
5266,0.0002187
5267,7.5e-06
5268,1.6133334e-05
5269,1.3333334e-07
5270,1.2000002e-06
5271,1.4700002e-05
5272,3.6300004e-05
5273,4.8000006e-06
5274,7.053334e-05
5275,0.00026403333
5276,0.0005376334
5277,0.0006912
5278,0.00051253336
5279,0.00012403334
5280,3.6300004e-05
5281,8.0033344e-05
5282,0.0008965335
5283,0.00010083333
5284,0.00056333333
5285,0.0005547001
5286,0.000108299995
5287,0.00010453333
5288,0.00086403335
5289,0.0015696336
5290,0.0013467001
5291,0.0004408334
5292,1.2033334e-05
5293,0.0009185334
5294,0.0027840333
5295,0.0042721336
5296,0.0042483
5297,0.0026320333
5298,0.0006627
5299,4.32e-05
5300,0.00022963336
5301,0.0029205335
5302,0.0065416335
5303,0.007744133
5304,0.0053868005
5305,3.0000004e-07
5306,0.00018253335
5307,0.00056333333
5308,0.0007400333
5309,0.00049613335
5310,0.000116033334
5311,8.533334e-06
5312,0.00015413333
5313,2.7e-06
5314,8.533334e-06
5315,6.1633335e-05
5316,0.0011408334
5317,0.0031008334
5318,0.00017763334
5319,0.0008533334
5320,0.0007301334
5321,3.8533333e-05
5322,0.0006721334
5323,0.0033075
5324,0.0059080343
5325,0.0059925327
5326,0.0034347004
5327,5.633333e-06
5328,6.4533335e-05
5329,9.0133326e-05
5330,0.00012
5331,0.00014963334
5332,0.0014700001
5333,0.00016333334
5334,0.0011531999
5335,0.0018723003
5336,0.0015987
5337,0.00071053335
5338,8.670001e-05
5339,4.8133337e-05
5340,3.4133336e-05
5341,0.00030720004
5342,0.00063480006
5343,0.0008533334
5344,0.0009520334
5345,0.0009185334
5346,0.0007301334
5347,0.00036750003
5348,3.2033335e-05
5349,4.5633336e-05
5350,0.0008216334
5351,0.0022533333
5352,0.0032448003
5353,0.0028033333
5354,0.0012288002
5355,6.1633335e-05
5356,0.00045630004
5357,0.00018253335
5358,0.0016725332
5359,0.00017763334
5360,0.0012416334
5361,0.000112133326
5362,0.0007400333
5363,0.0012288002
5364,0.0010920333
5365,0.00048
5366,1.08e-05
5367,0.00034003335
5368,0.0011163
5369,0.00013653334
5370,0.0014421332
5371,0.0033075
5372,0.0040600337
5373,5.6033343e-05
5374,2.7e-06
5375,4.0333334e-06
5376,4.8133337e-05
5377,0.00015870002
5378,0.0024661333
5379,0.00046413334
5380,0.0040600337
5381,0.0069921343
5382,0.0054675005
5383,0.0014700001
5384,0.00012
5385,0.0004720334
5386,0.0006075001
5387,0.0006912
5388,0.0007203
5389,0.00071053335
5390,0.0061633335
5391,0.009973634
5392,0.00017763334
5393,1.7633334e-05
5394,1.4700002e-05
5395,2.8033332e-05
5396,0.00080083334
5397,0.00024653334
5398,0.0026320333
5399,0.0051483
5400,0.0047376333
5401,2.7e-06
5402,0.00020803335
5403,0.0010561333
5404,0.0022188004
5405,0.0027648
5406,5.6033343e-05
5407,2.0833337e-05
5408,2.0833337e-05
5409,2.43e-05
5410,3.2033335e-05
5411,4.32e-05
5412,0.0004720334
5413,0.00086403335
5414,0.0006440333
5415,9.633333e-06
5416,0.00061653333
5417,0.0027265332
5418,0.0060492004
5419,0.008500834
5420,0.00768
5421,2.0833337e-05
5422,0.000108299995
5423,0.0013872002
5424,0.0050960337
5425,0.010565634
5426,0.014213634
5427,0.00038163335
5428,0.00014963334
5429,7.680001e-05
5430,0.00023520003
5431,1.6133334e-05
5432,0.0008533334
5433,0.0033285336
5434,0.0003888
5435,0.0032448003
5436,0.00034003335
5437,0.0021000335
5438,0.0026885336
5439,0.0013200332
5440,3e-05
5441,0.0007600333
5442,0.0017633336
5443,8.0033344e-05
5444,0.00045630004
5445,0.0008321334
5446,0.0010092
5447,0.0010443002
5448,0.0010325334
5449,3.6300004e-05
5450,3.6300004e-05
5451,3.8533333e-05
5452,2.2533332e-05
5453,6.7500005e-05
5454,6.533333e-06
5455,5.6033343e-05
5456,0.00013653334
5457,0.0018408335
5458,0.004344034
5459,0.0002523
5460,0.00018253335
5461,0.00018750002
5462,0.0014981332
5463,0.0019521335
5464,0.0007600333
5465,9.0133326e-05
5466,0.0021845335
5467,0.006660301
5468,0.0006440333
5469,0.0055216337
5470,0.0107541345
5471,0.010304533
5472,0.0043681334
5473,2.8033332e-05
5474,0.0043200003
5475,0.0015123001
5476,0.0157323
5477,0.03201333
5478,0.033400033
5479,0.018700033
5480,0.0030805336
5481,0.0013872002
5482,0.0015552
5483,0.015549634
5484,0.029704534
5485,0.030528301
5486,0.019354803
5487,8.533334e-06
5488,0.00010083333
5489,0.00019253335
5490,0.00024653334
5491,0.00051253336
5492,0.0014700001
5493,0.00030083334
5494,0.0038988001
5495,0.009576534
5496,0.0118405325
5497,0.008003333
5498,0.0019683002
5499,0.00015870002
5500,0.0041536335
5501,0.009469633
5502,0.010906133
5503,0.007744133
5504,1.6133334e-05
5505,4.0333334e-06
5506,4.0833336e-05
5507,1.6133334e-05
5508,1.6133334e-05
5509,0.00010083333
5510,3.0000004e-07
5511,2.6133332e-05
5512,0.00019253335
5513,0.00046413334
5514,0.00058963336
5515,0.0004720334
5516,4.8000006e-06
5517,5.8800008e-05
5518,4.0833336e-05
5519,9.363332e-05
5520,0.0012675
5521,0.0026508
5522,0.0023408332
5523,0.0005720334
5524,0.00025813334
5525,0.0035425334
5526,0.008534533
5527,0.010490701
5528,0.0072385343
5529,0.0020172002
5530,4.0833336e-05
5531,0.0028616334
5532,0.006780033
5533,0.007394701
5534,0.0042721336
5535,8.533334e-06
5536,7.3633346e-05
5537,0.00075000006
5538,7.3633346e-05
5539,0.00043319998
5540,0.00056333333
5541,0.00028213335
5542,7.5e-06
5543,0.00022963336
5544,5.8800008e-05
5545,0.00061653333
5546,0.0013067999
5547,0.0014008334
5548,0.00075000006
5549,5.8800008e-05
5550,7.680001e-05
5551,0.0011041333
5552,0.00015870002
5553,0.0011285334
5554,7.053334e-05
5555,0.00027000002
5556,0.00020803335
5557,5.8800008e-05
5558,8.533334e-06
5559,3.6300004e-05
5560,0.00029453338
5561,0.0010208334
5562,0.00010453333
5563,0.0006627
5564,0.0006627
5565,1.4700002e-05
5566,0.00013653334
5567,0.0022533333
5568,0.005768533
5569,0.007394701
5570,0.0054675005
5571,8.333334e-07
5572,0.00018750002
5573,0.0007301334
5574,8.333335e-05
5575,9.363332e-05
5576,0.0010561333
5577,0.0022016333
5578,0.0024300003
5579,3.2033335e-05
5580,9.363332e-05
5581,0.00014083333
5582,0.0001323
5583,9.363332e-05
5584,1.6333332e-06
5585,4.0333334e-06
5586,1.08e-05
5587,0.00013653334
5588,0.00025813334
5589,0.00016803335
5590,6.533333e-06
5591,0.00029453338
5592,0.0011907001
5593,0.0025947
5594,0.0038533336
5595,0.004224533
5596,0.0034347004
5597,0.0018723003
5598,0.00041070004
5599,6.4533335e-05
5600,0.0013067999
5601,0.0040368
5602,0.00048
5603,0.0049922997
5604,0.011564034
5605,0.014213634
5606,0.010193635
5607,3.3333336e-08
5608,0.00059853337
5609,0.0025208336
5610,0.0052008326
5611,0.00036750003
5612,0.00035363334
5613,0.0036963
5614,0.0068403
5615,0.0001728
5616,3.8533333e-05
5617,0.00014520001
5618,3.0000004e-07
5619,0.00012
5620,0.00061653333
5621,0.0013333336
5622,0.0016875002
5623,2.6133332e-05
5624,4.0833336e-05
5625,5.333334e-07
5626,2.43e-05
5627,5.6033343e-05
5628,7.053334e-05
5629,0.0005720334
5630,2.0833337e-05
5631,1.3333334e-07
5632,7.3633346e-05
5633,0.0003745333
5634,0.0006256333
5635,6.533333e-06
5636,3.3333336e-06
5637,0.00013653334
5638,0.00048
5639,3e-05
5640,9.363332e-05
5641,1.4700002e-05
5642,8.670001e-05
5643,0.00050430006
5644,3e-05
5645,4.5633336e-05
5646,3.4133336e-05
5647,0.0008321334
5648,0.0027456335
5649,0.0042721336
5650,9.0133326e-05
5651,0.00015870002
5652,9.633333e-06
5653,0.0005376334
5654,0.0022360333
5655,0.0044896337
5656,0.005740834
5657,0.0049922997
5658,0.0028227004
5659,3.0000004e-07
5660,2.6133332e-05
5661,5.6033343e-05
5662,0.00097470003
5663,0.00028829998
5664,0.00046413334
5665,0.0007203
5666,0.0077763004
5667,0.014829634
5668,0.013867501
5669,0.0063365335
5670,0.0004181333
5671,0.0017480336
5672,0.0083667
5673,0.00080083334
5674,0.0064240335
5675,0.00081120007
5676,0.0007400333
5677,0.0008216334
5678,0.00080083334
5679,0.0065416335
5680,0.0004033333
5681,9.72e-05
5682,0.00020280002
5683,3.4133336e-05
5684,0.0013200332
5685,0.0048133335
5686,0.00867
5687,0.009684034
5688,0.006690133
5689,3.3333336e-08
5690,0.00041070004
5691,0.0019040334
5692,0.0044652
5693,0.0072385343
5694,0.008636033
5695,0.0075525343
5696,0.0044896337
5697,3.3333336e-08
5698,0.00014083333
5699,0.00048803337
5700,0.0010092
5701,0.00010453333
5702,0.0012288002
5703,0.0033075
5704,0.004940833
5705,0.004637634
5706,0.0023941335
5707,2.6133332e-05
5708,0.0010443002
5709,0.0033708
5710,0.0003333334
5711,0.0026508
5712,0.0044165333
5713,5.0700004e-05
5714,3.3333336e-08
5715,8.0033344e-05
5716,0.00021333335
5717,0.0027840333
5718,0.00038163335
5719,0.00027000002
5720,0.00018750002
5721,8.333335e-05
5722,0.00022413337
5723,3.3333336e-08
5724,0.0001728
5725,0.0030401333
5726,0.008200534
5727,0.0115248
5728,0.009684034
5729,0.0040600337
5730,0.00012403334
5731,0.0035643002
5732,0.011213333
5733,0.0012545333
5734,0.012322134
5735,0.0018408335
5736,0.0015841334
5737,0.012937633
5738,0.00070083333
5739,0.0016133332
5740,5.6033343e-05
5741,0.0034561334
5742,0.0012805335
5743,0.0016576335
5744,0.016193634
5745,0.026522135
5746,0.00032013337
5747,9.0133326e-05
5748,0.00050430006
5749,0.004344034
5750,0.0008216334
5751,0.008003333
5752,0.0009861334
5753,0.0068705333
5754,0.00048
5755,0.0020336334
5756,0.0015552
5757,8.0033344e-05
5758,0.0011285334
5759,0.00050430006
5760,0.004864133
5761,0.008875201
5762,0.008003333
5763,0.0035643002
5764,0.00027603333
5765,0.0006256333
5766,0.0029008337
5767,0.0041536335
5768,8.670001e-05
5769,4.0833336e-05
5770,5.8800008e-05
5771,0.0006816333
5772,0.0015123001
5773,8.0033344e-05
5774,5.8800008e-05
5775,6.4533335e-05
5776,6.4533335e-05
5777,0.0005208334
5778,0.0006816333
5779,1.3333334e-07
5780,9.72e-05
5781,7.680001e-05
5782,0.0011163
5783,0.00021333335
5784,0.0019040334
5785,0.0032865335
5786,0.0026133335
5787,0.0007803
5788,1.08e-05
5789,0.0009976333
5790,0.00015870002
5791,0.0011656334
5792,0.0019360333
5793,0.0019040334
5794,3.6300004e-05
5795,4.32e-05
5796,0.0007400333
5797,0.0020667
5798,0.0028812
5799,0.0022188004
5800,0.00063480006
5801,6.4533335e-05
5802,0.0020501334
5803,0.0060492004
5804,0.009648133
5805,0.010490701
5806,0.008003333
5807,0.0038081335
5808,0.00059853337
5809,0.00015413333
5810,0.0025576334
5811,0.006660301
5812,0.0100833345
5813,0.00043319998
5814,0.0031008334
5815,0.00036750003
5816,0.0025025331
5817,0.0034776332
5818,0.0019040334
5819,0.00012403334
5820,0.00070083333
5821,0.0032656335
5822,0.0053600334
5823,0.00017763334
5824,0.0010443002
5825,0.0019845334
5826,0.0021675
5827,2.6133332e-05
5828,5.3333337e-05
5829,1.3333334e-07
5830,7.3633346e-05
5831,0.00048
5832,0.0013467001
5833,0.0022533333
5834,0.0023585334
5835,0.0014282999
5836,0.00026403333
5837,7.053334e-05
5838,0.00014963334
5839,0.0016280335
5840,0.0031827001
5841,0.00010083333
5842,0.00039603334
5843,0.0004033333
5844,0.00012
5845,2.0833337e-05
5846,0.0004408334
5847,0.0012288002
5848,0.0019040334
5849,0.0019040334
5850,0.0011408334
5851,0.00019763334
5852,0.00018253335
5853,0.0019845334
5854,0.00041070004
5855,0.004224533
5856,0.008772301
5857,0.008909633
5858,0.0042721336
5859,0.00018750002
5860,0.00051253336
5861,0.0071147997
5862,0.015778134
5863,0.018352134
5864,0.0126075
5865,0.0040368
5866,7.5e-06
5867,0.0030401333
5868,0.0095052
5869,0.0136107
5870,0.012322134
5871,0.007176533
5872,0.0020833337
5873,9.633333e-06
5874,0.0011531999
5875,0.0034992
5876,0.00024083335
5877,0.0017941332
5878,0.0035643002
5879,0.0040368
5880,0.0029800336
5881,0.0013200332
5882,6.533333e-06
5883,0.0002187
5884,4.5633336e-05
5885,6.7500005e-05
5886,0.000112133326
5887,0.00016803335
5888,0.0017786999
5889,0.0034133336
5890,0.0034133336
5891,2.43e-05
5892,3.2033335e-05
5893,2.6133332e-05
5894,3.3333336e-06
5895,2.8033332e-05
5896,3.8533333e-05
5897,0.0006912
5898,0.0022016333
5899,0.00022413337
5900,0.00020803335
5901,0.00019763334
5902,0.00014083333
5903,0.0007905334
5904,0.00059853337
5905,3e-05
5906,9.72e-05
5907,0.0013601334
5908,0.00020803335
5909,0.0018096336
5910,0.0035425334
5911,0.0037856335
5912,0.0023941335
5913,0.00059853337
5914,4.8133337e-05
5915,0.0015265334
5916,0.0043200003
5917,0.00036750003
5918,0.0003605333
5919,0.0037185336
5920,0.0069311997
5921,0.0063365335
5922,1.08e-05
5923,8.670001e-05
5924,0.0006533334
5925,0.00016333334
5926,0.0020667
5927,0.0053067002
5928,0.0003605333
5929,0.0024843
5930,0.0038307
5931,0.0025025331
5932,2.0833337e-05
5933,0.00015413333
5934,0.0021168
5935,0.004940833
5936,0.00027000002
5937,0.00019253335
5938,0.00020280002
5939,0.0017941332
5940,0.00014520001
5941,0.0006627
5942,0.0005376334
5943,2.0833337e-05
5944,0.0001323
5945,0.0021000335
5946,0.0051483
5947,0.00027000002
5948,0.0014700001
5949,6.4533335e-05
5950,0.00012403334
5951,0.0
5952,0.0004033333
5953,0.0016725332
5954,0.0029008337
5955,0.0029008337
5956,0.0015987
5957,6.533333e-06
5958,5.0700004e-05
5959,0.0006721334
5960,0.0015696336
5961,0.0020008332
5962,0.0015696336
5963,0.0006721334
5964,5.3333337e-05
5965,0.00012813334
5966,0.00063480006
5967,0.00097470003
5968,0.00081120007
5969,0.00034680005
5970,4.8000006e-06
5971,1.4700002e-05
5972,0.00015870002
5973,0.00032013337
5974,1.3333334e-05
5975,8.0033344e-05
5976,0.000112133326
5977,4.8133337e-05
5978,2.7e-06
5979,3.2033335e-05
5980,0.0005208334
5981,0.0013333336
5982,7.680001e-05
5983,3.6300004e-05
5984,0.00014963334
5985,2.2533332e-05
5986,0.00022963336
5987,0.0016280335
5988,0.0037408334
5989,0.0046875
5990,0.0033708
5991,8.333334e-07
5992,7.053334e-05
5993,0.00016803335
5994,0.00031363333
5995,0.003921633
5996,0.008875201
5997,0.010868033
5998,0.00020280002
5999,0.0007301334
6000,0.00080083334
6001,0.00017763334
6002,0.00012403334
6003,0.0028033333
6004,0.0007905334
6005,0.008806533
6006,0.019000834
6007,0.0205932
6008,0.011368534
6009,0.0013067999
6010,0.0024300003
6011,0.015962133
6012,0.030592136
6013,0.0012936335
6014,0.007489201
6015,0.0115248
6016,0.0084672
6017,2.7e-06
6018,0.0007905334
6019,0.00021333335
6020,0.0021168
6021,0.0043923
6022,0.0002187
6023,0.0014981332
6024,0.0029601331
6025,0.00014083333
6026,0.0009520334
6027,0.0017327999
6028,4.8133337e-05
6029,0.00014520001
6030,5.8800008e-05
6031,5.3333337e-05
6032,0.0008965335
6033,0.00028213335
6034,0.0034133336
6035,0.008101633
6036,0.010010133
6037,0.006961634
6038,0.0017941332
6039,0.00019253335
6040,0.005174534
6041,0.013738802
6042,0.019253334
6043,0.017184133
6044,0.00010083333
6045,3.0000004e-07
6046,2.43e-05
6047,0.00032669998
6048,0.0001323
6049,0.0017633336
6050,0.004344034
6051,0.0056581334
6052,0.0045387005
6053,0.0020172002
6054,1.6133334e-05
6055,6.1633335e-05
6056,0.0006721334
6057,0.0014421332
6058,0.0018252002
6059,0.0016875002
6060,0.0012675
6061,1.7633334e-05
6062,1.7633334e-05
6063,0.00026403333
6064,0.00059853337
6065,1.7633334e-05
6066,2.2533332e-05
6067,1.08e-05
6068,0.00035363334
6069,0.0001323
6070,0.0015987
6071,0.00024653334
6072,0.00020280002
6073,0.0015696336
6074,0.0020008332
6075,0.0008216334
6076,3.3333336e-06
6077,0.00020803335
6078,0.0024843
6079,0.0050440338
6080,0.00018253335
6081,0.0008427
6082,3.8533333e-05
6083,9.0133326e-05
6084,7.5e-06
6085,3.4133336e-05
6086,9.0133326e-05
6087,0.00013653334
6088,0.0013467001
6089,0.0022360333
6090,2.6133332e-05
6091,4.0333334e-06
6092,7.3633346e-05
6093,0.00048
6094,0.0010325334
6095,4.5633336e-05
6096,1.9200002e-05
6097,9.72e-05
6098,5.8800008e-05
6099,3.0000004e-07
6100,0.00012813334
6101,3.4133336e-05
6102,0.00030720004
6103,3e-05
6104,1.6133334e-05
6105,9.0133326e-05
6106,7.680001e-05
6107,8.333334e-07
6108,4.8000006e-06
6109,4.8133337e-05
6110,6.7500005e-05
6111,3e-05
6112,8.333334e-07
6113,4.0333334e-06
6114,5.333334e-07
6115,3.6300004e-05
6116,2.8033332e-05
6117,0.00034003335
6118,0.0006256333
6119,0.00042563336
6120,2.2533332e-05
6121,0.00030720004
6122,0.0014840333
6123,0.0025761332
6124,8.333335e-05
6125,3.4133336e-05
6126,0.00027000002
6127,2.0833337e-05
6128,8.533334e-06
6129,3.8533333e-05
6130,1.6333332e-06
6131,0.00018253335
6132,0.0011163
6133,0.00025813334
6134,0.0028421334
6135,0.005768533
6136,0.005174534
6137,1.6333332e-06
6138,0.00018750002
6139,0.0034347004
6140,0.009720001
6141,0.0141701335
6142,0.012566533
6143,0.006134701
6144,0.00070083333
6145,0.0008965335
6146,0.0061061336
6147,0.0007701334
6148,0.0068705333
6149,0.014344536
6150,0.016708802
6151,0.0002523
6152,0.0006533334
6153,0.00043319998
6154,3.4133336e-05
6155,0.0012288002
6156,0.00038163335
6157,0.0040833335
6158,0.008333335
6159,0.008500834
6160,0.0044896337
6161,0.00061653333
6162,0.00045630004
6163,0.00038163335
6164,0.0037856335
6165,0.007332033
6166,0.007648034
6167,0.0047376333
6168,0.0013067999
6169,7.680001e-05
6170,0.0013067999
6171,0.0028033333
6172,0.0031621335
6173,0.0021336332
6174,5.333334e-07
6175,3.2033335e-05
6176,7.3633346e-05
6177,5.6033343e-05
6178,7.5e-06
6179,3.3333336e-06
6180,2.8033332e-05
6181,9.633333e-06
6182,3.4133336e-05
6183,5.0700004e-05
6184,0.0007301334
6185,0.000116033334
6186,0.00081120007
6187,0.0010443002
6188,0.00041070004
6189,9.633333e-06
6190,0.00014083333
6191,0.0002187
6192,0.00028213335
6193,0.0028616334
6194,0.00031363333
6195,0.0020501334
6196,0.00012403334
6197,0.0003888
6198,1.2000002e-06
6199,0.00036750003
6200,0.00020803335
6201,0.0026885336
6202,0.0059925327
6203,0.00023520003
6204,7.053334e-05
6205,0.0002523
6206,2.8033332e-05
6207,9.72e-05
6208,0.0018881336
6209,0.0051483
6210,0.0072385343
6211,0.00016803335
6212,0.00058080006
6213,0.00045630004
6214,8.533334e-06
6215,0.00071053335
6216,0.0033496334
6217,0.00041070004
6218,0.0034776332
6219,0.0061633335
6220,0.0001323
6221,0.00026403333
6222,5.0700004e-05
6223,0.00016333334
6224,0.00016333334
6225,0.00026403333
6226,0.0030200335
6227,0.00038163335
6228,0.00027603333
6229,0.0020833337
6230,9.72e-05
6231,0.00017763334
6232,3.3333336e-08
6233,0.00056333333
6234,0.0023941335
6235,0.00026403333
6236,0.0020833337
6237,0.0034776332
6238,4.8133337e-05
6239,1.6133334e-05
6240,0.00012
6241,0.0011408334
6242,0.0002523
6243,0.0025392002
6244,0.00028829998
6245,0.0016725332
6246,0.0018565333
6247,1.3333334e-07
6248,0.00024653334
6249,0.0008427
6250,0.0011163
6251,9.633333e-06
6252,3.3333336e-08
6253,1.2000002e-06
6254,2.7e-06
6255,9.72e-05
6256,5.3333337e-05
6257,0.0006627
6258,0.0013200332
6259,1.7633334e-05
6260,2.1333335e-06
6261,6.1633335e-05
6262,0.0011656334
6263,0.0031212
6264,0.003921633
6265,0.0025208336
6266,9.633333e-06
6267,0.0006256333
6268,0.0019683002
6269,0.0030805336
6270,0.0030000003
6271,0.0018252002
6272,0.0005292
6273,2.2533332e-05
6274,0.00035363334
6275,0.0006721334
6276,0.0006533334
6277,5.633333e-06
6278,2.43e-05
6279,8.670001e-05
6280,0.00026403333
6281,0.0006440333
6282,0.0012160332
6283,0.0017327999
6284,5.8800008e-05
6285,0.0002523
6286,0.00014520001
6287,4.8133337e-05
6288,0.00021333335
6289,0.0033075
6290,0.0082668
6291,0.0004485333
6292,0.0023941335
6293,0.0027648
6294,0.00088563334
6295,0.00012
6296,0.0030401333
6297,0.007840834
6298,0.010304533
6299,0.00021333335
6300,7.053334e-05
6301,0.00049613335
6302,0.00049613335
6303,5.3333337e-05
6304,0.00031363333
6305,0.0019360333
6306,0.0038988001
6307,0.0043681334
6308,4.5633336e-05
6309,5.8800008e-05
6310,1.08e-05
6311,2.43e-05
6312,1.6133334e-05
6313,0.00012403334
6314,0.00016333334
6315,8.0033344e-05
6316,1.4700002e-05
6317,3.3333336e-08
6318,7.5e-06
6319,4.32e-05
6320,0.00075000006
6321,0.00014963334
6322,0.00013653334
6323,0.0010092
6324,0.0010680334
6325,6.533333e-06
6326,0.00061653333
6327,0.0024300003
6328,0.004440834
6329,0.0048133335
6330,0.0029800336
6331,7.5e-06
6332,0.0006440333
6333,0.0002187
6334,0.0026320333
6335,0.0061633335
6336,0.007489201
6337,0.00507
6338,0.0012545333
6339,0.00013653334
6340,0.0032865335
6341,0.00056333333
6342,0.00049613335
6343,0.004224533
6344,0.0062208
6345,0.0037632005
6346,2.43e-05
6347,0.00097470003
6348,0.0022881336
6349,0.0024480335
6350,0.0014008334
6351,0.00031363333
6352,1.6333332e-06
6353,0.0001728
6354,0.0002523
6355,0.00014963334
6356,7.053334e-05
6357,9.0133326e-05
6358,0.00030720004
6359,0.00088563334
6360,9.363332e-05
6361,7.3633346e-05
6362,4.0833336e-05
6363,0.0001323
6364,4.8000006e-06
6365,0.00024083335
6366,9.72e-05
6367,0.0008427
6368,0.0012805335
6369,0.0008321334
6370,0.00017763334
6371,1.08e-05
6372,0.00021333335
6373,1.4700002e-05
6374,6.533333e-06
6375,7.053334e-05
6376,0.00021333335
6377,0.00046413334
6378,0.0007701334
6379,4.0833336e-05
6380,0.00028829998
6381,0.00043319998
6382,0.00021333335
6383,3.3333336e-08
6384,7.053334e-05
6385,0.0009976333
6386,0.0023232002
6387,0.0028033333
6388,0.0019521335
6389,0.00058963336
6390,4.0333334e-06
6391,0.0001323
6392,0.0016428002
6393,0.0036741337
6394,0.0045387005
6395,0.0036080335
6396,1.3333334e-05
6397,2.7e-06
6398,1.6333332e-06
6399,4.8133337e-05
6400,0.00022963336
6401,5.3333337e-05
6402,9.363332e-05
6403,0.0012416334
6404,0.0029800336
6405,0.0038307
6406,8.333335e-05
6407,0.00035363334
6408,0.00045630004
6409,3.0000004e-07
6410,5.6033343e-05
6411,5.8800008e-05
6412,0.0009633334
6413,0.0028421334
6414,0.0045633335
6415,0.004788033
6416,0.0032448003
6417,0.0011285334
6418,2.2533332e-05
6419,0.00049613335
6420,0.0016576335
6421,0.0022016333
6422,0.0017176333
6423,0.0008216334
6424,0.00025813334
6425,0.000116033334
6426,0.00027603333
6427,0.0011041333
6428,0.0029601331
6429,0.0050440338
6430,0.0054675005
6431,4.32e-05
6432,0.0
6433,8.670001e-05
6434,0.0021000335
6435,0.007363334
6436,0.013653334
6437,0.0007400333
6438,0.00056333333
6439,0.005253634
6440,0.008433634
6441,0.0057963002
6442,1.7633334e-05
6443,0.0013200332
6444,0.0042008334
6445,0.00039603334
6446,0.00363
6447,0.008134534
6448,0.01083
6449,0.010304533
6450,0.0073008006
6451,3e-05
6452,9.633333e-06
6453,3.4133336e-05
6454,0.00012813334
6455,0.0028812
6456,0.010230534
6457,0.0012033334
6458,0.0106032
6459,0.0011285334
6460,0.006690133
6461,0.0077120336
6462,5.333334e-07
6463,0.0007701334
6464,0.0033920333
6465,0.0062208
6466,0.006780033
6467,0.0046625338
6468,4.0333334e-06
6469,2.0833337e-05
6470,7.3633346e-05
6471,1.08e-05
6472,0.00016333334
6473,5.0700004e-05
6474,7.680001e-05
6475,0.00086403335
6476,0.0016133332
6477,3.4133336e-05
6478,6.4533335e-05
6479,1.08e-05
6480,2.6133332e-05
6481,1.6133334e-05
6482,0.00012
6483,0.00012813334
6484,2.2533332e-05
6485,3.2033335e-05
6486,0.00024653334
6487,2.8033332e-05
6488,0.0001728
6489,0.00020803335
6490,7.3633346e-05
6491,5.633333e-06
6492,0.00020803335
6493,4.0833336e-05
6494,0.00031363333
6495,0.00046413334
6496,1.6333332e-06
6497,1.4700002e-05
6498,0.00014963334
6499,3e-05
6500,0.00026403333
6501,1.6133334e-05
6502,8.333334e-07
6503,2.0833337e-05
6504,3.8533333e-05
6505,8.670001e-05
6506,0.0010680334
6507,0.0020336334
6508,0.0016280335
6509,0.00032013337
6510,0.00027603333
6511,0.0029403002
6512,0.0069921343
6513,0.009152534
6514,0.0072696335
6515,4.8000006e-06
6516,0.00024083335
6517,0.0015123001
6518,0.0040833335
6519,0.00041070004
6520,0.0036963
6521,0.0070533343
6522,0.0064827004
6523,5.633333e-06
6524,0.00019253335
6525,0.0010208334
6526,0.0022016333
6527,0.00014083333
6528,0.0010920333
6529,0.0022533333
6530,0.0027265332
6531,0.0022360333
6532,0.0012545333
6533,0.00035363334
6534,1.3333334e-07
6535,0.0004408334
6536,0.0016725332
6537,0.0033496334
6538,0.004712534
6539,0.00019253335
6540,0.0013333336
6541,0.00014520001
6542,0.00088563334
6543,0.0010561333
6544,0.0004033333
6545,3.6300004e-05
6546,0.0008321334
6547,0.00018750002
6548,0.0019521335
6549,0.0043200003
6550,0.00022413337
6551,0.00014083333
6552,0.0010920333
6553,0.0013601334
6554,1.3333334e-07
6555,0.00014963334
6556,0.0006721334
6557,0.0011408334
6558,0.0009861334
6559,0.00036750003
6560,9.633333e-06
6561,0.00012813334
6562,9.0133326e-05
6563,1.7633334e-05
6564,0.00010083333
6565,0.00018750002
6566,0.0020008332
6567,0.0032656335
6568,0.0019845334
6569,9.72e-05
6570,0.0012936335
6571,0.0060208333
6572,0.010416033
6573,0.010490701
6574,0.0063365335
6575,1.2000002e-06
6576,0.00036750003
6577,0.0010680334
6578,0.0017480336
6579,0.0022188004
6580,0.0024300003
6581,0.0023232002
6582,0.0018565333
6583,0.0010800001
6584,0.00031363333
6585,1.3333334e-07
6586,0.0003333334
6587,8.0033344e-05
6588,0.00070083333
6589,0.0012805335
6590,0.0012416334
6591,0.0007701334
6592,0.0003333334
6593,0.00013653334
6594,9.72e-05
6595,7.5e-06
6596,6.4533335e-05
6597,8.333334e-07
6598,2.43e-05
6599,0.0003745333
6600,0.0014008334
6601,0.0026133335
6602,0.0027840333
6603,1.2033334e-05
6604,1.08e-05
6605,0.0003888
6606,0.0015841334
6607,0.0031212
6608,0.0037185336
6609,0.0026696336
6610,0.0008533334
6611,1.3333334e-07
6612,0.0008533334
6613,0.0024661333
6614,0.0033075
6615,0.0027840333
6616,0.0015408334
6617,0.0005376334
6618,1.3333334e-07
6619,8.333334e-07
6620,8.670001e-05
6621,0.0003888
6622,0.0006533334
6623,0.00049613335
6624,5.3333337e-05
6625,9.363332e-05
6626,0.0018565333
6627,0.0056033335
6628,0.0005547001
6629,0.00056333333
6630,0.0006816333
6631,0.0062496336
6632,0.0099372
6633,0.000112133326
6634,1.4700002e-05
6635,0.00010083333
6636,0.0023941335
6637,0.008233634
6638,0.00097470003
6639,0.0010800001
6640,0.011368534
6641,0.02080333
6642,0.017617634
6643,0.005768533
6644,9.72e-05
6645,0.010193635
6646,0.0025025331
6647,0.024768136
6648,0.051418804
6649,0.057553202
6650,0.038306136
6651,0.011485634
6652,9.633333e-06
6653,0.0020501334
6654,0.025288032
6655,0.0038760337
6656,0.03380163
6657,0.0039445334
6658,0.028152036
6659,0.043548305
6660,0.031105202
6661,0.007457634
6662,0.0009185334
6663,0.019000834
6664,0.043548305
6665,0.05200004
6666,0.038736135
6667,0.016240135
6668,0.0015265334
6669,0.0023408332
6670,0.013867501
6671,0.0014981332
6672,0.0122412015
6673,0.0014008334
6674,0.009720001
6675,0.014476032
6676,0.00015870002
6677,9.0133326e-05
6678,1.3333334e-05
6679,5.0700004e-05
6680,0.0005461334
6681,0.0009976333
6682,0.00097470003
6683,1.3333334e-05
6684,9.363332e-05
6685,0.00027000002
6686,0.0003888
6687,1.6333332e-06
6688,9.633333e-06
6689,0.00034003335
6690,0.0013333336
6691,0.0024120333
6692,0.0023585334
6693,1.6333332e-06
6694,3.6300004e-05
6695,0.00012
6696,0.00022413337
6697,0.0025392002
6698,0.00028213335
6699,0.00015413333
6700,8.333335e-05
6701,0.0003745333
6702,0.0001728
6703,2.8033332e-05
6704,0.0008321334
6705,0.00020280002
6706,0.0020172002
6707,0.0040368
6708,0.0001323
6709,0.0004181333
6710,0.00017763334
6711,0.00012
6712,0.0021505335
6713,0.00058080006
6714,0.006365634
6715,0.013314134
6716,0.013653334
6717,0.006512134
6718,0.00022963336
6719,0.0039905333
6720,0.018007502
6721,0.032275204
6722,0.035089202
6723,0.00045630004
6724,0.0010561333
6725,0.00058080006
6726,4.8133337e-05
6727,0.0028421334
6728,0.0009075
6729,0.009792134
6730,0.02028
6731,0.021333337
6732,0.011960033
6733,4.8133337e-05
6734,0.0024300003
6735,0.0005461334
6736,0.0054945336
6737,0.011603335
6738,0.01323
6739,0.0090828
6740,0.0030200335
6741,9.72e-05
6742,0.0018252002
6743,0.0037856335
6744,0.0040136334
6745,0.0024661333
6746,3.0000004e-07
6747,0.00012
6748,0.00027000002
6749,0.00024653334
6750,7.3633346e-05
6751,1.6133334e-05
6752,0.0003745333
6753,0.0011531999
6754,0.0019521335
6755,9.363332e-05
6756,6.4533335e-05
6757,0.0005208334
6758,0.0006075001
6759,0.00012813334
6760,8.0033344e-05
6761,0.0016280335
6762,0.0003605333
6763,0.0034992
6764,0.00041070004
6765,0.0028033333
6766,0.00018253335
6767,0.0007400333
6768,8.533334e-06
6769,1.3333334e-05
6770,5.0700004e-05
6771,0.00012
6772,0.0016725332
6773,0.0040136334
6774,0.005122134
6775,0.0039905333
6776,0.0015987
6777,5.6033343e-05
6778,0.00071053335
6779,0.0029800336
6780,0.0049922997
6781,0.0052008326
6782,0.0036520334
6783,0.0016428002
6784,0.00034003335
6785,1.3333334e-07
6786,0.00015413333
6787,0.00032669998
6788,0.00036750003
6789,0.0003745333
6790,0.0004485333
6791,0.00063480006
6792,4.8133337e-05
6793,0.00048
6794,0.0010208334
6795,3.4133336e-05
6796,7.5e-06
6797,1.7633334e-05
6798,3.3333336e-08
6799,7.3633346e-05
6800,0.00029453338
6801,0.0005208334
6802,0.00056333333
6803,0.0003888
6804,0.00014520001
6805,2.7e-06
6806,7.5e-06
6807,9.0133326e-05
6808,0.0002187
6809,0.0003333334
6810,1.9200002e-05
6811,2.43e-05
6812,0.00031363333
6813,0.0006912
6814,2.43e-05
6815,3.3333336e-06
6816,8.333334e-07
6817,0.00016333334
6818,0.0009408001
6819,0.0023941335
6820,0.0035643002
6821,9.72e-05
6822,0.00029453338
6823,0.00010453333
6824,0.00014963334
6825,0.00027000002
6826,0.0038533336
6827,0.009398701
6828,0.00050430006
6829,0.0002523
6830,0.0015841334
6831,2.43e-05
6832,3.6300004e-05
6833,0.0009633334
6834,0.0034992
6835,0.0003745333
6836,0.0029205335
6837,0.00026403333
6838,0.00012403334
6839,0.0006816333
6840,7.5e-06
6841,1.9200002e-05
6842,0.00035363334
6843,0.000112133326
6844,0.0012675
6845,0.0027840333
6846,0.0032240332
6847,3.6300004e-05
6848,5.8800008e-05
6849,1.4700002e-05
6850,2.0833337e-05
6851,2.8033332e-05
6852,0.0003605333
6853,6.1633335e-05
6854,6.7500005e-05
6855,0.0007803
6856,0.00012
6857,0.0010920333
6858,0.0001323
6859,0.00088563334
6860,0.0011408334
6861,0.0004485333
6862,2.0833337e-05
6863,0.0012033334
6864,0.0034776332
6865,0.0047628004
6866,0.0037632005
6867,0.0014145334
6868,2.6133332e-05
6869,0.0007803
6870,0.0028227004
6871,0.0043681334
6872,0.004344034
6873,0.0029800336
6874,0.0012805335
6875,0.00016803335
6876,0.000116033334
6877,0.0010920333
6878,0.0026885336
6879,0.0040833335
6880,0.0043681334
6881,0.0031827001
6882,0.0012288002
6883,3e-05
6884,0.00014520001
6885,0.00022963336
6886,0.0024120333
6887,0.00027000002
6888,0.0018252002
6889,0.0028421334
6890,0.0023232002
6891,0.0010680334
6892,0.00020803335
6893,1.08e-05
6894,1.2033334e-05
6895,0.00010453333
6896,2.6133332e-05
6897,0.0004181333
6898,0.00013653334
6899,0.0017025335
6900,0.0040833335
6901,0.005018133
6902,0.0033285336
6903,7.5e-06
6904,0.0007301334
6905,0.0027456335
6906,0.0052008326
6907,0.0063365335
6908,0.005018133
6909,0.0021168
6910,0.00010083333
6911,0.0008321334
6912,0.0037632005
6913,0.0063948
6914,0.0065712007
6915,0.0043681334
6916,2.7e-06
6917,3.6300004e-05
6918,0.00015413333
6919,0.0003745333
6920,0.0007803
6921,9.363332e-05
6922,0.0010920333
6923,0.0026885336
6924,0.0033496334
6925,3.6300004e-05
6926,1.3333334e-05
6927,2.2533332e-05
6928,0.00058963336
6929,0.0019845334
6930,0.0033708
6931,0.0035208336
6932,0.0022360333
6933,0.00063480006
6934,1.2000002e-06
6935,0.00010453333
6936,0.0012288002
6937,0.0026696336
6938,0.0033708
6939,9.363332e-05
6940,0.00056333333
6941,0.0010680334
6942,0.0009976333
6943,0.00039603334
6944,5.333334e-07
6945,0.0003888
6946,0.0012416334
6947,0.0017176333
6948,3.2033335e-05
6949,0.000108299995
6950,0.00012813334
6951,8.333334e-07
6952,5.333334e-07
6953,0.0
6954,1.3333334e-07
6955,1.6333332e-06
6956,8.533334e-06
6957,2.8033332e-05
6958,7.3633346e-05
6959,9.633333e-06
6960,1.08e-05
6961,0.00010083333
6962,0.000116033334
6963,1.3333334e-05
6964,0.000116033334
6965,9.72e-05
6966,0.0013067999
6967,0.0030805336
6968,0.0037185336
6969,0.0025025331
6970,0.0006256333
6971,5.6033343e-05
6972,0.0002187
6973,0.0026696336
6974,0.0059925327
6975,0.0075208335
6976,0.00018750002
6977,0.0010680334
6978,0.00012403334
6979,0.0008965335
6980,0.0012033334
6981,0.00046413334
6982,5.6033343e-05
6983,0.0020667
6984,0.00059853337
6985,0.006512134
6986,0.0139968
6987,0.0005720334
6988,0.0025576334
6989,0.0024843
6990,0.00041070004
6991,0.00028213335
6992,0.0048896335
6993,0.011920135
6994,0.0006440333
6995,0.0038081335
6996,0.00027000002
6997,0.000108299995
6998,4.5633336e-05
6999,0.00014520001
7000,1.9200002e-05
7001,0.00013653334
7002,9.72e-05
7003,0.0011781335
7004,0.0026133335
7005,0.0031008334
7006,0.0022707
7007,0.00088563334
7008,5.8800008e-05
7009,0.00018750002
7010,0.0008965335
7011,0.0015696336
7012,0.0018723003
7013,0.0018096336
7014,0.0015696336
7015,0.0012416334
7016,2.0833337e-05
7017,0.00012
7018,0.00018750002
7019,7.053334e-05
7020,3.2033335e-05
7021,0.0006721334
7022,0.0021845335
7023,0.003921633
7024,0.0046625338
7025,0.0037632005
7026,0.0017633336
7027,0.0001728
7028,0.0004033333
7029,0.00029453338
7030,0.0034133336
7031,0.0005376334
7032,0.00050430006
7033,0.0046625338
7034,0.0076161334
7035,0.0057963002
7036,0.0017327999
7037,5.633333e-06
7038,0.0017633336
7039,0.0045141336
7040,0.005685634
7041,0.00014520001
7042,0.0010092
7043,0.00018750002
7044,0.0017941332
7045,0.0032865335
7046,0.0025025331
7047,0.00039603334
7048,0.0006440333
7049,0.00059853337
7050,0.0008216334
7051,0.0009296334
7052,0.0008427
7053,0.006134701
7054,0.00028213335
7055,3.8533333e-05
7056,4.32e-05
7057,1.9200002e-05
7058,0.00032013337
7059,0.0007203
7060,0.0007400333
7061,0.00039603334
7062,6.4533335e-05
7063,1.6133334e-05
7064,0.00014963334
7065,0.00023520003
7066,0.00017763334
7067,6.1633335e-05
7068,3.3333336e-06
7069,1.6333332e-06
7070,3.3333336e-06
7071,4.8000006e-06
7072,0.00010453333
7073,0.0003888
7074,0.00075000006
7075,0.00086403335
7076,7.5e-06
7077,8.333334e-07
7078,1.6133334e-05
7079,5.6033343e-05
7080,0.00086403335
7081,0.0021336332
7082,0.0026508
7083,0.0017941332
7084,0.00042563336
7085,5.8800008e-05
7086,0.0001728
7087,0.0020833337
7088,0.0045880335
7089,0.005576033
7090,0.004224533
7091,0.0016875002
7092,5.8800008e-05
7093,0.00019763334
7094,0.0029800336
7095,0.0074261334
7096,0.00050430006
7097,0.0003888
7098,0.00035363334
7099,0.0023941335
7100,0.0023585334
7101,0.00038163335
7102,0.00063480006
7103,0.004637634
7104,0.008806533
7105,0.008806533
7106,0.004712534
7107,0.00071053335
7108,0.00041070004
7109,0.0004181333
7110,0.004344034
7111,0.008806533
7112,0.009828299
7113,0.0068403
7114,0.0025947
7115,0.00016803335
7116,0.00050430006
7117,0.00021333335
7118,0.0019360333
7119,0.0037185336
7120,0.0041536335
7121,0.0032033334
7122,0.0018565333
7123,0.00080083334
7124,0.0002187
7125,4.8000006e-06
7126,3e-05
7127,0.0006075001
7128,0.0021168
7129,0.0041301334
7130,0.0053067002
7131,0.0044165333
7132,6.533333e-06
7133,8.333335e-05
7134,0.0006627
7135,0.00015413333
7136,0.0017025335
7137,0.0037185336
7138,0.0042008334
7139,0.0027075
7140,8.333334e-07
7141,0.00022963336
7142,8.333335e-05
7143,0.0011163
7144,0.00025813334
7145,0.0027456335
7146,0.0003745333
7147,0.0025576334
7148,0.0032240332
7149,0.0012288002
7150,4.8133337e-05
7151,0.00042563336
7152,0.0049152006
7153,0.009292801
7154,0.008534533
7155,0.0038533336
7156,4.0833336e-05
7157,0.0010443002
7158,0.00014083333
7159,0.0011408334
7160,0.0024480335
7161,0.0034776332
7162,0.003921633
7163,0.00012
7164,0.0007600333
7165,0.0012033334
7166,4.0333334e-06
7167,8.333335e-05
7168,0.00075000006
7169,0.0020667
7170,0.0030401333
7171,8.0033344e-05
7172,3.4133336e-05
7173,0.00032669998
7174,4.32e-05
7175,0.0003745333
7176,0.0007301334
7177,0.0006627
7178,1.3333334e-07
7179,0.00016803335
7180,0.0009633334
7181,0.0024661333
7182,0.0039445334
7183,0.00015870002
7184,0.0009075
7185,0.0012545333
7186,0.0006256333
7187,2.1333335e-06
7188,0.00015413333
7189,0.0021845335
7190,0.0003745333
7191,0.0032240332
7192,0.005824134
7193,0.005122134
7194,0.0019845334
7195,8.0033344e-05
7196,0.0018565333
7197,0.0047376333
7198,0.006453333
7199,0.00016333334
7200,0.00080083334
7201,0.0011408334
7202,5.633333e-06
7203,1.08e-05
7204,6.1633335e-05
7205,0.0011531999
7206,0.0034133336
7207,0.005280133
7208,0.0049922997
7209,0.0025208336
7210,0.0002187
7211,0.00080083334
7212,0.0047628004
7213,0.009612301
7214,0.0005208334
7215,0.00363
7216,0.006365634
7217,0.0054136333
7218,0.0018723003
7219,6.533333e-06
7220,0.0025947
7221,0.007970701
7222,0.0006075001
7223,0.0044896337
7224,0.0004485333
7225,0.00027000002
7226,0.00017763334
7227,0.0010325334
7228,2.43e-05
7229,1.6133334e-05
7230,4.8000006e-06
7231,0.000112133326
7232,0.00032013337
7233,0.00056333333
7234,4.5633336e-05
7235,0.0005208334
7236,0.0014560336
7237,0.00012
7238,0.0008533334
7239,0.0012805335
7240,0.0006721334
7241,1.2000002e-06
7242,0.0010561333
7243,0.004344034
7244,0.008200534
7245,0.0099372
7246,0.0002187
7247,0.00088563334
7248,0.0009075
7249,0.000116033334
7250,0.00019763334
7251,0.0038081335
7252,0.0008427
7253,0.007938134
7254,0.0147852
7255,0.013356299
7256,0.0054405336
7257,0.00012
7258,0.0028616334
7259,0.010490701
7260,0.0008321334
7261,0.0006816333
7262,0.00081120007
7263,0.00088563334
7264,0.007873201
7265,0.0006075001
7266,0.0027456335
7267,0.0022533333
7268,4.0833336e-05
7269,0.0018881336
7270,0.0062208
7271,0.0099372
7272,0.009648133
7273,0.0054675005
7274,0.0010443002
7275,0.00028829998
7276,0.0005208334
7277,0.0062496336
7278,0.014476032
7279,0.018850137
7280,0.016054533
7281,0.0082668
7282,2.8033332e-05
7283,0.0015265334
7284,0.004712534
7285,0.0004720334
7286,0.004296033
7287,0.00867
7288,0.00031363333
7289,0.0014008334
7290,7.053334e-05
7291,0.00031363333
7292,0.00041070004
7293,0.00031363333
7294,3.0000004e-07
7295,1.4700002e-05
7296,2.6133332e-05
7297,0.00063480006
7298,0.0002523
7299,0.0033285336
7300,0.008068801
7301,0.009900834
7302,0.00010453333
7303,3.8533333e-05
7304,0.00018253335
7305,0.0021168
7306,0.0065712007
7307,0.011407499
7308,0.012772035
7309,0.00018750002
7310,0.0004408334
7311,0.00022413337
7312,3.4133336e-05
7313,0.0012675
7314,0.0041536335
7315,0.0068705333
7316,0.007176533
7317,0.004838701
7318,3.3333336e-06
7319,3.4133336e-05
7320,8.533334e-06
7321,1.08e-05
7322,0.00014083333
7323,3.2033335e-05
7324,5.0700004e-05
7325,0.0006816333
7326,0.00012813334
7327,0.0012160332
7328,0.0024480335
7329,0.0025947
7330,0.0015408334
7331,0.00034680005
7332,2.0833337e-05
7333,0.00056333333
7334,0.0011781335
7335,0.0011907001
7336,9.633333e-06
7337,1.6333332e-06
7338,2.43e-05
7339,9.0133326e-05
7340,0.00019763334
7341,0.0003333334
7342,0.00042563336
7343,0.00041070004
7344,5.633333e-06
7345,2.43e-05
7346,3.6300004e-05
7347,2.8033332e-05
7348,8.533334e-06
7349,1.2000002e-06
7350,3.8533333e-05
7351,0.0001728
7352,0.0004720334
7353,0.0009976333
7354,0.0016280335
7355,9.72e-05
7356,0.0007400333
7357,0.0012288002
7358,0.00080083334
7359,1.6133334e-05
7360,0.0006816333
7361,0.0023056336
7362,0.00022963336
7363,0.0018408335
7364,0.0032448003
7365,6.7500005e-05
7366,0.00013653334
7367,3.2033335e-05
7368,2.0833337e-05
7369,0.00036750003
7370,0.0008427
7371,3e-05
7372,9.72e-05
7373,4.8133337e-05
7374,8.333334e-07
7375,7.680001e-05
7376,0.00012403334
7377,2.2533332e-05
7378,3.2033335e-05
7379,0.0006256333
7380,0.00012813334
7381,0.0010325334
7382,0.0014700001
7383,0.0007203
7384,1.6333332e-06
7385,0.0008216334
7386,0.0028033333
7387,0.0040368
7388,0.0034561334
7389,0.0017480336
7390,1.2000002e-06
7391,9.633333e-06
7392,6.1633335e-05
7393,0.000116033334
7394,0.00022963336
7395,4.5633336e-05
7396,0.000112133326
7397,0.00022963336
7398,0.00034680005
7399,0.00039603334
7400,0.0003605333
7401,0.0025761332
7402,0.0031008334
7403,3.3333336e-06
7404,0.000108299995
7405,0.0005208334
7406,0.0009861334
7407,0.0012033334
7408,0.0012033334
7409,0.0012288002
7410,0.0014560336
7411,0.0018881336
7412,0.0021845335
7413,0.0017941332
7414,1.3333334e-07
7415,0.00027000002
7416,0.0019521335
7417,0.0005461334
7418,0.0068403
7419,0.016473634
7420,0.020436302
7421,0.014432134
7422,0.004344034
7423,1.6133334e-05
7424,0.0049152006
7425,0.013398534
7426,0.017472534
7427,0.014432134
7428,0.00010083333
7429,0.00035363334
7430,0.0010325334
7431,0.000116033334
7432,0.00097470003
7433,0.0015552
7434,0.0009075
7435,2.0833337e-05
7436,0.0008748
7437,0.0036963
7438,0.0063074995
7439,0.0063074995
7440,0.0038533336
7441,0.0011408334
7442,2.2533332e-05
7443,5.3333337e-05
7444,0.0003605333
7445,0.00034680005
7446,9.72e-05
7447,5.633333e-06
7448,3.3333336e-06
7449,8.333334e-07
7450,1.4700002e-05
7451,0.00036750003
7452,0.0013067999
7453,0.00016803335
7454,0.0017176333
7455,0.0038533336
7456,0.0046875
7457,0.0033075
7458,5.333334e-07
7459,0.0003605333
7460,0.0016280335
7461,0.0036741337
7462,0.0054405336
7463,0.0054405336
7464,0.0033920333
7465,1.6333332e-06
7466,0.00034003335
7467,0.0011041333
7468,0.0017025335
7469,0.0015123001
7470,0.0006440333
7471,2.0833337e-05
7472,7.053334e-05
7473,0.00010083333
7474,0.0009520334
7475,0.0014981332
7476,0.0009185334
7477,1.4700002e-05
7478,9.0133326e-05
7479,0.0012675
7480,0.0030200335
7481,0.0038081335
7482,6.7500005e-05
7483,1.7633334e-05
7484,0.00010083333
7485,1.2000002e-06
7486,7.5e-06
7487,0.000116033334
7488,4.0833336e-05
7489,0.0005547001
7490,0.000116033334
7491,0.00014963334
7492,0.0017176333
7493,0.0034992
7494,0.0035643002
7495,0.0017941332
7496,0.00012813334
7497,0.00018750002
7498,0.00036750003
7499,0.0042008334
7500,0.008704035
7501,0.0091875
7502,0.0053067002
7503,0.0010092
7504,0.00017763334
7505,0.00031363333
7506,0.00034003335
7507,0.0030805336
7508,0.0052008326
7509,0.0044896337
7510,0.0021675
7511,2.1333335e-06
7512,8.333335e-05
7513,1.2000002e-06
7514,5.333334e-07
7515,5.633333e-06
7516,0.00010453333
7517,7.3633346e-05
7518,0.0012160332
7519,0.0033920333
7520,0.00022413337
7521,0.0012033334
7522,0.0012033334
7523,0.00016333334
7524,0.00056333333
7525,0.00041070004
7526,0.0044165333
7527,0.008333335
7528,0.007489201
7529,0.0029800336
7530,9.72e-05
7531,0.0021505335
7532,0.00507
7533,0.0062496336
7534,0.004940833
7535,0.0023763
7536,0.00045630004
7537,3e-05
7538,0.00070083333
7539,0.0014981332
7540,0.0017176333
7541,0.0012545333
7542,2.1333335e-06
7543,4.8000006e-06
7544,4.0333334e-06
7545,5.0700004e-05
7546,4.8000006e-06
7547,1.08e-05
7548,5.633333e-06
7549,3.8533333e-05
7550,0.00075000006
7551,0.0021505335
7552,0.00014963334
7553,8.0033344e-05
7554,0.00041070004
7555,1.3333334e-07
7556,0.00032669998
7557,0.0020172002
7558,0.0003745333
7559,0.0036080335
7560,0.006660301
7561,0.0055216337
7562,0.0015265334
7563,0.00017763334
7564,0.0043923
7565,0.0107541345
7566,0.013146134
7567,0.009328035
7568,0.0031212
7569,2.6133332e-05
7570,0.0017176333
7571,0.0051483
7572,0.0063365335
7573,0.0043200003
7574,0.0013872002
7575,4.32e-05
7576,0.0007203
7577,7.053334e-05
7578,0.00041070004
7579,1.7633334e-05
7580,1.2000002e-06
7581,3.3333336e-06
7582,0.000108299995
7583,0.0004485333
7584,0.0008216334
7585,2.43e-05
7586,4.5633336e-05
7587,7.5e-06
7588,6.4533335e-05
7589,0.0011285334
7590,0.0030603004
7591,0.0040833335
7592,0.0030000003
7593,0.0009185334
7594,4.0333334e-06
7595,0.0010208334
7596,0.00018750002
7597,0.0014560336
7598,0.0026133335
7599,0.000116033334
7600,0.0009861334
7601,0.00021333335
7602,0.00030083334
7603,0.0033708
7604,0.0061061336
7605,0.0045141336
7606,0.0006256333
7607,0.0014560336
7608,0.010982534
7609,0.0240267
7610,0.030146703
7611,0.00058080006
7612,0.0018723003
7613,0.0015265334
7614,4.5633336e-05
7615,0.0021675
7616,0.0011907001
7617,0.01452
7618,0.0023585334
7619,0.0021845335
7620,0.0195075
7621,0.030083334
7622,0.0192027
7623,0.00014963334
7624,0.0011408334
7625,0.015824035
7626,0.0380208
7627,0.0022707
7628,0.015277635
7629,0.025404302
7630,0.020332035
7631,0.006192034
7632,0.00018253335
7633,0.0018096336
7634,0.0027840333
7635,0.030976532
7636,0.06329614
7637,0.0682587
7638,0.042638704
7639,0.0110592
7640,0.0009185334
7641,0.0161472
7642,0.0382347
7643,0.050923202
7644,0.0014981332
7645,0.008978699
7646,0.016054533
7647,0.0139968
7648,5.333334e-07
7649,0.0012033334
7650,0.00059853337
7651,0.0075208335
7652,0.0012160332
7653,0.009973634
7654,0.0009075
7655,0.0052008326
7656,0.006512134
7657,2.43e-05
7658,1.4700002e-05
7659,0.00034680005
7660,9.72e-05
7661,0.0011656334
7662,0.0029403002
7663,0.0042721336
7664,0.0041301334
7665,0.0024661333
7666,0.0005292
7667,0.00010453333
7668,0.0019521335
7669,0.0050440338
7670,0.0069311997
7671,0.00015870002
7672,0.00056333333
7673,1.3333334e-05
7674,2.7e-06
7675,4.5633336e-05
7676,0.00027000002
7677,0.00046413334
7678,0.00035363334
7679,7.3633346e-05
7680,3.2033335e-05
7681,0.0003605333
7682,4.5633336e-05
7683,0.00032013337
7684,0.0004485333
7685,1.2000002e-06
7686,2.0833337e-05
7687,2.6133332e-05
7688,0.00042563336
7689,0.0011408334
7690,7.3633346e-05
7691,0.00045630004
7692,0.00059853337
7693,0.00027603333
7694,5.333334e-07
7695,0.00030720004
7696,0.0010680334
7697,0.0016725332
7698,0.0017176333
7699,0.0013200332
7700,0.0007905334
7701,0.0003605333
7702,3.0000004e-07
7703,6.533333e-06
7704,0.00015413333
7705,0.0006627
7706,0.00012813334
7707,0.00017763334
7708,0.00022963336
7709,0.0021336332
7710,0.0033285336
7711,0.0022533333
7712,0.00045630004
7713,9.0133326e-05
7714,0.0012033334
7715,0.0001323
7716,0.0009185334
7717,0.0015552
7718,0.0015123001
7719,0.0009633334
7720,1.2000002e-06
7721,1.2000002e-06
7722,7.5e-06
7723,3.4133336e-05
7724,0.000108299995
7725,0.0002187
7726,0.00028213335
7727,0.00020280002
7728,5.0700004e-05
7729,7.5e-06
7730,0.000112133326
7731,0.00020280002
7732,0.00012813334
7733,4.0333334e-06
7734,0.00013653334
7735,0.00041070004
7736,0.00058080006
7737,0.00042563336
7738,9.72e-05
7739,2.6133332e-05
7740,0.00038163335
7741,0.00081120007
7742,0.00086403335
7743,5.633333e-06
7744,1.3333334e-07
7745,8.333334e-07
7746,9.633333e-06
7747,5.0700004e-05
7748,0.00013653334
7749,0.00019763334
7750,0.00012813334
7751,2.7e-06
7752,0.00018253335
7753,9.363332e-05
7754,0.0010325334
7755,0.0019683002
7756,0.0016280335
7757,0.0004033333
7758,9.72e-05
7759,0.00020280002
7760,0.00024083335
7761,0.0020833337
7762,0.00014083333
7763,0.00050430006
7764,0.00028829998
7765,1.3333334e-07
7766,0.00045630004
7767,0.0014008334
7768,0.0017786999
7769,0.0011531999
7770,0.00020803335
7771,0.00012813334
7772,0.0013601334
7773,0.0031212
7774,0.0040600337
7775,0.0033920333
7776,1.3333334e-05
7777,3.0000004e-07
7778,6.4533335e-05
7779,3.6300004e-05
7780,0.0005208334
7781,0.0013467001
7782,0.0018408335
7783,0.0015552
7784,5.633333e-06
7785,0.0
7786,7.5e-06
7787,3.6300004e-05
7788,7.3633346e-05
7789,8.0033344e-05
7790,3.3333336e-08
7791,1.08e-05
7792,9.0133326e-05
7793,2.0833337e-05
7794,0.00017763334
7795,6.533333e-06
7796,4.0333334e-06
7797,5.8800008e-05
7798,0.00020803335
7799,0.0004181333
7800,0.0049665337
7801,0.0005720334
7802,0.0032448003
7803,8.0033344e-05
7804,3.3333336e-08
7805,0.0010325334
7806,0.0055216337
7807,0.0008533334
7808,0.0077120336
7809,0.013867501
7810,0.00027000002
7811,0.00034003335
7812,1.2033334e-05
7813,0.0018565333
7814,0.00071053335
7815,0.007970701
7816,0.0010920333
7817,0.0008321334
7818,0.0006533334
7819,0.0043681334
7820,0.0046875
7821,1.2000002e-06
7822,0.0007701334
7823,0.0030200335
7824,0.00032669998
7825,0.00030720004
7826,0.00032669998
7827,0.00030083334
7828,0.0022881336
7829,0.0029601331
7830,0.0014145334
7831,3.4133336e-05
7832,0.0008427
7833,0.0032033334
7834,0.0049665337
7835,0.0048133335
7836,0.0032240332
7837,0.0014008334
7838,2.1333335e-06
7839,0.000116033334
7840,0.00036750003
7841,7.3633346e-05
7842,0.0011163
7843,0.0035425334
7844,0.0061633335
7845,0.0069921343
7846,0.000108299995
7847,0.00028213335
7848,0.00015870002
7849,1.3333334e-05
7850,0.00013653334
7851,0.00029453338
7852,0.00048
7853,0.0006533334
7854,0.0065416335
7855,0.011485634
7856,0.00023520003
7857,0.00043319998
7858,6.4533335e-05
7859,0.000112133326
7860,0.0021336332
7861,0.0057963002
7862,0.008036033
7863,0.0067500006
7864,1.9200002e-05
7865,6.533333e-06
7866,2.6133332e-05
7867,7.053334e-05
7868,0.00014520001
7869,0.0002523
7870,0.0030000003
7871,0.0004181333
7872,0.0032033334
7873,0.00026403333
7874,0.0013333336
7875,0.0013200332
7876,0.00029453338
7877,0.00016803335
7878,0.0018408335
7879,0.0038988001
7880,0.004344034
7881,4.5633336e-05
7882,6.4533335e-05
7883,9.633333e-06
7884,1.9200002e-05
7885,0.00043319998
7886,0.0013333336
7887,0.0021336332
7888,0.0019845334
7889,0.0009075
7890,2.8033332e-05
7891,0.0008427
7892,0.0025576334
7893,0.0040136334
7894,0.0038533336
7895,0.0019845334
7896,0.00018750002
7897,0.0005720334
7898,0.0003605333
7899,0.0038760337
7900,0.00049613335
7901,0.003586134
7902,0.00026403333
7903,0.0012288002
7904,0.0011163
7905,0.00020280002
7906,0.00019763334
7907,0.0016428002
7908,0.0032240332
7909,0.00012403334
7910,0.0006533334
7911,0.0009520334
7912,0.0006627
7913,0.00014963334
7914,2.2533332e-05
7915,0.0003745333
7916,0.0008427
7917,0.0010325334
7918,0.0008533334
7919,8.533334e-06
7920,4.32e-05
7921,0.00014520001
7922,0.00028213335
7923,0.00036750003
7924,0.00028829998
7925,9.0133326e-05
7926,1.08e-05
7927,5.6033343e-05
7928,0.000108299995
7929,0.0012675
7930,0.00015870002
7931,0.00097470003
7932,0.0011285334
7933,0.00038163335
7934,1.7633334e-05
7935,0.0006721334
7936,0.0012805335
7937,8.533334e-06
7938,2.6133332e-05
7939,0.0003888
7940,9.0133326e-05
7941,0.0007600333
7942,4.0833336e-05
7943,6.7500005e-05
7944,9.633333e-06
7945,0.0005208334
7946,0.0018096336
7947,0.0030401333
7948,0.0031212
7949,0.0019845334
7950,0.00059853337
7951,3.3333336e-08
7952,0.00058080006
7953,0.0020336334
7954,0.0037185336
7955,0.0049665337
7956,0.005174534
7957,0.0041067
7958,2.2533332e-05
7959,1.08e-05
7960,7.5e-06
7961,0.00028829998
7962,0.0001323
7963,0.00022413337
7964,0.0027075
7965,0.0056581334
7966,0.0002187
7967,0.0010092
7968,0.0012160332
7969,0.0005376334
7970,2.43e-05
7971,0.00059853337
7972,0.0015408334
7973,0.0020172002
7974,4.0833336e-05
7975,0.00015870002
7976,9.633333e-06
7977,4.0333334e-06
7978,3.3333336e-06
7979,3e-05
7980,5.6033343e-05
7981,6.1633335e-05
7982,3.6300004e-05
7983,4.8000006e-06
7984,4.8000006e-06
7985,0.000112133326
7986,3.4133336e-05
7987,5.6033343e-05
7988,0.0006721334
7989,0.0014421332
7990,5.6033343e-05
7991,0.00022963336
7992,0.00018750002
7993,6.533333e-06
7994,0.00022963336
7995,0.0011285334
7996,0.0022188004
7997,0.0026133335
7998,0.0019521335
7999,1.6333332e-06
8000,3.8533333e-05
8001,0.00024653334
8002,0.0007203
8003,0.0014560336
8004,0.0022016333
8005,0.0025025331
8006,5.3333337e-05
8007,0.00020280002
8008,3.3333336e-06
8009,1.2033334e-05
8010,4.0833336e-05
8011,0.0006912
8012,0.0018096336
8013,0.0023408332
8014,3.6300004e-05
8015,9.72e-05
8016,0.000108299995
8017,8.0033344e-05
8018,5.0700004e-05
8019,2.2533332e-05
8020,3.3333336e-08
8021,7.680001e-05
8022,0.0005376334
8023,0.0016875002
8024,0.00021333335
8025,0.0020008332
8026,0.00020803335
8027,0.0010325334
8028,0.0007600333
8029,3.6300004e-05
8030,0.00018253335
8031,0.0023941335
8032,0.0050440338
8033,0.005122134
8034,2.0833337e-05
8035,3.3333336e-06
8036,0.000112133326
8037,0.00036750003
8038,3.6300004e-05
8039,0.00032669998
8040,0.0006912
8041,3.6300004e-05
8042,0.00026403333
8043,0.00049613335
8044,0.00051253336
8045,0.00029453338
8046,6.1633335e-05
8047,8.533334e-06
8048,2.2533332e-05
8049,0.00027603333
8050,5.0700004e-05
8051,0.0005208334
8052,0.0011656334
8053,0.0014282999
8054,0.0010680334
8055,0.00038163335
8056,8.333334e-07
8057,0.0003745333
8058,0.0013467001
8059,0.0022881336
8060,0.0025761332
8061,0.0020667
8062,1.2033334e-05
8063,1.4700002e-05
8064,8.333334e-07
8065,6.1633335e-05
8066,0.0005376334
8067,0.00016803335
8068,0.0021675
8069,0.0003888
8070,0.0032033334
8071,0.005018133
8072,0.0030805336
8073,0.0002187
8074,0.0014840333
8075,0.0075842994
8076,0.0007803
8077,0.0057131997
8078,0.009152534
8079,0.0068705333
8080,0.0018881336
8081,7.053334e-05
8082,0.0032240332
8083,0.0005720334
8084,0.0048896335
8085,0.0091875
8086,0.00032013337
8087,0.00014520001
8088,0.0010208334
8089,0.0011163
8090,0.0002523
8091,9.363332e-05
8092,0.0015987
8093,0.00024083335
8094,0.0017025335
8095,0.0023056336
8096,0.0011781335
8097,2.6133332e-05
8098,0.00070083333
8099,0.0016280335
8100,6.1633335e-05
8101,0.00026403333
8102,0.00027000002
8103,7.680001e-05
8104,1.6133334e-05
8105,0.00034680005
8106,0.0009976333
8107,9.0133326e-05
8108,0.0007600333
8109,0.0014008334
8110,0.0011285334
8111,0.00023520003
8112,0.00018253335
8113,0.0020667
8114,0.00038163335
8115,0.00363
8116,0.007176533
8117,0.007176533
8118,3.2033335e-05
8119,6.533333e-06
8120,0.00028213335
8121,0.0013736334
8122,0.0035208336
8123,0.006134701
8124,0.00768
8125,0.0067200335
8126,3.4133336e-05
8127,3.0000004e-07
8128,0.00024653334
8129,0.0014421332
8130,0.0036520334
8131,0.00029453338
8132,0.0022533333
8133,0.0038533336
8134,0.0032865335
8135,0.0014282999
8136,0.0001728
8137,4.5633336e-05
8138,0.00028213335
8139,1.08e-05
8140,6.1633335e-05
8141,0.00020803335
8142,0.0006440333
8143,0.0015408334
8144,0.0028033333
8145,0.0037856335
8146,0.0037856335
8147,5.0700004e-05
8148,0.00014963334
8149,0.00010453333
8150,4.0333334e-06
8151,0.0005547001
8152,0.0024843
8153,0.0003745333
8154,0.00043319998
8155,0.0044165333
8156,0.0075208335
8157,0.000112133326
8158,8.333335e-05
8159,2.43e-05
8160,9.0133326e-05
8161,0.0011531999
8162,0.00016803335
8163,0.0013200332
8164,0.00013653334
8165,9.72e-05
8166,0.0008216334
8167,0.0011408334
8168,0.0005208334
8169,4.0833336e-05
8170,0.0010443002
8171,0.0029008337
8172,0.0038081335
8173,0.0025392002
8174,0.0004408334
8175,0.0003605333
8176,0.0003745333
8177,0.0004485333
8178,0.0041536335
8179,0.006660301
8180,9.72e-05
8181,0.00013653334
8182,3.2033335e-05
8183,2.6133332e-05
8184,0.00029453338
8185,0.0008427
8186,0.0015841334
8187,0.0001323
8188,0.00016803335
8189,0.00022963336
8190,0.0002187
8191,0.0014560336
8192,0.0012936335
8193,7.680001e-05
8194,0.0010920333
8195,0.00056333333
8196,0.00071053335
8197,0.007176533
8198,0.012896133
8199,0.011252034
8200,0.0045387005
8201,0.0001323
8202,0.00043319998
8203,0.005333334
8204,0.012281634
8205,0.015916033
8206,0.013781635
8207,0.007808534
8208,0.0021505335
8209,5.333334e-07
8210,0.0015841334
8211,0.004712534
8212,0.006810134
8213,0.0067200335
8214,0.0049922997
8215,0.0028812
8216,0.0013333336
8217,0.0005547001
8218,0.00025813334
8219,0.00015870002
8220,8.670001e-05
8221,4.0333334e-06
8222,0.00024653334
8223,0.0001728
8224,0.0029008337
8225,0.0007203
8226,0.007457634
8227,0.0009075
8228,0.0057963002
8229,0.0002523
8230,0.0004181333
8231,4.8000006e-06
8232,0.00028829998
8233,0.0041536335
8234,0.009257633
8235,0.010156801
8236,8.0033344e-05
8237,4.0833336e-05
8238,1.2033334e-05
8239,6.7500005e-05
8240,0.00018253335
8241,0.0028227004
8242,0.007744133
8243,0.0006256333
8244,0.004712534
8245,0.007905634
8246,0.005685634
8247,3.2033335e-05
8248,0.0022707
8249,0.008300033
8250,0.015368034
8251,0.018600302
8252,0.015413335
8253,7.680001e-05
8254,1.9200002e-05
8255,2.43e-05
8256,0.0009296334
8257,0.004440834
8258,0.011174701
8259,0.018500835
8260,0.0009075
8261,0.0060208333
8262,0.009363333
8263,0.005740834
8264,0.00010083333
8265,0.0038760337
8266,0.011800835
8267,0.017909633
8268,0.0168507
8269,0.0001323
8270,0.00022413337
8271,8.533334e-06
8272,3.4133336e-05
8273,3.0000004e-07
8274,7.5e-06
8275,1.6133334e-05
8276,5.0700004e-05
8277,0.0008533334
8278,0.00021333335
8279,0.0024120333
8280,0.0004033333
8281,0.003586134
8282,0.0068403
8283,0.006660301
8284,0.0031827001
8285,0.00018750002
8286,0.00035363334
8287,0.0053067002
8288,0.013062534
8289,0.017666133
8290,0.00045630004
8291,0.0021000335
8292,0.00012
8293,0.00035363334
8294,1.6333332e-06
8295,0.0003333334
8296,0.0015265334
8297,0.00020280002
8298,0.0017941332
8299,0.0034347004
8300,0.0034561334
8301,0.0019683002
8302,0.00045630004
8303,9.633333e-06
8304,0.0005208334
8305,0.0011656334
8306,0.0013467001
8307,0.0010680334
8308,0.0006533334
8309,0.00034003335
8310,0.00019763334
8311,0.0001728
8312,0.00020803335
8313,0.00024653334
8314,0.00021333335
8315,9.72e-05
8316,2.1333335e-06
8317,7.680001e-05
8318,0.0003333334
8319,0.00058963336
8320,0.0006721334
8321,0.00056333333
8322,0.0003745333
8323,0.00024083335
8324,0.00020280002
8325,1.3333334e-05
8326,0.00018253335
8327,0.00048803337
8328,0.0005720334
8329,0.00026403333
8330,5.333334e-07
8331,0.0005461334
8332,0.00019253335
8333,0.0021336332
8334,0.0045141336
8335,0.0048133335
8336,0.0027075
8337,1.3333334e-05
8338,0.0006075001
8339,0.0016280335
8340,0.0021505335
8341,0.0016133332
8342,0.0005461334
8343,1.3333334e-07
8344,0.00048
8345,0.0013601334
8346,0.0015987
8347,0.0008965335
8348,8.670001e-05
8349,0.00027603333
8350,0.0017176333
8351,0.00023520003
8352,0.0021675
8353,0.0043923
8354,0.004637634
8355,0.0026320333
8356,1.6133334e-05
8357,0.00013653334
8358,0.0021000335
8359,0.0059080343
8360,0.009398701
8361,0.010120033
8362,0.0074261334
8363,0.0031008334
8364,0.00022963336
8365,0.0007701334
8366,0.0042008334
8367,0.00050430006
8368,0.0046127997
8369,0.009720001
8370,0.011329633
8371,0.0082668
8372,0.0033285336
8373,3.8533333e-05
8374,0.0009296334
8375,0.00013653334
8376,0.0011781335
8377,0.00015413333
8378,0.0013467001
8379,0.0027456335
8380,0.00014963334
8381,0.0011656334
8382,0.00018253335
8383,0.00019763334
8384,0.0019521335
8385,0.0033708
8386,0.0025208336
8387,0.00048803337
8388,0.00032669998
8389,0.0034776332
8390,0.008036033
8391,0.010341633
8392,0.008534533
8393,3.4133336e-05
8394,5.333334e-07
8395,4.5633336e-05
8396,0.00029453338
8397,0.0009408001
8398,0.0019360333
8399,0.0028616334
8400,0.0031212
8401,0.0024843
8402,0.0013736334
8403,0.0004181333
8404,7.5e-06
8405,0.0001323
8406,0.00027000002
8407,0.00038163335
8408,3.4133336e-05
8409,0.0005292
8410,0.0019040334
8411,0.0038533336
8412,0.00026403333
8413,0.0020336334
8414,0.003586134
8415,0.0028421334
8416,0.00071053335
8417,0.0001323
8418,0.0024300003
8419,0.005824134
8420,0.0074261334
8421,0.0063365335
8422,0.0037632005
8423,0.0015408334
8424,0.0003745333
8425,2.0833337e-05
8426,3.8533333e-05
8427,0.00027603333
8428,0.00088563334
8429,0.0021845335
8430,0.0041772006
8431,0.006134701
8432,0.0067200335
8433,0.00507
8434,0.0021505335
8435,0.00013653334
8436,0.00061653333
8437,0.0030000003
8438,0.00028829998
8439,0.00024083335
8440,0.00026403333
8441,0.0025025331
8442,0.0045633335
8443,0.004637634
8444,0.0031008334
8445,0.0013736334
8446,0.00029453338
8447,2.7e-06
8448,5.8800008e-05
8449,0.0008748
8450,0.00021333335
8451,0.0024480335
8452,0.0054945336
8453,0.0062496336
8454,0.0036963
8455,0.0005720334
8456,0.0004033333
8457,0.0032656335
8458,0.005685634
8459,0.0047628004
8460,0.0016725332
8461,7.680001e-05
8462,0.0014282999
8463,0.0027648
8464,0.0023408332
8465,0.0
8466,0.0001728
8467,0.00061653333
8468,0.00088563334
8469,0.0006721334
8470,0.00020803335
8471,1.3333334e-07
8472,1.7633334e-05
8473,0.00012
8474,2.1333335e-06
8475,5.333334e-07
8476,3.3333336e-08
8477,1.2033334e-05
8478,2.2533332e-05
8479,0.00042563336
8480,0.0012675
8481,0.0017786999
8482,0.0012416334
8483,0.00020803335
8484,0.00010083333
8485,0.0017633336
8486,0.00030720004
8487,0.0024843
8488,0.0040368
8489,0.0028812
8490,0.0006075001
8491,0.0001728
8492,0.0022533333
8493,0.0046625338
8494,0.00019253335
8495,0.0010325334
8496,7.680001e-05
8497,0.0004181333
8498,0.00046413334
8499,0.00014520001
8500,2.43e-05
8501,0.00048803337
8502,0.0012416334
8503,7.3633346e-05
8504,0.00045630004
8505,3.4133336e-05
8506,0.00018750002
8507,0.00026403333
8508,0.00022413337
8509,0.00014963334
8510,8.333335e-05
8511,3e-05
8512,1.2000002e-06
8513,0.00014520001
8514,8.333335e-05
8515,0.0012545333
8516,0.0033920333
8517,0.0047628004
8518,0.003921633
8519,0.0014981332
8520,1.2033334e-05
8521,0.0011531999
8522,0.0040833335
8523,0.00034003335
8524,0.0025761332
8525,0.0048896335
8526,0.0051483
8527,0.0033496334
8528,8.333334e-07
8529,6.4533335e-05
8530,0.00025813334
8531,0.0006440333
8532,0.0012936335
8533,0.0001323
8534,0.0014421332
8535,0.0033496334
8536,0.0039445334
8537,0.0025025331
8538,7.5e-06
8539,0.00056333333
8540,0.0020008332
8541,0.0036741337
8542,0.00020280002
8543,0.0014421332
8544,0.0023941335
8545,0.0016428002
8546,0.00018750002
8547,0.00017763334
8548,0.0028421334
8549,0.0004485333
8550,0.00034680005
8551,0.0026133335
8552,0.0031008334
8553,0.0010800001
8554,4.32e-05
8555,0.0021845335
8556,0.0003745333
8557,0.0027840333
8558,0.0042721336
8559,0.0030603004
8560,0.0008216334
8561,2.2533332e-05
8562,0.0012675
8563,0.0032240332
8564,0.0043200003
8565,0.0039445334
8566,0.0025392002
8567,0.0010092
8568,0.00010453333
8569,4.8133337e-05
8570,0.0007203
8571,0.0017327999
8572,0.0024480335
8573,9.0133326e-05
8574,0.0006627
8575,9.72e-05
8576,0.00086403335
8577,0.0016133332
8578,0.0014840333
8579,0.00058080006
8580,1.3333334e-07
8581,0.0008965335
8582,0.0033496334
8583,0.0060208333
8584,0.006900834
8585,0.0049665337
8586,0.0015841334
8587,2.6133332e-05
8588,0.0032240332
8589,0.01083
8590,0.018401636
8591,0.020020833
8592,0.013440834
8593,0.003586134
8594,0.0003333334
8595,0.0015696336
8596,0.0026885336
8597,0.0037632005
8598,0.038377635
8599,0.0037632005
8600,0.020540833
8601,0.021600837
8602,0.005576033
8603,0.0018881336
8604,0.026641203
8605,0.059407502
8606,0.0026320333
8607,0.0134832
8608,0.017088534
8609,0.008200534
8610,0.000112133326
8611,0.0068403
8612,0.026048535
8613,0.041888036
8614,0.0415152
8615,0.026166534
8616,0.0084672
8617,0.00024083335
8618,0.004712534
8619,0.00075000006
8620,0.0008321334
8621,0.009469633
8622,0.0205932
8623,0.0248832
8624,0.019660803
8625,9.0133326e-05
8626,8.333335e-05
8627,3.0000004e-07
8628,9.633333e-06
8629,0.00043319998
8630,0.0021675
8631,0.0053067002
8632,0.008134534
8633,0.00029453338
8634,0.0015987
8635,0.0022188004
8636,0.0012416334
8637,9.72e-05
8638,0.00035363334
8639,0.00015413333
8640,0.0013467001
8641,0.0024300003
8642,0.0025392002
8643,0.0019521335
8644,0.0012416334
8645,1.08e-05
8646,7.5e-06
8647,6.4533335e-05
8648,2.6133332e-05
8649,6.7500005e-05
8650,0.0008533334
8651,0.0025761332
8652,0.00022963336
8653,0.0016725332
8654,0.0025947
8655,0.0016428002
8656,0.00018253335
8657,0.0004181333
8658,0.0025208336
8659,0.0043923
8660,0.004224533
8661,0.0023408332
8662,2.1333335e-06
8663,0.00016333334
8664,0.00032013337
8665,0.00027603333
8666,5.333334e-07
8667,3.3333336e-08
8668,8.333334e-07
8669,4.0833336e-05
8670,0.00024653334
8671,0.0007301334
8672,0.0013872002
8673,0.0018565333
8674,0.0016875002
8675,9.633333e-06
8676,3.3333336e-08
8677,5.8800008e-05
8678,0.00042563336
8679,0.0012805335
8680,0.0024300003
8681,0.00016333334
8682,0.0013333336
8683,0.0025761332
8684,7.3633346e-05
8685,1.08e-05
8686,1.3333334e-07
8687,0.000108299995
8688,0.00070083333
8689,0.0017786999
8690,0.0025576334
8691,6.7500005e-05
8692,0.00027000002
8693,0.00030720004
8694,0.00012813334
8695,4.8000006e-06
8696,0.00010083333
8697,1.7633334e-05
8698,0.00016803335
8699,0.00043319998
8700,0.0007400333
8701,0.0010092
8702,0.0010920333
8703,0.00086403335
8704,0.00038163335
8705,1.4700002e-05
8706,0.00023520003
8707,0.0011041333
8708,0.0020172002
8709,0.0021675
8710,2.2533332e-05
8711,3.2033335e-05
8712,1.08e-05
8713,2.7e-06
8714,3.6300004e-05
8715,5.3333337e-05
8716,0.0
8717,1.3333334e-05
8718,5.6033343e-05
8719,7.053334e-05
8720,3.0000004e-07
8721,5.8800008e-05
8722,0.00034680005
8723,6.7500005e-05
8724,0.00070083333
8725,0.0013333336
8726,0.0011285334
8727,0.00032013337
8728,4.8133337e-05
8729,0.0009075
8730,0.0021845335
8731,0.0027075
8732,0.0020172002
8733,2.1333335e-06
8734,2.7e-06
8735,2.6133332e-05
8736,3.3333336e-06
8737,4.0333334e-06
8738,6.4533335e-05
8739,0.00021333335
8740,0.00043319998
8741,4.0833336e-05
8742,0.0004181333
8743,0.00097470003
8744,0.0011781335
8745,0.0007701334
8746,1.6333332e-06
8747,0.00016333334
8748,0.00063480006
8749,0.0013333336
8750,0.0019040334
8751,0.0019521335
8752,0.0013601334
8753,3.0000004e-07
8754,5.8800008e-05
8755,0.00032669998
8756,0.0008216334
8757,7.680001e-05
8758,7.053334e-05
8759,6.7500005e-05
8760,0.00049613335
8761,2.2533332e-05
8762,3.3333336e-06
8763,8.533334e-06
8764,4.0333334e-06
8765,3.0000004e-07
8766,8.333334e-07
8767,6.533333e-06
8768,1.9200002e-05
8769,3e-05
8770,1.7633334e-05
8771,8.333334e-07
8772,1.6133334e-05
8773,0.00027603333
8774,0.0006721334
8775,0.0006533334
8776,0.00014963334
8777,7.3633346e-05
8778,0.0015265334
8779,0.004224533
8780,0.0057963002
8781,9.0133326e-05
8782,0.000112133326
8783,1.7633334e-05
8784,0.00071053335
8785,0.0027840333
8786,0.005280133
8787,0.00026403333
8788,0.0016576335
8789,0.00012813334
8790,0.00058963336
8791,0.0004181333
8792,8.333334e-07
8793,0.0008216334
8794,0.0034347004
8795,0.0004033333
8796,0.0003888
8797,0.0037408334
8798,0.0062785344
8799,0.0046875
8800,0.0011163
8801,0.00019763334
8802,0.0036520334
8803,0.0006440333
8804,0.0006721334
8805,0.0068705333
8806,0.012854701
8807,0.012000001
8808,0.0054945336
8809,9.0133326e-05
8810,0.0026320333
8811,0.0070533343
8812,0.010304533
8813,0.010230534
8814,0.007176533
8815,0.0032033334
8816,0.0005461334
8817,8.333335e-05
8818,0.0013736334
8819,0.0033920333
8820,0.005253634
8821,0.0064240335
8822,0.0065712007
8823,0.0054945336
8824,0.0034347004
8825,8.333334e-07
8826,1.9200002e-05
8827,0.00041070004
8828,0.0014981332
8829,0.0031621335
8830,0.0046127997
8831,0.005018133
8832,0.0041301334
8833,0.0024661333
8834,2.7e-06
8835,2.1333335e-06
8836,1.7633334e-05
8837,0.00010083333
8838,0.00042563336
8839,0.0012160332
8840,0.0024661333
8841,0.0036963
8842,0.0042008334
8843,0.0035643002
8844,0.0021336332
8845,0.0006627
8846,2.7e-06
8847,0.0005547001
8848,0.0022533333
8849,0.00031363333
8850,0.00042563336
8851,0.0006256333
8852,0.0065416335
8853,0.0006627
8854,0.0036963
8855,0.0040136334
8856,0.0012160332
8857,0.00014963334
8858,0.0035425334
8859,0.008233634
8860,0.00035363334
8861,0.0016576335
8862,6.7500005e-05
8863,0.0001323
8864,8.533334e-06
8865,0.0004033333
8866,0.0015552
8867,0.0027265332
8868,0.0026696336
8869,4.0333334e-06
8870,0.000116033334
8871,0.0010325334
8872,0.0032033334
8873,0.0057131997
8874,0.00024083335
8875,0.0011781335
8876,2.43e-05
8877,1.2033334e-05
8878,0.0007400333
8879,0.0032033334
8880,0.0061633335
8881,0.006690133
8882,0.0038760337
8883,0.00056333333
8884,0.00023520003
8885,0.0035425334
8886,0.0005376334
8887,0.004296033
8888,0.0072696335
8889,0.0060208333
8890,0.0022188004
8891,2.43e-05
8892,0.0012288002
8893,0.0037408334
8894,0.00018253335
8895,0.0008427
8896,0.0009408001
8897,0.00034003335
8898,2.43e-05
8899,0.00045630004
8900,0.0008965335
8901,0.00070083333
8902,0.00012813334
8903,5.6033343e-05
8904,0.00097470003
8905,0.00016333334
8906,0.0013200332
8907,0.0021000335
8908,0.0014700001
8909,3.3333336e-06
8910,0.00026403333
8911,0.0007803
8912,0.0011163
8913,0.00097470003
8914,0.0005547001
8915,0.00019253335
8916,3.6300004e-05
8917,4.0333334e-06
8918,5.633333e-06
8919,2.1333335e-06
8920,2.0833337e-05
8921,1.6133334e-05
8922,4.0333334e-06
8923,0.00014963334
8924,0.0006256333
8925,0.0013601334
8926,0.0019683002
8927,0.0020501334
8928,0.0014560336
8929,0.0005720334
8930,1.4700002e-05
8931,0.00041070004
8932,0.000108299995
8933,0.0012805335
8934,0.0002187
8935,0.0019040334
8936,0.00019763334
8937,0.0012545333
8938,7.680001e-05
8939,0.00035363334
8940,1.3333334e-05
8941,2.1333335e-06
8942,5.633333e-06
8943,3.3333336e-08
8944,3.8533333e-05
8945,0.00020803335
8946,0.00049613335
8947,0.0007400333
8948,0.00070083333
8949,0.00038163335
8950,6.1633335e-05
8951,2.2533332e-05
8952,0.00020280002
8953,0.00030720004
8954,0.00021333335
8955,6.1633335e-05
8956,2.1333335e-06
8957,3.3333336e-08
8958,1.6133334e-05
8959,0.00015413333
8960,0.0004485333
8961,0.0006721334
8962,0.00056333333
8963,0.0002187
8964,4.8000006e-06
8965,1.9200002e-05
8966,0.00020803335
8967,0.0003888
8968,1.9200002e-05
8969,0.00020280002
8970,0.0006816333
8971,0.0014282999
8972,0.0020336334
8973,0.00192
8974,5.633333e-06
8975,3.4133336e-05
8976,0.00048803337
8977,0.0018408335
8978,0.0037856335
8979,0.0049152006
8980,0.0040136334
8981,0.0016725332
8982,4.32e-05
8983,0.0011408334
8984,0.0031621335
8985,0.004788033
8986,0.0049152006
8987,0.003586134
8988,1.3333334e-05
8989,3.3333336e-08
8990,8.333334e-07
8991,3.4133336e-05
8992,0.00024653334
8993,0.00086403335
8994,0.0018723003
8995,0.0028421334
8996,0.0030805336
8997,0.0022707
8998,0.00088563334
8999,2.8033332e-05
9000,0.000116033334
9001,0.0016428002
9002,0.0042483
9003,0.0060776332
9004,0.005576033
9005,0.0030603004
9006,7.5e-06
9007,0.00050430006
9008,0.00012813334
9009,0.0013872002
9010,0.0030603004
9011,0.0036080335
9012,5.0700004e-05
9013,0.00013653334
9014,0.00012403334
9015,2.43e-05
9016,2.2533332e-05
9017,0.0002187
9018,0.0004720334
9019,2.2533332e-05
9020,0.00012813334
9021,0.00019253335
9022,3.3333336e-06
9023,1.4700002e-05
9024,3.6300004e-05
9025,7.3633346e-05
9026,0.00012403334
9027,0.00013653334
9028,6.7500005e-05
9029,5.333334e-07
9030,0.0002187
9031,0.0009633334
9032,0.0020008332
9033,0.0025576334
9034,0.0020172002
9035,0.00075000006
9036,1.2000002e-06
9037,0.0007803
9038,0.0002523
9039,0.0026885336
9040,0.0004033333
9041,0.00039603334
9042,0.0038533336
9043,0.006660301
9044,0.000116033334
9045,0.00012
9046,3e-05
9047,0.00019763334
9048,0.0031827001
9049,0.0006075001
9050,0.005018133
9051,0.007873201
9052,0.0050960337
9053,0.00063480006
9054,0.0010443002
9055,0.0065712007
9056,0.010982534
9057,0.009469633
9058,0.0040368
9059,0.00028829998
9060,0.00070083333
9061,0.0028616334
9062,0.0034133336
9063,0.0019040334
9064,5.633333e-06
9065,3.2033335e-05
9066,2.43e-05
9067,1.4700002e-05
9068,9.72e-05
9069,0.00012813334
9070,8.0033344e-05
9071,1.7633334e-05
9072,4.8000006e-06
9073,0.00012403334
9074,0.00048803337
9075,0.0011531999
9076,0.0019040334
9077,0.0022707
9078,0.0018252002
9079,0.00075000006
9080,1.08e-05
9081,0.0006627
9082,0.0029008337
9083,0.0056033335
9084,0.0003333334
9085,0.0025947
9086,0.005122134
9087,0.00018750002
9088,0.0008427
9089,0.0009296334
9090,0.00030720004
9091,3.6300004e-05
9092,0.0010920333
9093,0.00027000002
9094,0.0003605333
9095,0.0042483
9096,0.009328035
9097,0.011097634
9098,0.008068801
9099,0.0028812
9100,2.43e-05
9101,0.0021845335
9102,0.008333335
9103,0.014300834
9104,0.015870001
9105,0.0118803
9106,0.0052008326
9107,0.00056333333
9108,0.0006075001
9109,0.0038307
9110,0.006365634
9111,0.0057963002
9112,0.0030200335
9113,0.0006533334
9114,1.2000002e-06
9115,3.4133336e-05
9116,5.633333e-06
9117,1.2000002e-06
9118,0.00015413333
9119,5.8800008e-05
9120,6.4533335e-05
9121,0.00051253336
9122,2.0833337e-05
9123,0.0
9124,8.670001e-05
9125,9.0133326e-05
9126,0.00019763334
9127,0.0026320333
9128,0.005936133
9129,0.006630534
9130,3.8533333e-05
9131,1.08e-05
9132,0.00056333333
9133,0.00025813334
9134,0.0032656335
9135,0.0073008006
9136,0.007970701
9137,0.0043681334
9138,0.0005208334
9139,0.0007301334
9140,0.004712534
9141,0.008300033
9142,0.00028213335
9143,0.00014963334
9144,0.00015413333
9145,0.0013200332
9146,8.333335e-05
9147,1.4700002e-05
9148,1.6333332e-06
9149,0.00019763334
9150,0.0012545333
9151,0.0029008337
9152,0.003586134
9153,0.0023941335
9154,0.00048803337
9155,0.00019253335
9156,0.00030083334
9157,0.0034133336
9158,0.0073008006
9159,0.008636033
9160,0.006780033
9161,0.0034347004
9162,1.2000002e-06
9163,0.00018253335
9164,0.00061653333
9165,0.00012403334
9166,0.0019521335
9167,0.0061061336
9168,0.010528133
9169,0.011800835
9170,0.0084672
9171,0.0030401333
9172,3.6300004e-05
9173,0.0003888
9174,0.0050960337
9175,0.011603335
9176,0.015008034
9177,0.013525635
9178,0.008738134
9179,0.0037632005
9180,6.533333e-06
9181,0.00029453338
9182,0.0007600333
9183,0.0013872002
9184,0.0023056336
9185,0.0034776332
9186,0.004637634
9187,0.00023520003
9188,0.00025813334
9189,0.00036750003
9190,0.0036963
9191,0.0062496336
9192,0.0044652
9193,2.0833337e-05
9194,0.0015841334
9195,0.0059080343
9196,0.011252034
9197,0.0141701335
9198,0.00036750003
9199,0.00018253335
9200,0.00014083333
9201,0.0007701334
9202,3.0000004e-07
9203,8.333335e-05
9204,0.0021000335
9205,0.0072696335
9206,0.012937633
9207,0.014476032
9208,0.009900834
9209,0.0027648
9210,0.00015413333
9211,0.0068403
9212,0.0016875002
9213,0.017280001
9214,0.0023585334
9215,0.017812034
9216,0.027603336
9217,0.018500835
9218,9.0133326e-05
9219,0.00086403335
9220,0.011800835
9221,0.027603336
9222,0.0014981332
9223,0.0092225345
9224,0.014257201
9225,0.0103788
9226,6.533333e-06
9227,0.00022413337
9228,0.0033496334
9229,0.008944133
9230,0.014040034
9231,0.0006912
9232,0.0006721334
9233,0.0075842994
9234,0.014696535
9235,0.012937633
9236,0.0041772006
9237,0.0004485333
9238,0.0095408335
9239,0.025404302
9240,0.035845637
9241,0.0320787
9242,0.0175692
9243,0.0039445334
9244,0.0001323
9245,0.005280133
9246,0.011920135
9247,0.013953634
9248,0.011020834
9249,0.006365634
9250,0.0027840333
9251,0.0009633334
9252,0.00029453338
9253,9.0133326e-05
9254,2.6133332e-05
9255,3.0000004e-07
9256,9.633333e-06
9257,3.4133336e-05
9258,9.363332e-05
9259,0.00024083335
9260,0.0006440333
9261,0.0016576335
9262,0.0035643002
9263,0.0060208333
9264,0.0075525343
9265,0.00018750002
9266,5.3333337e-05
9267,0.00016803335
9268,3.3333336e-08
9269,0.00070083333
9270,0.00030083334
9271,0.0032240332
9272,0.0063365335
9273,0.0063365335
9274,0.0036520334
9275,1.3333334e-07
9276,7.680001e-05
9277,4.0333334e-06
9278,1.9200002e-05
9279,7.3633346e-05
9280,0.00030720004
9281,0.0009408001
9282,0.0020008332
9283,0.0029205335
9284,0.0029205335
9285,0.0017941332
9286,0.0004408334
9287,2.8033332e-05
9288,0.0009075
9289,0.0022881336
9290,0.0030401333
9291,0.0026885336
9292,0.0015841334
9293,3.0000004e-07
9294,2.0833337e-05
9295,7.053334e-05
9296,1.2033334e-05
9297,0.0001728
9298,0.00048803337
9299,0.0007203
9300,0.00061653333
9301,0.00024653334
9302,2.1333335e-06
9303,0.00018750002
9304,0.0006440333
9305,0.0008748
9306,0.0006075001
9307,0.0001323
9308,2.8033332e-05
9309,0.0004720334
9310,0.0010680334
9311,0.0011781335
9312,0.0006627
9313,5.633333e-06
9314,0.00024653334
9315,0.0007301334
9316,0.0010561333
9317,0.00088563334
9318,0.0003605333
9319,9.633333e-06
9320,0.0002187
9321,0.00048
9322,0.00048
9323,5.333334e-07
9324,1.3333334e-05
9325,8.670001e-05
9326,0.00018253335
9327,0.00019763334
9328,9.363332e-05
9329,4.8000006e-06
9330,2.43e-05
9331,0.00039603334
9332,0.0011408334
9333,0.0018565333
9334,0.0020501334
9335,0.0014700001
9336,0.00048803337
9337,6.533333e-06
9338,0.0010208334
9339,0.0037185336
9340,0.00043319998
9341,0.0039675003
9342,0.00048
9343,0.0031416332
9344,0.0039905333
9345,0.0017025335
9346,8.333334e-07
9347,0.00038163335
9348,0.004637634
9349,0.009257633
9350,0.009398701
9351,6.7500005e-05
9352,5.8800008e-05
9353,1.7633334e-05
9354,4.8000006e-06
9355,0.000116033334
9356,0.00039603334
9357,0.0007701334
9358,0.0010561333
9359,0.0011163
9360,0.0008965335
9361,0.0005292
9362,0.00019763334
9363,2.0833337e-05
9364,6.533333e-06
9365,9.633333e-06
9366,0.00010453333
9367,0.00024083335
9368,0.00034003335
9369,0.0003888
9370,0.00042563336
9371,0.00048
9372,0.0005720334
9373,0.0006627
9374,0.0006816333
9375,0.0005208334
9376,0.00020803335
9377,3.0000004e-07
9378,0.00029453338
9379,0.0012805335
9380,0.0026133335
9381,0.003586134
9382,0.0035643002
9383,0.0025392002
9384,0.0011656334
9385,0.00019253335
9386,4.5633336e-05
9387,0.0006533334
9388,0.0017176333
9389,0.0029205335
9390,0.00020803335
9391,0.00026403333
9392,0.0032448003
9393,0.006900834
9394,0.0071147997
9395,0.0035643002
9396,0.00025813334
9397,0.0011907001
9398,0.0061061336
9399,0.0109443
9400,0.011800835
9401,0.008433634
9402,0.0036963
9403,1.2033334e-05
9404,0.0004033333
9405,0.0008427
9406,0.0010800001
9407,4.8133337e-05
9408,0.0005208334
9409,0.00012403334
9410,0.0014145334
9411,0.0032033334
9412,0.0040136334
9413,8.670001e-05
9414,0.0004033333
9415,0.0006440333
9416,0.00048
9417,8.333335e-05
9418,0.000108299995
9419,0.0001323
9420,0.0017480336
9421,0.0042483
9422,0.0056306995
9423,0.004788033
9424,0.0024480335
9425,0.0004720334
9426,6.1633335e-05
9427,0.000116033334
9428,0.00015413333
9429,0.0017480336
9430,0.0038988001
9431,0.0049922997
9432,0.0043200003
9433,3.2033335e-05
9434,2.7e-06
9435,5.633333e-06
9436,9.633333e-06
9437,0.00019763334
9438,0.0006912
9439,7.053334e-05
9440,0.0005292
9441,3.8533333e-05
9442,0.00015870002
9443,0.000116033334
9444,7.5e-06
9445,5.3333337e-05
9446,0.00022963336
9447,0.00032013337
9448,0.0002187
9449,4.5633336e-05
9450,1.9200002e-05
9451,0.00025813334
9452,0.0006816333
9453,0.0010325334
9454,0.0010208334
9455,0.0006075001
9456,0.00010453333
9457,8.670001e-05
9458,0.00086403335
9459,0.0020501334
9460,0.0026508
9461,0.0020501334
9462,0.0007600333
9463,2.6133332e-05
9464,0.0005720334
9465,0.0012675
9466,0.0013067999
9467,0.00063480006
9468,3.6300004e-05
9469,0.00020280002
9470,6.4533335e-05
9471,0.00039603334
9472,0.00032013337
9473,9.633333e-06
9474,0.00034003335
9475,0.0013601334
9476,0.0018881336
9477,0.0011163
9478,8.0033344e-05
9479,0.00048803337
9480,0.0024120333
9481,0.0038760337
9482,0.0031621335
9483,0.0010680334
9484,5.333334e-07
9485,0.0010800001
9486,0.00020803335
9487,0.0014700001
9488,9.0133326e-05
9489,0.0003605333
9490,0.00029453338
9491,5.3333337e-05
9492,2.2533332e-05
9493,2.2533332e-05
9494,0.00019253335
9495,0.00035363334
9496,0.0003745333
9497,0.00028829998
9498,0.00014963334
9499,1.9200002e-05
9500,5.3333337e-05
9501,0.0005376334
9502,0.0017176333
9503,0.00022413337
9504,0.0022188004
9505,0.004344034
9506,0.0037408334
9507,0.0009296334
9508,0.0003745333
9509,0.0055216337
9510,0.0010208334
9511,0.0010208334
9512,0.009257633
9513,0.014257201
9514,0.009117634
9515,0.0013200332
9516,0.0012675
9517,0.009292801
9518,0.016661635
9519,0.016473634
9520,0.010120033
9521,0.0034776332
9522,0.00028829998
9523,0.00025813334
9524,0.0014560336
9525,0.0028227004
9526,0.0043681334
9527,0.006512134
9528,0.009048034
9529,0.010678534
9530,0.009434134
9531,0.005122134
9532,0.0006912
9533,0.0009976333
9534,0.008134534
9535,0.018401636
9536,0.0248832
9537,0.0007400333
9538,0.00042563336
9539,0.0004181333
9540,0.0030603004
9541,0.0032448003
9542,0.0006075001
9543,0.0009075
9544,0.0009075
9545,0.010230534
9546,0.0205932
9547,0.020540833
9548,7.680001e-05
9549,3.6300004e-05
9550,0.0007905334
9551,0.0026696336
9552,0.0047628004
9553,0.0056033335
9554,0.0045633335
9555,0.0024661333
9556,0.00070083333
9557,1.08e-05
9558,0.00027000002
9559,0.0009633334
9560,0.000108299995
9561,0.0011907001
9562,0.0030603004
9563,0.004440834
9564,0.0040600337
9565,0.0020833337
9566,0.00022963336
9567,0.0004408334
9568,0.0029205335
9569,0.0057131997
9570,0.006365634
9571,0.0042008334
9572,0.0011408334
9573,0.000116033334
9574,0.0022188004
9575,0.005740834
9576,0.0004033333
9577,0.0029601331
9578,0.0049152006
9579,6.7500005e-05
9580,1.6333332e-06
9581,0.00031363333
9582,0.0018565333
9583,0.0045880335
9584,0.006630534
9585,0.0059643
9586,0.0029601331
9587,0.00030083334
9588,0.00063480006
9589,0.0039675003
9590,0.0077763004
9591,0.009292801
9592,0.0077763004
9593,0.0044896337
9594,1.2000002e-06
9595,3.4133336e-05
9596,9.363332e-05
9597,0.00018750002
9598,0.0003888
9599,0.00075000006
9600,8.0033344e-05
9601,0.0009408001
9602,0.0024661333
9603,0.0036741337
9604,0.0036963
9605,0.0025208336
9606,1.6333332e-06
9607,5.3333337e-05
9608,0.00036750003
9609,0.000116033334
9610,0.0017025335
9611,0.0003888
9612,0.00045630004
9613,0.00050430006
9614,0.00043319998
9615,0.0029205335
9616,0.0030401333
9617,0.0007301334
9618,0.00017763334
9619,0.0029008337
9620,0.0060776332
9621,0.0059925327
9622,0.0027840333
9623,0.00016333334
9624,0.0008748
9625,0.0037185336
9626,0.0052271998
9627,0.0037632005
9628,0.0010800001
9629,6.533333e-06
9630,0.0010561333
9631,0.0021675
9632,0.0015552
9633,0.00018750002
9634,0.00048
9635,0.0029403002
9636,0.004940833
9637,0.0038081335
9638,1.08e-05
9639,0.0012288002
9640,0.0050960337
9641,0.0006816333
9642,0.006192034
9643,0.011603335
9644,0.00026403333
9645,0.0004485333
9646,9.633333e-06
9647,0.0010800001
9648,0.005548801
9649,0.011485634
9650,0.014476032
9651,0.00032013337
9652,0.0013067999
9653,5.6033343e-05
9654,6.4533335e-05
9655,4.0833336e-05
9656,0.0002187
9657,0.0036741337
9658,0.0007905334
9659,0.0075525343
9660,0.0008533334
9661,0.0054405336
9662,0.0070533343
9663,0.0033075
9664,3.2033335e-05
9665,0.0027840333
9666,0.009612301
9667,0.0006627
9668,0.0040136334
9669,0.00026403333
9670,0.0011041333
9671,0.0009520334
9672,3.3333336e-06
9673,0.0002187
9674,0.00048803337
9675,0.00035363334
9676,2.6133332e-05
9677,0.00020803335
9678,0.0009976333
9679,0.0014700001
9680,0.0008965335
9681,3.8533333e-05
9682,0.0001728
9683,0.0027075
9684,0.006512134
9685,0.0077120336
9686,6.7500005e-05
9687,2.1333335e-06
9688,5.6033343e-05
9689,0.0012033334
9690,0.0036741337
9691,0.0053600334
9692,0.0042483
9693,0.0013333336
9694,2.2533332e-05
9695,0.00032013337
9696,0.0004033333
9697,0.003586134
9698,0.0055216337
9699,0.0038081335
9700,0.0009075
9701,8.670001e-05
9702,0.0011285334
9703,0.0017941332
9704,0.0012805335
9705,3.3333336e-08
9706,1.9200002e-05
9707,9.633333e-06
9708,6.533333e-06
9709,0.00013653334
9710,0.00034680005
9711,0.0003888
9712,0.00018253335
9713,6.533333e-06
9714,0.00016803335
9715,0.00048
9716,0.0007400333
9717,0.00086403335
9718,0.0008533334
9719,0.0007905334
9720,0.0006912
9721,0.00050430006
9722,0.00021333335
9723,5.333334e-07
9724,0.0003605333
9725,0.00018253335
9726,0.0024843
9727,0.00048
9728,0.0045387005
9729,0.008738134
9730,0.0083667
9731,0.0038760337
9732,7.680001e-05
9733,0.0023408332
9734,0.0068403
9735,0.011097634
9736,0.012444034
9737,0.0099372
9738,0.0050440338
9739,0.0008965335
9740,0.00027000002
9741,0.00045630004
9742,0.0053868005
9743,0.012080134
9744,0.0006627
9745,0.0043923
9746,0.007457634
9747,0.0063365335
9748,0.0023408332
9749,8.533334e-06
9750,0.00192
9751,0.0062785344
9752,0.009013333
9753,0.007648034
9754,0.0035425334
9755,0.0003333334
9756,0.0006533334
9757,0.0036963
9758,0.006192034
9759,0.0056306995
9760,0.0027075
9761,0.00026403333
9762,0.00015870002
9763,0.0020336334
9764,0.0040368
9765,0.0041536335
9766,0.0025576334
9767,0.0007905334
9768,1.9200002e-05
9769,0.00030083334
9770,3.8533333e-05
9771,0.00039603334
9772,0.0011041333
9773,0.0020008332
9774,0.0026696336
9775,0.0026508
9776,0.0017786999
9777,0.00058080006
9778,1.3333334e-07
9779,0.0005720334
9780,0.0018565333
9781,0.00015413333
9782,0.0012936335
9783,0.0027075
9784,0.0033920333
9785,0.0029601331
9786,3e-05
9787,9.72e-05
9788,0.00012
9789,2.2533332e-05
9790,8.670001e-05
9791,0.0007905334
9792,0.0021845335
9793,0.0035643002
9794,0.0039905333
9795,0.0032448003
9796,0.0017786999
9797,0.00049613335
9798,1.3333334e-07
9799,9.72e-05
9800,0.0014981332
9801,0.0042483
9802,0.0070840325
9803,0.00035363334
9804,0.0025025331
9805,0.0042721336
9806,0.0032033334
9807,0.0006533334
9808,0.00031363333
9809,0.0004181333
9810,0.0005208334
9811,0.00507
9812,0.008978699
9813,0.008068801
9814,0.003921633
9815,0.00058963336
9816,0.00018253335
9817,0.00019763334
9818,0.0019360333
9819,0.0039445334
9820,0.004788033
9821,0.0041772006
9822,5.0700004e-05
9823,0.00022963336
9824,0.0004033333
9825,0.00027000002
9826,1.08e-05
9827,0.00045630004
9828,0.0017786999
9829,0.0035208336
9830,0.0043681334
9831,0.0033708
9832,0.0012160332
9833,3.0000004e-07
9834,0.0013333336
9835,0.0044652
9836,0.006690133
9837,0.005936133
9838,0.0028812
9839,0.00035363334
9840,0.00032013337
9841,0.0021675
9842,0.0037408334
9843,0.0036741337
9844,0.0023408332
9845,0.0009633334
9846,0.00020803335
9847,2.7e-06
9848,1.2033334e-05
9849,2.8033332e-05
9850,7.680001e-05
9851,0.0013067999
9852,0.0038307
9853,0.005936133
9854,0.0056306995
9855,0.0028616334
9856,0.00025813334
9857,0.00024083335
9858,0.0035643002
9859,0.0005547001
9860,0.0045880335
9861,0.00045630004
9862,0.0028616334
9863,0.0039445334
9864,0.0024480335
9865,0.00042563336
9866,0.00014963334
9867,0.0014700001
9868,0.00014520001
9869,9.0133326e-05
9870,7.680001e-05
9871,0.0006075001
9872,5.3333337e-05
9873,0.00039603334
9874,0.0008533334
9875,0.0012160332
9876,0.0013736334
9877,0.0012160332
9878,0.00071053335
9879,0.00013653334
9880,8.670001e-05
9881,0.0011041333
9882,0.00024653334
9883,0.0026508
9884,0.0003888
9885,0.0031008334
9886,0.005174534
9887,0.0041301334
9888,0.0013601334
9889,0.0
9890,0.0012545333
9891,0.00029453338
9892,0.0026885336
9893,0.0054405336
9894,0.00026403333
9895,0.0018252002
9896,0.0033708
9897,0.00010453333
9898,0.00039603334
9899,0.00031363333
9900,9.633333e-06
9901,0.00042563336
9902,0.0015841334
9903,0.0030805336
9904,0.0040136334
9905,0.0037632005
9906,0.0024480335
9907,0.0008533334
9908,8.533334e-06
9909,0.0006816333
9910,0.0029403002
9911,0.0059080343
9912,0.007873201
9913,0.00023520003
9914,0.000112133326
9915,6.4533335e-05
9916,9.633333e-06
9917,1.6133334e-05
9918,0.0005208334
9919,0.00015870002
9920,0.0014145334
9921,9.363332e-05
9922,0.0002523
9923,3.8533333e-05
9924,5.6033343e-05
9925,0.0009185334
9926,0.0019845334
9927,5.8800008e-05
9928,0.00014083333
9929,8.333334e-07
9930,0.00016333334
9931,0.0008533334
9932,0.0019845334
9933,0.0028421334
9934,0.0025947
9935,0.0012416334
9936,6.7500005e-05
9937,0.00061653333
9938,0.0031827001
9939,0.0060776332
9940,0.006900834
9941,0.0048896335
9942,0.0017633336
9943,4.5633336e-05
9944,0.0006721334
9945,0.0022881336
9946,0.0001323
9947,8.0033344e-05
9948,0.00075000006
9949,0.0014560336
9950,0.0016875002
9951,0.0014008334
9952,0.0008748
9953,0.00035363334
9954,4.5633336e-05
9955,3.4133336e-05
9956,0.00030083334
9957,0.0006912
9958,0.0009861334
9959,0.0010325334
9960,0.0008321334
9961,0.00048
9962,0.00015870002
9963,3.3333336e-06
9964,9.72e-05
9965,0.00045630004
9966,0.0009520334
9967,6.4533335e-05
9968,0.00048
9969,0.0007905334
9970,0.00050430006
9971,3.6300004e-05
9972,0.00026403333
9973,0.0013601334
9974,0.0024120333
9975,0.0024120333
9976,0.0014008334
9977,1.6333332e-06
9978,0.00015870002
9979,0.00051253336
9980,0.00097470003
9981,0.0014840333
9982,0.0019683002
9983,0.0022360333
9984,0.0019845334
9985,0.0011531999
9986,0.00021333335
9987,7.3633346e-05
9988,0.0014008334
9989,0.0038760337
9990,0.00030720004
9991,0.0023763
9992,0.0042008334
9993,0.0036963
9994,4.8000006e-06
9995,4.8133337e-05
9996,0.00024653334
9997,0.00049613335
9998,0.0006440333
9999,2.6133332e-05
10000,0.0002187
10001,0.00056333333
10002,0.0008427
10003,0.0008321334
10004,0.0005292
10005,0.00016333334
10006,5.333334e-07
10007,0.000108299995
10008,0.0003333334
10009,0.00048803337
10010,1.9200002e-05
10011,0.00016803335
10012,0.00048
10013,0.0008748
10014,0.0012033334
10015,0.0012805335
10016,2.43e-05
10017,9.0133326e-05
10018,5.6033343e-05
10019,1.6133334e-05
10020,0.0005376334
10021,0.0020667
10022,0.0040600337
10023,0.004940833
10024,0.0036963
10025,0.0013067999
10026,1.6333332e-06
10027,0.0002187
10028,0.0027265332
10029,0.0057131997
10030,0.0062785344
10031,0.0041536335
10032,0.0014421332
10033,8.333335e-05
10034,0.00018253335
10035,0.00063480006
10036,0.0006627
10037,0.00038163335
10038,5.333334e-07
10039,8.533334e-06
10040,0.00010083333
10041,3.4133336e-05
10042,0.00039603334
10043,0.0008321334
10044,0.0009185334
10045,0.00058963336
10046,0.00020803335
10047,2.6133332e-05
10048,1.2000002e-06
10049,4.0333334e-06
10050,0.0
10051,2.7e-06
10052,3.3333336e-08
10053,1.2033334e-05
10054,0.00030720004
10055,0.00012
10056,0.00020803335
10057,0.0026696336
10058,0.0060208333
10059,0.0069921343
10060,0.0044896337
10061,8.533334e-06
10062,0.00088563334
10063,0.0034347004
10064,0.0070227003
10065,0.009828299
10066,0.00035363334
10067,0.0022016333
10068,0.0036080335
10069,0.0026696336
10070,4.8000006e-06
10071,8.670001e-05
10072,0.0012675
10073,0.0031827001
10074,0.0045141336
10075,0.0045141336
10076,8.670001e-05
10077,0.0005547001
10078,8.333335e-05
10079,0.0006075001
10080,2.8033332e-05
10081,5.333334e-07
10082,4.5633336e-05
10083,0.00041070004
10084,0.0010920333
10085,0.0014560336
10086,0.0010920333
10087,0.00038163335
10088,1.3333334e-05
10089,5.0700004e-05
10090,5.8800008e-05
10091,4.8000006e-06
10092,5.0700004e-05
10093,0.0006627
10094,6.4533335e-05
10095,0.00021333335
10096,2.2533332e-05
10097,9.72e-05
10098,0.00192
10099,0.005333334
10100,0.0074261334
10101,0.0060208333
10102,4.0333334e-06
10103,0.00019253335
10104,0.0011408334
10105,0.0030200335
10106,0.0052271998
10107,0.0065712007
10108,0.0059080343
10109,0.0033920333
10110,0.0006912
10111,0.00014963334
10112,0.0028616334
10113,0.007873201
10114,0.012040033
10115,0.0122412015
10116,0.008003333
10117,0.0
10118,0.00045630004
10119,0.0020172002
10120,0.0046127997
10121,0.0073008006
10122,0.00036750003
10123,0.00030083334
10124,0.00030720004
10125,0.00022963336
10126,0.0012675
10127,0.0008965335
10128,9.633333e-06
10129,0.0010680334
10130,0.00035363334
10131,0.00036750003
10132,0.0034992
10133,0.006134701
10134,0.0056033335
10135,0.0028616334
10136,0.00048803337
10137,0.00014083333
10138,0.0018723003
10139,0.004838701
10140,0.007905634
10141,0.009828299
10142,0.009469633
10143,0.00012813334
10144,0.0003605333
10145,0.00019763334
10146,6.1633335e-05
10147,0.0017633336
10148,0.0060492004
10149,0.0006533334
10150,0.0056306995
10151,0.010678534
10152,0.00032013337
10153,0.0011163
10154,0.0008216334
10155,1.6133334e-05
10156,0.0011285334
10157,0.0005292
10158,0.0060208333
10159,0.012854701
10160,0.013953634
10161,0.00010083333
10162,2.2533332e-05
10163,0.000108299995
10164,0.0010800001
10165,0.00027000002
10166,0.0031008334
10167,0.007394701
10168,0.009792134
10169,0.008433634
10170,0.0044896337
10171,0.0008321334
10172,0.00026403333
10173,0.0038081335
10174,0.010156801
10175,0.016100835
10176,0.0183027
10177,0.015052802
10178,0.008200534
10179,0.0018723003
10180,0.00012403334
10181,0.0040368
10182,0.011174701
10183,0.017617634
10184,0.02028
10185,0.00061653333
10186,0.0045633335
10187,0.009720001
10188,0.00035363334
10189,0.0010800001
10190,0.00026403333
10191,0.0009075
10192,0.00867
10193,0.023074131
10194,0.034612034
10195,0.032934535
10196,0.018401636
10197,0.0033075
10198,0.0012416334
10199,0.014696535
10200,0.033133633
10201,0.042488035
10202,0.03675
10203,0.021280035
10204,0.0067500006
10205,0.0002523
10206,0.0015987
10207,0.0059925327
10208,0.0004720334
10209,0.0039445334
10210,0.0006533334
10211,0.0067200335
10212,0.0010920333
10213,0.010010133
10214,0.019660803
10215,0.020072533
10216,0.0109443
10217,0.0016280335
10218,0.0011041333
10219,0.009576534
10220,0.019152133
10221,0.022032302
10222,0.0168507
10223,0.0083667
10224,8.333334e-07
10225,0.00015870002
10226,0.00016803335
10227,1.3333334e-07
10228,2.1333335e-06
10229,7.3633346e-05
10230,0.00048803337
10231,0.0015987
10232,0.0033496334
10233,0.0051483
10234,0.00027000002
10235,0.0023056336
10236,0.0050440338
10237,0.005936133
10238,0.0038988001
10239,6.533333e-06
10240,0.00080083334
10241,0.0033920333
10242,0.007744133
10243,0.012281634
10244,0.014344536
10245,0.012120301
10246,0.0064827004
10247,0.0012288002
10248,0.00034003335
10249,0.004838701
10250,0.0118803
10251,0.0168507
10252,0.016661635
10253,0.011721633
10254,0.005122134
10255,0.0006721334
10256,0.00021333335
10257,0.0032656335
10258,0.007744133
10259,0.010341633
10260,0.0091875
10261,6.7500005e-05
10262,0.00010083333
10263,8.0033344e-05
10264,1.6133334e-05
10265,1.08e-05
10266,1.2033334e-05
10267,0.00014083333
10268,0.0003745333
10269,4.8133337e-05
10270,0.0006075001
10271,0.0016875002
10272,0.00012813334
10273,0.00080083334
10274,0.0009520334
10275,0.00024653334
10276,0.00014963334
10277,0.0017941332
10278,0.00026403333
10279,0.0019683002
10280,0.0029008337
10281,0.0018565333
10282,0.00034003335
10283,9.72e-05
10284,0.0009861334
10285,0.0016428002
10286,0.0013872002
10287,4.8000006e-06
10288,4.8000006e-06
10289,2.0833337e-05
10290,7.053334e-05
10291,0.0001323
10292,0.00015870002
10293,0.0001323
10294,1.6333332e-06
10295,8.533334e-06
10296,2.6133332e-05
10297,3.2033335e-05
10298,1.3333334e-07
10299,3e-05
10300,2.6133332e-05
10301,6.1633335e-05
10302,0.000108299995
10303,0.0012160332
10304,0.0023056336
10305,0.0020501334
10306,8.333334e-07
10307,8.0033344e-05
10308,0.0003745333
10309,0.0007301334
10310,3.6300004e-05
10311,0.00022413337
10312,0.0003605333
10313,0.00031363333
10314,1.6333332e-06
10315,5.333334e-07
10316,3.3333336e-06
10317,7.3633346e-05
10318,0.00022963336
10319,1.9200002e-05
10320,0.00012
10321,0.00013653334
10322,3e-05
10323,3.8533333e-05
10324,0.00036750003
10325,0.00088563334
10326,0.0011907001
10327,0.0010800001
10328,1.2033334e-05
10329,5.3333337e-05
10330,0.000112133326
10331,0.000112133326
10332,1.3333334e-07
10333,9.633333e-06
10334,0.00020803335
10335,5.8800008e-05
10336,0.0006256333
10337,0.0011907001
10338,0.0010443002
10339,0.00038163335
10340,3.3333336e-06
10341,0.00016333334
10342,0.00034003335
10343,0.00016333334
10344,5.333334e-07
10345,3.6300004e-05
10346,0.0003333334
10347,0.0003605333
10348,3.3333336e-06
10349,0.00024653334
10350,0.0008748
10351,0.0013736334
10352,0.0011781335
10353,1.2000002e-06
10354,3.3333336e-06
10355,4.0333334e-06
10356,1.6333332e-06
10357,0.0
10358,7.5e-06
10359,3.4133336e-05
10360,3.6300004e-05
10361,8.333334e-07
10362,9.363332e-05
10363,6.1633335e-05
10364,0.000108299995
10365,0.0013333336
10366,0.0028616334
10367,0.0031827001
10368,0.0019845334
10369,0.0004485333
10370,6.1633335e-05
10371,0.0013333336
10372,0.0035208336
10373,0.0052008326
10374,0.005280133
10375,0.0037185336
10376,0.0015265334
10377,0.000112133326
10378,0.00035363334
10379,0.0018723003
10380,0.0032865335
10381,0.0034133336
10382,3.8533333e-05
10383,8.670001e-05
10384,9.0133326e-05
10385,5.0700004e-05
10386,1.9200002e-05
10387,1.4700002e-05
10388,4.32e-05
10389,0.00014083333
10390,0.00027000002
10391,0.00027000002
10392,9.0133326e-05
10393,1.6133334e-05
10394,6.1633335e-05
10395,0.0007905334
10396,0.0017176333
10397,0.0018252002
10398,0.0010092
10399,0.00018253335
10400,2.6133332e-05
10401,0.00030083334
10402,0.00039603334
10403,0.00018253335
10404,1.3333334e-05
10405,4.8000006e-06
10406,9.633333e-06
10407,6.533333e-06
10408,0.00017763334
10409,0.00049613335
10410,2.2533332e-05
10411,6.1633335e-05
10412,1.6133334e-05
10413,1.3333334e-05
10414,8.333335e-05
10415,5.6033343e-05
10416,8.533334e-06
10417,0.00034680005
10418,0.0010800001
10419,6.4533335e-05
10420,0.00024653334
10421,0.00010083333
10422,7.3633346e-05
10423,0.0011531999
10424,0.0032865335
10425,0.0049665337
10426,0.0047376333
10427,0.0027456335
10428,0.00059853337
10429,8.0033344e-05
10430,0.0017633336
10431,0.0003888
10432,0.004296033
10433,0.0100467
10434,0.013104301
10435,0.00028213335
10436,0.0010208334
10437,0.00097470003
10438,0.00012813334
10439,0.00049613335
10440,0.0034561334
10441,0.007363334
10442,0.008978699
10443,0.0068403
10444,0.0028616334
10445,0.00023520003
10446,0.0004720334
10447,0.0024661333
10448,0.0040833335
10449,0.0041536335
10450,0.0029800336
10451,0.0015696336
10452,2.1333335e-06
10453,4.0333334e-06
10454,3.2033335e-05
10455,5.3333337e-05
10456,1.4700002e-05
10457,3.2033335e-05
10458,0.00038163335
10459,0.0011285334
10460,0.0018565333
10461,0.0019521335
10462,0.0012160332
10463,0.00027000002
10464,5.0700004e-05
10465,0.0009185334
10466,0.0023056336
10467,0.0030603004
10468,0.0024661333
10469,0.00097470003
10470,1.9200002e-05
10471,0.0006256333
10472,0.00022413337
10473,0.0022188004
10474,0.004296033
10475,0.0041772006
10476,0.0020336334
10477,0.00016803335
10478,0.00015413333
10479,0.0021675
10480,0.0047628004
10481,0.005768533
10482,0.0045387005
10483,2.0833337e-05
10484,1.6133334e-05
10485,3.3333336e-08
10486,3.4133336e-05
10487,4.5633336e-05
10488,0.0009296334
10489,0.0031827001
10490,0.005824134
10491,0.006900834
10492,0.0052008326
10493,0.0018881336
10494,6.533333e-06
10495,0.0017786999
10496,0.0065416335
10497,0.0110592
10498,0.012281634
10499,0.0002523
10500,0.0013601334
10501,0.00014963334
10502,0.0009520334
10503,0.0010208334
10504,0.00014520001
10505,0.0006533334
10506,0.00058963336
10507,0.0077120336
10508,0.018056534
10509,0.0009185334
10510,0.004838701
10511,0.005685634
10512,0.0019040334
10513,0.00022413337
10514,0.0065416335
10515,0.0013333336
10516,0.011960033
10517,0.022140836
10518,0.020750703
10519,0.0099372
10520,0.0009633334
10521,0.0018096336
10522,0.01083
10523,0.020072533
10524,0.023018703
10525,0.018500835
10526,0.0100467
10527,0.0027075
10528,1.3333334e-07
10529,0.0024843
10530,0.007970701
10531,0.012854701
10532,0.014083334
10533,0.010982534
10534,0.005576033
10535,0.0011656334
10536,6.4533335e-05
10537,0.0018408335
10538,0.0040368
10539,0.0043923
10540,0.0027840333
10541,3.3333336e-08
10542,5.3333337e-05
10543,5.6033343e-05
10544,1.6333332e-06
10545,5.8800008e-05
10546,0.0010561333
10547,0.0029205335
10548,0.0039905333
10549,0.0028227004
10550,0.0005547001
10551,0.0003745333
10552,0.00049613335
10553,0.0056033335
10554,0.0006721334
10555,0.0042721336
10556,0.0002187
10557,3.8533333e-05
10558,8.0033344e-05
10559,1.08e-05
10560,4.0333334e-06
10561,1.3333334e-07
10562,9.0133326e-05
10563,0.00050430006
10564,0.0009185334
10565,0.0006912
10566,9.633333e-06
10567,0.0005720334
10568,0.0021336332
10569,0.0038081335
10570,0.00014963334
10571,0.00071053335
10572,2.6133332e-05
10573,5.333334e-07
10574,2.0833337e-05
10575,0.00019763334
10576,0.00049613335
10577,0.0006440333
10578,9.633333e-06
10579,2.43e-05
10580,2.8033332e-05
10581,3.2033335e-05
10582,4.0333334e-06
10583,8.670001e-05
10584,3e-05
10585,0.00034680005
10586,0.0007203
10587,0.0006440333
10588,0.00017763334
10589,4.0833336e-05
10590,0.0008321334
10591,0.0023232002
10592,0.00017763334
10593,0.00014083333
10594,0.0012545333
10595,9.363332e-05
10596,0.0003888
10597,5.633333e-06
10598,1.6333332e-06
10599,7.680001e-05
10600,0.00028213335
10601,0.00050430006
10602,2.43e-05
10603,0.00016803335
10604,2.43e-05
10605,2.43e-05
10606,0.00025813334
10607,0.0004720334
10608,0.0003745333
10609,8.0033344e-05
10610,5.8800008e-05
10611,0.0007203
10612,0.00015413333
10613,0.0015841334
10614,0.0032865335
10615,0.000112133326
10616,0.0003745333
10617,0.00019253335
10618,3.2033335e-05
10619,0.00016803335
10620,0.0023585334
10621,0.0055216337
10622,0.0064240335
10623,0.0039675003
10624,0.0007203
10625,0.0003888
10626,0.0005208334
10627,0.0061061336
10628,0.00088563334
10629,0.0070840325
10630,0.011960033
10631,0.009398701
10632,0.0026885336
10633,0.00013653334
10634,0.005576033
10635,0.014257201
10636,0.018056534
10637,0.013696034
10638,0.0053868005
10639,0.0002523
10640,0.0004181333
10641,0.0051483
10642,0.010490701
10643,0.011485634
10644,0.007744133
10645,0.0027648
10646,0.0001323
10647,0.0006075001
10648,0.0023408332
10649,0.00015413333
10650,0.0010092
10651,0.0017941332
10652,6.4533335e-05
10653,0.0003888
10654,0.0006912
10655,0.0006627
10656,2.1333335e-06
10657,4.8000006e-06
10658,7.680001e-05
10659,0.00029453338
10660,0.00061653333
10661,0.00081120007
10662,0.0006721334
10663,3.0000004e-07
10664,8.533334e-06
10665,0.00016803335
10666,0.0005208334
10667,0.00081120007
10668,2.2533332e-05
10669,6.533333e-06
10670,2.43e-05
10671,7.5e-06
10672,7.5e-06
10673,7.053334e-05
10674,0.0001323
10675,0.000108299995
10676,2.8033332e-05
10677,8.533334e-06
10678,0.00014083333
10679,0.00038163335
10680,3e-05
10681,0.0002187
10682,0.00032669998
10683,0.00016333334
10684,1.6333332e-06
10685,0.00043319998
10686,0.0016576335
10687,0.0030200335
10688,0.0034347004
10689,0.0025208336
10690,2.1333335e-06
10691,4.0833336e-05
10692,0.00025813334
10693,0.00080083334
10694,0.0018408335
10695,0.0034561334
10696,0.0053868005
10697,0.0068403
10698,0.0067200335
10699,0.004440834
10700,0.0011907001
10701,0.00015413333
10702,0.0006627
10703,0.009363333
10704,0.023185201
10705,0.03072
10706,0.025056303
10707,5.6033343e-05
10708,7.680001e-05
10709,0.00080083334
10710,0.0023232002
10711,0.0041067
10712,0.0050960337
10713,0.00015413333
10714,0.00012
10715,0.0013872002
10716,0.0029008337
10717,0.0031621335
10718,0.0020172002
10719,0.00058963336
10720,5.333334e-07
10721,0.00039603334
10722,0.0011656334
10723,0.0017480336
10724,9.72e-05
10725,0.0010561333
10726,0.0031212
10727,0.005333334
10728,0.00022963336
10729,0.0012545333
10730,0.0014008334
10731,0.00027603333
10732,0.00045630004
10733,0.0039445334
10734,0.008433634
10735,0.00034003335
10736,0.0014560336
10737,0.0013601334
10738,0.00025813334
10739,0.0002187
10740,0.0018096336
10741,0.00018750002
10742,0.00012
10743,9.0133326e-05
10744,5.8800008e-05
10745,2.43e-05
10746,5.8800008e-05
10747,2.7e-06
10748,6.7500005e-05
10749,0.00014520001
10750,0.0016280335
10751,0.0027456335
10752,0.0016280335
10753,3e-05
10754,0.0017941332
10755,0.007648034
10756,0.013104301
10757,0.012854701
10758,0.006780033
10759,0.00086403335
10760,0.0004033333
10761,0.005936133
10762,0.013272034
10763,0.016054533
10764,0.0122412015
10765,3.2033335e-05
10766,5.333334e-07
10767,4.32e-05
10768,0.00018253335
10769,0.00045630004
10770,0.0007701334
10771,4.0833336e-05
10772,0.00028829998
10773,0.0005461334
10774,0.00059853337
10775,0.00048803337
10776,0.0003745333
10777,0.0003333334
10778,0.0003605333
10779,0.00038163335
10780,0.00027000002
10781,6.4533335e-05
10782,3.2033335e-05
10783,0.00049613335
10784,0.0014145334
10785,0.0023232002
10786,0.000112133326
10787,9.72e-05
10788,0.0010920333
10789,0.0021336332
10790,0.0019845334
10791,0.0007701334
10792,3.0000004e-07
10793,0.0010920333
10794,0.0037408334
10795,0.0059643
10796,0.0057131997
10797,0.0031416332
10798,0.0005208334
10799,0.00024083335
10800,0.0024120333
10801,0.004788033
10802,0.005122134
10803,0.0031827001
10804,8.333334e-07
10805,0.00022963336
10806,0.0007400333
10807,8.0033344e-05
10808,0.0008216334
10809,0.0018408335
10810,0.0020833337
10811,0.0011408334
10812,6.1633335e-05
10813,0.0007301334
10814,0.00039603334
10815,0.0005376334
10816,0.0054945336
10817,0.009398701
10818,0.006900834
10819,0.0013601334
10820,0.0006816333
10821,0.0073008006
10822,0.015097633
10823,0.016333334
10824,0.0100467
10825,0.0024843
10826,0.00022413337
10827,0.00363
10828,0.007905634
10829,0.009434134
10830,0.00019253335
10831,0.0009520334
10832,0.0016875002
10833,0.0015408334
10834,0.0006256333
10835,5.633333e-06
10836,0.00046413334
10837,0.0015552
10838,0.0021675
10839,0.0017176333
10840,4.0333334e-06
10841,3.0000004e-07
10842,3.0000004e-07
10843,5.633333e-06
10844,5.6033343e-05
10845,0.00018253335
10846,0.0003605333
10847,2.2533332e-05
10848,0.00015413333
10849,0.00023520003
10850,0.000116033334
10851,4.8000006e-06
10852,0.00045630004
10853,0.0018565333
10854,0.0038988001
10855,0.0054136333
10856,0.0052271998
10857,0.0031827001
10858,0.00071053335
10859,0.00015870002
10860,0.0029008337
10861,0.00063480006
10862,0.006690133
10863,0.014874134
10864,0.017958535
10865,0.013398534
10866,0.005253634
10867,0.00022413337
10868,0.0020008332
10869,0.009048034
10870,0.0010325334
10871,0.009469633
10872,0.020072533
10873,0.022908034
10874,0.00026403333
10875,0.00038163335
10876,4.8000006e-06
10877,0.00050430006
10878,0.0023941335
10879,0.005122134
10880,0.0067200335
10881,0.0057131997
10882,0.0030401333
10883,0.0007400333
10884,3.3333336e-08
10885,0.0003888
10886,0.0009408001
10887,0.0012416334
10888,0.0014700001
10889,0.0019683002
10890,0.0029205335
10891,0.00021333335
10892,0.0020008332
10893,0.0037632005
10894,0.0028033333
10895,0.0003333334
10896,0.0011408334
10897,0.0075525343
10898,0.015142534
10899,0.016661635
10900,0.00014963334
10901,8.333335e-05
10902,5.0700004e-05
10903,0.0011041333
10904,0.0036741337
10905,0.0062785344
10906,0.006660301
10907,7.3633346e-05
10908,5.633333e-06
10909,2.7e-06
10910,5.6033343e-05
10911,0.0005208334
10912,0.0015408334
10913,0.0025392002
10914,9.72e-05
10915,0.00050430006
10916,0.0006533334
10917,0.00030720004
10918,4.0333334e-06
10919,0.00021333335
10920,5.6033343e-05
10921,0.00043319998
10922,0.00070083333
10923,0.00061653333
10924,0.00036750003
10925,0.00016333334
10926,6.7500005e-05
10927,3e-05
10928,1.2033334e-05
10929,8.333334e-07
10930,6.533333e-06
10931,4.5633336e-05
10932,0.00010083333
10933,0.00012813334
10934,0.00012
10935,9.72e-05
10936,0.00010083333
10937,8.533334e-06
10938,1.7633334e-05
10939,2.8033332e-05
10940,0.00028213335
10941,2.0833337e-05
10942,8.0033344e-05
10943,5.0700004e-05
10944,2.1333335e-06
10945,1.9200002e-05
10946,6.7500005e-05
10947,0.00010083333
10948,0.00014520001
10949,2.0833337e-05
10950,0.0003745333
10951,0.0013067999
10952,0.0023408332
10953,0.0024843
10954,0.0013736334
10955,0.00012403334
10956,0.00014520001
10957,0.0023232002
10958,0.0056581334
10959,0.0074261334
10960,0.00016803335
10961,0.0007600333
10962,5.6033343e-05
10963,0.00027603333
10964,0.0002523
10965,2.6133332e-05
10966,0.00014520001
10967,0.00086403335
10968,0.0016875002
10969,7.053334e-05
10970,0.0003745333
10971,0.00051253336
10972,0.00034003335
10973,0.00010083333
10974,7.5e-06
10975,0.0
10976,1.9200002e-05
10977,1.7633334e-05
10978,0.00021333335
10979,0.0003605333
10980,0.00017763334
10981,5.633333e-06
10982,9.363332e-05
10983,0.0013872002
10984,0.0034133336
10985,0.0044652
10986,0.00363
10987,0.0016725332
10988,0.00020280002
10989,0.00017763334
10990,0.0012805335
10991,0.0024843
10992,0.00012813334
10993,0.0010092
10994,0.00014520001
10995,0.0012936335
10996,0.0024661333
10997,0.0024480335
10998,1.3333334e-05
10999,1.2000002e-06
11000,1.9200002e-05
11001,0.00014963334
11002,0.00043319998
11003,0.00075000006
11004,0.00088563334
11005,0.0007301334
11006,0.0003745333
11007,8.333335e-05
11008,8.333334e-07
11009,7.5e-06
11010,5.0700004e-05
11011,5.0700004e-05
11012,1.9200002e-05
11013,2.1333335e-06
11014,1.6333332e-06
11015,5.633333e-06
11016,0.00015413333
11017,0.0005547001
11018,5.8800008e-05
11019,0.00046413334
11020,0.00070083333
11021,0.00039603334
11022,1.6133334e-05
11023,0.0002523
11024,0.0010680334
11025,9.0133326e-05
11026,5.6033343e-05
11027,0.0004408334
11028,0.0006075001
11029,5.633333e-06
11030,6.533333e-06
11031,6.533333e-06
11032,8.533334e-06
11033,9.633333e-06
11034,1.6333332e-06
11035,5.633333e-06
11036,0.00016333334
11037,6.4533335e-05
11038,0.0008321334
11039,0.00192
11040,0.0021336332
11041,0.0011163
11042,2.0833337e-05
11043,0.00070083333
11044,0.0021168
11045,0.0033075
11046,0.0033708
11047,0.0022707
11048,0.0009075
11049,0.00010083333
11050,2.8033332e-05
11051,0.00034003335
11052,0.0007400333
11053,0.0010561333
11054,6.1633335e-05
11055,8.333335e-05
11056,0.0011041333
11057,0.0024480335
11058,0.0026696336
11059,0.0015552
11060,0.00028829998
11061,4.8133337e-05
11062,0.0006075001
11063,0.0010208334
11064,2.0833337e-05
11065,7.3633346e-05
11066,0.00015413333
11067,0.0003333334
11068,0.0007301334
11069,0.0014145334
11070,0.0021845335
11071,0.0025025331
11072,0.0019360333
11073,0.0007701334
11074,9.633333e-06
11075,0.0006533334
11076,0.00027000002
11077,0.0031827001
11078,0.0077120336
11079,0.0106032
11080,0.009828299
11081,9.72e-05
11082,0.00019763334
11083,9.72e-05
11084,3.8533333e-05
11085,0.0012936335
11086,0.005122134
11087,0.010565634
11088,0.0141701335
11089,0.012689633
11090,0.006780033
11091,0.0010208334
11092,0.00038163335
11093,0.0064827004
11094,0.016756035
11095,0.024481636
11096,0.024196802
11097,0.016054533
11098,0.0056581334
11099,0.000112133326
11100,0.0031416332
11101,0.012648534
11102,0.022140836
11103,0.025056303
11104,0.019558534
11105,0.009469633
11106,0.0015841334
11107,0.0004181333
11108,0.0050960337
11109,0.0106408335
11110,0.0126075
11111,0.0100467
11112,7.3633346e-05
11113,0.00030083334
11114,0.00086403335
11115,0.0014700001
11116,4.8133337e-05
11117,0.00014963334
11118,2.7e-06
11119,0.0003888
11120,0.0022533333
11121,0.005824134
11122,0.008978699
11123,0.00028829998
11124,0.0012288002
11125,0.0010920333
11126,7.680001e-05
11127,0.0008965335
11128,0.004788033
11129,0.009013333
11130,0.009648133
11131,0.0060492004
11132,0.0015696336
11133,3e-05
11134,0.0021505335
11135,0.005548801
11136,0.00034680005
11137,0.00028829998
11138,0.0030805336
11139,0.0060492004
11140,0.0061061336
11141,0.0033075
11142,0.0005208334
11143,0.00028213335
11144,0.0026885336
11145,0.005740834
11146,0.007394701
11147,0.006900834
11148,0.000112133326
11149,0.0006075001
11150,7.680001e-05
11151,3.8533333e-05
11152,6.533333e-06
11153,1.2033334e-05
11154,0.0006627
11155,0.0032448003
11156,0.007648034
11157,0.011446534
11158,0.011721633
11159,0.00014083333
11160,0.00027603333
11161,3.3333336e-06
11162,0.0006256333
11163,0.0040136334
11164,0.0116427
11165,0.020961635
11166,0.0011285334
11167,0.00081120007
11168,0.006512134
11169,0.007905634
11170,0.0023763
11171,0.0006256333
11172,0.011213333
11173,0.027664037
11174,0.0015552
11175,0.009469633
11176,0.014344536
11177,0.010120033
11178,0.0024120333
11179,0.00027603333
11180,0.0058520334
11181,0.013314134
11182,0.015824035
11183,0.011960033
11184,0.0056033335
11185,0.0011285334
11186,8.533334e-06
11187,0.0007301334
11188,0.0012805335
11189,2.43e-05
11190,0.00010453333
11191,0.00028829998
11192,6.1633335e-05
11193,0.00014520001
11194,0.0022707
11195,0.006192034
11196,0.00045630004
11197,0.0032448003
11198,0.005122134
11199,0.0034561334
11200,2.43e-05
11201,0.0002187
11202,0.0032240332
11203,0.008200534
11204,0.0005720334
11205,0.0042721336
11206,0.0077763004
11207,0.007176533
11208,0.0031212
11209,9.363332e-05
11210,0.0017327999
11211,0.00070083333
11212,0.007332033
11213,0.015549634
11214,0.017958535
11215,0.012813333
11216,0.004788033
11217,0.00019253335
11218,0.0016133332
11219,0.0068403
11220,0.0006912
11221,0.0060776332
11222,0.013104301
11223,0.0160083
11224,0.012566533
11225,0.005768533
11226,3.8533333e-05
11227,0.0014008334
11228,0.0040833335
11229,0.007176533
11230,0.009792134
11231,0.011020834
11232,0.0100833345
11233,0.006900834
11234,0.0026885336
11235,6.7500005e-05
11236,0.0018096336
11237,0.0083667
11238,0.016333334
11239,0.020228036
11240,0.016803334
11241,0.008433634
11242,0.0013872002
11243,0.00042563336
11244,0.0046127997
11245,0.008875201
11246,0.00034003335
11247,0.0020336334
11248,0.0037856335
11249,0.0043681334
11250,0.00010453333
11251,0.0006440333
11252,0.0012936335
11253,0.0012288002
11254,3.3333336e-08
11255,0.00015870002
11256,0.0008533334
11257,0.00014520001
11258,0.0014008334
11259,0.0027456335
11260,0.0027075
11261,1.3333334e-05
11262,3.3333336e-08
11263,3.0000004e-07
11264,4.0333334e-06
11265,7.5e-06
11266,9.633333e-06
11267,1.4700002e-05
11268,2.1333335e-06
11269,6.533333e-06
11270,1.7633334e-05
11271,0.00028213335
11272,6.4533335e-05
11273,0.0006912
11274,0.0015265334
11275,6.7500005e-05
11276,0.00032013337
11277,0.00030083334
11278,3e-05
11279,0.00021333335
11280,0.0013067999
11281,0.00017763334
11282,0.0015123001
11283,0.0027265332
11284,0.0024300003
11285,0.0010208334
11286,3e-05
11287,0.00050430006
11288,0.0021000335
11289,0.00363
11290,0.0040368
11291,7.3633346e-05
11292,0.00030083334
11293,0.0003333334
11294,1.6333332e-06
11295,0.0002187
11296,0.0009861334
11297,0.00192
11298,0.0021168
11299,0.0012545333
11300,0.00020280002
11301,0.000116033334
11302,0.0010325334
11303,0.0018881336
11304,5.3333337e-05
11305,0.00022963336
11306,0.00030720004
11307,5.633333e-06
11308,2.0833337e-05
11309,3.8533333e-05
11310,4.0833336e-05
11311,2.2533332e-05
11312,1.3333334e-07
11313,7.5e-06
11314,2.1333335e-06
11315,2.8033332e-05
11316,8.333335e-05
11317,0.0001728
11318,0.00030083334
11319,0.00045630004
11320,0.00056333333
11321,1.7633334e-05
11322,8.670001e-05
11323,8.333335e-05
11324,3.3333336e-06
11325,0.00012813334
11326,0.0007203
11327,0.0016133332
11328,0.0023056336
11329,0.0023232002
11330,0.0016725332
11331,0.0007803
11332,0.0001323
11333,3.8533333e-05
11334,0.0005461334
11335,0.0014840333
11336,0.0025761332
11337,0.0034561334
11338,0.0038307
11339,0.00012403334
11340,0.0009976333
11341,0.0022188004
11342,0.0024661333
11343,0.0012545333
11344,3.4133336e-05
11345,0.0011656334
11346,0.0057131997
11347,0.011800835
11348,0.0007400333
11349,0.005548801
11350,0.009864533
11351,0.008233634
11352,0.0026320333
11353,4.0833336e-05
11354,0.0041067
11355,0.0110592
11356,0.0143883005
11357,0.011682134
11358,0.0059643
11359,0.0015123001
11360,1.9200002e-05
11361,0.0003605333
11362,6.1633335e-05
11363,4.8133337e-05
11364,0.00056333333
11365,0.0014700001
11366,0.0024120333
11367,0.0030000003
11368,0.0029601331
11369,6.7500005e-05
11370,5.3333337e-05
11371,0.0006533334
11372,0.0013200332
11373,0.0012288002
11374,0.0004485333
11375,4.0333334e-06
11376,0.0007803
11377,0.0025025331
11378,0.0038307
11379,0.0036741337
11380,0.0022016333
11381,0.0006256333
11382,2.1333335e-06
11383,0.00027603333
11384,0.00058080006
11385,0.00041070004
11386,5.8800008e-05
11387,5.6033343e-05
11388,0.00032669998
11389,0.00034680005
11390,4.0333334e-06
11391,0.00032013337
11392,0.00014520001
11393,0.0018252002
11394,0.00029453338
11395,0.0023763
11396,0.0038533336
11397,5.3333337e-05
11398,4.32e-05
11399,8.533334e-06
11400,0.00027000002
11401,0.0009520334
11402,0.000116033334
11403,0.0012160332
11404,0.0029601331
11405,0.0041536335
11406,0.00012403334
11407,0.00058963336
11408,0.0006721334
11409,0.00012403334
11410,0.000116033334
11411,0.0024120333
11412,0.006900834
11413,0.010193635
11414,0.00026403333
11415,0.0010092
11416,2.2533332e-05
11417,0.0
11418,0.00028213335
11419,0.0015841334
11420,0.0037185336
11421,0.0053067002
11422,0.00016803335
11423,8.333335e-05
11424,5.3333337e-05
11425,0.00018750002
11426,4.0333334e-06
11427,0.00061653333
11428,0.0032033334
11429,0.0065416335
11430,0.0075842994
11431,0.0049922997
11432,0.0012160332
11433,0.00012
11434,0.0029205335
11435,0.00050430006
11436,0.004440834
11437,0.00056333333
11438,0.0005292
11439,0.0054675005
11440,0.010565634
11441,0.010453334
11442,0.005174534
11443,0.00034680005
11444,0.0021505335
11445,0.011603335
11446,0.0014560336
11447,0.012525634
11448,0.022852799
11449,0.0005292
11450,0.0010920333
11451,0.00022413337
11452,0.00020280002
11453,0.00048803337
11454,0.0055216337
11455,0.00059853337
11456,0.003586134
11457,0.0045387005
11458,0.0023763
11459,2.6133332e-05
11460,0.0007400333
11461,0.0015841334
11462,0.0016875002
11463,0.0010920333
11464,0.00039603334
11465,3.4133336e-05
11466,4.0833336e-05
11467,0.00025813334
11468,0.0005376334
11469,0.0007701334
11470,0.0008216334
11471,0.0006075001
11472,1.3333334e-07
11473,9.633333e-06
11474,0.00021333335
11475,0.00075000006
11476,0.0014008334
11477,7.3633346e-05
11478,0.00048803337
11479,0.0008533334
11480,2.2533332e-05
11481,8.333335e-05
11482,8.333335e-05
11483,1.4700002e-05
11484,1.9200002e-05
11485,7.3633346e-05
11486,0.0012805335
11487,0.0038307
11488,0.0062496336
11489,0.0065712007
11490,0.0042008334
11491,0.0010208334
11492,0.0001323
11493,0.0031621335
11494,0.008500834
11495,0.012525634
11496,0.012525634
11497,0.00018750002
11498,0.0007803
11499,0.0012805335
11500,0.0009408001
11501,0.00013653334
11502,0.00031363333
11503,0.0025392002
11504,0.0061061336
11505,0.008704035
11506,0.008433634
11507,0.0053600334
11508,0.0017025335
11509,9.633333e-06
11510,0.0011041333
11511,0.0036080335
11512,0.00027603333
11513,0.0020667
11514,0.003921633
11515,0.0040833335
11516,0.0026133335
11517,8.333334e-07
11518,1.9200002e-05
11519,2.43e-05
11520,3.3333336e-08
11521,3.3333336e-06
11522,3.3333336e-06
11523,1.6333332e-06
11524,1.4700002e-05
11525,4.8133337e-05
11526,0.0007701334
11527,0.00016803335
11528,0.0016428002
11529,0.0030401333
11530,0.0025761332
11531,0.0007701334
11532,9.363332e-05
11533,0.0018408335
11534,0.004440834
11535,0.0054136333
11536,0.0037185336
11537,0.0010561333
11538,1.3333334e-05
11539,0.0013467001
11540,0.0033075
11541,0.0036963
11542,0.0022188004
11543,0.00046413334
11544,5.0700004e-05
11545,0.0009296334
11546,0.0017941332
11547,0.0016725332
11548,0.0007803
11549,6.533333e-06
11550,0.00017763334
11551,0.0003605333
11552,0.00036750003
11553,0.00022413337
11554,8.670001e-05
11555,2.43e-05
11556,1.3333334e-05
11557,3.6300004e-05
11558,0.000108299995
11559,1.2033334e-05
11560,8.533334e-06
11561,4.32e-05
11562,8.533334e-06
11563,6.4533335e-05
11564,0.0005547001
11565,0.0015265334
11566,0.0024661333
11567,0.0026885336
11568,4.0833336e-05
11569,0.000116033334
11570,6.4533335e-05
11571,1.9200002e-05
11572,0.0006440333
11573,0.0024843
11574,0.005018133
11575,0.0065416335
11576,0.0055216337
11577,0.0024843
11578,0.00012403334
11579,0.0011163
11580,0.005280133
11581,0.0091875
11582,0.00032013337
11583,0.0015123001
11584,0.0018881336
11585,0.0009296334
11586,5.3333337e-05
11587,0.00023520003
11588,0.0007600333
11589,0.0006533334
11590,1.2000002e-06
11591,0.00010453333
11592,0.00019253335
11593,6.1633335e-05
11594,5.3333337e-05
11595,8.670001e-05
11596,0.0010325334
11597,0.00010453333
11598,0.00048803337
11599,0.00032013337
11600,0.0
11601,0.00048803337
11602,0.0013736334
11603,3.6300004e-05
11604,1.7633334e-05
11605,0.000108299995
11606,0.0010208334
11607,0.0025208336
11608,0.0030200335
11609,1.4700002e-05
11610,4.5633336e-05
11611,0.0007400333
11612,0.0002523
11613,0.0029601331
11614,0.0064240335
11615,0.0068403
11616,0.0036963
11617,0.00043319998
11618,0.00063480006
11619,0.0041536335
11620,0.00768
11621,0.0082668
11622,0.0058800005
11623,0.0025761332
11624,0.00043319998
11625,4.32e-05
11626,0.0007600333
11627,0.000116033334
11628,0.00014083333
11629,0.00021333335
11630,0.0025208336
11631,0.0003605333
11632,0.0028033333
11633,0.0002523
11634,0.0013601334
11635,0.0014700001
11636,5.333334e-07
11637,0.00030083334
11638,0.0012288002
11639,0.0001323
11640,0.0009633334
11641,0.0014008334
11642,0.0007600333
11643,2.6133332e-05
11644,0.00045630004
11645,0.00014963334
11646,0.0012033334
11647,0.0017327999
11648,1.08e-05
11649,4.0333334e-06
11650,9.72e-05
11651,2.0833337e-05
11652,1.7633334e-05
11653,0.00012813334
11654,0.00016803335
11655,8.670001e-05
11656,3.3333336e-06
11657,5.6033343e-05
11658,0.00031363333
11659,5.8800008e-05
11660,8.670001e-05
11661,0.00012403334
11662,0.00012403334
11663,7.680001e-05
11664,0.00028213335
11665,2.2533332e-05
11666,0.00051253336
11667,0.0028812
11668,0.005685634
11669,0.0059925327
11670,0.0032240332
11671,0.00032669998
11672,0.0008427
11673,0.0052008326
11674,0.010267501
11675,0.0122412015
11676,0.0099372
11677,0.0052271998
11678,3.3333336e-06
11679,0.00036750003
11680,0.0011163
11681,0.0021000335
11682,0.0030805336
11683,0.0036963
11684,0.0035425334
11685,0.0025947
11686,0.0013333336
11687,0.0003745333
11688,9.633333e-06
11689,9.363332e-05
11690,0.00034680005
11691,0.0006256333
11692,0.0009633334
11693,0.0013872002
11694,0.0018408335
11695,0.0020336334
11696,4.5633336e-05
11697,0.00019253335
11698,0.0002187
11699,7.680001e-05
11700,8.333334e-07
11701,1.2033334e-05
11702,9.72e-05
11703,0.00013653334
11704,0.00013653334
11705,0.00019253335
11706,0.0004181333
11707,0.0009075
11708,0.0014560336
11709,0.0014282999
11710,0.00063480006
11711,3.4133336e-05
11712,0.0009296334
11713,0.0026133335
11714,0.0034561334
11715,0.0023585334
11716,0.00048
11717,0.00018750002
11718,0.0022016333
11719,0.0045387005
11720,0.00016803335
11721,0.0007400333
11722,0.00080083334
11723,0.00023520003
11724,5.3333337e-05
11725,0.00016333334
11726,0.0022707
11727,0.0056033335
11728,0.00034003335
11729,0.0020833337
11730,0.0028033333
11731,0.0012288002
11732,1.2033334e-05
11733,0.0024661333
11734,0.007744133
11735,0.011097634
11736,0.009328035
11737,0.004296033
11738,0.00056333333
11739,0.00012813334
11740,0.0014145334
11741,0.000116033334
11742,7.680001e-05
11743,0.0008533334
11744,0.0022188004
11745,0.0038760337
11746,0.005333334
11747,0.0059080343
11748,0.0049922997
11749,3.8533333e-05
11750,4.32e-05
11751,2.7e-06
11752,3.6300004e-05
11753,0.00081120007
11754,0.0028227004
11755,0.0054405336
11756,0.007145634
11757,0.00022963336
11758,0.0013872002
11759,0.0023232002
11760,0.0017025335
11761,0.00030083334
11762,0.0002523
11763,0.0023408332
11764,0.004940833
11765,0.005824134
11766,0.0044652
11767,0.0022360333
11768,0.00061653333
11769,3.6300004e-05
11770,1.2033334e-05
11771,1.08e-05
11772,1.6133334e-05
11773,0.00025813334
11774,0.0008533334
11775,0.0016576335
11776,0.0022188004
11777,7.3633346e-05
11778,0.00045630004
11779,0.0008533334
11780,3.2033335e-05
11781,0.00018750002
11782,0.00030083334
11783,4.8000006e-06
11784,8.333334e-07
11785,3.4133336e-05
11786,0.00032013337
11787,0.0010208334
11788,0.0018565333
11789,0.0021675
11790,3.2033335e-05
11791,6.7500005e-05
11792,1.9200002e-05
11793,1.2033334e-05
11794,0.00025813334
11795,0.0006816333
11796,0.0008748
11797,0.00059853337
11798,0.00014083333
11799,1.4700002e-05
11800,0.00031363333
11801,0.0006256333
11802,0.00051253336
11803,0.00012403334
11804,4.32e-05
11805,8.333335e-05
11806,0.0009408001
11807,0.0018096336
11808,4.5633336e-05
11809,9.0133326e-05
11810,1.2033334e-05
11811,8.670001e-05
11812,0.00056333333
11813,0.0011781335
11814,6.1633335e-05
11815,0.00039603334
11816,0.00070083333
11817,0.0006440333
11818,0.00030083334
11819,1.3333334e-05
11820,0.00017763334
11821,0.0009520334
11822,0.0020667
11823,0.0028616334
11824,0.0026885336
11825,0.0015841334
11826,0.00035363334
11827,4.8133337e-05
11828,0.0009861334
11829,0.0023408332
11830,0.0029601331
11831,0.0024300003
11832,0.0013067999
11833,0.00042563336
11834,5.6033343e-05
11835,1.6333332e-06
11836,3.3333336e-06
11837,1.3333334e-07
11838,5.333334e-07
11839,1.9200002e-05
11840,0.00027000002
11841,0.0011531999
11842,0.0028421334
11843,0.00028829998
11844,0.0028227004
11845,0.0060208333
11846,0.0063948
11847,0.0031416332
11848,8.670001e-05
11849,0.0025761332
11850,0.0012416334
11851,0.014564034
11852,0.033000838
11853,0.03938563
11854,0.00049613335
11855,0.0006912
11856,3.2033335e-05
11857,0.0021168
11858,0.009828299
11859,0.021654533
11860,0.029704534
11861,0.026522135
11862,0.013824534
11863,0.0020172002
11864,0.0014981332
11865,0.0015123001
11866,0.0168507
11867,0.035914797
11868,0.041962802
11869,0.030848134
11870,0.012854701
11871,0.0012675
11872,0.0015123001
11873,0.009117634
11874,0.016100835
11875,0.017520832
11876,0.013653334
11877,0.0077120336
11878,0.0027648
11879,2.0833337e-05
11880,0.0005208334
11881,0.0013067999
11882,0.0021336332
11883,0.0027648
11884,0.0028421334
11885,0.0021505335
11886,0.00097470003
11887,9.72e-05
11888,5.3333337e-05
11889,8.0033344e-05
11890,7.053334e-05
11891,4.32e-05
11892,0.00019763334
11893,8.333335e-05
11894,1.3333334e-05
11895,0.00028213335
11896,0.00048
11897,3.3333336e-08
11898,0.00014520001
11899,0.0010208334
11900,0.0028033333
11901,0.0044896337
11902,0.0045141336
11903,0.0025392002
11904,1.7633334e-05
11905,0.0009408001
11906,0.0033285336
11907,0.006365634
11908,0.008300033
11909,0.0077763004
11910,0.0048133335
11911,0.0014145334
11912,7.5e-06
11913,0.0019521335
11914,0.0005376334
11915,0.005685634
11916,0.012322134
11917,0.014126699
11918,0.00016333334
11919,0.00022963336
11920,2.1333335e-06
11921,0.00023520003
11922,0.00097470003
11923,0.00010083333
11924,0.0006816333
11925,0.0009408001
11926,0.0005547001
11927,0.00012813334
11928,3.3333336e-06
11929,2.1333335e-06
11930,2.2533332e-05
11931,6.4533335e-05
11932,0.00075000006
11933,0.0011907001
11934,0.0005376334
11935,1.9200002e-05
11936,0.0015552
11937,0.004864133
11938,0.007145634
11939,0.006134701
11940,1.6133334e-05
11941,1.7633334e-05
11942,0.0002187
11943,0.0007301334
11944,0.0014981332
11945,0.0022360333
11946,0.0025392002
11947,6.1633335e-05
11948,0.00030720004
11949,1.3333334e-05
11950,5.633333e-06
11951,7.680001e-05
11952,0.0006533334
11953,0.0016428002
11954,0.0021168
11955,0.0013872002
11956,0.00023520003
11957,0.00020280002
11958,0.00020803335
11959,0.0022188004
11960,0.004224533
11961,0.0038760337
11962,5.633333e-06
11963,7.680001e-05
11964,0.0005292
11965,0.0013601334
11966,0.0021675
11967,0.0023763
11968,0.0016875002
11969,5.333334e-07
11970,6.1633335e-05
11971,3.6300004e-05
11972,0.00048803337
11973,0.0012416334
11974,0.0016428002
11975,0.0012936335
11976,0.0005376334
11977,4.5633336e-05
11978,5.6033343e-05
11979,0.0002187
11980,0.00018253335
11981,2.8033332e-05
11982,2.6133332e-05
11983,0.00015870002
11984,5.633333e-06
11985,1.2000002e-06
11986,8.533334e-06
11987,0.00020280002
11988,5.3333337e-05
11989,0.00051253336
11990,0.0009976333
11991,0.0009633334
11992,0.00048803337
11993,6.7500005e-05
11994,3.8533333e-05
11995,0.00030083334
11996,0.0005461334
11997,2.43e-05
11998,0.00017763334
11999,0.00041070004
12000,0.00058963336
12001,0.00058963336
12002,0.0004033333
12003,0.00015413333
12004,7.5e-06
12005,5.6033343e-05
12006,0.00027000002
12007,3.2033335e-05
12008,3.4133336e-05
12009,0.0003605333
12010,0.00071053335
12011,0.00070083333
12012,0.0003605333
12013,4.8133337e-05
12014,4.32e-05
12015,0.0003333334
12016,0.0006533334
12017,0.00075000006
12018,0.0005376334
12019,0.00020280002
12020,5.633333e-06
12021,9.72e-05
12022,0.00039603334
12023,3.6300004e-05
12024,0.00026403333
12025,2.43e-05
12026,0.00015413333
12027,0.00021333335
12028,0.00014963334
12029,5.3333337e-05
12030,4.0333334e-06
12031,4.0333334e-06
12032,1.2000002e-06
12033,1.2000002e-06
12034,1.3333334e-05
12035,3.6300004e-05
12036,3.3333336e-06
12037,3.8533333e-05
12038,0.000116033334
12039,1.9200002e-05
12040,0.00027603333
12041,0.0009075
12042,0.000116033334
12043,0.0011285334
12044,0.0022188004
12045,0.00192
12046,0.0004408334
12047,0.00032669998
12048,0.0041772006
12049,0.011407499
12050,0.017666133
12051,0.0006533334
12052,0.0037185336
12053,0.00022963336
12054,0.0006256333
12055,3.2033335e-05
12056,0.0014840333
12057,0.0009408001
12058,0.011800835
12059,0.0018252002
12060,0.0143883005
12061,0.0011781335
12062,0.0057963002
12063,0.0054405336
12064,2.8033332e-05
12065,0.0023408332
12066,0.008636033
12067,0.015549634
12068,0.018204033
12069,0.014608134
12070,0.007394701
12071,1.9200002e-05
12072,0.0011656334
12073,0.0003745333
12074,0.005122134
12075,0.014476032
12076,0.0013067999
12077,0.0012033334
12078,0.0012416334
12079,0.0095408335
12080,0.011721633
12081,0.004440834
12082,5.6033343e-05
12083,0.0072075003
12084,0.019101636
12085,0.022852799
12086,0.0149633335
12087,2.1333335e-06
12088,0.0008965335
12089,0.0026133335
12090,0.0039445334
12091,0.0042483
12092,0.0037185336
12093,0.0027648
12094,0.0017480336
12095,0.0008216334
12096,0.00014963334
12097,6.4533335e-05
12098,0.0009976333
12099,0.0030200335
12100,0.0054405336
12101,0.0068705333
12102,0.006192034
12103,5.3333337e-05
12104,8.333335e-05
12105,2.0833337e-05
12106,2.6133332e-05
12107,0.00010453333
12108,0.0017025335
12109,0.0046625338
12110,0.0068403
12111,0.00020803335
12112,0.0010443002
12113,0.0013872002
12114,0.0006627
12115,3.0000004e-07
12116,0.0009075
12117,0.0032240332
12118,0.00027603333
12119,0.0020667
12120,0.0036080335
12121,0.0032656335
12122,0.0015841334
12123,7.5e-06
12124,0.0002523
12125,0.0005461334
12126,0.0006912
12127,3e-05
12128,4.5633336e-05
12129,0.0007400333
12130,0.0020833337
12131,0.0031827001
12132,0.0031416332
12133,0.00192
12134,0.00046413334
12135,4.8133337e-05
12136,0.0013601334
12137,0.0040136334
12138,0.0067500006
12139,0.008101633
12140,0.0002187
12141,0.0011907001
12142,0.0016725332
12143,8.333334e-07
12144,0.00031363333
12145,0.0021675
12146,0.00045630004
12147,0.0046127997
12148,0.008909633
12149,0.008068801
12150,3.3333336e-06
12151,8.0033344e-05
12152,0.0013333336
12153,0.0034347004
12154,0.004637634
12155,0.00010083333
12156,0.00042563336
12157,0.0006256333
12158,1.3333334e-05
12159,4.32e-05
12160,4.5633336e-05
12161,1.08e-05
12162,1.4700002e-05
12163,0.00018750002
12164,0.0006075001
12165,0.0011656334
12166,0.0015987
12167,0.0016133332
12168,0.0011531999
12169,0.00046413334
12170,1.9200002e-05
12171,5.6033343e-05
12172,0.0008748
12173,0.0023763
12174,0.00020803335
12175,0.00021333335
12176,0.0022533333
12177,0.0042721336
12178,0.000112133326
12179,0.00032669998
12180,0.00016803335
12181,1.4700002e-05
12182,0.0007701334
12183,0.0026696336
12184,0.0046875
12185,0.0053067002
12186,0.0038533336
12187,1.6333332e-06
12188,0.00012403334
12189,7.680001e-05
12190,0.0011656334
12191,0.0032448003
12192,0.0048896335
12193,0.004838701
12194,0.0031416332
12195,2.1333335e-06
12196,1.7633334e-05
12197,5.6033343e-05
12198,0.000116033334
12199,0.00029453338
12200,0.0007803
12201,0.0018252002
12202,0.0034133336
12203,0.0002523
12204,0.00023520003
12205,0.0020833337
12206,0.0027840333
12207,0.00097470003
12208,0.00017763334
12209,0.003921633
12210,0.0008533334
12211,0.007873201
12212,0.0143883005
12213,0.012444034
12214,0.004296033
12215,1.6133334e-05
12216,0.005936133
12217,0.017812034
12218,0.025114138
12219,0.0213867
12220,0.0100467
12221,0.0010680334
12222,0.0015552
12223,0.009792134
12224,0.017617634
12225,0.0006533334
12226,0.0036080335
12227,0.0056033335
12228,0.004296033
12229,0.0013601334
12230,7.3633346e-05
12231,0.0013067999
12232,0.0027075
12233,0.0028812
12234,0.0018881336
12235,0.0006912
12236,6.7500005e-05
12237,3.4133336e-05
12238,0.0001728
12239,0.00017763334
12240,7.053334e-05
12241,1.6333332e-06
12242,2.8033332e-05
12243,6.7500005e-05
12244,4.32e-05
12245,0.0
12246,9.363332e-05
12247,0.0004181333
12248,6.4533335e-05
12249,0.0006627
12250,0.0015265334
12251,0.0018565333
12252,0.0013067999
12253,0.00034680005
12254,5.0700004e-05
12255,0.0013067999
12256,0.0039905333
12257,0.00039603334
12258,0.0034776332
12259,0.006630534
12260,0.0060208333
12261,0.0022360333
12262,8.333334e-07
12263,0.0027075
12264,0.008333335
12265,0.0116427
12266,0.009864533
12267,0.005018133
12268,0.0011163
12269,6.1633335e-05
12270,8.670001e-05
12271,0.0007400333
12272,0.0014700001
12273,0.000116033334
12274,0.0013736334
12275,0.0040136334
12276,0.006630534
12277,0.0071147997
12278,0.0047376333
12279,0.0013872002
12280,9.72e-05
12281,0.0017941332
12282,0.0042483
12283,0.0053868005
12284,0.0044652
12285,0.0024480335
12286,8.333334e-07
12287,2.1333335e-06
12288,5.633333e-06
12289,8.333335e-05
12290,0.00022963336
12291,0.00030083334
12292,0.00020803335
12293,4.8133337e-05
12294,1.6133334e-05
12295,0.00027000002
12296,7.3633346e-05
12297,0.0009408001
12298,0.0025761332
12299,0.0040833335
12300,0.0044652
12301,0.0034776332
12302,0.0017176333
12303,0.00032013337
12304,5.3333337e-05
12305,0.0009296334
12306,0.0023763
12307,0.0037856335
12308,0.004838701
12309,0.0054136333
12310,0.0054675005
12311,0.0047628004
12312,0.0032033334
12313,0.0012160332
12314,1.7633334e-05
12315,0.0010325334
12316,0.004637634
12317,0.00061653333
12318,0.0007301334
12319,0.008233634
12320,0.0010800001
12321,0.008233634
12322,0.013653334
12323,0.010982534
12324,0.0035643002
12325,2.6133332e-05
12326,0.0053600334
12327,0.0164268
12328,0.0248832
12329,0.024083333
12330,0.014608134
12331,2.7e-06
12332,0.0010208334
12333,0.0035643002
12334,0.00042563336
12335,0.0042008334
12336,0.0006075001
12337,0.004712534
12338,0.0004033333
12339,0.0021845335
12340,0.0025576334
12341,0.0011041333
12342,1.3333334e-05
12343,0.0006912
12344,0.0021845335
12345,0.0027265332
12346,0.0018408335
12347,0.0005461334
12348,1.2000002e-06
12349,4.8133337e-05
12350,0.00041070004
12351,0.0005720334
12352,0.00034680005
12353,7.3633346e-05
12354,1.2000002e-06
12355,4.0833336e-05
12356,3.2033335e-05
12357,3.3333336e-08
12358,4.32e-05
12359,0.00012
12360,0.000116033334
12361,0.0
12362,1.2033334e-05
12363,3.8533333e-05
12364,4.0833336e-05
12365,1.08e-05
12366,4.8000006e-06
12367,6.1633335e-05
12368,0.00012403334
12369,9.363332e-05
12370,8.533334e-06
12371,6.4533335e-05
12372,0.00041070004
12373,0.0009185334
12374,0.0012033334
12375,0.0009408001
12376,0.00031363333
12377,5.633333e-06
12378,0.0006533334
12379,0.0021845335
12380,0.0036080335
12381,0.0038081335
12382,0.0025208336
12383,0.0
12384,0.00012813334
12385,0.00050430006
12386,0.0010325334
12387,0.0014700001
12388,0.0016280335
12389,0.0014700001
12390,0.0011163
12391,0.00075000006
12392,7.5e-06
12393,4.0833336e-05
12394,6.1633335e-05
12395,1.6333332e-06
12396,3.4133336e-05
12397,0.0008533334
12398,0.0032240332
12399,0.006512134
12400,0.008704035
12401,0.00024653334
12402,0.00010083333
12403,0.0005547001
12404,0.00024083335
12405,0.000112133326
12406,0.0029205335
12407,0.009363333
12408,0.015368034
12409,0.015640834
12410,0.009612301
12411,0.0023763
12412,0.00012
12413,0.0006440333
12414,0.007489201
12415,0.0162867
12416,0.00088563334
12417,0.006453333
12418,0.0126075
12419,0.013696034
12420,0.008806533
12421,0.0024300003
12422,3.6300004e-05
12423,0.0036080335
12424,0.010565634
12425,0.016054533
12426,0.016803334
12427,0.012730801
12428,0.0065712007
12429,0.0016725332
12430,1.6333332e-06
12431,0.0015841334
12432,0.0049922997
12433,0.00049613335
12434,0.0005720334
12435,0.006600833
12436,0.0008533334
12437,0.0058800005
12438,0.0082668
12439,4.8133337e-05
12440,2.0833337e-05
12441,0.0005376334
12442,0.0015552
12443,0.0020501334
12444,0.0014145334
12445,0.0003605333
12446,8.533334e-06
12447,5.3333337e-05
12448,0.0004181333
12449,0.0005547001
12450,0.0003605333
12451,0.00014520001
12452,6.1633335e-05
12453,7.680001e-05
12454,1.3333334e-05
12455,0.00014083333
12456,0.00019253335
12457,3.6300004e-05
12458,0.0001323
12459,0.00013653334
12460,0.0002187
12461,0.0024120333
12462,0.0046127997
12463,0.004224533
12464,0.0017786999
12465,4.0833336e-05
12466,0.0010561333
12467,0.004344034
12468,0.0004720334
12469,0.00050430006
12470,0.0056306995
12471,0.011290802
12472,0.011329633
12473,0.0057131997
12474,0.00050430006
12475,0.0004485333
12476,0.0064827004
12477,0.014652302
12478,0.017958535
12479,0.014126699
12480,0.006810134
12481,0.0013333336
12482,4.5633336e-05
12483,0.0014700001
12484,0.0029601331
12485,0.0032240332
12486,0.0026133335
12487,0.0020008332
12488,0.0017941332
12489,0.0020336334
12490,0.0025025331
12491,0.0026508
12492,0.0019360333
12493,0.0006256333
12494,1.2033334e-05
12495,0.0012545333
12496,0.0038760337
12497,0.00031363333
12498,0.0023763
12499,0.004296033
12500,0.0001323
12501,0.0006440333
12502,0.0010325334
12503,0.0009520334
12504,0.00050430006
12505,7.053334e-05
12506,8.670001e-05
12507,9.0133326e-05
12508,0.0011285334
12509,0.0024843
12510,0.0027075
12511,0.0014421332
12512,0.00012403334
12513,0.0003888
12514,0.0018881336
12515,0.0025025331
12516,0.0012805335
12517,1.3333334e-05
12518,0.0012675
12519,0.0045880335
12520,0.0064240335
12521,0.0043923
12522,0.0007905334
12523,0.0005461334
12524,0.0006256333
12525,0.0007701334
12526,0.007363334
12527,0.012362699
12528,0.009720001
12529,0.0031621335
12530,8.333334e-07
12531,0.0023763
12532,0.0063365335
12533,0.007457634
12534,0.005253634
12535,0.0021505335
12536,0.0003333334
12537,2.8033332e-05
12538,0.00027603333
12539,0.00038163335
12540,0.00032013337
12541,0.00022963336
12542,7.5e-06
12543,0.00012
12544,0.00045630004
12545,6.4533335e-05
12546,0.0006912
12547,0.0016133332
12548,0.0020336334
12549,0.0014840333
12550,0.00042563336
12551,4.0833336e-05
12552,0.0014421332
12553,0.0045633335
12554,0.007648034
12555,0.0082668
12556,0.0055216337
12557,0.0015265334
12558,7.053334e-05
12559,0.0032448003
12560,0.008944133
12561,0.012322134
12562,0.00028213335
12563,0.0010920333
12564,0.0012160332
12565,0.0004408334
12566,1.2033334e-05
12567,0.00012813334
12568,0.0014700001
12569,0.0028227004
12570,0.0026885336
12571,0.0013601334
12572,0.00018253335
12573,0.000116033334
12574,0.00088563334
12575,0.0015552
12576,0.0014981332
12577,0.0008427
12578,0.00018750002
12579,7.5e-06
12580,0.00027000002
12581,0.0006075001
12582,0.00070083333
12583,0.0005208334
12584,0.00026403333
12585,1.3333334e-07
12586,5.333334e-07
12587,8.533334e-06
12588,1.7633334e-05
12589,3.0000004e-07
12590,5.0700004e-05
12591,3.8533333e-05
12592,0.0006075001
12593,0.0016280335
12594,0.0021336332
12595,0.0015265334
12596,0.00036750003
12597,7.053334e-05
12598,0.0012936335
12599,0.0031416332
12600,0.0039445334
12601,0.0030401333
12602,0.0012805335
12603,1.3333334e-05
12604,0.0003605333
12605,0.0008216334
12606,0.0010561333
12607,0.0009520334
12608,0.00063480006
12609,0.00030720004
12610,1.3333334e-07
12611,1.3333334e-05
12612,4.5633336e-05
12613,7.5e-06
12614,0.00010453333
12615,0.00026403333
12616,0.00035363334
12617,0.00025813334
12618,6.7500005e-05
12619,8.533334e-06
12620,0.00016333334
12621,0.0004033333
12622,0.0005292
12623,0.0004408334
12624,2.1333335e-06
12625,8.333334e-07
12626,3.3333336e-08
12627,2.7e-06
12628,2.43e-05
12629,0.00010083333
12630,0.00028829998
12631,0.00063480006
12632,0.0010920333
12633,0.0014560336
12634,0.0013736334
12635,5.633333e-06
12636,7.5e-06
12637,0.00035363334
12638,0.0018408335
12639,0.0046625338
12640,0.007332033
12641,0.007363334
12642,0.0041536335
12643,0.0005720334
12644,0.0007400333
12645,0.005685634
12646,0.011721633
12647,0.013738802
12648,0.010193635
12649,0.0043200003
12650,0.00050430006
12651,0.00031363333
12652,0.0021336332
12653,0.003586134
12654,0.0037408334
12655,0.0030200335
12656,0.0021675
12657,0.0014840333
12658,0.0009633334
12659,0.00048803337
12660,9.72e-05
12661,3e-05
12662,0.00045630004
12663,0.0011531999
12664,0.0015552
12665,0.0013333336
12666,0.00071053335
12667,0.00019763334
12668,9.633333e-06
12669,7.5e-06
12670,7.5e-06
12671,4.0333334e-06
12672,9.633333e-06
12673,0.00012403334
12674,0.00027603333
12675,0.00031363333
12676,2.7e-06
12677,3.3333336e-08
12678,9.633333e-06
12679,0.00028829998
12680,0.0012805335
12681,0.0029008337
12682,0.0041536335
12683,0.0037408334
12684,0.0016725332
12685,4.5633336e-05
12686,0.0010561333
12687,0.0042721336
12688,0.006512134
12689,0.0053868005
12690,4.0333334e-06
12691,1.9200002e-05
12692,2.43e-05
12693,0.00015413333
12694,8.333335e-05
12695,1.9200002e-05
12696,0.00049613335
12697,0.0012805335
12698,0.0014282999
12699,0.0006533334
12700,8.533334e-06
12701,0.00050430006
12702,0.0017633336
12703,0.00012813334
12704,0.0008965335
12705,0.0017786999
12706,0.0022707
12707,0.0023056336
12708,0.0019360333
12709,0.0012545333
12710,0.00043319998
12711,5.333334e-07
12712,0.0007301334
12713,0.0029205335
12714,0.005685634
12715,0.00034680005
12716,0.0027265332
12717,0.0053067002
12718,0.0054675005
12719,3.6300004e-05
12720,9.633333e-06
12721,2.2533332e-05
12722,0.00031363333
12723,0.0011041333
12724,0.0022533333
12725,0.0032240332
12726,0.00013653334
12727,0.0010680334
12728,0.00015870002
12729,0.0013872002
12730,0.0026508
12731,0.0025947
12732,0.0011781335
12733,4.5633336e-05
12734,0.0014700001
12735,0.0052008326
12736,0.0006627
12737,0.0064827004
12738,0.013146134
12739,0.012854701
12740,0.0056581334
12741,0.0001323
12742,0.0032865335
12743,0.012000001
12744,0.0169932
12745,0.013525635
12746,0.0057131997
12747,0.00063480006
12748,0.00014520001
12749,0.0012160332
12750,4.0833336e-05
12751,3.3333336e-06
12752,2.0833337e-05
12753,0.000116033334
12754,0.00058080006
12755,0.0019040334
12756,0.0040600337
12757,0.0059080343
12758,0.00019763334
12759,0.0009976333
12760,0.0011656334
12761,0.0003333334
12762,0.00015870002
12763,0.0023585334
12764,0.0062496336
12765,0.0004485333
12766,0.0032033334
12767,0.00027603333
12768,0.0013467001
12769,0.0011408334
12770,9.363332e-05
12771,0.0006721334
12772,0.0034992
12773,0.00034680005
12774,0.0023763
12775,0.0034347004
12776,0.0021168
12777,0.00026403333
12778,0.0003745333
12779,0.0024480335
12780,0.004296033
12781,0.0040833335
12782,0.0022016333
12783,0.0004181333
12784,6.7500005e-05
12785,0.0010092
12786,0.0020667
12787,0.0022881336
12788,3.4133336e-05
12789,0.00012813334
12790,0.00021333335
12791,0.00017763334
12792,5.6033343e-05
12793,7.5e-06
12794,0.00018253335
12795,0.0005720334
12796,0.0009976333
12797,0.0011408334
12798,0.0008427
12799,0.00028213335
12800,2.7e-06
12801,0.00050430006
12802,0.0017025335
12803,0.0027840333
12804,0.0029205335
12805,0.0019683002
12806,0.0006816333
12807,1.6133334e-05
12808,0.00028829998
12809,0.0010800001
12810,0.0017786999
12811,0.0021168
12812,8.670001e-05
12813,0.0008748
12814,0.0024300003
12815,0.00363
12816,0.0031827001
12817,2.7e-06
12818,0.00016803335
12819,0.0013067999
12820,0.0041067
12821,0.008036033
12822,0.011020834
12823,0.0106408335
12824,0.0067200335
12825,0.0018408335
12826,5.8800008e-05
12827,0.0037185336
12828,0.0115248
12829,0.019101636
12830,0.021924032
12831,0.018154802
12832,0.010193635
12833,0.0027265332
12834,8.533334e-06
12835,0.00050430006
12836,0.006453333
12837,0.0011041333
12838,0.0106408335
12839,0.022468036
12840,0.026166534
12841,0.0004033333
12842,0.0012545333
12843,0.0012805335
12844,0.00029453338
12845,0.00027000002
12846,0.0030200335
12847,0.007394701
12848,0.009973634
12849,0.008500834
12850,0.0043200003
12851,0.0008321334
12852,5.8800008e-05
12853,0.0011781335
12854,0.0021168
12855,0.0018881336
12856,0.0010325334
12857,0.00038163335
12858,0.00014963334
12859,0.00017763334
12860,3.8533333e-05
12861,0.00056333333
12862,0.0014145334
12863,0.0016428002
12864,0.0009185334
12865,9.0133326e-05
12866,0.00026403333
12867,0.0015265334
12868,0.0001728
12869,0.0014008334
12870,0.0025761332
12871,8.333335e-05
12872,0.0004033333
12873,0.00058963336
12874,0.0004485333
12875,0.00016333334
12876,2.7e-06
12877,1.9200002e-05
12878,0.00028829998
12879,0.00081120007
12880,9.363332e-05
12881,0.0010092
12882,0.00018253335
12883,0.0015696336
12884,0.0026133335
12885,0.0017176333
12886,0.00013653334
12887,0.0008965335
12888,0.005174534
12889,0.010304533
12890,0.012000001
12891,0.0085683
12892,0.0028033333
12893,1.2000002e-06
12894,0.0034347004
12895,0.011603335
12896,0.0192027
12897,0.021067498
12898,0.015778134
12899,0.006961634
12900,0.0006721334
12901,0.0013067999
12902,0.008400134
12903,0.016945634
12904,0.020961635
12905,0.017909633
12906,0.010230534
12907,3.3333336e-08
12908,0.00022413337
12909,0.00059853337
12910,0.0009633334
12911,0.0013601334
12912,0.00192
12913,0.0026885336
12914,0.0035425334
12915,0.00018253335
12916,0.0015987
12917,0.0032240332
12918,0.0030401333
12919,0.0010920333
12920,1.7633334e-05
12921,0.0020833337
12922,0.0062208
12923,0.008944133
12924,0.007840834
12925,3.8533333e-05
12926,1.08e-05
12927,1.2000002e-06
12928,5.0700004e-05
12929,0.00016803335
12930,0.00027603333
12931,0.00027603333
12932,0.00018253335
12933,8.670001e-05
12934,3.8533333e-05
12935,4.5633336e-05
12936,0.00012
12937,0.00030083334
12938,0.00051253336
12939,0.0005461334
12940,0.00028829998
12941,7.5e-06
12942,0.00027603333
12943,0.0009408001
12944,0.00010083333
12945,0.0008427
12946,0.0015696336
12947,0.0014145334
12948,0.0005720334
12949,7.5e-06
12950,0.0004181333
12951,0.0016133332
12952,0.0027840333
12953,0.0031621335
12954,0.0024480335
12955,0.0010680334
12956,5.3333337e-05
12957,0.00058080006
12958,0.0031827001
12959,0.006780033
12960,0.008909633
12961,0.007489201
12962,0.0032865335
12963,0.00012813334
12964,0.0017327999
12965,0.0077763004
12966,0.013440834
12967,0.013653334
12968,0.008200534
12969,0.0019683002
12970,8.670001e-05
12971,0.0031621335
12972,0.00049613335
12973,0.0038533336
12974,0.006512134
12975,0.005576033
12976,0.0023763
12977,0.00015413333
12978,0.0005292
12979,0.0023056336
12980,0.0032656335
12981,0.0024120333
12982,0.00075000006
12983,6.533333e-06
12984,0.00017763334
12985,0.0022016333
12986,0.0047376333
12987,0.0052271998
12988,3.6300004e-05
12989,3.0000004e-07
12990,0.00020803335
12991,0.0013333336
12992,0.0034347004
12993,0.00028213335
12994,0.00022413337
12995,0.00018750002
12996,0.0011781335
12997,0.0010561333
12998,0.00013653334
12999,0.00032013337
13000,0.0018723003
13001,0.0030603004
13002,0.0025947
13003,0.0011041333
13004,0.00010083333
13005,9.72e-05
13006,0.00042563336
13007,0.00041070004
13008,0.0
13009,2.2533332e-05
13010,3.8533333e-05
13011,4.8000006e-06
13012,7.053334e-05
13013,0.0005547001
13014,0.0015841334
13015,0.0027456335
13016,0.0032240332
13017,0.0024480335
13018,0.0008533334
13019,6.4533335e-05
13020,0.0016725332
13021,0.0054675005
13022,0.009900834
13023,0.012080134
13024,0.0099372
13025,0.0045880335
13026,0.00032669998
13027,0.0016576335
13028,0.009434134
13029,0.019456532
13030,0.025229998
13031,0.022687502
13032,0.0134832
13033,1.2000002e-06
13034,0.0008965335
13035,0.0037185336
13036,0.008840834
13037,0.015504135
13038,0.020961635
13039,0.0213867
13040,0.0151875
13041,0.0056581334
13042,8.0033344e-05
13043,0.0008427
13044,0.012000001
13045,0.028830001
13046,0.038092036
13047,0.032802135
13048,0.017617634
13049,0.0039675003
13050,0.0001323
13051,0.005685634
13052,0.014083334
13053,0.018800035
13054,0.017472534
13055,0.011960033
13056,0.0057131997
13057,0.0013872002
13058,3.0000004e-07
13059,0.0011163
13060,0.0034347004
13061,0.0055216337
13062,0.00027000002
13063,0.0021845335
13064,0.0046875
13065,0.00022413337
13066,0.0012675
13067,7.680001e-05
13068,0.00025813334
13069,9.363332e-05
13070,6.7500005e-05
13071,0.0009633334
13072,0.0025576334
13073,0.003586134
13074,0.0030401333
13075,0.0013601334
13076,0.000108299995
13077,0.00030083334
13078,0.0015408334
13079,0.0025208336
13080,0.0024300003
13081,0.0015552
13082,0.0006533334
13083,0.00017763334
13084,0.0
13085,9.633333e-06
13086,0.00010083333
13087,0.00024653334
13088,0.00023520003
13089,4.0833336e-05
13090,0.00012
13091,0.0011285334
13092,0.0031212
13093,0.005253634
13094,0.0061061336
13095,0.0048896335
13096,0.0023056336
13097,0.00023520003
13098,0.0005292
13099,0.003586134
13100,0.0077763004
13101,0.010453334
13102,0.009864533
13103,0.0064240335
13104,0.0024480335
13105,0.00019763334
13106,0.00034003335
13107,0.0017941332
13108,0.0031008334
13109,0.0035208336
13110,0.0033285336
13111,0.0030401333
13112,0.0029800336
13113,0.0030805336
13114,0.00010453333
13115,0.0006627
13116,0.0008216334
13117,0.00012
13118,0.0006627
13119,0.005122134
13120,0.0122412015
13121,0.0007803
13122,0.004940833
13123,0.006900834
13124,0.0036080335
13125,0.00010083333
13126,0.00050430006
13127,0.0064240335
13128,0.012648534
13129,0.00039603334
13130,0.0016133332
13131,0.0019360333
13132,0.0010680334
13133,0.00015870002
13134,8.0033344e-05
13135,0.0006816333
13136,0.0013467001
13137,0.0016725332
13138,5.6033343e-05
13139,0.0004720334
13140,0.0011163
13141,5.8800008e-05
13142,0.00030720004
13143,0.00030083334
13144,3.4133336e-05
13145,0.00019253335
13146,0.0013067999
13147,0.0029403002
13148,0.003921633
13149,0.0033920333
13150,1.3333334e-05
13151,2.1333335e-06
13152,2.2533332e-05
13153,0.00049613335
13154,0.0017176333
13155,0.0031827001
13156,0.00016333334
13157,0.000116033334
13158,0.0010325334
13159,0.0015265334
13160,0.0008965335
13161,7.053334e-05
13162,0.00030720004
13163,0.0016133332
13164,0.0028033333
13165,0.0028227004
13166,0.0017480336
13167,0.00050430006
13168,5.333334e-07
13169,0.00030720004
13170,0.0007803
13171,0.00081120007
13172,0.00039603334
13173,3.4133336e-05
13174,6.7500005e-05
13175,0.00028213335
13176,6.533333e-06
13177,1.3333334e-07
13178,6.4533335e-05
13179,0.00036750003
13180,0.0007600333
13181,0.0008321334
13182,0.0004485333
13183,3.6300004e-05
13184,3.6300004e-05
13185,0.00046413334
13186,0.00081120007
13187,0.0005720334
13188,8.670001e-05
13189,0.000108299995
13190,0.0007600333
13191,6.4533335e-05
13192,0.00028829998
13193,0.00014520001
13194,5.3333337e-05
13195,0.0012936335
13196,0.0041772006
13197,0.0068705333
13198,0.0068403
13199,0.0036963
13200,0.0004033333
13201,0.0009408001
13202,0.0063948
13203,0.013356299
13204,0.016661635
13205,0.0139968
13206,0.007489201
13207,0.0018096336
13208,8.533334e-06
13209,0.0016576335
13210,0.0042483
13211,0.005685634
13212,0.0054945336
13213,0.0043923
13214,7.680001e-05
13215,8.333335e-05
13216,0.0011781335
13217,0.0026885336
13218,0.000112133326
13219,4.32e-05
13220,0.00024653334
13221,0.00019763334
13222,4.8000006e-06
13223,0.00027000002
13224,0.0014145334
13225,0.00024083335
13226,0.0026885336
13227,0.0064240335
13228,0.0003888
13229,0.0025761332
13230,0.0039445334
13231,0.0025208336
13232,0.00027603333
13233,0.0007905334
13234,0.00507
13235,0.0006721334
13236,0.0058520334
13237,0.011368534
13238,0.011682134
13239,0.006660301
13240,0.0012936335
13241,0.00026403333
13242,0.0038988001
13243,0.008602134
13244,0.00046413334
13245,0.0033075
13246,0.0062785344
13247,0.00023520003
13248,0.000112133326
13249,0.0008321334
13250,0.0010208334
13251,0.0003605333
13252,3.4133336e-05
13253,0.0001728
13254,0.0022016333
13255,0.004788033
13256,0.0053067002
13257,0.0032033334
13258,0.0006533334
13259,0.00013653334
13260,0.0020336334
13261,0.0043681334
13262,0.0049665337
13263,0.0033920333
13264,0.0011656334
13265,3.4133336e-05
13266,0.00071053335
13267,0.0016725332
13268,0.0022016333
13269,0.0019360333
13270,0.0010561333
13271,0.00019763334
13272,7.3633346e-05
13273,0.0010208334
13274,0.0025761332
13275,0.00018253335
13276,0.00014520001
13277,0.0012033334
13278,0.0015987
13279,0.0006533334
13280,1.3333334e-05
13281,0.00022963336
13282,0.0029800336
13283,0.006600833
13284,0.007648034
13285,0.0050960337
13286,0.0013467001
13287,9.0133326e-05
13288,0.0033496334
13289,0.009720001
13290,0.00081120007
13291,0.006453333
13292,0.011368534
13293,0.009152534
13294,0.0023763
13295,0.0003605333
13296,0.007363334
13297,0.0011531999
13298,0.008704035
13299,0.013525635
13300,0.009576534
13301,0.0023763
13302,0.00012813334
13303,0.0038533336
13304,0.008068801
13305,0.008233634
13306,0.004940833
13307,1.3333334e-07
13308,6.7500005e-05
13309,0.0001323
13310,0.00018750002
13311,0.00034680005
13312,0.0007803
13313,0.0015552
13314,0.0023232002
13315,0.0023585334
13316,0.0013467001
13317,0.0001728
13318,0.0003333334
13319,0.0024843
13320,0.0054405336
13321,0.0069921343
13322,0.005824134
13323,0.0028616334
13324,0.00041070004
13325,0.00027000002
13326,0.0023056336
13327,0.004637634
13328,0.005253634
13329,0.0037856335
13330,0.0015123001
13331,1.6133334e-05
13332,0.00034003335
13333,0.00058080006
13334,0.00041070004
13335,8.333335e-05
13336,2.0833337e-05
13337,0.00022963336
13338,0.00032669998
13339,1.3333334e-07
13340,5.0700004e-05
13341,0.00030720004
13342,0.00070083333
13343,0.00088563334
13344,0.00063480006
13345,0.00018253335
13346,2.7e-06
13347,0.00024083335
13348,0.00056333333
13349,0.00056333333
13350,0.00025813334
13351,9.633333e-06
13352,2.8033332e-05
13353,0.00036750003
13354,4.8133337e-05
13355,0.00032013337
13356,1.4700002e-05
13357,1.7633334e-05
13358,2.0833337e-05
13359,0.0004181333
13360,0.0014560336
13361,0.0026133335
13362,0.000112133326
13363,5.0700004e-05
13364,0.00028213335
13365,0.00014963334
13366,3.2033335e-05
13367,0.0009075
13368,0.0027840333
13369,0.004344034
13370,0.0042483
13371,0.0025947
13372,0.0007600333
13373,1.2000002e-06
13374,0.00050430006
13375,0.0014840333
13376,0.0021000335
13377,8.0033344e-05
13378,0.0006912
13379,0.00014963334
13380,0.00021333335
13381,0.00030083334
13382,0.0030603004
13383,0.0053600334
13384,0.0041772006
13385,0.0010092
13386,0.00024653334
13387,0.0041067
13388,0.009973634
13389,0.012772035
13390,0.010156801
13391,0.0044652
13392,0.00043319998
13393,0.0006627
13394,0.0039445334
13395,0.0070227003
13396,0.0076161334
13397,0.0058520334
13398,0.0032240332
13399,0.0011656334
13400,0.00015413333
13401,3.8533333e-05
13402,0.00046413334
13403,9.0133326e-05
13404,0.0010800001
13405,0.0028812
13406,0.0044896337
13407,0.00018750002
13408,0.0013067999
13409,0.00014083333
13410,0.0008321334
13411,0.00086403335
13412,0.00012813334
13413,0.00042563336
13414,0.0032448003
13415,0.007394701
13416,0.009434134
13417,0.0071147997
13418,0.0023585334
13419,1.08e-05
13420,0.0034133336
13421,0.010678534
13422,0.015916033
13423,0.0147852
13424,0.008300033
13425,0.0018565333
13426,0.00019253335
13427,0.00038163335
13428,0.0040833335
13429,0.008433634
13430,0.0004181333
13431,0.0029205335
13432,0.0056581334
13433,0.006134701
13434,0.0039905333
13435,3.3333336e-08
13436,0.00016333334
13437,0.00061653333
13438,0.0013467001
13439,0.0023232002
13440,0.0035425334
13441,0.0047628004
13442,0.0055216337
13443,0.0052008326
13444,0.0034776332
13445,0.0010800001
13446,2.8033332e-05
13447,0.0025208336
13448,0.008840834
13449,0.0160083
13450,0.019405637
13451,0.016380034
13452,0.008840834
13453,0.0019683002
13454,9.72e-05
13455,0.0033708
13456,0.008500834
13457,0.011800835
13458,0.0118405325
13459,0.009434134
13460,0.00012403334
13461,0.00081120007
13462,0.0019521335
13463,9.0133326e-05
13464,0.00030083334
13465,9.72e-05
13466,0.00014520001
13467,0.0017025335
13468,0.004788033
13469,0.00043319998
13470,0.0004408334
13471,0.0046875
13472,0.008909633
13473,0.008300033
13474,0.0035643002
13475,8.333335e-05
13476,0.0021675
13477,0.008636033
13478,0.014040034
13479,0.013653334
13480,0.008036033
13481,0.0020008332
13482,2.6133332e-05
13483,0.0021845335
13484,0.0049665337
13485,0.00018750002
13486,0.0008965335
13487,0.0013067999
13488,0.0010920333
13489,0.00058963336
13490,5.333334e-07
13491,8.333334e-07
13492,1.08e-05
13493,2.6133332e-05
13494,1.4700002e-05
13495,0.0
13496,1.7633334e-05
13497,3.4133336e-05
13498,3.3333336e-08
13499,2.2533332e-05
13500,9.72e-05
13501,0.00014083333
13502,3.3333336e-08
13503,1.6133334e-05
13504,0.0004033333
13505,0.00012403334
13506,0.0012675
13507,0.0023056336
13508,0.0017633336
13509,0.00032013337
13510,0.00028829998
13511,0.00030720004
13512,0.0032865335
13513,0.0062208
13514,0.0056306995
13515,0.0023056336
13516,5.3333337e-05
13517,0.0011531999
13518,0.0041067
13519,0.0057131997
13520,0.0045387005
13521,0.0020172002
13522,0.00027000002
13523,8.670001e-05
13524,0.0006627
13525,0.0009520334
13526,0.0007203
13527,0.00034680005
13528,0.00014520001
13529,0.000116033334
13530,0.00025813334
13531,0.00063480006
13532,0.0011531999
13533,0.0013601334
13534,0.0009520334
13535,0.00021333335
13536,8.670001e-05
13537,0.0013067999
13538,0.0036080335
13539,0.0057131997
13540,0.00024653334
13541,0.0017025335
13542,0.0030000003
13543,0.0024300003
13544,3.3333336e-06
13545,0.00059853337
13546,0.0025761332
13547,0.0003745333
13548,0.003586134
13549,0.00043319998
13550,0.00026403333
13551,0.0016280335
13552,0.0014560336
13553,0.00018750002
13554,0.0003888
13555,0.0022188004
13556,0.00015870002
13557,0.0007600333
13558,0.0008427
13559,0.00042563336
13560,1.3333334e-07
13561,3.3333336e-08
13562,1.4700002e-05
13563,7.680001e-05
13564,8.333335e-05
13565,3.0000004e-07
13566,0.00026403333
13567,0.0001323
13568,0.0014560336
13569,0.0027265332
13570,0.0021675
13571,0.00049613335
13572,0.0001323
13573,0.0018408335
13574,0.0036741337
13575,0.0035643002
13576,0.0017786999
13577,0.0002523
13578,9.0133326e-05
13579,0.0006721334
13580,0.0009296334
13581,0.0006627
13582,0.00028213335
13583,8.333335e-05
13584,3.2033335e-05
13585,3.4133336e-05
13586,4.0833336e-05
13587,2.0833337e-05
13588,5.333334e-07
13589,5.3333337e-05
13590,0.0001323
13591,9.0133326e-05
13592,4.8000006e-06
13593,0.00018253335
13594,0.0005547001
13595,0.0007203
13596,2.1333335e-06
13597,4.5633336e-05
13598,0.00048803337
13599,0.0015841334
13600,0.0029008337
13601,0.00014083333
13602,0.00088563334
13603,0.0013200332
13604,0.0007803
13605,4.0833336e-05
13606,0.00050430006
13607,0.0026320333
13608,0.0053868005
13609,0.0070533343
13610,0.0065712007
13611,0.0042008334
13612,0.0014421332
13613,2.2533332e-05
13614,0.00018253335
13615,0.0026320333
13616,0.006630534
13617,0.009612301
13618,0.009720001
13619,0.00015870002
13620,0.00075000006
13621,0.0012805335
13622,0.0010443002
13623,0.00027000002
13624,6.1633335e-05
13625,0.0011781335
13626,0.0032033334
13627,0.0048896335
13628,0.005253634
13629,0.004224533
13630,0.0025025331
13631,0.0009185334
13632,8.533334e-06
13633,0.00022413337
13634,0.00059853337
13635,6.1633335e-05
13636,0.0006912
13637,0.0017786999
13638,0.0026508
13639,0.0027648
13640,0.0022360333
13641,0.0014560336
13642,0.00081120007
13643,0.00038163335
13644,0.000108299995
13645,3.0000004e-07
13646,0.00022413337
13647,0.0010680334
13648,0.0025947
13649,0.0042483
13650,0.005018133
13651,0.0042483
13652,0.0024300003
13653,0.00071053335
13654,8.533334e-06
13655,0.00028213335
13656,7.3633346e-05
13657,0.0007600333
13658,0.0018881336
13659,0.0031212
13660,0.0040833335
13661,0.0043200003
13662,0.00010083333
13663,0.0005292
13664,0.0007803
13665,0.0004181333
13666,7.5e-06
13667,7.3633346e-05
13668,0.0010092
13669,0.0022360333
13670,0.0027648
13671,0.0024480335
13672,4.0833336e-05
13673,0.00030083334
13674,0.0007600333
13675,0.0009185334
13676,0.0004408334
13677,1.3333334e-07
13678,0.0006627
13679,0.0023408332
13680,0.0034776332
13681,0.0028033333
13682,0.0010208334
13683,1.08e-05
13684,0.00049613335
13685,0.0012936335
13686,0.0011285334
13687,0.00030083334
13688,3e-05
13689,0.0006627
13690,0.0012805335
13691,0.0011041333
13692,0.0004033333
13693,4.0333334e-06
13694,4.5633336e-05
13695,0.0005376334
13696,8.333335e-05
13697,0.0008748
13698,0.0021505335
13699,0.00016803335
13700,0.0013601334
13701,0.0025025331
13702,5.0700004e-05
13703,5.333334e-07
13704,5.8800008e-05
13705,0.00061653333
13706,0.0020336334
13707,0.0038081335
13708,0.0047628004
13709,0.0041536335
13710,0.0023232002
13711,0.00049613335
13712,9.0133326e-05
13713,0.0018096336
13714,0.0054405336
13715,0.009398701
13716,0.011213333
13717,0.009257633
13718,0.004440834
13719,0.0004720334
13720,0.0008216334
13721,0.0005547001
13722,0.0056581334
13723,0.010868033
13724,0.010792035
13725,0.006134701
13726,0.0015841334
13727,7.5e-06
13728,0.0004485333
13729,0.0008216334
13730,0.0005547001
13731,0.0002187
13732,0.00012813334
13733,0.0003333334
13734,0.0011907001
13735,0.0028616334
13736,0.0043681334
13737,0.004296033
13738,0.0023941335
13739,0.0003605333
13740,0.00030083334
13741,0.0027075
13742,0.0061061336
13743,0.00042563336
13744,0.0036080335
13745,0.0005208334
13746,0.00045630004
13747,0.0038760337
13748,0.005280133
13749,0.0023408332
13750,7.5e-06
13751,0.0040136334
13752,0.012979201
13753,0.018850137
13754,0.015640834
13755,0.0063074995
13756,0.00012813334
13757,0.0037856335
13758,0.014564034
13759,0.022797633
13760,0.0006627
13761,0.0029403002
13762,0.00012403334
13763,0.00022963336
13764,3.0000004e-07
13765,0.00014083333
13766,0.0020172002
13767,0.0041772006
13768,0.0038760337
13769,0.0014560336
13770,1.2000002e-06
13771,0.0012675
13772,0.0036080335
13773,0.004296033
13774,4.8133337e-05
13775,0.000116033334
13776,0.00017763334
13777,0.0002523
13778,1.4700002e-05
13779,0.0001323
13780,0.00019763334
13781,5.0700004e-05
13782,4.5633336e-05
13783,0.0011285334
13784,0.0037408334
13785,0.0063948
13786,0.006660301
13787,0.0038760337
13788,0.00058963336
13789,0.00058080006
13790,0.005122134
13791,0.011213333
13792,0.0141701335
13793,0.00031363333
13794,0.0013872002
13795,0.0020336334
13796,0.0013872002
13797,0.00028213335
13798,6.1633335e-05
13799,0.0010443002
13800,0.0026133335
13801,0.0038988001
13802,0.0045141336
13803,0.0044896337
13804,0.0038760337
13805,5.8800008e-05
13806,0.00023520003
13807,3.3333336e-06
13808,4.5633336e-05
13809,0.00012
13810,0.0022533333
13811,0.0065416335
13812,0.009612301
13813,0.0084672
13814,0.0040833335
13815,0.00048
13816,0.00048803337
13817,0.0031827001
13818,0.0055216337
13819,0.0055216337
13820,0.0036520334
13821,0.0015265334
13822,1.2000002e-06
13823,3.8533333e-05
13824,2.6133332e-05
13825,8.333334e-07
13826,1.08e-05
13827,1.6333332e-06
13828,7.5e-06
13829,1.6333332e-06
13830,9.633333e-06
13831,0.000112133326
13832,0.00042563336
13833,0.00097470003
13834,0.0015841334
13835,0.0018096336
13836,0.0013736334
13837,0.00051253336
13838,1.2000002e-06
13839,9.72e-05
13840,0.0013467001
13841,0.0031212
13842,0.003921633
13843,0.0031827001
13844,0.0015987
13845,0.00034680005
13846,5.633333e-06
13847,0.0003745333
13848,0.0009520334
13849,0.0013872002
13850,0.0016280335
13851,0.0017025335
13852,5.8800008e-05
13853,5.8800008e-05
13854,8.0033344e-05
13855,0.0006533334
13856,0.00075000006
13857,0.00014520001
13858,0.00027603333
13859,0.0025208336
13860,0.0061633335
13861,0.008433634
13862,0.007176533
13863,0.0031621335
13864,0.00012813334
13865,0.0016725332
13866,0.007873201
13867,0.0147852
13868,0.00075000006
13869,0.0052271998
13870,0.009398701
13871,0.0083667
13872,0.0032033334
13873,3.3333336e-06
13874,0.0035208336
13875,0.012730801
13876,0.0012936335
13877,0.0013067999
13878,0.0015552
13879,0.0139968
13880,0.020961635
13881,0.012200834
13882,0.0008533334
13883,0.004940833
13884,0.0023232002
13885,0.021870002
13886,0.0386643
13887,0.00088563334
13888,0.00016803335
13889,0.0006627
13890,0.00030720004
13891,4.0833336e-05
13892,0.00012813334
13893,0.0015696336
13894,0.0034992
13895,0.0043681334
13896,0.0037632005
13897,0.0023056336
13898,3.3333336e-06
13899,5.333334e-07
13900,1.6333332e-06
13901,7.053334e-05
13902,0.00042563336
13903,0.0013601334
13904,0.0028616334
13905,0.004296033
13906,0.0047376333
13907,0.0036080335
13908,0.0015408334
13909,8.0033344e-05
13910,0.0006533334
13911,0.0003333334
13912,0.0037185336
13913,0.0005461334
13914,0.0044896337
13915,0.007840834
13916,0.0068705333
13917,0.0028812
13918,0.00013653334
13919,0.0009296334
13920,0.0038760337
13921,0.0061061336
13922,0.0059925327
13923,0.0040136334
13924,0.0017327999
13925,0.00030720004
13926,2.8033332e-05
13927,0.00058080006
13928,0.0014421332
13929,0.0021675
13930,0.0025208336
13931,0.0023941335
13932,0.0018881336
13933,0.0011781335
13934,2.1333335e-06
13935,1.6333332e-06
13936,3.8533333e-05
13937,3e-05
13938,0.0005547001
13939,0.0018565333
13940,0.00020803335
13941,0.0017941332
13942,0.0033285336
13943,0.0029205335
13944,5.333334e-07
13945,0.00016803335
13946,0.0007701334
13947,0.0014981332
13948,0.0017480336
13949,0.0012545333
13950,0.0004408334
13951,8.533334e-06
13952,0.00017763334
13953,0.0005461334
13954,0.0005720334
13955,0.00024083335
13956,5.333334e-07
13957,0.00024653334
13958,0.0008216334
13959,0.0011781335
13960,2.0833337e-05
13961,3.6300004e-05
13962,1.2000002e-06
13963,2.43e-05
13964,0.0005292
13965,0.0017327999
13966,0.0031008334
13967,0.0037632005
13968,0.0031827001
13969,0.0017176333
13970,0.00032013337
13971,0.00012813334
13972,0.0017941332
13973,0.0049922997
13974,0.008433634
13975,0.010304533
13976,0.009398701
13977,0.0059925327
13978,0.0020172002
13979,2.2533332e-05
13980,0.00026403333
13981,0.00363
13982,0.008738134
13983,0.012120301
13984,0.011920135
13985,0.00020803335
13986,0.0012033334
13987,0.0025392002
13988,0.0027456335
13989,6.533333e-06
13990,0.00010453333
13991,0.0011408334
13992,0.0040136334
13993,0.008200534
13994,0.011174701
13995,0.010267501
13996,0.005576033
13997,0.0008748
13998,0.0006075001
13999,0.0057131997
14000,0.012281634
14001,0.0149633335
14002,0.00027603333
14003,0.0010092
14004,0.0011907001
14005,0.0004720334
14006,5.633333e-06
14007,0.0008965335
14008,0.0002187
14009,0.0020501334
14010,0.0038760337
14011,0.0038081335
14012,0.0019683002
14013,0.00024653334
14014,0.00029453338
14015,0.0022360333
14016,0.0046875
14017,0.005936133
14018,0.00014963334
14019,0.00075000006
14020,0.0010920333
14021,0.0006256333
14022,1.6133334e-05
14023,0.0005376334
14024,0.0016428002
14025,0.0026508
14026,0.0029403002
14027,7.680001e-05
14028,0.00058963336
14029,0.000116033334
14030,0.0011163
14031,0.0020008332
14032,0.0014282999
14033,2.0833337e-05
14034,0.0011531999
14035,0.0044896337
14036,0.008806533
14037,0.011020834
14038,0.008944133
14039,0.0039675003
14040,5.3333337e-05
14041,0.00022963336
14042,0.0029205335
14043,0.006810134
14044,0.009013333
14045,0.008003333
14046,0.004788033
14047,0.0015841334
14048,5.6033343e-05
14049,0.00046413334
14050,0.0018723003
14051,0.0030000003
14052,0.0030200335
14053,0.0020008332
14054,0.0006912
14055,1.6133334e-05
14056,5.6033343e-05
14057,6.4533335e-05
14058,0.00048803337
14059,0.0005208334
14060,0.00010083333
14061,0.00012813334
14062,0.0010800001
14063,0.0020667
14064,0.0018096336
14065,0.00051253336
14066,0.00010453333
14067,0.00031363333
14068,0.0039675003
14069,0.008806533
14070,0.0003745333
14071,0.0016875002
14072,0.0015408334
14073,0.00013653334
14074,0.0011163
14075,0.00070083333
14076,0.007744133
14077,0.015142534
14078,0.013738802
14079,0.0049152006
14080,3.2033335e-05
14081,0.0012936335
14082,0.016333334
14083,0.034952536
14084,0.038592532
14085,0.023688298
14086,0.0052271998
14087,0.0007701334
14088,0.012937633
14089,0.030464534
14090,0.03938563
14091,0.03380163
14092,0.018700033
14093,4.0333334e-06
14094,0.00097470003
14095,0.0030200335
14096,0.005685634
14097,0.008602134
14098,0.010982534
14099,0.0004720334
14100,0.0037408334
14101,0.0075842994
14102,0.007489201
14103,0.0032448003
14104,3.6300004e-05
14105,0.0027075
14106,0.0009185334
14107,0.009117634
14108,0.017958535
14109,0.0006440333
14110,0.0029800336
14111,0.0037632005
14112,0.0019845334
14113,0.00015413333
14114,0.00050430006
14115,0.0023056336
14116,0.0032865335
14117,5.6033343e-05
14118,1.6133334e-05
14119,0.0001728
14120,0.00048
14121,0.0009296334
14122,8.670001e-05
14123,0.0008965335
14124,0.00014083333
14125,0.0010325334
14126,0.0013200332
14127,0.00042563336
14128,0.00012403334
14129,0.00034003335
14130,0.0043923
14131,0.009792134
14132,0.011097634
14133,0.006900834
14134,0.0014560336
14135,0.00028213335
14136,0.0045880335
14137,0.010453334
14138,0.012730801
14139,0.009720001
14140,0.0041772006
14141,3.8533333e-05
14142,0.0010561333
14143,0.0023941335
14144,0.0028033333
14145,0.0019683002
14146,5.333334e-07
14147,4.8133337e-05
14148,0.00015413333
14149,6.533333e-06
14150,5.633333e-06
14151,2.6133332e-05
14152,5.3333337e-05
14153,0.0008321334
14154,0.0020336334
14155,0.0022881336
14156,0.0011163
14157,2.0833337e-05
14158,0.0009075
14159,0.0034776332
14160,0.0052271998
14161,0.0042721336
14162,0.0016576335
14163,5.0700004e-05
14164,0.00012403334
14165,0.0011531999
14166,6.4533335e-05
14167,1.08e-05
14168,9.633333e-06
14169,8.533334e-06
14170,7.680001e-05
14171,1.6333332e-06
14172,1.3333334e-05
14173,0.00027603333
14174,0.0011907001
14175,0.0026696336
14176,0.0038533336
14177,0.0037856335
14178,0.0023763
14179,0.0006533334
14180,1.3333334e-05
14181,0.0011041333
14182,0.00027000002
14183,0.0028421334
14184,0.006453333
14185,0.008400134
14186,0.0074261334
14187,0.0045880335
14188,0.0017480336
14189,0.00019253335
14190,0.00014520001
14191,0.0011531999
14192,0.0026320333
14193,0.0041301334
14194,0.00025813334
14195,0.0025208336
14196,0.0060776332
14197,0.008003333
14198,0.0065712007
14199,0.0030805336
14200,0.00038163335
14201,0.00032013337
14202,0.00027603333
14203,0.00038163335
14204,0.0045633335
14205,0.010528133
14206,0.013867501
14207,0.012281634
14208,0.0070227003
14209,0.0018096336
14210,2.6133332e-05
14211,0.0025025331
14212,0.007176533
14213,0.010565634
14214,0.010416033
14215,0.0069311997
14216,0.0026320333
14217,0.00015870002
14218,0.0001728
14219,0.0022533333
14220,0.0048896335
14221,0.0057963002
14222,0.004344034
14223,0.0017941332
14224,0.00012
14225,0.00042563336
14226,0.0020833337
14227,0.0034561334
14228,0.0034133336
14229,0.0021000335
14230,0.0006912
14231,3e-05
14232,0.00012
14233,0.0004033333
14234,0.00051253336
14235,1.6133334e-05
14236,0.00019253335
14237,0.0007803
14238,0.00014963334
14239,0.0017941332
14240,0.00030083334
14241,0.0024480335
14242,0.0037856335
14243,2.8033332e-05
14244,1.4700002e-05
14245,0.0005720334
14246,0.0023585334
14247,0.004838701
14248,0.00030720004
14249,0.0022881336
14250,0.0041301334
14251,0.00363
14252,0.0013067999
14253,1.2000002e-06
14254,0.0017327999
14255,0.00048
14256,0.004712534
14257,0.009576534
14258,0.00038163335
14259,0.0019360333
14260,0.0025208336
14261,0.0012805335
14262,3.4133336e-05
14263,0.00086403335
14264,0.00030720004
14265,0.0027648
14266,0.0002523
14267,0.000112133326
14268,0.0005292
14269,0.00030720004
14270,1.3333334e-07
14271,0.0003745333
14272,0.00081120007
14273,0.00045630004
14274,8.333334e-07
14275,0.0009296334
14276,0.0030805336
14277,0.00019763334
14278,0.0009976333
14279,0.0009296334
14280,0.00012
14281,0.0003745333
14282,0.00025813334
14283,0.0026696336
14284,0.00030083334
14285,0.00192
14286,0.0026133335
14287,0.0014145334
14288,2.8033332e-05
14289,0.0009185334
14290,0.0026320333
14291,0.00020803335
14292,0.0015408334
14293,0.0026508
14294,0.0021336332
14295,0.00063480006
14296,2.43e-05
14297,0.0012288002
14298,0.0033285336
14299,0.0045880335
14300,0.0001323
14301,0.0007701334
14302,0.0013601334
14303,0.0011285334
14304,0.00028213335
14305,7.680001e-05
14306,0.0016133332
14307,0.0045633335
14308,0.006780033
14309,0.006134701
14310,0.0030200335
14311,0.00029453338
14312,0.0006533334
14313,0.0004033333
14314,0.0040368
14315,0.007873201
14316,0.008101633
14317,0.004864133
14318,0.0013333336
14319,1.3333334e-07
14320,0.0009185334
14321,0.0025392002
14322,0.0035208336
14323,0.00012
14324,0.00088563334
14325,0.0018881336
14326,0.0021000335
14327,1.3333334e-05
14328,0.0
14329,7.053334e-05
14330,0.00034680005
14331,0.00071053335
14332,0.00086403335
14333,0.00071053335
14334,0.00039603334
14335,0.00015870002
14336,5.8800008e-05
14337,3e-05
14338,2.43e-05
14339,9.633333e-06
14340,8.533334e-06
14341,3.2033335e-05
14342,8.670001e-05
14343,0.0013067999
14344,0.0033075
14345,0.0043200003
14346,8.0033344e-05
14347,0.00023520003
14348,0.00016803335
14349,3.3333336e-06
14350,0.00022963336
14351,0.0010920333
14352,0.0022360333
14353,0.0030603004
14354,0.0031827001
14355,0.0026885336
14356,0.0018252002
14357,0.0008533334
14358,4.8000006e-06
14359,0.00032669998
14360,0.0015408334
14361,0.00035363334
14362,0.0046625338
14363,0.011920135
14364,0.015778134
14365,0.0118803
14366,0.0036741337
14367,6.4533335e-05
14368,0.0062785344
14369,0.017909633
14370,0.0012160332
14371,0.008200534
14372,0.01323
14373,0.010156801
14374,8.333334e-07
14375,0.00088563334
14376,0.0031212
14377,0.0052271998
14378,0.005576033
14379,0.0038307
14380,0.0013872002
14381,4.8133337e-05
14382,0.00049613335
14383,0.0019521335
14384,0.0030000003
14385,0.0028421334
14386,3e-05
14387,0.000112133326
14388,0.00023520003
14389,0.00030720004
14390,0.00024653334
14391,7.680001e-05
14392,8.533334e-06
14393,0.00034003335
14394,0.0012288002
14395,0.0023763
14396,0.0030200335
14397,6.7500005e-05
14398,0.00021333335
14399,5.333334e-07
14400,7.053334e-05
