step,reward
1,3.7725422e-05
2,0.00027565795
3,0.0005609075
4,9.814402e-05
5,-3.8423175e-05
6,0.00017872211
7,0.0011990523
8,0.001302079
9,0.0002947115
10,-2.7583155e-05
11,-0.00013503632
12,0.00019755492
13,0.0014626604
14,0.0019402544
15,0.0016422657
16,3.3676617e-05
17,4.5268534e-05
18,-3.3657372e-05
19,-0.00011442436
20,9.6516684e-05
21,0.0013847532
22,0.0008033919
23,0.00088555284
24,0.00045381527
25,-8.829273e-05
26,-4.8000336e-05
27,0.00018645197
28,0.0013976982
29,0.005811558
30,0.0023192544
31,0.004417058
32,0.001233351
33,-7.900066e-05
34,0.0014444077
35,0.0040626973
36,0.0050934544
37,0.003504037
38,-3.4685094e-05
39,-0.00023155494
40,-0.00028939397
41,0.0025815042
42,0.0058944877
43,0.00552409
44,0.0041919556
45,0.0017635073
46,0.00117284
47,0.0011955356
48,0.0014715374
49,0.0019863606
50,0.0017671462
51,0.00030883527
52,-5.6951074e-05
53,0.0023995582
54,0.006833734
55,0.010874864
56,0.011644304
57,0.009399167
58,0.0058305217
59,0.0022035008
60,3.0861615e-05
61,0.00012258405
62,0.0032546944
63,0.008308565
64,0.013133349
65,0.01403807
66,0.008877665
67,0.0034614098
68,-9.159595e-05
69,0.00094094686
70,0.0045470307
71,0.0050989357
72,0.004428685
73,0.0012535951
74,-1.22010115e-05
75,0.0006436265
76,0.0011222381
77,0.00067833305
78,-2.3794998e-06
79,0.00083627173
80,0.0024742254
81,0.0029775803
82,0.000861077
83,4.217002e-05
84,0.002603984
85,0.0070151244
86,0.0076721474
87,0.0033861892
88,-4.9118036e-05
89,0.0024852443
90,0.008845402
91,0.009611555
92,0.0042477376
93,-1.4550023e-06
94,0.0013501209
95,0.00618763
96,0.009831387
97,0.005394614
98,0.000515651
99,-0.00012908848
100,0.002764873
101,0.003403528
102,0.002948251
103,0.00075069576
104,0.0006944034
105,-2.5804962e-05
106,0.00040537672
107,0.0009930248
108,0.0009789898
109,0.00074410357
110,0.0010809171
111,0.0009861584
112,0.0007341894
113,-3.1217744e-05
114,0.00050097157
115,0.00016836208
116,0.0031259188
117,0.005312537
118,0.0052275504
119,0.0015942142
120,0.0023980364
121,0.001395551
122,0.002078768
123,0.006549286
124,0.013701431
125,0.017429287
126,0.011729384
127,0.0011415326
128,0.0002086634
129,0.0056541977
130,0.008632119
131,0.0046411236
132,0.0010396627
133,1.9997913e-06
134,0.0005484913
135,0.00019031223
136,6.6670955e-06
137,0.00059144635
138,0.001226402
139,0.0015070841
140,-0.00015133977
141,0.00019240245
142,0.0033586563
143,0.017095067
144,0.029326739
145,0.024516007
146,0.002854173
147,0.002706706
148,0.036247734
149,0.06151552
150,0.05977435
151,0.018496174
152,-0.00041009235
153,0.012289195
154,0.04310747
155,0.04772104
156,0.032198254
157,0.012291378
158,-0.00046305897
159,0.0018946507
160,0.0084414715
161,0.011975696
162,0.010626996
163,0.008907449
164,0.012901539
165,0.015629072
166,0.009591631
167,0.0018809873
168,0.000729016
169,0.017874952
170,0.041859496
171,0.04338754
172,0.028262796
173,0.006580279
174,-0.00031663248
175,0.0026180213
176,0.0045166533
177,0.0034320964
178,0.00033143646
179,7.436219e-05
180,0.00013546368
181,1.8805724e-05
182,0.0022551876
183,0.0052336454
184,0.013186979
185,0.012586277
186,-0.0005240188
187,-0.00087342074
188,0.014465728
189,0.03132896
190,0.05567465
191,0.028598092
192,0.0010693683
193,0.004121039
194,0.00045616913
195,0.0064236885
196,0.009023992
197,0.009189636
198,0.005109167
199,0.0004795781
200,0.00030093855
201,0.0002590918
202,0.0002129994
203,0.00045944296
204,0.0011020481
205,0.0012317792
206,0.00041582587
207,0.0021824453
208,0.008162828
209,0.006497873
210,0.005722214
211,0.0009980965
212,0.004971475
213,0.0010775792
214,0.0071323076
215,0.019767044
216,0.017027857
217,0.0028598153
218,0.000102516344
219,0.002351464
220,0.0006755027
221,0.0004760119
222,0.002886517
223,0.0044963607
224,0.0055589965
225,0.0061758724
226,0.0068873763
227,0.0069459635
228,0.006187014
229,0.0032852245
230,0.0010295593
231,-0.0002785707
232,5.422809e-05
233,0.0032418435
234,0.0068142167
235,0.0066543836
236,0.009385713
237,0.007709534
238,0.0018957396
239,0.00013616
240,-0.00045156252
241,0.003971202
242,0.0107585825
243,0.01202238
244,0.010837961
245,0.0083768675
246,0.001166411
247,-0.00010601042
248,0.0015068981
249,0.003465843
250,0.0031840543
251,0.00083536404
252,4.274867e-06
253,0.00043583394
254,5.9953527e-05
255,0.0004947314
256,0.005780389
257,0.013422017
258,0.018998263
259,0.015674798
260,0.0026991852
261,0.0016545071
262,0.0203238
263,0.053571623
264,0.06763266
265,0.044189706
266,0.012864573
267,-0.0006051159
268,0.015288448
269,0.05034702
270,0.07167854
271,0.058649678
272,0.029800396
273,0.003834316
274,0.0013472106
275,0.016088743
276,0.031529475
277,0.02888104
278,0.024074236
279,0.0100987675
280,0.00022480625
281,0.0016174931
282,0.0063267653
283,0.008466991
284,0.0065503335
285,0.0017429523
286,4.840211e-05
287,0.00025479274
288,0.000337322
289,2.9130097e-05
290,0.0002860492
291,0.0018470372
292,0.002542103
293,0.002246656
294,0.0003295393
295,0.00013274484
296,0.0020781218
297,0.0047601997
298,0.0049770256
299,0.0029513484
300,0.0008330262
301,6.337573e-05
302,-9.658612e-06
303,8.009111e-05
304,0.0003311631
305,0.00035691942
306,-1.860602e-05
307,0.0003531881
308,0.0032210744
309,0.007869692
310,0.009427941
311,0.0065183924
312,0.0017749569
313,-8.657962e-05
314,0.0008351898
315,0.0030571506
316,0.0036024651
317,0.0025200958
318,0.0011742696
319,0.0005426643
320,0.00040098783
321,0.00046996583
322,0.0005529359
323,0.00030922005
324,-4.2249998e-05
325,0.00014569194
326,0.001176411
327,0.002564726
328,0.0032758908
329,0.0034543048
330,0.002640592
331,0.001347792
332,0.0003416521
333,1.2655299e-05
334,0.0004913879
335,0.0028176631
336,0.005363771
337,0.0076138973
338,0.0064871237
339,0.004556461
340,0.0010046808
341,0.00013463994
342,0.00038638618
343,0.0015630239
344,0.0022621802
345,0.0027351617
346,0.0035102272
347,0.0030187855
348,0.0008459142
349,0.00019286046
350,0.00066788495
351,0.0022473205
352,0.0023753296
353,0.0042372397
354,0.0025682964
355,5.962336e-05
356,0.0012709233
357,0.0029381618
358,0.0063644107
359,0.0044881194
360,-5.4465097e-05
361,0.00028322506
362,0.0010331639
363,0.0041628866
364,0.003990787
365,0.00015784218
366,6.126462e-05
367,0.004458503
368,0.006073193
369,0.004053737
370,0.0008134637
371,2.0875785e-05
372,7.746941e-06
373,2.4199417e-06
374,0.00019815084
375,0.000287895
376,-7.470897e-06
377,0.00046642518
378,0.003356372
379,0.0075207064
380,0.0069821
381,0.0041042576
382,0.0002879341
383,0.0001266849
384,0.003367785
385,0.0050788666
386,0.004030288
387,0.0024591626
388,0.00034949003
389,8.6706095e-06
390,0.0011276784
391,0.0024368828
392,0.001604391
393,0.00023885845
394,0.00033146745
395,0.0026609802
396,0.005509567
397,0.005619361
398,0.0022339923
399,3.5695746e-05
400,0.0021790054
401,0.00897666
402,0.015956333
403,0.013857172
404,0.008921169
405,0.0015703848
406,7.766689e-05
407,0.002735397
408,0.007054668
409,0.008816686
410,0.0084074875
411,0.0068703955
412,0.0052183676
413,0.003365086
414,0.0016322783
415,9.2863294e-05
416,6.553301e-05
417,0.00085622317
418,0.0039985394
419,0.010341728
420,0.010962223
421,0.009475338
422,0.0052949176
423,0.0010493237
424,0.00037995484
425,0.0003955233
426,0.0029475857
427,0.003972896
428,0.0032184448
429,0.0030551592
430,0.00107798
431,0.00038120456
432,0.0009988563
433,0.0034248973
434,0.0032150021
435,0.0012270125
436,6.9133486e-05
437,0.0012514263
438,0.0034987628
439,0.0025881722
440,0.0007912215
441,0.0005255251
442,0.00028375842
443,0.00093704055
444,0.0014006254
445,6.9115464e-05
446,0.00012091156
447,0.0015429357
448,0.0013900992
449,2.6854004e-05
450,0.0025615974
451,0.005990059
452,0.0062806774
453,0.0020546506
454,0.00077256386
455,9.304195e-05
456,0.0014680937
457,0.0033829203
458,0.0018952308
459,0.00041456785
460,-3.2908938e-06
461,0.00023254406
462,0.001049636
463,0.0020578427
464,0.0015400063
465,0.00018240327
466,0.0010394092
467,0.004212845
468,0.010416794
469,0.01067972
470,0.0074475184
471,0.0012436
472,0.0029492483
473,0.0049719885
474,0.0032082894
475,0.00064510613
476,0.0006640903
477,0.00073999417
478,0.0005480468
479,0.00072552974
480,0.0013903686
481,0.0016583152
482,0.0010499418
483,0.00021391085
484,0.00087219017
485,0.000116091
486,0.0019904198
487,0.001684026
488,0.0017485762
489,0.0012812474
490,0.0010329382
491,0.0013440971
492,0.0021298125
493,0.001991342
494,0.00029683678
495,0.00092300633
496,0.00027508094
497,0.0036748718
498,0.0074113226
499,0.008391172
500,0.00589786
501,0.0020472538
502,0.00018631562
503,0.0006824614
504,-8.860092e-05
505,0.00037869616
506,0.0014139191
507,0.003222166
508,0.0062282486
509,0.007961221
510,0.00684283
511,0.002721559
512,0.00038132473
513,0.0008787071
514,0.003279124
515,0.007081844
516,0.00788427
517,0.0045690485
518,0.00086426974
519,0.000261188
520,0.00010433268
521,0.0005073753
522,0.00047505728
523,0.00015257744
524,2.3995117e-05
525,2.4869152e-05
526,0.000114022856
527,0.00010297976
528,3.9500526e-05
529,5.3616486e-07
530,-5.705997e-07
531,4.7868973e-05
532,0.00015743948
533,0.00033272375
534,0.0005285776
535,0.0007914717
536,0.0007484211
537,0.00028576393
538,6.715094e-05
539,0.000103774975
540,0.00077831536
541,0.0013193686
542,0.0018278805
543,0.0013250344
544,0.00050365104
545,4.9811846e-05
546,0.00011703776
547,0.00088181795
548,0.0016695111
549,0.0015847897
550,0.0006293607
551,3.4483877e-05
552,0.00027913073
553,0.0020027526
554,0.003144231
555,0.0026748087
556,0.00047310608
557,3.5215133e-05
558,0.0029480462
559,0.006453892
560,0.0057814154
561,0.0028417208
562,2.943094e-05
563,7.4982076e-05
564,0.0012632869
565,0.0019148376
566,0.00048813823
567,0.0001238268
568,0.0013460334
569,0.0018538528
570,0.00060751045
571,0.0001179814
572,0.0038041868
573,0.011287389
574,0.011922532
575,0.005968742
576,-7.5803866e-05
577,0.00066141586
578,0.0021675017
579,0.0057349717
580,0.004007195
581,0.0016349244
582,0.00040299637
583,5.0483697e-05
584,0.00028629016
585,0.0010089253
586,0.0018407912
587,0.0011852547
588,0.0002025846
589,0.00052962033
590,0.003169314
591,0.00910467
592,0.008514113
593,0.0056513576
594,0.0011246132
595,0.00091720757
596,0.0012365133
597,0.0011972161
598,0.0003936498
599,0.0001467161
600,8.342335e-05
601,7.8022465e-05
602,0.0016307981
603,0.004432124
604,0.006920603
605,0.004734667
606,0.00019916416
607,0.0005041802
608,0.0030943747
609,0.0072340206
610,0.008003815
611,0.005297537
612,0.0024261395
613,0.0005337221
614,0.00016660488
615,0.00044362654
616,0.00042639315
617,0.00028131856
618,0.0025003103
619,0.004021639
620,0.004585493
621,0.0025346694
622,1.4395868e-05
623,0.00070003164
624,0.001304957
625,0.0033517191
626,0.00392476
627,0.00089856156
628,0.0006519055
629,0.0005010115
630,0.00043522907
631,0.0008270971
632,7.965872e-06
633,0.00052362797
634,0.0003436383
635,0.0010501294
636,3.3611348e-05
637,0.00061851897
638,0.00017806493
639,0.0014477602
640,0.0011592784
641,0.00034706364
642,0.00079632463
643,0.0002030363
644,3.9487364e-05
645,0.00015753195
646,8.427033e-05
647,0.0001536962
648,0.00048853154
649,0.0012745084
650,0.0016336279
651,0.00035103908
652,0.0006864875
653,0.00053354574
654,0.0028794003
655,0.0043192515
656,0.0042619146
657,0.0017532095
658,0.0004118079
659,0.0009987194
660,0.0006340721
661,0.00024541133
662,0.0005513768
663,0.0015570533
664,0.002492917
665,0.0034186195
666,0.0026539818
667,0.0009798642
668,0.0005471576
669,0.0011546906
670,0.00045578767
671,0.00023029708
672,0.00018520739
673,1.0540917e-05
674,2.4219096e-06
675,1.5098251e-05
676,0.0004121548
677,0.0023994963
678,0.0044031623
679,0.0069452752
680,0.0040715933
681,0.00085150887
682,0.0050273216
683,0.0051682848
684,0.00065799704
685,0.0068763173
686,0.009023779
687,0.0038306522
688,0.0018611496
689,0.0050041517
690,0.0035953703
691,0.00084475434
692,0.001127052
693,0.0014802642
694,0.0019012281
695,0.001981424
696,0.0015559036
697,0.0007143803
698,0.00012671949
699,0.0012114978
700,0.0018946346
701,0.001480309
702,0.00039943555
703,0.0013041699
704,0.0021756508
705,0.0019266256
706,0.00043515963
707,0.0009409375
708,0.0015638793
709,0.0011419111
710,0.00041103395
711,0.0002296914
712,0.00035699428
713,0.00013687903
714,5.360787e-05
715,6.535332e-05
716,0.0001008912
717,4.174952e-05
718,0.00011784291
719,0.00021120546
720,7.587261e-05
721,0.00047273515
722,0.00032027508
723,7.39835e-05
724,3.189368e-05
725,2.6182402e-06
726,0.00030106844
727,0.0012577637
728,0.0027348325
729,0.0022646983
730,0.0002225078
731,0.0013360555
732,0.011390413
733,0.021629062
734,0.022239113
735,0.00893224
736,0.0013191286
737,-0.00012230949
738,0.013858249
739,0.020472119
740,0.016816776
741,0.005758609
742,0.00035384763
743,0.0011264955
744,9.382391e-05
745,0.00028551638
746,8.2080966e-05
747,8.594181e-05
748,1.6667362e-05
749,0.0006151578
750,0.002227154
751,0.0036167405
752,0.0026993582
753,0.00012946388
754,0.0002234466
755,0.001720263
756,0.002599665
757,0.0016749592
758,0.00019583564
759,0.0001408715
760,0.0014425411
761,0.0015021064
762,0.00061949145
763,9.1409674e-08
764,5.317394e-05
765,1.4891779e-05
766,7.87582e-06
767,8.399787e-05
768,0.00074223184
769,0.0028158042
770,0.007214254
771,0.009948144
772,0.0059198025
773,-4.8933274e-05
774,0.0017838544
775,0.0037248123
776,0.011535687
777,0.016098654
778,0.013698745
779,0.007036691
780,0.0016565027
781,0.0014324195
782,0.0028451434
783,0.002172777
784,2.3359185e-05
785,0.0026945234
786,0.010697554
787,0.018300777
788,0.018615803
789,0.009137142
790,-2.2301392e-05
791,0.0035599975
792,-5.443037e-05
793,0.008448193
794,0.011378915
795,0.009198719
796,0.0052101677
797,0.0026281718
798,0.0012400345
799,0.0006169147
800,-3.930997e-05
801,0.00079712
802,0.00095101836
803,0.0017252617
804,0.007268714
805,0.010015799
806,0.009483844
807,0.006425568
808,0.0015661579
809,0.0009833961
810,0.0012573546
811,-8.439234e-06
812,0.0027010492
813,0.005577286
814,0.007207731
815,0.0061999075
816,0.003505001
817,0.00048186752
818,0.0011165561
819,0.00082484685
820,0.00050808047
821,0.0013709409
822,0.0014146805
823,0.001504253
824,0.0021503207
825,0.0030214563
826,0.0037931162
827,0.0031952444
828,0.0005596987
829,0.0010802244
830,0.00047021586
831,0.004520139
832,0.0073483917
833,0.007763422
834,0.0042578634
835,0.000107648906
836,0.0016151478
837,0.0012684625
838,0.0006766141
839,4.0912222e-05
840,0.00018061193
841,0.00032968202
842,0.0007423242
843,0.0011350751
844,0.0010157335
845,3.0959454e-06
846,0.0009167398
847,0.0006179362
848,8.085944e-05
849,0.00042299787
850,4.7623813e-05
851,8.0985876e-05
852,0.00016641726
853,4.3594853e-05
854,0.00012977207
855,0.0009727337
856,0.0021130864
857,0.0012603576
858,0.0009134173
859,0.0010061671
860,0.00043074306
861,0.0027938888
862,0.0017369393
863,0.0012067709
864,0.00045976284
865,0.00380122
866,0.0031460142
867,0.000882006
868,0.0006592774
869,3.851411e-06
870,0.00075653335
871,0.00067166577
872,1.212214e-05
873,0.00035260592
874,0.00014059719
875,8.219573e-05
876,5.1984957e-06
877,7.939377e-05
878,0.00013498269
879,2.5532294e-05
880,2.8859586e-05
881,0.0003815038
882,0.0011584105
883,0.0005493194
884,0.0005039654
885,0.00082943885
886,0.00027432304
887,0.0022220458
888,0.0016458256
889,0.00043615984
890,0.0007480983
891,0.0010746536
892,0.000469041
893,0.0005923903
894,0.0015558823
895,0.0019423829
896,0.0019725186
897,0.001451642
898,0.00030734699
899,0.00052445754
900,9.2902315e-05
901,0.0015354325
902,0.0037714152
903,0.005394065
904,0.004422757
905,0.0028353073
906,0.0007181843
907,0.00053422654
908,0.0010433597
909,0.00040128248
910,0.00078296504
911,0.0026389763
912,0.004359508
913,0.0040356414
914,0.0026067223
915,0.00010748329
916,0.0010891618
917,0.0010555052
918,0.0009834121
919,0.0036349695
920,0.00347597
921,0.0026818302
922,0.0009123747
923,0.00032447954
924,0.00055776327
925,0.0004195752
926,0.0011247188
927,0.0015721974
928,0.0010701232
929,0.00027316457
930,0.000104854524
931,4.7308822e-05
932,0.00018230868
933,0.00024671364
934,0.00018945456
935,4.2586544e-05
936,1.7910019e-05
937,8.746665e-05
938,0.00018083256
939,0.00012314986
940,1.2128472e-05
941,7.1324546e-05
942,0.00044366083
943,0.0005598306
944,0.0004037154
945,3.396468e-05
946,2.7162874e-05
947,0.00018066127
948,0.00041384884
949,0.00033726837
950,0.00014286686
951,1.1494956e-05
952,2.1753123e-05
953,4.688447e-06
954,8.383841e-05
955,0.00033664645
956,0.0005133399
957,0.00031272345
958,0.00012584782
959,0.00029357098
960,0.0021417132
961,0.004766601
962,0.0058131646
963,0.0033046808
964,0.00016064892
965,0.0009813759
966,0.0018720954
967,0.0055983434
968,0.004819451
969,0.0026523364
970,0.0006731312
971,0.0005137222
972,0.000977217
973,0.00070562836
974,0.0003866484
975,0.0003270004
976,0.00027125853
977,0.00033805554
978,0.002202698
979,0.0032393471
980,0.0030151198
981,0.0016806633
982,0.00022068204
983,0.00083365454
984,0.00035056754
985,0.00035153082
986,0.00041009483
987,6.6693574e-05
988,2.0408337e-05
989,0.00010565664
990,0.00060083467
991,0.0012810077
992,0.0016664036
993,0.00082174997
994,0.00028427056
995,0.0008527349
996,0.000105647654
997,0.0014924296
998,0.0020962968
999,9.615927e-05
1000,0.00086037396
1001,0.0009498575
1002,0.0056701633
1003,0.0054736547
1004,0.0014789911
1005,0.00086394144
1006,1.4254812e-05
1007,0.0018093104
1008,0.0027921286
1009,0.005107539
1010,0.003870359
1011,1.3187062e-05
1012,0.0031886105
1013,0.0033910929
1014,0.0036640768
1015,2.8528775e-05
1016,0.0028314854
1017,0.004257312
1018,0.0036582793
1019,0.0011373735
1020,0.0005567983
1021,0.001711624
1022,0.001926181
1023,0.0005965949
1024,0.0027775164
1025,0.004210143
1026,0.00399515
1027,0.0027873942
1028,0.0016819916
1029,-3.2344542e-07
1030,0.0010352134
1031,0.0015164044
1032,0.0010496743
1033,0.0006824673
1034,0.0019738597
1035,0.0030880307
1036,0.0019017974
1037,0.0006858066
1038,0.0003787193
1039,0.00097021146
1040,0.0008905556
1041,0.0002091111
1042,0.00059917866
1043,0.0005892099
1044,0.00044977452
1045,-2.270049e-05
1046,0.00026699342
1047,0.0001844788
1048,0.00019011492
1049,0.00020028758
1050,0.0002860825
1051,0.0003799197
1052,0.0003391654
1053,0.00013115545
1054,0.0001211769
1055,0.00025246455
1056,8.687397e-05
1057,0.0007388527
1058,0.0019053001
1059,0.0009924251
1060,-2.471537e-05
1061,0.00047142975
1062,0.0006064131
1063,0.00054003333
1064,0.0019701645
1065,0.00065044925
1066,7.44642e-05
1067,0.00019653441
1068,0.0012442556
1069,0.0014695087
1070,0.0009814535
1071,8.1661914e-05
1072,3.7770333e-05
1073,0.00029825018
1074,0.0006027104
1075,0.00035215466
1076,0.00013647035
1077,4.6355257e-05
1078,3.2150606e-06
1079,3.9582633e-06
1080,1.5322597e-05
1081,8.715971e-06
1082,1.8961224e-05
1083,4.8439808e-05
1084,2.800167e-05
1085,7.633271e-07
1086,1.3958869e-05
1087,5.7728103e-06
1088,1.6604823e-05
1089,0.00037043358
1090,0.0010528745
1091,0.001227071
1092,0.0011428994
1093,0.00015327478
1094,0.0007217345
1095,0.0010101099
1096,0.0016864988
1097,0.0031821204
1098,0.00560204
1099,0.0015102057
1100,0.0005780975
1101,0.0021298046
1102,6.5536486e-05
1103,0.0008039188
1104,0.0007010639
1105,0.0026047488
1106,0.0012216151
1107,4.762692e-05
1108,0.00040495506
1109,1.8567218e-05
1110,0.0014600918
1111,0.0013529564
1112,0.0006685808
1113,0.00014457549
1114,8.5640995e-06
1115,4.7395897e-05
1116,4.6009654e-07
1117,0.0007038294
1118,0.0022564703
1119,0.0022266333
1120,0.0005160124
1121,5.9190206e-05
1122,0.0019698779
1123,0.0072840694
1124,0.007065207
1125,0.0022651176
1126,0.0013522187
1127,0.00057028333
1128,0.012909945
1129,0.019313356
1130,0.006691074
1131,0.0007283624
1132,5.3121767e-06
1133,0.008442005
1134,0.010399482
1135,0.0062384633
1136,0.0020958842
1137,-0.00012117115
1138,0.0004963052
1139,0.00062815484
1140,0.00052228797
1141,0.0006286575
1142,0.0009048445
1143,0.0006012399
1144,0.005914049
1145,0.01418802
1146,0.0075603756
1147,0.0025415
1148,0.0003824873
1149,0.0045273653
1150,0.021537697
1151,0.024012925
1152,0.011208053
1153,0.0026067316
1154,-0.00014951262
1155,4.334672e-05
1156,0.0007139919
1157,0.00022156903
1158,-1.2338001e-05
1159,7.293864e-05
1160,-3.166257e-05
1161,-4.3383134e-05
1162,0.0015472814
1163,0.005464945
1164,0.0073784767
1165,0.0066083055
1166,0.0062494855
1167,0.0033396077
1168,0.00038027947
1169,-0.00028874018
1170,0.004639698
1171,0.012358666
1172,0.021475675
1173,0.023033742
1174,0.0147517985
1175,0.004123659
1176,-4.2264e-05
1177,0.00048648508
1178,0.0063906945
1179,0.007469783
1180,0.0072278944
1181,0.0023461226
1182,0.00042383507
1183,6.850155e-05
1184,0.00049706345
1185,0.0014661201
1186,0.002236573
1187,0.0013233663
1188,0.00027079217
1189,0.003060756
1190,0.011815371
1191,0.012035394
1192,0.0066717523
1193,0.0057899975
1194,-0.0001668428
1195,0.0023227285
1196,-0.00014461885
1197,0.0004896313
1198,0.005087028
1199,0.0026417905
1200,0.0003903581
1201,-9.1401955e-05
1202,-4.8008267e-05
1203,-0.00012607781
1204,-0.000114114206
1205,0.00011251467
1206,-3.711111e-05
1207,0.0038737257
1208,0.0063540437
1209,0.008810331
1210,0.007531871
1211,0.00072950986
1212,0.00040867188
1213,0.002172177
1214,0.010933511
1215,0.009191843
1216,0.0035533835
1217,0.00068701804
1218,0.00022931262
1219,0.0006969041
1220,0.00048333537
1221,0.00016137681
1222,1.4970836e-05
1223,8.741644e-05
1224,0.00010584536
1225,0.00038548768
1226,0.00016318067
1227,0.0017323613
1228,0.004420362
1229,0.0021518706
1230,0.00019466292
1231,7.7228295e-05
1232,0.0045930147
1233,0.0058464715
1234,0.004060564
1235,0.0014950068
1236,0.0002393096
1237,4.5593828e-05
1238,0.00047539148
1239,0.00010433991
1240,0.00038865983
1241,0.0013182801
1242,0.00075542997
1243,9.087871e-05
1244,0.006700024
1245,0.016591653
1246,0.026471741
1247,0.015120951
1248,0.0016933662
1249,0.0005704669
1250,0.009913419
1251,0.012425123
1252,0.018583748
1253,0.010605106
1254,0.0008984099
1255,0.0002818769
1256,0.0010315244
1257,0.0043642847
1258,0.004886797
1259,0.0025131903
1260,1.8375067e-06
1261,0.0005178603
1262,0.0009609757
1263,9.1732014e-05
1264,0.00026902676
1265,0.0015255377
1266,0.0024675147
1267,0.001014177
1268,-3.081318e-05
1269,0.00072961627
1270,0.00341336
1271,0.0055993306
1272,0.004357064
1273,0.0019808803
1274,0.0009023472
1275,0.0004000279
1276,0.00020294765
1277,5.0341812e-05
1278,-8.8977686e-07
1279,0.0005224976
1280,0.0010805249
1281,0.0069863526
1282,0.010552521
1283,0.009166029
1284,0.003809489
1285,-8.712732e-05
1286,0.0020947156
1287,0.0074787205
1288,0.008935297
1289,0.0072352337
1290,0.0014010323
1291,-1.41856e-05
1292,0.0005007388
1293,0.00014692181
1294,0.00030643406
1295,0.0022060536
1296,0.004089608
1297,0.0018894381
1298,-0.00012673465
1299,0.0014371711
1300,0.0004270152
1301,0.002697584
1302,0.0042374157
1303,0.0020197616
1304,0.0006390862
1305,0.00050997664
1306,0.0066842325
1307,0.011081581
1308,0.0046543228
1309,0.0008379364
1310,6.977629e-06
1311,0.00054682716
1312,0.0004867557
1313,0.00015845388
1314,4.9150185e-05
1315,0.0005415949
1316,0.0019194407
1317,0.0040254407
1318,0.0049378686
1319,0.004264986
1320,0.0005994103
1321,-7.840364e-05
1322,0.0034648618
1323,0.01021589
1324,0.010634296
1325,0.0056668664
1326,0.0015059256
1327,-0.00011649569
1328,-0.0001001177
1329,0.001411173
1330,0.0014749102
1331,0.0015988058
1332,0.0011570199
1333,0.0006320403
1334,5.730777e-05
1335,6.885994e-05
1336,0.00066171616
1337,0.0018671451
1338,0.0017836067
1339,0.00047274673
1340,1.2895298e-05
1341,0.0019102459
1342,0.0038049812
1343,0.0031986437
1344,0.0009936296
1345,0.0003049745
1346,-0.0002191169
1347,0.002713956
1348,0.0096876165
1349,0.010607669
1350,0.010546633
1351,0.0030400527
1352,-0.0003722935
1353,0.00014872421
1354,0.0015994138
1355,0.0073703956
1356,0.0070515843
1357,0.0016094574
1358,0.000113965165
1359,-7.169041e-05
1360,0.00043366692
1361,0.00065421086
1362,0.00012966122
1363,0.00018824602
1364,0.00084582856
1365,0.001955513
1366,0.0012763923
1367,-0.00012376273
1368,0.0007169984
1369,0.002957678
1370,0.0034565702
1371,0.0043425206
1372,0.0017861568
1373,0.00012382562
1374,-0.00012060429
1375,-9.050464e-05
1376,-9.908628e-05
1377,-9.555014e-05
1378,-0.000103893995
1379,9.573171e-05
1380,0.0014335662
1381,0.0022150357
1382,0.0020321608
1383,0.0019518514
1384,0.002834747
1385,8.2507904e-05
1386,0.00027820177
1387,0.003862181
1388,0.007701888
1389,0.0052728527
1390,0.0016558255
1391,0.0015485154
1392,0.0003255276
1393,0.00011183038
1394,6.938465e-05
1395,0.00016094463
1396,-6.351093e-05
1397,-0.00016910354
1398,-0.00013330378
1399,0.00069191126
1400,0.0010388637
1401,0.0026869623
1402,0.0041892272
1403,0.0017222436
1404,-7.863724e-05
1405,-0.00016172008
1406,0.0002578636
1407,0.0019240776
1408,0.00084966037
1409,0.00051066926
1410,0.00097655377
1411,0.0007355106
1412,0.00032587652
1413,-8.9075846e-05
1414,0.00010191666
1415,0.00028005938
1416,0.0001466125
1417,0.00020197645
1418,0.0010766176
1419,0.00044291912
1420,0.0001881769
1421,3.0671305e-05
1422,3.1511205e-05
1423,0.0004163127
1424,0.0010248474
1425,0.0007094257
1426,0.00037695986
1427,-1.0548407e-05
1428,0.0013268561
1429,0.007862731
1430,0.014412532
1431,0.013372079
1432,0.0039722444
1433,-0.00024495512
1434,0.0043130717
1435,0.012587026
1436,0.012049736
1437,0.007725673
1438,0.002550724
1439,0.00015706722
1440,1.127032e-05
1441,6.63213e-05
1442,-2.7177844e-05
1443,0.0003218721
1444,0.000554294
1445,0.00019994014
1446,-0.00010924751
1447,0.00033195486
1448,0.0009925705
1449,0.0035716423
1450,0.0038004364
1451,0.0031243623
1452,0.001359895
1453,-0.00010231771
1454,0.00025216094
1455,0.0013356879
1456,0.0022810714
1457,0.0018190073
1458,0.001153093
1459,0.00057675084
1460,0.00026936654
1461,0.00012852173
1462,0.00024807188
1463,0.0011368638
1464,0.0019938916
1465,0.0017006649
1466,0.00043375837
1467,-0.00028797428
1468,0.0002050979
1469,0.0032902102
1470,0.0118321935
1471,0.0059282994
1472,0.0034484945
1473,0.0021429777
1474,-0.0007647876
1475,0.0025490872
1476,0.015852513
1477,0.025524838
1478,0.010415699
1479,0.0036099378
1480,-0.00033856
1481,0.0050155916
1482,0.0140665285
1483,0.011307396
1484,0.004031622
1485,5.1577772e-05
1486,0.00118221
1487,0.003616118
1488,0.0029246302
1489,0.0003241959
1490,0.0003176739
1491,0.0020701766
1492,0.0033977823
1493,0.0024140223
1494,0.00044159713
1495,5.9042723e-05
1496,0.001460122
1497,0.0024892548
1498,0.0016302876
1499,0.00044158418
1500,6.8305044e-06
1501,2.5132533e-05
1502,1.0988028e-06
1503,7.235937e-05
1504,0.00033472656
1505,0.00041691022
1506,0.00018190913
1507,-2.025e-05
1508,0.00033916414
1509,0.0013351764
1510,0.0018668943
1511,0.0013065537
1512,0.0005086222
1513,3.3616852e-06
1514,0.00017714722
1515,0.0005504056
1516,0.0005112588
1517,0.0007352461
1518,0.00023546304
1519,-1.2398434e-05
1520,0.00013872022
1521,0.00044411162
1522,0.0005050409
1523,0.00012442665
1524,8.841307e-05
1525,0.00057630043
1526,0.001041134
1527,0.00048810124
1528,-1.0889062e-05
1529,0.0006535788
1530,0.0016605839
1531,0.0023337998
1532,0.0009050976
1533,-2.7544995e-05
1534,0.00034058475
1535,0.00064133055
1536,5.6861067e-05
1537,1.7334178e-06
1538,-2.5297677e-05
1539,-1.540532e-05
1540,2.4412475e-05
1541,0.00018084148
1542,3.998438e-05
1543,0.000112332265
1544,0.0005992334
1545,0.0002985036
1546,0.0001350999
1547,0.0033076906
1548,0.007926555
1549,0.00830487
1550,0.006567598
1551,0.0006346435
1552,0.0007973246
1553,0.010868936
1554,0.027666055
1555,0.024905557
1556,0.015012975
1557,0.0035376125
1558,-0.00029219536
1559,0.008637979
1560,0.019734176
1561,0.0201955
1562,0.018100424
1563,0.009939154
1564,0.0016351907
1565,-8.059025e-06
1566,0.0022625683
1567,0.004617271
1568,0.00395099
1569,0.0032209314
1570,0.0011648386
1571,8.0878395e-05
1572,8.036646e-05
1573,0.00038520776
1574,0.00031239874
1575,8.1277576e-05
1576,7.3929456e-05
1577,0.00058978825
1578,0.00088424643
1579,0.0010364781
1580,0.00028975972
1581,-4.357491e-06
1582,8.515294e-05
1583,0.0012562787
1584,0.003040067
1585,0.004556418
1586,0.004811194
1587,0.0025050084
1588,0.0007102132
1589,-6.6088716e-05
1590,0.00010754007
1591,0.0009776849
1592,0.0033635262
1593,0.0065045627
1594,0.00718884
1595,0.002675151
1596,6.0519204e-05
1597,0.0010836534
1598,0.006765304
1599,0.008721259
1600,0.009234935
1601,0.0032076174
1602,1.3737197e-05
1603,0.0053496365
1604,0.010724355
1605,0.012670069
1606,0.0042428616
1607,-0.00011454767
1608,0.0033782327
1609,0.0070300805
1610,0.005560154
1611,0.0014292176
1612,-4.0612777e-05
1613,0.0014359341
1614,0.0019588894
1615,0.0012984165
1616,-2.4696703e-06
1617,0.0012460554
1618,0.0018311054
1619,0.0012784007
1620,-4.4523513e-06
1621,0.0009809582
1622,0.0013620127
1623,0.0033022612
1624,0.0007594465
1625,0.000102410944
1626,0.00264596
1627,0.006357646
1628,0.004234507
1629,0.00010137798
1630,0.0017760978
1631,0.006574916
1632,0.0061855083
1633,0.0020324034
1634,0.00018658416
1635,0.004855066
1636,0.0069757192
1637,0.0055714413
1638,0.00053600414
1639,0.00043184496
1640,0.0026077286
1641,0.0029217098
1642,0.000834319
1643,1.5912221e-05
1644,0.00064506463
1645,0.0007823674
1646,0.00039289452
1647,9.8677865e-06
1648,3.6604654e-06
1649,0.00018462187
1650,0.00034566942
1651,0.00012206245
1652,4.102785e-05
1653,0.0006742527
1654,0.0017474213
1655,0.0012427229
1656,0.00078628235
1657,0.0001834037
1658,3.928419e-05
1659,-1.802748e-05
1660,-5.6433768e-05
1661,-1.9624113e-05
1662,0.00064464455
1663,0.0013348853
1664,0.0021383322
1665,0.0014994184
1666,0.0009470051
1667,-0.0001973411
1668,0.00028395446
1669,0.00069265265
1670,0.00026611795
1671,0.00047301094
1672,0.000691424
1673,-7.784198e-05
1674,-0.00014883408
1675,-8.2743805e-05
1676,0.0012875356
1677,0.00084191107
1678,2.9173043e-07
1679,0.00016500492
1680,5.04033e-05
1681,0.00013942758
1682,0.0013899776
1683,0.0020483516
1684,0.0014318196
1685,0.0023548033
1686,4.3056178e-05
1687,-0.00029488612
1688,-0.00015403295
1689,0.00034145155
1690,0.0006556408
1691,0.0018043751
1692,0.0009519752
1693,0.0003190118
1694,0.00029185414
1695,0.0005087058
1696,0.0007336973
1697,0.0002318236
1698,-0.00012665284
1699,0.001453588
1700,0.0038865912
1701,0.01038812
1702,0.014168507
1703,0.010106644
1704,0.0008742789
1705,0.00095164735
1706,0.002690906
1707,0.0017424129
1708,0.0033431516
1709,0.0033406739
1710,0.0009235792
1711,-5.4814183e-05
1712,2.8200026e-05
1713,1.0917673e-05
1714,0.0004007908
1715,0.00038644552
1716,1.0876509e-05
1717,8.92955e-06
1718,0.0018965984
1719,0.0031813458
1720,0.0043856394
1721,0.002262764
1722,0.0014483794
1723,0.00014972858
1724,-0.00014102379
1725,0.0005664504
1726,0.0013429385
1727,0.002324848
1728,0.004023005
1729,0.0043875757
1730,0.002579524
1731,0.0008381265
1732,-5.4889802e-05
1733,0.0016495185
1734,0.0042413883
1735,0.0052308077
1736,0.0022385316
1737,4.4695662e-05
1738,0.00074883766
1739,0.0020620278
1740,0.0013301856
1741,0.00010299613
1742,0.00023022624
1743,0.00058179424
1744,0.000119221295
1745,0.0003129987
1746,0.0017699093
1747,0.003093023
1748,0.0012331996
1749,-3.845919e-05
1750,0.005440252
1751,0.019008474
1752,0.020922983
1753,0.014568598
1754,0.0022481114
1755,0.00053942937
1756,0.009078611
1757,0.022390433
1758,0.027244642
1759,0.017531333
1760,0.008076896
1761,0.0019699172
1762,-0.000299064
1763,-0.00022082882
1764,0.0019050016
1765,0.011119713
1766,0.026264831
1767,0.029444387
1768,0.01849083
1769,0.0053571733
1770,-2.371706e-05
1771,0.0046470766
1772,0.023847483
1773,0.035338696
1774,0.020056803
1775,0.0043858993
1776,-0.00015156882
1777,0.0024569992
1778,0.0051372843
1779,0.0041259774
1780,0.0006656586
1781,0.0003020125
1782,0.0011499826
1783,0.0003778461
1784,9.0267116e-05
1785,0.0023123089
1786,0.0037058056
1787,0.0036884982
1788,0.00085269293
1789,0.00023601156
1790,0.00024268765
1791,0.0002970214
1792,0.001347882
1793,0.0012982627
1794,0.00035237847
1795,0.00023185399
1796,0.00015888558
1797,0.00019302724
1798,0.00021747404
1799,1.6368984e-05
1800,2.7001613e-05
1801,3.042813e-05
1802,0.00015440241
1803,0.0005476533
1804,0.0012344948
1805,0.00126832
1806,0.0019080557
1807,0.0006192897
1808,-0.0001470803
1809,-1.9988714e-05
1810,9.534058e-06
1811,0.0056670797
1812,0.0072552045
1813,0.008569515
1814,0.004421906
1815,-0.00034977635
1816,-0.00014597198
1817,0.0075725196
1818,0.010996256
1819,0.013464352
1820,0.0067775366
1821,0.0024164303
1822,0.00073328
1823,-5.567129e-05
1824,-0.000203265
1825,-0.00019758166
1826,0.00031708926
1827,0.0033679167
1828,0.010135274
1829,0.013940926
1830,0.016305262
1831,0.010876747
1832,0.0033002775
1833,-0.00020374298
1834,0.0011892868
1835,0.003252603
1836,0.0037619749
1837,0.0035011296
1838,0.0030543683
1839,0.0020515986
1840,0.0011833189
1841,0.0005177141
1842,9.074002e-05
1843,-4.6105844e-05
1844,0.00031654688
1845,0.001242833
1846,0.001667826
1847,0.002032747
1848,0.0011838524
1849,0.00043992797
1850,5.2999763e-05
1851,-9.022509e-06
1852,-8.120778e-06
1853,2.053066e-07
1854,-1.4822499e-05
1855,-9.148507e-06
1856,0.0001557115
1857,0.00042393047
1858,0.00054146117
1859,0.0002526557
1860,9.358229e-05
1861,-3.314699e-06
1862,-4.651857e-06
1863,2.3071892e-05
1864,6.425441e-06
1865,2.597757e-05
1866,4.6009e-05
1867,6.626945e-05
1868,-9.242306e-06
1869,0.0005638692
1870,0.0026478118
1871,0.0040053613
1872,0.003757425
1873,0.0017770568
1874,-9.259937e-05
1875,0.00018882309
1876,0.0028151472
1877,0.005521812
1878,0.0041468856
1879,0.004304672
1880,0.0018487398
1881,0.00038441125
1882,-0.00016584736
1883,2.5787303e-05
1884,0.00042516668
1885,0.0012739581
1886,0.0027937754
1887,0.0021182895
1888,0.0017078746
1889,0.0014805378
1890,0.00063742796
1891,0.00026542202
1892,0.0001455808
1893,1.23762e-05
1894,-0.000119930635
1895,-5.439482e-05
1896,1.5451085e-05
1897,0.0004942352
1898,0.0037766255
1899,0.0049258987
1900,0.0015294782
1901,0.0015592956
1902,-0.00033165826
1903,-0.00019771763
1904,0.0023037253
1905,0.0020532287
1906,0.0017712503
1907,0.0017710989
1908,8.2614606e-05
1909,0.00014903354
1910,0.0004635076
1911,0.00026421406
1912,-1.6714082e-06
1913,0.00019428048
1914,0.0004764072
1915,2.3874578e-05
1916,9.94914e-05
1917,-0.0001546549
1918,0.0019483016
1919,0.008215858
1920,0.010458334
1921,0.008051846
1922,0.0032653874
1923,-7.487148e-05
1924,0.0006496605
1925,0.0011407881
1926,0.0003834159
1927,-6.518212e-05
1928,7.9585276e-05
1929,-7.0923845e-05
1930,0.0018980389
1931,0.009806245
1932,0.01901745
1933,0.020010838
1934,0.016552625
1935,0.0046203537
1936,-0.00030968612
1937,0.011448802
1938,0.030998833
1939,0.04057509
1940,0.028957354
1941,0.016177244
1942,0.0037706417
1943,-0.00031155776
1944,0.0016135087
1945,0.0051284037
1946,0.006892784
1947,0.008031419
1948,0.010258155
1949,0.010634764
1950,0.007498689
1951,0.0028395688
1952,-8.687786e-05
1953,0.00078285625
1954,0.0050782263
1955,0.013215563
1956,0.016934589
1957,0.014888289
1958,0.008177599
1959,0.0015609794
1960,-9.991615e-05
1961,0.0032894046
1962,0.008191814
1963,0.013154854
1964,0.011256817
1965,0.008577371
1966,0.0025282197
1967,-6.0308164e-05
1968,0.0017775095
1969,0.007072633
1970,0.009434867
1971,0.008647923
1972,0.005181747
1973,0.0015872831
1974,1.811015e-06
1975,0.000928792
1976,0.0026246456
1977,0.0028727052
1978,0.003075123
1979,0.0019068753
1980,0.0011948962
1981,0.0008156679
1982,0.00047887888
1983,7.0475115e-05
1984,1.964996e-06
1985,0.00034263334
1986,0.0023540652
1987,0.006290595
1988,0.011142685
1989,0.010597482
1990,0.007916656
1991,0.0019238344
1992,-0.0001234894
1993,0.006638132
1994,0.02136408
1995,0.032634463
1996,0.029955285
1997,0.016847264
1998,0.0020667654
1999,0.00032762816
2000,0.00850449
2001,0.020180715
2002,0.01753339
2003,0.013927807
2004,0.0035114253
2005,-0.00012003906
2006,0.0032210283
2007,0.005130711
2008,0.0035143553
2009,0.0007407372
2010,-4.394023e-07
2011,0.00027508833
2012,0.0002515257
2013,1.7346709e-05
2014,0.0008734087
2015,0.0020528515
2016,0.0023370858
2017,0.0006936659
2018,-3.369323e-05
2019,0.0013844995
2020,0.002044623
2021,0.0043424717
2022,0.0024879703
2023,0.000100301586
2024,0.00014709681
2025,0.0013817357
2026,0.0026894878
2027,0.001964152
2028,0.00073228497
2029,0.0002081402
2030,0.00011100801
2031,0.00022430773
2032,0.00028339913
2033,1.1890621e-05
2034,-2.517083e-05
2035,0.0018505998
2036,0.0057629966
2037,0.0077964384
2038,0.0055627488
2039,0.0010192513
2040,-0.00015150418
2041,0.0041683605
2042,0.012909685
2043,0.012041987
2044,0.0057933135
2045,8.6279804e-05
2046,0.001494607
2047,0.0069488552
2048,0.007615323
2049,0.005338653
2050,0.001295066
2051,-1.1106915e-05
2052,0.00027122642
2053,0.0006506296
2054,0.0006253331
2055,0.00061087206
2056,0.00082035124
2057,0.0012205107
2058,0.0017437608
2059,0.0012387472
2060,0.00035796812
2061,-2.3212913e-05
2062,0.0011960944
2063,0.0026072043
2064,0.00402624
2065,0.003429414
2066,0.0010403781
2067,-5.40225e-05
2068,0.00033328653
2069,0.0007678238
2070,0.00046695134
2071,0.00014673464
2072,-4.3922155e-06
2073,-6.0024995e-06
2074,3.229849e-05
2075,0.00046596737
2076,0.001556672
2077,0.0027141883
2078,0.0030673237
2079,0.0023263874
2080,0.00087430974
2081,-8.334646e-05
2082,0.000549663
2083,0.0026465452
2084,0.006731096
2085,0.008575146
2086,0.006712716
2087,0.0024738617
2088,-8.879527e-05
2089,0.0018943708
2090,0.007450273
2091,0.0088326065
2092,0.004341359
2093,0.00044867108
2094,0.00058570417
2095,0.004645148
2096,0.008154051
2097,0.0055353898
2098,0.00082580704
2099,0.0003684031
2100,0.0027706146
2101,0.004102877
2102,0.002210454
2103,0.00030926574
2104,3.2292948e-05
2105,8.535938e-05
2106,7.960993e-05
2107,0.001685082
2108,0.0048180935
2109,0.006097978
2110,0.0034993365
2111,0.0002831234
2112,0.00073343713
2113,0.0053622266
2114,0.011125674
2115,0.018157577
2116,0.015413023
2117,0.010660325
2118,0.0059787
2119,0.0009073139
2120,-0.00071384525
2121,0.0044588153
2122,0.019342547
2123,0.03491879
2124,0.034618046
2125,0.021325352
2126,0.011308926
2127,0.0009761488
2128,0.00049368234
2129,0.008749718
2130,0.018126206
2131,0.013034961
2132,0.00805055
2133,0.0023272138
2134,0.00027282262
2135,9.393808e-05
2136,0.00017211791
2137,-9.515263e-05
2138,-7.0157184e-05
2139,5.9754384e-05
2140,-0.00033687876
2141,-0.0002327768
2142,0.0003289517
2143,0.0025573159
2144,0.0028208757
2145,0.0050018257
2146,0.0032546725
2147,0.0024358188
2148,0.0007314572
2149,-0.00082705787
2150,0.00018393231
2151,0.0025460697
2152,0.004605506
2153,0.0066770916
2154,0.0057589198
2155,0.003130469
2156,-0.00044316356
2157,0.0016322131
2158,0.002567027
2159,0.001508571
2160,0.00072302955
2161,1.3094587e-05
2162,1.1041915e-05
2163,0.00010053351
2164,0.0026242605
2165,0.008060345
2166,0.0110536115
2167,0.004883571
2168,-3.8346625e-06
2169,-0.00041385824
2170,0.009185765
2171,0.03144214
2172,0.034624908
2173,0.020143475
2174,0.0008065686
2175,0.0018720056
2176,0.010359674
2177,0.023924533
2178,0.022047585
2179,0.010968565
2180,0.0016337082
2181,-0.00013036645
2182,-0.000106608335
2183,-0.00010956325
2184,-9.4167895e-05
2185,-0.00010089074
2186,0.00014835561
2187,0.0013290127
2188,0.0060719256
2189,0.008513473
2190,0.008056377
2191,0.005693009
2192,0.0002496195
2193,0.00085399934
2194,0.00895758
2195,0.021245439
2196,0.024931487
2197,0.011748076
2198,0.0020754691
2199,-0.00022507833
2200,0.0023445673
2201,0.0063282694
2202,0.0059839427
2203,0.0031588534
2204,0.00017065133
2205,0.00048824746
2206,0.001575109
2207,0.00073373324
2208,7.0507117e-06
2209,0.0009110775
2210,0.0016795759
2211,0.0023319412
2212,0.00051670684
2213,-9.362295e-05
2214,0.0015370676
2215,0.004976573
2216,0.00790688
2217,0.0067288303
2218,0.0026190127
2219,0.0005231664
2220,-0.00013940362
2221,0.00039093132
2222,0.0014897194
2223,0.0030341821
2224,0.00402601
2225,0.005054251
2226,0.0070849853
2227,0.006152063
2228,0.003952069
2229,0.0011848713
2230,-0.00031524998
2231,0.0016156479
2232,0.007207631
2233,0.015122724
2234,0.019255962
2235,0.013573014
2236,0.0072483914
2237,-5.6112185e-08
2238,0.001739173
2239,0.012585208
2240,0.02126917
2241,0.01904314
2242,0.010261465
2243,0.00394381
2244,0.0004926866
2245,-8.964852e-05
2246,0.00073833734
2247,0.001080581
2248,0.00048837694
2249,0.00023205948
2250,0.00026090138
2251,0.0010834881
2252,0.0032130354
2253,0.005251393
2254,0.005365663
2255,0.0036078582
2256,0.0011142802
2257,-0.00022898187
2258,0.0023415666
2259,0.006375521
2260,0.008283637
2261,0.0059715556
2262,0.0032981294
2263,0.0011576192
2264,0.00053692004
2265,0.0005529155
2266,0.00061673345
2267,0.00014591462
2268,-2.8706876e-05
2269,0.0024680886
2270,0.0076625263
2271,0.012149257
2272,0.013156492
2273,0.006520346
2274,0.0006580389
2275,0.0007004025
2276,0.0050466745
2277,0.0059887143
2278,0.0043347734
2279,0.000929141
2280,-1.5884866e-06
2281,6.225578e-05
2282,8.442076e-06
2283,0.0010268315
2284,0.0027967603
2285,0.0033817377
2286,0.0006497523
2287,0.0007436468
2288,0.008391538
2289,0.022336723
2290,0.023743315
2291,0.011568225
2292,0.0009029112
2293,0.0028881102
2294,0.017240003
2295,0.0290991
2296,0.030209713
2297,0.01464503
2298,0.0010336215
2299,0.0017331194
2300,0.011033631
2301,0.013996286
2302,0.008841283
2303,0.0026817042
2304,0.0002362208
2305,-1.1902499e-05
2306,0.0001128606
2307,0.00085889496
2308,0.0017869828
2309,0.001297518
2310,-2.7500057e-05
2311,0.0008765155
2312,0.0032230392
2313,0.0034273742
2314,0.0020206054
2315,1.4878572e-05
2316,0.0015628295
2317,0.0034960024
2318,0.0016849667
2319,0.00010534556
2320,0.0058531323
2321,0.018269638
2322,0.023887845
2323,0.015575498
2324,0.0021759192
2325,0.0013912728
2326,0.01591727
2327,0.03184247
2328,0.033711404
2329,0.018576358
2330,0.0054583065
2331,0.00014225242
2332,0.00021166453
2333,0.0018252674
2334,0.0020183777
2335,0.0009765292
2336,0.0007850217
2337,0.0008379574
2338,0.0019726865
2339,0.0033415644
2340,0.0037741584
2341,0.0024571747
2342,0.0006417259
2343,-1.2813729e-05
2344,7.982168e-05
2345,1.7156657e-05
2346,8.628446e-05
2347,0.0012610711
2348,0.002982938
2349,0.0023188249
2350,-8.097368e-05
2351,0.0013353233
2352,0.0111556435
2353,0.02306244
2354,0.0248552
2355,0.019046688
2356,0.0058771847
2357,-5.188072e-05
2358,0.0030497767
2359,0.009427999
2360,0.012703773
2361,0.008142936
2362,0.004794656
2363,0.0017108513
2364,0.0003593918
2365,0.00022434622
2366,0.0007259571
2367,0.0016929292
2368,0.0016495546
2369,-0.0001578451
2370,0.0012407993
2371,0.010994346
2372,0.024748193
2373,0.030935083
2374,0.020696264
2375,0.0070838626
2376,-0.00016504803
2377,0.0025159884
2378,0.01112354
2379,0.018272437
2380,0.01786858
2381,0.012548353
2382,0.007493516
2383,0.0033883462
2384,0.0006026296
2385,-0.0001694885
2386,0.0014865154
2387,0.007733865
2388,0.015419233
2389,0.019455262
2390,0.014141124
2391,0.0051143277
2392,-0.00021368416
2393,0.004903881
2394,0.015061478
2395,0.018558677
2396,0.013299058
2397,0.0042504594
2398,-2.2430897e-05
2399,0.000717947
2400,0.0025748385
2401,0.0023410178
2402,0.0014070803
2403,0.00086893665
2404,0.0009805536
2405,0.0015487683
2406,0.0020336362
2407,0.0010758756
2408,-7.1083035e-05
2409,0.0014546255
2410,0.007432508
2411,0.01062739
2412,0.009520546
2413,0.0036545699
2414,-9.7392796e-05
2415,0.004078991
2416,0.011287035
2417,0.01072739
2418,0.003137896
2419,-2.0142412e-05
2420,0.0044817245
2421,0.008790433
2422,0.008842387
2423,0.0021552087
2424,0.000392895
2425,0.0076970803
2426,0.019078612
2427,0.019897943
2428,0.009848635
2429,0.0004985661
2430,0.0018463038
2431,0.0131827
2432,0.022797681
2433,0.022304175
2434,0.013503211
2435,0.002573414
2436,-7.41143e-05
2437,0.0040226527
2438,0.0068776575
2439,0.006030842
2440,0.0035076875
2441,0.0007733242
2442,2.205031e-05
2443,4.625044e-06
2444,3.317782e-07
2445,0.0002504241
2446,0.00063673226
2447,0.00079724746
2448,0.00023966817
2449,2.203096e-05
2450,0.0017195488
2451,0.004397605
2452,0.005253416
2453,0.004514742
2454,0.0016513718
2455,0.00016918196
2456,0.00011075694
2457,0.0010194002
2458,0.0018885443
2459,0.0025852246
2460,0.0021508562
2461,0.0013761657
2462,0.00027709862
2463,-2.320765e-06
2464,0.00082955253
2465,0.0021883599
2466,0.002496012
2467,0.0018604714
2468,0.00059184246
2469,3.6200145e-05
2470,0.0016436301
2471,0.0038286778
2472,0.0033394473
2473,0.0010611328
2474,-4.793833e-06
2475,0.0011704455
2476,0.0026797228
2477,0.0018930233
2478,0.00022236191
2479,0.00043147212
2480,0.0022830435
2481,0.0034334827
2482,0.0019764623
2483,0.00027760782
2484,0.00013337695
2485,0.0022493135
2486,0.003731246
2487,0.00398477
2488,0.0025728922
2489,0.00045718023
2490,4.6218025e-05
2491,0.001020927
2492,0.0020135883
2493,0.001636013
2494,0.0009335219
2495,7.080077e-05
2496,0.00027556694
2497,0.0015952042
2498,0.0027277838
2499,0.0020629535
2500,0.00024777272
2501,0.0006436117
2502,0.0058057937
2503,0.012842774
2504,0.014304312
2505,0.009536925
2506,0.00058109895
2507,0.0033540884
2508,0.018240811
2509,0.03309141
2510,0.027392155
2511,0.015880568
2512,0.00086618867
2513,0.0034791792
2514,0.02080894
2515,0.030193608
2516,0.01948356
2517,0.0059310934
2518,5.659138e-06
2519,0.0013533535
2520,0.005282505
2521,0.0051870793
2522,0.0021182871
2523,7.345616e-05
2524,0.00036175177
2525,0.0006720555
2526,0.00022085775
2527,0.00012521708
2528,0.001598644
2529,0.0029946049
2530,0.0030244333
2531,0.0010050498
2532,-5.5767592e-05
2533,0.002003724
2534,0.006538522
2535,0.009854462
2536,0.00808751
2537,0.0032110407
2538,0.00013132388
2539,0.0006398418
2540,0.0044814553
2541,0.008665457
2542,0.0076511838
2543,0.0031054758
2544,0.00016247616
2545,0.00040681136
2546,0.0018266259
2547,0.0016250899
2548,0.000423287
2549,9.104716e-05
2550,0.0009922662
2551,0.0014039921
2552,0.00046327242
2553,8.1095066e-05
2554,0.002508971
2555,0.0076969187
2556,0.009681135
2557,0.006088004
2558,0.0010559687
2559,0.00013514978
2560,0.0033526695
2561,0.008156004
2562,0.006736028
2563,0.0040755575
2564,0.00080575864
2565,-3.264222e-05
2566,0.00025610393
2567,0.00010520747
2568,1.616046e-05
2569,0.00044380463
2570,0.00047611896
2571,-2.4360577e-05
2572,0.00052498205
2573,0.0026901509
2574,0.0039726277
2575,0.0027770605
2576,0.0008182634
2577,-1.5650097e-05
2578,0.00013804375
2579,0.0008169812
2580,0.0002231918
2581,1.0817456e-05
2582,0.00035747452
2583,0.0009547777
2584,0.0010791321
2585,-1.3744633e-05
2586,0.00018261149
2587,0.0065426175
2588,0.007531705
2589,0.0056110336
2590,0.0034692222
2591,-4.2586413e-05
2592,0.00028463016
2593,0.011436135
2594,0.017588321
2595,0.013221578
2596,0.0039318157
2597,-4.836481e-05
2598,0.0010627717
2599,0.0029283431
2600,0.0016271068
2601,0.000674976
2602,0.00013617838
2603,0.00011354457
2604,0.0003764608
2605,0.0006620299
2606,0.00096722355
2607,0.00058667554
2608,4.6172063e-05
2609,2.5808908e-05
2610,0.00016550132
2611,3.3240627e-05
2612,2.0567457e-05
2613,0.000280109
2614,0.00036541274
2615,3.1070682e-05
2616,0.00028228623
2617,0.002334659
2618,0.0047270847
2619,0.0052140295
2620,0.0032623296
2621,0.00073294877
2622,-6.756709e-05
2623,0.0011830474
2624,0.0036137332
2625,0.0051536453
2626,0.0053133257
2627,0.0042312643
2628,0.0023734304
2629,0.00049040373
2630,1.5121332e-06
2631,0.002369963
2632,0.007023584
2633,0.009530893
2634,0.00806915
2635,0.0023958765
2636,-2.755248e-05
2637,0.0055699437
2638,0.014437206
2639,0.015525627
2640,0.007396705
2641,8.141101e-05
2642,0.0036892178
2643,0.015296639
2644,0.02158636
2645,0.015561145
2646,0.004481556
2647,1.577077e-05
2648,0.002259477
2649,0.006673189
2650,0.008101669
2651,0.005809326
2652,0.003125156
2653,0.0018548651
2654,0.0015910387
2655,0.0015752802
2656,0.0007379213
2657,4.761752e-05
2658,0.0017560337
2659,0.008823838
2660,0.017078537
2661,0.017032284
2662,0.008669852
2663,0.0011763079
2664,-5.352404e-05
2665,0.0058099465
2666,0.007330312
2667,0.004493595
2668,0.00095186365
2669,2.9021447e-05
2670,0.0005670224
2671,0.0002911997
2672,3.943265e-05
2673,0.0016509022
2674,0.0032050093
2675,0.002944246
2676,0.0014088745
2677,0.0003587586
2678,0.0005660217
2679,0.0058514546
2680,0.005549059
2681,0.003304105
2682,0.0011085032
2683,0.00014536755
2684,0.00029919643
2685,0.0002570027
2686,6.673521e-05
2687,6.613251e-05
2688,2.0616462e-05
2689,0.00042374397
2690,0.0015180776
2691,0.0028591796
2692,0.002369978
2693,0.0011493191
2694,0.00012589124
2695,0.000739226
2696,0.0021601545
2697,0.002970727
2698,0.0032484352
2699,0.001171318
2700,6.718625e-05
2701,0.00034058356
2702,0.00039634577
2703,0.00034081968
2704,0.00031596725
2705,0.00022280448
2706,0.00040538202
2707,0.0020280066
2708,0.004591081
2709,0.004673183
2710,0.0009248296
2711,0.0014543158
2712,0.0038433347
2713,0.019662535
2714,0.025269896
2715,0.016656468
2716,0.0024727548
2717,0.00017220344
2718,0.004140421
2719,0.007776034
2720,0.0052328785
2721,0.0022019933
2722,0.0010369417
2723,0.001168298
2724,0.0036747598
2725,0.0076615326
2726,0.007838353
2727,0.0030032888
2728,0.00020405324
2729,0.0064975778
2730,0.017926589
2731,0.026821818
2732,0.017336536
2733,0.0035408973
2734,0.00013169758
2735,0.0038414265
2736,0.0069128396
2737,0.003986059
2738,0.0009263222
2739,5.9080094e-07
2740,4.9109192e-05
2741,9.152677e-05
2742,0.0015047936
2743,0.0030958478
2744,0.0025398268
2745,8.006014e-05
2746,8.3819235e-05
2747,0.0023956161
2748,0.003254791
2749,0.0019685563
2750,0.00037078248
2751,0.000405214
2752,0.00028555383
2753,0.000670242
2754,0.00014531058
2755,6.056688e-06
2756,0.00010979143
2757,0.00014345528
2758,3.6405232e-05
2759,3.218136e-05
2760,0.00037620275
2761,0.00037322653
2762,4.0230694e-05
2763,0.0002892596
2764,0.00016097129
2765,0.0003114712
2766,5.2951706e-05
2767,5.606399e-06
2768,2.1692076e-05
2769,2.2231101e-05
2770,0.00051328767
2771,0.00081260654
2772,0.00030795095
2773,-7.277534e-06
2774,0.0021414994
2775,0.0043788482
2776,0.0043056416
2777,0.001379607
2778,0.0007143252
2779,0.001986479
2780,0.0080773
2781,0.010411818
2782,0.0028701683
2783,0.0007242434
2784,0.0014078888
2785,0.0050707227
2786,0.0028720289
2787,0.00069239555
2788,2.797933e-07
2789,0.0006500796
2790,0.00030568967
2791,1.5922279e-06
2792,0.00031798656
2793,0.00093493296
2794,0.0008479234
2795,-3.4068504e-05
2796,0.00018772631
2797,0.0011968265
2798,0.0010266226
2799,0.0008251997
2800,0.00012308385
2801,1.3014987e-05
2802,8.933304e-05
2803,0.0011947326
2804,0.0033492853
2805,0.0038186822
2806,0.0005927553
2807,0.0006224746
2808,0.01014229
2809,0.023892561
2810,0.02876338
2811,0.01879425
2812,0.0043206923
2813,0.00045870183
2814,0.004956753
2815,0.013151305
2816,0.0149353435
2817,0.013045673
2818,0.007723537
2819,0.004047643
2820,0.002059139
2821,0.000542272
2822,9.61067e-05
2823,-8.3830455e-05
2824,0.002257194
2825,0.006752412
2826,0.009287851
2827,0.012183786
2828,0.009927075
2829,0.005511629
2830,0.0016812186
2831,5.7951547e-05
2832,-6.915282e-05
2833,0.0025056952
2834,0.0044810353
2835,0.0056338524
2836,0.0063590338
2837,0.0044015064
2838,0.0016074821
2839,3.037825e-05
2840,5.2001902e-05
2841,-1.6389167e-05
2842,3.4834535e-05
2843,0.00033225256
2844,0.0010734465
2845,0.0008190307
2846,3.0605246e-05
2847,0.0016495266
2848,0.0103048785
2849,0.022684887
2850,0.027965315
2851,0.020351434
2852,0.005579784
2853,0.00025391084
2854,0.0036723567
2855,0.016784724
2856,0.020597983
2857,0.01626308
2858,0.012396449
2859,0.0039928346
2860,-0.0002375964
2861,-1.0169693e-05
2862,0.0019116264
2863,0.0046470724
2864,0.0061668647
2865,0.0061904714
2866,0.0061720335
2867,0.005626047
2868,0.003820384
2869,0.0019281427
2870,0.00022085196
2871,-6.74752e-05
2872,0.00078792433
2873,0.0020264639
2874,0.003384353
2875,0.002735571
2876,0.00088267314
2877,-2.4625606e-06
2878,0.00028970733
2879,0.00054547813
2880,0.00023792805
2881,8.281553e-06
2882,0.00060894043
2883,0.0017983774
2884,0.0022058187
2885,0.0019806821
2886,0.00088757684
2887,-1.3846075e-06
2888,5.7284924e-06
2889,0.0010467506
2890,0.0026167224
2891,0.004194716
2892,0.005940445
2893,0.006403821
2894,0.0059696035
2895,0.0033346673
2896,0.0006850344
2897,-0.00014768873
2898,0.0028489754
2899,0.008574583
2900,0.01107471
2901,0.012743313
2902,0.008337131
2903,0.0034308233
2904,0.0005782993
2905,-0.00010448646
2906,-6.792834e-06
2907,0.00070834847
2908,0.0017084619
2909,0.0035259963
2910,0.005432137
2911,0.008744507
2912,0.006920892
2913,0.0031180577
2914,0.00015224154
2915,0.00011252554
2916,0.0037572673
2917,0.011058395
2918,0.008978813
2919,0.0062984433
2920,0.0011099459
2921,4.754489e-05
2922,0.0013387123
2923,0.0017317401
2924,0.004215544
2925,0.003955032
2926,0.0016319624
2927,0.0005906069
2928,0.00017373529
2929,-5.5420714e-05
2930,-5.725369e-05
2931,0.0005786453
2932,0.0041647186
2933,0.011134836
2934,0.017858004
2935,0.019110503
2936,0.013268293
2937,0.004404837
2938,-0.00025283432
2939,0.002953513
2940,0.01487232
2941,0.029425826
2942,0.039796617
2943,0.035575535
2944,0.020520918
2945,0.0043389183
2946,-0.00037302345
2947,0.009356861
2948,0.02794729
2949,0.03810686
2950,0.033708327
2951,0.017217891
2952,0.0031778284
2953,0.00013451488
2954,0.0014515705
2955,0.0032463826
2956,0.0029981364
2957,0.0017009691
2958,0.0011024518
2959,0.0011955164
2960,0.0028206045
2961,0.0035763853
2962,0.0039364574
2963,0.0014719696
2964,-4.1472747e-05
2965,0.004960629
2966,0.014130881
2967,0.01646588
2968,0.012913165
2969,0.0034805124
2970,8.45075e-05
2971,0.0031057033
2972,0.01012549
2973,0.013846566
2974,0.008656054
2975,0.003891746
2976,0.00026824058
2977,7.050039e-05
2978,0.0012267582
2979,0.0026752693
2980,0.0033033318
2981,0.0030019286
2982,0.0019610915
2983,0.0014406536
2984,0.000518035
2985,-1.7605431e-05
2986,0.00024067608
2987,0.0019037115
2988,0.0030113605
2989,0.0023875572
2990,0.0011383127
2991,0.00028242735
2992,5.0309543e-05
2993,0.00017078093
2994,0.00015696524
2995,1.0049331e-05
2996,0.00016463439
2997,0.00023557775
2998,1.7730445e-06
2999,2.6012056e-05
3000,0.0005149551
3001,0.0013065432
3002,0.0016057161
3003,0.0014649315
3004,0.00076249725
3005,-1.7133916e-05
3006,0.0006091477
3007,0.0024915352
3008,0.0045123277
3009,0.004078522
3010,0.0019823108
3011,0.00023894885
3012,-2.2080934e-05
3013,0.00035205274
3014,0.00045851013
3015,7.053057e-05
3016,8.4995365e-05
3017,0.0005399673
3018,0.00039877888
3019,-4.1471685e-07
3020,0.00066906994
3021,0.0034008431
3022,0.007115689
3023,0.009410312
3024,0.0060294485
3025,0.00052288244
3026,0.00013733142
3027,0.006926688
3028,0.012989667
3029,0.01428231
3030,0.011799369
3031,0.0040170955
3032,-7.199086e-05
3033,0.002676933
3034,0.007677803
3035,0.009729081
3036,0.0060839932
3037,0.0013574266
3038,4.777286e-05
3039,0.0018844119
3040,0.0030056976
3041,0.0016009904
3042,-7.84e-06
3043,0.0018669134
3044,0.0062927646
3045,0.0066457684
3046,0.0032183276
3047,-2.819179e-05
3048,0.0027370881
3049,0.0107083805
3050,0.016524062
3051,0.011124498
3052,0.0036184597
3053,-3.21408e-05
3054,0.0022973393
3055,0.006260862
3056,0.005842534
3057,0.002639258
3058,0.00041464064
3059,2.0942316e-06
3060,3.571913e-07
3061,0.00011576725
3062,0.0006483212
3063,0.0007059079
3064,4.2957254e-05
3065,0.00030440398
3066,0.0023601784
3067,0.0034311411
3068,0.0023757133
3069,0.00013547624
3070,0.0008128713
3071,0.0035928786
3072,0.0039307005
3073,0.0010497893
3074,9.406746e-05
3075,0.0033885164
3076,0.0065229493
3077,0.0075451005
3078,0.0033408673
3079,-6.712417e-05
3080,2.772612e-05
3081,0.0018891448
3082,0.0030941474
3083,0.0034632555
3084,0.002612783
3085,0.0021804438
3086,0.0019276203
3087,0.0016226227
3088,0.00087831315
3089,8.660779e-05
3090,6.706717e-05
3091,0.00010296118
3092,0.0013056186
3093,0.001914084
3094,0.0026037346
3095,0.0030830728
3096,0.0035802184
3097,0.0046431404
3098,0.0051819747
3099,0.0042426744
3100,0.0019195658
3101,9.65505e-05
3102,0.0013652466
3103,0.00068548624
3104,0.0059870714
3105,0.00839592
3106,0.006912276
3107,0.0060575716
3108,0.0030500758
3109,-0.00026821345
3110,0.0018973026
3111,0.0023212703
3112,0.0016847815
3113,0.0021167318
3114,0.0045446623
3115,0.009403434
3116,0.0097216675
3117,0.0044775615
3118,-1.568094e-05
3119,0.00018787093
3120,0.000370172
3121,0.0007860261
3122,0.00041909333
3123,0.00059783534
3124,0.0019820095
3125,0.003967557
3126,0.01297927
3127,0.018519647
3128,0.0131268455
3129,0.0037969097
3130,0.0027194503
3131,0.003069783
3132,0.009483796
3133,0.022622233
3134,0.015742272
3135,0.008673788
3136,0.0005686103
3137,0.0016976444
3138,0.004211883
3139,0.0017847583
3140,0.0009649303
3141,1.1374432e-05
3142,6.703207e-05
3143,2.4456838e-05
3144,0.0015358314
3145,0.0042002755
3146,0.0054616984
3147,0.004905113
3148,-6.166514e-05
3149,0.0029839391
3150,0.001610167
3151,0.0052130786
3152,0.007963785
3153,0.0037076287
3154,0.0012822348
3155,-1.7604645e-05
3156,0.0007334321
3157,0.00088350126
3158,0.0011412996
3159,0.00010313635
3160,0.003891626
3161,0.0047532013
3162,0.0060061635
3163,0.004027957
3164,-0.00021215028
3165,0.00026779366
3166,0.0061001657
3167,0.013004112
3168,0.013069867
3169,0.00943494
3170,0.004646541
3171,0.0014937262
3172,7.387943e-05
3173,0.00012965094
3174,1.8984916e-05
3175,0.0019513973
3176,0.0042075054
3177,0.006540897
3178,0.0051878546
3179,0.002625841
3180,0.00032690552
3181,-2.7805614e-05
3182,0.0001377901
3183,0.000104357736
3184,-3.353703e-05
3185,-1.0910653e-05
3186,1.0727068e-05
3187,0.0009697783
3188,0.0040135426
3189,0.008741518
3190,0.010917335
3191,0.00792016
3192,0.0021465959
3193,4.9609283e-05
3194,0.0023399713
3195,0.006608969
3196,0.00843948
3197,0.0071760206
3198,0.004329548
3199,0.003379287
3200,0.0026110928
3201,0.002335307
3202,0.0016232172
3203,0.00029003833
3204,-3.959547e-05
3205,0.0022655209
3206,0.011920254
3207,0.022956027
3208,0.028497612
3209,0.022142861
3210,0.009228376
3211,-0.00047523997
3212,0.0028480755
3213,0.018012723
3214,0.032253828
3215,0.029046064
3216,0.020926442
3217,0.0054660044
3218,2.5928894e-06
3219,0.0025546488
3220,0.008123921
3221,0.0098402
3222,0.0063169403
3223,0.002266666
3224,0.0002792824
3225,-7.7906407e-07
3226,7.0592423e-06
3227,0.0005647822
3228,0.0018665165
3229,0.0023226046
3230,0.0007365829
3231,-4.6895937e-05
3232,0.0031185509
3233,0.008805333
3234,0.010103163
3235,0.009072446
3236,0.002765093
3237,-0.00015020995
3238,0.004171143
3239,0.009571929
3240,0.008886136
3241,0.0046431553
3242,0.001106037
3243,-1.923807e-05
3244,0.00050453225
3245,0.0006313377
3246,0.00021927747
3247,-2.2985325e-06
3248,6.230724e-05
3249,2.593937e-05
3250,3.8020666e-05
3251,0.00054816384
3252,0.0012474284
3253,0.001558327
3254,0.0013159122
3255,0.0005890074
3256,1.3256831e-05
3257,7.966916e-05
3258,0.0008860556
3259,0.001994814
3260,0.0027334904
3261,0.002498259
3262,0.0020615407
3263,0.0008490206
3264,-1.1259945e-05
3265,0.00011383445
3266,0.00070443953
3267,0.001646255
3268,0.0023329249
3269,0.0020562958
3270,0.0021397234
3271,0.0020242825
3272,0.0016763138
3273,0.0007164619
3274,-9.8785014e-05
3275,0.000661089
3276,0.004561821
3277,0.010867802
3278,0.013537752
3279,0.0120151015
3280,0.0064556166
3281,0.00075599295
3282,0.00010991638
3283,0.0036601555
3284,0.011080421
3285,0.015572184
3286,0.011452632
3287,0.004435272
3288,0.00046869792
3289,1.3248748e-05
3290,0.0014464064
3291,0.0022395158
3292,0.0027474368
3293,0.0020019049
3294,0.0010306326
3295,0.000387261
3296,4.0077823e-05
3297,1.7457562e-05
3298,6.800607e-05
3299,3.3924807e-05
3300,1.56674e-05
3301,0.00036379826
3302,0.0011110266
3303,0.0016081091
3304,0.0020629517
3305,0.00087896606
3306,-7.268737e-05
3307,0.0009183175
3308,0.0039475122
3309,0.007346599
3310,0.006340851
3311,0.0038510328
3312,0.00034098013
3313,1.8751278e-05
3314,0.0008320855
3315,0.0018291901
3316,0.0012748227
3317,8.0975566e-05
3318,0.0003203553
3319,0.0014491102
3320,0.0010922767
3321,2.339391e-05
3322,0.0007399264
3323,0.004602198
3324,0.010838216
3325,0.008968721
3326,0.0057929247
3327,0.00063015416
3328,0.0004314341
3329,0.004539639
3330,0.0073584216
3331,0.0066900416
3332,0.0036207482
3333,0.0024796468
3334,0.0020024797
3335,0.0028306257
3336,0.004286589
3337,0.005432779
3338,0.003769431
3339,0.00043721838
3340,0.00020526684
3341,0.004800522
3342,0.015571251
3343,0.02124225
3344,0.019174818
3345,0.009457712
3346,0.0031632679
3347,-0.00025673042
3348,0.00058612024
3349,0.0030116634
3350,0.0055494565
3351,0.007167274
3352,0.010318833
3353,0.012706303
3354,0.013394043
3355,0.010242933
3356,0.003924818
3357,-0.0003186996
3358,0.004212756
3359,0.017268436
3360,0.036081072
3361,0.038887005
3362,0.028249184
3363,0.00735931
3364,-0.00040909796
3365,0.013427864
3366,0.030728161
3367,0.04559394
3368,0.03138645
3369,0.011904483
3370,0.00046642896
3371,0.0016985764
3372,0.0091181835
3373,0.011910696
3374,0.008913574
3375,0.0043041175
3376,0.0016505976
3377,0.0008760422
3378,0.001098456
3379,0.0012879522
3380,0.00068459165
3381,-2.1606014e-05
3382,0.00092825585
3383,0.0035848618
3384,0.0066655404
3385,0.004108024
3386,0.0003688569
3387,0.0013442102
3388,0.005794551
3389,0.0048089474
3390,0.00058764557
3391,0.0022470336
3392,0.015307328
3393,0.025108488
3394,0.016611042
3395,0.0030686492
3396,0.00039967883
3397,0.014594925
3398,0.030740226
3399,0.026201129
3400,0.010499311
3401,0.0007961555
3402,0.00011833962
3403,0.0010176061
3404,0.00066188537
3405,-3.6230165e-05
3406,8.5887375e-05
3407,0.0003581874
3408,0.0034535977
3409,0.0094523765
3410,0.011968813
3411,0.007949639
3412,0.00015731531
3413,0.0007251917
3414,0.0077644386
3415,0.012605206
3416,0.008725929
3417,0.0009577881
3418,0.0003194634
3419,0.0046715937
3420,0.0054212096
3421,0.0019314133
3422,4.1960702e-05
3423,0.0019209863
3424,0.004298937
3425,0.0032422605
3426,0.00049794035
3427,7.055007e-05
3428,0.0010979667
3429,0.0022257976
3430,0.0016143635
3431,0.00030205463
3432,-6.481905e-07
3433,0.00067114003
3434,0.0014251517
3435,0.0009568456
3436,0.00020611398
3437,3.4022494e-05
3438,0.0001698516
3439,0.00033323577
3440,0.0003122461
3441,0.00016158867
3442,4.37203e-05
3443,-1.69e-06
3444,5.5419287e-06
3445,6.847873e-06
3446,6.4011297e-06
3447,9.0624775e-07
3448,1.878288e-05
3449,7.719708e-05
3450,9.922188e-05
3451,3.7470232e-05
3452,3.940807e-07
3453,0.00015083834
3454,0.00040788043
3455,0.00034521302
3456,1.1629363e-05
3457,0.0003183928
3458,0.0021007557
3459,0.0041449424
3460,0.0042572697
3461,0.0015778926
3462,0.0001727127
3463,0.0035427737
3464,0.011353661
3465,0.014715774
3466,0.009141143
3467,0.0013767252
3468,0.00028182106
3469,0.002546258
3470,0.004008253
3471,0.0030223655
3472,0.0006710278
3473,0.00015212137
3474,0.0013616179
3475,0.0008308339
3476,1.7170054e-05
3477,0.0011890361
3478,0.004545143
3479,0.005269043
3480,0.0012653152
3481,0.0010191746
3482,0.0017360635
3483,0.011240329
3484,0.0114678815
3485,0.0038558275
3486,0.0007688699
3487,0.004123077
3488,0.007611428
3489,0.0046511237
3490,0.0011466859
3491,9.5753254e-05
3492,0.00039665995
3493,0.00065477245
3494,0.00027053268
3495,6.7985704e-05
3496,0.0001129962
3497,0.00046434914
3498,0.00094723445
3499,0.0007130042
3500,7.3429066e-05
3501,0.0012771509
3502,0.004989523
3503,0.008234941
3504,0.0066044163
3505,0.0009874678
3506,-5.5895995e-05
3507,0.004917832
3508,0.009402813
3509,0.0067314864
3510,0.0020025047
3511,0.00020421093
3512,0.0011625328
3513,0.0017139855
3514,0.00062941224
3515,0.00022710017
3516,0.0030091186
3517,0.005272893
3518,0.003447533
3519,-1.5966496e-05
3520,0.0012040797
3521,0.0073287105
3522,0.00975142
3523,0.007110044
3524,0.0027668343
3525,0.00034862105
3526,0.000884186
3527,0.00042889756
3528,0.0006597858
3529,0.0006874628
3530,0.0003416389
3531,0.00023959613
3532,0.0002805604
3533,0.00035366035
3534,0.00018254959
3535,3.982079e-05
3536,0.00018317017
3537,0.0006745295
3538,0.000961
3539,0.0002476988
3540,3.6939025e-05
3541,0.0010154308
3542,0.0025738846
3543,0.002679294
3544,0.0006663342
3545,1.2521265e-05
3546,0.0026617406
3547,0.007954774
3548,0.009293642
3549,0.0054672607
3550,0.0013019802
3551,0.00028920095
3552,0.0008611261
3553,0.0036122152
3554,0.004428386
3555,0.0024832017
3556,0.00080512185
3557,0.00011050985
3558,2.5464999e-05
3559,-3.5524408e-06
3560,0.00020997078
3561,0.0007621226
3562,0.0009809581
3563,0.00042257522
3564,0.00010295514
3565,0.0014020111
3566,0.00580778
3567,0.010118864
3568,0.010244201
3569,0.00558048
3570,0.00074831845
3571,0.000107395215
3572,0.0031064348
3573,0.0074591613
3574,0.007970993
3575,0.00611692
3576,0.002121795
3577,-4.2141513e-05
3578,0.0001230776
3579,0.0010032736
3580,0.0011820983
3581,0.00051012094
3582,1.1203161e-05
3583,0.00012631353
3584,0.00026396054
3585,6.0031758e-05
3586,5.087126e-05
3587,0.0009274881
3588,0.002445442
3589,0.0027117685
3590,0.001575727
3591,4.4913908e-05
3592,0.00023089406
3593,0.0027101305
3594,0.0053650835
3595,0.0052978476
3596,0.0024445562
3597,2.3857865e-05
3598,0.00031013606
3599,0.0022821592
3600,0.002683643
3601,0.0017486992
3602,0.0003665682
3603,3.2044936e-05
3604,0.00013433927
3605,2.338908e-05
3606,0.000116133524
3607,0.0007244684
3608,0.00089146366
3609,6.021304e-05
3610,0.00054633163
3611,0.004093779
3612,0.007719001
3613,0.009334582
3614,0.0040443772
3615,0.00043444626
3616,0.0026685884
3617,0.012725167
3618,0.017410427
3619,0.011408976
3620,0.0021741104
3621,0.0001418681
3622,0.0034444993
3623,0.0069371318
3624,0.0058887927
3625,0.0015042544
3626,5.746427e-05
3627,0.0022124748
3628,0.0041166362
3629,0.0028527898
3630,0.00022661188
3631,0.00031507123
3632,0.002077706
3633,0.0026240442
3634,0.0013616823
3635,0.00019168123
3636,3.9720348e-05
3637,6.979888e-05
3638,0.00012374845
3639,1.9386101e-05
3640,3.7714767e-06
3641,2.81854e-06
3642,4.026837e-05
3643,0.00014749763
3644,0.00016764157
3645,5.428398e-05
3646,-8.561619e-07
3647,0.00013357577
3648,0.00020579655
3649,3.61395e-05
3650,0.000105728854
3651,0.0008800261
3652,0.001939709
3653,0.0019707708
3654,0.0011280021
3655,-2.4492332e-05
3656,-2.050359e-05
3657,0.001499346
3658,0.0034720765
3659,0.0049193758
3660,0.0046558427
3661,0.0030695754
3662,0.0010225911
3663,0.000217186
3664,0.00021555889
3665,0.0016297067
3666,0.0044099917
3667,0.0070481356
3668,0.0071159466
3669,0.0042776833
3670,0.0009480787
3671,0.0007556558
3672,0.00090421096
3673,0.004445775
3674,0.0058346055
3675,0.0038665982
3676,0.0011511494
3677,-1.0309614e-06
3678,0.00017306794
3679,8.180288e-05
3680,7.753936e-05
3681,1.4608096e-05
3682,4.372532e-05
3683,8.302727e-05
3684,0.00024965935
3685,0.0022374357
3686,0.004669385
3687,0.0056399917
3688,0.0034217704
3689,0.0006092759
3690,0.00044160162
3691,0.0009576979
3692,0.0031338152
3693,0.0042598206
3694,0.0055041783
3695,0.0044075027
3696,0.0031996605
3697,0.0022545727
3698,0.00091018283
3699,0.0003165789
3700,0.0014128829
3701,0.001136701
3702,0.004002822
3703,0.008444807
3704,0.014653393
3705,0.010119313
3706,0.0028688328
3707,0.0036077963
3708,0.0030503864
3709,0.00014462814
3710,0.006286929
3711,0.0073720147
3712,0.0058638793
3713,0.0021162815
3714,0.0009718237
3715,0.0020811844
3716,0.0015649203
3717,0.000714523
3718,0.00036587715
3719,0.00096970936
3720,0.0019795552
3721,0.004188363
3722,0.004573739
3723,0.0018354229
3724,0.0012115993
3725,0.002704212
3726,0.0026888798
3727,0.0005360079
3728,0.00048124345
3729,2.2441916e-05
3730,0.00023435046
3731,0.00020484498
3732,9.153082e-07
3733,0.00055132323
3734,0.0032848262
3735,0.004939949
3736,0.002231667
3737,0.00049434847
3738,0.00095884036
3739,0.0040262295
3740,0.0035230007
3741,0.0014969376
3742,0.0004501748
3743,0.00053917343
3744,0.002030746
3745,0.004757465
3746,0.0058225156
3747,0.0025071185
3748,0.00079444295
3749,0.002795591
3750,0.013769788
3751,0.019402536
3752,0.016428797
3753,0.003425063
3754,0.00077966735
3755,0.0052601956
3756,0.009588808
3757,0.0062229577
3758,0.0013209323
3759,3.33273e-05
3760,0.0003897184
3761,0.00012405476
3762,0.00019292739
3763,0.0012311644
3764,0.0014105268
3765,0.00025065202
3766,-4.127073e-06
3767,0.0012488107
3768,0.0026989982
3769,0.0015130376
3770,-1.1373306e-05
3771,0.0007591472
3772,0.0034805778
3773,0.0045682862
3774,0.0018324602
3775,0.00012068246
3776,0.000684609
3777,0.001806584
3778,0.002056332
3779,0.0009880175
3780,0.00043192322
3781,0.00030080628
3782,0.0006681339
3783,0.0012481699
3784,0.0011953599
3785,0.00021776557
3786,0.00022644537
3787,0.0015417576
3788,0.005729797
3789,0.0073578167
3790,0.0068845255
3791,0.0036983094
3792,0.00027509982
3793,0.0009099002
3794,0.0010801973
3795,7.111881e-05
3796,0.0014666499
3797,0.004399601
3798,0.0076757013
3799,0.009846235
3800,0.008315014
3801,0.004640562
3802,-0.00012605658
3803,0.001226998
3804,0.0007098295
3805,0.0013944851
3806,0.0012602069
3807,0.001232232
3808,0.0005856808
3809,0.00034256905
3810,0.0011778737
3811,0.0039009699
3812,0.0069601345
3813,0.0058293226
3814,0.0011296782
3815,0.002016259
3816,0.0036603487
3817,0.015239086
3818,0.023690762
3819,0.017548777
3820,0.004048397
3821,0.0011118718
3822,0.00041612613
3823,0.0024984635
3824,0.0024914907
3825,0.0014472159
3826,0.00087255036
3827,0.001305803
3828,0.0024595305
3829,0.0035437394
3830,0.0031405392
3831,0.001004629
3832,0.0003117249
3833,0.0005383204
3834,0.0022972093
3835,0.002887128
3836,0.0021843503
3837,0.00033115395
3838,6.955306e-06
3839,0.00092934014
3840,0.0012903969
3841,0.0009084449
3842,0.00015639921
3843,1.2834029e-05
3844,0.00023020412
3845,0.00060596864
3846,0.0007147667
3847,0.00068247295
3848,0.0005863588
3849,0.00048334282
3850,0.00027609957
3851,5.096376e-05
3852,0.00013121679
3853,0.00019200216
3854,0.00018830686
3855,0.001201414
3856,0.0020286094
3857,0.002271869
3858,0.0013658397
3859,0.00021720679
3860,0.00022086453
3861,-9.061849e-06
3862,0.0006447742
3863,0.001239442
3864,0.001138521
3865,0.00070608594
3866,0.00050946296
3867,0.0004363851
3868,0.0005393223
3869,0.0007361997
3870,0.0006951736
3871,0.00019219457
3872,0.00015036266
3873,0.000582205
3874,0.0026364278
3875,0.0055886963
3876,0.005957384
3877,0.0037604123
3878,0.0003506938
3879,0.00013696878
3880,0.0026535366
3881,0.006309728
3882,0.0077800024
3883,0.0061132223
3884,0.002658832
3885,-5.369711e-05
3886,3.0737603e-05
3887,0.0028144435
3888,0.0071766153
3889,0.009758015
3890,0.008364755
3891,0.003446109
3892,0.00047188936
3893,0.0009783038
3894,0.0083612865
3895,0.01516519
3896,0.015458757
3897,0.008432721
3898,0.0017738432
3899,0.0012188723
3900,0.00019660027
3901,0.002609743
3902,0.007944468
3903,0.011044393
3904,0.011800514
3905,0.010685533
3906,0.007529335
3907,0.0020752898
3908,0.0014275186
3909,0.0014468152
3910,0.013737219
3911,0.033489
3912,0.0354863
3913,0.025428446
3914,0.009400527
3915,0.0016192279
3916,0.0011644871
3917,0.0051627974
3918,0.011811631
3919,0.015221583
3920,0.010021118
3921,0.0070241396
3922,0.0047152084
3923,0.0026004054
3924,0.00018887331
3925,0.0010972833
3926,0.00016491735
3927,0.005836973
3928,0.015415465
3929,0.021167299
3930,0.014148827
3931,0.0038917724
3932,0.00077748403
3933,0.00042297604
3934,0.002580869
3935,0.0026768548
3936,0.001329536
3937,0.0006137547
3938,0.0008114193
3939,0.0021306854
3940,0.0045026517
3941,0.0056288894
3942,0.0032106733
3943,-7.670575e-05
3944,0.0006361861
3945,0.0066150404
3946,0.011464512
3947,0.009629123
3948,0.004156171
3949,0.000115299925
3950,-9.081035e-06
3951,0.0015626375
3952,0.0018481888
3953,0.0009814062
3954,0.000291879
3955,0.00013857058
3956,0.0002832919
3957,0.0009242184
3958,0.0015760402
3959,0.0012563599
3960,0.00021563571
3961,0.000101830665
3962,0.0014277193
3963,0.0027427946
3964,0.0034076173
3965,0.0017162142
3966,0.00018122626
3967,6.063565e-07
3968,0.00030499598
3969,0.00029606395
3970,8.409219e-05
3971,3.4624583e-05
3972,0.00035828695
3973,0.00074913463
3974,0.00080479495
3975,0.00052005454
3976,7.920308e-05
3977,5.1267758e-05
3978,0.001142596
3979,0.00542105
3980,0.010682877
3981,0.013303032
3982,0.0094746
3983,0.003129864
3984,0.00063880964
3985,0.0012059427
3986,0.01121272
3987,0.020860847
3988,0.021557344
3989,0.01001232
3990,0.0013336377
3991,0.00047706155
3992,0.0006743052
3993,0.00251731
3994,0.0017118403
3995,0.0004140538
3996,6.107007e-06
3997,6.0571467e-05
3998,0.00082413823
3999,0.0032426843
4000,0.005716888
4001,0.0073865834
4002,0.004610696
4003,0.0007486272
4004,0.00056567497
4005,0.0008697125
4006,0.0026994257
4007,0.003023421
4008,0.0034864994
4009,0.002312751
4010,0.0012690624
4011,0.00075785303
4012,0.00043947005
4013,0.00020282625
4014,-2.514083e-05
4015,0.00012231094
4016,7.22224e-05
4017,0.00018233323
4018,0.0006389499
4019,0.001053679
4020,0.0014596641
4021,0.0018018881
4022,0.002168686
4023,0.0024020018
4024,0.0021997553
4025,0.00134926
4026,0.00012039662
4027,0.000108043394
4028,0.0011946944
4029,0.004395384
4030,0.007165048
4031,0.007736163
4032,0.005452831
4033,0.0021576737
4034,-3.2724427e-05
4035,6.125938e-05
4036,0.00093528436
4037,0.0024052442
4038,0.0047586793
4039,0.005434694
4040,0.004878378
4041,0.003054939
4042,0.00044414768
4043,6.2858766e-05
4044,0.0026926207
4045,0.0076357527
4046,0.01053477
4047,0.007833748
4048,0.0025215806
4049,0.00027764993
4050,0.002594202
4051,0.0076593715
4052,0.008826411
4053,0.004531178
4054,0.0005537336
4055,0.00014572377
4056,0.003021111
4057,0.00474503
4058,0.004139608
4059,0.0013740301
4060,7.206872e-05
4061,0.00038579875
4062,0.0013592151
4063,0.0015685188
4064,0.0007750322
4065,6.529039e-05
4066,1.9084398e-05
4067,0.0001837247
4068,0.00016607906
4069,4.031803e-06
4070,0.00053249334
4071,0.0020132004
4072,0.0029959627
4073,0.0023129275
4074,0.00017676046
4075,0.0003070388
4076,0.0055797035
4077,0.013008865
4078,0.016590498
4079,0.011798369
4080,0.003077275
4081,0.00081701257
4082,0.0022369367
4083,0.0077210777
4084,0.010450842
4085,0.0067983186
4086,0.0035337964
4087,0.0013891296
4088,0.0005456655
4089,0.00042766926
4090,0.00038896766
4091,-5.3348766e-05
4092,0.0006883306
4093,0.00026265482
4094,0.0034900554
4095,0.007961698
4096,0.008364464
4097,0.0070646526
4098,0.0022285865
4099,0.00060464535
4100,0.0011372572
4101,6.8491856e-05
4102,0.00010877116
4103,0.00074599934
4104,0.0015504018
4105,0.0034184447
4106,0.006025335
4107,0.007014187
4108,0.006180369
4109,0.0022417752
4110,0.00046540442
4111,-2.3652829e-05
4112,0.003002078
4113,0.006482934
4114,0.0085450625
4115,0.009023861
4116,0.008270403
4117,0.0059378208
4118,0.0024400824
4119,0.0003670854
4120,-8.031813e-05
4121,0.0046470547
4122,0.012449143
4123,0.019616019
4124,0.016081812
4125,0.006478643
4126,-0.00019565641
4127,0.00010839688
4128,0.0030485885
4129,0.0062809787
4130,0.0048486404
4131,0.0031132945
4132,0.001814428
4133,0.0013703908
4134,0.0011837307
4135,0.0009783505
4136,0.000114534305
4137,0.0005234926
4138,0.0012851828
4139,0.006473542
4140,0.009941702
4141,0.008114537
4142,0.003671765
4143,0.00034641434
4144,0.00016950301
4145,0.00037600458
4146,0.000806773
4147,0.0009001179
4148,0.0013811594
4149,0.0030581187
4150,0.005916256
4151,0.0097077945
4152,0.0090778535
4153,0.0035200438
4154,0.000286587
4155,0.002742263
4156,0.010743927
4157,0.014239833
4158,0.009248968
4159,0.0024341734
4160,1.7846993e-05
4161,1.9120034e-05
4162,3.0517964e-05
4163,0.0010221506
4164,0.004377126
4165,0.005554085
4166,0.001572076
4167,0.00013849918
4168,0.011992573
4169,0.03338821
4170,0.04405923
4171,0.031429768
4172,0.012320493
4173,-0.0004964933
4174,0.0034035705
4175,0.022262735
4176,0.03456067
4177,0.02943645
4178,0.01721325
4179,0.0060848137
4180,0.0006862808
4181,-7.2218536e-06
4182,-6.02614e-05
4183,1.3846278e-05
4184,0.00047330587
4185,0.0012974243
4186,0.0029359544
4187,0.0060540806
4188,0.0099679595
4189,0.012720869
4190,0.011744586
4191,0.0059733763
4192,0.00072289264
4193,-0.00016583347
4194,0.0068738437
4195,0.018284049
4196,0.022952251
4197,0.016544286
4198,0.0055971574
4199,-0.00015096829
4200,0.0016339456
4201,0.0054967245
4202,0.005053937
4203,0.0018959584
4204,4.1267274e-05
4205,0.00029585883
4206,0.00026522437
4207,9.266584e-06
4208,0.0010458604
4209,0.0038445522
4210,0.004821884
4211,0.0014788961
4212,-6.753822e-05
4213,0.0039579016
4214,0.0095948875
4215,0.012474646
4216,0.006864288
4217,0.0015567578
4218,-0.0001059912
4219,0.002312351
4220,0.0047953343
4221,0.005056148
4222,0.003930619
4223,0.0023825646
4224,0.0011668144
4225,0.00041697134
4226,2.330359e-05
4227,-3.5914887e-05
4228,0.0005510497
4229,0.002178636
4230,0.0040510595
4231,0.0045648264
4232,0.0031610231
4233,0.0016339158
4234,0.00019786914
4235,-3.4875775e-05
4236,0.00046352975
4237,0.0009907384
4238,0.0012365137
4239,0.0011924612
4240,0.0011181817
4241,0.00094963383
4242,0.0010302953
4243,0.00078184233
4244,0.0005478571
4245,0.0003100736
4246,2.5430723e-05
4247,-3.2014443e-05
4248,0.00050240057
4249,0.002030483
4250,0.004771799
4251,0.0072155325
4252,0.008779995
4253,0.0057772156
4254,0.0014079898
4255,9.301919e-05
4256,0.0059263697
4257,0.015980372
4258,0.021919098
4259,0.01820326
4260,0.007823687
4261,0.00035568618
4262,0.001752808
4263,0.009713299
4264,0.015864385
4265,0.015627282
4266,0.010321848
4267,0.0045658406
4268,0.0009547635
4269,-0.00015823191
4270,0.0006227895
4271,0.0027099235
4272,0.0061830957
4273,0.010092063
4274,0.010743709
4275,0.00851127
4276,0.0033108827
4277,-0.00010822998
4278,0.0019482023
4279,0.0064406586
4280,0.010577919
4281,0.009245625
4282,0.0045012585
4283,0.00051155355
4284,0.0003331928
4285,0.0025238856
4286,0.0038653854
4287,0.0038432307
4288,0.0017850504
4289,0.0001879721
4290,0.00013547964
4291,0.0010885586
4292,0.0017605185
4293,0.0014680119
4294,0.0008352605
4295,5.3651245e-05
4296,5.871163e-05
4297,0.0006205015
4298,0.0010017874
4299,0.00060089136
4300,5.7001587e-05
4301,0.00012942661
4302,0.0005434244
4303,0.00037060003
4304,-5.3987533e-06
4305,0.0012210824
4306,0.0045467266
4307,0.008719638
4308,0.0076624257
4309,0.0026236202
4310,-0.00011457037
4311,0.0066959583
4312,0.022338692
4313,0.030163137
4314,0.025353452
4315,0.009402229
4316,-0.00016127905
4317,0.0014447183
4318,0.009885745
4319,0.018963704
4320,0.013971258
4321,0.008071404
4322,0.00080146035
4323,-1.2699362e-05
4324,0.0011728976
4325,0.0014664939
4326,0.00027716043
4327,0.0002857475
4328,0.0022474155
4329,0.0021069257
4330,0.00017532172
4331,0.0010818681
4332,0.008320744
4333,0.022406673
4334,0.032508597
4335,0.022423053
4336,0.0066829678
4337,0.00017479336
4338,0.007516032
4339,0.030505188
4340,0.062214535
4341,0.07034364
4342,0.048960984
4343,0.016416252
4344,-0.00040467037
4345,0.009488272
4346,0.033683516
4347,0.043860026
4348,0.029942395
4349,0.010872768
4350,3.586046e-05
4351,-0.00022095235
4352,0.008863405
4353,0.015548057
4354,0.014508952
4355,0.00481123
4356,0.0007408438
4357,0.00021024443
4358,0.0013518098
4359,0.0009208413
4360,1.0274663e-05
4361,0.000791383
4362,0.0024334807
4363,0.0016461161
4364,0.00013402669
4365,0.0005423598
4366,0.001048706
4367,0.005531022
4368,0.0068317214
4369,0.0074504376
4370,0.0030601264
4371,5.7878962e-05
4372,0.00086741685
4373,0.0011114746
4374,0.001151761
4375,0.00093815854
4376,9.590649e-05
4377,0.0007631533
4378,0.0024554285
4379,0.0043421867
4380,0.006750256
4381,0.0044873226
4382,0.00092601136
4383,0.004249905
4384,0.0031847972
4385,0.0015268263
4386,0.013359403
4387,0.024517374
4388,0.033600118
4389,0.018255623
4390,0.00039675127
4391,0.007789659
4392,0.00061733346
4393,0.007885588
4394,0.01719719
4395,0.015910892
4396,0.007979179
4397,0.0015803303
4398,0.00047404898
4399,0.0007637703
4400,0.00021743386
4401,0.0013570719
4402,0.0017544206
4403,0.0018191239
4404,0.0019210355
4405,0.0023534023
4406,0.0027450235
4407,0.0018067687
4408,0.0006611637
4409,-3.1110452e-05
4410,0.0003988943
4411,2.9574294e-05
4412,0.0007856089
4413,0.002038673
4414,0.0037006303
4415,0.0052456385
4416,0.005415922
4417,0.002337449
4418,0.0015765269
4419,0.002530658
4420,0.000616853
4421,0.007021327
4422,0.010928512
4423,0.008163144
4424,0.0014460698
4425,0.0010964209
4426,0.00048047653
4427,0.008686972
4428,0.015124142
4429,0.010161558
4430,0.0004736415
4431,0.002917513
4432,0.011922202
4433,0.013957297
4434,0.0045077857
4435,0.002294353
4436,0.015876142
4437,0.06867609
4438,0.09475491
4439,0.09555889
4440,0.033220265
4441,0.006349236
4442,0.0077015525
4443,0.07046854
4444,0.123751834
4445,0.14716229
4446,0.11517441
4447,0.044943552
4448,0.0066369735
4449,0.004808879
4450,0.055849668
4451,0.09918859
4452,0.10301249
4453,0.06907353
4454,0.040944096
4455,0.009658535
4456,0.0009677301
4457,0.003763165
4458,0.016785234
4459,0.025317034
4460,0.023084706
4461,0.0123667
4462,0.00246234
4463,0.00019971203
4464,0.0048496877
4465,0.008395331
4466,0.0044968487
4467,3.7594873e-05
4468,0.0022527762
4469,0.011359929
4470,0.021436946
4471,0.01849932
4472,0.005768464
4473,0.000550081
4474,0.0045477776
4475,0.013329294
4476,0.013561567
4477,0.008182366
4478,0.0031826298
4479,0.00045166968
4480,5.4724096e-06
4481,8.754444e-05
4482,0.0009981332
4483,0.0023320843
4484,0.0010376398
4485,0.00045077348
4486,0.005425846
4487,0.023138287
4488,0.03987491
4489,0.03559532
4490,0.017278872
4491,-0.000110227265
4492,0.0031905062
4493,0.019862799
4494,0.030182842
4495,0.021961039
4496,0.010140605
4497,0.000779509
4498,4.774955e-05
4499,0.0019868196
4500,0.0038490486
4501,0.0034885805
4502,0.0022273439
4503,0.0010362642
4504,0.00028919792
4505,-3.0320268e-06
4506,6.0664584e-05
4507,0.00022399821
4508,0.00018990718
4509,3.435768e-07
4510,0.00038826076
4511,0.0014187896
4512,0.002328244
4513,0.000743654
4514,-2.2024833e-06
4515,0.007169284
4516,0.022862278
4517,0.032722283
4518,0.021695098
4519,0.0037425961
4520,-0.00037774505
4521,0.025743311
4522,0.059311867
4523,0.06431748
4524,0.055469528
4525,0.016734257
4526,0.0006390492
4527,0.029982222
4528,0.06798229
4529,0.093005374
4530,0.05453227
4531,0.015088395
4532,-0.00013850004
4533,0.018749762
4534,0.034655854
4535,0.03515445
4536,0.01285804
4537,0.0005698125
4538,0.0028634374
4539,0.010856984
4540,0.010858657
4541,0.004554364
4542,6.0676037e-05
4543,0.0013447311
4544,0.0059315865
4545,0.00752021
4546,0.006673802
4547,0.0020507686
4548,4.7992813e-05
4549,0.0012683519
4550,0.0041462104
4551,0.0039879205
4552,0.0017139998
4553,5.2569034e-05
4554,0.0005855809
4555,0.002255943
4556,0.0032856124
4557,0.0012981232
4558,-7.211824e-05
4559,0.003984291
4560,0.0123420935
4561,0.018066982
4562,0.011442422
4563,0.00265223
4564,-0.00018051873
4565,0.00769585
4566,0.016829455
4567,0.018958094
4568,0.009879051
4569,0.0020454766
4570,0.00028333446
4571,0.004039347
4572,0.0055701095
4573,0.0024422938
4574,1.6737189e-05
4575,0.0016708089
4576,0.0041005495
4577,0.003919188
4578,0.000846673
4579,-4.6556226e-05
4580,0.004374237
4581,0.008972362
4582,0.00976738
4583,0.005314529
4584,0.0012387298
4585,2.1598695e-05
4586,0.000326036
4587,0.00085422234
4588,0.0007071486
4589,0.00043825086
4590,0.000554395
4591,0.0011384847
4592,0.0030544223
4593,0.005694469
4594,0.00632653
4595,0.0028592765
4596,1.9820727e-05
4597,0.0019584794
4598,0.009555619
4599,0.01475543
4600,0.014498023
4601,0.006298059
4602,-5.5587734e-05
4603,0.0019186895
4604,0.008177341
4605,0.009051521
4606,0.00659733
4607,0.0013205442
4608,0.00015848668
4609,0.0028703874
4610,0.0044275615
4611,0.0024029333
4612,0.00043381713
4613,0.00013902925
4614,0.0011097457
4615,0.001094689
4616,0.00019618234
4617,0.00017164444
4618,0.0012141868
4619,0.0015159101
4620,0.00042224245
4621,6.855311e-05
4622,0.0024087783
4623,0.0061008525
4624,0.0074192737
4625,0.00408526
4626,0.00057363475
4627,0.00017842028
4628,0.0036627203
4629,0.007802941
4630,0.008952839
4631,0.006229118
4632,0.002959392
4633,0.0003329753
4634,9.0306916e-05
4635,0.00020161472
4636,0.00092316396
4637,0.0017672752
4638,0.0029209233
4639,0.0048343055
4640,0.0068745757
4641,0.0081579685
4642,0.006645264
4643,0.0015155792
4644,8.620313e-05
4645,0.00353474
4646,0.013060484
4647,0.02223986
4648,0.019977964
4649,0.008416996
4650,7.516939e-05
4651,0.0025969208
4652,0.012454675
4653,0.01747577
4654,0.011641248
4655,0.0021429327
4656,0.0004759531
4657,0.006869833
4658,0.011053333
4659,0.008036121
4660,0.0006114562
4661,0.0017043987
4662,0.010080477
4663,0.015340522
4664,0.008531185
4665,3.4990997e-05
4666,0.0052203424
4667,0.018756934
4668,0.026749415
4669,0.014667651
4670,0.000102498656
4671,0.0030387999
4672,0.035594575
4673,0.0664924
4674,0.058349382
4675,0.03895451
4676,0.005261794
4677,8.118793e-05
4678,0.030790927
4679,0.06557529
4680,0.07326844
4681,0.05357699
4682,0.02505917
4683,0.0058148447
4684,-0.00020909499
4685,-0.0005877053
4686,0.001664
4687,0.005117551
4688,0.010746635
4689,0.019869262
4690,0.030523302
4691,0.03723989
4692,0.030309645
4693,0.019286377
4694,0.0017167255
4695,0.00022019766
4696,0.0069260052
4697,0.022830931
4698,0.032854937
4699,0.028943792
4700,0.01720383
4701,0.006129186
4702,0.000964028
4703,0.00010699638
4704,0.00017498626
4705,8.752469e-05
4706,0.00020839661
4707,0.00034292554
4708,0.0001611562
4709,0.00019911787
4710,0.0015255387
4711,0.010074972
4712,0.023311453
4713,0.03727939
4714,0.037042726
4715,0.025036484
4716,0.0038915772
4717,0.0014703345
4718,0.013153435
4719,0.044852316
4720,0.06687047
4721,0.0664683
4722,0.043740086
4723,0.016544292
4724,0.00046198338
4725,-0.000115749775
4726,0.00835349
4727,0.01720122
4728,0.020237902
4729,0.018234788
4730,0.01395405
4731,0.006512985
4732,0.0018454276
4733,0.00032819345
4734,0.0006997647
4735,0.003781569
4736,0.007084185
4737,0.008859229
4738,0.007295925
4739,0.0037346173
4740,0.00090112275
4741,3.5430166e-05
4742,6.3869084e-06
4743,0.001287313
4744,0.0037238265
4745,0.007057612
4746,0.009820924
4747,0.010010829
4748,0.0053317347
4749,0.00012203331
4750,7.701467e-05
4751,0.0052933847
4752,0.01706307
4753,0.027304146
4754,0.028943164
4755,0.02028124
4756,0.009233375
4757,-0.0003307027
4758,0.0010234062
4759,0.0052679214
4760,0.022615872
4761,0.04577235
4762,0.059843864
4763,0.065459706
4764,0.034870557
4765,0.0082717985
4766,0.007495884
4767,0.006731578
4768,0.059091303
4769,0.12957408
4770,0.1546532
4771,0.12333986
4772,0.052594986
4773,0.003954933
4774,0.0064617232
4775,0.019482527
4776,0.07109052
4777,0.11081643
4778,0.1017218
4779,0.076744646
4780,0.034168176
4781,0.002768498
4782,0.003081651
4783,0.020363871
4784,0.05634627
4785,0.07702985
4786,0.063295856
4787,0.028258275
4788,0.0023637288
4789,0.00018723562
4790,0.006676385
4791,0.01117846
4792,0.0072790817
4793,0.0013238208
4794,0.00040076155
4795,0.0036093248
4796,0.00298007
4797,0.0006309442
4798,0.0009886367
4799,0.0039794855
4800,0.010702928
4801,0.016381698
4802,0.015693977
4803,0.007788807
4804,0.00030467685
4805,-8.556526e-08
4806,0.007122746
4807,0.013739771
4808,0.013888866
4809,0.010989938
4810,0.004591692
4811,0.0005607995
4812,-3.025e-05
4813,0.001437545
4814,0.0023350776
4815,0.0015623267
4816,0.00028092822
4817,0.00018348372
4818,0.0017813806
4819,0.0030147687
4820,0.0019866726
4821,0.0005283469
4822,0.0019863306
4823,0.0004209974
4824,0.0047899773
4825,0.013528012
4826,0.02177132
4827,0.017077107
4828,0.0054840767
4829,0.0015932358
4830,0.00749687
4831,-0.00086624926
4832,0.020055214
4833,0.042897392
4834,0.059478264
4835,0.054161754
4836,0.033266198
4837,0.008334016
4838,0.0029479153
4839,0.0011612689
4840,0.014061084
4841,0.026969984
4842,0.032942917
4843,0.03198993
4844,0.026007019
4845,0.017306997
4846,0.006371433
4847,0.00028349322
4848,0.0020294646
4849,0.0028711916
4850,0.014087524
4851,0.027832847
4852,0.03336863
4853,0.024875507
4854,0.010872988
4855,0.00041320286
4856,0.00081708515
4857,0.016132936
4858,0.02763728
4859,0.032209165
4860,0.019462183
4861,0.0038697575
4862,0.0013745178
4863,0.004911648
4864,0.016356515
4865,0.022472918
4866,0.01668294
4867,0.010265491
4868,0.0022790267
4869,0.0021645084
4870,0.0009589704
4871,0.00457436
4872,0.015467545
4873,0.02555881
4874,0.037671264
4875,0.036089033
4876,0.019271046
4877,0.0014022547
4878,0.008149546
4879,0.013087927
4880,0.06163796
4881,0.10582359
4882,0.101478584
4883,0.06720007
4884,0.012488614
4885,0.013502979
4886,0.00051417446
4887,0.041259196
4888,0.096509226
4889,0.10702704
4890,0.1058832
4891,0.06093721
4892,0.0033467053
4893,0.0142653845
4894,0.0025597084
4895,0.030942712
4896,0.07337032
4897,0.09730732
4898,0.092535384
4899,0.05478643
4900,0.021021336
4901,0.001644154
4902,0.009425573
4903,0.007198076
4904,0.0035571358
4905,0.02749156
4906,0.05681446
4907,0.08196959
4908,0.096618816
4909,0.072738364
4910,0.045613606
4911,-0.00011611392
4912,0.021023914
4913,-0.00013753446
4914,0.06408939
4915,0.13438013
4916,0.1698727
4917,0.15156738
4918,0.08886807
4919,0.0195881
4920,0.021458589
4921,0.00917244
4922,0.033537928
4923,0.089515716
4924,0.107502654
4925,0.07998571
4926,0.035228908
4927,0.016682718
4928,0.029556159
4929,0.0063728415
4930,0.02207593
4931,0.043988585
4932,0.043923967
4933,0.025300382
4934,0.00673388
4935,0.0016094935
4936,0.0012389001
4937,0.0016595247
4938,0.0030363367
4939,0.001839678
4940,0.0005032817
4941,0.00064976723
4942,0.0017151545
4943,0.00508864
4944,0.007215967
4945,0.009391557
4946,0.0017786967
4947,0.01117345
4948,0.024297984
4949,0.007499036
4950,0.025936458
4951,0.06287663
4952,0.07221336
4953,0.035070956
4954,0.025648005
4955,0.099952266
4956,0.1224395
4957,0.1171783
4958,0.065187104
4959,0.0028711804
4960,0.048051134
4961,0.017158333
4962,0.053992916
4963,0.14185001
4964,0.16914494
4965,0.15327708
4966,0.11079901
4967,0.045438
4968,0.015697561
4969,0.016786173
4970,0.018602496
4971,0.070218675
4972,0.09193158
4973,0.08601843
4974,0.053365733
4975,0.016034275
4976,0.0045327917
4977,0.0007923369
4978,0.01599989
4979,0.028216315
4980,0.02440227
4981,0.011130521
4982,0.00083633995
4983,0.0012352896
4984,0.007030255
4985,0.008321889
4986,0.0018491325
4987,0.0048590223
4988,0.0018760925
4989,0.015079812
4990,0.04077758
4991,0.056666646
4992,0.04539153
4993,0.011398616
4994,0.019617913
4995,0.02202723
4996,0.0077862493
4997,0.06730419
4998,0.112067305
4999,0.10758259
5000,0.05528738
5001,0.015039738
5002,0.032021996
5003,0.018414013
5004,0.027263213
5005,0.080051005
5006,0.10996944
5007,0.09839044
5008,0.050560698
5009,0.010477348
5010,0.0075896294
5011,-0.0001135607
5012,0.013307667
5013,0.021170877
5014,0.01880973
5015,0.012490408
5016,0.0075985617
5017,0.00641424
5018,0.0063740234
5019,0.005425482
5020,0.0056468425
5021,0.001432957
5022,0.007344089
5023,0.004557791
5024,0.022489535
5025,0.07489047
5026,0.10435029
5027,0.08431219
5028,0.014232474
5029,0.02695057
5030,0.036004517
5031,0.028751247
5032,0.14414062
5033,0.2038425
5034,0.22096875
5035,0.13505045
5036,0.02836262
5037,0.041084588
5038,0.0009660204
5039,0.11247234
5040,0.23513557
5041,0.24448188
5042,0.18361872
5043,0.07968629
5044,-0.00032766873
5045,0.024699353
5046,0.01041509
5047,0.07814889
5048,0.12884757
5049,0.1326558
5050,0.09399736
5051,0.037211787
5052,0.0023629968
5053,0.01809384
5054,0.008165627
5055,0.012796474
5056,0.03385111
5057,0.040355798
5058,0.026003283
5059,0.008632789
5060,0.011472631
5061,0.0143349925
5062,0.009561172
5063,0.0038553094
5064,0.016882857
5065,0.02190927
5066,0.013832617
5067,0.0075331726
5068,0.0026391936
5069,0.0047570635
5070,0.002721434
5071,0.0010483457
5072,0.004321786
5073,0.005653934
5074,0.004960524
5075,0.003611427
5076,0.002637402
5077,0.0023145615
5078,0.0023322292
5079,0.002272379
5080,0.0025137896
5081,0.0014639894
5082,0.0007388778
5083,0.0033177824
5084,0.0042603253
5085,0.00069631514
5086,0.007967204
5087,0.021326246
5088,0.029425485
5089,0.028778644
5090,0.00812384
5091,0.009097795
5092,0.02449542
5093,0.009955113
5094,0.02308527
5095,0.061988514
5096,0.068505526
5097,0.045725185
5098,0.0153970225
5099,0.047582462
5100,0.029853582
5101,0.039027642
5102,0.13553382
5103,0.14926797
5104,0.11460828
5105,0.0062528285
5106,0.036563415
5107,0.01850819
5108,0.056199685
5109,0.13706793
5110,0.18148106
5111,0.13480437
5112,0.061723053
5113,0.008085491
5114,0.015804496
5115,0.009620527
5116,0.046912484
5117,0.06895875
5118,0.07015472
5119,0.04757312
5120,0.020686409
5121,0.0019311497
5122,0.0072411867
5123,-0.00011314012
5124,0.009853698
5125,0.01891386
5126,0.021539576
5127,0.018892417
5128,0.010761775
5129,0.0040177647
5130,0.00031002588
5131,0.0014215467
5132,0.0024146375
5133,0.0028202527
5134,0.0030555283
5135,0.0022453803
5136,0.00044236192
5137,0.0019332218
5138,0.006219625
5139,0.01067784
5140,0.011748114
5141,0.012316443
5142,0.0080887815
5143,0.011628061
5144,0.017140456
5145,0.012923622
5146,0.009665538
5147,0.05165347
5148,0.082512245
5149,0.09940903
5150,0.078733
5151,0.032268263
5152,0.0029662885
5153,0.011198769
5154,0.0014513809
5155,0.026829707
5156,0.049627595
5157,0.062725455
5158,0.06540332
5159,0.055674467
5160,0.038745824
5161,0.006390383
5162,0.013951237
5163,0.020407334
5164,-0.0018275626
5165,0.03989351
5166,0.09010892
5167,0.12044448
5168,0.11365793
5169,0.069654174
5170,0.024497287
5171,0.009394625
5172,0.016153218
5173,0.008208251
5174,0.05557673
5175,0.0936637
5176,0.09916519
5177,0.09247936
5178,0.034063786
5179,0.009596159
5180,0.015971733
5181,0.0016726085
5182,0.031065704
5183,0.04516485
5184,0.049186677
5185,0.024932772
5186,0.0053658797
5187,0.0017343119
5188,0.005135243
5189,0.0010315566
5190,0.0055811955
5191,0.014087977
5192,0.021039028
5193,0.021314744
5194,0.01878856
5195,0.009216288
5196,0.00011227511
5197,0.0020277211
5198,0.0029723323
5199,0.012390917
5200,0.016939517
5201,0.017133692
5202,0.010097262
5203,0.0023852303
5204,0.00053520413
5205,0.00029040093
5206,0.0007730644
5207,0.0011478195
5208,0.0005532057
5209,-6.80625e-05
5210,0.00010251248
5211,0.00049877376
5212,0.0036124566
5213,0.010588222
5214,0.018910596
5215,0.02062623
5216,0.010722097
5217,0.0034087389
5218,0.0016108362
5219,0.025883501
5220,0.07111025
5221,0.095848374
5222,0.07623202
5223,0.022189189
5224,0.0041421643
5225,0.0066174427
5226,0.051262997
5227,0.07966131
5228,0.0623253
5229,0.038509164
5230,0.008385965
5231,0.0032764678
5232,0.0006754035
5233,0.0091889985
5234,0.014635305
5235,0.017140651
5236,0.0196518
5237,0.019532492
5238,0.02283423
5239,0.016296964
5240,0.002895507
5241,0.005144324
5242,0.0020663317
5243,0.035178352
5244,0.078465454
5245,0.105129175
5246,0.08641456
5247,0.022095399
5248,0.013950965
5249,0.00013664423
5250,0.04811808
5251,0.10692296
5252,0.13310874
5253,0.095267005
5254,0.034900937
5255,0.009984438
5256,0.003026146
5257,0.035206445
5258,0.08259437
5259,0.08795662
5260,0.06032447
5261,0.017889598
5262,0.00017126057
5263,-0.00021799808
5264,0.0088470215
5265,0.01529014
5266,0.011276473
5267,0.006293877
5268,0.0011040923
5269,2.679378e-05
5270,0.0008036303
5271,0.0009427137
5272,0.00041673647
5273,0.00040718797
5274,4.3415122e-05
5275,0.0021934905
5276,0.0043792157
5277,0.0044403626
5278,0.0018620755
5279,0.00065688207
5280,0.00033295254
5281,0.0055564903
5282,0.013816592
5283,0.012688216
5284,0.006203046
5285,0.00071993435
5286,0.00033916213
5287,0.012707951
5288,0.025794115
5289,0.025754271
5290,0.010662276
5291,0.0007638408
5292,0.00031207813
5293,0.018981447
5294,0.0405971
5295,0.042534824
5296,0.029044919
5297,0.009375434
5298,0.0058755996
5299,0.0014124205
5300,0.027040742
5301,0.05141525
5302,0.049406096
5303,0.031892836
5304,0.00027344804
5305,0.01057843
5306,0.0018876625
5307,0.024327537
5308,0.037196197
5309,0.035021663
5310,0.017352195
5311,0.0006945659
5312,0.0018844629
5313,0.009660377
5314,0.010976678
5315,0.003033753
5316,0.0005974507
5317,0.012725784
5318,0.025138335
5319,0.019977314
5320,0.0011765943
5321,0.0018527852
5322,0.021525014
5323,0.054322
5324,0.05806003
5325,0.04642525
5326,0.007253984
5327,0.006329258
5328,0.0070987265
5329,0.043854494
5330,0.066183895
5331,0.061204314
5332,0.031947557
5333,0.0059600347
5334,0.001765058
5335,0.005545077
5336,0.015667176
5337,0.015674667
5338,0.008115679
5339,0.0019183529
5340,8.112002e-05
5341,0.0010029173
5342,0.0019289817
5343,0.0008617762
5344,0.00011978762
5345,0.0015373973
5346,0.0038207166
5347,0.003070563
5348,-2.1503314e-05
5349,0.0015748068
5350,0.002794309
5351,0.008140296
5352,0.008412902
5353,0.00223663
5354,0.009782765
5355,0.004795261
5356,0.0055709495
5357,0.019024735
5358,0.028324686
5359,0.024087774
5360,0.0080884
5361,0.0011495495
5362,0.0023502854
5363,0.01182981
5364,0.014231131
5365,0.008691336
5366,0.002548416
5367,0.0002512723
5368,2.7558635e-05
5369,1.1793951e-05
5370,6.176761e-05
5371,3.481873e-07
5372,0.00065816334
5373,0.0011762807
5374,0.0036763384
5375,0.0010877153
5376,0.006662362
5377,0.019004509
5378,0.019350803
5379,0.012424521
5380,0.0016279072
5381,0.0126694115
5382,0.003368144
5383,0.01245077
5384,0.028068148
5385,0.03788411
5386,0.032988366
5387,0.01527869
5388,0.001814959
5389,0.0011359924
5390,0.008276751
5391,0.016373126
5392,0.014046755
5393,0.00955502
5394,0.0040291203
5395,0.001718846
5396,0.0018000597
5397,0.0025066999
5398,0.002522818
5399,0.0010553409
5400,0.0005922293
5401,-0.00032694335
5402,0.0007503253
5403,0.0007160509
5404,0.0072958153
5405,0.0032904313
5406,0.00050361257
5407,0.00084702915
5408,0.0047669867
5409,0.0057251793
5410,0.0017470011
5411,0.0006209226
5412,0.0071189157
5413,0.012902687
5414,0.00560222
5415,-0.00014282725
5416,0.007183015
5417,0.02252418
5418,0.029619833
5419,0.03013421
5420,0.011560718
5421,-0.00067370484
5422,0.0087302495
5423,0.025582876
5424,0.047838975
5425,0.052241642
5426,0.030345807
5427,0.0060874242
5428,-0.00033771645
5429,0.0077516506
5430,0.021003384
5431,0.020558199
5432,0.01665992
5433,0.008773852
5434,0.0025204883
5435,0.00017945305
5436,-7.0086375e-05
5437,-7.1237955e-06
5438,8.7090164e-05
5439,0.00029628715
5440,0.0007999039
5441,0.0012418
5442,0.0012223849
5443,0.00061944354
5444,0.00021259557
5445,2.0692902e-05
5446,3.651468e-05
5447,0.00039876753
5448,0.001551239
5449,0.0034846854
5450,0.0047128433
5451,0.0025395006
5452,-4.533944e-05
5453,0.0004577603
5454,0.0048976466
5455,0.0073199337
5456,0.0066902675
5457,0.004509601
5458,0.0022381404
5459,0.00048860203
5460,-2.1976557e-05
5461,-8.8604334e-05
5462,-8.044425e-05
5463,-0.00010830907
5464,0.00018275433
5465,0.002693463
5466,0.007612154
5467,0.012348141
5468,0.012986919
5469,0.009163678
5470,0.006086405
5471,0.00047879532
5472,0.00018754421
5473,0.0054724067
5474,0.019666534
5475,0.03453478
5476,0.02980982
5477,0.015345472
5478,0.0038947242
5479,-0.00053830765
5480,0.0058059194
5481,0.014034303
5482,0.019675368
5483,0.01455533
5484,0.0067234463
5485,0.0013578029
5486,-0.00016304723
5487,-8.388829e-05
5488,-0.00012253063
5489,-0.00010161853
5490,1.21307385e-05
5491,-0.00014128584
5492,0.0019150872
5493,0.0122513035
5494,0.028750595
5495,0.03324974
5496,0.0177366
5497,0.0033881632
5498,0.0013392041
5499,0.015187329
5500,0.028701099
5501,0.022711942
5502,0.011315621
5503,0.0008508746
5504,0.0010017595
5505,0.0037092036
5506,0.0021316037
5507,1.8724426e-05
5508,0.001335283
5509,0.0025925606
5510,0.0012147352
5511,-7.465571e-05
5512,0.0020864557
5513,0.0057910653
5514,0.007365137
5515,0.003954486
5516,0.00055399124
5517,1.3893114e-06
5518,0.000114528535
5519,5.276224e-05
5520,0.001782891
5521,0.0043970617
5522,0.0034121948
5523,-8.853986e-05
5524,0.00365264
5525,0.019239828
5526,0.030697431
5527,0.025160745
5528,0.008927869
5529,-0.00038298842
5530,0.007943015
5531,0.024159288
5532,0.030795569
5533,0.017024612
5534,0.0015441708
5535,0.0038830335
5536,0.018405266
5537,0.021752484
5538,0.012025149
5539,0.0009483305
5540,0.0020450428
5541,0.0101843225
5542,0.013908402
5543,0.009642773
5544,0.0030147275
5545,1.5365826e-05
5546,0.0004200458
5547,0.001311928
5548,0.0012378766
5549,0.0007231344
5550,0.00050766347
5551,0.00048670947
5552,0.00077532587
5553,0.0007414941
5554,0.00017391265
5555,9.739023e-05
5556,0.001198947
5557,0.0019072253
5558,0.00090458343
5559,8.520336e-05
5560,0.0038602718
5561,0.010961386
5562,0.013594102
5563,0.007010109
5564,-0.00010851328
5565,0.005252427
5566,0.023358705
5567,0.033650484
5568,0.03555883
5569,0.015030838
5570,0.0010248051
5571,0.002508148
5572,0.013152706
5573,0.019399911
5574,0.012277948
5575,0.0035446635
5576,0.00026236032
5577,0.00045284737
5578,0.0012391797
5579,0.0007567141
5580,9.7536096e-05
5581,7.556127e-05
5582,0.0005322874
5583,0.00068268966
5584,0.0002886647
5585,1.7277896e-05
5586,2.1989006e-05
5587,-4.167677e-05
5588,0.00017667128
5589,0.00029232574
5590,0.000599656
5591,0.0013570489
5592,0.0019181232
5593,0.0019711698
5594,0.0014087112
5595,0.000316071
5596,0.0005724647
5597,0.00048754347
5598,-8.8876346e-05
5599,0.0013766289
5600,0.0039651687
5601,0.007320145
5602,0.010474114
5603,0.003589445
5604,0.0022413975
5605,0.0019235343
5606,0.0012920632
5607,0.0011518709
5608,0.0073465165
5609,0.012066595
5610,0.013060061
5611,0.006634881
5612,0.00010472248
5613,0.000384821
5614,0.00029869046
5615,0.003768799
5616,0.0036766732
5617,0.0029356347
5618,0.0012206469
5619,-2.628786e-06
5620,1.2718392e-05
5621,8.7086555e-06
5622,-4.3178206e-06
5623,1.5988326e-07
5624,8.4880776e-07
5625,-1.0687141e-05
5626,0.0003963759
5627,0.0008850856
5628,0.0012540027
5629,0.0011007499
5630,-9.537402e-06
5631,0.0011430667
5632,0.005803038
5633,0.00727967
5634,0.004949413
5635,2.3484026e-06
5636,0.0006295616
5637,0.006211751
5638,0.0076327715
5639,0.0022696585
5640,0.000537099
5641,0.00034873653
5642,0.0032418596
5643,0.008714829
5644,0.0053729834
5645,0.00051666045
5646,0.0022162397
5647,0.015536327
5648,0.014926697
5649,0.013783084
5650,0.0014422191
5651,-0.0007177808
5652,0.014555641
5653,0.035553485
5654,0.023449466
5655,0.020200282
5656,0.0025243973
5657,4.860625e-05
5658,0.0034357326
5659,0.0033863236
5660,0.0029427274
5661,0.00070872804
5662,2.8337795e-06
5663,0.0002137695
5664,1.3098175e-05
5665,0.0026388932
5666,0.008937829
5667,0.009177092
5668,0.0046092565
5669,0.00037959137
5670,0.0017320005
5671,0.011986824
5672,0.018423498
5673,0.019006647
5674,0.011795867
5675,0.0030841576
5676,-0.00022525206
5677,0.00012632435
5678,0.00021501792
5679,-8.6561166e-05
5680,-0.00016620266
5681,-0.00013527268
5682,0.001132918
5683,0.0056509343
5684,0.0137122115
5685,0.01659363
5686,0.014429897
5687,0.010408402
5688,0.0012701179
5689,-0.00022365892
5690,0.0037216535
5691,0.007678117
5692,0.0067218016
5693,0.010061288
5694,0.008246356
5695,0.002759736
5696,-0.00022791002
5697,0.0009174429
5698,0.0024541023
5699,0.0034405715
5700,0.002446086
5701,0.0023634885
5702,0.0019115065
5703,0.002840656
5704,0.0035272634
5705,0.0031852396
5706,0.0011283034
5707,-0.00011866712
5708,0.003398856
5709,0.011404004
5710,0.016005103
5711,0.011545412
5712,0.004988312
5713,-0.0002148254
5714,0.0064843665
5715,0.025120402
5716,0.034280412
5717,0.030275341
5718,0.010277752
5719,-0.0004901959
5720,0.0066140024
5721,0.018992916
5722,0.025951102
5723,0.022120418
5724,0.011877847
5725,0.0055156234
5726,0.002165739
5727,0.00124709
5728,0.00015798636
5729,-0.00034650962
5730,0.0007780243
5731,0.0100048445
5732,0.027722117
5733,0.055604354
5734,0.060487736
5735,0.047507662
5736,0.018327761
5737,-0.00053600746
5738,0.0052767643
5739,0.033593886
5740,0.068617955
5741,0.074335694
5742,0.057667404
5743,0.029657833
5744,-0.00046466617
5745,0.0011531932
5746,0.022914354
5747,0.05112203
5748,0.05190842
5749,0.040140204
5750,0.014452373
5751,0.0008266863
5752,-0.00038912648
5753,0.0016867276
5754,0.0025539675
5755,0.0016596357
5756,0.0013969362
5757,0.0008806598
5758,0.000163863
5759,8.91669e-05
5760,0.00057289965
5761,0.00010628748
5762,-0.00013066544
5763,2.0651336e-05
5764,0.0013919108
5765,0.001795657
5766,0.00078259985
5767,0.00079602347
5768,9.12355e-05
5769,1.543006e-06
5770,4.333521e-05
5771,1.33562635e-05
5772,8.795677e-05
5773,0.0006666924
5774,0.0016738392
5775,0.0015964918
5776,0.00055302004
5777,9.3305e-05
5778,0.0002644648
5779,0.0022160863
5780,0.005615181
5781,0.0067363824
5782,0.005509407
5783,0.004018282
5784,0.0017084356
5785,-0.000103781094
5786,3.975093e-05
5787,0.004114208
5788,0.0093197515
5789,0.010410599
5790,0.0060180817
5791,0.0018497839
5792,4.606849e-06
5793,0.00037791228
5794,0.00040024304
5795,1.3542607e-05
5796,0.0015861284
5797,0.0041176737
5798,0.0071026427
5799,0.0026264498
5800,0.00057807646
5801,0.0017719673
5802,0.017638752
5803,0.03933739
5804,0.048931636
5805,0.040544324
5806,0.013837427
5807,-6.115192e-05
5808,0.0003679219
5809,0.012958884
5810,0.037236046
5811,0.049148317
5812,0.04599585
5813,0.030993935
5814,0.013090578
5815,0.00016545493
5816,-0.000119165605
5817,0.0096982755
5818,0.018664997
5819,0.021957342
5820,0.01665436
5821,0.007714362
5822,0.0025875322
5823,3.6551122e-05
5824,8.933223e-05
5825,-2.5073103e-05
5826,9.791271e-05
5827,0.00022199607
5828,0.0002295687
5829,0.00023098206
5830,0.00043699375
5831,0.003628743
5832,0.00921145
5833,0.01248722
5834,0.009865648
5835,0.0026822549
5836,0.00060506404
5837,0.0036776867
5838,0.014520918
5839,0.02256287
5840,0.016895244
5841,0.0056518335
5842,0.0001856434
5843,0.0025963532
5844,0.0119179385
5845,0.017817417
5846,0.015725551
5847,0.00820187
5848,0.0015357841
5849,0.0004220578
5850,0.00027647195
5851,0.0029854118
5852,0.006696282
5853,0.012118901
5854,0.012778332
5855,0.015446824
5856,0.010384316
5857,0.00094066915
5858,0.0004025792
5859,0.009080292
5860,0.033968747
5861,0.05425916
5862,0.05370113
5863,0.03143076
5864,0.005464969
5865,0.00026636594
5866,0.012680419
5867,0.032680202
5868,0.04457814
5869,0.034658212
5870,0.02187228
5871,0.003962935
5872,0.00045224666
5873,0.0045962846
5874,0.012335313
5875,0.017672088
5876,0.015220047
5877,0.007151349
5878,0.0022518495
5879,9.7231336e-05
5880,8.556754e-05
5881,8.082635e-05
5882,0.00025462772
5883,0.0003622922
5884,0.00067361403
5885,0.0015096776
5886,0.0031535253
5887,0.004780072
5888,0.0053812033
5889,0.0041155056
5890,0.0014447416
5891,0.00015917895
5892,-6.184705e-05
5893,0.0016699585
5894,0.0031817404
5895,0.0037451175
5896,0.004182273
5897,0.0046349154
5898,0.0054522553
5899,0.005967126
5900,0.003718809
5901,0.0012820229
5902,0.00013322328
5903,0.0019390656
5904,0.009635436
5905,0.015303076
5906,0.014883643
5907,0.008162946
5908,0.0024590974
5909,0.00030145678
5910,-6.6610664e-06
5911,0.00034730468
5912,0.00043040537
5913,0.00031167726
5914,0.0005985793
5915,0.0016953602
5916,0.004723611
5917,0.0071070404
5918,0.008120132
5919,0.0065217926
5920,0.00091859023
5921,0.0005549454
5922,0.00097274536
5923,0.010153409
5924,0.020115638
5925,0.024487834
5926,0.022113971
5927,0.015071151
5928,0.006496105
5929,0.00017292445
5930,0.0006275564
5931,0.003013235
5932,0.011501226
5933,0.021672007
5934,0.025067449
5935,0.020307299
5936,0.010068176
5937,0.0018236436
5938,0.0009347588
5939,0.00010598084
5940,0.0035669522
5941,0.005874902
5942,0.007494616
5943,0.008092463
5944,0.007816194
5945,0.006158715
5946,0.00231035
5947,0.00078870996
5948,0.004265649
5949,0.0014554897
5950,0.004940788
5951,0.012848463
5952,0.015103213
5953,0.012577691
5954,0.007560729
5955,0.001831649
5956,0.0014086956
5957,0.0057416526
5958,0.013805888
5959,0.019132499
5960,0.01264291
5961,0.0033608587
5962,0.0010185032
5963,0.0007292432
5964,0.0047626724
5965,0.004949519
5966,0.00083197455
5967,0.0012709298
5968,0.0013515133
5969,0.00032316017
5970,0.002713339
5971,0.0038460637
5972,0.003631471
5973,0.00035171717
5974,0.0006667704
5975,6.602903e-05
5976,0.0016766821
5977,0.0030881164
5978,0.0029706268
5979,0.002756468
5980,0.0020715646
5981,0.000528202
5982,0.00019195289
5983,0.00027979852
5984,0.0007802293
5985,0.0048438185
5986,0.011648412
5987,0.016650349
5988,0.018435875
5989,0.010982234
5990,8.0066005e-05
5991,0.0004041721
5992,0.008190771
5993,0.02035957
5994,0.029148733
5995,0.032147165
5996,0.020341512
5997,0.0059688874
5998,0.0007456755
5999,0.0009777832
6000,0.009279326
6001,0.016690139
6002,0.02442931
6003,0.029282296
6004,0.032459702
6005,0.031246727
6006,0.01699397
6007,-0.0003500313
6008,0.0042186566
6009,0.0052147484
6010,0.033829104
6011,0.05620784
6012,0.050390463
6013,0.017459016
6014,0.0004641604
6015,0.0053700884
6016,0.01065971
6017,0.04233475
6018,0.060636796
6019,0.036121584
6020,0.016265653
6021,0.00026058272
6022,0.0026704257
6023,0.0093152765
6024,0.010447109
6025,0.0032653124
6026,0.00027799534
6027,0.0055943667
6028,0.006909604
6029,0.003945348
6030,0.0010458874
6031,0.00198351
6032,0.010351407
6033,0.017285835
6034,0.02494738
6035,0.0058079357
6036,0.004871387
6037,0.0017619065
6038,0.005561737
6039,0.011583718
6040,0.009616037
6041,0.0011728894
6042,0.0020523972
6043,0.00535896
6044,0.002154129
6045,0.0052545886
6046,0.013977204
6047,0.02112716
6048,0.021295313
6049,0.012256986
6050,0.001297214
6051,0.00034119232
6052,0.0012269628
6053,0.0025138254
6054,0.0018361405
6055,0.0009098668
6056,0.00026534597
6057,2.3583241e-05
6058,1.1033624e-05
6059,-1.0013507e-06
6060,0.00028932083
6061,0.00080232427
6062,0.0013827803
6063,0.0018372869
6064,8.487318e-05
6065,0.0002935424
6066,0.00075007655
6067,0.005566564
6068,0.01204473
6069,0.016985027
6070,0.014135069
6071,0.0057816505
6072,0.00044296437
6073,-6.621856e-05
6074,0.004364701
6075,0.01153377
6076,0.012566217
6077,0.008535225
6078,0.0052971034
6079,0.0013907342
6080,3.815345e-06
6081,0.0006591131
6082,0.002091112
6083,0.0032429318
6084,0.0027257074
6085,0.00260909
6086,0.0020187807
6087,0.0012200866
6088,0.00047174963
6089,-4.3631007e-05
6090,0.00024659195
6091,0.002277328
6092,0.005233988
6093,0.005954629
6094,0.005229601
6095,0.0022077104
6096,-6.904463e-05
6097,0.0011364457
6098,0.004220607
6099,0.004923169
6100,0.002919233
6101,0.0009230899
6102,-3.8417056e-09
6103,0.0002561264
6104,0.0011823983
6105,0.0016714635
6106,0.0013783964
6107,0.00049157767
6108,3.8623766e-05
6109,2.350637e-05
6110,0.00020441342
6111,0.00025633056
6112,0.00016612087
6113,1.0395735e-05
6114,5.768159e-05
6115,0.0009936406
6116,0.0020650092
6117,0.0031485301
6118,0.0012727805
6119,0.00014757691
6120,0.0008573779
6121,0.0028168336
6122,0.0023801152
6123,0.0037014578
6124,0.0017424137
6125,-3.0582785e-05
6126,0.0014082921
6127,0.0050269733
6128,0.0047627343
6129,0.0021057152
6130,0.0006467693
6131,2.7526401e-05
6132,7.6995115e-05
6133,0.00068108225
6134,0.0011717613
6135,0.0003233964
6136,-0.00029982187
6137,-0.00018673438
6138,0.0057957657
6139,0.026854495
6140,0.05223142
6141,0.050018713
6142,0.021810928
6143,-0.0004903
6144,0.00831862
6145,0.03164076
6146,0.046230868
6147,0.031590104
6148,0.015964244
6149,0.0048695086
6150,-0.00024287566
6151,0.00038884635
6152,0.0017105652
6153,0.0027230566
6154,0.0042269533
6155,0.0058818595
6156,0.009166289
6157,0.009738052
6158,0.0060280366
6159,0.0022226032
6160,-9.539763e-05
6161,0.0026303767
6162,0.009800008
6163,0.014683715
6164,0.013394346
6165,0.0077138264
6166,0.00215466
6167,-7.051452e-05
6168,0.00056408363
6169,0.0016821594
6170,0.0030562566
6171,0.003402742
6172,0.002065134
6173,0.0006020201
6174,-1.5006974e-05
6175,0.0003675417
6176,0.0009797362
6177,0.000736645
6178,0.0001155134
6179,9.472868e-05
6180,0.00047114532
6181,0.00027753695
6182,3.1759635e-05
6183,0.0014640702
6184,0.003634296
6185,0.0052455296
6186,0.0035907924
6187,8.49818e-05
6188,0.0012940463
6189,0.007202905
6190,0.014816213
6191,0.013154267
6192,0.0065103862
6193,0.0013765242
6194,-0.00016531396
6195,0.0011899663
6196,0.002500324
6197,0.00296948
6198,0.003467073
6199,0.0049622557
6200,0.0077363183
6201,0.009166349
6202,0.0069054128
6203,0.0024552331
6204,-0.00025720848
6205,0.0021916053
6206,0.0119433785
6207,0.01798949
6208,0.020056536
6209,0.0121190185
6210,0.0038991221
6211,-0.0002935539
6212,0.00081741466
6213,0.0055492828
6214,0.012638878
6215,0.016516428
6216,0.01547411
6217,0.010606825
6218,0.0046120165
6219,0.00045364848
6220,4.1528096e-05
6221,0.00344062
6222,0.008371475
6223,0.010937227
6224,0.012005366
6225,0.0077897543
6226,0.004323046
6227,0.0011581392
6228,-0.00016641013
6229,0.00034846517
6230,0.0022794725
6231,0.0051694214
6232,0.00810923
6233,0.009604336
6234,0.009458986
6235,0.006765092
6236,0.002669967
6237,-5.0238858e-05
6238,0.00060653826
6239,0.004660122
6240,0.01130336
6241,0.014938699
6242,0.014151214
6243,0.008908991
6244,0.0024872546
6245,-5.493092e-05
6246,0.0033572256
6247,0.011289717
6248,0.014169928
6249,0.0105629545
6250,0.003925679
6251,-4.278387e-05
6252,0.0040621185
6253,0.0074181356
6254,0.004204533
6255,0.0003667301
6256,0.0024714028
6257,0.012064557
6258,0.0147260735
6259,0.0076763816
6260,1.3427198e-06
6261,0.008869903
6262,0.031522773
6263,0.043234013
6264,0.028643278
6265,0.004448042
6266,0.0017972637
6267,0.023127552
6268,0.042975146
6269,0.038254246
6270,0.014576783
6271,0.00040953857
6272,0.0037660848
6273,0.014204291
6274,0.013940771
6275,0.006172381
6276,0.0006001726
6277,0.00089725334
6278,0.0028475737
6279,0.0022286936
6280,0.00030321663
6281,0.0012190803
6282,0.00877829
6283,0.01683963
6284,0.014068863
6285,0.004008329
6286,-8.1968494e-05
6287,0.012068836
6288,0.033199713
6289,0.04589533
6290,0.035235178
6291,0.01357733
6292,-0.0003073096
6293,0.0064245984
6294,0.027070541
6295,0.03969966
6296,0.032359727
6297,0.01423991
6298,0.0038299565
6299,-0.0001408204
6300,0.0017240145
6301,0.0037725868
6302,0.004237221
6303,0.004369305
6304,0.004017172
6305,0.00349978
6306,0.0027343729
6307,0.0016832555
6308,0.00045695787
6309,-6.389831e-05
6310,0.00090807775
6311,0.002722154
6312,0.0029116182
6313,0.0012558831
6314,6.665427e-05
6315,0.0003657455
6316,0.0009114947
6317,0.000616777
6318,-1.6960446e-05
6319,0.0014842718
6320,0.0050838436
6321,0.009377362
6322,0.0061125183
6323,0.0013506751
6324,0.0006860924
6325,0.010746233
6326,0.0247693
6327,0.024120482
6328,0.019112784
6329,0.0044065653
6330,-0.00027706244
6331,0.0059490795
6332,0.017483698
6333,0.021548904
6334,0.022657406
6335,0.012835514
6336,0.003648492
6337,-0.00017198737
6338,0.0033213506
6339,0.0094632115
6340,0.016886633
6341,0.018489437
6342,0.0105298115
6343,0.00158309
6344,0.00021218308
6345,0.0053438083
6346,0.012017293
6347,0.013698743
6348,0.0070182467
6349,0.00085075205
6350,0.00080426043
6351,0.005033408
6352,0.0058789975
6353,0.0020861682
6354,-2.592219e-07
6355,0.0019422371
6356,0.0028828422
6357,0.0008852117
6358,0.00038151362
6359,0.006603699
6360,0.014996802
6361,0.012884265
6362,0.0039018213
6363,0.00018880347
6364,0.0114733735
6365,0.02568334
6366,0.02540316
6367,0.01079677
6368,0.000179223
6369,0.0036170445
6370,0.013470016
6371,0.01507158
6372,0.006762971
6373,0.00018523712
6374,0.0023065568
6375,0.006450383
6376,0.004101872
6377,0.0004219185
6378,0.0017359032
6379,0.008654506
6380,0.012027541
6381,0.006912547
6382,0.0003801927
6383,0.0020255933
6384,0.012487008
6385,0.01739921
6386,0.014498502
6387,0.0059309322
6388,2.5372152e-05
6389,0.0020703906
6390,0.009304015
6391,0.0139167085
6392,0.012450224
6393,0.0071460726
6394,0.0022145512
6395,2.2488675e-06
6396,-3.0278192e-05
6397,0.000632777
6398,0.0011128047
6399,0.0012349228
6400,0.001539603
6401,0.002056508
6402,0.0026727605
6403,0.0036002852
6404,0.003746931
6405,0.003470793
6406,0.0018042752
6407,-3.370295e-05
6408,-3.9283448e-05
6409,0.001245634
6410,0.004641879
6411,0.008307557
6412,0.012233649
6413,0.012487013
6414,0.009681174
6415,0.0051335646
6416,0.00068944355
6417,0.00010035094
6418,0.0016206756
6419,0.005493096
6420,0.006810461
6421,0.005699853
6422,0.003066948
6423,0.00082542514
6424,9.4977775e-05
6425,0.00010337409
6426,0.0009536979
6427,0.0041173585
6428,0.010200019
6429,0.016605085
6430,0.0066773808
6431,0.0017237249
6432,0.0010886461
6433,0.016767064
6434,0.058776435
6435,0.098719604
6436,0.10451721
6437,0.06665257
6438,0.016376687
6439,0.0032319902
6440,0.0033330047
6441,0.034144923
6442,0.060260773
6443,0.06351224
6444,0.044826616
6445,0.023496397
6446,0.007075623
6447,0.00055111304
6448,0.00065342354
6449,0.000877957
6450,0.0004410993
6451,-0.0003392353
6452,0.0015282214
6453,0.0037920724
6454,0.004319424
6455,0.04073812
6456,0.08594643
6457,0.10799888
6458,0.109468594
6459,0.045334745
6460,0.0057677627
6461,0.0012630322
6462,0.080142185
6463,0.16283649
6464,0.17235531
6465,0.10008934
6466,0.036983315
6467,0.003059587
6468,0.0086182635
6469,0.040097848
6470,0.048237726
6471,0.035828993
6472,0.018238427
6473,0.0032427162
6474,0.00020160835
6475,0.0030063062
6476,0.005416626
6477,0.004753743
6478,0.0025502502
6479,0.0006721678
6480,4.631474e-05
6481,0.000112059686
6482,9.771613e-05
6483,0.00064975565
6484,0.0014546704
6485,0.0020912054
6486,0.0020509395
6487,0.00088945555
6488,-5.711674e-06
6489,0.00028842068
6490,0.0007808045
6491,0.003237864
6492,0.0052810325
6493,0.0053018997
6494,0.002455421
6495,-3.1040116e-05
6496,0.00026292706
6497,0.0024761755
6498,0.006369177
6499,0.008819213
6500,0.0068311254
6501,0.0017446319
6502,0.00055423274
6503,0.0048111835
6504,0.016320739
6505,0.024492249
6506,0.017367294
6507,0.0065692407
6508,0.0009269023
6509,0.0038738828
6510,0.026030008
6511,0.049315553
6512,0.056606166
6513,0.038406152
6514,0.008896731
6515,0.003430128
6516,0.008639137
6517,0.046226267
6518,0.08290245
6519,0.08729037
6520,0.048745647
6521,0.005083744
6522,0.0073407907
6523,0.007044118
6524,0.04541365
6525,0.06757825
6526,0.066479295
6527,0.029593086
6528,0.0011492306
6529,0.003045373
6530,0.0027589095
6531,0.011407789
6532,0.012752627
6533,0.0074359514
6534,0.0021146466
6535,0.00016562387
6536,0.00011052098
6537,0.0017126565
6538,0.0067048725
6539,0.014120762
6540,0.016297868
6541,0.009641131
6542,0.001056935
6543,0.003229773
6544,0.005689945
6545,0.024345325
6546,0.038702067
6547,0.039379317
6548,0.027983893
6549,0.011629149
6550,0.00021423548
6551,0.0027617633
6552,0.00027044333
6553,0.00958863
6554,0.018758357
6555,0.022733957
6556,0.02051877
6557,0.009167186
6558,0.0015644868
6559,-3.0260253e-05
6560,0.00528676
6561,0.009220396
6562,0.005974117
6563,0.00040491033
6564,0.002616922
6565,0.013882804
6566,0.02165605
6567,0.010130726
6568,6.0524617e-05
6569,-0.00061602273
6570,0.029413821
6571,0.06294485
6572,0.082659
6573,0.053867698
6574,0.016889652
6575,0.004982317
6576,0.006455499
6577,0.042232353
6578,0.07009828
6579,0.06259642
6580,0.033771392
6581,0.011498408
6582,0.00057656283
6583,0.0009873367
6584,0.007274244
6585,0.017048476
6586,0.020196024
6587,0.015513342
6588,0.007392796
6589,0.0012885053
6590,2.6480882e-05
6591,0.0011826195
6592,0.0014375637
6593,0.00039752183
6594,0.00012502591
6595,0.0014650632
6596,0.002515734
6597,0.0011336588
6598,0.00078270497
6599,0.0025902216
6600,0.011587297
6601,0.022512583
6602,0.023162613
6603,0.006969003
6604,0.0020209649
6605,0.009800622
6606,0.041065235
6607,0.05503127
6608,0.054227293
6609,0.020921156
6610,0.0015704986
6611,0.004973397
6612,0.035296265
6613,0.05633606
6614,0.05022118
6615,0.02434852
6616,0.00313768
6617,0.00011806993
6618,0.005382112
6619,0.007190197
6620,0.0042234873
6621,0.00018134559
6622,0.00079076167
6623,0.002680067
6624,0.0009121901
6625,8.3997e-06
6626,0.0078103105
6627,0.02544193
6628,0.045384623
6629,0.044961836
6630,0.025511399
6631,0.0022668722
6632,0.0015101077
6633,0.012284013
6634,0.041055944
6635,0.05792301
6636,0.063626446
6637,0.043697856
6638,0.018368548
6639,0.007985244
6640,-0.0007324296
6641,0.0030719554
6642,0.0012153878
6643,0.019418087
6644,0.043645278
6645,0.073151365
6646,0.08478881
6647,0.08997003
6648,0.05890549
6649,0.029444803
6650,-0.000977819
6651,0.0017251403
6652,0.023656683
6653,0.07887448
6654,0.13402145
6655,0.16078563
6656,0.12052185
6657,0.07340085
6658,0.015468699
6659,0.0057223584
6660,0.016411673
6661,0.07903602
6662,0.13096568
6663,0.14242366
6664,0.09205284
6665,0.041439444
6666,0.0028294139
6667,0.0057259854
6668,0.0055438303
6669,0.036405433
6670,0.06968925
6671,0.07508305
6672,0.05648543
6673,0.03756166
6674,0.008252874
6675,0.0020707252
6676,0.012730406
6677,0.040509526
6678,0.05244681
6679,0.040639102
6680,0.0143081965
6681,-5.9832753e-05
6682,0.004054844
6683,0.011485975
6684,0.011584425
6685,0.0034857118
6686,2.023529e-05
6687,0.0019412347
6688,0.002955567
6689,0.0005005065
6690,0.0010578361
6691,0.007237083
6692,0.010255223
6693,0.0063687116
6694,0.0002910902
6695,0.0046436638
6696,0.022780824
6697,0.029715361
6698,0.017147148
6699,0.0015497383
6700,0.002110004
6701,0.009962972
6702,0.03382531
6703,0.043737795
6704,0.040918715
6705,0.021055602
6706,0.0015528462
6707,0.00084546045
6708,0.0052811857
6709,0.0145893125
6710,0.02125504
6711,0.02422971
6712,0.023208965
6713,0.021915685
6714,0.018261343
6715,0.0068572015
6716,-0.00056551874
6717,0.00029208302
6718,0.014192406
6719,0.0458183
6720,0.08211779
6721,0.105771065
6722,0.066441886
6723,0.028175805
6724,0.0025246562
6725,0.010711636
6726,0.07220422
6727,0.14217281
6728,0.1572976
6729,0.110409044
6730,0.03977667
6731,0.00033548567
6732,0.0062040673
6733,0.04477242
6734,0.079068005
6735,0.07667487
6736,0.04240511
6737,0.017553588
6738,0.0010796434
6739,1.3336481e-05
6740,0.0074097
6741,0.013340369
6742,0.013183901
6743,0.0078052864
6744,0.0034458367
6745,0.00030853346
6746,0.00032074982
6747,0.0019019227
6748,0.0023090732
6749,0.0015517374
6750,8.731782e-06
6751,0.00045284565
6752,0.003969216
6753,0.008637021
6754,0.009984387
6755,0.00851198
6756,0.0026352797
6757,0.0009295884
6758,0.0002789424
6759,0.008585287
6760,0.018075023
6761,0.022657612
6762,0.017094132
6763,0.010994307
6764,0.0005484519
6765,0.0035277843
6766,0.0004981269
6767,0.0118493615
6768,0.01954604
6769,0.017216904
6770,0.010531262
6771,0.0041727982
6772,0.0013492744
6773,0.0025101595
6774,0.0020242343
6775,0.00028339084
6776,0.0012957101
6777,0.003652791
6778,0.0051540346
6779,0.0050896355
6780,0.004437486
6781,0.0039692004
6782,0.0010538877
6783,0.0011545349
6784,0.0012987762
6785,-9.376151e-05
6786,0.0011999868
6787,0.001648556
6788,0.0018438388
6789,0.0012819599
6790,0.0009072205
6791,0.0004358711
6792,0.00021641073
6793,0.0009990112
6794,0.0011616665
6795,0.0016332555
6796,0.0003477743
6797,0.0015062598
6798,0.0027616941
6799,0.0033518744
6800,0.0031175623
6801,0.0014971372
6802,5.122199e-05
6803,4.7926573e-05
6804,0.0011566549
6805,0.0019363438
6806,0.0014261538
6807,0.0007964647
6808,0.00011254231
6809,0.00011621493
6810,8.2239814e-05
6811,8.69234e-05
6812,0.0001464022
6813,0.00020111472
6814,0.00019838281
6815,0.0003030147
6816,0.00017254616
6817,0.003247046
6818,0.007983999
6819,0.011480847
6820,0.007320342
6821,4.6531e-05
6822,0.0045379326
6823,-4.4983462e-06
6824,0.018566437
6825,0.03231404
6826,0.041925564
6827,0.011567335
6828,0.00069031835
6829,0.010944921
6830,0.0003358767
6831,0.035639867
6832,0.05639239
6833,0.034860034
6834,0.027249692
6835,0.012182192
6836,0.010067984
6837,0.0023759627
6838,0.027052078
6839,0.03957386
6840,0.023153797
6841,0.014760868
6842,0.003026662
6843,0.0013921435
6844,0.002130707
6845,0.0045299903
6846,0.0027700681
6847,0.0012011495
6848,2.7667902e-06
6849,0.00032555894
6850,0.00060131203
6851,0.0005867299
6852,0.00036754186
6853,0.002024366
6854,0.0022216928
6855,0.00023513494
6856,0.0023166111
6857,0.0037801485
6858,0.0030372913
6859,0.0013498039
6860,0.0011270889
6861,0.005931427
6862,0.011794661
6863,0.012648529
6864,0.013227337
6865,0.007860965
6866,0.00087237905
6867,0.0011761471
6868,0.00430762
6869,0.014917328
6870,0.021792853
6871,0.020631522
6872,0.014063402
6873,0.0044961516
6874,0.000761199
6875,0.00015878366
6876,0.0046811006
6877,0.012712129
6878,0.01954813
6879,0.021766555
6880,0.014052169
6881,0.0052785473
6882,0.0018735015
6883,-0.00016703593
6884,0.010012892
6885,0.024949575
6886,0.031063786
6887,0.023038521
6888,0.0068329773
6889,0.0010004069
6890,0.00015295643
6891,0.005055124
6892,0.007142027
6893,0.005140751
6894,0.0013556988
6895,8.3412e-06
6896,0.00018543484
6897,2.621329e-05
6898,0.0005789778
6899,0.0054291827
6900,0.0126792835
6901,0.014864394
6902,0.0072944057
6903,0.0012906952
6904,0.0020071603
6905,0.024123637
6906,0.05340554
6907,0.060812183
6908,0.032840207
6909,0.006876473
6910,0.003202819
6911,0.017314058
6912,0.055621386
6913,0.07629326
6914,0.052946158
6915,0.018671459
6916,-5.4160424e-05
6917,-0.0003594454
6918,0.021450657
6919,0.042748194
6920,0.047580324
6921,0.034374636
6922,0.014382371
6923,0.0017030395
6924,0.0013079216
6925,0.0027599183
6926,0.012094965
6927,0.020802416
6928,0.021765428
6929,0.020652467
6930,0.011792212
6931,0.002834148
6932,0.0010879855
6933,0.0005115044
6934,0.006467783
6935,0.011983024
6936,0.013586803
6937,0.011524314
6938,0.0074281185
6939,0.0033006347
6940,0.0003189487
6941,0.0003737653
6942,-7.72615e-06
6943,0.0013421576
6944,0.0037548358
6945,0.0057962206
6946,0.0060019908
6947,0.0042749047
6948,0.001581795
6949,1.29824875e-05
6950,0.00021062672
6951,0.0012413851
6952,0.0019315326
6953,0.0015408332
6954,0.0003616556
6955,1.2381126e-05
6956,0.00041787684
6957,0.0010364712
6958,0.001248374
6959,0.0009953461
6960,-4.5845754e-05
6961,0.00060104916
6962,9.596623e-05
6963,0.0016928499
6964,0.005270823
6965,0.009197231
6966,0.012681606
6967,0.00866281
6968,0.00078568264
6969,0.001842638
6970,0.0001292082
6971,0.009011752
6972,0.0232946
6973,0.03031374
6974,0.029396737
6975,0.018432314
6976,0.006279668
6977,0.00026581838
6978,0.0009847434
6979,0.0015919305
6980,0.005919674
6981,0.010400942
6982,0.013872465
6983,0.019134684
6984,0.023690889
6985,0.024336345
6986,0.016652657
6987,0.006466836
6988,0.0017991224
6989,0.0011490184
6990,0.023746751
6991,0.051507976
6992,0.06960503
6993,0.068693236
6994,0.026135715
6995,0.0021161153
6996,0.0002586599
6997,0.01810619
6998,0.042934068
6999,0.04762876
7000,0.031720772
7001,0.011829039
7002,0.0008352473
7003,-8.930249e-05
7004,0.0016718882
7005,0.0017239051
7006,0.00044274598
7007,0.00012599294
7008,-2.5505627e-05
7009,5.9772712e-05
7010,0.0003394064
7011,0.00057054916
7012,0.0038795143
7013,0.009558451
7014,0.013066246
7015,0.012137631
7016,0.0068536242
7017,0.00044273533
7018,0.0006929344
7019,0.0032585536
7020,0.013079644
7021,0.021710576
7022,0.024478149
7023,0.018765053
7024,0.009394323
7025,0.0007665979
7026,0.00074528815
7027,0.0027781539
7028,0.011399234
7029,0.021469124
7030,0.026006678
7031,0.02140967
7032,0.01407307
7033,0.002626338
7034,0.001309382
7035,0.0019285455
7036,0.01125941
7037,0.018195828
7038,0.018241018
7039,0.011652405
7040,0.004558895
7041,0.0006504029
7042,-3.373058e-05
7043,-5.559364e-05
7044,5.6342833e-05
7045,2.1576387e-05
7046,0.00052978913
7047,2.4975365e-05
7048,0.009238813
7049,0.026754396
7050,0.03657053
7051,0.037043434
7052,0.016206045
7053,0.000501379
7054,0.005245822
7055,0.036280453
7056,0.061489146
7057,0.056940835
7058,0.026730303
7059,0.0019319014
7060,0.0004679476
7061,0.0136495475
7062,0.021568792
7063,0.016335022
7064,0.0044188825
7065,0.00032370508
7066,0.0013763614
7067,0.0028135777
7068,0.00034772186
7069,0.0004157057
7070,0.0011349879
7071,0.0012208738
7072,0.0064026015
7073,0.006682057
7074,0.0006546298
7075,0.0054103793
7076,0.004028691
7077,0.0007330039
7078,0.00866132
7079,0.01603381
7080,0.010168765
7081,0.0012118029
7082,0.0035184822
7083,0.0016489311
7084,0.0048080515
7085,0.011395472
7086,0.013264442
7087,0.00413477
7088,0.0028026258
7089,0.004378315
7090,0.001088484
7091,0.0033219722
7092,0.009423572
7093,0.012332999
7094,0.015263153
7095,0.015666336
7096,0.008069013
7097,0.0034573064
7098,0.00027008308
7099,-5.8081234e-05
7100,0.011842362
7101,0.028449947
7102,0.035008717
7103,0.036538873
7104,0.019038957
7105,1.799906e-05
7106,0.0010143765
7107,0.008648724
7108,0.022451846
7109,0.030630404
7110,0.02068441
7111,0.009720242
7112,0.0022535971
7113,0.0007044228
7114,0.0010919892
7115,0.005279858
7116,0.0074375644
7117,0.006426603
7118,0.0052884067
7119,0.0031589514
7120,0.0018047636
7121,0.0009802876
7122,0.00077661144
7123,0.00085481314
7124,0.0007090561
7125,-3.9853476e-06
7126,0.00021377677
7127,0.0024366817
7128,0.011372557
7129,0.019616375
7130,0.021978453
7131,0.013532673
7132,0.0024638188
7133,0.00023347759
7134,0.017355924
7135,0.039635595
7136,0.044840857
7137,0.024460735
7138,0.0044628526
7139,0.0002235233
7140,0.007105022
7141,0.018633073
7142,0.022583844
7143,0.015679082
7144,0.006171629
7145,0.00045374912
7146,0.00031848607
7147,-0.00017856728
7148,0.0019894855
7149,0.004281381
7150,0.003951606
7151,0.0019243741
7152,0.00041597566
7153,0.001348611
7154,0.000798778
7155,0.001512621
7156,0.005482795
7157,0.008069656
7158,0.0052950326
7159,0.0023061074
7160,0.0003317503
7161,-4.596193e-06
7162,0.0001878897
7163,0.0016506428
7164,0.0039541433
7165,0.0027636837
7166,-0.00022823812
7167,0.0010378426
7168,0.010494551
7169,0.024682006
7170,0.027105626
7171,0.012799859
7172,0.0020432917
7173,2.1164815e-05
7174,0.005526893
7175,0.00811271
7176,0.0046709725
7177,0.0007944435
7178,8.001238e-06
7179,4.2100597e-05
7180,0.00012082994
7181,0.00348091
7182,0.010866697
7183,0.01504228
7184,0.0112077305
7185,0.0020567644
7186,-0.00033767536
7187,0.008976734
7188,0.025196422
7189,0.028469488
7190,0.018862737
7191,0.008417395
7192,0.0005974619
7193,2.8513634e-05
7194,0.0060030916
7195,0.014990818
7196,0.015243702
7197,0.0113249095
7198,0.0016307726
7199,0.0011809957
7200,0.001312657
7201,0.0013936302
7202,0.0041262214
7203,0.0050534667
7204,0.0034521252
7205,0.00014294671
7206,0.00042261978
7207,0.0023459785
7208,0.0021205426
7209,0.00010334593
7210,0.004062082
7211,0.010083718
7212,0.011070864
7213,0.013720503
7214,0.0052111694
7215,-0.00014588232
7216,0.0038692025
7217,0.00026199472
7218,0.008653842
7219,0.016067851
7220,0.023008192
7221,0.011231472
7222,0.0072356006
7223,0.0034066278
7224,0.0056116777
7225,-0.00041087673
7226,0.0069708317
7227,0.010291923
7228,0.008102629
7229,0.004714047
7230,0.0014522019
7231,0.0005690093
7232,0.0005719096
7233,0.0025570458
7234,0.002273833
7235,0.0003052788
7236,0.0010302541
7237,0.0052929455
7238,0.009465492
7239,0.0030952957
7240,0.0020762738
7241,0.001032857
7242,0.019508181
7243,0.041767467
7244,0.0598153
7245,0.051388845
7246,0.02144608
7247,0.004183358
7248,0.0012902827
7249,0.030106355
7250,0.080944724
7251,0.11568975
7252,0.10024303
7253,0.06667949
7254,0.012883756
7255,0.006693577
7256,0.0128988605
7257,0.060026966
7258,0.09477765
7259,0.09224615
7260,0.059933692
7261,0.020939874
7262,-0.0003457417
7263,0.002792821
7264,0.0023678783
7265,0.010169282
7266,0.01580542
7267,0.019412521
7268,0.023711206
7269,0.022121685
7270,0.015370522
7271,0.008076522
7272,0.0006959494
7273,0.006158645
7274,0.0012372601
7275,0.014251498
7276,0.036263548
7277,0.059962396
7278,0.06431635
7279,0.05074783
7280,0.020899404
7281,0.0016178899
7282,0.002188614
7283,0.018638434
7284,0.052266024
7285,0.080069296
7286,0.07976776
7287,0.038107652
7288,0.0073059094
7289,0.0022934757
7290,0.012675509
7291,0.033673882
7292,0.03412577
7293,0.017466314
7294,0.0038315693
7295,0.00014081397
7296,0.0030761815
7297,0.0021528879
7298,2.3040757e-06
7299,0.0075782933
7300,0.023756158
7301,0.03215755
7302,0.01677061
7303,0.002664648
7304,0.002291508
7305,0.049864564
7306,0.11846345
7307,0.14456357
7308,0.10061368
7309,0.034542546
7310,0.009455653
7311,0.0068513127
7312,0.080067195
7313,0.13349946
7314,0.11931501
7315,0.07744843
7316,0.026597874
7317,0.004034562
7318,0.0050972286
7319,0.036312535
7320,0.056864116
7321,0.04596408
7322,0.02242434
7323,0.00454609
7324,0.000120766286
7325,0.0014909628
7326,0.0022214262
7327,0.0006070329
7328,0.00012809612
7329,0.0019612345
7330,0.0029318922
7331,0.0021677462
7332,0.00027497238
7333,0.00063643244
7334,0.0021644875
7335,0.0064387955
7336,0.0075981882
7337,0.006040101
7338,0.0033469284
7339,0.00078724395
7340,9.4090006e-05
7341,7.957525e-05
7342,3.6335427e-05
7343,0.00011925322
7344,0.00018824085
7345,0.00029204076
7346,0.00039429223
7347,0.00044723105
7348,0.00032912267
7349,0.00010508455
7350,0.0011623807
7351,0.0026611835
7352,0.004762615
7353,0.0069899578
7354,0.008639049
7355,0.0076596634
7356,0.003371108
7357,0.0030442118
7358,0.0031073815
7359,0.0041114003
7360,0.022386618
7361,0.03653563
7362,0.045726158
7363,0.03185213
7364,0.00939706
7365,0.0041723596
7366,0.0017436852
7367,0.022708928
7368,0.04103901
7369,0.042749908
7370,0.026066551
7371,0.005770081
7372,0.00097111164
7373,0.0077475766
7374,0.021359498
7375,0.024505945
7376,0.01357796
7377,0.00080535596
7378,0.0018178828
7379,0.018000495
7380,0.031119894
7381,0.029563207
7382,0.010274553
7383,0.0026186155
7384,0.0063850605
7385,0.034494173
7386,0.05596869
7387,0.050804246
7388,0.023965979
7389,0.000652816
7390,0.004208574
7391,0.0052768877
7392,0.018941926
7393,0.023586182
7394,0.019097554
7395,0.011601313
7396,0.0065907747
7397,0.0006143794
7398,0.0016142373
7399,0.002667056
7400,0.0036134406
7401,0.0013110894
7402,0.0038972672
7403,0.0125089465
7404,0.019575266
7405,0.019595722
7406,0.014050518
7407,0.005944961
7408,0.00084636454
7409,0.0006898308
7410,0.0011457007
7411,0.0010372773
7412,0.0008567886
7413,0.0020992965
7414,0.004038845
7415,0.0015042955
7416,0.01519143
7417,0.045955416
7418,0.08344902
7419,0.10605824
7420,0.055202316
7421,0.011084076
7422,0.026233738
7423,0.0034573306
7424,0.0899289
7425,0.16947235
7426,0.18077259
7427,0.14447445
7428,0.053879328
7429,-0.0003006369
7430,0.01163099
7431,0.0026810705
7432,0.021764964
7433,0.030733991
7434,0.029916188
7435,0.025674162
7436,0.02195275
7437,0.018659303
7438,0.014333649
7439,0.008591077
7440,0.0023324317
7441,0.0015598191
7442,0.002126154
7443,0.00029998037
7444,0.0012874627
7445,0.0015802383
7446,0.00061759166
7447,0.00010526675
7448,0.0005593226
7449,-0.00010747823
7450,0.0023233886
7451,0.005958595
7452,0.009122742
7453,0.011034746
7454,0.0010726312
7455,0.011549781
7456,0.023688491
7457,0.02225422
7458,0.012681301
7459,0.0090595875
7460,0.040616687
7461,0.057811603
7462,0.060152736
7463,0.025615172
7464,3.0017254e-05
7465,0.021887742
7466,0.005798904
7467,0.033910546
7468,0.078205116
7469,0.07426258
7470,0.0323967
7471,0.0010445289
7472,0.0066245017
7473,0.011937849
7474,0.03797053
7475,0.041888494
7476,0.0213868
7477,0.0011655514
7478,0.0070461356
7479,0.02034429
7480,0.06480942
7481,0.07662096
7482,0.06801858
7483,0.021179244
7484,0.010839735
7485,0.010068066
7486,0.021939903
7487,0.064786345
7488,0.08773766
7489,0.08093853
7490,0.05306112
7491,0.019818714
7492,0.007970413
7493,0.016885864
7494,0.01130358
7495,0.0017699434
7496,0.021048585
7497,0.040116202
7498,0.048096452
7499,0.050400548
7500,0.03599828
7501,0.006092198
7502,0.017674798
7503,0.021165095
7504,-0.0009957361
7505,0.039704096
7506,0.07977479
7507,0.09051421
7508,0.068143494
7509,0.030611377
7510,-2.4705456e-05
7511,0.011040352
7512,0.0038996418
7513,0.0069892593
7514,0.017294958
7515,0.023810659
7516,0.026288603
7517,0.026381142
7518,0.024422405
7519,0.015854437
7520,0.0025928994
7521,0.009863372
7522,0.017351624
7523,0.00029506919
7524,0.04279084
7525,0.09378169
7526,0.12780936
7527,0.08540127
7528,0.037523966
7529,0.021459406
7530,0.031286336
7531,0.019478716
7532,0.10274846
7533,0.16860686
7534,0.17182247
7535,0.11590367
7536,0.037251096
7537,0.015739882
7538,0.017657505
7539,0.019513361
7540,0.06722796
7541,0.08876515
7542,0.06989861
7543,0.038063776
7544,0.008644106
7545,0.007914894
7546,0.0016875421
7547,0.017414134
7548,0.019466555
7549,0.013236024
7550,0.00220551
7551,0.00019819672
7552,0.0068440884
7553,0.006491581
7554,0.008916701
7555,0.016902408
7556,0.010039425
7557,0.024092428
7558,0.08230921
7559,0.12646584
7560,0.106061965
7561,0.03293698
7562,0.03742252
7563,0.03746025
7564,0.038903683
7565,0.16108178
7566,0.22819628
7567,0.17644997
7568,0.10483684
7569,0.017836805
7570,0.04641612
7571,-0.00090070977
7572,0.09660964
7573,0.17774309
7574,0.16977471
7575,0.09664114
7576,0.024671262
7577,0.020633107
7578,0.01484852
7579,0.013792852
7580,0.038718432
7581,0.045571674
7582,0.029057777
7583,0.0060087554
7584,0.00093025016
7585,0.0026341833
7586,0.0072084786
7587,0.005202083
7588,0.0016268024
7589,0.0016325108
7590,0.008692079
7591,0.01351507
7592,0.011549776
7593,0.007582769
7594,0.0288187
7595,0.02269227
7596,-0.00019407342
7597,0.028644195
7598,0.045387693
7599,0.05035833
7600,0.026851675
7601,0.0151641
7602,0.049432486
7603,0.07611251
7604,0.073560715
7605,0.038068235
7606,0.021015363
7607,0.11383825
7608,0.21471256
7609,0.2610434
7610,0.21354912
7611,0.047210842
7612,0.07614053
7613,0.14409989
7614,0.044528436
7615,0.21713738
7616,0.56645334
7617,0.75085664
7618,0.8039172
7619,0.515132
7620,0.09442366
7621,0.23100597
7622,0.18731521
7623,0.15658748
7624,0.6395927
7625,1.0540153
7626,1.1813016
7627,0.6893154
7628,0.28859124
7629,0.12784499
7630,0.22463581
7631,0.006771762
7632,0.48526222
7633,0.93948185
7634,1.1394295
7635,1.0027303
7636,0.61469615
7637,0.1564891
7638,0.1529502
7639,0.14023076
7640,0.10919458
7641,0.48852244
7642,0.76121044
7643,0.8934706
7644,0.72750694
7645,0.30721968
7646,0.02014022
7647,0.14316353
7648,-0.006252236
7649,0.32046255
7650,0.65489835
7651,0.7686949
7652,0.56579584
7653,0.30833605
7654,0.011425681
7655,0.09371473
7656,0.0019695968
7657,0.1848686
7658,0.3396311
7659,0.39139378
7660,0.2669108
7661,0.10109956
7662,0.0069283624
7663,0.05312659
7664,0.027305283
7665,0.022581065
7666,0.068967104
7667,0.09791853
7668,0.10048458
7669,0.059384957
7670,0.025693338
7671,0.013397107
7672,0.023811718
7673,0.011532656
7674,0.02207768
7675,0.06601171
7676,0.092608295
7677,0.080175646
7678,0.042026564
7679,0.005059972
7680,0.0065415944
7681,0.0072712977
7682,0.031418737
7683,0.039955713
7684,0.025057295
7685,0.006639373
7686,0.005695772
7687,0.003108041
7688,0.015909346
7689,0.030990057
7690,0.026323082
7691,0.007297921
7692,0.02156505
7693,0.024291735
7694,0.008909203
7695,0.022964992
7696,0.0543024
7697,0.07238172
7698,0.045921195
7699,0.02278675
7700,0.003932912
7701,0.02167913
7702,0.017864574
7703,-0.00036411814
7704,0.03129406
7705,0.063530095
7706,0.086127
7707,0.088797286
7708,0.06547201
7709,0.025735453
7710,0.0079942
7711,0.018887574
7712,-0.0002721736
7713,0.03690238
7714,0.06376768
7715,0.074645616
7716,0.05242418
7717,0.03137328
7718,0.0070155724
7719,0.005792951
7720,0.0066841617
7721,-0.0002541687
7722,0.00869062
7723,0.017753556
7724,0.02272431
7725,0.022052823
7726,0.014761591
7727,0.007788533
7728,0.00027136115
7729,0.0017543086
7730,0.0013155412
7731,0.00633816
7732,0.008517486
7733,0.0057486175
7734,0.0018040432
7735,0.00017471
7736,0.0011944975
7737,0.0032958484
7738,0.002312199
7739,8.751156e-05
7740,0.0018301682
7741,0.00048854953
7742,0.0029444315
7743,0.00618861
7744,0.0064661955
7745,0.003886349
7746,5.4956934e-05
7747,0.0028517726
7748,0.004555005
7749,0.0048308703
7750,0.004051111
7751,-8.893233e-05
7752,0.0065247193
7753,0.011266579
7754,0.009296299
7755,0.0024636032
7756,0.007308015
7757,0.017002374
7758,0.008583796
7759,0.0136264935
7760,0.038274486
7761,0.05205341
7762,0.042849515
7763,0.012527402
7764,0.0076814815
7765,-0.00056406244
7766,0.03275722
7767,0.063460045
7768,0.06603121
7769,0.032113202
7770,0.0009495887
7771,0.015950082
7772,0.0037693246
7773,0.043820936
7774,0.07105046
7775,0.060484894
7776,0.015536682
7777,0.03397556
7778,0.038191754
7779,0.0011615534
7780,0.047618594
7781,0.07282507
7782,0.07359953
7783,0.045291632
7784,0.0025068019
7785,0.02370162
7786,0.0062039974
7787,0.033617485
7788,0.06761559
7789,0.07879146
7790,0.05523036
7791,0.0204739
7792,0.001427266
7793,0.0045728856
7794,0.021085227
7795,0.026109533
7796,0.0102580255
7797,0.005798853
7798,0.0017048006
7799,0.030614516
7800,0.045225408
7801,0.045937985
7802,0.011176297
7803,0.026854776
7804,0.014636621
7805,0.09082793
7806,0.25000724
7807,0.30366546
7808,0.2921462
7809,0.12184557
7810,0.037017673
7811,0.05299495
7812,0.09460359
7813,0.34309915
7814,0.48836488
7815,0.44628343
7816,0.2966083
7817,0.023304861
7818,0.07223448
7819,0.0039089364
7820,0.16489115
7821,0.2637082
7822,0.29233086
7823,0.16254495
7824,0.019665986
7825,0.03861456
7826,0.028687404
7827,0.033974826
7828,0.09929305
7829,0.11129329
7830,0.09272117
7831,0.055232022
7832,0.0073431586
7833,0.005460175
7834,0.0014582671
7835,0.008478378
7836,0.012797729
7837,0.008974679
7838,0.0032867645
7839,0.00034530644
7840,0.0018552246
7841,0.0016860535
7842,0.0017954669
7843,0.011447472
7844,0.026012383
7845,0.026337624
7846,0.020832155
7847,0.0017382384
7848,0.01864836
7849,0.0052240035
7850,0.040295273
7851,0.10375651
7852,0.14278504
7853,0.13059327
7854,0.072576694
7855,0.00057854
7856,0.033349387
7857,0.014701624
7858,0.051472582
7859,0.1458627
7860,0.20847705
7861,0.20163217
7862,0.12775235
7863,0.03126362
7864,0.029073093
7865,0.009142408
7866,0.05520136
7867,0.12975432
7868,0.16812584
7869,0.14398187
7870,0.08014463
7871,0.01740574
7872,0.014790814
7873,0.004626556
7874,0.025121037
7875,0.058987033
7876,0.0755081
7877,0.06869878
7878,0.045715384
7879,0.017577603
7880,0.0011576846
7881,0.0049527944
7882,0.0042713042
7883,0.020876441
7884,0.033959277
7885,0.03645645
7886,0.028514178
7887,0.014153724
7888,0.00032786487
7889,0.004975633
7890,0.0012540957
7891,0.019605005
7892,0.039981604
7893,0.05192178
7894,0.03213208
7895,5.002416e-05
7896,0.010283666
7897,-0.0007683132
7898,0.03931452
7899,0.08726034
7900,0.100974835
7901,0.060157176
7902,0.017855601
7903,0.011616829
7904,0.0018628645
7905,0.050168246
7906,0.09599479
7907,0.10604253
7908,0.071749054
7909,0.01669349
7910,0.007568158
7911,0.0066539375
7912,0.015384485
7913,0.04199192
7914,0.051462527
7915,0.043657444
7916,0.020665118
7917,0.0053121173
7918,0.0011872144
7919,0.0005185226
7920,0.0050736587
7921,0.006327502
7922,0.003758156
7923,0.0008068386
7924,0.00014034612
7925,0.00011454035
7926,0.0003951455
7927,0.0005503275
7928,0.0016603891
7929,0.007360451
7930,0.011845231
7931,0.009694186
7932,0.0013412501
7933,0.0013278921
7934,0.004131943
7935,0.012205315
7936,0.013905383
7937,0.00541512
7938,0.0012324058
7939,0.0022633758
7940,0.0098806685
7941,0.012837641
7942,0.0040747705
7943,0.0037148856
7944,0.0014832978
7945,0.020749206
7946,0.04965225
7947,0.04644634
7948,0.013524381
7949,0.012578874
7950,0.012637037
7951,0.0026717794
7952,0.03526589
7953,0.053558934
7954,0.042012874
7955,0.008674577
7956,0.0033124182
7957,0.02016642
7958,0.014512306
7959,0.0027621535
7960,0.026961328
7961,0.042682648
7962,0.030690039
7963,0.013849328
7964,0.00071400276
7965,0.00882841
7966,0.0066462755
7967,0.0052157715
7968,0.019832514
7969,0.027126743
7970,0.022643622
7971,0.008535532
7972,0.0022527114
7973,0.0011276362
7974,0.00010846375
7975,0.0044211857
7976,0.007263969
7977,0.006480244
7978,0.00315614
7979,0.00040924802
7980,0.000109220164
7981,0.0012562072
7982,0.0016244643
7983,0.00080245885
7984,0.00032085823
7985,-5.4760003e-05
7986,0.0030538293
7987,0.007569631
7988,0.010344514
7989,0.008421162
7990,0.0028865037
7991,0.0012900572
7992,7.240189e-06
7993,0.0074662566
7994,0.017996455
7995,0.024650883
7996,0.022763716
7997,0.012303109
7998,0.0014688941
7999,0.0036772417
8000,0.0008735966
8001,0.012351851
8002,0.020959068
8003,0.019527087
8004,0.011607031
8005,0.0020172955
8006,0.0077035883
8007,0.00666889
8008,0.0010780956
8009,0.016650043
8010,0.030759253
8011,0.03303262
8012,0.022314185
8013,0.0029067579
8014,0.0062640132
8015,0.0011216257
8016,0.0094361175
8017,0.016802603
8018,0.016630601
8019,0.009847057
8020,0.002091827
8021,3.056952e-05
8022,0.00015804979
8023,2.049891e-05
8024,0.0009845311
8025,0.0036844374
8026,0.002018923
8027,0.00046685847
8028,0.0053319624
8029,0.0033367802
8030,0.026068795
8031,0.052047472
8032,0.057807352
8033,0.025997907
8034,0.003998896
8035,0.007408052
8036,0.010926248
8037,0.042959943
8038,0.06285898
8039,0.053584
8040,0.023282642
8041,0.0005399781
8042,0.0031627005
8043,0.002898721
8044,0.012963177
8045,0.016917337
8046,0.011665313
8047,0.0052355756
8048,0.00078150065
8049,8.550794e-05
8050,0.0001511428
8051,0.00019825531
8052,2.6915955e-05
8053,0.00025294547
8054,0.0009843692
8055,0.002020426
8056,0.0019924298
8057,0.00051515864
8058,0.0026712695
8059,0.006134485
8060,0.006927265
8061,0.002555153
8062,0.0037256274
8063,0.010072296
8064,0.006544318
8065,0.004604849
8066,0.017167095
8067,0.019924007
8068,0.011915445
8069,0.023559814
8070,0.032943368
8071,0.036088075
8072,0.008716402
8073,0.035487216
8074,0.08293006
8075,0.09890029
8076,0.07533462
8077,0.031457637
8078,0.013287118
8079,0.025425836
8080,0.016415173
8081,0.09770957
8082,0.16168694
8083,0.16762953
8084,0.10925265
8085,0.048795536
8086,0.0025655166
8087,0.01494668
8088,0.006995005
8089,0.04477993
8090,0.0687063
8091,0.08064694
8092,0.059388142
8093,0.032111846
8094,0.0020165704
8095,0.008859632
8096,0.009616198
8097,0.043474354
8098,0.065390185
8099,0.062113825
8100,0.027144322
8101,3.592868e-07
8102,0.0072480356
8103,0.0056748954
8104,0.027965732
8105,0.046891566
8106,0.048309173
8107,0.030781135
8108,0.0036937527
8109,0.0073565
8110,0.0068325074
8111,0.010197346
8112,0.040784795
8113,0.068578556
8114,0.06731054
8115,0.04663052
8116,0.021064958
8117,0.008241414
8118,0.013871855
8119,0.008786219
8120,0.052360408
8121,0.091782026
8122,0.11566368
8123,0.10128227
8124,0.045872927
8125,0.0015552107
8126,0.019751098
8127,0.012406446
8128,0.03376731
8129,0.09690101
8130,0.15133315
8131,0.13407847
8132,0.06929769
8133,0.009866066
8134,0.016950285
8135,0.0016817616
8136,0.03408585
8137,0.05687651
8138,0.058066417
8139,0.03015336
8140,0.01048289
8141,0.0013269123
8142,4.4278535e-05
8143,0.0001945432
8144,8.968207e-05
8145,0.0020283253
8146,0.0048820823
8147,0.0005431598
8148,0.003758073
8149,0.015108545
8150,0.010505121
8151,0.010471152
8152,0.049947273
8153,0.09300072
8154,0.09816523
8155,0.06586749
8156,0.011045333
8157,0.020658663
8158,-0.0009794296
8159,0.061976206
8160,0.121575296
8161,0.14524105
8162,0.090928145
8163,0.033535864
8164,0.007572887
8165,0.004486607
8166,0.020484693
8167,0.04743998
8168,0.05270989
8169,0.03930346
8170,0.023849672
8171,0.0016241155
8172,0.006140659
8173,0.006143468
8174,0.0058264923
8175,0.03112156
8176,0.055370353
8177,0.0535891
8178,0.042266738
8179,0.0058732093
8180,0.01039859
8181,0.004757642
8182,0.020546824
8183,0.04945365
8184,0.063860744
8185,0.050570197
8186,0.023545926
8187,0.00284016
8188,0.0143697215
8189,0.022848392
8190,0.017924817
8191,0.004275227
8192,0.019654723
8193,0.05541546
8194,0.09516223
8195,0.11646794
8196,0.097017586
8197,0.05485581
8198,-0.0002697244
8199,0.031479735
8200,0.0194353
8201,0.033991586
8202,0.106666654
8203,0.159497
8204,0.17214468
8205,0.13145663
8206,0.040089604
8207,0.033797372
8208,0.043796424
8209,0.014857272
8210,0.044043716
8211,0.113340616
8212,0.15726648
8213,0.12960167
8214,0.07438744
8215,0.015618118
8216,0.010409193
8217,0.021342864
8218,0.011689693
8219,0.0020671329
8220,0.016946295
8221,0.027536508
8222,0.037085406
8223,0.049521293
8224,0.06169455
8225,0.07162117
8226,0.052303217
8227,0.017674927
8228,0.013738115
8229,0.0363778
8230,0.00460409
8231,0.08449466
8232,0.19562227
8233,0.26561245
8234,0.22218767
8235,0.10926981
8236,0.020603787
8237,0.04044281
8238,0.023597902
8239,0.14431563
8240,0.24051927
8241,0.23001356
8242,0.13264035
8243,0.06182825
8244,0.021275086
8245,0.047921844
8246,0.005183075
8247,0.092662334
8248,0.21237297
8249,0.29332578
8250,0.279331
8251,0.19532001
8252,0.033641543
8253,0.06186541
8254,0.0629872
8255,0.013302339
8256,0.15416737
8257,0.29674277
8258,0.35848606
8259,0.25770447
8260,0.16619992
8261,0.026691996
8262,0.080525726
8263,0.059436038
8264,0.11156839
8265,0.36034563
8266,0.51200265
8267,0.4993602
8268,0.3543299
8269,0.11340765
8270,0.04795647
8271,0.046888366
8272,0.061344154
8273,0.19801043
8274,0.26510748
8275,0.21711409
8276,0.14696312
8277,0.049750056
8278,0.0032436273
8279,0.009763288
8280,0.0034442025
8281,0.0018917383
8282,0.0032312158
8283,0.00021744485
8284,5.6978897e-05
8285,-0.00025243268
8286,0.007987654
8287,0.024581462
8288,0.041082904
8289,0.04144319
8290,0.035867047
8291,0.00046829972
8292,0.04128423
8293,0.048601616
8294,0.006286934
8295,0.0743478
8296,0.16816528
8297,0.22142813
8298,0.16034825
8299,0.07324344
8300,0.0013225614
8301,0.029449398
8302,0.01015441
8303,0.037322216
8304,0.08626241
8305,0.101196006
8306,0.08381692
8307,0.056044932
8308,0.020330586
8309,0.0008454496
8310,0.00503149
8311,0.0006215251
8312,0.0037901385
8313,0.0058219223
8314,0.0048948135
8315,0.0033368368
8316,0.0020763606
8317,0.0016165435
8318,0.0018497967
8319,0.002463384
8320,0.003016743
8321,0.003406821
8322,0.0034597428
8323,0.0029171095
8324,0.0016786759
8325,0.0005371025
8326,0.00054488407
8327,0.0031848561
8328,0.0055059334
8329,0.0051469253
8330,6.0668157e-05
8331,0.013874529
8332,0.03228647
8333,0.045870632
8334,0.044067454
8335,0.025649272
8336,0.0015546558
8337,0.007881091
8338,0.0039105196
8339,0.032191586
8340,0.055878196
8341,0.052525524
8342,0.02964261
8343,0.003234383
8344,0.0016768313
8345,0.010573368
8346,0.027093254
8347,0.02654931
8348,0.012290199
8349,0.001384368
8350,0.0018583654
8351,0.021320576
8352,0.03937775
8353,0.047303423
8354,0.026549498
8355,0.0023330757
8356,0.0150833065
8357,0.0053107124
8358,0.060731042
8359,0.12091171
8360,0.13463515
8361,0.116509914
8362,0.03250685
8363,0.022355227
8364,0.025172263
8365,0.022913385
8366,0.09712615
8367,0.15211822
8368,0.12899342
8369,0.083594084
8370,0.00893922
8371,0.032659207
8372,0.018049067
8373,0.01781014
8374,0.06086776
8375,0.086675875
8376,0.065065
8377,0.03692521
8378,0.012411013
8379,0.0005646436
8380,0.0012785076
8381,0.0030652015
8382,0.004474997
8383,0.0015912793
8384,0.00096809934
8385,0.0018042367
8386,0.002650436
8387,0.0035115376
8388,-1.40295015e-05
8389,0.0146745825
8390,0.03399463
8391,0.047160678
8392,0.047754757
8393,0.020734502
8394,0.0068719927
8395,0.015358698
8396,0.008300986
8397,0.05501191
8398,0.09619864
8399,0.10801366
8400,0.08434718
8401,0.038408585
8402,0.0073965737
8403,0.018481655
8404,0.008066688
8405,0.01564324
8406,0.04184216
8407,0.053071063
8408,0.050433613
8409,0.043658394
8410,0.026855836
8411,0.008671883
8412,0.003980654
8413,0.013268593
8414,0.01646835
8415,0.01249724
8416,0.0013250205
8417,0.029545188
8418,0.05976142
8419,0.080704056
8420,0.08000096
8421,0.048205078
8422,0.021945849
8423,0.002371782
8424,0.020057186
8425,0.018458704
8426,0.0030524754
8427,0.01944736
8428,0.05057111
8429,0.074345514
8430,0.08289932
8431,0.08729292
8432,0.046918496
8433,0.014935846
8434,0.024771914
8435,0.020236375
8436,0.014506721
8437,0.072447374
8438,0.115083046
8439,0.11867658
8440,0.075146325
8441,0.032715775
8442,0.0024716775
8443,0.008862345
8444,0.0014865545
8445,0.00773531
8446,0.013150841
8447,0.013259839
8448,0.010937772
8449,0.009695404
8450,0.011280779
8451,0.014016749
8452,0.015005991
8453,0.013092493
8454,0.00065052253
8455,0.006787928
8456,0.002580802
8457,0.016275145
8458,0.03965001
8459,0.045926478
8460,0.029396916
8461,0.007907815
8462,0.0029486527
8463,0.0039974307
8464,0.016782934
8465,0.020291159
8466,0.0120413145
8467,0.0017848865
8468,0.00102331
8469,0.0031945813
8470,0.0084258625
8471,0.008966787
8472,0.0045900345
8473,0.00142218
8474,0.0009998721
8475,0.0014030689
8476,6.1794562e-06
8477,0.0033320382
8478,0.0077951364
8479,0.012383982
8480,0.015029682
8481,0.0108425105
8482,0.000106249325
8483,0.0048958967
8484,0.0015907418
8485,0.022766473
8486,0.047646906
8487,0.053425837
8488,0.0334482
8489,0.0031072195
8490,0.009792938
8491,0.005678246
8492,0.04355787
8493,0.07390204
8494,0.073876366
8495,0.04374476
8496,0.007111152
8497,0.014152616
8498,0.0048927064
8499,0.022039436
8500,0.05316647
8501,0.06953611
8502,0.06062407
8503,0.032622527
8504,0.005045075
8505,0.0067532402
8506,0.00066411094
8507,0.013946608
8508,0.025005803
8509,0.023796756
8510,0.014240672
8511,0.0045514903
8512,0.0006878156
8513,4.0162085e-05
8514,-4.8399997e-06
8515,0.0012795728
8516,0.005357356
8517,0.009490316
8518,0.007315153
8519,0.0024688495
8520,0.009861888
8521,0.00398033
8522,0.019303378
8523,0.052198987
8524,0.070667885
8525,0.061159436
8526,0.03938496
8527,0.0051783957
8528,0.015824294
8529,0.0088393735
8530,0.013692315
8531,0.044462234
8532,0.06611535
8533,0.075905636
8534,0.06078622
8535,0.018535707
8536,0.010302486
8537,0.024630344
8538,0.013417849
8539,0.018973596
8540,0.063256025
8541,0.10178812
8542,0.100709096
8543,0.07801882
8544,0.02553072
8545,0.023868637
8546,0.016650774
8547,0.034572236
8548,0.09541641
8549,0.119421184
8550,0.10710657
8551,0.03284799
8552,0.03279223
8553,0.03471591
8554,0.027442923
8555,0.113690585
8556,0.16066763
8557,0.15498559
8558,0.042749327
8559,0.050836936
8560,0.05683506
8561,-0.0011183838
8562,0.08076579
8563,0.1530119
8564,0.17984864
8565,0.11444424
8566,0.029287934
8567,0.038183127
8568,0.037438937
8569,0.00072622066
8570,0.05650067
8571,0.07777562
8572,0.05257752
8573,0.013052309
8574,0.03160668
8575,0.03939351
8576,0.026139192
8577,0.00086711976
8578,0.03430952
8579,0.050071288
8580,0.05155048
8581,0.03692547
8582,0.005457715
8583,0.015356242
8584,0.033862077
8585,0.034516238
8586,0.017627144
8587,0.011220442
8588,0.048914194
8589,0.06990524
8590,0.06512823
8591,0.01895537
8592,0.04392492
8593,0.108599626
8594,0.08331779
8595,0.06730334
8596,0.29571283
8597,0.4360951
8598,0.3110293
8599,0.097853564
8600,0.15075286
8601,0.26429018
8602,0.035202563
8603,0.5470056
8604,1.220539
8605,1.4118425
8606,1.1332816
8607,0.50271606
8608,0.13428158
8609,0.41758338
8610,0.05835493
8611,0.6691154
8612,1.3863404
8613,1.8213996
8614,1.3768008
8615,0.6578025
8616,0.020214621
8617,0.3646132
8618,0.22237422
8619,0.2556883
8620,0.87874854
8621,1.2862328
8622,1.3308861
8623,0.9988818
8624,0.47594002
8625,0.0077205487
8626,0.23020232
8627,0.12852123
8628,0.12959771
8629,0.47651783
8630,0.6757826
8631,0.73265165
8632,0.5888252
8633,0.26244113
8634,-0.00096172304
8635,0.113934584
8636,0.05518848
8637,0.104371995
8638,0.27843127
8639,0.3698553
8640,0.3398989
8641,0.22670582
8642,0.09510106
8643,0.0017707887
8644,0.030463492
8645,0.020438047
8646,0.0078561
8647,0.042540845
8648,0.06984962
8649,0.08092161
8650,0.07801796
8651,0.06372135
8652,0.03978418
8653,0.002355874
8654,0.020719644
8655,0.01943239
8656,0.00809758
8657,0.05706152
8658,0.09867732
8659,0.09854757
8660,0.063991435
8661,0.009497309
8662,0.02222452
8663,0.023376558
8664,0.0028675797
8665,0.026810842
8666,0.049464997
8667,0.05036441
8668,0.04220565
8669,0.024374409
8670,0.0066952845
8671,0.0020442493
8672,0.005544485
8673,0.006081227
8674,0.0063138264
8675,0.0054537607
8676,0.0019932154
8677,0.004228326
8678,0.01555412
8679,0.028841464
8680,0.037427645
8681,0.043431375
8682,0.034007058
8683,0.0058272784
8684,0.011675349
8685,0.019793527
8686,0.0021256167
8687,0.035407078
8688,0.0797903
8689,0.096102946
8690,0.09326429
8691,0.038919136
8692,0.0016275325
8693,0.029052705
8694,0.017031524
8695,0.01423045
8696,0.05097056
8697,0.067317665
8698,0.05868016
8699,0.043516528
8700,0.01634556
8701,0.0060776565
8702,0.016634453
8703,0.017387146
8704,0.010135937
8705,0.0019544638
8706,0.021270761
8707,0.04023519
8708,0.05396486
8709,0.051007915
8710,0.03225024
8711,0.008265195
8712,0.006336523
8713,0.00698414
8714,0.004647427
8715,0.01978568
8716,0.026600022
8717,0.022296852
8718,0.012473422
8719,0.004101812
8720,0.00038470136
8721,0.00015483383
8722,0.00017259657
8723,0.0002885803
8724,0.00027619433
8725,0.0008731206
8726,0.0028169306
8727,0.0048875907
8728,0.0032582744
8729,0.004104027
8730,0.015602552
8731,0.022995662
8732,0.017702896
8733,0.0022566097
8734,0.015619622
8735,0.019520765
8736,0.015157358
8737,0.0014072054
8738,0.01515114
8739,0.03209263
8740,0.041341938
8741,0.043144617
8742,0.035074614
8743,0.01595176
8744,0.0027002406
8745,0.014198348
8746,0.012922064
8747,0.0020009335
8748,0.028402293
8749,0.05601901
8750,0.072021
8751,0.062904015
8752,0.037146486
8753,0.0002389283
8754,0.023025263
8755,0.0135821495
8756,0.017646626
8757,0.06279496
8758,0.092086166
8759,0.087247945
8760,0.05311114
8761,0.008863637
8762,0.011110555
8763,0.007097104
8764,0.013657736
8765,0.03294014
8766,0.040626638
8767,0.034350656
8768,0.019536551
8769,0.0037019362
8770,0.0041040797
8771,0.0010509036
8772,0.010151283
8773,0.022322021
8774,0.02620735
8775,0.017520238
8776,0.0018414336
8777,0.006567009
8778,0.008433495
8779,0.04341527
8780,0.07050508
8781,0.059526566
8782,0.01384826
8783,0.020942235
8784,0.013579225
8785,0.046394154
8786,0.12251013
8787,0.14213984
8788,0.10799098
8789,0.024184817
8790,0.036624916
8791,0.0621972
8792,0.0019258838
8793,0.12689063
8794,0.24212183
8795,0.25034916
8796,0.21995586
8797,0.117843755
8798,0.019105365
8799,0.08434
8800,0.049800254
8801,0.06314488
8802,0.21457337
8803,0.3277915
8804,0.3502378
8805,0.26146033
8806,0.1364884
8807,0.014472353
8808,0.09391723
8809,0.039228532
8810,0.0895963
8811,0.26095873
8812,0.37585708
8813,0.32863185
8814,0.22421335
8815,0.03165568
8816,0.06272547
8817,0.05194892
8818,0.036365032
8819,0.17129093
8820,0.26601037
8821,0.3083921
8822,0.2501597
8823,0.12766229
8824,0.0029084827
8825,0.058158435
8826,0.03742958
8827,0.046558846
8828,0.16527861
8829,0.23432921
8830,0.26407024
8831,0.20824389
8832,0.09328602
8833,0.013399453
8834,0.051965058
8835,0.03296671
8836,0.021506837
8837,0.08915281
8838,0.12956493
8839,0.13907567
8840,0.116907276
8841,0.051077027
8842,0.005702018
8843,0.04515732
8844,0.052180335
8845,0.029743936
8846,0.005259921
8847,0.05190462
8848,0.092124
8849,0.103434704
8850,0.06794703
8851,0.03306432
8852,0.010417258
8853,0.052889515
8854,0.06712434
8855,0.03128334
8856,0.0539562
8857,0.14805733
8858,0.18524228
8859,0.17397964
8860,0.10548878
8861,0.01952482
8862,0.069208875
8863,0.04529627
8864,0.048329294
8865,0.16074355
8866,0.2174937
8867,0.17555924
8868,0.03913536
8869,0.054040127
8870,0.090917185
8871,0.026366115
8872,0.11699346
8873,0.2761479
8874,0.34539482
8875,0.2134322
8876,0.07163873
8877,0.0959003
8878,0.08001472
8879,0.080381736
8880,0.2607571
8881,0.34019938
8882,0.18325545
8883,0.04213199
8884,0.09720645
8885,0.115201436
8886,0.0050594807
8887,0.23626335
8888,0.3900235
8889,0.43451944
8890,0.29406235
8891,0.09563575
8892,0.030325182
8893,0.030595519
8894,0.06022827
8895,0.1485957
8896,0.1664737
8897,0.114679225
8898,0.025523787
8899,0.017310174
8900,0.00573059
8901,0.027684625
8902,0.05493588
8903,0.047948968
8904,0.022623627
8905,-8.428688e-05
8906,-8.583453e-05
8907,0.014183078
8908,0.02578874
8909,0.020236883
8910,0.0029086354
8911,0.005234984
8912,-2.6908354e-05
8913,0.014586308
8914,0.026403876
8915,0.027461186
8916,0.013718272
8917,0.0032105497
8918,0.005572998
8919,0.006360178
8920,1.0855845e-05
8921,0.009044619
8922,0.017417183
8923,0.019986682
8924,0.016506582
8925,0.012633186
8926,0.005257561
8927,0.0064017805
8928,0.0109492205
8929,0.0074172253
8930,0.00012136198
8931,0.013025681
8932,0.026213244
8933,0.033944167
8934,0.029106706
8935,0.017638868
8936,0.003941535
8937,0.010736469
8938,0.008062921
8939,0.004378398
8940,0.022283863
8941,0.032955162
8942,0.031331263
8943,0.021311946
8944,0.009668921
8945,0.0017743905
8946,0.00085415575
8947,0.0010601156
8948,0.0003711131
8949,0.00039912885
8950,0.0014192472
8951,0.0022686669
8952,0.002535479
8953,0.0019512185
8954,0.00093625166
8955,0.00022114445
8956,4.8279795e-05
8957,7.466001e-05
8958,0.0002705093
8959,0.0013983888
8960,0.0027547067
8961,0.0024853135
8962,0.0014219172
8963,0.0017206154
8964,0.0028592576
8965,0.0009461533
8966,0.003482018
8967,0.008225324
8968,0.011669708
8969,0.011150745
8970,0.011080445
8971,0.007570665
8972,0.0022043705
8973,0.0009955848
8974,0.005973551
8975,0.0032469004
8976,0.010513313
8977,0.0359798
8978,0.05924384
8979,0.063095264
8980,0.03744382
8981,0.0044971453
8982,0.013332701
8983,0.0033222646
8984,0.053306222
8985,0.10079235
8986,0.11228094
8987,0.080443434
8988,0.026587768
8989,0.013476465
8990,0.011052409
8991,0.020608822
8992,0.06711766
8993,0.09852544
8994,0.09529491
8995,0.066506244
8996,0.015681837
8997,0.012621644
8998,0.01335864
8999,0.007004223
9000,0.046077847
9001,0.07967803
9002,0.08961761
9003,0.0770237
9004,0.027339566
9005,0.010093825
9006,0.013795973
9007,0.007944946
9008,0.040574543
9009,0.066443056
9010,0.06817925
9011,0.048397403
9012,0.008450556
9013,0.012787514
9014,0.007346329
9015,0.0142659005
9016,0.037172597
9017,0.046075366
9018,0.031377003
9019,0.009354778
9020,0.009700842
9021,0.012316119
9022,0.0026521913
9023,0.008561406
9024,0.016900701
9025,0.014208345
9026,0.009229343
9027,0.0024894942
9028,0.00036271458
9029,0.0001873745
9030,0.00048311558
9031,0.00015265087
9032,0.00022458237
9033,0.0015837303
9034,0.0039911787
9035,0.0113324355
9036,0.014841745
9037,0.006668088
9038,0.007804814
9039,0.022051405
9040,0.021546394
9041,0.006927645
9042,0.026720744
9043,0.04956083
9044,0.042040613
9045,0.00838144
9046,0.045311645
9047,0.10507545
9048,0.116736546
9049,0.08019207
9050,0.015728427
9051,0.056319553
9052,0.06315438
9053,0.0018131766
9054,0.13700278
9055,0.25677022
9056,0.29437536
9057,0.1868904
9058,0.06378823
9059,0.019795222
9060,0.001623801
9061,0.07119103
9062,0.129625
9063,0.12630184
9064,0.078265816
9065,0.024464775
9066,0.0021431018
9067,0.0009504532
9068,0.018439068
9069,0.027961357
9070,0.025031183
9071,0.012519192
9072,0.0014822946
9073,0.0034558391
9074,0.0069876057
9075,0.026183615
9076,0.03676737
9077,0.038320865
9078,0.015434522
9079,0.0101316115
9080,0.021201413
9081,0.0036106491
9082,0.046445582
9083,0.10773439
9084,0.13545647
9085,0.102136634
9086,0.05203943
9087,0.013024867
9088,0.03474657
9089,0.008493071
9090,0.05337028
9091,0.12128865
9092,0.15592703
9093,0.14973845
9094,0.09221898
9095,0.02966808
9096,0.008883939
9097,0.021913646
9098,0.011493914
9099,0.0061567654
9100,0.032452233
9101,0.060558338
9102,0.08364063
9103,0.094129
9104,0.07938834
9105,0.04986956
9106,0.007766046
9107,0.018210156
9108,0.010186624
9109,0.029045539
9110,0.079912685
9111,0.10453158
9112,0.08805483
9113,0.04713141
9114,0.011183265
9115,0.0023811802
9116,0.0014155351
9117,0.007849242
9118,0.0072562285
9119,0.0029702194
9120,0.00020977829
9121,0.00058111583
9122,0.0009169645
9123,0.0019513338
9124,-2.6040521e-05
9125,0.009113241
9126,0.025488364
9127,0.03513351
9128,0.029515639
9129,0.009370708
9130,0.003795318
9131,0.002634927
9132,0.030509915
9133,0.08286125
9134,0.1145513
9135,0.09468855
9136,0.03162473
9137,0.0076884087
9138,-7.9278834e-05
9139,0.054510012
9140,0.10771945
9141,0.11404175
9142,0.07361983
9143,0.018947301
9144,0.005576988
9145,0.005917792
9146,0.031954315
9147,0.05105716
9148,0.05169744
9149,0.036358498
9150,0.017469957
9151,0.0025643134
9152,0.002996937
9153,-0.0002519004
9154,0.00938532
9155,0.021237573
9156,0.032227233
9157,0.032774854
9158,0.024016513
9159,0.011150043
9160,0.0009925263
9161,0.0026638727
9162,0.0018331719
9163,0.0016812643
9164,0.009559314
9165,0.020464733
9166,0.030424826
9167,0.04356076
9168,0.04092149
9169,0.030027373
9170,0.0033028654
9171,0.0054474073
9172,0.003752958
9173,0.036278225
9174,0.06908444
9175,0.07051147
9176,0.064615354
9177,0.03345281
9178,0.0073525375
9179,0.0024867326
9180,-0.00039781976
9181,0.008710465
9182,0.017515868
9183,0.024310434
9184,0.02551875
9185,0.023809385
9186,0.020207742
9187,0.01526044
9188,0.009091599
9189,0.002524531
9190,0.0029645148
9191,0.004777589
9192,-0.00091203995
9193,0.0127704665
9194,0.035181563
9195,0.05494517
9196,0.06038854
9197,0.059867896
9198,0.020516329
9199,0.004576778
9200,0.008771018
9201,0.011275248
9202,0.054095875
9203,0.093045615
9204,0.101730324
9205,0.095416084
9206,0.04110283
9207,0.00173106
9208,0.010110661
9209,-0.00014477165
9210,0.04816639
9211,0.10864142
9212,0.14886627
9213,0.16653302
9214,0.11245901
9215,0.031874765
9216,0.017584754
9217,-0.0018347102
9218,0.09377882
9219,0.21275699
9220,0.2764748
9221,0.23634745
9222,0.12019505
9223,0.011567728
9224,0.008780083
9225,0.045916215
9226,0.1183087
9227,0.16351752
9228,0.12514485
9229,0.069967695
9230,0.020244308
9231,-0.00040480972
9232,0.002436156
9233,0.0019887693
9234,0.0026974427
9235,0.0026812346
9236,-0.00097153283
9237,0.013732776
9238,0.04320018
9239,0.08780455
9240,0.1023966
9241,0.074582174
9242,0.031627588
9243,0.005232889
9244,0.003174844
9245,0.053779244
9246,0.09430846
9247,0.102165885
9248,0.068510555
9249,0.027072176
9250,0.0044345655
9251,0.0011135702
9252,0.0003138396
9253,0.0021806692
9254,0.002067376
9255,0.0009334047
9256,-0.00010703213
9257,0.00014340313
9258,-3.3190096e-05
9259,0.0006736013
9260,0.0039800974
9261,0.010314448
9262,0.018391756
9263,0.029448098
9264,0.021421075
9265,0.01250076
9266,0.0058200057
9267,0.0036448748
9268,0.023056785
9269,0.067186825
9270,0.08975183
9271,0.0873839
9272,0.042585175
9273,0.003255804
9274,0.0028027766
9275,0.014597848
9276,0.032494534
9277,0.03165953
9278,0.017263327
9279,0.0048558884
9280,0.00041132097
9281,4.5732978e-07
9282,8.1013975e-05
9283,0.0013753256
9284,0.0038807748
9285,0.0048714005
9286,0.00189324
9287,0.00061197294
9288,0.0014822846
9289,0.009497639
9290,0.015233955
9291,0.016629338
9292,0.010191317
9293,0.0021092421
9294,0.0009331863
9295,0.0019316892
9296,0.009365561
9297,0.014343595
9298,0.011673379
9299,0.0065531996
9300,0.0013867627
9301,0.00039181884
9302,0.0032810494
9303,0.009271459
9304,0.011766929
9305,0.007038248
9306,0.0009999173
9307,0.0004963059
9308,0.0025221314
9309,0.00836677
9310,0.0125326775
9311,0.010212053
9312,0.002475479
9313,0.00088309264
9314,0.0035556147
9315,0.013079515
9316,0.01805667
9317,0.013375287
9318,0.0043075546
9319,0.0011056657
9320,0.0023133478
9321,0.010034796
9322,0.014353583
9323,0.00968185
9324,0.0020410742
9325,5.246584e-05
9326,0.00402286
9327,0.007113788
9328,0.0048074154
9329,0.00089246983
9330,0.00046756113
9331,0.0045604957
9332,0.014557368
9333,0.020311516
9334,0.017060416
9335,0.005997657
9336,0.0031456642
9337,8.256995e-05
9338,0.017856508
9339,0.04562745
9340,0.062185474
9341,0.051298443
9342,0.023669187
9343,0.0006954548
9344,0.004623774
9345,0.020530956
9346,0.060911745
9347,0.07951522
9348,0.07326384
9349,0.04509711
9350,0.007902701
9351,0.0042078984
9352,0.010178282
9353,0.034313772
9354,0.044092305
9355,0.034407895
9356,0.015243437
9357,0.0033974445
9358,0.00037420559
9359,0.0003637426
9360,0.0015765268
9361,0.0013065563
9362,0.0004519952
9363,0.0001023324
9364,0.00021543514
9365,0.0004282526
9366,0.00053653476
9367,0.00026993646
9368,0.0009067046
9369,0.0033005646
9370,0.005768407
9371,0.0070100795
9372,0.0064187483
9373,0.003795738
9374,0.00089643546
9375,0.0014239948
9376,0.0017065819
9377,0.0012428665
9378,0.008753773
9379,0.017780442
9380,0.024241498
9381,0.023367982
9382,0.015297435
9383,0.004576492
9384,0.0015663088
9385,0.00092354737
9386,0.0049285456
9387,0.014083819
9388,0.021309242
9389,0.024281671
9390,0.01979979
9391,0.01791588
9392,0.0091060195
9393,0.0010507306
9394,0.0044617895
9395,0.0017869899
9396,0.007867547
9397,0.02679162
9398,0.045457516
9399,0.05170496
9400,0.041874878
9401,0.020999629
9402,0.0014116412
9403,0.0047214134
9404,0.00063200644
9405,0.014748711
9406,0.02862246
9407,0.030846685
9408,0.026791621
9409,0.018454144
9410,0.008407706
9411,0.0013988129
9412,0.001166831
9413,0.0015499138
9414,0.0010246257
9415,0.00010011703
9416,0.0006629004
9417,0.002752007
9418,0.0058825477
9419,0.010747694
9420,0.014415037
9421,0.014843838
9422,0.011776115
9423,0.0065910066
9424,0.0008469092
9425,0.002234729
9426,0.0018544476
9427,0.011417034
9428,0.018169286
9429,0.022567108
9430,0.019143239
9431,0.010026278
9432,0.0046349685
9433,0.0004378588
9434,0.0011038778
9435,0.0017202527
9436,0.0072405008
9437,0.01299342
9438,0.012719838
9439,0.0111661535
9440,0.0038294836
9441,9.790693e-05
9442,0.0009592869
9443,0.0072521362
9444,0.011584029
9445,0.008795442
9446,0.0048404946
9447,2.6372996e-05
9448,-9.216e-05
9449,0.0031766035
9450,0.0070533114
9451,0.007832711
9452,0.00671124
9453,0.0028291112
9454,1.9365325e-05
9455,0.000833708
9456,0.00046278987
9457,0.0047380566
9458,0.009103811
9459,0.011693584
9460,0.010133688
9461,0.0046631326
9462,0.00013103863
9463,0.00032964104
9464,0.007753446
9465,0.015056104
9466,0.014614593
9467,0.0057248045
9468,3.7037775e-05
9469,0.0015168929
9470,0.0076819537
9471,0.009616533
9472,0.0034440493
9473,0.0002960016
9474,0.0040602074
9475,0.012877716
9476,0.018694256
9477,0.008825481
9478,0.00048079027
9479,0.0035207488
9480,0.01836215
9481,0.02878723
9482,0.025206827
9483,0.0079443855
9484,0.0011173672
9485,0.011661074
9486,0.031455286
9487,0.03485332
9488,0.017945725
9489,0.0015815174
9490,0.00039204746
9491,0.01355209
9492,0.02168018
9493,0.020287456
9494,0.009856212
9495,-0.00014332808
9496,5.963941e-05
9497,0.0045308964
9498,0.007798712
9499,0.0074239993
9500,0.004940413
9501,0.0031463515
9502,0.0020504757
9503,0.002845289
9504,0.0016763577
9505,0.00033626924
9506,0.0013722738
9507,-0.00046199586
9508,0.017199913
9509,0.05001999
9510,0.07285267
9511,0.07138322
9512,0.033128355
9513,0.0013185362
9514,0.0008840627
9515,0.04101641
9516,0.07718794
9517,0.06511734
9518,0.02002093
9519,0.0021162885
9520,0.0084023895
9521,0.003327532
9522,0.015238252
9523,0.020230206
9524,0.012751172
9525,0.0056823576
9526,0.0020354658
9527,0.00020117131
9528,0.0004141773
9529,0.0049214405
9530,0.011588921
9531,0.016418716
9532,0.01104482
9533,0.004220979
9534,0.025656115
9535,0.04682659
9536,0.061156515
9537,0.02057528
9538,0.009696885
9539,0.010218544
9540,0.015359271
9541,0.06394889
9542,0.070692755
9543,0.07491137
9544,0.043645978
9545,0.010524914
9546,0.003150228
9547,0.0042627766
9548,0.023403306
9549,0.037438147
9550,0.041462824
9551,0.030617012
9552,0.01460253
9553,0.0035882508
9554,0.00025734524
9555,-4.4504173e-05
9556,0.0008376166
9557,0.0012276077
9558,0.0010348462
9559,0.0010603465
9560,0.0020908962
9561,0.0046189474
9562,0.0072728884
9563,0.009901057
9564,0.009126202
9565,0.0029567045
9566,0.0011664145
9567,0.0034437948
9568,0.01724287
9569,0.032189213
9570,0.032298047
9571,0.016959136
9572,-0.0002084126
9573,0.001249084
9574,0.022988515
9575,0.047621664
9576,0.057273265
9577,0.038383476
9578,0.008058473
9579,0.0035157618
9580,0.013600847
9581,0.054221205
9582,0.0884724
9583,0.091621146
9584,0.054943718
9585,0.010127272
9586,0.0046577826
9587,0.013864704
9588,0.04992325
9589,0.07489455
9590,0.07908315
9591,0.04093595
9592,0.0075219516
9593,0.00184634
9594,-0.00056065613
9595,0.009564019
9596,0.017386535
9597,0.016963268
9598,0.012441426
9599,0.008637281
9600,0.004398425
9601,0.0022283182
9602,0.0015003616
9603,0.0015194137
9604,0.0013866534
9605,-1.8221748e-05
9606,0.0013959586
9607,0.00137855
9608,0.002669185
9609,0.014433132
9610,0.027886385
9611,0.037448537
9612,0.0299701
9613,0.018336844
9614,-5.097373e-05
9615,-0.0003981869
9616,0.019519594
9617,0.041364875
9618,0.04356499
9619,0.028235067
9620,0.0080865
9621,0.0024120696
9622,0.0022988315
9623,0.022368593
9624,0.041305475
9625,0.04146977
9626,0.021873413
9627,0.002118859
9628,-0.00017810668
9629,0.0122064855
9630,0.025665287
9631,0.022958219
9632,0.009304488
9633,0.0007315612
9634,0.010422694
9635,0.035474736
9636,0.043511055
9637,0.018286394
9638,0.0026525604
9639,0.006234642
9640,0.06250025
9641,0.12499647
9642,0.13426647
9643,0.07588655
9644,0.0022607914
9645,0.0039188433
9646,0.06445816
9647,0.16781582
9648,0.21969706
9649,0.15539883
9650,0.08782007
9651,0.003587068
9652,0.011540714
9653,0.030283263
9654,0.096715204
9655,0.13802992
9656,0.13482341
9657,0.0955571
9658,0.04590357
9659,0.0023252429
9660,0.009314552
9661,0.0004999464
9662,0.018730376
9663,0.042486332
9664,0.060829602
9665,0.060041737
9666,0.040387597
9667,0.010559455
9668,0.0067722364
9669,0.0044837347
9670,0.00922166
9671,0.02674113
9672,0.03861286
9673,0.030491553
9674,0.014134704
9675,0.00026571815
9676,0.0035608653
9677,0.02145426
9678,0.0346758
9679,0.02115289
9680,0.0034637111
9681,0.004544096
9682,0.012607539
9683,0.04818881
9684,0.067076206
9685,0.037328888
9686,0.0026052757
9687,0.017352903
9688,0.009893768
9689,0.05754688
9690,0.07196561
9691,0.06968122
9692,0.017782839
9693,0.0145177
9694,0.009138062
9695,0.07270532
9696,0.09889441
9697,0.06139459
9698,0.016150082
9699,0.010859321
9700,0.01213798
9701,0.056260496
9702,0.07780127
9703,0.058508415
9704,0.015556665
9705,0.002577371
9706,0.014006235
9707,0.033058386
9708,0.034560587
9709,0.01588583
9710,0.0005214293
9711,0.002844523
9712,0.012096923
9713,0.011962273
9714,0.00464439
9715,0.00050649326
9716,0.0022444725
9717,0.012160316
9718,0.020336626
9719,0.019087616
9720,0.010600796
9721,0.00033526032
9722,0.0026834044
9723,0.0027587395
9724,0.018149987
9725,0.03521839
9726,0.04527809
9727,0.040672418
9728,0.025756944
9729,0.0056901574
9730,0.0044349483
9731,0.00015620864
9732,0.023761824
9733,0.051740248
9734,0.06845957
9735,0.06627293
9736,0.04615455
9737,0.018381627
9738,0.000693584
9739,0.0011810452
9740,0.016398452
9741,0.041440673
9742,0.050368123
9743,0.054843348
9744,0.04081486
9745,0.009915159
9746,0.0030664501
9747,-0.00065198896
9748,0.015964683
9749,0.031592865
9750,0.03808139
9751,0.03676142
9752,0.019014938
9753,0.0040148245
9754,0.001961887
9755,0.0025563454
9756,0.01621927
9757,0.025511341
9758,0.02895213
9759,0.016987463
9760,0.0025854479
9761,0.00093014986
9762,0.008813558
9763,0.024051705
9764,0.029963804
9765,0.021528676
9766,0.006596003
9767,0.0015134049
9768,0.00011935178
9769,0.0073755537
9770,0.013804359
9771,0.015164129
9772,0.012830536
9773,0.009049919
9774,0.004793589
9775,0.0009356361
9776,0.001848336
9777,0.0021052
9778,9.055558e-05
9779,0.005939196
9780,0.011423292
9781,0.013281528
9782,0.013369697
9783,0.006196967
9784,0.002083086
9785,0.0006295218
9786,0.0015277122
9787,0.00018851057
9788,0.0017268166
9789,0.0051523806
9790,0.008715055
9791,0.011675796
9792,0.015124639
9793,0.014307728
9794,0.009977971
9795,0.0039142123
9796,0.0012851118
9797,0.0020106346
9798,0.0005586799
9799,0.007512911
9800,0.016993128
9801,0.026069857
9802,0.02471445
9803,0.013781214
9804,0.00069268653
9805,0.0085162595
9806,0.003213505
9807,0.009674819
9808,0.025782684
9809,0.026672943
9810,0.012981361
9811,0.00661675
9812,0.009598955
9813,0.0020661545
9814,0.009022013
9815,0.01598163
9816,0.010384177
9817,0.0063835494
9818,0.001669537
9819,0.0004308977
9820,0.00021531041
9821,-2.007463e-05
9822,0.00032699935
9823,0.0007921002
9824,0.001431563
9825,0.0022995388
9826,0.0011561101
9827,0.0028235423
9828,0.011464937
9829,0.022309763
9830,0.027046677
9831,0.014131716
9832,0.00032641646
9833,0.0024296648
9834,0.015753886
9835,0.04484792
9836,0.061189972
9837,0.037810992
9838,0.0077742753
9839,0.00412559
9840,0.0049807956
9841,0.027207399
9842,0.04518401
9843,0.031532172
9844,0.01697987
9845,7.686991e-05
9846,0.0026045125
9847,0.004288618
9848,0.013696045
9849,0.01761828
9850,0.01551888
9851,0.012873934
9852,0.0068506454
9853,0.003403043
9854,0.0021342179
9855,0.004018445
9856,0.00058413245
9857,0.016849056
9858,0.03889084
9859,0.05103826
9860,0.04340177
9861,0.017480949
9862,6.837008e-05
9863,0.001900227
9864,0.011990095
9865,0.030773964
9866,0.0332668
9867,0.027218044
9868,0.010250486
9869,0.00017032624
9870,0.0012842662
9871,0.0073260893
9872,0.009283258
9873,0.0048561874
9874,0.0003560361
9875,0.0016109382
9876,0.009201542
9877,0.012625158
9878,0.010534898
9879,-0.00018410647
9880,0.0019768705
9881,0.008030215
9882,0.029436106
9883,0.044365715
9884,0.037003346
9885,0.015799848
9886,0.0016381362
9887,0.0020334232
9888,0.014820133
9889,0.038698398
9890,0.04703701
9891,0.036498852
9892,0.018162347
9893,0.004217042
9894,0.00058807916
9895,0.0002668595
9896,0.00039539975
9897,0.00062985014
9898,0.000562356
9899,0.0009634241
9900,0.002481746
9901,0.005570393
9902,0.00894052
9903,0.01157652
9904,0.013190407
9905,0.008913408
9906,0.0025909413
9907,0.0015816287
9908,-8.820204e-05
9909,0.008264259
9910,0.023599572
9911,0.038386557
9912,0.043201726
9913,0.03157934
9914,0.007143637
9915,0.0023429445
9916,0.0075305877
9917,0.036669347
9918,0.06681774
9919,0.052281525
9920,0.029040655
9921,-5.5819983e-05
9922,0.004363429
9923,0.039037053
9924,0.0691248
9925,0.063942105
9926,0.030942732
9927,0.0006070556
9928,0.0020698304
9929,0.030187901
9930,0.056341473
9931,0.058204535
9932,0.03655492
9933,0.009886373
9934,0.0023445487
9935,0.0017692414
9936,0.019566473
9937,0.035358503
9938,0.041245088
9939,0.028633103
9940,0.0139019415
9941,2.1423097e-05
9942,0.0025418643
9943,0.0044630487
9944,0.018088229
9945,0.025639938
9946,0.020378524
9947,0.010227264
9948,0.001162357
9949,0.00026714295
9950,0.0011670172
9951,0.0018824065
9952,0.000910224
9953,1.8313198e-05
9954,0.0001853372
9955,0.00038977317
9956,0.00030504205
9957,0.00015617313
9958,0.001979939
9959,0.0060690143
9960,0.008649002
9961,0.007395765
9962,0.0030514959
9963,0.000453127
9964,-3.4924306e-06
9965,0.004637724
9966,0.008351621
9967,0.009886456
9968,0.0051134317
9969,0.0007131033
9970,0.0018667392
9971,0.0033236223
9972,0.013697397
9973,0.01603877
9974,0.012414775
9975,0.0034420113
9976,0.0031779648
9977,0.0004620718
9978,0.009924764
9979,0.023674674
9980,0.02967221
9981,0.025182003
9982,0.014293886
9983,0.0041573006
9984,0.0009768317
9985,0.0016375126
9986,0.0018421594
9987,0.010582799
9988,0.020365644
9989,0.028121443
9990,0.023015931
9991,0.011753686
9992,6.821909e-05
9993,0.0032622423
9994,0.0021296092
9995,0.010763575
9996,0.017050255
9997,0.016910981
9998,0.010191755
9999,0.0025631902
10000,0.00020171165
10001,0.00069105905
10002,0.0014869024
10003,0.0008954193
10004,8.145538e-05
10005,6.508936e-05
10006,7.5472453e-06
10007,7.52233e-05
10008,0.0001954578
10009,0.00034561288
10010,0.0018689032
10011,0.0036539955
10012,0.004760099
10013,0.004015522
10014,0.0019890664
10015,0.00121215
10016,0.0005072685
10017,0.00092889596
10018,0.00042807113
10019,0.006345746
10020,0.014925584
10021,0.023137381
10022,0.025059834
10023,0.015436761
10024,0.0045753373
10025,0.0013923348
10026,0.004671121
10027,0.019888138
10028,0.03339014
10029,0.025933046
10030,0.016482504
10031,0.0022713372
10032,0.00014204468
10033,0.0055730217
10034,0.010783123
10035,0.008119202
10036,0.003270976
10037,0.00010751418
10038,0.000553944
10039,0.0009923856
10040,0.000137447
10041,0.00032879284
10042,0.0029420843
10043,0.0053843735
10044,0.0046705334
10045,0.0014424291
10046,0.0002674842
10047,-9.12025e-05
10048,0.0008458758
10049,0.0011019232
10050,0.00051328074
10051,-3.5832454e-06
10052,4.2033436e-05
10053,9.1567184e-05
10054,0.0013152314
10055,0.004298565
10056,0.008952633
10057,0.013636031
10058,0.013709989
10059,0.0061436053
10060,0.0005792055
10061,-1.1352531e-05
10062,0.012363563
10063,0.03389981
10064,0.05724603
10065,0.056185897
10066,0.04302338
10067,0.009836692
10068,0.0047225314
10069,0.0022558845
10070,0.027538875
10071,0.044349045
10072,0.050547153
10073,0.030763505
10074,0.008451923
10075,-7.4236304e-05
10076,0.00019325504
10077,0.002773982
10078,0.0024154356
10079,0.00078068126
10080,-7.213032e-05
10081,-4.28217e-05
10082,0.0006681407
10083,0.0033658533
10084,0.006856732
10085,0.0077638994
10086,0.0045517357
10087,0.0007163456
10088,-3.3453394e-05
10089,0.0013982141
10090,0.0015211958
10091,0.00020987821
10092,0.0005436563
10093,0.003284874
10094,0.002958297
10095,0.0003287661
10096,-2.3898858e-05
10097,0.010289756
10098,0.032372653
10099,0.046619326
10100,0.03816508
10101,0.0134764565
10102,0.0018507778
10103,0.0062984955
10104,0.03931498
10105,0.06926031
10106,0.07548465
10107,0.050903574
10108,0.01670917
10109,0.0013774023
10110,0.0047858926
10111,0.030184485
10112,0.056901474
10113,0.06024727
10114,0.05128982
10115,0.02481554
10116,0.0003192681
10117,0.0004420622
10118,0.014271473
10119,0.04073038
10120,0.06091823
10121,0.061491307
10122,0.041041095
10123,0.013993669
10124,0.0006270842
10125,0.0025838276
10126,0.021558437
10127,0.041714624
10128,0.04150871
10129,0.025818886
10130,0.014373046
10131,0.00021584763
10132,0.00071347924
10133,0.0030481112
10134,0.0073252358
10135,0.006299786
10136,0.0024586746
10137,0.00029216724
10138,-7.4907803e-06
10139,0.0012703165
10140,0.007441644
10141,0.018939752
10142,0.024855716
10143,0.027084932
10144,0.0075771343
10145,0.002570642
10146,0.013780098
10147,0.061833546
10148,0.098613665
10149,0.081669174
10150,0.045236122
10151,0.0020528096
10152,0.0038967077
10153,0.015540383
10154,0.050075408
10155,0.07947301
10156,0.06466867
10157,0.03471924
10158,0.016280564
10159,0.000245335
10160,8.460536e-05
10161,0.005627757
10162,0.01367632
10163,0.019394001
10164,0.021941086
10165,0.01788095
10166,0.011575538
10167,0.006825619
10168,0.0039323485
10169,0.00048077994
10170,0.0007556343
10171,0.00028903037
10172,0.0034196908
10173,0.015251805
10174,0.032399178
10175,0.051739927
10176,0.057734333
10177,0.034830138
10178,0.011954596
10179,0.0022193897
10180,0.0049240813
10181,0.041465316
10182,0.08666088
10183,0.096287094
10184,0.07865174
10185,0.04564545
10186,0.018176714
10187,0.00026589283
10188,-0.00024045387
10189,0.018653082
10190,0.054910418
10191,0.09245044
10192,0.1059265
10193,0.11214695
10194,0.073423825
10195,0.026492309
10196,0.00044650096
10197,0.0056903763
10198,0.052338913
10199,0.11335808
10200,0.13785633
10201,0.11729345
10202,0.0657413
10203,0.017206885
10204,0.0011608063
10205,0.0043666777
10206,0.02369825
10207,0.03580885
10208,0.034587592
10209,0.025587218
10210,0.016768739
10211,0.0098830415
10212,0.008470629
10213,0.0061832215
10214,0.0032826392
10215,-0.00046858203
10216,0.00089590653
10217,-0.00015429966
10218,0.01329361
10219,0.037000254
10220,0.046583064
10221,0.0490867
10222,0.03224965
10223,0.008288427
10224,0.00041733787
10225,-0.00034985214
10226,0.004518671
10227,0.0068042567
10228,0.00597721
10229,0.0036248073
10230,0.0026592847
10231,0.0028438866
10232,0.0037987847
10233,0.004762414
10234,0.0031023147
10235,0.0041120844
10236,0.0009712378
10237,0.00020782807
10238,0.001448618
10239,0.0023021374
10240,0.014037799
10241,0.026023643
10242,0.04125579
10243,0.049888548
10244,0.028201286
10245,0.013960595
10246,-0.0004519712
10247,-9.1986614e-05
10248,0.018329877
10249,0.037595656
10250,0.047579244
10251,0.044281512
10252,0.02643172
10253,0.009856742
10254,-0.00015893154
10255,0.0030318014
10256,0.017448595
10257,0.030738512
10258,0.033221047
10259,0.025407946
10260,0.012227548
10261,0.0019772474
10262,-5.740029e-05
10263,0.0037461836
10264,0.008816895
10265,0.008794886
10266,0.0039461995
10267,0.0007829142
10268,1.54642e-05
10269,0.00026011458
10270,4.6326404e-06
10271,0.00065613666
10272,0.0029535284
10273,0.0043237773
10274,0.0018517143
10275,-7.065164e-05
10276,0.006641095
10277,0.017915148
10278,0.02318913
10279,0.013688264
10280,0.0020075673
10281,0.0009620642
10282,0.0112487795
10283,0.018813886
10284,0.014254941
10285,0.003956727
10286,-2.5912312e-05
10287,0.0033006999
10288,0.005701003
10289,0.0028801872
10290,0.00014207991
10291,0.0012260888
10292,0.004455326
10293,0.0045375875
10294,0.0024916122
10295,0.00024576977
10296,0.00018641658
10297,0.0012834986
10298,0.0019373207
10299,0.0019406362
10300,0.0014835492
10301,0.0014229727
10302,0.0014875269
10303,0.0014724075
10304,0.000962238
10305,9.105728e-05
10306,-3.77775e-06
10307,0.0012108411
10308,0.0029600179
10309,0.0042865397
10310,0.003545426
10311,0.001167408
10312,-1.00132365e-05
10313,0.000469276
10314,0.0011665854
10315,0.00075229036
10316,4.5570538e-05
10317,0.00048266086
10318,0.0018760251
10319,0.0029458362
10320,0.0017421981
10321,3.7636113e-05
10322,0.00047127827
10323,0.0034856272
10324,0.0065237824
10325,0.0068992106
10326,0.004294636
10327,0.0013430573
10328,-3.32531e-05
10329,6.901035e-06
10330,0.00054021314
10331,0.000752614
10332,0.00076594856
10333,0.0008884474
10334,0.0013643268
10335,0.0018915058
10336,0.002589745
10337,0.0018992816
10338,0.00046839236
10339,3.943201e-05
10340,0.0010314799
10341,0.0023655158
10342,0.001863363
10343,0.00029542818
10344,0.00038873058
10345,0.0025411688
10346,0.0033900891
10347,0.00080871384
10348,0.00017581231
10349,0.003933904
10350,0.012146398
10351,0.013353916
10352,0.008763788
10353,0.0012388191
10354,-0.000110633555
10355,0.0041883527
10356,0.0073012807
10357,0.006187827
10358,0.0016828373
10359,6.293186e-05
10360,0.0018239506
10361,0.0026644797
10362,0.00057830213
10363,0.00034531605
10364,0.0056621837
10365,0.01273645
10366,0.014304514
10367,0.008240066
10368,0.00064473494
10369,-6.783233e-05
10370,0.006677756
10371,0.017592294
10372,0.024727223
10373,0.022382818
10374,0.014846382
10375,0.0045463257
10376,0.00044395486
10377,0.00092407083
10378,0.008022214
10379,0.01467806
10380,0.018263483
10381,0.012890488
10382,0.0039568455
10383,6.0596023e-05
10384,0.0013211718
10385,0.0044350335
10386,0.004670191
10387,0.0020411555
10388,1.0204663e-05
10389,0.00242264
10390,0.0064544007
10391,0.00597541
10392,0.0015465018
10393,0.00012478729
10394,0.004991471
10395,0.012460822
10396,0.01647285
10397,0.01008322
10398,0.0016742486
10399,4.3240783e-05
10400,0.005404074
10401,0.008220015
10402,0.0064432905
10403,0.0013697552
10404,0.00012895212
10405,0.00196644
10406,0.0019543688
10407,0.00034948371
10408,0.0004011225
10409,0.0036711437
10410,0.0058456315
10411,0.0035245246
10412,0.00011327971
10413,0.0007452521
10414,0.0040295986
10415,0.004353941
10416,0.001180865
10417,0.00030964141
10418,0.0046667615
10419,0.006939021
10420,0.0041353884
10421,0.0011748534
10422,0.0017750184
10423,0.019078286
10424,0.034465656
10425,0.04075677
10426,0.027583424
10427,0.0036197626
10428,0.004805776
10429,0.008078916
10430,0.038290974
10431,0.059470203
10432,0.07291949
10433,0.058155455
10434,0.023834215
10435,0.0022386117
10436,0.00857613
10437,0.0028401054
10438,0.035335395
10439,0.074718505
10440,0.085514285
10441,0.07952805
10442,0.040838845
10443,0.0023628778
10444,0.005182392
10445,0.008674723
10446,0.03512133
10447,0.04567836
10448,0.044644006
10449,0.026159614
10450,0.008342776
10451,0.0003358946
10452,0.0006688619
10453,0.0011015395
10454,0.0024227134
10455,0.0025013024
10456,0.002313292
10457,0.0023901602
10458,0.0032876593
10459,0.0042366944
10460,0.0049883425
10461,0.0038581109
10462,0.0009872795
10463,0.0016293332
10464,0.00062072976
10465,0.006295857
10466,0.017272156
10467,0.023854773
10468,0.019826518
10469,0.007164488
10470,0.0029700547
10471,-0.00019586147
10472,0.01722728
10473,0.034269627
10474,0.043225598
10475,0.029183146
10476,0.0023726805
10477,0.008861002
10478,0.00034277263
10479,0.030568376
10480,0.060465805
10481,0.06757062
10482,0.05416222
10483,0.020609284
10484,0.008374481
10485,0.01626892
10486,0.000496648
10487,0.042927638
10488,0.089293845
10489,0.11458689
10490,0.108212054
10491,0.06463585
10492,0.00529853
10493,0.034675546
10494,0.030804256
10495,0.023117263
10496,0.120338164
10497,0.2061401
10498,0.22350168
10499,0.18846996
10500,0.08484512
10501,0.015770644
10502,0.059840497
10503,0.027028166
10504,0.066119574
10505,0.19592966
10506,0.2823365
10507,0.27208835
10508,0.14313442
10509,0.042298462
10510,0.06528091
10511,0.11936238
10512,0.028043928
10513,0.18644199
10514,0.45397666
10515,0.6068197
10516,0.5576241
10517,0.33418357
10518,0.043734405
10519,0.12709862
10520,0.086384244
10521,0.09783384
10522,0.34178638
10523,0.5417686
10524,0.5447995
10525,0.39518896
10526,0.14253314
10527,0.04846363
10528,0.1065908
10529,0.003225158
10530,0.23104048
10531,0.44959757
10532,0.50083625
10533,0.40570557
10534,0.23938186
10535,0.017802952
10536,0.071211785
10537,0.006421888
10538,0.14252374
10539,0.28107172
10540,0.3134105
10541,0.20632023
10542,0.091998264
10543,0.009091216
10544,0.012058711
10545,0.009663708
10546,0.03203984
10547,0.03242861
10548,0.018510623
10549,0.005923286
10550,0.00059047877
10551,0.00045202955
10552,0.005114444
10553,0.015279614
10554,0.024471445
10555,0.021755723
10556,0.002662653
10557,0.008852856
10558,0.0025101732
10559,0.016385544
10560,0.03402198
10561,0.034969304
10562,0.01746216
10563,0.0018246515
10564,0.0008752965
10565,0.0055806916
10566,0.0037155023
10567,0.0027296937
10568,0.002035431
10569,0.0070985155
10570,0.017855221
10571,0.021837728
10572,0.012289092
10573,0.0054604365
10574,0.013225607
10575,0.0016033151
10576,0.0333105
10577,0.05583164
10578,0.058516808
10579,0.038428172
10580,0.011866332
10581,0.0023093878
10582,0.005718035
10583,0.0010002838
10584,0.0032461172
10585,0.0048443377
10586,0.0038401368
10587,0.0026703342
10588,0.0025034663
10589,0.003914715
10590,0.00731451
10591,0.010656247
10592,0.011956127
10593,0.009769311
10594,0.0027250878
10595,0.012663161
10596,0.01681586
10597,0.010747269
10598,0.0068402984
10599,0.03243434
10600,0.05221306
10601,0.05633982
10602,0.04533736
10603,0.024273476
10604,0.00019992304
10605,0.012939798
10606,0.013761948
10607,0.0064521558
10608,0.004198821
10609,0.017327264
10610,0.028941106
10611,0.035815287
10612,0.03871628
10613,0.03416092
10614,0.016550656
10615,0.0049607363
10616,0.020161673
10617,0.010547837
10618,0.019558573
10619,0.06540266
10620,0.10242868
10621,0.10158855
10622,0.062047996
10623,0.00034379133
10624,0.043194387
10625,0.03013762
10626,0.041059617
10627,0.15588365
10628,0.24180351
10629,0.24164735
10630,0.1480249
10631,-0.00033400324
10632,0.056387007
10633,0.014510865
10634,0.12026237
10635,0.26196042
10636,0.3308566
10637,0.22448243
10638,0.030648012
10639,0.08171229
10640,0.09703812
10641,0.006549562
10642,0.17541078
10643,0.32503858
10644,0.36234656
10645,0.25517967
10646,0.071934044
10647,0.036486704
10648,0.05142938
10649,0.011287791
10650,0.11672881
10651,0.19466168
10652,0.18554308
10653,0.14707935
10654,0.052249018
10655,0.012408176
10656,0.02510519
10657,-0.00038709503
10658,0.049327247
10659,0.09612093
10660,0.11069984
10661,0.08758838
10662,0.041709166
10663,0.0010885427
10664,0.017008878
10665,-0.000688327
10666,0.038043264
10667,0.071317226
10668,0.07917473
10669,0.0565964
10670,0.020226555
10671,0.0056747217
10672,0.008346528
10673,0.007442665
10674,0.02685739
10675,0.035123114
10676,0.025764024
10677,0.011930044
10678,0.0007242913
10679,0.0029244027
10680,0.0044968696
10681,0.012266234
10682,0.010706813
10683,5.4339936e-05
10684,0.0071550366
10685,0.006733332
10686,0.006409174
10687,0.029213095
10688,0.049305256
10689,0.03812912
10690,0.0012061187
10691,0.032549627
10692,0.041538298
10693,0.018221283
10694,0.041212317
10695,0.1297233
10696,0.20063022
10697,0.22535469
10698,0.16682293
10699,0.04087064
10700,0.085155755
10701,0.14617062
10702,0.035091795
10703,0.19717121
10704,0.49894547
10705,0.68179256
10706,0.6344244
10707,0.27443722
10708,0.0065675583
10709,0.20786393
10710,0.080320925
10711,0.21983388
10712,0.56174684
10713,0.7322509
10714,0.6525615
10715,0.3563138
10716,0.03980273
10717,0.07374099
10718,0.07164614
10719,0.04220339
10720,0.19351216
10721,0.2791948
10722,0.2707319
10723,0.19823031
10724,0.10490398
10725,0.036085814
10726,0.009322328
10727,0.02134513
10728,0.024259502
10729,0.014811445
10730,-0.0001637626
10731,0.029539196
10732,0.06876811
10733,0.10551001
10734,0.121221475
10735,0.0794959
10736,0.0073758843
10737,0.02633508
10738,0.029313663
10739,0.014041059
10740,0.084672324
10741,0.14002915
10742,0.14236164
10743,0.0913578
10744,0.024551261
10745,0.017593315
10746,0.014255271
10747,0.029014073
10748,0.09041639
10749,0.1258819
10750,0.123537794
10751,0.04579295
10752,0.012419099
10753,0.045719564
10754,-0.00047800993
10755,0.124621354
10756,0.2471043
10757,0.2900775
10758,0.19902578
10759,0.037711542
10760,0.08943713
10761,0.057143126
10762,0.09452654
10763,0.29880452
10764,0.4201789
10765,0.3693058
10766,0.15610129
10767,0.011300709
10768,0.074205816
10769,0.021812756
10770,0.109074436
10771,0.21564297
10772,0.2124477
10773,0.11132195
10774,0.00735518
10775,0.051360413
10776,0.061380893
10777,0.01054049
10778,0.041772295
10779,0.07952745
10780,0.0808773
10781,0.0650709
10782,0.041116204
10783,0.020227676
10784,0.007358213
10785,0.00015865806
10786,0.0022089633
10787,0.003603359
10788,0.0047620665
10789,0.0066001443
10790,0.008186807
10791,0.0069856914
10792,-0.00014138393
10793,0.012930509
10794,0.032551393
10795,0.04571829
10796,0.04589373
10797,0.016847132
10798,0.0046606665
10799,0.021951953
10800,0.009057971
10801,0.027640333
10802,0.06847006
10803,0.08292081
10804,0.057984546
10805,0.009909623
10806,0.02006238
10807,0.016452232
10808,0.01284711
10809,0.043936122
10810,0.05773079
10811,0.018760629
10812,0.02042494
10813,0.032124594
10814,0.007325311
10815,0.055289593
10816,0.12724757
10817,0.15821205
10818,0.09509362
10819,0.015204215
10820,0.04085517
10821,0.018218353
10822,0.1536286
10823,0.23766138
10824,0.24394259
10825,0.14069326
10826,0.00026382634
10827,0.051678345
10828,0.0019773971
10829,0.13970175
10830,0.25876004
10831,0.28220862
10832,0.19395815
10833,0.05733315
10834,0.028578395
10835,0.040553562
10836,0.020614656
10837,0.11479814
10838,0.1777035
10839,0.17845505
10840,0.12152545
10841,0.037561916
10842,0.01088185
10843,0.017137269
10844,7.1478426e-05
10845,0.021672757
10846,0.035218768
10847,0.03296666
10848,0.021448355
10849,0.011284227
10850,0.004796321
10851,0.0021540448
10852,0.002209811
10853,0.005029258
10854,0.0087487055
10855,0.014585957
10856,0.0083938325
10857,0.0026119424
10858,0.025873959
10859,0.04165993
10860,0.01667912
10861,0.051121846
10862,0.13404872
10863,0.15858161
10864,0.14288606
10865,0.07426748
10866,0.06674073
10867,0.12391259
10868,0.09359555
10869,0.05011765
10870,0.28911695
10871,0.47105893
10872,0.51609844
10873,0.4195209
10874,0.0942042
10875,0.12602808
10876,0.18321332
10877,0.0026912056
10878,0.27853194
10879,0.54576284
10880,0.68506235
10881,0.5489271
10882,0.2515244
10883,0.004725321
10884,0.09594657
10885,0.0165855
10886,0.13356254
10887,0.26703227
10888,0.3365054
10889,0.27672985
10890,0.20870104
10891,0.06959679
10892,0.04711635
10893,0.07243949
10894,0.03887712
10895,0.05173739
10896,0.19297718
10897,0.3157592
10898,0.3487043
10899,0.2503947
10900,0.09283653
10901,0.04477229
10902,0.0709615
10903,0.037660863
10904,0.236128
10905,0.39008272
10906,0.3567632
10907,0.21942182
10908,0.07190486
10909,0.052443936
10910,0.042784892
10911,0.082380526
10912,0.24600329
10913,0.30702177
10914,0.2982752
10915,0.14873877
10916,0.023396904
10917,0.044897158
10918,0.011356945
10919,0.07463161
10920,0.15621966
10921,0.18543117
10922,0.1438724
10923,0.07058703
10924,0.003004252
10925,0.012923768
10926,0.0020635505
10927,0.020495191
10928,0.038628735
10929,0.04128162
10930,0.031300414
10931,0.016737485
10932,0.0040150145
10933,0.0008661378
10934,0.00027412985
10935,0.0027873989
10936,0.003338225
10937,0.0020011198
10938,0.0001919145
10939,0.00026446214
10940,0.00080527697
10941,0.00037242507
10942,0.00298826
10943,0.0039596613
10944,0.0017434033
10945,0.0016373893
10946,0.0046991613
10947,0.0059260516
10948,0.005156571
10949,0.0034021724
10950,0.0018097918
10951,0.0002942542
10952,0.0086885495
10953,0.01811297
10954,0.023286115
10955,0.014455566
10956,0.0049756495
10957,0.034576476
10958,0.056273222
10959,0.06167306
10960,0.032483548
10961,0.01760669
10962,0.04251475
10963,0.033347026
10964,0.00011446094
10965,0.047070976
10966,0.075459115
10967,0.084780656
10968,0.060899176
10969,0.028891603
10970,0.008636433
10971,0.018843615
10972,0.0025992033
10973,0.020155171
10974,0.036790445
10975,0.035063755
10976,0.02079589
10977,0.0068793045
10978,0.00056028593
10979,9.858872e-06
10980,0.0005191886
10981,0.0016997448
10982,0.0037896135
10983,0.0004460535
10984,0.01419511
10985,0.030631369
10986,0.0356256
10987,0.020271005
10988,0.0020912425
10989,0.021017045
10990,0.01987469
10991,0.0041009015
10992,0.046531554
10993,0.0859417
10994,0.102943905
10995,0.088720605
10996,0.049784157
10997,0.0033490863
10998,0.021020347
10999,0.020822797
11000,0.004069104
11001,0.044597153
11002,0.0754991
11003,0.07752441
11004,0.05107029
11005,0.021897124
11006,0.011814456
11007,0.02198112
11008,0.013721925
11009,0.003195095
11010,0.022197278
11011,0.03377699
11012,0.031055298
11013,0.021914026
11014,0.012123294
11015,0.005704722
11016,0.000651412
11017,0.0013198678
11018,0.0026102976
11019,0.003825009
11020,0.0041948333
11021,0.0023713103
11022,0.0019620692
11023,0.009902428
11024,0.018665973
11025,0.021802815
11026,0.018289376
11027,0.00828
11028,0.002166527
11029,0.005511297
11030,0.0025962384
11031,0.0032264092
11032,0.008843577
11033,0.011578265
11034,0.011269296
11035,0.009017343
11036,0.008297453
11037,0.0056281863
11038,0.0045876396
11039,0.0016036009
11040,0.007251663
11041,0.0125750005
11042,0.01240787
11043,0.00033683248
11044,0.026737442
11045,0.054470114
11046,0.071256906
11047,0.060021266
11048,0.03191201
11049,0.0029944202
11050,0.02488391
11051,0.02317008
11052,-0.0010185626
11053,0.03748586
11054,0.0746874
11055,0.10191367
11056,0.10313124
11057,0.06829412
11058,0.027162533
11059,0.017727405
11060,0.027635602
11061,0.0066588214
11062,0.027817326
11063,0.06215912
11064,0.072277665
11065,0.06438815
11066,0.040824205
11067,0.018961912
11068,0.0051340666
11069,0.0018419536
11070,0.0060960376
11071,0.010189131
11072,0.015446322
11073,0.01728561
11074,0.013324453
11075,-0.00088912575
11076,0.027009431
11077,0.058449052
11078,0.08503703
11079,0.09203056
11080,0.06795994
11081,0.024252363
11082,0.054453596
11083,0.07905105
11084,0.052511815
11085,0.045550905
11086,0.21150029
11087,0.35530093
11088,0.4198664
11089,0.3329152
11090,0.13073456
11091,0.071666665
11092,0.16125797
11093,0.021240821
11094,0.27317306
11095,0.60476726
11096,0.76721
11097,0.65883744
11098,0.30872047
11099,0.022697508
11100,0.18725061
11101,0.024599612
11102,0.3659851
11103,0.7985418
11104,0.8738762
11105,0.7627708
11106,0.3224202
11107,0.112227514
11108,0.23087686
11109,0.01701152
11110,0.32322705
11111,0.6610724
11112,0.81074166
11113,0.6682016
11114,0.3252295
11115,0.075562716
11116,0.112455346
11117,0.11875854
11118,0.035716657
11119,0.2734064
11120,0.4584451
11121,0.4640911
11122,0.3285131
11123,0.16346484
11124,0.05837086
11125,0.15588835
11126,0.083215766
11127,0.16208385
11128,0.46900934
11129,0.646781
11130,0.5622741
11131,0.37223563
11132,0.08018238
11133,0.096060194
11134,0.0762508
11135,0.08678925
11136,0.30720794
11137,0.45174012
11138,0.44550616
11139,0.27095574
11140,0.08191868
11141,0.06524751
11142,0.09447225
11143,0.004737999
11144,0.14591418
11145,0.29471964
11146,0.35646906
11147,0.3319386
11148,0.2078465
11149,0.01915976
11150,0.11188002
11151,0.12982143
11152,0.05538279
11153,0.08055682
11154,0.24422969
11155,0.32421705
11156,0.30203232
11157,0.14144205
11158,0.06584651
11159,0.23430027
11160,0.28535777
11161,0.17497906
11162,0.081153005
11163,0.47154263
11164,0.86993426
11165,1.0405245
11166,0.889538
11167,0.42802846
11168,0.08574457
11169,0.3355488
11170,0.25033358
11171,0.20843375
11172,0.9140295
11173,1.4349589
11174,1.3829411
11175,0.97749275
11176,0.33341497
11177,0.1591345
11178,0.31687102
11179,0.016792415
11180,0.46861872
11181,0.9730739
11182,1.1576312
11183,0.91365474
11184,0.5534179
11185,0.09978657
11186,0.112025775
11187,0.119729295
11188,0.031521343
11189,0.23721302
11190,0.37499067
11191,0.40094873
11192,0.3310557
11193,0.21666062
11194,0.10324522
11195,0.0050604977
11196,0.051869966
11197,0.060151573
11198,0.041148186
11199,-9.852811e-05
11200,0.05644989
11201,0.124376625
11202,0.18714596
11203,0.21780965
11204,0.19074497
11205,0.115770034
11206,0.017283898
11207,0.055647075
11208,0.07515091
11209,0.018157063
11210,0.08725255
11211,0.22226597
11212,0.29505023
11213,0.32677427
11214,0.23958859
11215,0.09475376
11216,0.05157637
11217,0.11459878
11218,0.06403118
11219,0.062739514
11220,0.22338025
11221,0.35933164
11222,0.34435445
11223,0.26020834
11224,0.09635908
11225,0.07541978
11226,0.17119753
11227,0.11433451
11228,0.058344364
11229,0.2821923
11230,0.4012236
11231,0.44526914
11232,0.22942281
11233,0.056659486
11234,0.3511876
11235,0.39515808
11236,0.17328656
11237,0.1598894
11238,0.5639064
11239,0.8267673
11240,0.6245371
11241,0.37267572
11242,0.025778523
11243,0.24505484
11244,0.18991399
11245,0.13464682
11246,0.5278716
11247,0.6774499
11248,0.59915715
11249,0.3936019
11250,0.0890432
11251,0.099129386
11252,0.11768578
11253,0.004353397
11254,0.20384143
11255,0.3660886
11256,0.4027501
11257,0.34991312
11258,0.16713144
11259,0.049740378
11260,0.031049186
11261,0.026694251
11262,0.0352193
11263,0.10680953
11264,0.1407385
11265,0.1110923
11266,0.054638166
11267,0.016742313
11268,0.0048285862
11269,0.0021073902
11270,0.008154787
11271,0.015400173
11272,0.011875804
11273,0.0053853076
11274,0.00031416802
11275,0.00081096997
11276,0.002310265
11277,0.00043667376
11278,0.0034768612
11279,0.0032940472
11280,0.00667053
11281,0.022805773
11282,0.037901618
11283,0.03544317
11284,0.012701644
11285,0.0065646367
11286,0.011902819
11287,0.0005634236
11288,0.031892285
11289,0.06270816
11290,0.07159253
11291,0.063521326
11292,0.026414368
11293,0.010220103
11294,0.014868451
11295,0.012196335
11296,0.06404251
11297,0.10266241
11298,0.095792495
11299,0.05574121
11300,0.005128961
11301,0.0132560935
11302,0.0065246876
11303,0.04615352
11304,0.067161985
11305,0.06204829
11306,0.033085957
11307,0.0006745919
11308,0.008878982
11309,0.0031425697
11310,0.010625974
11311,0.024145264
11312,0.029328784
11313,0.023866983
11314,0.013066582
11315,0.0037660752
11316,0.0003165856
11317,0.0012084765
11318,0.0004901639
11319,0.00024028803
11320,0.00077018724
11321,0.0015162734
11322,0.002231441
11323,0.0028495328
11324,0.0020395066
11325,0.0014531532
11326,0.0088864155
11327,0.019069148
11328,0.02542777
11329,0.023768103
11330,0.007919782
11331,0.0043095974
11332,0.014462732
11333,0.014771136
11334,-0.00028605072
11335,0.031109277
11336,0.06526553
11337,0.08868064
11338,0.089596175
11339,0.06564285
11340,0.023679307
11341,0.0149692865
11342,0.033880714
11343,0.022861253
11344,0.016163595
11345,0.085624576
11346,0.15698232
11347,0.20639583
11348,0.19942282
11349,0.099806555
11350,0.009640302
11351,0.05823972
11352,0.060922526
11353,0.027745387
11354,0.17756768
11355,0.29960403
11356,0.29867664
11357,0.24835746
11358,0.11777157
11359,0.0031575747
11360,0.0454759
11361,0.022011949
11362,0.03689951
11363,0.09834034
11364,0.116716065
11365,0.09270066
11366,0.048959486
11367,0.015437682
11368,0.007167894
11369,0.018393211
11370,0.012741822
11371,0.0010876757
11372,0.008716194
11373,0.017565824
11374,0.02198844
11375,0.024129393
11376,0.024896534
11377,0.022749638
11378,0.019770926
11379,0.014125442
11380,0.0054212087
11381,0.0014498194
11382,0.003777444
11383,0.0003897456
11384,0.0041274983
11385,0.0071266983
11386,0.0062387055
11387,0.0031803492
11388,0.00054155826
11389,0.0004777403
11390,0.00023828828
11391,0.002015951
11392,0.008548861
11393,0.017493386
11394,0.022187738
11395,0.012030693
11396,0.00024963688
11397,0.011297946
11398,0.009225901
11399,0.009893004
11400,0.040839903
11401,0.0640563
11402,0.06479383
11403,0.05652622
11404,0.031139785
11405,0.0035905526
11406,0.014132812
11407,0.02048514
11408,0.008601263
11409,0.020033244
11410,0.06389427
11411,0.11283865
11412,0.13057563
11413,0.1051107
11414,0.039456606
11415,0.020694956
11416,0.037772186
11417,0.002602044
11418,0.08236514
11419,0.14973168
11420,0.18893859
11421,0.13905627
11422,0.03786248
11423,0.049789187
11424,0.054191887
11425,0.005367186
11426,0.09176822
11427,0.1922239
11428,0.23656066
11429,0.21651274
11430,0.11746722
11431,0.001543251
11432,0.05752179
11433,0.009673409
11434,0.103479505
11435,0.20794968
11436,0.24748762
11437,0.22855477
11438,0.13870223
11439,0.024957722
11440,0.038097203
11441,0.040727273
11442,0.0058981394
11443,0.09284222
11444,0.17207262
11445,0.21970697
11446,0.19984582
11447,0.11510865
11448,0.034588724
11449,0.053511053
11450,0.05050327
11451,0.05331989
11452,0.2321354
11453,0.36870226
11454,0.34719792
11455,0.20957468
11456,0.053281754
11457,0.038469594
11458,0.0092437435
11459,0.09709916
11460,0.1884571
11461,0.21056549
11462,0.1495862
11463,0.0524708
11464,0.0077927047
11465,0.009109977
11466,0.027237875
11467,0.07058817
11468,0.08051945
11469,0.06840647
11470,0.032032426
11471,0.0021281203
11472,0.009658555
11473,0.0035348774
11474,0.03438441
11475,0.06145314
11476,0.06722103
11477,0.043800473
11478,0.01644767
11479,0.010389532
11480,0.012121551
11481,0.00087442435
11482,0.021993022
11483,0.036867183
11484,0.046141744
11485,0.04394776
11486,0.036001526
11487,0.024881786
11488,0.009126286
11489,0.004617191
11490,0.021021632
11491,0.021538068
11492,0.0027107317
11493,0.03474151
11494,0.08578568
11495,0.10512895
11496,0.08691579
11497,0.03249244
11498,0.016574778
11499,0.058250837
11500,0.06570292
11501,0.01570626
11502,0.072155654
11503,0.1827452
11504,0.2640069
11505,0.27172917
11506,0.20476153
11507,0.07239088
11508,0.01603343
11509,0.0639642
11510,0.016048511
11511,0.08544682
11512,0.19669387
11513,0.23760547
11514,0.21520646
11515,0.12693407
11516,0.03336505
11517,0.019994138
11518,0.022531517
11519,0.005929367
11520,0.042948525
11521,0.06802277
11522,0.06960838
11523,0.055420313
11524,0.036349997
11525,0.019960247
11526,0.008330832
11527,0.00038726022
11528,0.005416598
11529,0.010870483
11530,0.013915373
11531,0.008172104
11532,0.0057616904
11533,0.030731505
11534,0.051233903
11535,0.05342931
11536,0.04419266
11537,0.014149143
11538,0.014549614
11539,0.017590186
11540,0.005903408
11541,0.038498133
11542,0.056469552
11543,0.056093216
11544,0.030208753
11545,0.0073713833
11546,0.0051405616
11547,0.0006073399
11548,0.011921692
11549,0.022036832
11550,0.024212163
11551,0.014644725
11552,0.004264871
11553,0.002533825
11554,0.0016970434
11555,0.004413195
11556,0.012253891
11557,0.018388856
11558,0.015912227
11559,0.009114904
11560,0.002018426
11561,0.010280815
11562,0.008791077
11563,0.004882845
11564,0.029506458
11565,0.054490298
11566,0.06600746
11567,0.05526996
11568,0.0123925805
11569,0.016585201
11570,0.032490183
11571,0.014615002
11572,0.037255477
11573,0.106676616
11574,0.17106722
11575,0.17777984
11576,0.12014466
11577,0.016435018
11578,0.05777211
11579,0.06078188
11580,0.02412417
11581,0.16745523
11582,0.26190117
11583,0.28910607
11584,0.19002326
11585,0.052237306
11586,0.029417958
11587,0.021627497
11588,0.037193857
11589,0.09838446
11590,0.11570027
11591,0.08988813
11592,0.049688995
11593,0.018360838
11594,0.0020567114
11595,0.0034780798
11596,0.0041167494
11597,0.0031021247
11598,0.0002218181
11599,0.0075708176
11600,0.016700761
11601,0.024531221
11602,0.019862933
11603,0.008566567
11604,0.0063971225
11605,0.0052246246
11606,0.014384458
11607,0.04095648
11608,0.051831324
11609,0.036869053
11610,0.00025859737
11611,0.023317967
11612,0.0012738401
11613,0.0730364
11614,0.14120807
11615,0.1497419
11616,0.07685779
11617,0.019174298
11618,0.059967328
11619,0.03488857
11620,0.056046817
11621,0.17366575
11622,0.24632056
11623,0.23366119
11624,0.120903425
11625,0.009816395
11626,0.049599595
11627,0.044429965
11628,0.027426817
11629,0.13945541
11630,0.23560436
11631,0.25380683
11632,0.16778342
11633,0.052356716
11634,0.018518977
11635,0.04660814
11636,0.009628285
11637,0.114138015
11638,0.19911106
11639,0.19839156
11640,0.15440916
11641,0.05460698
11642,0.018246325
11643,0.026280763
11644,0.028770147
11645,0.10873483
11646,0.15143391
11647,0.1301029
11648,0.06556432
11649,0.00044214004
11650,0.014181298
11651,0.009621341
11652,0.049689997
11653,0.07147459
11654,0.06156119
11655,0.024167616
11656,0.0050130854
11657,0.0087589035
11658,0.006488647
11659,0.032776777
11660,0.049824286
11661,0.036957018
11662,0.019393263
11663,0.0057398397
11664,0.019966993
11665,0.0040042615
11666,0.07098932
11667,0.13019189
11668,0.15946113
11669,0.10929876
11670,0.01903848
11671,0.04864032
11672,0.023168348
11673,0.06963145
11674,0.18893069
11675,0.2453646
11676,0.22440304
11677,0.14118646
11678,0.0058689844
11679,0.053009655
11680,-0.0002556066
11681,0.12179087
11682,0.23790592
11683,0.29770896
11684,0.23475589
11685,0.11000436
11686,0.0023725668
11687,0.028122565
11688,0.005381695
11689,0.07184808
11690,0.116142415
11691,0.11772624
11692,0.08608879
11693,0.044606704
11694,0.009577987
11695,0.005482938
11696,0.0050400114
11697,0.00071865646
11698,0.010002438
11699,0.017155258
11700,0.018306416
11701,0.012612589
11702,0.005731413
11703,0.0011682492
11704,3.881339e-06
11705,0.0003002258
11706,3.395861e-05
11707,0.00044958087
11708,0.0032998412
11709,0.0058246474
11710,0.0033131682
11711,0.0018741437
11712,0.00024990534
11713,0.012142688
11714,0.026672931
11715,0.02783416
11716,0.013423874
11717,0.0010657941
11718,0.001100749
11719,0.019813193
11720,0.036466345
11721,0.033441503
11722,0.0077496544
11723,0.007992568
11724,0.00061472727
11725,0.02666489
11726,0.064929314
11727,0.08669409
11728,0.053743232
11729,0.02171389
11730,0.017555794
11731,0.016658183
11732,0.03711324
11733,0.12447224
11734,0.18312398
11735,0.15003444
11736,0.054575928
11737,0.030984385
11738,0.04047595
11739,0.0017114545
11740,0.06242321
11741,0.11485992
11742,0.1273651
11743,0.09327857
11744,0.049496822
11745,0.017534627
11746,0.00023338884
11747,0.005732137
11748,0.0106469225
11749,0.012992348
11750,0.012103792
11751,0.003579162
11752,0.011353294
11753,0.035439037
11754,0.059211068
11755,0.062928736
11756,0.06240387
11757,0.038578548
11758,0.008628379
11759,0.019170944
11760,0.019851997
11761,0.012977361
11762,0.069777176
11763,0.11650218
11764,0.12765269
11765,0.09881422
11766,0.048860665
11767,0.0053143525
11768,0.0125131225
11769,0.0076273433
11770,0.0067654448
11771,0.022527305
11772,0.030502863
11773,0.03397196
11774,0.030627059
11775,0.026158968
11776,0.017347405
11777,0.007930232
11778,4.6468223e-05
11779,0.0036228136
11780,0.003352097
11781,0.00016028117
11782,0.0030639844
11783,0.0063495697
11784,0.008201692
11785,0.009385645
11786,0.0103245545
11787,0.010627222
11788,0.011266691
11789,0.008024083
11790,0.0014483427
11791,0.0041416646
11792,0.0025647024
11793,0.005923357
11794,0.018934112
11795,0.026370093
11796,0.022451526
11797,0.013575755
11798,0.0017942436
11799,0.0019194236
11800,0.0029761188
11801,0.010722386
11802,0.012346428
11803,0.006793902
11804,0.00025910442
11805,0.00085068215
11806,0.0040706997
11807,0.011441448
11808,0.012195108
11809,0.0051122657
11810,0.005014582
11811,0.0044322256
11812,0.0075940993
11813,0.025965195
11814,0.03783521
11815,0.034119878
11816,0.0160136
11817,0.0014519388
11818,0.012257766
11819,0.008985949
11820,0.00837113
11821,0.032996055
11822,0.053948767
11823,0.06264601
11824,0.05022499
11825,0.020872923
11826,0.0152104795
11827,0.028512748
11828,0.009307504
11829,0.031246932
11830,0.08023563
11831,0.10342437
11832,0.08856774
11833,0.05055445
11834,0.014900732
11835,0.020148862
11836,0.028142408
11837,0.017138738
11838,0.0046633547
11839,0.03726974
11840,0.067339
11841,0.093429275
11842,0.091401644
11843,0.05964311
11844,0.0021502317
11845,0.0375053
11846,0.09472345
11847,0.09194741
11848,0.03173059
11849,0.081468016
11850,0.25229222
11851,0.36054894
11852,0.32365423
11853,0.0766234
11854,0.18455072
11855,0.4130078
11856,0.325964
11857,0.0040796036
11858,0.50594586
11859,0.9267674
11860,1.0157876
11861,0.43083158
11862,0.09789584
11863,0.39601272
11864,0.39458966
11865,0.1300898
11866,0.8574362
11867,1.3554316
11868,1.0818868
11869,0.2754769
11870,0.48582694
11871,0.5201314
11872,0.26040262
11873,0.25175
11874,0.8192816
11875,1.0759218
11876,1.0345396
11877,0.55959266
11878,0.122944176
11879,0.13716374
11880,0.1029389
11881,0.18354735
11882,0.52830243
11883,0.65977556
11884,0.5077903
11885,0.2288602
11886,0.00027505856
11887,0.08359814
11888,0.023321584
11889,0.13117315
11890,0.260435
11891,0.27180892
11892,0.1559447
11893,0.049829643
11894,0.012259759
11895,0.0076922895
11896,0.07618421
11897,0.110619865
11898,0.08052854
11899,0.021600585
11900,0.006792291
11901,0.016872324
11902,0.060218353
11903,0.07240388
11904,0.041896533
11905,0.0063431044
11906,0.026077762
11907,0.018291082
11908,0.115928315
11909,0.19719186
11910,0.19785641
11911,0.08905708
11912,0.03980558
11913,0.073176414
11914,0.015040877
11915,0.12620212
11916,0.28875142
11917,0.36711884
11918,0.30273283
11919,0.13399555
11920,0.019908104
11921,0.06742254
11922,0.010671822
11923,0.16385135
11924,0.2706346
11925,0.2675917
11926,0.17525116
11927,0.06413286
11928,0.0049201865
11929,0.01939075
11930,0.0010015883
11931,0.018335883
11932,0.02871176
11933,0.030307092
11934,0.029709859
11935,0.031152375
11936,0.032559186
11937,0.03207104
11938,0.022498548
11939,0.006433037
11940,0.016584894
11941,0.026526514
11942,0.01732745
11943,0.009876043
11944,0.053640552
11945,0.09684244
11946,0.10131513
11947,0.07199553
11948,0.02989198
11949,0.020158462
11950,0.030866591
11951,0.0013892154
11952,0.060713477
11953,0.12509643
11954,0.14562863
11955,0.109348156
11956,0.041030593
11957,0.011731594
11958,0.01374812
11959,0.030055521
11960,0.08364676
11961,0.11328056
11962,0.08659409
11963,0.02918583
11964,0.013420216
11965,0.0126509555
11966,0.0296401
11967,0.08664182
11968,0.10759066
11969,0.084151596
11970,0.028177755
11971,0.014693224
11972,0.02324122
11973,0.012640827
11974,0.070655465
11975,0.10478601
11976,0.10576097
11977,0.0675986
11978,0.019437358
11979,0.008693166
11980,0.01494716
11981,0.0033207333
11982,0.012123678
11983,0.025164906
11984,0.032003764
11985,0.032395985
11986,0.029344946
11987,0.021591272
11988,0.0123808775
11989,0.00324986
11990,0.0034225807
11991,0.0068947114
11992,0.005291573
11993,8.883717e-05
11994,0.006391134
11995,0.0122242225
11996,0.015824413
11997,0.016590644
11998,0.014458675
11999,0.009915337
12000,0.0042543183
12001,-5.9986487e-06
12002,0.0026986052
12003,0.0045198807
12004,0.003321758
12005,5.6852645e-05
12006,0.0060348525
12007,0.012489271
12008,0.016546588
12009,0.016100874
12010,0.011075632
12011,0.0032109697
12012,0.0017602232
12013,0.0033029811
12014,7.663475e-06
12015,0.0062812148
12016,0.013079999
12017,0.016599745
12018,0.014215346
12019,0.0073143784
12020,0.0003228477
12021,0.0040083895
12022,0.0009523705
12023,0.00678975
12024,0.015799303
12025,0.018917095
12026,0.01485861
12027,0.0046698423
12028,0.0024418642
12029,0.003669014
12030,0.001180249
12031,0.002951725
12032,0.007188782
12033,0.008859678
12034,0.0079234075
12035,0.0056243152
12036,0.0031889386
12037,0.0013523948
12038,0.00036212802
12039,8.648047e-05
12040,0.0002947624
12041,0.0005083926
12042,0.00072310946
12043,0.002747416
12044,0.009147966
12045,0.020550173
12046,0.02534943
12047,0.005848081
12048,0.03843488
12049,0.09143564
12050,0.10680475
12051,0.02831191
12052,0.1536346
12053,0.24743143
12054,0.25643378
12055,0.12885785
12056,0.13146357
12057,0.43488544
12058,0.527428
12059,0.2201694
12060,0.08475848
12061,0.65401435
12062,0.7099566
12063,0.5125114
12064,0.019054145
12065,0.65118766
12066,0.9460697
12067,0.96409607
12068,0.58834916
12069,0.13861352
12070,0.51399225
12071,0.6001819
12072,0.30275267
12073,0.3293315
12074,1.0652462
12075,1.5416398
12076,1.6431746
12077,1.0381693
12078,0.4225477
12079,0.16215414
12080,0.24203017
12081,0.1776766
12082,0.86630374
12083,1.3341138
12084,1.3053927
12085,0.844858
12086,0.2558848
12087,0.11421408
12088,0.108500704
12089,0.1777125
12090,0.5301906
12091,0.7276155
12092,0.66244656
12093,0.40989095
12094,0.118867785
12095,0.067820676
12096,0.08117426
12097,0.030221414
12098,0.21025026
12099,0.356503
12100,0.4052841
12101,0.33583352
12102,0.17645577
12103,0.0038259223
12104,0.07533326
12105,0.070856914
12106,0.03252572
12107,0.19543487
12108,0.30805406
12109,0.29859972
12110,0.23128061
12111,0.12087768
12112,0.017208137
12113,0.078794
12114,0.04267849
12115,0.06274907
12116,0.1995158
12117,0.29302153
12118,0.30040604
12119,0.20007537
12120,0.094489366
12121,0.0068819923
12122,0.059410162
12123,0.034212414
12124,0.02624197
12125,0.09180612
12126,0.13132259
12127,0.12782045
12128,0.10897445
12129,0.06895752
12130,0.023077512
12131,0.009544563
12132,0.02981984
12133,0.03013214
12134,0.012631414
12135,0.015608016
12136,0.057455197
12137,0.1022528
12138,0.13342392
12139,0.13759609
12140,0.092632085
12141,0.028827809
12142,0.03883118
12143,0.06697742
12144,0.02473116
12145,0.091281384
12146,0.24884732
12147,0.34917843
12148,0.2838986
12149,0.107486054
12150,0.071072
12151,0.095469736
12152,0.012678979
12153,0.15163335
12154,0.32100824
12155,0.3805668
12156,0.24075314
12157,0.11290819
12158,0.030240037
12159,0.05266914
12160,0.0011589611
12161,0.08736612
12162,0.15963103
12163,0.16376777
12164,0.14228971
12165,0.08566596
12166,0.02368105
12167,0.018938735
12168,0.024318032
12169,0.0055608796
12170,0.022839345
12171,0.051802836
12172,0.07253921
12173,0.07457621
12174,0.050611917
12175,0.022961479
12176,0.00014520186
12177,0.015909929
12178,0.022718273
12179,0.0070484504
12180,0.01957709
12181,0.05599186
12182,0.08645736
12183,0.090406135
12184,0.07448716
12185,0.023827022
12186,0.025979199
12187,0.048487388
12188,0.03583227
12189,0.0123540405
12190,0.091858104
12191,0.16099872
12192,0.18984985
12193,0.14467052
12194,0.051318455
12195,0.020361425
12196,0.042525925
12197,0.01183718
12198,0.039514348
12199,0.0952495
12200,0.13475156
12201,0.14794827
12202,0.118354104
12203,0.06582288
12204,0.0052266642
12205,0.03403181
12206,0.037479397
12207,0.0069781886
12208,0.10107643
12209,0.20629579
12210,0.26387376
12211,0.2016797
12212,0.12132743
12213,0.03296879
12214,0.081880875
12215,0.0120594455
12216,0.14823453
12217,0.3511544
12218,0.43218756
12219,0.3241726
12220,0.12614243
12221,0.046211578
12222,0.087140456
12223,0.04530783
12224,0.27387136
12225,0.39495873
12226,0.36965302
12227,0.1937603
12228,0.02792459
12229,0.08599724
12230,0.022965752
12231,0.11957419
12232,0.24955449
12233,0.28499916
12234,0.1905713
12235,0.08432388
12236,0.020943403
12237,0.027035145
12238,0.01569029
12239,0.078989066
12240,0.11056806
12241,0.09630486
12242,0.054974753
12243,0.015923323
12244,0.0017225279
12245,0.00041318528
12246,0.008477425
12247,0.010898514
12248,0.00671181
12249,0.0015144041
12250,0.00026783554
12251,0.0038008483
12252,0.0058685513
12253,0.0017201251
12254,0.00578079
12255,0.0036397534
12256,0.014753316
12257,0.047656402
12258,0.07199793
12259,0.06491929
12260,0.023218637
12261,0.028135449
12262,0.033723604
12263,0.01587231
12264,0.09965611
12265,0.16936289
12266,0.19521984
12267,0.12164007
12268,0.019148456
12269,0.03706971
12270,0.034478758
12271,0.009813163
12272,0.07337174
12273,0.1106229
12274,0.12931393
12275,0.109098665
12276,0.06878325
12277,0.0083710505
12278,0.025839884
12279,0.026096817
12280,0.015928883
12281,0.08139328
12282,0.12163424
12283,0.12885879
12284,0.09223458
12285,0.045966495
12286,0.00032253063
12287,0.017630205
12288,0.008025541
12289,0.010552362
12290,0.026476081
12291,0.029609742
12292,0.023187315
12293,0.015267902
12294,0.007822152
12295,0.0030134486
12296,0.0014294666
12297,0.0016933106
12298,0.002726199
12299,0.0024571153
12300,0.0017179457
12301,0.005761646
12302,0.024416305
12303,0.032564744
12304,0.035998855
12305,0.021389885
12306,0.009686502
12307,0.058122754
12308,0.100318834
12309,0.1011928
12310,0.042439464
12311,0.008172794
12312,0.1013455
12313,0.17803907
12314,0.15985024
12315,0.045824267
12316,0.11148664
12317,0.25506768
12318,0.2644243
12319,0.13750814
12320,0.05108688
12321,0.2573774
12322,0.31639144
12323,0.23324996
12324,0.031422883
12325,0.20730627
12326,0.43968356
12327,0.47522837
12328,0.30235878
12329,0.0717766
12330,0.1542858
12331,0.27277172
12332,0.2423315
12333,-0.0097403
12334,0.34765235
12335,0.6476477
12336,0.67493534
12337,0.40128002
12338,0.09213556
12339,0.14441842
12340,0.20541298
12341,0.02182426
12342,0.22197711
12343,0.4069178
12344,0.4569962
12345,0.26413423
12346,0.06665337
12347,0.09475043
12348,0.095099874
12349,0.0063474565
12350,0.11603053
12351,0.13844502
12352,0.11267339
12353,0.000110833294
12354,0.059364624
12355,0.05901846
12356,0.01699569
12357,0.031495534
12358,0.063904054
12359,0.07031473
12360,0.034741305
12361,0.010554296
12362,0.009914872
12363,0.013774231
12364,0.0018881
12365,0.01707822
12366,0.0348257
12367,0.035174314
12368,0.028480131
12369,0.010147933
12370,0.0039436445
12371,0.0058471183
12372,0.0069044563
12373,0.021835215
12374,0.023349814
12375,0.012443958
12376,0.0151997525
12377,0.029820146
12378,0.018406112
12379,0.011772164
12380,0.046964813
12381,0.066850066
12382,0.035608385
12383,0.016533552
12384,0.054649737
12385,0.058344904
12386,0.0110565275
12387,0.051509906
12388,0.08747788
12389,0.071984895
12390,0.035072967
12391,0.0161399
12392,0.060420875
12393,0.09481275
12394,0.055736233
12395,0.011122539
12396,0.09466654
12397,0.14815357
12398,0.13107441
12399,0.054754514
12400,0.04570144
12401,0.16865058
12402,0.25184795
12403,0.19407834
12404,0.028539332
12405,0.16420594
12406,0.3550162
12407,0.383505
12408,0.2012753
12409,0.02211453
12410,0.23154965
12411,0.3127791
12412,0.22444028
12413,0.062154006
12414,0.43014726
12415,0.6748488
12416,0.5986178
12417,0.4438038
12418,0.012246283
12419,0.20974506
12420,0.2882079
12421,0.104068324
12422,0.16809344
12423,0.45601606
12424,0.64652485
12425,0.6335624
12426,0.34517577
12427,0.10454073
12428,0.055462282
12429,0.10701703
12430,0.01390717
12431,0.15268336
12432,0.3274444
12433,0.3777644
12434,0.3282356
12435,0.22029692
12436,0.0855255
12437,0.033288665
12438,0.05297611
12439,0.021295324
12440,0.16138366
12441,0.26465392
12442,0.28261888
12443,0.19502313
12444,0.0540371
12445,0.017351488
12446,0.01349583
12447,0.041588534
12448,0.099277034
12449,0.11243828
12450,0.08146551
12451,0.03236526
12452,0.0020253565
12453,0.006570704
12454,0.0010897398
12455,0.008457437
12456,0.018039813
12457,0.022854922
12458,0.026452556
12459,0.025312189
12460,0.018485455
12461,0.005762349
12462,0.008519221
12463,0.0150043685
12464,0.009971721
12465,0.0039858464
12466,0.030119121
12467,0.05714164
12468,0.068925045
12469,0.06986874
12470,0.05709338
12471,0.009794616
12472,0.028842408
12473,0.04551173
12474,0.019917155
12475,0.041491084
12476,0.13122235
12477,0.20369181
12478,0.22401787
12479,0.17670493
12480,0.07996345
12481,0.027037181
12482,0.053768467
12483,0.024100192
12484,0.04248548
12485,0.12684347
12486,0.17910673
12487,0.17132898
12488,0.1464484
12489,0.07650283
12490,0.0029197945
12491,0.047338646
12492,0.05426018
12493,0.03148911
12494,0.011174989
12495,0.07870324
12496,0.12954582
12497,0.14970154
12498,0.1275822
12499,0.074390166
12500,0.005147489
12501,0.021504393
12502,0.020151636
12503,0.0051840693
12504,0.03773321
12505,0.060906824
12506,0.06862185
12507,0.05838568
12508,0.038447455
12509,0.016642436
12510,0.0001635748
12511,0.004995728
12512,0.00047735506
12513,0.0168948
12514,0.03368023
12515,0.03407434
12516,0.017754002
12517,0.0001799269
12518,0.00031389578
12519,0.022367587
12520,0.044537436
12521,0.033668675
12522,7.4073236e-05
12523,0.018606877
12524,0.0009520118
12525,0.052500043
12526,0.11535388
12527,0.1270855
12528,0.08060193
12529,0.009866844
12530,0.033981804
12531,0.01788169
12532,0.03673957
12533,0.09339999
12534,0.1282945
12535,0.122915156
12536,0.082044214
12537,0.011317477
12538,0.029595716
12539,0.03340234
12540,0.009644218
12541,0.030409943
12542,0.074636996
12543,0.10371894
12544,0.09861643
12545,0.07081158
12546,0.03345125
12547,0.0021108757
12548,0.022027431
12549,0.027079979
12550,0.0118519915
12551,0.019922176
12552,0.06597832
12553,0.10222508
12554,0.11907102
12555,0.077178195
12556,0.0038439925
12557,0.080548085
12558,0.087910995
12559,0.022307297
12560,0.09843642
12561,0.24745815
12562,0.31740382
12563,0.251235
12564,0.119629726
12565,0.011656553
12566,0.055984862
12567,-0.0017116053
12568,0.109516606
12569,0.18490419
12570,0.20199552
12571,0.117636055
12572,0.022412376
12573,0.024273198
12574,0.030324517
12575,0.011188827
12576,0.074341536
12577,0.11845553
12578,0.103324816
12579,0.049285512
12580,0.010559498
12581,0.012670705
12582,0.009095721
12583,0.017124983
12584,0.047441866
12585,0.06577961
12586,0.05856825
12587,0.032982774
12588,0.00316494
12589,0.013588311
12590,0.00816157
12591,0.01691271
12592,0.053102974
12593,0.07811074
12594,0.06564734
12595,0.026824068
12596,0.004572557
12597,0.025027538
12598,0.009374918
12599,0.037886478
12600,0.08917147
12601,0.111031905
12602,0.092909954
12603,0.044161323
12604,0.0015899993
12605,0.02707592
12606,0.0069406237
12607,0.033499073
12608,0.07696916
12609,0.09056311
12610,0.08225313
12611,0.04268306
12612,0.0031189383
12613,0.014023894
12614,0.00018082751
12615,0.026542425
12616,0.050038148
12617,0.051969875
12618,0.038283676
12619,0.013459202
12620,0.0033485596
12621,0.004113537
12622,0.007886755
12623,0.023871882
12624,0.030938352
12625,0.02496774
12626,0.010632731
12627,0.0026562244
12628,0.00706242
12629,-0.00029703375
12630,0.015140742
12631,0.03301491
12632,0.043956697
12633,0.039824445
12634,0.019880943
12635,0.012442425
12636,0.030339913
12637,0.013342915
12638,0.035455063
12639,0.111723065
12640,0.15663813
12641,0.17135964
12642,0.091104314
12643,0.033315994
12644,0.06752698
12645,0.00713755
12646,0.13721223
12647,0.29278895
12648,0.3264941
12649,0.19787359
12650,0.03390986
12651,0.047747333
12652,0.06020578
12653,0.01995513
12654,0.15454134
12655,0.26587173
12656,0.28839907
12657,0.22663482
12658,0.089529715
12659,0.006699168
12660,0.045939796
12661,0.023960609
12662,0.04921461
12663,0.13411579
12664,0.18734618
12665,0.16689253
12666,0.10257496
12667,0.033381004
12668,0.006549077
12669,0.008640375
12670,0.009039538
12671,0.028884212
12672,0.035547554
12673,0.027441848
12674,0.013718313
12675,0.003225536
12676,6.7316134e-05
12677,0.00010707795
12678,0.0006857652
12679,0.002029783
12680,0.00071080663
12681,0.007806083
12682,0.009611778
12683,0.0021192208
12684,0.012333826
12685,0.032229383
12686,0.024952203
12687,0.007693276
12688,0.06264003
12689,0.1032908
12690,0.100406505
12691,0.06117459
12692,0.0137306955
12693,0.008112837
12694,0.0049407086
12695,0.004766361
12696,0.0104667945
12697,0.009534453
12698,0.0062885405
12699,0.0037589273
12700,0.0035253805
12701,0.0054078815
12702,0.008185136
12703,0.010398276
12704,0.0109592965
12705,0.009788397
12706,0.00732388
12707,0.0033588933
12708,0.0048237215
12709,0.01662864
12710,0.023098039
12711,0.023998685
12712,0.008136163
12713,0.028189441
12714,0.07759181
12715,0.10924924
12716,0.08708354
12717,0.04993558
12718,-0.0002864513
12719,0.06262515
12720,0.06874456
12721,0.016111461
12722,0.060899377
12723,0.1494907
12724,0.20476638
12725,0.21156076
12726,0.14714652
12727,0.07570228
12728,0.0039914767
12729,0.051970102
12730,0.0466484
12731,0.012018828
12732,0.03500601
12733,0.090200886
12734,0.13449362
12735,0.17321086
12736,0.17100844
12737,0.15655318
12738,0.08026011
12739,0.012096166
12740,0.07383147
12741,0.0511362
12742,0.05755702
12743,0.21265902
12744,0.32074326
12745,0.29952818
12746,0.21805029
12747,0.07829569
12748,0.022673592
12749,0.052228305
12750,0.027490387
12751,0.016463853
12752,0.06633203
12753,0.09818343
12754,0.116374634
12755,0.11502749
12756,0.10330856
12757,0.052230027
12758,0.010767186
12759,0.050290212
12760,0.05982951
12761,0.031284314
12762,0.041862633
12763,0.15242355
12764,0.24541473
12765,0.24565735
12766,0.17840388
12767,0.083861746
12768,0.034257535
12769,0.07482735
12770,-0.0009963955
12771,0.14373991
12772,0.2686244
12773,0.2776559
12774,0.19204204
12775,0.04849048
12776,0.041374616
12777,0.070679605
12778,0.0036859026
12779,0.1227758
12780,0.20777115
12781,0.22222328
12782,0.1604431
12783,0.027522277
12784,0.060448565
12785,0.060384367
12786,-0.00048238225
12787,0.08072163
12788,0.15432923
12789,0.18233897
12790,0.1216577
12791,0.04847033
12792,0.0029754518
12793,0.024240285
12794,0.001522621
12795,0.057928592
12796,0.101752184
12797,0.11544604
12798,0.08120195
12799,0.028046492
12800,0.018004242
12801,0.020309068
12802,0.017906973
12803,0.064764164
12804,0.08195927
12805,0.06013468
12806,0.023182314
12807,0.019370653
12808,0.048680883
12809,0.024824029
12810,0.029140577
12811,0.09725361
12812,0.14349268
12813,0.12367636
12814,0.07458446
12815,0.018002143
12816,0.039835915
12817,0.07402931
12818,0.04749266
12819,0.04864776
12820,0.19787087
12821,0.3319326
12822,0.39181918
12823,0.3111173
12824,0.12635398
12825,0.08564096
12826,0.18108892
12827,0.09150289
12828,0.13979156
12829,0.4409027
12830,0.6299876
12831,0.68350846
12832,0.5302313
12833,0.13897137
12834,0.16470999
12835,0.24134539
12836,-5.827844e-05
12837,0.3921023
12838,0.7989741
12839,0.92171806
12840,0.640653
12841,0.26658252
12842,0.22609386
12843,0.34115207
12844,0.24239938
12845,0.09907435
12846,0.54308176
12847,0.8009201
12848,0.87564886
12849,0.6179049
12850,0.12643525
12851,0.10035208
12852,0.18120341
12853,0.039150305
12854,0.21175185
12855,0.4531861
12856,0.4918976
12857,0.35227996
12858,0.14703225
12859,0.033200193
12860,0.034271143
12861,0.04196884
12862,-0.0004703584
12863,0.05147492
12864,0.09458467
12865,0.11045606
12866,0.095034555
12867,0.07011273
12868,0.03683103
12869,0.010657463
12870,0.008116423
12871,0.012421988
12872,0.0072738295
12873,0.0010309995
12874,0.011108354
12875,0.01697396
12876,0.018400747
12877,0.017347645
12878,0.014726567
12879,0.011179636
12880,0.008465484
12881,0.004698001
12882,0.0025104657
12883,0.006801122
12884,0.015228571
12885,0.01875428
12886,0.009085112
12887,0.01884202
12888,0.06222971
12889,0.10087913
12890,0.1119929
12891,0.085490525
12892,0.0022474816
12893,0.06178935
12894,0.048950277
12895,0.058669366
12896,0.22788122
12897,0.37852725
12898,0.39830655
12899,0.2527297
12900,0.027182134
12901,0.14726287
12902,0.09308854
12903,0.117138445
12904,0.430246
12905,0.6468945
12906,0.6204372
12907,0.326109
12908,0.038088895
12909,0.1622846
12910,0.18591435
12911,-0.009512131
12912,0.280188
12913,0.5069654
12914,0.5484909
12915,0.49050266
12916,0.19610663
12917,0.0520444
12918,0.16795944
12919,0.14200094
12920,0.029945534
12921,0.30777657
12922,0.5455611
12923,0.5950012
12924,0.43356428
12925,0.19381167
12926,0.050288748
12927,0.13212937
12928,0.042979345
12929,0.097598255
12930,0.23179522
12931,0.28547308
12932,0.23642941
12933,0.10278895
12934,0.0014358193
12935,0.033391107
12936,0.025457596
12937,0.0028295985
12938,0.034810305
12939,0.053360146
12940,0.052497957
12941,0.042170208
12942,0.028504595
12943,0.015532713
12944,0.0029914093
12945,0.0032728342
12946,0.008679073
12947,0.008292332
12948,0.0032147274
12949,0.005616915
12950,0.016357644
12951,0.025516545
12952,0.031252023
12953,0.027647095
12954,0.013132106
12955,0.0062206285
12956,0.024224207
12957,0.014717299
12958,0.020437382
12959,0.08266398
12960,0.13126084
12961,0.13643949
12962,0.06401509
12963,0.028471835
12964,0.054166947
12965,0.004925276
12966,0.11596331
12967,0.24468917
12968,0.28394353
12969,0.19547856
12970,0.054846026
12971,0.037308812
12972,0.041750774
12973,0.042182676
12974,0.16188858
12975,0.2291183
12976,0.20262735
12977,0.11011668
12978,0.016784783
12979,0.021920247
12980,4.3793116e-06
12981,0.052520633
12982,0.08923285
12983,0.08238224
12984,0.042593535
12985,0.00426625
12986,0.0017986547
12987,0.017848644
12988,0.037722293
12989,0.030391715
12990,0.0066907033
12991,0.011990214
12992,0.0015222894
12993,0.04466866
12994,0.07895758
12995,0.08750062
12996,0.040617187
12997,0.015028482
12998,0.03393837
12999,-0.0012087265
13000,0.0653123
13001,0.10967105
13002,0.09309963
13003,0.052382372
13004,0.007103058
13005,0.036819287
13006,0.028441435
13007,-0.0012791222
13008,0.035461266
13009,0.05995
13010,0.06554489
13011,0.053879842
13012,0.033970945
13013,0.020501193
13014,0.005102275
13015,0.0059333052
13016,0.010394946
13017,0.016672958
13018,0.015087176
13019,0.0037851545
13020,0.021140004
13021,0.0649511
13022,0.110424615
13023,0.12688534
13024,0.084032506
13025,0.017189436
13026,0.051047955
13027,0.050896388
13028,0.047673635
13029,0.21749048
13030,0.3275592
13031,0.339265
13032,0.26030335
13033,0.06407109
13034,0.11985893
13035,0.11110076
13036,0.11767292
13037,0.4940626
13038,0.82294035
13039,0.8744713
13040,0.6013116
13041,0.0853643
13042,0.25798804
13043,0.25253254
13044,0.12136148
13045,0.648938
13046,0.93153965
13047,0.9903444
13048,0.63130754
13049,0.16569458
13050,0.29445577
13051,0.32931533
13052,0.021219598
13053,0.60689753
13054,1.154259
13055,1.254601
13056,0.8479312
13057,0.32337022
13058,0.054170355
13059,0.26121953
13060,0.10178648
13061,0.29107475
13062,0.73130244
13063,0.8575296
13064,0.7854206
13065,0.46211636
13066,0.067538746
13067,0.10253811
13068,0.05674135
13069,0.15968533
13070,0.41282383
13071,0.5345646
13072,0.4638223
13073,0.27143183
13074,0.057197683
13075,0.06343669
13076,0.028980257
13077,0.07842248
13078,0.20035312
13079,0.2525426
13080,0.20867969
13081,0.1292871
13082,0.03980618
13083,0.0188616
13084,0.027906472
13085,0.009357734
13086,0.012488736
13087,0.03093602
13088,0.040809575
13089,0.04319867
13090,0.041330118
13091,0.03757219
13092,0.032277077
13093,0.02767351
13094,0.018752273
13095,0.0014045321
13096,0.037237875
13097,0.048843592
13098,0.035196707
13099,0.014899345
13100,0.10303545
13101,0.19166934
13102,0.23701096
13103,0.20295982
13104,0.10208573
13105,0.032147788
13106,0.09227685
13107,0.07048103
13108,0.008767091
13109,0.13975091
13110,0.26108605
13111,0.32348022
13112,0.30341667
13113,0.20970204
13114,0.041084338
13115,0.04680139
13116,0.09437979
13117,0.031742327
13118,0.12818506
13119,0.34046277
13120,0.4748495
13121,0.4274674
13122,0.30053717
13123,0.043590713
13124,0.10638391
13125,0.057254773
13126,0.1589734
13127,0.4142529
13128,0.54992855
13129,0.4655356
13130,0.23809493
13131,0.016334439
13132,0.076746516
13133,0.02288309
13134,0.098499484
13135,0.21962392
13136,0.26802582
13137,0.23191115
13138,0.14397696
13139,0.049671654
13140,0.012956076
13141,0.03562829
13142,0.008762744
13143,0.035696637
13144,0.0873659
13145,0.12070854
13146,0.11474691
13147,0.09083224
13148,0.0318692
13149,0.00051886175
13150,0.023353176
13151,0.014976733
13152,0.018851802
13153,0.07006602
13154,0.10259905
13155,0.111251645
13156,0.0825921
13157,0.022426289
13158,0.017185666
13159,0.030146671
13160,0.0070353784
13161,0.040378552
13162,0.09162904
13163,0.116454914
13164,0.10321465
13165,0.05595174
13166,0.014790353
13167,0.016240263
13168,0.017766526
13169,0.000851188
13170,0.02436314
13171,0.04487424
13172,0.05139687
13173,0.039959397
13174,0.0209727
13175,0.00677996
13176,0.0002997749
13177,0.00033402143
13178,0.0002540605
13179,0.000115467905
13180,0.00037914238
13181,0.0008300185
13182,0.001282108
13183,0.0016377348
13184,0.0011472779
13185,0.0007976945
13186,0.0033760811
13187,0.0043105553
13188,0.0028117439
13189,0.00059157074
13190,0.00051158
13191,0.0009377265
13192,0.002531948
13193,0.004095123
13194,0.000972644
13195,0.011592524
13196,0.03043746
13197,0.034182914
13198,0.0051268595
13199,0.02862729
13200,0.077169575
13201,0.058416564
13202,0.013583294
13203,0.13417618
13204,0.24480134
13205,0.28594247
13206,0.19182819
13207,0.07706622
13208,0.07515993
13209,0.10866697
13210,0.039815653
13211,0.108929135
13212,0.28652322
13213,0.3890422
13214,0.34340173
13215,0.18368283
13216,0.0016043797
13217,0.08862154
13218,0.114103176
13219,0.06378822
13220,0.047231443
13221,0.17764524
13222,0.26473945
13223,0.27796713
13224,0.23140511
13225,0.13641387
13226,0.06497025
13227,0.0026024394
13228,0.038019985
13229,0.05790431
13230,0.046653226
13231,0.0075350404
13232,0.05132192
13233,0.13000211
13234,0.19868109
13235,0.22367702
13236,0.19878186
13237,0.12139478
13238,0.024371458
13239,0.056760486
13240,0.058267638
13241,0.0018177363
13242,0.097919434
13243,0.19515726
13244,0.2532443
13245,0.23016563
13246,0.13197665
13247,0.034655165
13248,0.05071487
13249,0.054991394
13250,0.016019
13251,0.054179028
13252,0.13352317
13253,0.1897849
13254,0.18147199
13255,0.14630932
13256,0.070200674
13257,0.005560042
13258,0.041088577
13259,0.019903496
13260,0.04133601
13261,0.114775985
13262,0.16407737
13263,0.15548612
13264,0.099012755
13265,0.016044497
13266,0.021539968
13267,0.014680143
13268,0.028858794
13269,0.07397729
13270,0.094333604
13271,0.061430424
13272,0.020551763
13273,0.013971718
13274,0.013495887
13275,0.024343716
13276,0.06989783
13277,0.08711565
13278,0.049271807
13279,0.007881934
13280,0.026381453
13281,0.0116784675
13282,0.050596964
13283,0.12898508
13284,0.16490544
13285,0.11935946
13286,0.022507435
13287,0.041072436
13288,0.053069104
13289,0.033677217
13290,0.18297382
13291,0.3242365
13292,0.30570462
13293,0.1306399
13294,0.0018744066
13295,0.08173582
13296,0.009637585
13297,0.2257296
13298,0.39856544
13299,0.3512908
13300,0.1930429
13301,0.036648143
13302,0.07217326
13303,0.014447717
13304,0.11956539
13305,0.23248807
13306,0.23695579
13307,0.18532299
13308,0.04113828
13309,0.064893395
13310,0.066471964
13311,0.00757871
13312,0.093165286
13313,0.19921221
13314,0.24497987
13315,0.21298121
13316,0.06556806
13317,0.021596212
13318,0.06899857
13319,0.0020448389
13320,0.12454815
13321,0.24859488
13322,0.26965007
13323,0.2256101
13324,0.09529232
13325,0.04592794
13326,0.06662067
13327,0.017412005
13328,0.1515144
13329,0.2435004
13330,0.25820947
13331,0.15153812
13332,0.049045302
13333,0.03131088
13334,0.031744953
13335,0.0021320751
13336,0.05068869
13337,0.07957768
13338,0.083151035
13339,0.070795
13340,0.042910036
13341,0.019737514
13342,0.0017348166
13343,0.0060040615
13344,0.004823824
13345,0.002491436
13346,0.012855019
13347,0.020453205
13348,0.021799508
13349,0.016113665
13350,0.0073651294
13351,0.00044937
13352,0.00043073864
13353,0.0032375173
13354,0.0072895046
13355,0.008410368
13356,0.00397849
13357,0.0038489976
13358,0.00401596
13359,0.0060168738
13360,0.02536452
13361,0.043517604
13362,0.038278032
13363,0.018823978
13364,0.013180882
13365,0.029263627
13366,0.0077992426
13367,0.044564724
13368,0.10859117
13369,0.14682712
13370,0.12728448
13371,0.074788086
13372,-0.00060616585
13373,0.045675114
13374,0.0398301
13375,0.0056446395
13376,0.07658569
13377,0.14347109
13378,0.17292048
13379,0.14360857
13380,0.11018061
13381,0.0427481
13382,0.015808905
13383,0.050660223
13384,0.046590183
13385,-0.0023733338
13386,0.07930865
13387,0.16973223
13388,0.2116636
13389,0.20455378
13390,0.1364979
13391,0.017541517
13392,0.053953968
13393,0.07225961
13394,0.006857316
13395,0.10256079
13396,0.2149512
13397,0.2884127
13398,0.26671657
13399,0.1695042
13400,0.021703094
13401,0.045785837
13402,0.066026814
13403,-0.0014448992
13404,0.108938016
13405,0.21143475
13406,0.25856707
13407,0.22667603
13408,0.10774417
13409,0.010197576
13410,0.059019957
13411,0.04699879
13412,0.033654172
13413,0.15267804
13414,0.2392502
13415,0.28663644
13416,0.19403628
13417,0.026748456
13418,0.059182018
13419,0.08515472
13420,-0.000617919
13421,0.2006399
13422,0.36897013
13423,0.3694792
13424,0.29654998
13425,0.12799782
13426,0.052460566
13427,0.086409435
13428,0.03576635
13429,0.23845316
13430,0.39143512
13431,0.37797636
13432,0.2983307
13433,0.13543129
13434,0.03470287
13435,0.11013566
13436,0.060991053
13437,0.04840633
13438,0.18073764
13439,0.28779763
13440,0.2809613
13441,0.19818768
13442,0.07251013
13443,0.029013252
13444,0.10651274
13445,0.121715136
13446,0.040320992
13447,0.13006945
13448,0.36066118
13449,0.5353677
13450,0.5632584
13451,0.39020807
13452,0.16725503
13453,0.07262591
13454,0.17484619
13455,0.08242133
13456,0.14876065
13457,0.43385795
13458,0.5849955
13459,0.6014581
13460,0.49837983
13461,0.23654418
13462,0.012795061
13463,0.1488245
13464,0.11242311
13465,0.05203632
13466,0.28800955
13467,0.48382863
13468,0.542535
13469,0.41274533
13470,0.28090078
13471,0.07900451
13472,0.066799015
13473,0.10477068
13474,0.021163035
13475,0.11391605
13476,0.2729102
13477,0.35278204
13478,0.36856556
13479,0.2827518
13480,0.1297808
13481,0.0073518036
13482,0.06716105
13483,0.025981618
13484,0.07163353
13485,0.17892893
13486,0.22463161
13487,0.19386242
13488,0.11234631
13489,0.037245933
13490,0.0075215013
13491,0.014817531
13492,-0.00014831527
13493,0.024653772
13494,0.043755226
13495,0.047543123
13496,0.03594412
13497,0.018519156
13498,0.0035226503
13499,0.00188879
13500,0.00265126
13501,0.010405881
13502,0.010820064
13503,0.00541361
13504,0.001885848
13505,0.00022699455
13506,0.008615732
13507,0.01247041
13508,0.0013487604
13509,0.0130729955
13510,0.016027508
13511,0.0010969997
13512,0.030591236
13513,0.04534379
13514,0.044498455
13515,0.00023450001
13516,0.029892713
13517,0.028196497
13518,0.004133921
13519,0.04810223
13520,0.07203381
13521,0.046572234
13522,0.013655839
13523,0.015578825
13524,0.0389029
13525,0.024846122
13526,0.0074625243
13527,0.04866844
13528,0.0812762
13529,0.096049614
13530,0.08277287
13531,0.04152563
13532,-0.00013567452
13533,0.020490479
13534,0.033003528
13535,0.016240437
13536,0.018580312
13537,0.06740745
13538,0.11423245
13539,0.13796547
13540,0.1182847
13541,0.05136458
13542,0.0069575924
13543,0.04806343
13544,0.04865701
13545,0.009760629
13546,0.115094766
13547,0.22793373
13548,0.27658772
13549,0.22476327
13550,0.10097202
13551,0.023092363
13552,0.06206859
13553,-0.0006410703
13554,0.12299644
13555,0.23610476
13556,0.26132834
13557,0.19302347
13558,0.07220795
13559,0.006096991
13560,0.030878907
13561,0.005945797
13562,0.030372687
13563,0.05961294
13564,0.07011494
13565,0.06647524
13566,0.049731597
13567,0.026766857
13568,0.008946082
13569,0.010760643
13570,0.020092845
13571,0.013765579
13572,0.013325083
13573,0.050402842
13574,0.067563124
13575,0.0510385
13576,0.011459651
13577,0.013029679
13578,0.023359833
13579,0.017448785
13580,0.003386687
13581,0.028594311
13582,0.041932233
13583,0.038689066
13584,0.023377042
13585,0.00861304
13586,0.010401933
13587,0.0137483
13588,0.0010081154
13589,0.013882027
13590,0.01977453
13591,0.013375289
13592,0.0033798716
13593,0.0046565854
13594,0.0005787278
13595,0.0049816114
13596,0.003198242
13597,0.0051510185
13598,0.007622174
13599,0.0013328067
13600,0.011456487
13601,0.016491018
13602,0.0021257037
13603,0.028166631
13604,0.036341436
13605,0.018450152
13606,0.019081257
13607,0.06826301
13608,0.10569635
13609,0.08380855
13610,0.03653439
13611,0.03836356
13612,0.061042413
13613,0.0341323
13614,0.030195061
13615,0.102668025
13616,0.11638307
13617,0.08814884
13618,0.047530845
13619,0.0052268496
13620,0.060661875
13621,0.029855797
13622,0.02644353
13623,0.102772735
13624,0.15014088
13625,0.15106352
13626,0.098786816
13627,0.049646057
13628,0.009577708
13629,0.00897727
13630,0.007612498
13631,0.00045625994
13632,0.010091591
13633,0.016804503
13634,0.01840612
13635,0.01944272
13636,0.016615557
13637,0.011068727
13638,0.0061885263
13639,0.0002850054
13640,0.001877063
13641,0.004794762
13642,0.005401165
13643,0.006933943
13644,0.0065275636
13645,0.003253705
13646,0.0027371214
13647,0.015110573
13648,0.032192405
13649,0.042962145
13650,0.04120977
13651,0.028797211
13652,0.0021205097
13653,0.017306376
13654,0.017513972
13655,-0.00041695475
13656,0.027354345
13657,0.05212713
13658,0.05921878
13659,0.04564301
13660,0.02823623
13661,0.003229626
13662,0.015148714
13663,0.021993725
13664,0.013739311
13665,0.0069125122
13666,0.037652023
13667,0.060782
13668,0.06355478
13669,0.049158033
13670,0.026710056
13671,0.0021690913
13672,0.0045953514
13673,0.00374251
13674,0.0005874315
13675,0.0015688455
13676,0.005274036
13677,0.010336529
13678,0.0167913
13679,0.021963341
13680,0.021167757
13681,0.012919892
13682,0.002215214
13683,0.0027300862
13684,0.0006143026
13685,0.007747819
13686,0.010288523
13687,0.007901708
13688,0.0030743594
13689,9.431578e-05
13690,0.000766111
13691,0.0018309223
13692,0.00076003623
13693,0.0012675936
13694,0.0030911085
13695,0.0012077697
13696,0.004415771
13697,0.011718067
13698,0.017738646
13699,0.018396864
13700,0.0051523615
13701,0.018470183
13702,0.025528701
13703,0.019118845
13704,0.008133947
13705,0.05586824
13706,0.09872365
13707,0.11483467
13708,0.076344274
13709,0.0029964123
13710,0.028508073
13711,0.03815386
13712,0.0023919963
13713,0.07599807
13714,0.17263009
13715,0.22878078
13716,0.20580097
13717,0.10511079
13718,0.013415061
13719,0.041761585
13720,0.0046671033
13721,0.101701215
13722,0.21769288
13723,0.23918532
13724,0.18824966
13725,0.07938212
13726,0.00020864909
13727,0.025388874
13728,-0.0009893375
13729,0.042202942
13730,0.06568121
13731,0.072055764
13732,0.05945908
13733,0.04832432
13734,0.030843712
13735,0.02232338
13736,0.0067453296
13737,0.0074858796
13738,0.01813845
13739,0.012471735
13740,0.006644929
13741,0.043476313
13742,0.07824545
13743,0.10570105
13744,0.085623294
13745,0.062011253
13746,0.012287605
13747,0.03043918
13748,0.042321328
13749,-0.0012850611
13750,0.08100449
13751,0.15569304
13752,0.19392876
13753,0.15710309
13754,0.02948606
13755,0.11027177
13756,0.12666777
13757,0.01412534
13758,0.15521212
13759,0.29522768
13760,0.3260183
13761,0.18063755
13762,0.079817854
13763,0.16126306
13764,0.10579629
13765,0.08112423
13766,0.3269098
13767,0.48750392
13768,0.46683908
13769,0.2392854
13770,0.016561467
13771,0.061954383
13772,0.011963942
13773,0.1615938
13774,0.24989808
13775,0.2247174
13776,0.16029552
13777,0.05568989
13778,0.024011679
13779,0.046529077
13780,0.014966937
13781,0.044702955
13782,0.11867504
13783,0.17750145
13784,0.19722222
13785,0.15430386
13786,0.07792585
13787,0.014094535
13788,0.06594076
13789,0.027294103
13790,0.08705707
13791,0.23793988
13792,0.345176
13793,0.31641227
13794,0.17920385
13795,0.008380158
13796,0.07993864
13797,0.07072969
13798,0.028312687
13799,0.1712211
13800,0.2735849
13801,0.28369316
13802,0.26087004
13803,0.16719152
13804,0.044014826
13805,0.061921317
13806,0.0910882
13807,0.07216596
13808,0.014176898
13809,0.16283767
13810,0.28979564
13811,0.31423664
13812,0.19276908
13813,0.012196638
13814,0.18002519
13815,0.19527104
13816,0.07717808
13817,0.08560776
13818,0.21023852
13819,0.22788654
13820,0.1813275
13821,0.08014878
13822,0.06450103
13823,0.10516749
13824,0.041205477
13825,0.044323724
13826,0.11854902
13827,0.12306441
13828,0.09582965
13829,0.019331437
13830,0.00988311
13831,0.021891817
13832,0.0053538717
13833,0.012893543
13834,0.021570407
13835,0.017483788
13836,0.010451857
13837,0.003337029
13838,0.00039293253
13839,0.0004715893
13840,0.00046947447
13841,0.0005291134
13842,0.0027797038
13843,0.0039199563
13844,0.0038008827
13845,0.00091351935
13846,0.0057600085
13847,0.008576975
13848,0.004622623
13849,0.0068654055
13850,0.02560633
13851,0.041536495
13852,0.051668886
13853,0.039742198
13854,0.014390397
13855,0.011022074
13856,0.019209314
13857,-0.0011873464
13858,0.04662025
13859,0.09595501
13860,0.13132125
13861,0.12013781
13862,0.054870542
13863,0.02225201
13864,0.056857906
13865,0.013508979
13866,0.08898054
13867,0.19131193
13868,0.259367
13869,0.1697076
13870,0.07176046
13871,0.06711961
13872,0.113078475
13873,0.031253513
13874,0.15322506
13875,0.373337
13876,0.5033494
13877,0.46555892
13878,0.29453954
13879,0.0659301
13880,0.13850383
13881,0.13506778
13882,0.10675103
13883,0.49027923
13884,0.79841954
13885,0.7059803
13886,0.2972161
13887,0.1480467
13888,0.27805126
13889,0.1341358
13890,0.16973919
13891,0.46435302
13892,0.5037908
13893,0.42794764
13894,0.14930294
13895,0.07835719
13896,0.13522273
13897,0.014083615
13898,0.13126561
13899,0.23704848
13900,0.21122299
13901,0.15943551
13902,0.06675218
13903,0.0048578824
13904,0.012493603
13905,0.01014104
13906,-0.0007323381
13907,0.0062006046
13908,0.009533643
13909,0.011441941
13910,0.016041711
13911,0.024080534
13912,0.033088583
13913,0.037714344
13914,0.032255035
13915,0.010708207
13916,0.0028739094
13917,0.015665038
13918,0.0067732995
13919,0.0151130175
13920,0.046170283
13921,0.06980169
13922,0.06959126
13923,0.05525763
13924,0.022792833
13925,0.004317268
13926,0.015098887
13927,0.0017170988
13928,0.024959385
13929,0.0533485
13930,0.074985534
13931,0.07637957
13932,0.04944817
13933,0.018038806
13934,0.009696584
13935,0.018120315
13936,0.0007514899
13937,0.033457268
13938,0.07295619
13939,0.097760305
13940,0.09284195
13941,0.055789657
13942,0.013785379
13943,0.016890096
13944,0.016203366
13945,0.013215452
13946,0.057406295
13947,0.09012838
13948,0.08110578
13949,0.042361215
13950,0.008449335
13951,0.014512132
13952,0.009658943
13953,0.012627406
13954,0.0369835
13955,0.048049275
13956,0.03524142
13957,0.013094895
13958,0.0004949318
13959,0.0015803559
13960,0.010119761
13961,0.013552827
13962,0.006918191
13963,0.003457819
13964,0.0037536921
13965,0.009585124
13966,0.027239209
13967,0.03151531
13968,0.026209265
13969,0.0038782363
13970,0.031461854
13971,0.045833193
13972,0.010111393
13973,0.0666135
13974,0.16149448
13975,0.21246295
13976,0.21239771
13977,0.13707735
13978,0.0024437516
13979,0.08409777
13980,0.0609233
13981,0.06387247
13982,0.25648588
13983,0.39966807
13984,0.40747136
13985,0.31008732
13986,0.11443442
13987,0.031248553
13988,0.112018235
13989,0.07407141
13990,0.037534103
13991,0.2136089
13992,0.3660581
13993,0.40521988
13994,0.38658756
13995,0.24693725
13996,0.032882698
13997,0.10694876
13998,0.082976356
13999,0.081075184
14000,0.32528284
14001,0.49850395
14002,0.5070582
14003,0.3506499
14004,0.10798583
14005,0.049977433
14006,0.08162135
14007,0.03293284
14008,0.2137242
14009,0.3425821
14010,0.34923142
14011,0.24099676
14012,0.075900905
14013,0.03204789
14014,0.05527944
14015,0.021284636
14016,0.1489412
14017,0.24980864
14018,0.28466123
14019,0.1910428
14020,0.044968545
14021,0.05005235
14022,0.047132686
14023,0.041523684
14024,0.16958411
14025,0.26768446
14026,0.23671222
14027,0.17450598
14028,0.055521097
14029,0.02171363
14030,0.03569657
14031,-0.0016633953
14032,0.056488182
14033,0.11304251
14034,0.14647965
14035,0.16543192
14036,0.14153937
14037,0.08633353
14038,-0.00080889976
14039,0.04533827
14040,0.048823036
14041,0.00012981473
14042,0.09454565
14043,0.18010446
14044,0.20980598
14045,0.14978103
14046,0.072154395
14047,0.037723407
14048,0.0824967
14049,0.058830865
14050,0.013231775
14051,0.09715029
14052,0.14983544
14053,0.1314928
14054,0.043859158
14055,0.03703687
14056,0.05766071
14057,0.027751423
14058,0.020996729
14059,0.0530954
14060,0.05729781
14061,0.032633554
14062,0.004578736
14063,0.0032205563
14064,0.0020648246
14065,0.010511003
14066,0.010378185
14067,0.001988015
14068,0.0012072319
14069,0.009906471
14070,0.023476364
14071,0.021935936
14072,0.004645681
14073,0.017235229
14074,0.0047568814
14075,0.059704885
14076,0.13851836
14077,0.17951761
14078,0.09183314
14079,0.040308613
14080,0.079381146
14081,0.008671647
14082,0.17705216
14083,0.38527083
14084,0.49802604
14085,0.36015353
14086,0.026178952
14087,0.14622054
14088,0.110168405
14089,0.17279042
14090,0.5964765
14091,0.800386
14092,0.630618
14093,0.33127743
14094,0.15100616
14095,0.25840572
14096,0.062954515
14097,0.4002526
14098,0.9168756
14099,1.1555341
14100,0.98170143
14101,0.45807925
14102,0.066994324
14103,0.25374052
14104,0.056616604
14105,0.3187636
14106,0.6190151
14107,0.66525656
14108,0.54231894
14109,0.18920495
14110,0.08186238
14111,0.19262883
14112,0.055627987
14113,0.19898485
14114,0.45488447
14115,0.5492681
14116,0.5021307
14117,0.29279253
14118,0.07046541
14119,0.03540692
14120,0.03913816
14121,0.0048733335
14122,0.054056764
14123,0.07504185
14124,0.061801765
14125,0.040682003
14126,0.01935471
14127,0.009176098
14128,0.0073172166
14129,0.0104573965
14130,0.014038711
14131,0.014197602
14132,0.0042546066
14133,0.026784211
14134,0.05055592
14135,0.049092468
14136,0.008290957
14137,0.05342632
14138,0.10830228
14139,0.1252951
14140,0.08981035
14141,0.01803015
14142,0.09694663
14143,0.08586097
14144,0.014462129
14145,0.06552711
14146,0.12083742
14147,0.10487547
14148,0.045248546
14149,0.00087823643
14150,0.0378052
14151,0.032864317
14152,0.0102720745
14153,0.008711672
14154,0.01924684
14155,0.02251231
14156,0.019596208
14157,0.017238012
14158,0.014106681
14159,0.010848501
14160,0.0053335754
14161,0.0013911035
14162,0.009549001
14163,0.008092303
14164,0.00026425824
14165,0.010661075
14166,0.015291329
14167,0.013724424
14168,0.0069521973
14169,0.001431658
14170,0.00076172815
14171,0.0023818174
14172,0.003483696
14173,0.0029899213
14174,0.0026335483
14175,0.014329373
14176,0.027792126
14177,0.033764116
14178,0.008007487
14179,0.0135185765
14180,0.036658783
14181,0.03456272
14182,0.0071358243
14183,0.08084315
14184,0.15242095
14185,0.18826534
14186,0.16586672
14187,0.08099462
14188,0.0043519624
14189,0.0830916
14190,0.09302251
14191,0.03681062
14192,0.06259243
14193,0.1667948
14194,0.19919765
14195,0.1941504
14196,0.13125643
14197,0.018629704
14198,0.099319264
14199,0.13440451
14200,0.104497
14201,-0.0019125286
14202,0.14983942
14203,0.29128537
14204,0.3714752
14205,0.3674219
14206,0.27902335
14207,0.10956994
14208,0.03199578
14209,0.10277299
14210,0.08945978
14211,0.0072426167
14212,0.1731863
14213,0.31669712
14214,0.37118876
14215,0.27239415
14216,0.14226171
14217,0.0007977922
14218,0.09063562
14219,0.038970456
14220,0.082457446
14221,0.21702036
14222,0.25525963
14223,0.15907098
14224,0.05432678
14225,0.061719935
14226,0.064928845
14227,0.006258431
14228,0.08743461
14229,0.10562385
14230,0.04718506
14231,0.04115648
14232,0.113069996
14233,0.11778998
14234,0.055982795
14235,0.03156168
14236,0.11677813
14237,0.1643482
14238,0.1313313
14239,0.034666635
14240,0.07790441
14241,0.16930243
14242,0.16364704
14243,0.07463023
14244,0.06260831
14245,0.1871196
14246,0.2488976
14247,0.13743973
14248,0.02600258
14249,0.18424377
14250,0.2512014
14251,0.18662612
14252,0.020567331
14253,0.15011552
14254,0.26899418
14255,0.23669052
14256,0.096123524
14257,0.086447984
14258,0.17135015
14259,0.18116334
14260,0.10630295
14261,0.052690174
14262,0.20823371
14263,0.28924215
14264,0.28777552
14265,0.20203206
14266,0.047336016
14267,0.05699901
14268,0.060585946
14269,0.024578908
14270,0.15887594
14271,0.25969663
14272,0.2526361
14273,0.12254718
14274,0.0032913778
14275,0.031886842
14276,0.012045995
14277,0.09701602
14278,0.14741698
14279,0.09917709
14280,0.015326398
14281,0.026554724
14282,0.023555633
14283,0.03519241
14284,0.104568616
14285,0.12523179
14286,0.103914455
14287,0.043091152
14288,0.026023118
14289,0.028414069
14290,0.03114583
14291,0.111767896
14292,0.14612722
14293,0.1415365
14294,0.06701339
14295,0.027228054
14296,0.046103172
14297,0.012065578
14298,0.068005316
14299,0.15455404
14300,0.19969288
14301,0.17501214
14302,0.093239285
14303,0.00089628634
14304,0.049465973
14305,0.02148669
14306,0.0683368
14307,0.18391645
14308,0.23158672
14309,0.20990846
14310,0.112751134
14311,0.0024807723
14312,0.054985248
14313,0.0023205797
14314,0.10745459
14315,0.22058699
14316,0.25631544
14317,0.19674805
14318,0.07625116
14319,0.02602337
14320,0.05243222
14321,0.012455532
14322,0.07462797
14323,0.16629039
14324,0.21869472
14325,0.1782944
14326,0.103931166
14327,0.004996604
14328,0.04163028
14329,0.024621127
14330,0.043301184
14331,0.12581594
14332,0.17225166
14333,0.15402666
14334,0.08412835
14335,0.0083517535
14336,0.028303975
14337,0.026163315
14338,0.003643068
14339,0.023457874
14340,0.046509694
14341,0.054244425
14342,0.047638662
14343,0.029564764
14344,0.00836063
14345,0.026915355
14346,0.041292105
14347,0.03830625
14348,0.013946349
14349,0.02398149
14350,0.07398708
14351,0.102964565
14352,0.09709052
14353,0.072833896
14354,0.023667654
14355,0.0253258
14356,0.054060187
14357,0.073197134
14358,0.060225796
14359,0.0045326473
14360,0.06696916
14361,0.14656237
14362,0.21552317
14363,0.1780545
14364,0.0414731
14365,0.07311321
14366,0.1530015
14367,0.14064056
14368,0.0009414209
14369,0.25846186
14370,0.48629203
14371,0.5511593
14372,0.31489882
14373,0.106695764
14374,0.07783811
14375,0.1420771
14376,0.02594599
14377,0.27728668
14378,0.44876108
14379,0.4198868
14380,0.2621475
14381,0.046220157
14382,0.07758584
14383,0.079273365
14384,0.052396655
14385,0.2233369
14386,0.3414429
14387,0.30994955
14388,0.20623969
14389,0.0692892
14390,0.031292934
14391,0.049326405
14392,0.007736912
14393,0.1044176
14394,0.18905015
14395,0.19252539
14396,0.14792344
14397,0.030979337
14398,0.062153373
14399,0.08736592
14400,0.022374827
14401,0.07557905
14402,0.16287017
14403,0.20558664
14404,0.13739474
14405,0.0015052791
14406,0.12539445
14407,0.12333884
14408,0.055440936
14409,0.06565626
14410,0.178951
14411,0.20073456
14412,0.12591255
14413,0.017925631
14414,0.13687545
14415,0.1802532
14416,0.12733687
14417,-0.004421261
14418,0.1525633
14419,0.24527371
14420,0.26424336
14421,0.15028165
14422,0.039596528
14423,0.072871625
14424,0.16195096
14425,0.13755906
14426,-0.00656564
14427,0.20875649
14428,0.3920423
14429,0.4220114
14430,0.33816355
14431,0.061869603
14432,0.114609115
14433,0.22555633
14434,0.16044433
14435,0.05501448
14436,0.34497073
14437,0.59137416
14438,0.69684434
14439,0.5385462
14440,0.28859356
14441,0.0079306625
14442,0.14255522
14443,0.10436276
14444,0.07726665
14445,0.31919885
14446,0.446396
14447,0.46649578
14448,0.25180736
14449,0.044025533
14450,0.09573591
14451,0.12741533
14452,0.07648242
14453,0.035595216
14454,0.16775934
14455,0.2628986
14456,0.28628927
14457,0.26369837
14458,0.17210875
14459,0.012651552
14460,0.083208606
14461,0.100562245
14462,0.043562993
14463,0.061773416
14464,0.17243132
14465,0.24001469
14466,0.21654852
14467,0.101661675
14468,0.024679996
14469,0.10884218
14470,0.11576566
14471,0.057658777
14472,0.04936503
14473,0.19166772
14474,0.30102634
14475,0.30736098
14476,0.21841185
14477,0.06563247
14478,0.016546572
14479,0.03759988
14480,0.00029325415
14481,0.0701706
14482,0.11961067
14483,0.12296515
14484,0.08844036
14485,0.04245466
14486,0.00879674
14487,0.0048070503
14488,0.003449175
14489,0.0022471945
14490,0.006460198
14491,0.006432172
14492,0.003921596
14493,0.0009026737
14494,0.00096342305
14495,0.001454409
14496,0.00014664164
14497,0.0069356775
14498,0.019619264
14499,0.031944055
14500,0.03392641
14501,0.01504215
14502,0.014207345
14503,0.032658927
14504,0.015219917
14505,0.03930323
14506,0.10239057
14507,0.14235912
14508,0.14180654
14509,0.06713287
14510,0.01297435
14511,0.04142333
14512,0.05594798
14513,0.02075294
14514,0.04538648
14515,0.12785701
14516,0.17101833
14517,0.1900971
14518,0.13623942
14519,0.06241275
14520,0.051775318
14521,0.093637355
14522,0.055701923
14523,0.045132924
14524,0.1623544
14525,0.25088686
14526,0.27723026
14527,0.20566426
14528,0.10061322
14529,0.018340759
14530,0.097142406
14531,0.06851667
14532,0.05243469
14533,0.2270152
14534,0.34697214
14535,0.3901112
14536,0.31807938
14537,0.12891692
14538,0.02980157
14539,0.080537245
14540,0.0041544572
14541,0.12425042
14542,0.23774275
14543,0.24886462
14544,0.18553737
14545,0.077724546
14546,0.009104168
14547,0.026242785
14548,0.030596511
14549,0.015849851
14550,0.0027656422
14551,0.026843492
14552,0.05239034
14553,0.073192276
14554,0.089623295
14555,0.08781804
14556,0.064331494
14557,0.015488426
14558,0.025267748
14559,0.030576978
14560,0.010784296
14561,0.03316325
14562,0.08416995
14563,0.11323387
14564,0.09992175
14565,0.048667345
14566,0.014498888
14567,0.011528358
14568,0.014864381
14569,-0.0002551155
14570,0.019391173
14571,0.03325287
14572,0.034935575
14573,0.028469363
14574,0.021506289
14575,0.0138260275
14576,0.010290542
14577,0.0053500566
14578,0.0019702108
14579,0.00755315
14580,0.016491402
14581,0.019089624
14582,0.018421087
14583,0.009925932
14584,0.008174861
14585,0.037131216
14586,0.068735346
14587,0.0780354
14588,0.052151937
14589,0.012834586
14590,0.061370295
14591,0.089337036
14592,0.074596785
14593,0.0068840464
14594,0.0826307
14595,0.15269822
14596,0.14427987
14597,0.088360146
14598,0.020983532
14599,0.09545565
14600,0.117328
14601,0.10112553
14602,0.025552284
14603,0.06467959
14604,0.1444742
14605,0.15928343
14606,0.11782212
14607,0.024605595
14608,0.043923657
14609,0.08110628
14610,0.0635812
14611,0.020828065
14612,0.024622858
14613,0.05814351
14614,0.06724127
14615,0.059428234
14616,0.043865107
14617,0.0247179
14618,0.015822912
14619,0.0065090754
14620,0.0013277968
14621,0.010813348
14622,0.02149508
14623,0.025831783
14624,0.021532986
14625,0.007533176
14626,0.0076934975
14627,0.023116358
14628,0.03198146
14629,0.032055642
14630,0.027666062
14631,0.0057011917
14632,0.028237678
14633,0.057060048
14634,0.07892451
14635,0.0703476
14636,0.03897886
14637,0.01515989
14638,0.09483013
14639,0.1571448
14640,0.16726163
14641,0.071066946
14642,0.007314073
14643,0.10601657
14644,0.11483345
14645,0.035681203
14646,0.111663714
14647,0.28204483
14648,0.37079936
14649,0.3048695
14650,0.13567461
14651,0.03442746
14652,0.11536824
14653,0.07323785
14654,0.02886696
14655,0.1602347
14656,0.21429959
14657,0.21242644
14658,0.057819907
14659,0.1020966
14660,0.17173836
14661,0.08892843
14662,0.05211837
14663,0.17671984
14664,0.18771578
14665,0.080289245
14666,0.049863517
14667,0.19771242
14668,0.15006348
14669,0.014537874
14670,0.1433384
14671,0.22175494
14672,0.2185762
14673,0.06871742
14674,0.13132599
14675,0.19555882
14676,0.1512586
14677,0.03254592
14678,0.26858217
14679,0.40126312
14680,0.28110683
14681,0.12484883
14682,0.10775624
14683,0.23991084
14684,0.12419673
14685,0.09347536
14686,0.290832
14687,0.37746748
14688,0.27117074
14689,0.06940921
14690,0.08953768
14691,0.19521469
14692,0.17282534
14693,0.049776156
14694,0.13616008
14695,0.29256818
14696,0.30475074
14697,0.16427824
14698,0.07943825
14699,0.3150208
14700,0.33488947
14701,0.20328546
14702,0.056402367
14703,0.3093194
14704,0.44666764
14705,0.3733451
14706,0.16525933
14707,0.03178984
14708,0.20410201
14709,0.2002596
14710,0.04191956
14711,0.18217778
14712,0.4087025
14713,0.51166564
14714,0.49592793
14715,0.35200596
14716,0.104766674
14717,0.06376414
14718,0.096491754
14719,0.0018040473
14720,0.17482065
14721,0.3122206
14722,0.3788468
14723,0.3182743
14724,0.1820335
14725,0.03446558
14726,0.05498979
14727,0.056311212
14728,0.018577367
14729,0.14223422
14730,0.2427218
14731,0.28294003
14732,0.2201348
14733,0.097356215
14734,0.033041965
14735,0.059407733
14736,0.0018015965
14737,0.118015595
14738,0.23933026
14739,0.27923995
14740,0.20889246
14741,0.07760592
14742,0.026965806
14743,0.03776404
14744,0.04638241
14745,0.16859233
14746,0.23860227
14747,0.21286725
14748,0.112494506
14749,0.004847962
14750,0.043204978
14751,0.018703844
14752,0.047720652
14753,0.115418926
14754,0.15220888
14755,0.13862889
14756,0.08013196
14757,0.031885616
14758,0.0073904647
14759,0.03630479
14760,0.042025004
14761,0.019669436
14762,0.027750654
14763,0.102762274
14764,0.16662008
14765,0.19668251
14766,0.14155748
14767,0.03010901
14768,0.08186938
14769,0.114801966
14770,0.06751078
14771,0.08113601
14772,0.27083072
14773,0.4173726
14774,0.3657581
14775,0.24910995
14776,0.012459372
14777,0.121196896
14778,0.12012879
14779,0.024975114
14780,0.1195525
14781,0.24190855
14782,0.27018955
14783,0.22141342
14784,0.07285172
14785,0.069858216
14786,0.11166011
14787,0.09545447
14788,0.018132715
14789,0.05786298
14790,0.10734945
14791,0.110644706
14792,0.068268545
14793,0.024437577
14794,0.007624039
14795,0.023755506
14796,0.030376393
14797,0.034662988
14798,0.039208088
14799,0.04064146
14800,0.03297815
14801,0.002061426
14802,0.04095745
14803,0.08833378
14804,0.100154586
14805,0.03655357
14806,0.04827984
14807,0.12687962
14808,0.15184742
14809,0.10126143
14810,-0.004346736
14811,0.1099811
14812,0.19290707
14813,0.20466174
14814,0.09278207
14815,0.0125531275
14816,0.10621788
14817,0.15486388
14818,0.098799884
14819,0.0026056613
14820,0.11460077
14821,0.1755201
14822,0.15159263
14823,0.046909403
14824,0.044204112
14825,0.18329461
14826,0.15901428
14827,0.067717284
14828,0.07967586
14829,0.24446514
14830,0.3072501
14831,0.25458926
14832,0.1375095
14833,-0.0012062746
14834,0.08308643
14835,0.053531684
14836,0.041819505
14837,0.15058054
14838,0.2063844
14839,0.22134
14840,0.17847748
14841,0.1133425
14842,-0.00083575037
14843,0.06524124
14844,0.06769831
14845,0.015657028
14846,0.08586679
14847,0.23788454
14848,0.35087234
14849,0.35673392
14850,0.26853722
14851,0.056841645
14852,0.09476054
14853,0.08962841
14854,0.10046535
14855,0.4081538
14856,0.6373532
14857,0.63084686
14858,0.33125854
14859,0.058585864
14860,0.15429513
14861,0.11434678
14862,0.1254945
14863,0.42005935
14864,0.50994384
14865,0.48376614
14866,0.10183709
14867,0.09235494
14868,0.20006289
14869,0.08569006
14870,0.15211202
14871,0.3812085
14872,0.50973845
14873,0.34733737
14874,0.11915792
14875,0.091094814
14876,0.17129993
14877,0.12430495
14878,0.012653466
14879,0.19206516
14880,0.28369114
14881,0.28520173
14882,0.19100508
14883,0.08663089
14884,0.008795045
14885,0.071550414
14886,0.05988123
14887,0.012183578
14888,0.03799067
14889,0.08841799
14890,0.121602796
14891,0.1337527
14892,0.12709798
14893,0.10060639
14894,0.06561384
14895,0.0018245425
14896,0.0487535
14897,0.09674568
14898,0.06369649
14899,0.009183811
14900,0.14553726
14901,0.2828117
14902,0.36673892
14903,0.35208416
14904,0.23767631
14905,0.0614567
14906,0.08244957
14907,0.12168849
14908,0.02407312
14909,0.14934209
14910,0.33589283
14911,0.3927284
14912,0.35405278
14913,0.23022148
14914,0.095825225
14915,0.030560246
14916,0.07922879
14917,0.05558777
14918,0.014577465
14919,0.10992878
14920,0.18389803
14921,0.2367751
14922,0.24239777
14923,0.15688162
14924,0.039851397
14925,0.036352195
14926,0.05079446
14927,0.003871085
14928,0.063053034
14929,0.10878555
14930,0.1130896
14931,0.06735368
14932,0.028959446
14933,0.004668354
14934,0.00072921405
14935,0.0016689685
14936,0.0017519818
14937,0.00575919
14938,0.027084054
14939,0.05253534
14940,0.045119468
14941,0.00040668715
14942,0.056078754
14943,0.05531374
14944,0.028520413
14945,0.19783494
14946,0.35554346
14947,0.40196422
14948,0.30164438
14949,0.102114156
14950,0.0613432
14951,0.09866467
14952,0.021255318
14953,0.2666094
14954,0.4544807
14955,0.45047313
14956,0.32971093
14957,0.14698951
14958,0.021706173
14959,0.09705831
14960,0.0012736628
14961,0.17717543
14962,0.3522314
14963,0.42025432
14964,0.3576503
14965,0.21016845
14966,0.054687146
14967,0.041789286
14968,0.046970222
14969,0.012954074
14970,0.110222735
14971,0.1838985
14972,0.20195942
14973,0.16310652
14974,0.074242085
14975,0.0038906925
14976,0.031105394
14977,0.024265073
14978,0.010567114
14979,0.05501887
14980,0.082596116
14981,0.08744676
14982,0.06469297
14983,0.031832375
14984,0.0056132516
14985,0.026481746
14986,0.011621355
14987,0.022576334
14988,0.06313191
14989,0.09201512
14990,0.080771476
14991,0.054033462
14992,0.017127689
14993,0.01603581
14994,0.022504607
14995,-0.0011643781
14996,0.038842876
14997,0.074976414
14998,0.08536449
14999,0.06349267
15000,0.023564689
15001,0.007169242
15002,0.027107501
15003,0.028444478
15004,0.013931932
15005,0.009265005
15006,0.03747859
15007,0.06128266
15008,0.064842194
15009,0.05743443
15010,0.044263937
15011,0.011372487
15012,0.021561356
15013,0.04829203
15014,0.045393284
15015,0.022327118
15016,0.024716068
15017,0.09391755
15018,0.16250975
15019,0.17477739
15020,0.16259155
15021,0.07994106
15022,0.0056575993
15023,0.054128736
15024,0.06522033
15025,0.0045409068
15026,0.08373867
15027,0.17596036
15028,0.23899806
15029,0.22778296
15030,0.15591975
15031,0.056963965
15032,0.010519785
15033,0.053350396
15034,0.037378374
15035,0.011342745
15036,0.086368494
15037,0.1553835
15038,0.19001053
15039,0.18075821
15040,0.1399133
15041,0.046287064
15042,0.022599269
15043,0.054301348
15044,0.021504994
15045,0.052219536
15046,0.13683008
15047,0.17209776
15048,0.13528644
15049,0.05204613
15050,0.018845849
15051,0.062302828
15052,0.046448097
15053,0.015628764
15054,0.100267164
15055,0.1550417
15056,0.1459203
15057,0.020075103
15058,0.059289824
15059,0.089182064
15060,0.0015402308
15061,0.15908591
15062,0.28263053
15063,0.31184334
15064,0.088218674
15065,0.10505985
15066,0.14356092
15067,0.008913506
15068,0.23607597
15069,0.45234913
15070,0.51623297
15071,0.3720739
15072,0.08613795
15073,0.081666246
15074,0.14673853
15075,0.03238947
15076,0.18442045
15077,0.43085605
15078,0.56355095
15079,0.47997215
15080,0.32089803
15081,0.09888394
15082,0.052149422
15083,0.109338365
15084,0.03858542
15085,0.09342262
15086,0.23825425
15087,0.30462217
15088,0.2842995
15089,0.16668826
15090,0.046523105
15091,0.025301425
15092,0.08045524
15093,0.05902565
15094,0.0041421643
15095,0.07991095
15096,0.13034184
15097,0.14050722
15098,0.11482767
15099,0.04340045
15100,0.0021423541
15101,0.015598241
15102,0.0045017437
15103,0.012285572
15104,0.020751165
15105,0.016827451
15106,0.0071725273
15107,2.1058215e-05
15108,0.0030195059
15109,0.007352078
15110,0.012504139
15111,0.012123078
15112,0.001684506
15113,0.02916866
15114,0.05399888
15115,0.04220656
15116,0.016713968
15117,0.026408449
15118,0.04129838
15119,0.011192256
15120,0.058127414
15121,0.12562053
15122,0.12389548
15123,0.05100855
15124,0.0005515398
15125,0.03741391
15126,0.02762995
15127,0.03073316
15128,0.087305754
15129,0.107950315
15130,0.05755564
15131,0.00084328605
15132,0.043149594
15133,0.024930188
15134,0.025496854
15135,0.07001538
15136,0.07546169
15137,0.04589707
15138,0.0014318079
15139,0.047311753
15140,0.028051188
15141,0.044053085
15142,0.13094886
15143,0.18969743
15144,0.15421881
15145,0.012662862
15146,0.09915807
15147,0.093573615
15148,0.011101747
15149,0.15807295
15150,0.21426468
15151,0.114822336
15152,0.13693099
15153,0.29562274
15154,0.28513524
15155,0.07843017
15156,0.24370886
15157,0.4942184
15158,0.52859855
15159,0.35400528
15160,0.041471295
15161,0.21064465
15162,0.2185602
15163,0.119115785
15164,0.6151549
15165,0.9385173
15166,0.8131313
15167,0.33650097
15168,0.010235114
15169,0.21403362
15170,0.1205433
15171,0.15235245
15172,0.48788014
15173,0.67201865
15174,0.6228465
15175,0.3983792
15176,0.12557743
15177,0.056677427
15178,0.08508879
15179,0.017210552
15180,0.08263225
15181,0.16811077
15182,0.1905571
15183,0.16199426
15184,0.112168066
15185,0.054718334
15186,0.011212872
15187,0.046620462
15188,0.06355764
15189,0.06022072
15190,0.016617535
15191,0.060007468
15192,0.16458903
15193,0.24809457
15194,0.26714623
15195,0.18901975
15196,0.075141
15197,0.029269328
15198,0.048505686
15199,0.017645149
15200,0.13697386
15201,0.23396862
15202,0.24021475
15203,0.1452648
15204,0.052339464
15205,0.024684355
15206,0.034193285
15207,0.03952024
15208,0.14790004
15209,0.19755284
15210,0.2023523
15211,0.08412618
15212,0.0022833906
15213,0.048094798
15214,0.027531479
15215,0.070645735
15216,0.19936612
15217,0.27862006
15218,0.26084074
15219,0.15338033
15220,0.017217534
15221,0.059035406
15222,0.034438506
15223,0.06807942
15224,0.19388492
15225,0.26238713
15226,0.2421735
15227,0.15387511
15228,0.049278166
15229,0.025050197
15230,0.038345724
15231,0.0074887984
15232,0.03790867
15233,0.08431524
15234,0.10755702
15235,0.09954785
15236,0.07970033
15237,0.055291917
15238,0.01948117
15239,0.013579517
15240,0.025810244
15241,0.01528358
15242,0.0065938877
15243,0.03477461
15244,0.056023143
15245,0.063048534
15246,0.052379344
15247,0.026582569
15248,0.004810902
15249,0.0031757478
15250,0.0036022677
15251,0.0010901995
15252,0.005425833
15253,0.006155758
15254,0.004004735
15255,0.0013778247
15256,0.00013528051
15257,0.0005677478
15258,0.00019487727
15259,0.002914416
15260,0.0064583854
15261,0.009216929
15262,0.00861641
15263,0.0013758088
15264,0.0037533564
15265,0.00386937
15266,0.00076762406
15267,0.00858291
15268,0.014884437
15269,0.016705506
15270,0.013795744
15271,0.0063544246
15272,0.0012586443
15273,0.0066107833
15274,0.0055176183
15275,0.0013714305
15276,0.013464243
15277,0.022245852
15278,0.027000586
15279,0.020617751
15280,0.0028412824
15281,0.017007466
15282,0.020337513
15283,0.0054407245
15284,0.024923129
15285,0.053829387
15286,0.06479971
15287,0.04351717
15288,0.02062925
15289,0.052526798
15290,0.076671
15291,0.05248508
15292,0.010411937
15293,0.089498155
15294,0.13442904
15295,0.14476895
15296,0.10635116
15297,0.00029136665
15298,0.07390386
15299,0.107445545
15300,0.07970763
15301,0.03347097
15302,0.20762822
15303,0.3630562
15304,0.3712137
15305,0.24940494
15306,0.0008729274
15307,0.14558296
15308,0.19478758
15309,0.062078565
15310,0.13703531
15311,0.3046303
15312,0.31786066
15313,0.16015448
15314,0.024867402
15315,0.15121657
15316,0.16549812
15317,0.08088107
15318,0.024988241
15319,0.13440864
15320,0.20557359
15321,0.19074908
15322,0.16342096
15323,0.08572339
15324,0.01517225
15325,0.042234275
15326,0.059997406
15327,0.06800329
15328,0.042773318
15329,0.003229667
15330,0.07471323
15331,0.13729285
15332,0.17342907
15333,0.16366825
15334,0.12421229
15335,0.014238899
15336,0.11035828
15337,0.16256756
15338,0.1105337
15339,0.02975576
15340,0.25760671
15341,0.49793896
15342,0.59665287
15343,0.5485231
15344,0.29924557
15345,0.0062681423
15346,0.2020617
15347,0.16172251
15348,0.12137758
15349,0.51673895
15350,0.8314266
15351,0.8036795
15352,0.5665837
15353,0.054121975
15354,0.32477438
15355,0.32285753
15356,-0.014852275
15357,0.4610537
15358,0.87731194
15359,1.0513433
15360,0.73916465
15361,0.16502512
15362,0.1667802
15363,0.2851628
15364,0.051616427
15365,0.283713
15366,0.54006314
15367,0.51328784
15368,0.3019405
15369,0.062865674
15370,0.20548512
15371,0.26504216
15372,0.17529762
15373,0.016856935
15374,0.24748243
15375,0.38326102
15376,0.3599272
15377,0.280213
15378,0.04044053
15379,0.07145151
15380,0.09555959
15381,0.026842311
15382,0.085774146
15383,0.1884555
15384,0.22278216
15385,0.18850116
15386,0.119053215
15387,0.03314961
15388,0.01637555
15389,0.0073828166
15390,0.029113475
15391,0.06301493
15392,0.06584981
15393,0.051035613
15394,0.01628363
15395,0.0038184633
15396,0.0003492031
15397,0.020546518
15398,0.03613461
15399,0.028444534
15400,0.004271615
15401,0.012126623
15402,0.008300814
15403,0.007018225
15404,0.019748306
15405,0.0202061
15406,0.008788488
15407,0.0041505024
15408,0.012597838
15409,0.012081331
15410,0.00991337
15411,0.004560021
15412,-0.00019167288
15413,0.0046482994
15414,0.008052626
15415,0.010880721
15416,0.013276905
15417,0.012615129
15418,0.0066408156
15419,0.011148538
15420,0.03857524
15421,0.06461665
15422,0.065650515
15423,0.04140567
15424,0.009562356
15425,0.07465173
15426,0.102555655
15427,0.075502984
15428,0.008668668
15429,0.10570309
15430,0.16549036
15431,0.15190843
15432,0.05595287
15433,0.0593029
15434,0.161811
15435,0.2092669
15436,0.16682228
15437,0.06391584
15438,0.062669806
15439,0.15931827
15440,0.14566997
15441,0.019389587
15442,0.12207096
15443,0.22545493
15444,0.2185698
15445,0.09261354
15446,0.05692685
15447,0.12699248
15448,0.15723148
15449,0.06911103
15450,0.057767924
15451,0.19887368
15452,0.26654702
15453,0.23911543
15454,0.13872682
15455,0.019823927
15456,0.07765015
15457,0.05840948
15458,0.018939205
15459,0.10981932
15460,0.15081693
15461,0.13517012
15462,0.076235674
15463,0.012303009
15464,0.01717095
15465,0.0259237
15466,0.018512642
15467,0.0053457636
15468,0.0063987235
15469,0.017754527
15470,0.025617829
15471,0.027420528
15472,0.026286218
15473,0.022670351
15474,0.018093852
15475,0.012383066
15476,0.007922777
15477,0.00017213225
15478,0.013611955
15479,0.024833886
15480,0.032023903
15481,0.020291723
15482,0.015945172
15483,0.077933975
15484,0.13705233
15485,0.15693112
15486,0.117637746
15487,0.022556238
15488,0.02569167
15489,0.04834109
15490,0.008232109
15491,0.057485923
15492,0.12193869
15493,0.15590927
15494,0.13470867
15495,0.08492583
15496,0.029358344
15497,0.01677493
15498,0.035802938
15499,0.029536195
15500,-0.0009896815
15501,0.044421524
15502,0.08698896
15503,0.11659176
15504,0.12626298
15505,0.11375064
15506,0.07784026
15507,0.024302224
15508,0.030599173
15509,0.0699383
15510,0.051959272
15511,0.0196808
15512,0.14685939
15513,0.26030195
15514,0.28836438
15515,0.23415078
15516,0.11465877
15517,0.026485592
15518,0.08481465
15519,0.020423718
15520,0.11411979
15521,0.24142672
15522,0.29705346
15523,0.25180084
15524,0.12433985
15525,0.01697352
15526,0.04592074
15527,0.03823723
15528,0.0005212233
15529,0.051537298
15530,0.08439531
15531,0.09029056
15532,0.07384581
15533,0.054746345
15534,0.035150167
15535,0.019345185
15536,0.0074963467
15537,0.0053844135
15538,0.018631903
15539,0.032308802
15540,0.036990695
15541,0.017280228
15542,0.021035742
15543,0.07329701
15544,0.11718386
15545,0.11889516
15546,0.07907951
15547,0.006138906
15548,0.056452107
15549,0.06759053
15550,0.030261232
15551,0.03179534
15552,0.11233616
15553,0.17343992
15554,0.19963999
15555,0.17549671
15556,0.10857198
15557,0.004893041
15558,0.040395364
15559,0.04510508
15560,0.016517444
15561,0.12602061
15562,0.21423572
15563,0.22879536
15564,0.15302208
15565,0.04382661
15566,0.029994177
15567,0.040813167
15568,-0.0011128925
15569,0.06496893
15570,0.114773236
15571,0.11295947
15572,0.088300735
15573,0.032970995
15574,0.009514937
15575,0.026980812
15576,0.010866901
15577,0.03430851
15578,0.08297644
15579,0.113313906
15580,0.10503657
15581,0.054430015
15582,0.0030479955
15583,0.017736085
15584,0.0017574241
15585,0.045095574
15586,0.07914639
15587,0.08112695
15588,0.052263662
15589,0.013497611
15590,0.00974156
15591,0.006431368
15592,0.015993232
15593,0.046037275
15594,0.06382433
15595,0.05484588
15596,0.026496666
15597,0.0016799715
15598,0.020216966
15599,0.014784635
15600,0.013641013
15601,0.054725327
15602,0.090226136
15603,0.09586752
15604,0.053668823
15605,0.014731414
15606,0.020968344
15607,0.021422153
15608,0.0065765544
15609,0.05414802
15610,0.088379465
15611,0.0933578
15612,0.07997089
15613,0.031919822
15614,0.008854046
15615,0.027688127
15616,0.018071035
15617,0.0154502
15618,0.06724199
15619,0.106516875
15620,0.1215511
15621,0.102956645
15622,0.043872196
15623,0.018176252
15624,0.0415692
15625,0.0006337359
15626,0.10238779
15627,0.20539099
15628,0.23714553
15629,0.17242664
15630,0.04470247
15631,0.063861996
15632,0.039556492
15633,0.08884318
15634,0.2399551
15635,0.33180034
15636,0.2954541
15637,0.07999099
15638,0.054542936
15639,0.09695192
15640,0.04214185
15641,0.2974833
15642,0.49000502
15643,0.5398224
15644,0.35485706
15645,0.08923739
15646,0.12484021
15647,0.12030133
15648,0.06741912
15649,0.3639555
15650,0.5781696
15651,0.56501967
15652,0.29371166
15653,0.012879817
15654,0.2400901
15655,0.21746913
15656,-0.006052384
15657,0.3126656
15658,0.5836103
15659,0.71150863
15660,0.5871724
15661,0.18160668
15662,0.051206358
15663,0.20745115
15664,0.08699924
15665,0.15304771
15666,0.41476068
15667,0.57355714
15668,0.52997756
15669,0.34347227
15670,0.08899032
15671,0.121479206
15672,0.14885032
15673,-0.0027054548
15674,0.20281063
15675,0.3569722
15676,0.42745706
15677,0.31164533
15678,0.18610701
15679,0.02442303
15680,0.0822811
15681,0.075826585
15682,-0.00083580636
15683,0.10557477
15684,0.2066587
15685,0.26708218
15686,0.24417119
15687,0.14689082
15688,0.046137184
15689,0.044082917
15690,0.052007362
15691,0.020649604
15692,0.13857873
15693,0.22203912
15694,0.21943118
15695,0.12697579
15696,0.033384584
15697,0.02722486
15698,0.029951204
15699,0.002857902
15700,0.044998825
15701,0.07497196
15702,0.07221359
15703,0.05619466
15704,0.020210065
15705,0.0023544356
15706,0.014975487
15707,0.011873257
15708,0.0028187197
15709,0.02020859
15710,0.031923227
15711,0.035187222
15712,0.025006674
15713,0.0108088
15714,0.007069648
15715,0.01679149
15716,0.008900322
15717,0.0095098
15718,0.03838797
15719,0.06159893
15720,0.05161977
15721,0.0323296
15722,0.011328529
15723,0.031036751
15724,0.00588471
15725,0.05025734
15726,0.11112436
15727,0.13546273
15728,0.092680685
15729,0.012269382
15730,0.030652687
15731,0.02322562
15732,0.01934044
15733,0.06328922
15734,0.07494152
15735,0.051990967
15736,0.024800388
15737,0.0029630214
15738,0.010352714
15739,0.014807473
15740,0.012440909
15741,0.007431457
15742,-0.00067639234
15743,0.014434827
15744,0.038059182
15745,0.06531864
15746,0.08166587
15747,0.072195664
15748,0.02282526
15749,0.030069869
15750,0.043270558
15751,0.021816414
15752,0.02886337
15753,0.08567741
15754,0.10706046
15755,0.08705956
15756,0.035342146
15757,0.0044375663
15758,0.030311339
15759,0.035405062
15760,0.03160817
15761,0.019510068
15762,-0.0018533025
15763,0.025596356
15764,0.055248242
15765,0.082876004
15766,0.090343125
15767,0.087860815
15768,0.053472716
15769,0.0152457245
15770,0.032614708
15771,0.061186556
15772,0.04786968
15773,0.004650953
15774,0.100969225
15775,0.19425169
15776,0.26102364
15777,0.2276097
15778,0.16083463
15779,0.03245795
15780,0.09533374
15781,0.109060794
15782,0.011493485
15783,0.22118175
15784,0.41974023
15785,0.4724456
15786,0.39569357
15787,0.21040028
15788,0.012587172
15789,0.10837705
15790,0.09340331
15791,0.00773407
15792,0.1559636
15793,0.27467585
15794,0.30795577
15795,0.24187386
15796,0.13481943
15797,0.009921972
15798,0.13721016
15799,0.15722048
15800,0.099629894
15801,0.033511356
15802,0.21471152
15803,0.3283106
15804,0.37651104
15805,0.2929528
15806,0.13807262
15807,0.035695586
15808,0.14293464
15809,0.07251787
15810,0.15172373
15811,0.40256554
15812,0.5673774
15813,0.5523738
15814,0.33967495
15815,0.051456396
15816,0.10744692
15817,0.09799646
15818,0.041687075
15819,0.268117
15820,0.45003268
15821,0.49063718
15822,0.32065782
15823,0.09102686
15824,0.05758691
15825,0.09004629
15826,0.05727178
15827,0.31143808
15828,0.45650202
15829,0.4452748
15830,0.28824678
15831,0.016837131
15832,0.13873784
15833,0.040451683
15834,0.18526836
15835,0.41569135
15836,0.5409057
15837,0.43291214
15838,0.12929142
15839,0.05846272
15840,0.14517252
15841,0.048437037
15842,0.16465516
15843,0.4184716
15844,0.5821153
15845,0.493731
15846,0.2350858
15847,0.02574886
15848,0.19435565
15849,0.16814044
15850,-0.004100687
15851,0.24805167
15852,0.46639436
15853,0.5888258
15854,0.5437983
15855,0.34174946
15856,0.044764116
15857,0.14410704
15858,0.16935065
15859,0.07270559
15860,0.09601931
15861,0.29625803
15862,0.40548223
15863,0.39770862
15864,0.2599248
15865,0.05487614
15866,0.09858165
15867,0.21317971
15868,0.24919945
15869,0.12481597
15870,0.10666472
15871,0.44963667
15872,0.74091864
15873,0.7464868
15874,0.6453835
15875,0.3406058
15876,0.070645735
15877,0.23087373
15878,0.1249465
15879,0.114019305
15880,0.40907955
15881,0.61262834
15882,0.5663866
15883,0.36992946
15884,0.13456605
15885,0.002925288
15886,0.10998826
15887,0.10243121
15888,0.017085958
15889,0.07127464
15890,0.15158954
15891,0.1823155
15892,0.17079225
15893,0.14683047
15894,0.10471834
15895,0.046129107
15896,0.00047095574
15897,0.033460204
15898,0.0470626
15899,0.025554366
15900,0.011500669
15901,0.061698847
15902,0.09959335
15903,0.10690461
15904,0.10171627
15905,0.077119626
15906,0.03737642
15907,0.0058935913
15908,0.013214422
15909,0.01593778
15910,0.006909706
15911,0.0029600002
15912,0.012121508
15913,0.014820635
15914,0.01285504
15915,0.010362883
15916,0.011039803
15917,0.017594133
15918,0.030574964
15919,0.042607516
15920,0.055629406
15921,0.035172183
15922,0.020451736
15923,0.06427392
15924,0.07357505
15925,0.0094753895
15926,0.11393332
15927,0.26223922
15928,0.3110137
15929,0.24895592
15930,0.12871574
15931,0.049505606
15932,0.121464595
15933,0.029615523
15934,0.14007938
15935,0.3197939
15936,0.38376823
15937,0.269852
15938,0.07562751
15939,0.036961496
15940,0.06040108
15941,0.028878625
15942,0.17964312
15943,0.2592512
15944,0.21824513
15945,0.108009316
15946,0.015721863
15947,0.024944248
15948,0.009843533
15949,0.07601169
15950,0.114689164
15951,0.0906244
15952,0.05206494
15953,0.0010823406
15954,0.019050496
15955,0.0074260975
15956,0.015752574
15957,0.03651107
15958,0.04846965
15959,0.04889877
15960,0.027896965
15961,0.0098963445
15962,0.0044853017
15963,0.015542243
15964,0.011666586
15965,0.0043467493
15966,0.024629656
15967,0.035577573
15968,0.035832107
15969,0.025130661
15970,0.012010841
15971,0.004087209
15972,0.0016194776
15973,0.0017269775
15974,0.0038511334
15975,0.0033264593
15976,0.008076727
15977,0.029876417
15978,0.047347836
15979,0.04745311
15980,0.011484014
15981,0.118897006
15982,0.20639825
15983,0.17437884
15984,0.004022413
15985,0.116722606
15986,0.29228097
15987,0.26086286
15988,0.06783214
15989,0.18108615
15990,0.41294453
15991,0.44613096
15992,0.35647812
15993,0.020305417
15994,0.2861054
15995,0.41628432
15996,0.26429826
15997,0.047335707
15998,0.42851135
15999,0.6109311
16000,0.5656092
16001,0.137303
16002,0.2193472
16003,0.32991385
16004,0.26433232
16005,0.015022131
16006,0.35182533
16007,0.5881793
16008,0.5671651
16009,0.30478197
16010,0.10143439
16011,0.076997295
16012,0.10120415
16013,0.0055717723
16014,0.1641025
16015,0.27785543
16016,0.260895
16017,0.14213842
16018,0.05615812
16019,0.022762155
16020,0.04173454
16021,0.014377167
16022,0.03640766
16023,0.08460654
16024,0.10288241
16025,0.098717466
16026,0.07276369
16027,0.037886932
16028,0.0045671808
16029,0.015623619
16030,0.019268664
16031,0.0011435807
16032,0.0299793
16033,0.0676768
16034,0.09001697
16035,0.086025864
16036,0.049943306
16037,0.008602277
16038,0.027881254
16039,0.02242798
16040,0.024202272
16041,0.093066074
16042,0.13001011
16043,0.13415946
16044,0.06690227
16045,0.00049259164
16046,0.03467001
16047,0.021347573
16048,0.022294167
16049,0.07868084
16050,0.11120058
16051,0.10559211
16052,0.06909921
16053,0.018029716
16054,0.00912194
16055,0.0149902105
16056,0.002017609
16057,0.02923664
16058,0.047179762
16059,0.046365656
16060,0.031310283
16061,0.012515825
16062,0.0022360594
16063,0.00057189644
16064,0.00037304664
16065,0.0006623426
16066,0.00012097051
16067,0.00089419866
16068,0.0014032166
16069,0.0026214744
16070,0.0062454967
16071,0.008848422
16072,0.004042284
16073,0.00870339
16074,0.028435025
16075,0.046261173
16076,0.044874717
16077,0.033088356
16078,0.0049192933
16079,0.015449178
16080,0.021854758
16081,-0.00036141498
16082,0.035282984
16083,0.072264485
16084,0.093488574
16085,0.08976786
16086,0.05859999
16087,0.01623498
16088,0.01585908
16089,0.025502888
16090,0.007100122
16091,0.031111946
16092,0.08019518
16093,0.112433806
16094,0.10575896
16095,0.059623193
16096,0.016426086
16097,0.020562002
16098,0.017409341
16099,0.03472004
16100,0.105740435
16101,0.12680113
16102,0.09753016
16103,0.0263903
16104,0.01961476
16105,-0.0004784724
16106,0.05630761
16107,0.1061783
16108,0.07438737
16109,0.0030802079
16110,0.042806964
16111,0.022452563
16112,0.0578311
16113,0.14481974
16114,0.17633969
16115,0.1478959
16116,0.036583282
16117,0.067909665
16118,0.055900276
16119,0.04169277
16120,0.2063782
16121,0.338614
16122,0.35914126
16123,0.24713545
16124,0.06430246
16125,0.08360214
16126,0.08677981
16127,0.045162946
16128,0.2605152
16129,0.45811215
16130,0.5060745
16131,0.36780602
16132,0.07309965
16133,0.09740195
16134,0.13600177
16135,0.00153775
16136,0.28722417
16137,0.559232
16138,0.6682244
16139,0.54483324
16140,0.24399114
16141,0.055618983
16142,0.17244305
16143,0.021577608
16144,0.30624318
16145,0.6702956
16146,0.76023006
16147,0.5129936
16148,0.25652808
16149,0.15028983
16150,0.28379413
16151,0.11681415
16152,0.22494008
16153,0.6157624
16154,0.8929726
16155,0.8601006
16156,0.57225794
16157,0.16079846
16158,0.10144604
16159,0.18986197
16160,0.060740717
16161,0.16385928
16162,0.4236619
16163,0.6098764
16164,0.6205441
16165,0.46404082
16166,0.27725607
16167,0.028213378
16168,0.13154238
16169,0.14228715
16170,0.005876679
16171,0.21681437
16172,0.44724655
16173,0.5664175
16174,0.49784547
16175,0.27344373
16176,0.08958371
16177,0.0630347
16178,0.10842587
16179,0.038357016
16180,0.10003098
16181,0.24879774
16182,0.32649857
16183,0.29346567
16184,0.19924843
16185,0.06863399
16186,0.002347153
16187,0.038377598
16188,0.030112147
16189,0.0038830135
16190,0.019503381
16191,0.03958066
16192,0.055654168
16193,0.060666736
16194,0.04749688
16195,0.02035551
16196,0.033185527
16197,0.06815243
16198,0.060958125
16199,0.00933209
16200,0.05405583
16201,0.016612312
16202,0.02691533
16203,0.0462492
16204,0.00073786103
16205,0.007607634
16206,0.03949949
16207,0.0002843258
16208,0.010166073
16209,-0.001268866
16210,0.01251219
16211,0.059115104
16212,0.061639924
16213,0.030694274
16214,-0.0005008638
16215,0.017562907
16216,0.05093138
16217,0.044752434
16218,0.007157725
16219,0.0012760914
16220,0.017452693
16221,0.02577862
16222,0.011564866
16223,0.00036760606
16224,0.0047622956
16225,0.014202044
16226,0.01206805
16227,0.002481452
16228,0.00045541712
16229,0.005938109
16230,0.007761332
16231,0.002398536
16232,0.00047733157
16233,0.009999764
16234,0.023380652
16235,0.024144122
16236,0.009779138
16237,-0.0004063798
16238,0.0060540177
16239,0.02478121
16240,0.04577895
16241,0.043004002
16242,0.022999812
16243,0.0037945823
16244,-4.282521e-05
16245,0.010798331
16246,0.020218628
16247,0.025917483
16248,0.01821273
16249,0.0074085547
16250,0.00076468475
16251,0.00028989307
16252,0.0034737133
16253,0.0058695553
16254,0.006214646
16255,0.004656315
16256,0.0015015762
16257,-9.7984885e-06
16258,0.0014566967
16259,0.0039039787
16260,0.0059920517
16261,0.0045233946
16262,0.00071306044
16263,0.00028882854
16264,0.0039011843
16265,0.007160979
16266,0.006025539
16267,0.001910797
16268,1.0233034e-05
16269,0.0021517682
16270,0.005522526
16271,0.005643052
16272,0.0022930957
16273,6.7079236e-07
16274,0.0015016387
16275,0.006094174
16276,0.00978382
16277,0.008884171
16278,0.0044671884
16279,0.00036770513
16280,5.2943913e-05
16281,0.0043819956
16282,0.011312102
16283,0.016560059
16284,0.018346358
16285,0.013608829
16286,0.0057796673
16287,-0.00014494045
16288,-0.0003504019
16289,0.0052941167
16290,0.013281259
16291,0.019147083
16292,0.018444283
16293,0.017272774
16294,0.010263848
16295,0.0048166495
16296,0.0005085638
16297,0.0005582217
16298,6.641442e-05
16299,0.0060747885
16300,0.016308669
16301,0.027701966
16302,0.03473954
16303,0.02737077
16304,0.012450008
16305,0.0012190163
16306,0.0019468102
16307,0.0015283058
16308,0.015614691
16309,0.03396603
16310,0.04007201
16311,0.036178153
16312,0.022291182
16313,0.009461149
16314,0.0032647597
16315,0.00022752304
16316,0.00074995944
16317,0.00097597216
16318,0.009099736
16319,0.023539959
16320,0.041998267
16321,0.05764483
16322,0.05872303
16323,0.039780732
16324,0.005701428
16325,0.005126832
16326,0.0077375965
16327,0.054570172
16328,0.10057764
16329,0.1174665
16330,0.07532474
16331,0.022656372
16332,-0.000443823
16333,0.003377497
16334,0.009145298
16335,0.030764151
16336,0.03920442
16337,0.04108919
16338,0.03304406
16339,0.026895726
16340,0.015927436
16341,0.0062041483
16342,0.00060846115
16343,0.0016342237
16344,0.005110136
16345,0.023335893
16346,0.046448432
16347,0.057506178
16348,0.050932683
16349,0.028280733
16350,0.0023387
16351,0.004674487
16352,0.0029665022
16353,0.02136233
16354,0.036796063
16355,0.039945688
16356,0.027148815
16357,0.009756942
16358,0.0006015374
16359,0.0001828653
16360,0.0062683644
16361,0.007804355
16362,0.004043547
16363,0.00071620045
16364,0.00020745765
16365,6.729054e-05
16366,0.0003840502
16367,0.00059149513
16368,0.005609611
16369,0.012116781
16370,0.013404933
16371,0.0079228375
16372,0.00082092034
16373,0.0015883171
16374,0.00018184682
16375,0.0038823094
16376,0.005620047
16377,0.0064029437
16378,0.0069412612
16379,0.007994353
16380,0.009249195
16381,0.008632857
16382,0.0029677125
16383,0.00093914743
16384,0.004181003
16385,0.0011502227
16386,0.021775976
16387,0.046536
16388,0.054106776
16389,0.040994257
16390,0.011597363
16391,0.0056588543
16392,0.0046070283
16393,0.03869462
16394,0.074382186
16395,0.06983435
16396,0.03739363
16397,-0.00050328305
16398,0.006692161
16399,0.025822284
16400,0.06490396
16401,0.069236584
16402,0.039382696
16403,0.0052932417
16404,0.021445002
16405,0.0031826203
16406,0.074260965
16407,0.13513286
16408,0.13757242
16409,0.08197384
16410,0.01063792
16411,0.018551692
16412,0.0012601888
16413,0.054033093
16414,0.10295568
16415,0.11096474
16416,0.0794619
16417,0.026413668
16418,0.011310569
16419,0.010117293
16420,0.02280182
16421,0.06653819
16422,0.089682005
16423,0.07728321
16424,0.03130483
16425,0.00093060057
16426,0.0116552245
16427,0.0010075364
16428,0.029775409
16429,0.05032651
16430,0.053465053
16431,0.044436295
16432,0.012486549
16433,0.00916509
16434,0.013436038
16435,0.00080877886
16436,0.02674648
16437,0.044151727
16438,0.040914018
16439,0.03047131
16440,0.010350283
16441,0.0030388848
16442,0.004806864
16443,0.004769919
16444,0.015589421
16445,0.019537188
16446,0.016558506
16447,0.009718067
16448,0.0033197792
16449,0.0004874269
16450,0.0001759112
16451,0.00026948328
16452,0.00068185345
16453,0.0004750188
16454,2.965429e-06
16455,0.00019959394
16456,0.00024527006
16457,0.0009452584
16458,0.005114904
16459,0.008246291
16460,0.007859176
16461,0.005326017
16462,0.027041351
16463,0.048374
16464,0.056293376
16465,0.03347277
16466,0.005869133
16467,0.016476737
16468,0.008848628
16469,0.026073446
16470,0.07272154
16471,0.10203139
16472,0.09924709
16473,0.059868068
16474,0.021697756
16475,0.00945695
16476,0.012176728
16477,0.012789687
16478,0.050114974
16479,0.07639211
16480,0.06718031
16481,0.03420323
16482,0.004583852
16483,0.0067151533
16484,0.0031491339
16485,0.005054743
16486,0.012129733
16487,0.013877725
16488,0.010556306
16489,0.007855217
16490,0.005621829
16491,0.003784445
16492,0.0015681077
16493,0.0005731433
16494,0.0013507574
16495,0.00025606874
16496,0.0025370575
16497,0.0055077295
16498,0.0057081925
16499,0.0035470284
16500,0.0008027355
16501,7.626758e-05
16502,0.0006066584
16503,0.0009352684
16504,0.00047423106
16505,0.00011450845
16506,5.043429e-06
16507,0.0012009038
16508,0.0025620887
16509,0.0031353508
16510,0.0014448082
16511,0.00078823627
16512,0.003826008
16513,0.0032533766
16514,0.00504332
16515,0.022861738
16516,0.039264068
16517,0.03985196
16518,0.027454136
16519,0.0065057827
16520,0.023349931
16521,0.0052156365
16522,0.08179201
16523,0.14008428
16524,0.13931507
16525,0.07629076
16526,0.00042150717
16527,0.046748362
16528,0.00828414
16529,0.09619165
16530,0.20712702
16531,0.25007024
16532,0.2001349
16533,0.09413599
16534,0.02378749
16535,0.072147086
16536,0.043548163
16537,0.026473233
16538,0.12687117
16539,0.19617876
16540,0.22748658
16541,0.20797442
16542,0.10122708
16543,0.036211498
16544,0.11088013
16545,0.075110435
16546,0.026858343
16547,0.15960558
16548,0.22508025
16549,0.1559686
16550,0.07327035
16551,0.16042928
16552,0.23608078
16553,0.21279545
16554,0.09449909
16555,0.12652513
16556,0.3348624
16557,0.44976196
16558,0.38091338
16559,0.012578219
16560,0.28151464
16561,0.34831336
16562,0.21077281
16563,0.08051637
16564,0.4041917
16565,0.606182
16566,0.5930029
16567,0.4244979
16568,0.008865128
16569,0.28730807
16570,0.2717426
16571,0.06830814
16572,0.24986619
16573,0.53513885
16574,0.5625536
16575,0.28644168
16576,0.050439075
16577,0.30186775
16578,0.31744245
16579,0.10409311
16580,0.1931594
16581,0.45806926
16582,0.5667542
16583,0.36030793
16584,0.14395969
16585,0.10166864
16586,0.14973581
16587,0.024404408
16588,0.16041471
16589,0.30100104
16590,0.2595188
16591,0.10304868
16592,0.08417119
16593,0.15016247
16594,0.072779424
16595,0.054155134
16596,0.1737325
16597,0.17143172
16598,0.082782656
16599,0.007301824
16600,0.06726288
16601,0.06679594
16602,0.004180368
16603,0.09630123
16604,0.14501904
16605,0.112919256
16606,0.06356513
16607,0.0199843
16608,0.088637605
16609,0.094038665
16610,0.017960764
16611,0.08488689
16612,0.1803554
16613,0.20799644
16614,0.12847982
16615,0.08372164
16616,0.18182953
16617,0.22026365
16618,0.061191022
16619,0.16333379
16620,0.353957
16621,0.43409678
16622,0.23948096
16623,0.064989716
16624,0.30945608
16625,0.2938569
16626,0.06810492
16627,0.22470704
16628,0.4938993
16629,0.63755196
16630,0.59149826
16631,0.24943249
16632,-0.0016312806
16633,0.1640571
16634,0.17128104
16635,0.03611692
16636,0.31941426
16637,0.48487037
16638,0.46134934
16639,0.23098226
16640,0.038819145
16641,0.26639304
16642,0.32426426
16643,0.15892535
16644,0.0689109
16645,0.2861664
16646,0.364857
16647,0.27061757
16648,0.12519844
16649,0.12725057
16650,0.30656037
16651,0.24222232
16652,0.049085867
16653,0.17209007
16654,0.3094419
16655,0.27652198
16656,0.09358591
16657,0.055997353
16658,0.22097048
16659,0.1907412
16660,0.03764776
16661,0.13018784
16662,0.2501806
16663,0.2757727
16664,0.17457929
16665,0.03587551
16666,0.081407584
16667,0.07359852
16668,0.0053234324
16669,0.08377619
16670,0.14353165
16671,0.13859443
16672,0.08907602
16673,0.0361755
16674,0.009387411
16675,0.01406203
16676,0.0008932045
16677,0.012149958
16678,0.019041676
16679,0.016633676
16680,0.010439139
16681,0.0045367563
16682,0.0009974926
16683,0.00019829899
16684,0.0001727859
16685,0.0015470468
16686,0.0065207444
16687,0.012542727
16688,0.0156144705
16689,0.009899655
16690,0.008131357
16691,0.014822708
16692,0.0015189508
16693,0.035442285
16694,0.08253895
16695,0.10234201
16696,0.07775225
16697,0.019179553
16698,0.021971358
16699,0.01540844
16700,0.030262128
16701,0.08853053
16702,0.113350846
16703,0.07933527
16704,0.037301995
16705,0.0031229015
16706,0.012015207
16707,0.011198372
16708,0.043799836
16709,0.0652158
16710,0.053466987
16711,0.02773607
16712,0.000989945
16713,0.007073529
16714,0.009446676
16715,0.03155216
16716,0.039454997
16717,0.0289225
16718,0.011597859
16719,1.2263554e-05
16720,0.0026473494
16721,0.000798351
16722,-9.000911e-05
16723,0.00088053383
16724,0.0026506498
16725,0.0034508347
16726,0.0010550711
16727,0.0054653455
16728,0.015601514
16729,0.021287633
16730,0.018922096
16731,0.0037853557
16732,0.01752714
16733,0.030846039
16734,0.02118273
16735,0.00941894
16736,0.05330297
16737,0.08555109
16738,0.09591152
16739,0.06644434
16740,0.022432342
16741,0.038092073
16742,0.10430481
16743,0.1294565
16744,0.07746137
16745,0.0009942222
16746,0.12075215
16747,0.24134548
16748,0.3078729
16749,0.2158718
16750,0.008438428
16751,0.22633058
16752,0.3559662
16753,0.27249074
16754,0.04021685
16755,0.29041564
16756,0.64787287
16757,0.8330294
16758,0.8083127
16759,0.4704374
16760,0.029059084
16761,0.31500682
16762,0.25775543
16763,0.057635225
16764,0.5294749
16765,0.9049786
16766,0.9407335
16767,0.8116617
16768,0.31654376
16769,0.023450024
16770,0.21108235
16771,0.18133005
16772,-0.0038458458
16773,0.25460613
16774,0.4586988
16775,0.58549875
16776,0.5878215
16777,0.379802
16778,0.10970509
16779,0.040501855
16780,0.1912131
16781,0.16659102
16782,-0.009930123
16783,0.28336972
16784,0.5931178
16785,0.66013324
16786,0.5236259
16787,0.22557738
16788,0.06866609
16789,0.14495006
16790,0.020226391
16791,0.22894193
16792,0.45738158
16793,0.5075482
16794,0.33729756
16795,0.17624287
16796,0.011633942
16797,0.04560965
16798,-0.001929549
16799,0.08185882
16800,0.1461255
16801,0.16038741
16802,0.11405752
16803,0.04937946
16804,0.018701749
16805,0.021830447
16806,0.04616107
16807,0.1524272
16808,0.2205712
16809,0.16154063
16810,0.049769137
16811,0.07908881
16812,0.079909734
16813,0.03925639
16814,0.2104114
16815,0.2931511
16816,0.18383114
16817,0.074601345
16818,0.29192853
16819,0.36307663
16820,0.2554237
16821,0.0014575608
16822,0.24753265
16823,0.3978797
16824,0.42742905
16825,0.32131937
16826,0.06478502
16827,0.25889653
16828,0.37201533
16829,0.28569487
16830,0.042891953
16831,0.26852003
16832,0.52736926
16833,0.55452025
16834,0.40785047
16835,0.114279985
16836,0.14858156
16837,0.34861112
16838,0.31508917
16839,0.06103967
16840,0.21667063
16841,0.44460893
16842,0.51219743
16843,0.46085837
16844,0.3097721
16845,0.0528183
16846,0.088637196
16847,0.13697556
16848,0.08794037
16849,-0.00014312379
16850,0.09036148
16851,0.17201664
16852,0.20306104
16853,0.19893631
16854,0.13293773
16855,0.046666376
16856,0.0031717445
16857,0.051851634
16858,0.07021756
16859,0.058353223
16860,0.012996696
16861,0.04083216
16862,0.09871986
16863,0.13276781
16864,0.13534543
16865,0.105150245
16866,0.038960908
16867,0.032176446
16868,0.057636872
16869,0.037978858
16870,0.010810105
16871,0.08023669
16872,0.12576638
16873,0.124969624
16874,0.0851462
16875,0.042714037
16876,0.007891417
16877,0.027410612
16878,0.008007532
16879,0.03326467
16880,0.07122431
16881,0.06992659
16882,0.052662894
16883,0.020219749
16884,0.0076091173
16885,0.0039333287
16886,0.01931373
16887,0.036157843
16888,0.03989606
16889,0.01929231
16890,0.0023153746
16891,0.01646907
16892,0.0008971932
16893,0.04359075
16894,0.085249834
16895,0.09322626
16896,0.05668714
16897,0.0013690847
16898,0.03196062
16899,0.00368231
16900,0.07194937
16901,0.1394671
16902,0.16902275
16903,0.11840279
16904,0.025966335
16905,0.035210773
16906,0.012953618
16907,0.054011617
16908,0.120176725
16909,0.122894056
16910,0.09162156
16911,0.029887574
16912,0.005685525
16913,0.0014059572
16914,0.017974965
16915,0.028810887
16916,0.022830412
16917,0.0071758265
16918,8.675105e-05
16919,0.0023045784
16920,0.005651678
16921,0.000872239
16922,0.003804381
16923,0.0033610761
16924,0.008243906
16925,0.02672414
16926,0.036244977
16927,0.019857384
16928,0.0020679205
16929,0.0146724
16930,0.004450729
16931,0.025026562
16932,0.059050914
16933,0.072793685
16934,0.05334506
16935,0.015677568
16936,0.010683359
16937,0.004168096
16938,0.029730313
16939,0.06228547
16940,0.07486712
16941,0.049456924
16942,0.004130077
16943,0.017388478
16944,0.004581669
16945,0.060270146
16946,0.09661048
16947,0.089791425
16948,0.041655105
16949,0.028769309
16950,0.051235605
16951,0.008468362
16952,0.061542835
16953,0.11273753
16954,0.111991756
16955,0.029401211
16956,0.07485258
16957,0.13170806
16958,0.11484979
16959,0.05857596
16960,0.03485333
16961,0.13295662
16962,0.19395791
16963,0.14810528
16964,0.04458227
16965,0.038775437
16966,0.13585624
16967,0.15059349
16968,0.09446428
16969,0.030621933
16970,0.19502196
16971,0.2772517
16972,0.26979402
16973,0.06094209
16974,0.16195962
16975,0.2462689
16976,0.21988066
16977,0.069777906
16978,0.15357147
16979,0.34129784
16980,0.41708124
16981,0.34861153
16982,0.11478656
16983,0.14223792
16984,0.19233477
16985,0.049861215
16986,0.14669648
16987,0.29211465
16988,0.32916597
16989,0.1970428
16990,0.048230637
16991,0.13445553
16992,0.094386905
16993,0.029322706
16994,0.17699386
16995,0.25001454
16996,0.23583068
16997,0.12408737
16998,0.0011987067
16999,0.06829716
17000,0.030508284
17001,0.0581705
17002,0.16422744
17003,0.20588799
17004,0.1630978
17005,0.08719186
17006,0.014637781
17007,0.040449742
17008,0.017871803
17009,0.04153617
17010,0.096992314
17011,0.103978805
17012,0.07586036
17013,0.025524598
17014,0.00043060642
17015,0.00015547748
17016,0.009447453
17017,0.010530373
17018,0.0037767238
17019,4.041274e-06
17020,0.00466559
17021,0.010262597
17022,0.0057029272
17023,0.0082096765
17024,0.017975
17025,0.007973883
17026,0.02190257
17027,0.06275533
17028,0.08738918
17029,0.08604055
17030,0.048090275
17031,0.0045500277
17032,0.02726563
17033,0.03810212
17034,0.008768978
17035,0.0414245
17036,0.09422179
17037,0.11052757
17038,0.106156655
17039,0.06743635
17040,0.0033511822
17041,0.053216923
17042,0.045325957
17043,0.017828753
17044,0.12033367
17045,0.18746951
17046,0.1908005
17047,0.12473832
17048,0.014420594
17049,0.031960573
17050,0.026941482
17051,0.026859395
17052,0.100129195
17053,0.13870706
17054,0.11298811
17055,0.072977
17056,0.006859116
17057,0.027874328
17058,0.013306459
17059,0.02701468
17060,0.069675535
17061,0.07528239
17062,0.065057926
17063,0.03413043
17064,0.0006337295
17065,0.025750754
17066,0.016093789
17067,0.009126987
17068,0.041089203
17069,0.06653048
17070,0.07748426
17071,0.071459316
17072,0.047979113
17073,0.016249338
17074,0.016130192
17075,0.03450758
17076,0.020320717
17077,0.028377559
17078,0.10223164
17079,0.146104
17080,0.12865192
17081,0.07714193
17082,0.010529895
17083,0.042126644
17084,0.014178863
17085,0.060711678
17086,0.14300397
17087,0.17879677
17088,0.13475128
17089,0.051431734
17090,0.011695634
17091,0.014761198
17092,0.039128907
17093,0.11624601
17094,0.13902633
17095,0.113235384
17096,0.018064812
17097,0.04736014
17098,0.025484912
17099,0.08039821
17100,0.1765285
17101,0.21897307
17102,0.0519802
17103,0.080325924
17104,0.17432189
17105,0.11017118
17106,0.1465031
17107,0.49892953
17108,0.68859375
17109,0.58115697
17110,0.17355622
17111,0.102692276
17112,0.27535847
17113,0.095190875
17114,0.31206906
17115,0.79603004
17116,1.0776106
17117,1.0101931
17118,0.6265166
17119,0.11823088
17120,0.19689015
17121,0.2542341
17122,0.0023836065
17123,0.4582308
17124,0.8769723
17125,1.0117952
17126,0.8039516
17127,0.5391274
17128,0.09596955
17129,0.20950152
17130,0.25251845
17131,-0.014298619
17132,0.41418612
17133,0.8161309
17134,0.89517283
17135,0.82824135
17136,0.37216055
17137,0.07138641
17138,0.14975917
17139,0.1862928
17140,0.011152247
17141,0.20526843
17142,0.3916202
17143,0.4690758
17144,0.44513467
17145,0.34659064
17146,0.1955827
17147,0.053189218
17148,0.062678784
17149,0.13459082
17150,0.09911009
17151,0.01580605
17152,0.19259933
17153,0.36766988
17154,0.43488508
17155,0.42828253
17156,0.30260873
17157,0.08726408
17158,0.095306166
17159,0.13153796
17160,-0.003025649
17161,0.21820298
17162,0.42301297
17163,0.51287687
17164,0.41182703
17165,0.20538774
17166,0.045921575
17167,0.07978117
17168,0.10938423
17169,0.02810707
17170,0.09886321
17171,0.2506393
17172,0.35494325
17173,0.37274894
17174,0.29064834
17175,0.12163053
17176,0.052738078
17177,0.121800795
17178,0.08044247
17179,0.04012649
17180,0.22689132
17181,0.38128015
17182,0.41505668
17183,0.3472104
17184,0.1497606
17185,0.010303863
17186,0.09117835
17187,0.059981573
17188,0.06351852
17189,0.23286197
17190,0.35472357
17191,0.3585517
17192,0.23439065
17193,0.0722992
17194,0.017004376
17195,0.05546229
17196,0.011789762
17197,0.057461504
17198,0.11948582
17199,0.13616376
17200,0.12224194
17201,0.100983806
17202,0.0570185
17203,0.020327408
17204,0.0011982096
17205,0.030996317
17206,0.039998557
17207,0.037013747
17208,0.014460449
17209,0.020981386
17210,0.07600131
17211,0.12404123
17212,0.15690228
17213,0.16192189
17214,0.10135761
17215,0.007543894
17216,0.08202174
17217,0.1074927
17218,0.06832147
17219,0.027117137
17220,0.1800282
17221,0.2954941
17222,0.30338278
17223,0.19339924
17224,0.05000177
17225,0.08593885
17226,0.14360365
17227,0.09403109
17228,0.0054982645
17229,0.13456455
17230,0.22371951
17231,0.23346956
17232,0.18404184
17233,0.1048607
17234,0.05083485
17235,0.12868582
17236,0.1138846
17237,0.031384595
17238,0.082268514
17239,0.17999928
17240,0.18418705
17241,0.14903514
17242,0.038516697
17243,0.04725141
17244,0.085060894
17245,0.076759666
17246,0.002711356
17247,0.07359506
17248,0.12699929
17249,0.14203213
17250,0.086360164
17251,0.024404993
17252,0.023347965
17253,0.050857503
17254,0.033083707
17255,0.017120348
17256,0.0683689
17257,0.10012672
17258,0.086250305
17259,0.02312805
17260,0.05282593
17261,0.079950385
17262,0.030819416
17263,0.045146506
17264,0.11396254
17265,0.14023685
17266,0.08202108
17267,0.011862747
17268,0.08660728
17269,0.078816
17270,0.020161185
17271,0.06338353
17272,0.13741902
17273,0.15194997
17274,0.1124129
17275,0.036592644
17276,0.019274859
17277,0.064423576
17278,0.083869874
17279,0.07059984
17280,0.029295253
17281,0.026861988
17282,0.09372644
17283,0.12814541
17284,0.1296517
17285,0.04813862
17286,0.050003935
17287,0.18836387
17288,0.25896558
17289,0.23108006
17290,0.08120785
17291,0.1206388
17292,0.3114384
17293,0.4199287
17294,0.28839776
17295,0.036264166
17296,0.22250114
17297,0.41783014
17298,0.30439356
17299,-0.009456637
17300,0.34464732
17301,0.5661504
17302,0.5498967
17303,0.28426036
17304,0.062046163
17305,0.2575129
17306,0.3344087
17307,0.07428892
17308,0.27851176
17309,0.5481945
17310,0.55640274
17311,0.20041835
17312,0.107983515
17313,0.2912513
17314,0.34791654
17315,0.11347213
17316,0.21271788
17317,0.531192
17318,0.70167667
17319,0.65235204
17320,0.2866165
17321,0.025940599
17322,0.17381735
17323,0.123483256
17324,0.018868059
17325,0.22050372
17326,0.3797101
17327,0.43386737
17328,0.34582266
17329,0.17702459
17330,0.048348922
17331,0.07595794
17332,0.12387402
17333,0.07812987
17334,0.04140306
17335,0.21926838
17336,0.37124035
17337,0.42985928
17338,0.36734414
17339,0.21258381
17340,0.022708153
17341,0.084770694
17342,0.104079105
17343,0.015263133
17344,0.12878938
17345,0.2950228
17346,0.407068
17347,0.39584875
17348,0.2525068
17349,0.08128476
17350,0.039835762
17351,0.09677975
17352,0.0277701
17353,0.09147788
17354,0.21996489
17355,0.28022987
17356,0.2594705
17357,0.18257849
17358,0.07118721
17359,0.010009901
17360,0.039823413
17361,0.036233094
17362,-0.0010801924
17363,0.05554278
17364,0.109862536
17365,0.1361733
17366,0.1347629
17367,0.08978318
17368,0.024267325
17369,0.021827308
17370,0.031146767
17371,-0.00097234873
17372,0.053075865
17373,0.10212969
17374,0.11462117
17375,0.1050974
17376,0.066614
17377,0.006440886
17378,0.020851687
17379,0.024286885
17380,0.0053795017
17381,0.058200184
17382,0.0966528
17383,0.09842842
17384,0.064322
17385,0.0010585524
17386,0.034334876
17387,0.04599497
17388,-0.0006249427
17389,0.07306151
17390,0.14946488
17391,0.15398769
17392,0.082381025
17393,0.0009936627
17394,0.04772408
17395,0.057959434
17396,-0.0009296328
17397,0.08829275
17398,0.14941217
17399,0.13585013
17400,0.0974095
17401,0.02264965
17402,0.017538935
17403,0.02890574
17404,-0.0005781028
17405,0.035655055
17406,0.06027342
17407,0.06617813
17408,0.048662916
17409,0.025080666
17410,0.0034620804
17411,0.003454846
17412,0.002674546
17413,0.0044974345
17414,0.0129217915
17415,0.015172668
17416,0.009121312
17417,0.0024348104
17418,0.002475821
17419,8.816503e-05
17420,0.010086774
17421,0.021556955
17422,0.0251263
17423,0.01149333
17424,0.0073919604
17425,0.01292889
17426,0.008220692
17427,0.050374594
17428,0.07789908
17429,0.06637862
17430,0.014609195
17431,0.021232754
17432,0.024284737
17433,0.0063026454
17434,0.054553796
17435,0.08117273
17436,0.06794872
17437,0.027791182
17438,0.00401773
17439,0.004700194
17440,0.001800418
17441,0.01246387
17442,0.015086229
17443,0.009044125
17444,0.0024426652
17445,3.098058e-05
17446,0.00037447852
17447,0.00045505282
17448,0.0018398081
17449,0.003566372
17450,0.00015039722
17451,0.008530493
17452,0.019185057
17453,0.020724908
17454,0.004285621
17455,0.00858331
17456,0.011543259
17457,0.008138688
17458,0.03878541
17459,0.04884232
17460,0.025920196
17461,0.006702087
17462,0.02163605
17463,0.012699934
17464,0.019598741
17465,0.050668523
17466,0.05866692
17467,0.024378361
17468,0.008096364
17469,0.046013474
17470,0.036341418
17471,0.012010639
17472,0.07356696
17473,0.105104074
17474,0.072528504
17475,0.036813885
17476,0.10661093
17477,0.12494007
17478,0.04744774
17479,0.07230002
17480,0.17363964
17481,0.16214673
17482,0.09092955
17483,0.02019107
17484,0.09067303
17485,0.097580105
17486,0.014422565
17487,0.10939599
17488,0.22113235
17489,0.2527994
17490,0.21568926
17491,0.0901687
17492,0.0032350828
17493,0.034561224
17494,0.016888158
17495,0.119711235
17496,0.19243744
17497,0.186031
17498,0.073928505
17499,0.0152986925
17500,0.04046668
17501,0.03691505
17502,0.17758414
17503,0.27278262
17504,0.23865789
17505,0.098205104
17506,0.07122568
17507,0.10596966
17508,0.019908216
17509,0.2568983
17510,0.49104398
17511,0.4874738
17512,0.3383124
17513,0.100448266
17514,0.17715855
17515,0.17473337
17516,0.028441817
17517,0.39880884
17518,0.7316263
17519,0.8493601
17520,0.68323797
17521,0.3208689
17522,0.037327573
17523,0.23834658
17524,0.15643618
17525,0.12794203
17526,0.530197
17527,0.81812644
17528,0.8693332
17529,0.7312562
17530,0.34259263
17531,0.03928907
17532,0.25069964
17533,0.17229381
17534,0.15164565
17535,0.6013921
17536,0.97333467
17537,1.0313618
17538,0.7294488
17539,0.27053934
17540,0.058107503
17541,0.2422123
17542,0.08186026
17543,0.2306903
17544,0.5945589
17545,0.7581561
17546,0.6305285
17547,0.44724306
17548,0.0591834
17549,0.15232313
17550,0.1502398
17551,0.013210775
17552,0.250483
17553,0.41589516
17554,0.38772467
17555,0.18782048
17556,0.015890412
17557,0.07995661
17558,0.06963358
17559,0.04224268
17560,0.15707031
17561,0.16725044
17562,0.09989583
17563,0.0036974216
17564,0.09084814
17565,0.08876336
17566,0.021655856
17567,0.062182087
17568,0.12555464
17569,0.14411281
17570,0.05623378
17571,0.018335376
17572,0.073375255
17573,0.060166948
17574,0.02213585
17575,0.12265453
17576,0.18004486
17577,0.16364606
17578,0.07006177
17579,0.02992428
17580,0.07725122
17581,0.030462824
17582,0.048840746
17583,0.121289134
17584,0.14294659
17585,0.104299635
17586,0.034188867
17587,0.02389562
17588,0.04841889
17589,0.032251384
17590,0.015887817
17591,0.08137026
17592,0.12543228
17593,0.12833926
17594,0.079465866
17595,0.018417953
17596,0.049174342
17597,0.042950895
17598,0.0140130315
17599,0.10896309
17600,0.18990962
17601,0.21370839
17602,0.14178635
17603,0.031245846
17604,0.04196448
17605,0.03609555
17606,0.04711038
17607,0.15829596
17608,0.21891025
17609,0.21990582
17610,0.09311095
17611,0.034090858
17612,0.07398299
17613,0.034252703
17614,0.054399412
17615,0.1458529
17616,0.16114974
17617,0.102343395
17618,0.03067056
17619,0.02817394
17620,0.05432474
17621,0.030568773
17622,0.012807993
17623,0.057216663
17624,0.08447204
17625,0.07781695
17626,0.052105144
17627,0.021608045
17628,0.0041959914
17629,0.014335964
17630,0.018425435
17631,0.014503169
17632,0.007291611
17633,0.0014601711
17634,0.013689968
17635,0.026143393
17636,0.03522727
17637,0.039103474
17638,0.033527665
17639,0.018767083
17640,0.009496322
17641,0.023272686
17642,0.018257242
17643,0.01042577
17644,0.05101357
17645,0.08384171
17646,0.08134856
17647,0.055875838
17648,0.006669579
17649,0.018924443
17650,0.02129984
17651,0.0046314886
17652,0.020151475
17653,0.044892505
17654,0.057301793
17655,0.049845017
17656,0.03171093
17657,0.00015708433
17658,0.013736636
17659,0.01999019
17660,0.012830343
17661,0.005445876
17662,0.025979038
17663,0.03546329
17664,0.034394808
17665,0.028599318
17666,0.012386047
17667,0.0015413956
17668,0.0152333025
17669,0.023244368
17670,0.024035895
17671,0.01423135
17672,0.00581684
17673,0.036046572
17674,0.060651623
17675,0.07275417
17676,0.053674433
17677,0.018638413
17678,0.026030188
17679,0.035714954
17680,0.014783017
17681,0.0242938
17682,0.061496004
17683,0.07472
17684,0.04400336
17685,0.002211753
17686,0.026370138
17687,0.03370207
17688,0.009676622
17689,0.024152467
17690,0.041935004
17691,0.03877168
17692,0.017456433
17693,0.0045945067
17694,0.024653222
17695,0.027138004
17696,0.011084935
17697,0.008548344
17698,0.025805848
17699,0.033483192
17700,0.03426365
17701,0.024915824
17702,0.0018159231
17703,0.025968023
17704,0.045148715
17705,0.046002515
17706,0.003394274
17707,0.061752047
17708,0.1404331
17709,0.19650453
17710,0.19903812
17711,0.12911719
17712,0.025726806
17713,0.06111893
17714,0.09510901
17715,0.048312485
17716,0.05493417
17717,0.20603801
17718,0.33510903
17719,0.37115157
17720,0.3367567
17721,0.15891811
17722,0.04402958
17723,0.169395
17724,0.19770026
17725,0.11179819
17726,0.03886792
17727,0.27431026
17728,0.48827526
17729,0.67311734
17730,0.7292688
17731,0.51591164
17732,0.17456643
17733,0.24771833
17734,0.42504326
17735,0.18672086
17736,0.32615823
17737,1.0315245
17738,1.561885
17739,1.5952747
17740,1.1125718
17741,0.29478347
17742,0.22956976
17743,0.41909772
17744,0.0550858
17745,0.583364
17746,1.2528524
17747,1.5673358
17748,1.3924489
17749,0.70535797
17750,0.14725819
17751,0.19036259
17752,0.22697286
17753,0.047360875
17754,0.4591669
17755,0.732293
17756,0.7047925
17757,0.41992548
17758,0.20276949
17759,0.026761424
17760,0.14604631
17761,0.091392756
17762,0.036791913
17763,0.20575047
17764,0.30468175
17765,0.3421599
17766,0.24194165
17767,0.09795607
17768,0.01092286
17769,0.04457662
17770,-0.00015919609
17771,0.079349354
17772,0.13592976
17773,0.13820827
17774,0.077394076
17775,0.012804485
17776,0.007892921
17777,0.009326681
17778,0.034631424
17779,0.03581843
17780,0.018423421
17781,2.954679e-05
17782,0.0106076
17783,0.00210253
17784,0.01907857
17785,0.041973956
17786,0.048963822
17787,0.036363896
17788,0.016111614
17789,0.004428802
17790,0.016631901
17791,0.015166087
17792,0.0023693137
17793,0.015081911
17794,0.036443356
17795,0.05501219
17796,0.065728955
17797,0.06343957
17798,0.03828362
17799,0.00230281
17800,0.02804199
17801,0.039199192
17802,0.017816842
17803,0.031888764
17804,0.0987813
17805,0.15827985
17806,0.17709139
17807,0.13874222
17808,0.04112139
17809,0.01687331
17810,0.059497096
17811,0.037063964
17812,0.04160792
17813,0.14930373
17814,0.22650692
17815,0.21365443
17816,0.16240677
17817,0.07152381
17818,0.009618485
17819,0.04197978
17820,0.021085726
17821,0.017651258
17822,0.0532576
17823,0.07411884
17824,0.08207864
17825,0.075991765
17826,0.062268086
17827,0.040810905
17828,0.015773723
17829,0.016487913
17830,0.042492718
17831,0.039642867
17832,0.005285723
17833,0.045072302
17834,0.10054303
17835,0.119511746
17836,0.097513445
17837,0.06609785
17838,0.0037674448
17839,0.04665163
17840,0.048488516
17841,0.023773836
17842,0.028096724
17843,0.10047179
17844,0.16989231
17845,0.19350077
17846,0.1514916
17847,0.042845216
17848,0.02549868
17849,0.05161866
17850,0.018398393
17851,0.15206313
17852,0.27716905
17853,0.2795089
17854,0.15940292
17855,0.0075482656
17856,0.05443718
17857,0.019108018
17858,0.17921874
17859,0.30071452
17860,0.2852438
17861,0.124118805
17862,0.014797313
17863,0.077167526
17864,0.0048893346
17865,0.12931119
17866,0.2527953
17867,0.29335654
17868,0.22664946
17869,0.07836184
17870,0.033779547
17871,0.06083123
17872,-0.0029178427
17873,0.12502559
17874,0.25335863
17875,0.3041688
17876,0.24689557
17877,0.085931495
17878,0.036012527
17879,0.075672485
17880,0.0038859067
17881,0.16768672
17882,0.31078643
17883,0.34090173
17884,0.2413883
17885,0.082449794
17886,0.030856589
17887,0.03752657
17888,0.037878003
17889,0.13069221
17890,0.17932674
17891,0.1462524
17892,0.091375016
17893,0.01599636
17894,0.022939924
17895,0.020457322
17896,0.0037081996
17897,0.012645405
17898,0.024546843
17899,0.03027114
17900,0.034141432
17901,0.0347443
17902,0.031168194
17903,0.029648587
17904,0.021164298
17905,0.00088814675
17906,0.0253597
17907,0.036876813
17908,0.010901286
17909,0.042101774
17910,0.103285104
17911,0.1279317
17912,0.095566876
17913,0.0434961
17914,0.051382933
17915,0.07687552
17916,0.05062076
17917,0.019756453
17918,0.11809185
17919,0.17825407
17920,0.17284937
17921,0.11793954
17922,0.050850913
17923,0.035251897
17924,0.05676117
17925,0.02130333
17926,0.033150587
17927,0.08305014
17928,0.09475942
17929,0.08161737
17930,0.045540176
17931,0.0075467094
17932,0.026544215
17933,0.032930396
17934,0.0023834668
17935,0.041342355
17936,0.08084492
17937,0.08296384
17938,0.049334265
17939,0.017322885
17940,0.017453035
17941,0.029491901
17942,0.0028464615
17943,0.036088955
17944,0.073861584
17945,0.06959721
17946,0.038460556
17947,0.021667441
17948,0.050559703
17949,0.039088733
17950,0.011187346
17951,0.06729883
17952,0.07758918
17953,0.036026858
17954,0.0117281545
17955,0.060509667
17956,0.05604299
17957,-0.0011200961
17958,0.07441776
17959,0.124376185
17960,0.09016148
17961,0.029159537
17962,0.01465627
17963,0.031274866
17964,0.0018473513
17965,0.048472807
17966,0.07122019
17967,0.05099203
17968,0.0078627085
17969,0.026012018
17970,0.011810241
17971,0.023758631
17972,0.05678397
17973,0.04997856
17974,0.011410842
17975,0.021297432
17976,0.016890991
17977,0.046171572
17978,0.1198024
17979,0.12584804
17980,0.053584028
17981,0.060530886
17982,0.09106946
17983,0.014119528
17984,0.10479564
17985,0.16982046
17986,0.08786668
17987,0.006564541
17988,0.17695601
17989,0.17277819
17990,0.060894474
17991,0.104131736
17992,0.24309249
17993,0.25046644
17994,0.13804339
17995,0.01659681
17996,0.06706997
17997,0.0705604
17998,0.032733083
17999,0.16097535
18000,0.24042723
18001,0.19779749
18002,0.123468
18003,0.019683365
18004,0.02583317
18005,0.0032770513
18006,0.060111262
18007,0.11977054
18008,0.12225525
18009,0.08392515
18010,0.01572398
18011,0.0148699675
18012,0.0024880152
18013,0.046186868
18014,0.06762227
18015,0.06708682
18016,0.03921281
18017,0.01155337
18018,0.023107441
18019,0.006595555
18020,0.0304454
18021,0.06439421
18022,0.08370029
18023,0.0791873
18024,0.022190977
18025,0.017926097
18026,0.04084832
18027,0.026836768
18028,0.022352919
18029,0.10249159
18030,0.1604114
18031,0.18302207
18032,0.14993244
18033,0.047119163
18034,0.02607757
18035,0.082916416
18036,0.05151339
18037,0.04412838
18038,0.19450088
18039,0.3179215
18040,0.3517041
18041,0.22859707
18042,0.04949607
18043,0.087163806
18044,0.19007432
18045,0.08374566
18046,0.13427429
18047,0.36631116
18048,0.46405718
18049,0.4342859
18050,0.17980185
18051,0.096967295
18052,0.22807236
18053,0.1199293
18054,0.08365892
18055,0.312511
18056,0.41406858
18057,0.37469482
18058,0.21702217
18059,0.01786848
18060,0.08612478
18061,0.072023965
18062,0.015157606
18063,0.14124015
18064,0.2149387
18065,0.2001395
18066,0.13639018
18067,0.05408553
18068,0.010460308
18069,0.024160197
18070,0.01615924
18071,0.08220488
18072,0.13522297
18073,0.11534261
18074,0.05872801
18075,0.009713163
18076,0.03218344
18077,0.020897796
18078,0.12242501
18079,0.1792334
18080,0.13277313
18081,0.017906465
18082,0.091601364
18083,0.10827547
18084,0.042274743
18085,0.09359695
18086,0.25937206
18087,0.37045446
18088,0.35396641
18089,0.22723328
18090,0.05359497
18091,0.0758344
18092,0.09799629
18093,0.0068890713
18094,0.15353066
18095,0.32351178
18096,0.41003737
18097,0.33977762
18098,0.23840292
18099,0.029914958
18100,0.110590965
18101,0.1464761
18102,0.054960944
18103,0.09133804
18104,0.26880965
18105,0.37651756
18106,0.4030756
18107,0.33699524
18108,0.15175162
18109,0.050455585
18110,0.14725554
18111,0.04705927
18112,0.16186376
18113,0.41191718
18114,0.5271424
18115,0.513589
18116,0.2976581
18117,0.060856458
18118,0.09150318
18119,0.091069035
18120,0.010522809
18121,0.15967095
18122,0.2750778
18123,0.31462723
18124,0.27671102
18125,0.18548015
18126,0.06892984
18127,0.030822834
18128,0.07976134
18129,0.05907936
18130,0.008489167
18131,0.108728945
18132,0.18608817
18133,0.22471249
18134,0.20617905
18135,0.10774161
18136,0.01299444
18137,0.08249674
18138,0.11126595
18139,0.108384766
18140,0.026840625
18141,0.09918681
18142,0.27769217
18143,0.40690878
18144,0.47608623
18145,0.37677017
18146,0.17877595
18147,0.11687412
18148,0.20750545
18149,0.12708685
18150,0.14254177
18151,0.51678956
18152,0.82331705
18153,0.78074414
18154,0.59996754
18155,0.1562281
18156,0.18576
18157,0.32524288
18158,0.13721803
18159,0.208106
18160,0.63451755
18161,0.86416334
18162,0.7978244
18163,0.60811716
18164,0.2910377
18165,0.0709697
18166,0.21666802
18167,0.110030234
18168,0.1697816
18169,0.5145991
18170,0.700071
18171,0.6335474
18172,0.42049783
18173,0.18763909
18174,0.03203953
18175,0.122313455
18176,0.05713545
18177,0.05465865
18178,0.15832368
18179,0.19392078
18180,0.17611124
18181,0.13218535
18182,0.07415718
18183,0.03819023
18184,0.003126573
18185,0.027501829
18186,0.075028785
18187,0.10174192
18188,0.09869566
18189,0.053193666
18190,0.036284022
18191,0.15730426
18192,0.21214448
18193,0.13675141
18194,0.036068503
18195,0.24602705
18196,0.36505595
18197,0.30810428
18198,0.082901515
18199,0.19398113
18200,0.4584844
18201,0.594318
18202,0.42324448
18203,0.21969722
18204,0.08636945
18205,0.20908462
18206,0.15144855
18207,0.011052062
18208,0.23032136
18209,0.38879433
18210,0.3717588
18211,0.30750608
18212,0.113649905
18213,0.07355334
18214,0.13857862
18215,0.10182529
18216,0.02570698
18217,0.20580934
18218,0.35159746
18219,0.34537974
18220,0.29423058
18221,0.15016142
18222,0.016897423
18223,0.08840216
18224,0.07699483
18225,0.007888969
18226,0.13853967
18227,0.24412471
18228,0.29483944
18229,0.2895779
18230,0.19373313
18231,0.056991294
18232,0.049168445
18233,0.094386406
18234,0.04344404
18235,0.058500666
18236,0.20066452
18237,0.319644
18238,0.3618866
18239,0.2644384
18240,0.14664453
18241,0.0051524187
18242,0.09305034
18243,0.08264834
18244,0.030886048
18245,0.20130965
18246,0.32334992
18247,0.32094726
18248,0.20913234
18249,0.08277213
18250,0.053697493
18251,0.15663351
18252,0.14986573
18253,0.046228476
18254,0.09386533
18255,0.25491145
18256,0.33110967
18257,0.33016464
18258,0.20950648
18259,0.010931774
18260,0.21201396
18261,0.23872781
18262,0.1574713
18263,0.018170845
18264,0.24024262
18265,0.35115576
18266,0.2937394
18267,0.094985664
18268,0.0829974
18269,0.27494314
18270,0.2934697
18271,0.20236307
18272,0.015885914
18273,0.28636083
18274,0.49578097
18275,0.5452488
18276,0.4020568
18277,0.11191372
18278,0.069619074
18279,0.20429759
18280,0.15577976
18281,0.034742
18282,0.2978832
18283,0.4939717
18284,0.51520205
18285,0.33141267
18286,0.037043802
18287,0.1393298
18288,0.123058856
18289,0.015793474
18290,0.15843892
18291,0.19411522
18292,0.12135862
18293,0.010248414
18294,0.097684346
18295,0.099580094
18296,0.047869127
18297,0.033154823
18298,0.10758392
18299,0.14708187
18300,0.1413777
18301,0.06305649
18302,0.012590534
18303,0.048821382
18304,0.048194002
18305,0.0030256733
18306,0.090227336
18307,0.17079808
18308,0.21063203
18309,0.1479736
18310,0.08248801
18311,0.017078979
18312,0.055135824
18313,0.019204166
18314,0.063740715
18315,0.15657946
18316,0.2143958
18317,0.16521788
18318,0.10681325
18319,0.026828328
18320,0.031627182
18321,0.034451514
18322,0.0041221683
18323,0.06869524
18324,0.120907076
18325,0.14216748
18326,0.11918551
18327,0.06452359
18328,0.019524833
18329,0.010435108
18330,0.020972507
18331,0.0050637634
18332,0.017771948
18333,0.038319603
18334,0.04971042
18335,0.049040172
18336,0.04361081
18337,0.030125322
18338,0.022292228
18339,0.0071103116
18340,0.0082281325
18341,0.01932942
18342,0.014066736
18343,0.012481211
18344,0.056127906
18345,0.09353501
18346,0.10637203
18347,0.074538425
18348,0.021294892
18349,0.027042532
18350,0.030470286
18351,0.018587202
18352,0.105887465
18353,0.16487795
18354,0.17822047
18355,0.07073529
18356,0.058552995
18357,0.09776038
18358,0.056331232
18359,0.08327086
18360,0.28119773
18361,0.42807287
18362,0.38256076
18363,0.1910271
18364,0.027215673
18365,0.11077708
18366,0.053255357
18367,0.1269735
18368,0.3298309
18369,0.45509318
18370,0.40277633
18371,0.2077728
18372,0.040864836
18373,0.0827625
18374,0.10846582
18375,0.009890096
18376,0.14171189
18377,0.28753766
18378,0.37755543
18379,0.34270608
18380,0.20047413
18381,0.05614461
18382,0.042302575
18383,0.04466775
18384,0.00921462
18385,0.0836071
18386,0.13591552
18387,0.13370861
18388,0.10399788
18389,0.05956985
18390,0.01946936
18391,0.013234596
18392,0.02180278
18393,0.015513509
18394,0.00076228066
18395,0.024185035
18396,0.043511968
18397,0.053442325
18398,0.04025199
18399,0.025241992
18400,0.0068290667
18401,0.0025917336
18402,-0.00014161001
18403,0.007669404
18404,0.013226388
18405,0.010271451
18406,0.005089417
18407,0.00010046198
18408,0.00044196824
18409,0.0047634006
18410,0.0056837425
18411,0.0031194086
18412,0.003556361
18413,0.010657359
18414,0.006238236
18415,0.008957122
18416,0.03335578
18417,0.05216616
18418,0.054383125
18419,0.0265752
18420,0.006758645
18421,0.020223385
18422,0.0007428139
18423,0.05050084
18424,0.09378841
18425,0.10022884
18426,0.06610241
18427,0.016877986
18428,0.01634793
18429,0.011884926
18430,0.00993847
18431,0.03437427
18432,0.046093374
18433,0.045142278
18434,0.032236714
18435,0.022595309
18436,0.006273819
18437,0.010565298
18438,0.020063467
18439,0.018652488
18440,0.0021381925
18441,0.03267911
18442,0.079142034
18443,0.111513436
18444,0.096772276
18445,0.0581169
18446,0.010452972
18447,0.050860606
18448,0.02661
18449,0.050616436
18450,0.15436323
18451,0.22862646
18452,0.19341491
18453,0.09580914
18454,0.031947404
18455,0.07272873
18456,0.034708846
18457,0.06265191
18458,0.17162916
18459,0.22347733
18460,0.1982061
18461,0.092325404
18462,0.0148996925
18463,0.027478376
18464,0.01820287
18465,0.025388276
18466,0.080016986
18467,0.119089186
18468,0.12397988
18469,0.08134788
18470,0.032510288
18471,0.017040033
18472,0.02295921
18473,0.02862779
18474,0.119557
18475,0.16925979
18476,0.16947998
18477,0.07084083
18478,0.05344687
18479,0.068257384
18480,0.032258194
18481,0.23461293
18482,0.37781253
18483,0.36920175
18484,0.2587175
18485,0.004057007
18486,0.17585564
18487,0.12979937
18488,0.1764662
18489,0.5946691
18490,0.89663666
18491,0.8372622
18492,0.57939655
18493,0.058675166
18494,0.2717409
18495,0.23965034
18496,0.18742582
18497,0.7790667
18498,1.1623204
18499,1.2901506
18500,0.9400185
18501,0.21912086
18502,0.25373164
18503,0.36108068
18504,0.042452585
18505,0.49128178
18506,1.0350823
18507,1.2583785
18508,1.0602942
18509,0.47797483
18510,0.019133644
18511,0.18644938
18512,0.14384684
18513,0.14283046
18514,0.48043358
18515,0.6505262
18516,0.53752047
18517,0.2847168
18518,0.03641708
18519,0.12180647
18520,0.0913617
18521,0.026122963
18522,0.15465681
18523,0.20434773
18524,0.16196485
18525,0.097415365
18526,0.01301414
18527,0.029025882
18528,0.015492056
18529,0.021139408
18530,0.0476192
18531,0.04669487
18532,0.021216815
18533,0.02043659
18534,0.039332606
18535,0.020166665
18536,0.015282546
18537,0.050258007
18538,0.060736552
18539,0.021691205
18540,0.012397953
18541,0.045481183
18542,0.044095337
18543,0.0036628447
18544,0.04559429
18545,0.08555726
18546,0.08261661
18547,0.0440804
18548,0.015885143
18549,0.013707436
18550,0.03187238
18551,0.03295474
18552,0.014745115
18553,0.014659312
18554,0.05608223
18555,0.08545808
18556,0.0867827
18557,0.056313593
18558,0.007708184
18559,0.025572179
18560,0.044025067
18561,0.030679453
18562,0.0018535691
18563,0.034635663
18564,0.053089254
18565,0.045976054
18566,0.02966739
18567,0.011010225
18568,0.0029601066
18569,0.012357508
18570,0.00757548
18571,0.00030685306
18572,0.008400716
18573,0.012019786
18574,0.011555317
18575,0.007423604
18576,0.0041060266
18577,0.00080803025
18578,9.014526e-05
18579,3.4353106e-05
18580,0.0002411009
18581,0.00020158965
18582,0.0017541968
18583,0.0027532717
18584,0.0021023697
18585,0.0013636198
18586,0.0053218603
18587,0.004648893
18588,0.003347211
18589,0.014499258
18590,0.024211816
18591,0.017745357
18592,-5.231914e-05
18593,0.020519858
18594,0.032534853
18595,0.02166189
18596,0.00470005
18597,0.005236972
18598,0.008720758
18599,0.0047393856
18600,0.0023282606
18601,0.006964641
18602,0.00625669
18603,0.0033438196
18604,0.00014642545
18605,0.002533786
18606,0.004849409
18607,0.006017948
18608,0.00411516
18609,0.0024189714
18610,0.01357711
18611,0.025560565
18612,0.032271378
18613,0.017992437
18614,0.0068504782
18615,0.032393485
18616,0.031025976
18617,-0.001130779
18618,0.054855272
18619,0.099981226
18620,0.099156864
18621,0.052620105
18622,0.012423083
18623,0.04432969
18624,0.037627503
18625,0.0005800638
18626,0.03410424
18627,0.04926886
18628,0.044145152
18629,0.02759814
18630,0.011094863
18631,0.001374874
18632,0.003303112
18633,0.0029644521
18634,0.0011527529
18635,3.9622042e-05
18636,0.00093865773
18637,0.0015284404
18638,0.0020443536
18639,0.0024876185
18640,0.002747945
18641,0.002969843
18642,0.0024625123
18643,0.0018106892
18644,0.0002930572
18645,0.00036058665
18646,0.00016237315
18647,0.00079278956
18648,0.0010973102
18649,0.00065156695
18650,0.0008492524
18651,0.001532673
18652,4.9241593e-05
18653,0.0022380166
18654,0.0040976964
18655,0.0024594236
18656,0.0030998043
18657,0.009632545
18658,0.009583122
18659,0.0028462321
18660,0.006823197
18661,0.015791962
18662,0.01594193
18663,0.0044744965
18664,0.012781321
18665,0.022670427
18666,0.022080824
18667,0.01138746
18668,0.006994488
18669,0.023248557
18670,0.030968562
18671,0.025185842
18672,0.017443046
18673,0.0062820083
18674,0.0013408784
18675,0.0063013006
18676,0.014999597
18677,0.021423457
18678,0.025006553
18679,0.022164833
18680,0.0016360522
18681,0.053963155
18682,0.12283207
18683,0.17776296
18684,0.14660956
18685,0.025865782
18686,0.07374366
18687,0.11259353
18688,0.058396626
18689,0.10847152
18690,0.31577197
18691,0.46109226
18692,0.34539345
18693,0.075127274
18694,0.12867448
18695,0.32734627
18696,0.25689328
18697,0.04755663
18698,0.50942767
18699,0.84586644
18700,0.8936031
18701,0.75367695
18702,0.3849876
18703,0.06862043
18704,0.2645324
18705,0.19912857
18706,0.07612245
18707,0.47600833
18708,0.8449142
18709,0.94783527
18710,0.88888866
18711,0.5184082
18712,0.13524693
18713,0.1915735
18714,0.2735855
18715,0.061084297
18716,0.34202874
18717,0.8032694
18718,1.0707524
18719,0.96255636
18720,0.73499095
18721,0.27316633
18722,0.12400028
18723,0.2782517
18724,0.11225917
18725,0.21973857
18726,0.57018906
18727,0.6864697
18728,0.5180741
18729,0.31029502
18730,0.05912664
18731,0.19891407
18732,0.17792904
18733,0.009396328
18734,0.24196796
18735,0.41435206
18736,0.4569264
18737,0.35446328
18738,0.21054503
18739,0.074800864
18740,0.012849439
18741,0.04631391
18742,0.030633215
18743,0.018304579
18744,0.085044816
18745,0.13373111
18746,0.14128108
18747,0.09733674
18748,0.028741954
18749,0.024384238
18750,0.030466164
18751,0.008361148
18752,0.021936387
18753,0.043408584
18754,0.037174184
18755,0.021152081
18756,0.003230708
18757,0.011695625
18758,0.007871012
18759,0.0016791993
18760,0.009188735
18761,0.010847537
18762,0.007459236
18763,0.0005431123
18764,0.0010150337
18765,0.00044674613
18766,0.002065952
18767,0.0011165037
18768,0.00033691607
18769,0.00025428558
18770,0.0012687532
18771,0.0013415343
18772,0.0004486916
18773,0.0017443713
18774,0.00014890722
18775,0.0030847718
18776,0.0017510866
18777,0.0030007006
18778,0.008449394
18779,0.0063518155
18780,0.0016942968
18781,0.013323844
18782,0.018377455
18783,0.0053182207
18784,0.021006826
18785,0.03215201
18786,0.01977069
18787,0.008199286
18788,0.047339264
18789,0.073467806
18790,0.07547909
18791,0.038337465
18792,0.022217656
18793,0.052250758
18794,0.017306639
18795,0.053022373
18796,0.11808205
18797,0.14240515
18798,0.08352996
18799,0.0144356415
18800,0.105611525
18801,0.10913336
18802,0.048945952
18803,0.06580409
18804,0.21091712
18805,0.29933855
18806,0.3041155
18807,0.1889616
18808,0.0051520327
18809,0.09607291
18810,0.10695301
18811,-0.0017550741
18812,0.19089824
18813,0.3915185
18814,0.48385975
18815,0.36009938
18816,0.11069265
18817,0.095328994
18818,0.17626937
18819,0.061715852
18820,0.13372576
18821,0.36026862
18822,0.4781302
18823,0.36768037
18824,0.20853429
18825,0.0010517288
18826,0.09958737
18827,0.05831977
18828,0.0727219
18829,0.20238504
18830,0.25203937
18831,0.2337479
18832,0.13989933
18833,0.0040978636
18834,0.06833624
18835,0.033972643
18836,0.092444815
18837,0.24012686
18838,0.32517755
18839,0.27610862
18840,0.1357497
18841,0.013352453
18842,0.062397487
18843,-0.0026129128
18844,0.12950417
18845,0.2523798
18846,0.2699174
18847,0.21151984
18848,0.09655518
18849,0.015848232
18850,0.065455794
18851,0.033617422
18852,0.051084343
18853,0.1657205
18854,0.23729002
18855,0.24601704
18856,0.19404557
18857,0.040326532
18858,0.09587915
18859,0.1267565
18860,0.060987093
18861,0.0782893
18862,0.27030262
18863,0.4145963
18864,0.4128194
18865,0.27377552
18866,0.09561779
18867,0.056886893
18868,0.096858345
18869,-0.0016513008
18870,0.14829186
18871,0.2717163
18872,0.29906857
18873,0.2532506
18874,0.16028786
18875,0.035812195
18876,0.042613868
18877,0.045078833
18878,-0.0004279334
18879,0.06431469
18880,0.11946934
18881,0.14253694
18882,0.1223159
18883,0.063127615
18884,0.021891698
18885,0.010763693
18886,0.01971787
18887,0.013150152
18888,0.0016621595
18889,0.0049877316
18890,0.011135387
18891,0.017688
18892,0.025677998
18893,0.03597866
18894,0.031333808
18895,0.015034785
18896,0.01797293
18897,0.057600714
18898,0.07576026
18899,0.04553648
18900,0.021361604
18901,0.110619284
18902,0.16738951
18903,0.16694798
18904,0.0673077
18905,-0.00059458835
18906,0.080436714
18907,0.08237558
18908,0.011057268
18909,0.07759788
18910,0.1525248
18911,0.18969181
18912,0.16526175
18913,0.08398175
18914,0.00417176
18915,0.09241499
18916,0.06585385
18917,0.04546452
18918,0.18433435
18919,0.23119202
18920,0.14675923
18921,0.018717486
18922,0.14498624
18923,0.18964954
18924,0.05919216
18925,0.13470748
18926,0.29375672
18927,0.28509042
18928,0.12361055
18929,0.08332005
18930,0.14984563
18931,0.11098517
18932,0.043964922
18933,0.20660952
18934,0.23937765
18935,0.12874621
18936,0.043583818
18937,0.05660366
18938,0.08599941
18939,0.044645667
18940,0.0014858146
18941,0.03739472
18942,0.050251592
18943,0.05034413
18944,0.04291031
18945,0.03394859
18946,0.024330024
18947,0.012895772
18948,0.0013766869
18949,0.047215667
18950,0.09577113
18951,0.13194138
18952,0.13555543
18953,0.059834845
18954,0.05656239
18955,0.2064395
18956,0.26367968
18957,0.21004297
18958,0.07649462
18959,0.23327279
18960,0.43069896
18961,0.3225683
18962,0.03932009
18963,0.28813618
18964,0.5269935
18965,0.5972256
18966,0.2797231
18967,0.09306622
18968,0.3526451
18969,0.47293186
18970,0.204144
18971,0.18257397
18972,0.53568566
18973,0.53301454
18974,0.28254232
18975,0.031405654
18976,0.24259178
18977,0.23279311
18978,0.03165568
18979,0.18437901
18980,0.3133477
18981,0.28245822
18982,0.13026945
18983,0.022404807
18984,0.024534514
18985,0.0013837633
18986,0.05607475
18987,0.07124007
18988,0.041931495
18989,0.008621718
18990,0.019461457
18991,-0.00023997395
18992,0.036874823
18993,0.05687666
18994,0.046667974
18995,0.0043093804
18996,0.04504165
18997,0.0729239
18998,0.029221687
18999,0.06944802
19000,0.20102026
19001,0.26227754
19002,0.19738851
19003,0.057503138
19004,0.14222221
19005,0.2541337
19006,0.18372835
19007,0.028932657
19008,0.28542173
19009,0.46666273
19010,0.41556197
19011,0.16795488
19012,0.16470733
19013,0.3524983
19014,0.35345608
19015,0.021600246
19016,0.38400298
19017,0.5868896
19018,0.45444754
19019,0.0151236635
19020,0.49011582
19021,0.6444772
19022,0.55717385
19023,0.11001909
19024,0.44311008
19025,0.9146797
19026,1.1132704
19027,0.915525
19028,0.48061162
19029,0.03735314
19030,0.28545
19031,0.17722628
19032,0.14550757
19033,0.5224503
19034,0.706383
19035,0.55971235
19036,0.37844115
19037,0.115354955
19038,0.14713031
19039,0.14723839
19040,0.00496412
19041,0.19857621
19042,0.36287215
19043,0.42431554
19044,0.315372
19045,0.20160937
19046,0.06537963
19047,0.018801192
19048,0.043729264
19049,0.022057932
19050,0.013207202
19051,0.05960524
19052,0.099591434
19053,0.125392
19054,0.115722135
19055,0.09997259
19056,0.05843132
19057,0.016080514
19058,0.046898354
19059,0.027227018
19060,0.034086958
19061,0.11322263
19062,0.17509137
19063,0.14945434
19064,0.081155635
19065,0.006198442
19066,0.03170886
19067,0.016133884
19068,0.051714785
19069,0.12805028
19070,0.1551728
19071,0.12134516
19072,0.04799019
19073,0.010297194
19074,0.016725171
19075,0.020875422
19076,0.06784669
19077,0.08724732
19078,0.07020181
19079,0.022956498
19080,0.005538722
19081,0.012568312
19082,0.0011542365
19083,0.02280903
19084,0.035451584
19085,0.038173437
19086,0.026866725
19087,0.012694249
19088,0.0008669604
19089,0.0052835676
19090,0.004567346
19091,0.0006347975
19092,0.004859795
19093,0.01049865
19094,0.014273857
19095,0.017069686
19096,0.01642234
19097,0.011724377
19098,0.0043618656
19099,0.0032067392
19100,0.009033698
19101,0.009601626
19102,0.003652154
19103,0.0071014375
19104,0.022786394
19105,0.03875829
19106,0.048134074
19107,0.046759762
19108,0.02478809
19109,0.010795831
19110,0.03139614
19111,0.046356753
19112,0.025706926
19113,0.035404727
19114,0.13715409
19115,0.23014751
19116,0.25496316
19117,0.18065007
19118,0.030604027
19119,0.07790899
19120,0.091885194
19121,0.018589128
19122,0.21466562
19123,0.34673002
19124,0.3531603
19125,0.19009568
19126,0.035195787
19127,0.19892375
19128,0.17961489
19129,0.0519354
19130,0.12600967
19131,0.30226997
19132,0.37264085
19133,0.27982846
19134,0.15719108
19135,0.06072794
19136,0.13621265
19137,0.09024383
19138,0.02608474
19139,0.15434621
19140,0.21835113
19141,0.17340046
19142,0.0825277
19143,0.0104464805
19144,0.06649398
19145,0.07585529
19146,0.04599573
19147,-0.0007761124
19148,0.04385666
19149,0.083156176
19150,0.10521773
19151,0.10286058
19152,0.057528693
19153,0.007687721
19154,0.01898311
19155,0.026213074
19156,0.0048908265
19157,0.026876975
19158,0.04818628
19159,0.049547788
19160,0.039993156
19161,0.017890722
19162,0.0041046944
19163,0.004309279
19164,0.009262545
19165,0.009146217
19166,0.005280732
19167,0.0024602949
19168,0.016325314
19169,0.032323748
19170,0.04109267
19171,0.032750726
19172,0.019464662
19173,0.0050984244
19174,0.016243113
19175,0.009794279
19176,0.012751308
19177,0.03875285
19178,0.05644969
19179,0.053477198
19180,0.038677648
19181,0.018429263
19182,0.010709966
19183,0.027062831
19184,0.026863178
19185,0.0067709377
19186,0.030886302
19187,0.08336258
19188,0.12788114
19189,0.14947255
19190,0.11936845
19191,0.045855746
19192,0.033190895
19193,0.07758888
19194,0.054549612
19195,0.033123937
19196,0.16070302
19197,0.26647916
19198,0.31895542
19199,0.28280383
19200,0.15632778
19201,0.0032128075
19202,0.12238243
19203,0.16296038
19204,0.07619215
19205,0.10418162
19206,0.3460378
19207,0.56406724
19208,0.6287034
19209,0.44830862
19210,0.13586858
19211,0.11760901
19212,0.20378372
19213,0.10675189
19214,0.116017
19215,0.3791747
19216,0.5546559
19217,0.5170507
19218,0.3214609
19219,0.12742567
19220,0.053090487
19221,0.13174087
19222,0.1228316
19223,0.05485532
19224,0.039610807
19225,0.16154082
19226,0.2729695
19227,0.34498978
19228,0.3556898
19229,0.32291308
19230,0.21603814
19231,0.066454895
19232,0.07894183
19233,0.15303819
19234,0.102381155
19235,0.079004675
19236,0.3541345
19237,0.5394013
19238,0.6367792
19239,0.39096263
19240,0.08784052
19241,0.18478718
19242,0.2782222
19243,0.14634943
19244,0.18478641
19245,0.6395036
19246,0.96763915
19247,1.0019355
19248,0.72036713
19249,0.28935203
19250,0.10128579
19251,0.23740909
19252,0.05174865
19253,0.25863093
19254,0.5319644
19255,0.5814965
19256,0.38983458
19257,0.1427437
19258,0.14311023
19259,0.24806705
19260,0.16532788
19261,0.06319064
19262,0.38428152
19263,0.6351578
19264,0.67563057
19265,0.5101688
19266,0.21350612
19267,0.0049826903
19268,0.097628
19269,0.0605393
19270,0.061647076
19271,0.2031554
19272,0.2977063
19273,0.3087893
19274,0.24026246
19275,0.1321306
19276,0.037888993
19277,0.039913684
19278,0.0645654
19279,0.025547748
19280,0.05822648
19281,0.168819
19282,0.25111312
19283,0.26471016
19284,0.19233868
19285,0.07859949
19286,0.02467664
19287,0.06704784
19288,0.0147704715
19289,0.08843154
19290,0.19328941
19291,0.22313449
19292,0.15444478
19293,0.065457925
19294,0.016640622
19295,0.056251362
19296,0.02692712
19297,0.054179534
19298,0.15543202
19299,0.21145223
19300,0.19415355
19301,0.10161521
19302,0.0012787115
19303,0.041240465
19304,0.029281422
19305,0.030100212
19306,0.09657042
19307,0.12133133
19308,0.077915825
19309,0.003995488
19310,0.029726466
19311,0.038888767
19312,0.012320376
19313,0.031464174
19314,0.07414185
19315,0.09084625
19316,0.073223636
19317,0.046197817
19318,0.014092108
19319,0.00519215
19320,0.011518333
19321,0.009132714
19322,0.0014925571
19323,0.023218062
19324,0.04973173
19325,0.06990881
19326,0.06876935
19327,0.04024138
19328,0.0065344246
19329,0.03647738
19330,0.013913737
19331,0.052274473
19332,0.13429122
19333,0.15434834
19334,0.11150506
19335,0.021101715
19336,0.07719379
19337,0.08207491
19338,0.01894408
19339,0.19543132
19340,0.30272305
19341,0.24786204
19342,0.1583252
19343,0.05523332
19344,0.12921505
19345,0.11502047
19346,0.018417
19347,0.24049163
19348,0.44148225
19349,0.50448793
19350,0.37811184
19351,0.20522155
19352,0.0067379912
19353,0.12063147
19354,0.074074894
19355,0.10798464
19356,0.35953033
19357,0.4891023
19358,0.45137137
19359,0.20383207
19360,0.02221044
19361,0.16600257
19362,0.118394695
19363,0.041129287
19364,0.23489748
19365,0.34081036
19366,0.3395647
19367,0.1785257
19368,0.056807015
19369,0.06738584
19370,0.07021885
19371,0.0033838516
19372,0.12221614
19373,0.19298296
19374,0.17092414
19375,0.07499688
19376,0.019923132
19377,0.0662875
19378,0.035863854
19379,0.037137732
19380,0.09488122
19381,0.10004982
19382,0.052034423
19383,0.03823115
19384,0.08689335
19385,0.058090597
19386,0.015960276
19387,0.08872736
19388,0.104395695
19389,0.0373806
19390,0.06469356
19391,0.1406565
19392,0.13044024
19393,0.028376743
19394,0.0990644
19395,0.20199443
19396,0.23369768
19397,0.15494946
19398,0.0037163394
19399,0.07795643
19400,0.06827075
19401,0.015787458
19402,0.13262244
19403,0.2175035
19404,0.19221847
19405,0.08551288
19406,0.006177704
19407,0.053816423
19408,0.04838421
19409,0.0032192795
19410,0.07612795
19411,0.11624921
19412,0.10510614
19413,0.043708414
19414,0.008880737
19415,0.03371966
19416,0.03417665
19417,0.006867118
19418,0.026372211
19419,0.048812512
19420,0.047997057
19421,0.031921137
19422,0.007665353
19423,0.007926674
19424,0.022021467
19425,0.027652405
19426,0.01781446
19427,0.0025440278
19428,0.02889601
19429,0.04503503
19430,0.04687097
19431,0.025844174
19432,0.020912556
19433,0.059256446
19434,0.045570362
19435,0.030529486
19436,0.119076334
19437,0.11982544
19438,0.030954981
19439,0.06140991
19440,0.16665152
19441,0.1140919
19442,0.031122565
19443,0.20944569
19444,0.32138988
19445,0.3155759
19446,0.065088265
19447,0.22777079
19448,0.34744474
19449,0.1980329
19450,0.088784
19451,0.3854918
19452,0.43506327
19453,0.3326786
19454,0.20899779
19455,0.46434695
19456,0.6233181
19457,0.37920737
19458,0.061039537
19459,0.597911
19460,1.0006316
19461,0.9064284
19462,0.48468488
19463,0.095291115
19464,0.269608
19465,0.47183704
19466,0.27102277
19467,0.18374994
19468,0.7665403
19469,1.2408041
19470,1.4183881
19471,1.2048088
19472,0.54336256
19473,0.06501373
19474,0.33812305
19475,0.11738004
19476,0.36313918
19477,0.8954899
19478,1.1769898
19479,1.0788456
19480,0.6704605
19481,0.18862562
19482,0.09571531
19483,0.14219248
19484,0.0007741144
19485,0.24913608
19486,0.42804992
19487,0.46990234
19488,0.35286644
19489,0.20759024
19490,0.061171215
19491,0.020015514
19492,0.03658199
19493,-0.00053430244
19494,0.049598943
19495,0.08602021
19496,0.09424296
19497,0.06999822
19498,0.030942531
19499,0.0008725942
19500,0.0067529287
19501,1.7566548e-05
19502,0.011218513
19503,0.013354792
19504,0.008960831
19505,0.0001263708
19506,0.0006939712
19507,0.005989102
19508,0.013693538
19509,0.013410344
19510,0.0048179817
19511,0.014281534
19512,0.008042207
19513,0.017950365
19514,0.052719787
19515,0.07145834
19516,0.06144431
19517,0.029536758
19518,0.004402711
19519,0.015586831
19520,0.0033342978
19521,0.02279601
19522,0.04718018
19523,0.05304079
19524,0.03918935
19525,0.02036658
19526,0.003184771
19527,0.0023616087
19528,0.0012323821
19529,0.001241015
19530,0.0025704561
19531,0.0023081289
19532,0.0012863373
19533,0.00042828382
19534,0.00014627751
19535,0.00054051523
19536,0.00090224
19537,0.0011250896
19538,0.0008373281
19539,0.00030294567
19540,0.0036759404
19541,0.009157625
19542,0.01401386
19543,0.014830272
19544,0.0064825327
19545,0.005950095
19546,0.013569133
19547,0.0053660874
19548,0.019065477
19549,0.049945652
19550,0.07425717
19551,0.06849424
19552,0.036517173
19553,0.0068800547
19554,0.02579451
19555,0.008140533
19556,0.030533437
19557,0.0758997
19558,0.09082211
19559,0.07677224
19560,0.032804318
19561,0.00407804
19562,0.009625562
19563,0.014600271
19564,0.044213526
19565,0.052562196
19566,0.037412386
19567,0.014080698
19568,0.0058401236
19569,0.0054619997
19570,0.010160262
19571,0.02753364
19572,0.034842305
19573,0.025716234
19574,0.0075654527
19575,0.010047088
19576,0.021966655
19577,0.020831292
19578,0.006868459
19579,0.013551832
19580,0.035962433
19581,0.040516354
19582,0.031294104
19583,0.0068704793
19584,0.015655737
19585,0.028126895
19586,0.023724215
19587,0.0068844603
19588,0.013860948
19589,0.03424142
19590,0.04810194
19591,0.050731268
19592,0.04864277
19593,0.03589955
19594,0.015226311
19595,0.015510194
19596,0.045668602
19597,0.059075598
19598,0.045440968
19599,0.0011829264
19600,0.046332218
19601,0.079036385
19602,0.088021174
19603,0.060950298
19604,0.022576569
19605,0.025751049
19606,0.041151527
19607,0.039142337
19608,0.019315172
19609,0.0068974122
19610,0.038983323
19611,0.066269845
19612,0.08208628
19613,0.085050404
19614,0.07481904
19615,0.051672176
19616,0.017886192
19617,0.0077159037
19618,0.021989385
19619,0.011968822
19620,0.017615953
19621,0.05595241
19622,0.075769275
19623,0.07448596
19624,0.05070119
19625,0.0185762
19626,0.0044931145
19627,0.00722377
19628,0.0010194173
19629,0.01407
19630,0.021990677
19631,0.020364936
19632,0.012971599
19633,0.0047437055
19634,0.00032149997
19635,0.00013543751
19636,0.0024012034
19637,0.0043839402
19638,0.003853437
19639,0.00047803973
19640,0.0036259103
19641,0.005610192
19642,0.0021505766
19643,0.006825406
19644,0.019109903
19645,0.02836337
19646,0.023744574
19647,0.012897946
19648,0.013756766
19649,0.02670021
19650,0.03526745
19651,0.028245913
19652,-0.0004795941
19653,0.05222869
19654,0.10705127
19655,0.1258073
19656,0.11866325
19657,0.072733544
19658,0.02222252
19659,0.110986516
19660,0.10040048
19661,0.0070067067
19662,0.2129703
19663,0.411559
19664,0.5267869
19665,0.4339281
19666,0.18994276
19667,0.045624703
19668,0.15373543
19669,0.02731643
19670,0.21833822
19671,0.4419355
19672,0.53836775
19673,0.35115233
19674,0.15055247
19675,0.13489246
19676,0.15967911
19677,0.006677696
19678,0.24621595
19679,0.4789703
19680,0.5068662
19681,0.35904622
19682,0.18975358
19683,0.00017800182
19684,0.08636307
19685,0.048893925
19686,0.060735255
19687,0.184965
19688,0.24327952
19689,0.22476353
19690,0.09918975
19691,0.03617539
19692,0.1303643
19693,0.16147885
19694,0.111893415
19695,0.00027825683
19696,0.15214919
19697,0.24619828
19698,0.20672007
19699,0.07962873
19700,0.107284546
19701,0.26568878
19702,0.30940178
19703,0.20320219
19704,-0.0058670742
19705,0.24459177
19706,0.43830448
19707,0.45900747
19708,0.22639078
19709,0.059632484
19710,0.09737096
19711,0.15278858
19712,0.070531644
19713,0.058162995
19714,0.18016034
19715,0.23050553
19716,0.20424181
19717,0.13761118
19718,0.07571228
19719,0.00557576
19720,0.042413503
19721,0.05759182
19722,0.06686634
19723,0.05784037
19724,0.027994884
19725,0.015815929
19726,0.07337608
19727,0.11445871
19728,0.11657674
19729,0.09385504
19730,0.006164468
19731,0.06570053
19732,0.098571464
19733,0.08684197
19734,-0.0023666145
19735,0.1169264
19736,0.21801952
19737,0.24429603
19738,0.15202251
19739,0.027597776
19740,0.062393997
19741,0.07523315
19742,0.023518793
19743,0.041919824
19744,0.08610878
19745,0.0846395
19746,0.043178607
19747,0.0048036673
19748,0.033062406
19749,0.04285614
19750,0.02290778
19751,0.020094564
19752,0.066100396
19753,0.09392735
19754,0.05537232
19755,0.016656075
19756,0.036386635
19757,0.04673913
19758,0.0051620333
19759,0.070198454
19760,0.12035293
19761,0.13368152
19762,0.07094284
19763,0.0023364495
19764,0.08377613
19765,0.061620586
19766,0.03252461
19767,0.16430528
19768,0.27367115
19769,0.23763442
19770,0.14984138
19771,0.033215772
19772,0.12060088
19773,0.081672855
19774,0.05267773
19775,0.24555376
19776,0.34703004
19777,0.3528563
19778,0.25786296
19779,0.04657949
19780,0.084619164
19781,0.078872845
19782,0.033990577
19783,0.17811143
19784,0.256651
19785,0.24910001
19786,0.15181468
19787,0.034652594
19788,0.085719235
19789,0.10900261
19790,0.019472891
19791,0.13050085
19792,0.29473725
19793,0.39880267
19794,0.3428583
19795,0.19929795
19796,0.0058527705
19797,0.099682115
19798,0.07533202
19799,0.074405916
19800,0.2755318
19801,0.3989126
19802,0.42226657
19803,0.24918778
19804,0.02746613
19805,0.09036097
19806,0.08316755
19807,0.08137311
19808,0.31231737
19809,0.4416477
19810,0.47072512
19811,0.29750168
19812,0.058923516
19813,0.10266105
19814,0.086906254
19815,0.068503514
19816,0.28682464
19817,0.46184534
19818,0.45203784
19819,0.27955493
19820,0.03414631
19821,0.07965332
19822,0.08592021
19823,0.036937542
19824,0.2188388
19825,0.36606434
19826,0.37917992
19827,0.27431518
19828,0.11571049
19829,0.009679372
19830,0.057047985
19831,0.02093919
19832,0.05161107
19833,0.12151018
19834,0.15770432
19835,0.15710841
19836,0.102476224
19837,0.06130946
19838,0.0068906886
19839,0.01643471
19840,0.027028013
19841,0.01851086
19842,-0.0014801872
19843,0.024766907
19844,0.049127065
19845,0.064230986
19846,0.0608887
19847,0.05461647
19848,0.03886665
19849,0.0024868837
19850,0.024070108
19851,0.04053441
19852,0.045192704
19853,0.02712169
19854,0.017279843
19855,0.09299606
19856,0.15985951
19857,0.17477861
19858,0.1693104
19859,0.112836406
19860,0.0024021459
19861,0.076679476
19862,0.06945026
19863,0.017687902
19864,0.16711426
19865,0.30294675
19866,0.3614864
19867,0.31431627
19868,0.1823556
19869,0.007405712
19870,0.087580755
19871,0.08239307
19872,0.016322419
19873,0.19321023
19874,0.32725152
19875,0.4010085
19876,0.3217404
19877,0.151435
19878,0.02146346
19879,0.09126585
19880,0.01567466
19881,0.13123283
19882,0.2828646
19883,0.33198097
19884,0.26268375
19885,0.12778497
19886,0.0067863883
19887,0.057061918
19888,0.0044927974
19889,0.10242126
19890,0.20657545
19891,0.22742632
19892,0.1989036
19893,0.09840293
19894,0.0005234359
19895,0.057667915
19896,0.03766271
19897,0.033313543
19898,0.14147927
19899,0.21351694
19900,0.2422547
19901,0.18528304
19902,0.053511
19903,0.045391254
19904,0.0927756
19905,0.008008517
19906,0.16111599
19907,0.3422437
19908,0.41493118
19909,0.33789426
19910,0.16708452
19911,0.0042113224
19912,0.0853251
19913,0.045661796
19914,0.060403462
19915,0.18014276
19916,0.26972666
19917,0.28209084
19918,0.22960162
19919,0.13177301
19920,0.02378058
19921,0.05892542
19922,0.07051333
19923,0.012441605
19924,0.0860571
19925,0.18133104
19926,0.21123008
19927,0.19284563
19928,0.13149096
19929,0.00080516224
19930,0.05779961
19931,0.08482017
19932,0.042964727
19933,0.0419188
19934,0.14589274
19935,0.22956893
19936,0.24290287
19937,0.19824304
19938,0.11098376
19939,0.004929354
19940,0.067465074
19941,0.04831962
19942,0.03644528
19943,0.1527961
19944,0.22568776
19945,0.22270095
19946,0.15861635
19947,0.039397985
19948,0.02997733
19949,0.06718626
19950,0.039732765
19951,0.024174213
19952,0.09336608
19953,0.13937283
19954,0.1261732
19955,0.07882401
19956,0.024231512
19957,0.008308813
19958,0.022732774
19959,0.019346219
19960,0.002168628
19961,0.031770784
19962,0.054917444
19963,0.059043877
19964,0.048802186
19965,0.02496708
19966,0.0069366097
19967,0.0027170267
19968,0.0020945254
19969,0.0030314054
19970,0.0059530064
19971,0.003870058
19972,0.0002623268
19973,0.0022659467
19974,0.0043695043
19975,0.009466555
19976,0.013696376
19977,0.012204512
19978,0.006307822
19979,0.046411067
19980,0.091962636
19981,0.094992936
19982,0.07488429
19983,0.004550404
19984,0.07550843
19985,0.087122284
19986,0.008855227
19987,0.21046512
19988,0.37849042
19989,0.44311413
19990,0.28915387
19991,0.0032691795
19992,0.29696044
19993,0.3288508
19994,0.062410157
19995,0.37617442
19996,0.7854187
19997,0.74934787
19998,0.44542646
19999,0.023887862
20000,0.5697815
20001,0.7114472
20002,0.19899748
20003,0.543766
20004,1.2947593
20005,1.6457901
20006,1.479536
20007,0.79919356
20008,-0.003041282
20009,0.33796445
20010,0.15535034
20011,0.40990666
20012,1.0041114
20013,1.2268294
20014,1.0246993
20015,0.57982373
20016,0.1523059
20017,0.07185296
20018,0.08453169
20019,0.016752264
20020,0.13157009
20021,0.18414824
20022,0.18518011
20023,0.1540277
20024,0.10973674
20025,0.08320806
20026,0.058165174
20027,0.03751055
20028,0.0029629385
20029,0.030924935
20030,0.050047815
20031,0.032181323
20032,0.023529587
20033,0.11659308
20034,0.20302558
20035,0.23466527
20036,0.19490242
20037,0.09354802
20038,0.005404299
20039,0.06254979
20040,0.063093185
20041,0.0033759605
20042,0.13059089
20043,0.25756317
20044,0.31953558
20045,0.27708912
20046,0.14724949
20047,0.01631773
20048,0.065245755
20049,0.016815241
20050,0.107590355
20051,0.22093067
20052,0.26320067
20053,0.1856834
20054,0.066972256
20055,0.011713831
20056,0.036310498
20057,0.00505944
20058,0.052815687
20059,0.107385226
20060,0.12089261
20061,0.10424762
20062,0.05558606
20063,0.0056813927
20064,0.022267263
20065,0.027275544
20066,0.012545161
20067,0.017068088
20068,0.058073733
20069,0.09340641
20070,0.10191145
20071,0.08405521
20072,0.033059586
20073,0.03980267
20074,0.09174658
20075,0.088220574
20076,0.032830127
20077,0.069025025
20078,0.18667454
20079,0.26363328
20080,0.26698944
20081,0.13065407
20082,0.047513902
20083,0.1430744
20084,0.12973596
20085,-0.0040517347
20086,0.1766472
20087,0.3327562
20088,0.36384404
20089,0.3438699
20090,0.19742855
20091,0.019666776
20092,0.07517286
20093,0.13096917
20094,0.07675802
20095,0.039450865
20096,0.1975096
20097,0.31046462
20098,0.29968733
20099,0.16377272
20100,0.04988243
20101,0.18705519
20102,0.20516111
20103,0.13345218
20104,0.0086402325
20105,0.19970869
20106,0.35111988
20107,0.3675901
20108,0.22859375
20109,0.09485467
20110,0.039742954
20111,0.08832118
20112,0.030602455
20113,0.049625058
20114,0.101999894
20115,0.10001276
20116,0.060500287
20117,0.018470548
20118,0.0012228403
20119,0.006475133
20120,0.0017829726
20121,0.007350322
20122,0.0063239173
20123,0.0016360161
20124,2.9348263e-05
20125,0.00022359271
20126,0.0007700651
20127,0.0037803983
20128,0.0110156275
20129,0.014870018
20130,0.01589173
20131,0.0040259426
20132,0.01289329
20133,0.026752714
20134,0.02418385
20135,0.0007248517
20136,0.021143178
20137,0.052021995
20138,0.05065974
20139,0.02005483
20140,0.028511934
20141,0.087198
20142,0.1286881
20143,0.12551336
20144,0.07877626
20145,0.02841935
20146,0.011319248
20147,0.016294999
20148,0.0061244518
20149,0.034601238
20150,0.045735963
20151,0.0419546
20152,0.024095884
20153,0.009444557
20154,0.0016153896
20155,6.9312235e-05
20156,2.1444192e-05
20157,0.0017040191
20158,0.0052181804
20159,0.0048791943
20160,0.00720762
20161,0.0315607
20162,0.045166977
20163,0.037121803
20164,-0.0008332727
20165,0.056564033
20166,0.090954825
20167,0.065741695
20168,0.006474523
20169,0.07093057
20170,0.12382379
20171,0.120879695
20172,0.057256714
20173,0.034326743
20174,0.12266136
20175,0.15698838
20176,0.11673203
20177,0.018877214
20178,0.060409553
20179,0.13078783
20180,0.10662127
20181,0.030179922
20182,0.048400816
20183,0.10076739
20184,0.11320154
20185,0.08735559
20186,0.042753715
20187,0.009273635
20188,0.00758037
20189,0.021215277
20190,0.031128025
20191,0.0443541
20192,0.055096783
20193,0.053126805
20194,0.036959875
20195,-0.0012744062
20196,0.050038137
20197,0.102609724
20198,0.1339357
20199,0.12502621
20200,0.08534994
20201,0.027956866
20202,0.13144036
20203,0.19789743
20204,0.17690308
20205,0.063246265
20206,0.09398142
20207,0.24927293
20208,0.31952086
20209,0.21254599
20210,0.049813513
20211,0.15935639
20212,0.4111317
20213,0.32671484
20214,0.043983128
20215,0.33386043
20216,0.7060798
20217,0.82456714
20218,0.63840705
20219,0.38150996
20220,0.059026014
20221,0.16923717
20222,0.15449873
20223,0.01911778
20224,0.30572057
20225,0.5570518
20226,0.6492419
20227,0.5025437
20228,0.25361478
20229,0.00946128
20230,0.14857836
20231,0.09289484
20232,0.07508555
20233,0.30342898
20234,0.45494926
20235,0.4663056
20236,0.3242494
20237,0.10422464
20238,0.06310727
20239,0.1256972
20240,0.0915705
20241,0.0066097253
20242,0.1669788
20243,0.30386826
20244,0.4055851
20245,0.3173581
20246,0.21073925
20247,0.027038133
20248,0.13633499
20249,0.14384867
20250,0.027608963
20251,0.29867858
20252,0.52289534
20253,0.50716233
20254,0.37630674
20255,0.15330666
20256,0.11043774
20257,0.2111394
20258,0.09075853
20259,0.18901047
20260,0.50328916
20261,0.6380119
20262,0.58496577
20263,0.26220378
20264,0.016508644
20265,0.16675891
20266,0.14146017
20267,0.030959722
20268,0.26090536
20269,0.44190907
20270,0.42430037
20271,0.35021532
20272,0.19960888
20273,0.0183246
20274,0.07315647
20275,0.059277855
20276,0.03454608
20277,0.16677836
20278,0.2647868
20279,0.29581678
20280,0.23976491
20281,0.12761606
20282,0.0063759917
20283,0.054155968
20284,0.046461884
20285,0.031717118
20286,0.14945035
20287,0.23860626
20288,0.25328395
20289,0.16059336
20290,0.07107094
20291,0.021255836
20292,0.0632324
20293,0.019366845
20294,0.06356999
20295,0.15936679
20296,0.20585814
20297,0.19678994
20298,0.15035114
20299,0.06447089
20300,0.033189684
20301,0.08031162
20302,0.02921115
20303,0.098355405
20304,0.27158254
20305,0.35239184
20306,0.35662362
20307,0.19697054
20308,-0.0012591699
20309,0.100046754
20310,0.021483526
20311,0.18507534
20312,0.38485506
20313,0.49708357
20314,0.38532892
20315,0.15305308
20316,0.04297747
20317,0.07883499
20318,0.05668336
20319,0.27562964
20320,0.41044486
20321,0.38504878
20322,0.21576749
20323,0.022741217
20324,0.0647883
20325,0.01746879
20326,0.11548011
20327,0.24775916
20328,0.28806165
20329,0.20162506
20330,0.08550951
20331,0.010971639
20332,0.043064445
20333,0.005998221
20334,0.09974672
20335,0.17534812
20336,0.19670187
20337,0.13224147
20338,0.042121258
20339,0.021243762
20340,0.021971814
20341,0.031332687
20342,0.09292168
20343,0.1205046
20344,0.11143881
20345,0.062342282
20346,0.0037846288
20347,0.020702431
20348,0.0040794136
20349,0.036058743
20350,0.08434316
20351,0.107788935
20352,0.102112204
20353,0.057726458
20354,0.009606317
20355,0.041351974
20356,0.028685413
20357,0.03785245
20358,0.14448346
20359,0.21087088
20360,0.17758988
20361,0.07613867
20362,0.032336023
20363,0.11935666
20364,0.074334964
20365,0.06242525
20366,0.24184878
20367,0.37757686
20368,0.32196385
20369,0.19098054
20370,0.016375247
20371,0.103897095
20372,0.08928796
20373,0.047679465
20374,0.24103534
20375,0.37149817
20376,0.39978114
20377,0.25592142
20378,0.067641035
20379,0.036418468
20380,0.0696948
20381,0.004621933
20382,0.11397175
20383,0.22980799
20384,0.27229375
20385,0.20841604
20386,0.09939395
20387,0.0031294213
20388,0.029457971
20389,0.0075326934
20390,0.079209834
20391,0.119170204
20392,0.094518594
20393,0.04842146
20394,0.0023312895
20395,0.0039001869
20396,0.022389665
20397,0.047695294
20398,0.040115245
20399,0.009337487
20400,0.009456854
20401,0.002242133
20402,0.02651347
20403,0.05014203
20404,0.049232606
20405,0.020407228
20406,0.012226845
20407,0.02781267
20408,0.015439348
20409,0.007283073
20410,0.032887567
20411,0.05140137
20412,0.06122583
20413,0.04527577
20414,0.03225202
20415,0.007439375
20416,0.019006502
20417,0.0487861
20418,0.040548924
20419,0.0028576006
20420,0.08338357
20421,0.17176588
20422,0.22849944
20423,0.21906419
20424,0.141345
20425,0.01931278
20426,0.08305744
20427,0.12193225
20428,0.037312455
20429,0.1260467
20430,0.3123347
20431,0.41492045
20432,0.43837523
20433,0.24126774
20434,0.052560754
20435,0.22373047
20436,0.25619668
20437,0.10595965
20438,0.13139194
20439,0.36915544
20440,0.5148236
20441,0.48675907
20442,0.28929186
20443,0.0722579
20444,0.2468993
20445,0.31496146
20446,0.20759259
20447,0.08879389
20448,0.47201157
20449,0.76990694
20450,0.8227326
20451,0.46944967
20452,0.18572551
20453,0.07657087
20454,0.19433108
20455,0.09178478
20456,0.17189765
20457,0.47740185
20458,0.6614164
20459,0.60639066
20460,0.46656677
20461,0.19662908
20462,0.029567266
20463,0.0935935
20464,-0.003422198
20465,0.1675596
20466,0.293848
20467,0.30618176
20468,0.217487
20469,0.08542747
20470,0.007426465
20471,0.014519389
20472,0.0046171164
20473,0.009416093
20474,0.015444439
20475,0.013634708
20476,0.009458961
20477,0.006808392
20478,0.0061996635
20479,0.007691084
20480,0.010338449
20481,0.012607989
20482,0.012767205
20483,0.005970313
20484,0.0023248214
20485,0.0132332025
20486,0.015020116
20487,0.0018440182
20488,0.021952882
20489,0.047338806
20490,0.05826638
20491,0.034403384
20492,0.017636463
20493,0.054367352
20494,0.055853434
20495,0.015809253
20496,0.04253347
20497,0.09515889
20498,0.087384045
20499,0.056401294
20500,0.011612633
20501,0.057696927
20502,0.06581881
20503,0.017215813
20504,0.05317505
20505,0.10837857
20506,0.11853366
20507,0.08244249
20508,0.026783537
20509,0.030700605
20510,0.044042826
20511,0.0043441383
20512,0.06658272
20513,0.1316896
20514,0.15038905
20515,0.116319954
20516,0.044349473
20517,0.00889344
20518,0.016873777
20519,0.015795488
20520,0.06282126
20521,0.08493902
20522,0.07181392
20523,0.030963
20524,0.0018683885
20525,0.009682947
20526,0.00208324
20527,0.024198866
20528,0.0371318
20529,0.033811882
20530,0.019435877
20531,0.006016566
20532,0.004774946
20533,0.007781319
20534,0.00402703
20535,0.0031800002
20536,0.013991108
20537,0.022698106
20538,0.027774539
20539,0.01984574
20540,0.0032261387
20541,0.014489067
20542,0.013266387
20543,0.010349951
20544,0.05006105
20545,0.07719364
20546,0.0717117
20547,0.03044838
20548,0.0011667102
20549,0.01424216
20550,0.0022709975
20551,0.023518436
20552,0.04593778
20553,0.050828908
20554,0.03808031
20555,0.01967143
20556,0.0028600898
20557,0.004822825
20558,0.0047551277
20559,-0.00023361784
20560,0.0054326192
20561,0.009445027
20562,0.010638336
20563,0.011153357
20564,0.0092268735
20565,0.0067791212
20566,0.0025352903
20567,0.00012014342
20568,0.003966326
20569,0.008048204
20570,0.00953293
20571,0.0045346105
20572,0.0071550133
20573,0.024057647
20574,0.03753481
20575,0.03931818
20576,0.030015465
20577,0.0048685325
20578,0.011576988
20579,0.019272162
20580,0.016010106
20581,0.00048612058
20582,0.019838808
20583,0.044182155
20584,0.05943903
20585,0.06627476
20586,0.061427496
20587,0.030076617
20588,0.019224396
20589,0.050471026
20590,0.043163635
20591,0.0043230513
20592,0.08462327
20593,0.15997118
20594,0.17945305
20595,0.1418464
20596,0.032211617
20597,0.048088294
20598,0.06405444
20599,0.012109136
20600,0.090151
20601,0.2012173
20602,0.24057229
20603,0.20983514
20604,0.10751188
20605,0.004029421
20606,0.052942447
20607,0.023448367
20608,0.05975149
20609,0.15780407
20610,0.21817407
20611,0.19957553
20612,0.110442646
20613,0.015041363
20614,0.036872342
20615,0.028582584
20616,0.03895653
20617,0.12572914
20618,0.1807289
20619,0.16215782
20620,0.06884272
20621,-0.00055666605
20622,0.039937224
20623,0.024887633
20624,0.04472527
20625,0.11423688
20626,0.1443058
20627,0.11891646
20628,0.044991285
20629,0.014619042
20630,0.037644897
20631,0.036092907
20632,0.011689384
20633,0.017825304
20634,0.04878412
20635,0.07161536
20636,0.07936886
20637,0.051373966
20638,0.011916775
20639,0.07650807
20640,0.10497867
20641,0.094427995
20642,0.025758691
20643,0.08817446
20644,0.21464194
20645,0.23946823
20646,0.17994699
20647,0.02839813
20648,0.090574704
20649,0.10188815
20650,-0.0012134619
20651,0.11531966
20652,0.19388853
20653,0.18240851
20654,0.1180859
20655,0.0057613878
20656,0.059972294
20657,0.034427553
20658,0.016490497
20659,0.07352104
20660,0.0952132
20661,0.077358395
20662,0.04865821
20663,0.017644214
20664,0.016326929
20665,0.026266398
20666,0.020459995
20667,0.0023391
20668,0.03548559
20669,0.06175155
20670,0.06387869
20671,0.048346993
20672,0.0077172294
20673,0.027154988
20674,0.057873033
20675,0.07932661
20676,0.04828852
20677,0.018965757
20678,0.11992916
20679,0.21458761
20680,0.23402554
20681,0.17035645
20682,0.03313628
20683,0.13910118
20684,0.19925717
20685,0.14301519
20686,0.004527809
20687,0.23434445
20688,0.42178622
20689,0.50677687
20690,0.38499957
20691,0.21066386
20692,0.030604051
20693,0.14360228
20694,0.18439342
20695,0.10317821
20696,0.063331045
20697,0.27607307
20698,0.43793762
20699,0.520173
20700,0.49618274
20701,0.30464825
20702,0.0959689
20703,0.09489496
20704,0.15689287
20705,0.040766757
20706,0.1707651
20707,0.41402906
20708,0.5858608
20709,0.52078104
20710,0.28231445
20711,0.017874237
20712,0.22535977
20713,0.1711163
20714,0.027514867
20715,0.3254453
20716,0.56937486
20717,0.58004457
20718,0.38426656
20719,0.100054495
20720,0.067419864
20721,0.019802783
20722,0.13166425
20723,0.27427074
20724,0.3023402
20725,0.1754309
20726,0.061834414
20727,0.03213461
20728,0.027879285
20729,0.05314653
20730,0.1460276
20731,0.20594902
20732,0.17819443
20733,0.091501996
20734,0.024227928
20735,0.052040238
20736,0.015237125
20737,0.08078297
20738,0.18919578
20739,0.24275993
20740,0.21371792
20741,0.121025525
20742,0.013445617
20743,0.06491999
20744,0.05927303
20745,0.0027089138
20746,0.10722555
20747,0.2113755
20748,0.23738512
20749,0.19979545
20750,0.078574315
20751,0.028879752
20752,0.068507835
20753,0.03509563
20754,0.051401705
20755,0.149402
20756,0.19033562
20757,0.14575441
20758,0.071634255
20759,0.008338901
20760,0.033230186
20761,0.004721527
20762,0.057794455
20763,0.114823446
20764,0.119402885
20765,0.08022773
20766,0.0024437543
20767,0.04051091
20768,0.027824737
20769,0.025245199
20770,0.07586347
20771,0.075684324
20772,0.01902844
20773,0.0727551
20774,0.1457964
20775,0.1398319
20776,0.064232066
20777,0.06187407
20778,0.20026062
20779,0.27970394
20780,0.2698684
20781,0.14484344
20782,0.010717309
20783,0.14344956
20784,0.14596061
20785,0.0123939775
20786,0.17987773
20787,0.3528691
20788,0.44373012
20789,0.41246554
20790,0.17272641
20791,-0.0016221206
20792,0.1060879
20793,0.105657116
20794,0.0017991895
20795,0.14362639
20796,0.27830917
20797,0.33745885
20798,0.30225793
20799,0.20825627
20800,0.10160268
20801,0.013045524
20802,0.031905238
20803,0.049565244
20804,0.038477656
20805,0.0107701775
20806,0.023357939
20807,0.07331059
20808,0.11795031
20809,0.14344521
20810,0.13730916
20811,0.107514806
20812,0.02118426
20813,0.031641014
20814,0.06887964
20815,0.07932523
20816,0.03039612
20817,0.062129013
20818,0.19485225
20819,0.29075134
20820,0.3442959
20821,0.2776839
20822,0.13318582
20823,0.05382795
20824,0.12798636
20825,0.0749621
20826,0.070796624
20827,0.25424317
20828,0.37337455
20829,0.37785038
20830,0.3009184
20831,0.11948912
20832,0.04735174
20833,0.13881798
20834,0.07135871
20835,0.1252015
20836,0.39486936
20837,0.59357846
20838,0.6184065
20839,0.43105972
20840,0.08213403
20841,0.17782246
20842,0.21931127
20843,0.022618197
20844,0.33096468
20845,0.7238783
20846,0.82755387
20847,0.7279075
20848,0.22593474
20849,0.08260118
20850,0.27100936
20851,0.19255592
20852,0.18853804
20853,0.7318541
20854,1.134083
20855,1.1805385
20856,0.8506375
20857,0.26974052
20858,0.22514668
20859,0.28336024
20860,0.036195837
20861,0.42172974
20862,0.88845515
20863,1.1207588
20864,0.94109595
20865,0.4720029
20866,0.055297993
20867,0.1671306
20868,0.09916956
20869,0.15791425
20870,0.45812133
20871,0.59379727
20872,0.5066399
20873,0.35965803
20874,0.13238576
20875,0.03142791
20876,0.0716139
20877,0.005870099
20878,0.10052573
20879,0.19054922
20880,0.22646046
20881,0.16879673
20882,0.066235505
20883,0.012318887
20884,0.057049505
20885,0.030124474
20886,0.023265818
20887,0.073878296
20888,0.08090889
20889,0.04629836
20890,0.009533187
20891,0.014042919
20892,0.017958147
20893,0.01148591
20894,0.00013672496
20895,0.007495532
20896,0.011164075
20897,0.012004498
20898,0.012169825
20899,0.012223425
20900,0.0100668995
20901,0.007565145
20902,0.0015637424
20903,0.009535217
20904,0.012914169
20905,0.010036484
20906,-0.00028973233
20907,0.014948767
20908,0.025615552
20909,0.025405351
20910,0.017623587
20911,0.00026582598
20912,0.016737744
20913,0.018004375
20914,0.0010462003
20915,0.028442195
20916,0.044167906
20917,0.02805545
20918,0.0037409922
20919,0.027670046
20920,0.040938348
20921,0.020408725
20922,0.012634024
20923,0.041775353
20924,0.04564244
20925,0.021383666
20926,0.008901428
20927,0.042481765
20928,0.05272927
20929,0.018334027
20930,0.031173134
20931,0.074972704
20932,0.07732257
20933,0.02955017
20934,0.0027180407
20935,0.03344064
20936,0.021594549
20937,0.007116505
20938,0.034417067
20939,0.043118484
20940,0.034982804
20941,0.016881716
20942,0.0037623404
20943,0.00030917747
20944,0.0019030184
20945,0.0041707046
20946,0.0028636728
20947,1.5298701e-06
20948,0.0011398832
20949,0.0021571552
20950,0.01019174
20951,0.016765332
20952,0.011290464
20953,0.0026095512
20954,0.023565108
20955,0.030538624
20956,0.014798428
20957,0.03639573
20958,0.116086006
20959,0.1777035
20960,0.15554541
20961,0.09404156
20962,0.016787939
20963,0.114374265
20964,0.09520824
20965,0.01799845
20966,0.21352392
20967,0.38309026
20968,0.38368708
20969,0.30889246
20970,0.14774783
20971,0.10671998
20972,0.19686367
20973,0.09693607
20974,0.12031755
20975,0.3748552
20976,0.46717727
20977,0.30946764
20978,0.030209806
20979,0.16592777
20980,0.3386674
20981,0.29903623
20982,0.008350677
20983,0.32343784
20984,0.5719476
20985,0.5911846
20986,0.27433497
20987,0.0342365
20988,0.21156298
20989,0.21077903
20990,0.047536664
20991,0.16916291
20992,0.32156402
20993,0.29862797
20994,0.18817854
20995,0.015790012
20996,0.109036796
20997,0.11150686
20998,0.036996294
20999,0.04144622
21000,0.09747063
21001,0.11177467
21002,0.0714612
21003,0.021500813
21004,0.0062113106
21005,0.016974714
21006,0.013801946
21007,0.0073501
21008,-0.00034982176
21009,0.0050187833
21010,0.008505156
21011,0.010390126
21012,0.0103469035
21013,0.00956029
21014,0.0031933999
21015,0.003078578
21016,0.010943081
21017,0.016741661
21018,0.018610334
21019,0.014572813
21020,0.0041235457
21021,0.010095993
21022,0.026276244
21023,0.030954309
21024,0.02833117
21025,0.012481845
21026,0.027030094
21027,0.06560906
21028,0.07427381
21029,0.0374245
21030,0.021525526
21031,0.08642618
21032,0.13084137
21033,0.09020486
21034,0.029977318
21035,0.059239436
21036,0.16503504
21037,0.19053783
21038,0.10181985
21039,0.10591663
21040,0.39863378
21041,0.6198016
21042,0.6603765
21043,0.33975977
21044,0.08603404
21045,0.3096779
21046,0.3483826
21047,0.04638882
21048,0.4034846
21049,0.9071256
21050,1.2446488
21051,1.1372181
21052,0.6265989
21053,0.03309506
21054,0.3769743
21055,0.26474944
21056,0.1206948
21057,0.6981178
21058,1.1234313
21059,1.1763867
21060,0.89060795
21061,0.4221733
21062,0.009846935
21063,0.17790619
21064,0.14239965
21065,0.024611276
21066,0.2513884
21067,0.42657867
21068,0.4683738
21069,0.4041021
21070,0.3117885
21071,0.1728021
21072,0.014523205
21073,0.0888523
21074,0.110407606
21075,0.05808584
21076,0.023902278
21077,0.13619268
21078,0.24600795
21079,0.31899732
21080,0.3435394
21081,0.34038812
21082,0.22689436
21083,0.025364904
21084,0.14807816
21085,0.1700935
21086,0.027219273
21087,0.21646841
21088,0.43003917
21089,0.4683328
21090,0.26907519
21091,0.039532635
21092,0.10911318
21093,0.1630712
21094,0.041254174
21095,0.123895966
21096,0.25109184
21097,0.2802709
21098,0.20970811
21099,0.11133886
21100,0.02266142
21101,0.0037819273
21102,0.0009502787
21103,0.008657871
21104,0.0061384374
21105,-4.1602496e-05
21106,0.00058239023
21107,0.0011011105
21108,0.005651832
21109,0.026171358
21110,0.035012305
21111,0.013797592
21112,0.042555153
21113,0.121934496
21114,0.17596494
21115,0.16554956
21116,0.09743751
21117,0.0040456085
21118,0.058272228
21119,0.045702912
21120,0.026654553
21121,0.1230355
21122,0.18811448
21123,0.18884805
21124,0.13811785
21125,0.037174348
21126,0.02515538
21127,0.047771573
21128,0.005234589
21129,0.06300561
21130,0.1168087
21131,0.13784514
21132,0.104684845
21133,0.048871245
21134,0.0049004788
21135,0.010541751
21136,0.0020954818
21137,0.023898164
21138,0.03238278
21139,0.0271912
21140,0.013817521
21141,0.0028724321
21142,2.9937499e-05
21143,0.0015168401
21144,0.00202214
21145,-1.2359669e-07
21146,0.0007553736
21147,0.002293183
21148,0.007687104
21149,0.009114654
21150,0.0052783983
21151,0.0026955192
21152,0.0035888518
21153,0.0043925056
21154,0.016132288
21155,0.019075284
21156,0.013419479
21157,0.00090767536
21158,0.003015854
21159,0.0017999948
21160,0.008296273
21161,0.008117146
21162,0.0012655151
21163,0.002677621
21164,0.00034765378
21165,0.0065060137
21166,0.005273811
21167,0.0048321495
21168,0.023680147
21169,0.024093729
21170,0.006347409
21171,0.021255307
21172,0.04114997
21173,0.036169667
21174,0.016109092
21175,0.042156413
21176,0.07479253
21177,0.06898461
21178,0.016419701
21179,0.045612354
21180,0.1066103
21181,0.13039541
21182,0.103973724
21183,0.033290375
21184,0.060614064
21185,0.12530173
21186,0.10776482
21187,0.008747154
21188,0.14373039
21189,0.27104118
21190,0.27712288
21191,0.21620701
21192,0.0065599214
21193,0.12742929
21194,0.21724296
21195,0.093034066
21196,0.1306356
21197,0.39179564
21198,0.56337965
21199,0.48153603
21200,0.28365466
21201,0.042832244
21202,0.10973344
21203,0.1077583
21204,0.021782827
21205,0.2225527
21206,0.37273484
21207,0.3920241
21208,0.31748262
21209,0.149302
21210,0.0052850223
21211,0.07382367
21212,0.023647673
21213,0.08177978
21214,0.18467759
21215,0.21962799
21216,0.13746135
21217,0.0343096
21218,0.04250047
21219,0.07224924
21220,0.016134193
21221,0.09134607
21222,0.19600388
21223,0.22157568
21224,0.15814893
21225,0.0363909
21226,0.037836626
21227,0.055909384
21228,0.025359772
21229,0.041655812
21230,0.12264171
21231,0.17695457
21232,0.20702998
21233,0.18981561
21234,0.07341501
21235,0.059402816
21236,0.12704977
21237,0.08550888
21238,0.048576526
21239,0.26134187
21240,0.42399257
21241,0.42369753
21242,0.2955221
21243,0.119847804
21244,0.10527807
21245,0.15166594
21246,0.026178319
21247,0.16887677
21248,0.35449794
21249,0.3987883
21250,0.24834754
21251,0.059714343
21252,0.3046243
21253,0.3792351
21254,0.2984551
21255,0.0042686705
21256,0.39037153
21257,0.7192199
21258,0.7802303
21259,0.49835613
21260,0.15937279
21261,0.21456853
21262,0.36774638
21263,0.14615557
21264,0.28913563
21265,0.7262117
21266,1.0017296
21267,0.75760555
21268,0.33487967
21269,0.17487785
21270,0.5605928
21271,0.47492102
21272,-0.01913206
21273,0.5461349
21274,0.8945039
21275,0.7608917
21276,0.37931532
21277,0.12560484
21278,0.41614178
21279,0.5125563
21280,0.130401
21281,0.35611385
21282,0.7800677
21283,0.84935826
21284,0.63441086
21285,0.32280633
21286,0.12753674
21287,0.25317258
21288,0.1930847
21289,0.020053253
21290,0.31048614
21291,0.5322089
21292,0.5865108
21293,0.48619914
21294,0.3076383
21295,0.09205982
21296,0.047529075
21297,0.061734714
21298,0.0137586
21299,0.12180038
21300,0.19798252
21301,0.21195255
21302,0.12677749
21303,0.049399514
21304,0.0067275
21305,0.014884601
21306,0.0060157212
21307,0.028413149
21308,0.03132848
21309,0.025227608
21310,0.012384535
21311,0.0009899047
21312,0.001104532
21313,0.0030432853
21314,0.0069065895
21315,0.0060903314
21316,0.001311689
21317,0.0055796364
21318,0.0038931593
21319,0.008075452
21320,0.023388498
21321,0.02580607
21322,0.011681974
21323,0.014703904
21324,0.03814415
21325,0.034075018
21326,-0.00040633243
21327,0.045565445
21328,0.075970255
21329,0.07761012
21330,0.04980557
21331,0.0053831665
21332,0.0792045
21333,0.1188665
21334,0.0914527
21335,-0.004444705
21336,0.171098
21337,0.37337643
21338,0.49010646
21339,0.4305094
21340,0.19520587
21341,0.07199803
21342,0.19620252
21343,0.06852286
21344,0.23992404
21345,0.57231057
21346,0.7297006
21347,0.49300343
21348,0.09404812
21349,0.16640227
21350,0.24554399
21351,0.034846473
21352,0.27498102
21353,0.555703
21354,0.65412676
21355,0.5486105
21356,0.26572445
21357,0.024366353
21358,0.06626184
21359,0.017599639
21360,0.090780914
21361,0.17733318
21362,0.18499021
21363,0.14181636
21364,0.06813158
21365,0.007849589
21366,0.014051559
21367,0.0007050956
21368,0.02210167
21369,0.034120407
21370,0.027519435
21371,0.008634422
21372,0.0016706209
21373,0.000398967
21374,0.007735529
21375,0.0039860955
21376,0.011286022
21377,0.026351247
21378,0.020512544
21379,0.0012787164
21380,0.031712756
21381,0.048721608
21382,0.024663597
21383,0.0030880766
21384,0.035793904
21385,0.039099164
21386,0.010045065
21387,0.035102084
21388,0.06419753
21389,0.052393593
21390,0.031295218
21391,0.0046706405
21392,0.023141505
21393,0.024459496
21394,0.017259188
21395,0.0042480067
21396,0.0060130362
21397,0.016072687
21398,0.023763752
21399,0.031621844
21400,0.0387779
21401,0.041621536
21402,0.03654153
21403,0.016872285
21404,-0.0004146713
21405,0.02011511
21406,0.037232287
21407,0.02879423
21408,0.0076121604
21409,0.075395785
21410,0.15288037
21411,0.19483967
21412,0.1736805
21413,0.090939924
21414,0.007920148
21415,0.0696831
21416,0.051853303
21417,0.03604441
21418,0.1603944
21419,0.2413313
21420,0.23915428
21421,0.2004945
21422,0.105182804
21423,0.0016249326
21424,0.05896367
21425,0.057249416
21426,0.0038708742
21427,0.06731291
21428,0.13803959
21429,0.17092533
21430,0.17278662
21431,0.12268311
21432,0.035524055
21433,0.04497916
21434,0.11050412
21435,0.11206124
21436,0.03120908
21437,0.09339236
21438,0.2235599
21439,0.26908487
21440,0.24987385
21441,0.08757903
21442,0.064384
21443,0.116556555
21444,0.05854679
21445,0.089353204
21446,0.26403853
21447,0.358025
21448,0.29653245
21449,0.17991312
21450,0.061351515
21451,0.021149471
21452,0.03616193
21453,-0.0017807654
21454,0.05408656
21455,0.099532336
21456,0.11292583
21457,0.10938977
21458,0.07443103
21459,0.024922652
21460,0.0018495864
21461,0.024242327
21462,0.022818232
21463,0.0019298899
21464,0.025029367
21465,0.050678786
21466,0.06972461
21467,0.06149183
21468,0.03214177
21469,0.011824951
21470,0.06152251
21471,0.07679537
21472,0.054626983
21473,0.00016605668
21474,0.05858486
21475,0.100013494
21476,0.09734237
21477,0.046408657
21478,0.021883154
21479,0.06992163
21480,0.09757208
21481,0.08739019
21482,0.011737278
21483,0.08433115
21484,0.16691452
21485,0.17170812
21486,0.10719034
21487,0.025088053
21488,0.14045703
21489,0.14749157
21490,0.060471695
21491,0.077292226
21492,0.20905419
21493,0.25233135
21494,0.2276913
21495,0.08627883
21496,0.06403273
21497,0.09458514
21498,0.06900343
21499,0.011693725
21500,0.10870788
21501,0.17543308
21502,0.17084381
21503,0.09159001
21504,0.009870952
21505,0.058752704
21506,0.05779497
21507,0.0034228102
21508,0.07781437
21509,0.15291315
21510,0.16952404
21511,0.12530178
21512,0.043986134
21513,0.011444924
21514,0.032755382
21515,0.011454139
21516,0.02236779
21517,0.05545549
21518,0.07052803
21519,0.05131262
21520,0.020611083
21521,0.0007801405
21522,0.0088022435
21523,0.004841631
21524,0.0068611586
21525,0.016391434
21526,0.016542839
21527,0.011357405
21528,0.0049514403
21529,0.0011299901
21530,1.4375019e-06
21531,0.0001265856
21532,0.0015683384
21533,0.0050394326
21534,0.008294679
21535,0.0052646217
21536,1.239893e-05
21537,0.010484709
21538,0.011214232
21539,0.002873
21540,0.03374801
21541,0.06077587
21542,0.07066463
21543,0.040495176
21544,-0.0002524152
21545,0.027144438
21546,0.01776652
21547,0.03204719
21548,0.103174776
21549,0.13897234
21550,0.12897098
21551,0.06019711
21552,0.008442136
21553,0.036070194
21554,0.0007413976
21555,0.08627296
21556,0.17275499
21557,0.1948712
21558,0.11824579
21559,0.021266434
21560,0.057901897
21561,0.040321674
21562,0.042404402
21563,0.15897696
21564,0.24080911
21565,0.22361155
21566,0.12760377
21567,0.00013693096
21568,0.058095604
21569,0.032338537
21570,0.041837107
21571,0.12642904
21572,0.18248235
21573,0.17736556
21574,0.12674366
21575,0.051395733
21576,0.022227578
21577,0.05064189
21578,0.04094919
21579,-0.0013031508
21580,0.07127215
21581,0.15457752
21582,0.20738377
21583,0.20302694
21584,0.131929
21585,0.029562294
21586,0.041988738
21587,0.06665054
21588,0.0027434083
21589,0.093779474
21590,0.18403703
21591,0.1922457
21592,0.1363498
21593,0.018787108
21594,0.08499323
21595,0.12103852
21596,0.07993182
21597,0.0055790283
21598,0.079571165
21599,0.15646775
21600,0.18206893
