step,reward
1,7.8269455e-05
2,0.0015363343
3,0.00076712004
4,-0.0001291185
5,0.005676096
6,0.015817465
7,0.01895653
8,0.008678164
9,0.0003221414
10,0.0027393606
11,0.012771449
12,0.019144047
13,0.017005533
14,0.0071506198
15,0.0013835725
16,-0.00014529671
17,4.0296014e-05
18,6.388482e-05
19,-3.6429643e-05
20,-2.9976687e-05
21,0.00037496805
22,0.0022424303
23,0.0060630175
24,0.010731613
25,0.01141607
26,0.006511161
27,0.0012950668
28,-0.00014071469
29,0.0025976542
30,0.006954073
31,0.009400295
32,0.008935375
33,0.0069182743
34,0.0038111422
35,0.001315852
36,-3.7636637e-05
37,-9.458643e-05
38,0.000650262
39,0.0025044526
40,0.005324283
41,0.0074673444
42,0.0074217604
43,0.005891534
44,0.0028682025
45,0.00044507073
46,9.065708e-05
47,0.00077544653
48,0.002915432
49,0.0047253626
50,0.0052250726
51,0.005154971
52,0.003833788
53,0.0015309073
54,-5.1062816e-06
55,0.00029991253
56,6.0383732e-05
57,0.0013115002
58,0.0035776142
59,0.00457041
60,0.0056626736
61,0.004455845
62,0.0026532037
63,0.00049121643
64,0.00034681457
65,0.00027009926
66,0.00059002906
67,0.0026401903
68,0.004056637
69,0.004421493
70,0.0034153378
71,0.0015752843
72,4.9252107e-05
73,0.0004640511
74,0.0005070265
75,0.00049657084
76,0.0026235553
77,0.0047139614
78,0.0053532394
79,0.0042338884
80,0.0024975962
81,0.00065286906
82,0.0002995803
83,0.00030678773
84,0.000571502
85,0.0023327074
86,0.0042625573
87,0.0041847383
88,0.0029657558
89,0.0015436958
90,-0.00014763254
91,0.00068720256
92,0.0006992932
93,6.466938e-05
94,0.00075774646
95,0.0021754378
96,0.0032661294
97,0.0030363118
98,0.001985399
99,0.0004022977
100,0.00039038324
101,0.00048802668
102,0.00038178382
103,0.0022128369
104,0.0040614954
105,0.0046952236
106,0.0034975975
107,0.0019530877
108,0.00012159416
109,0.00036220602
110,1.3470875e-05
111,0.0013053634
112,0.0031863418
113,0.0041395244
114,0.0047203526
115,0.004172127
116,0.0024971864
117,0.00034210313
118,0.00035660563
119,0.000253509
120,0.002000386
121,0.003710117
122,0.0051378747
123,0.0057056923
124,0.004470477
125,0.0020835833
126,0.00020067212
127,0.00041442725
128,0.00011104031
129,0.0011725889
130,0.0037439577
131,0.0055286423
132,0.0057936776
133,0.005104161
134,0.0027828948
135,0.00064603094
136,0.00037835306
137,0.00015497551
138,0.0015204988
139,0.0041076
140,0.0061282385
141,0.0065559316
142,0.005047674
143,0.0024398894
144,0.00020434313
145,0.00047406484
146,0.00012375612
147,0.0015413007
148,0.0037503645
149,0.0055322507
150,0.0060842047
151,0.005206229
152,0.0030214223
153,0.0005040599
154,0.000600615
155,0.00037061138
156,0.0012966573
157,0.0034438593
158,0.005605301
159,0.00656587
160,0.005457796
161,0.0030140043
162,0.0005304574
163,0.00055409764
164,-3.7290953e-05
165,0.0018864031
166,0.0047445465
167,0.00681324
168,0.0070371917
169,0.0061605712
170,0.0037952473
171,0.0009572576
172,0.000428074
173,-1.9180632e-05
174,0.0018551763
175,0.0046328767
176,0.006709171
177,0.007612723
178,0.00613809
179,0.003273164
180,0.0006165758
181,0.00038636653
182,0.00014896727
183,0.0027684327
184,0.0060178023
185,0.008143438
186,0.008672347
187,0.007303636
188,0.0042139804
189,0.0010711321
190,0.0003938104
191,0.000104450744
192,0.0029558223
193,0.006307781
194,0.00842813
195,0.008771651
196,0.0070010647
197,0.0042258753
198,0.0013413008
199,0.00022695589
200,0.00025165873
201,0.003393821
202,0.0070512104
203,0.009382468
204,0.009755074
205,0.007579749
206,0.004058956
207,0.00088213506
208,0.00038282154
209,0.00025464545
210,0.0027005137
211,0.0058918945
212,0.008550679
213,0.009228733
214,0.0074321576
215,0.004363288
216,0.0010228351
217,0.00033125485
218,0.00019975213
219,0.0027709946
220,0.0057554524
221,0.007878341
222,0.0087068975
223,0.00677481
224,0.0039414
225,0.0010769592
226,0.00029597717
227,-8.978679e-05
228,0.002245149
229,0.0049615703
230,0.007713192
231,0.007970727
232,0.006449781
233,0.00344082
234,0.0007484738
235,0.00026968663
236,0.00043265158
237,0.0035271025
238,0.0068960423
239,0.008986684
240,0.009343139
241,0.0075450293
242,0.00428971
243,0.0012111072
244,0.00021166643
245,0.0005128976
246,0.0033660324
247,0.0074683963
248,0.0091802385
249,0.009277031
250,0.0067781094
251,0.0036319569
252,0.00069838297
253,0.00028182374
254,0.0004333515
255,0.003118839
256,0.005935646
257,0.008565038
258,0.009069535
259,0.006904394
260,0.0038636925
261,0.001030847
262,0.00018215274
263,-3.3904624e-05
264,0.0020579197
265,0.004643689
266,0.007163626
267,0.0078984145
268,0.006072921
269,0.0028793255
270,0.00035075966
271,0.0003654657
272,0.00027873807
273,0.0023927474
274,0.0044946023
275,0.0060331477
276,0.0066169053
277,0.005351307
278,0.0027940506
279,0.00037593872
280,0.0005134709
281,-2.6687252e-05
282,0.0019115089
283,0.0045483666
284,0.0062010493
285,0.0065949066
286,0.005725103
287,0.00335681
288,0.0007791489
289,0.00035986377
290,1.3047036e-05
291,0.0025621187
292,0.0059060594
293,0.008383885
294,0.008627217
295,0.0068933107
296,0.0039519183
297,0.0008852862
298,0.00030613114
299,0.00023177711
300,0.0031980665
301,0.0068074837
302,0.009104169
303,0.00901149
304,0.0068921917
305,0.00388166
306,0.0008673952
307,0.00031772934
308,0.00028530695
309,0.0027202566
310,0.0060943165
311,0.008475863
312,0.009709132
313,0.007752764
314,0.0042159227
315,0.00092395965
316,0.00043772205
317,0.00030739044
318,0.0026681186
319,0.0056957533
320,0.007443919
321,0.008087793
322,0.0066364096
323,0.003745594
324,0.0009058189
325,0.00038721692
326,0.00028092382
327,0.0011270716
328,0.004011916
329,0.006339019
330,0.006376157
331,0.0050207837
332,0.0025672922
333,0.00046405336
334,0.000516174
335,0.00029539483
336,0.0013906393
337,0.00333333
338,0.005858679
339,0.006158811
340,0.0053894836
341,0.0029256248
342,0.00050875003
343,0.00052485627
344,0.00049669726
345,0.0010677843
346,0.0028651408
347,0.0040469225
348,0.0046043573
349,0.004111185
350,0.0021051054
351,0.00017324906
352,0.00065172766
353,0.00052557763
354,0.0007013849
355,0.0028493942
356,0.004427694
357,0.004792354
358,0.0040313355
359,0.0024661697
360,0.0004828743
361,0.0009382906
362,0.0012707926
363,0.0005070206
364,0.0010848821
365,0.0025305778
366,0.0030968615
367,0.002649388
368,0.0016334101
369,6.346984e-05
370,0.0009397229
371,0.0013643289
372,0.0011381081
373,0.00042465536
374,0.0010870578
375,0.0021664852
376,0.0021755707
377,0.0016818851
378,0.00027339108
379,0.00115029
380,0.0019856598
381,0.0016954448
382,0.0006952976
383,0.00089336594
384,0.001983167
385,0.0020854317
386,0.0011537147
387,-4.4365886e-05
388,0.000741647
389,0.0011215475
390,0.0010757954
391,-2.2105587e-06
392,0.0020608006
393,0.0034562328
394,0.0031190505
395,0.002041601
396,0.00023557234
397,0.0010088136
398,0.0017033594
399,0.00095831027
400,0.00065038353
401,0.0023264445
402,0.0030742628
403,0.0027891926
404,0.0015616091
405,0.00021413463
406,0.00078566634
407,0.0013663737
408,0.000931527
409,6.058226e-05
410,0.0009339823
411,0.0025031718
412,0.0028222355
413,0.0016731813
414,0.00014374094
415,0.00094608124
416,0.001476519
417,0.0002484769
418,0.0013160285
419,0.0021171991
420,0.0026978077
421,0.0028728195
422,0.0018966729
423,0.0002974543
424,0.0007697564
425,0.00086726167
426,-4.397454e-05
427,0.0018636944
428,0.0030097312
429,0.004245691
430,0.0036204997
431,0.0019928385
432,0.00014024055
433,0.0007025418
434,0.0010564844
435,0.0004256586
436,0.00056264916
437,0.002770193
438,0.0032834203
439,0.0029995695
440,0.0018047827
441,0.00032259282
442,0.0008198323
443,0.0017961571
444,0.0017750801
445,0.00073169416
446,0.0007619042
447,0.0017136544
448,0.0021818015
449,0.0011198897
450,-5.3201416e-05
451,0.0009297916
452,0.0013536768
453,0.00080362277
454,0.00014738858
455,0.0018082213
456,0.0029706329
457,0.0029052706
458,0.0016393572
459,0.00024510565
460,0.0006504429
461,0.0012088413
462,0.0014321744
463,0.0010353639
464,0.0012021152
465,0.0022885823
466,0.002668035
467,0.0013521032
468,-6.880056e-05
469,0.0012373866
470,0.0020185232
471,0.0012724537
472,0.00014057747
473,0.0012939859
474,0.0019371752
475,0.0023441464
476,0.0016325983
477,0.00022728156
478,0.0009019735
479,0.0014665592
480,0.0014094831
481,0.0007064604
482,0.0010517496
483,0.0019880058
484,0.002349967
485,0.0014985019
486,-7.393827e-05
487,0.0011963082
488,0.0019717645
489,0.0018275301
490,0.0008550842
491,0.00064397353
492,0.0017753117
493,0.002154356
494,0.0016421142
495,0.00015979297
496,0.00094630313
497,0.0016142513
498,0.0015000594
499,0.00019151355
500,0.0019460989
501,0.0027625933
502,0.0024501139
503,0.001538431
504,0.0002071318
505,0.000856118
506,0.0018993167
507,0.0015771629
508,0.000786115
509,0.0014708336
510,0.0029229305
511,0.0027594946
512,0.0014860494
513,2.5851135e-05
514,0.0008258986
515,0.0011786666
516,0.0006590257
517,0.0011561826
518,0.0028997168
519,0.0044275657
520,0.0042128484
521,0.0023931048
522,0.00029421982
523,0.0008411555
524,0.0012341051
525,0.0003662226
526,0.00073585333
527,0.0019146567
528,0.0026128264
529,0.0029382762
530,0.001729722
531,6.854599e-05
532,0.0012933683
533,0.0018713336
534,0.0014233508
535,0.00038554237
536,0.0017320736
537,0.0025220586
538,0.0024263337
539,0.0017665133
540,0.00048132698
541,0.0010095608
542,0.002194324
543,0.0021598418
544,0.00090369006
545,0.0014275211
546,0.0026562163
547,0.0021779372
548,0.0012976483
549,-2.1396409e-05
550,0.0010820688
551,0.0018290885
552,0.0015937376
553,0.0009255443
554,0.00048204104
555,0.0018503726
556,0.0025305355
557,0.0017769521
558,0.00016191269
559,0.0012791598
560,0.0018287896
561,0.0009274625
562,0.0008573566
563,0.0022214812
564,0.002587571
565,0.0027495164
566,0.0018820593
567,0.00038994208
568,0.0008858597
569,0.0018005002
570,0.0018009482
571,8.533441e-06
572,0.0017002793
573,0.0028587086
574,0.002614441
575,0.0014839572
576,8.249855e-05
577,0.00094204035
578,0.0015423456
579,0.0016020898
580,0.0005740532
581,0.0008837076
582,0.0025008554
583,0.0024840203
584,0.0015537833
585,5.7125e-07
586,0.0014943687
587,0.00237689
588,0.0020483441
589,0.00032477328
590,0.0010044399
591,0.0019700553
592,0.0024024306
593,0.0017589275
594,0.00042779004
595,0.00064408453
596,0.0013287457
597,0.00073466677
598,0.0011485174
599,0.0025207768
600,0.0039692395
601,0.003541452
602,0.0017328176
603,1.3104989e-05
604,0.00095105433
605,0.0014417095
606,0.0007596561
607,0.0007352568
608,0.0027189173
609,0.003998584
610,0.0036825421
611,0.002313534
612,0.0005044764
613,0.00069821277
614,0.0012751339
615,0.0005464953
616,0.0007500488
617,0.0019443027
618,0.0025859452
619,0.002452359
620,0.001719873
621,5.3780124e-05
622,0.0010978857
623,0.0015207072
624,0.0014408638
625,0.0003395623
626,0.0013388384
627,0.002399236
628,0.002115005
629,0.0015886135
630,0.00014624605
631,0.0010244157
632,0.0013455966
633,0.00058142806
634,0.0005317243
635,0.0018105838
636,0.0022562193
637,0.0026038212
638,0.001767153
639,0.0001455245
640,0.0008305817
641,0.0011660376
642,0.0005923919
643,0.0012096171
644,0.0031726607
645,0.0033812595
646,0.0033079428
647,0.0020069422
648,0.0002179072
649,0.0005997306
650,0.00043441236
651,0.0009827535
652,0.003231713
653,0.005011396
654,0.005653351
655,0.004937274
656,0.003009251
657,0.00048564107
658,0.00049466983
659,-6.6237706e-05
660,0.0019849495
661,0.0045132795
662,0.00660367
663,0.007193792
664,0.005641084
665,0.0032740948
666,0.000697015
667,0.000388492
668,-8.348111e-05
669,0.0019446362
670,0.004522147
671,0.006140014
672,0.006341201
673,0.0049495576
674,0.0028114403
675,0.00033919286
676,0.00057265343
677,0.00026625462
678,0.0011464059
679,0.003439542
680,0.005154107
681,0.0058391355
682,0.0049423273
683,0.0029813345
684,0.0005277705
685,0.0005393628
686,0.00044660864
687,0.000969705
688,0.0027714055
689,0.0052217906
690,0.005437906
691,0.0045074406
692,0.0025760503
693,0.0002963962
694,0.0007536906
695,0.0005982419
696,0.00097224116
697,0.0029250362
698,0.0047090715
699,0.005042882
700,0.0047247005
701,0.0026758327
702,0.0005986464
703,0.0006305485
704,0.00062013103
705,0.0008238222
706,0.003482109
707,0.005063885
708,0.0058333124
709,0.0046009505
710,0.0027224617
711,0.0006259009
712,0.00040026708
713,0.0002782924
714,0.0014325712
715,0.0044349935
716,0.006661826
717,0.0074085966
718,0.006089259
719,0.0033853762
720,0.0005716935
721,0.0005530281
722,0.00014941604
723,0.0014076933
724,0.0037118178
725,0.005732392
726,0.0060142833
727,0.004911622
728,0.0028668547
729,0.0007114549
730,0.00025288854
731,0.00018456412
732,0.002785108
733,0.0064309267
734,0.009235322
735,0.010183523
736,0.00826914
737,0.0046053943
738,0.0011806793
739,8.0753045e-05
740,0.00061636034
741,0.004111324
742,0.007897301
743,0.010332302
744,0.010704667
745,0.008385839
746,0.004203812
747,0.0008113809
748,0.000103182334
749,0.0007913511
750,0.0041766795
751,0.008467883
752,0.011524119
753,0.011823327
754,0.009333252
755,0.0051019173
756,0.0013569716
757,3.1060088e-05
758,0.0008169308
759,0.0043887193
760,0.00909025
761,0.012215005
762,0.01262589
763,0.010014282
764,0.005228621
765,0.0011398888
766,1.0331496e-05
767,0.0011642005
768,0.004557631
769,0.008484878
770,0.011753441
771,0.012289004
772,0.009809003
773,0.005406379
774,0.0013032211
775,-7.656178e-05
776,0.0014077114
777,0.005698048
778,0.010529056
779,0.013134424
780,0.012885108
781,0.009895852
782,0.0052239113
783,0.0010834428
784,-0.00013103447
785,0.0019850284
786,0.0064721
787,0.010641571
788,0.013574097
789,0.013174673
790,0.009906876
791,0.00513322
792,0.0012427326
793,-4.033842e-05
794,0.0014685558
795,0.0058937506
796,0.010474436
797,0.01311393
798,0.012837153
799,0.0095928935
800,0.004971263
801,0.0011400762
802,4.6964968e-05
803,0.0011908931
804,0.004566553
805,0.009095495
806,0.012158933
807,0.011695787
808,0.009112544
809,0.0047891806
810,0.0012053703
811,0.00011195203
812,0.00077464536
813,0.0043925303
814,0.008160181
815,0.01029982
816,0.010172132
817,0.0074324957
818,0.0036584556
819,0.0006708782
820,0.00024531982
821,0.0004080274
822,0.0026913106
823,0.005695809
824,0.0078048515
825,0.008307421
826,0.006844889
827,0.003840607
828,0.00086433487
829,0.00022881715
830,0.00036289
831,0.0025389292
832,0.0052258335
833,0.006382511
834,0.0066614593
835,0.0045168656
836,0.002219854
837,0.00022374546
838,0.00043808576
839,0.0002499491
840,0.0011863727
841,0.0025095947
842,0.0037501338
843,0.0045539383
844,0.0039017266
845,0.0019295053
846,0.00021683895
847,0.0006285142
848,0.00094321265
849,6.6430635e-05
850,0.0019031615
851,0.0033571061
852,0.004575491
853,0.0039463844
854,0.00214554
855,0.00026412285
856,0.0006887838
857,0.00029911933
858,0.001182477
859,0.003065417
860,0.0051769847
861,0.0052954177
862,0.004687693
863,0.002626748
864,0.00052508607
865,0.00047678564
866,-3.656401e-05
867,0.0017297846
868,0.004037408
869,0.0060077677
870,0.0070276456
871,0.005441894
872,0.0031848997
873,0.0006997106
874,0.00036654033
875,0.0001106469
876,0.0012643784
877,0.004079267
878,0.005920215
879,0.0057588876
880,0.0045926394
881,0.0023802822
882,0.00031932455
883,0.0004552449
884,4.5248547e-05
885,0.001422825
886,0.003791622
887,0.005743845
888,0.0055184234
889,0.0047459505
890,0.002731906
891,0.00058158935
892,0.00023836314
893,0.00014394763
894,0.0023592361
895,0.005039534
896,0.0072433483
897,0.007110323
898,0.005788033
899,0.0030730905
900,0.0005773203
901,0.0002648093
902,0.00038085325
903,0.0024910825
904,0.004570866
905,0.0065181134
906,0.006718669
907,0.004856439
908,0.0025566553
909,0.00050552684
910,0.00014898807
911,7.986603e-05
912,0.0011743698
913,0.0038094698
914,0.0051449775
915,0.0057958825
916,0.0039063524
917,0.0018107712
918,0.00011475419
919,0.00025305094
920,0.000102640835
921,0.0021694107
922,0.003520869
923,0.004386442
924,0.004277969
925,0.0037777226
926,0.002043658
927,8.874491e-05
928,0.00058335194
929,-5.5526e-05
930,0.000985222
931,0.003175632
932,0.005087432
933,0.0049470984
934,0.0041367323
935,0.0024095401
936,0.0005765527
937,0.0004443234
938,0.00017096769
939,0.0008125788
940,0.002377982
941,0.0039175483
942,0.0044227266
943,0.0036725714
944,0.0017081775
945,-1.9329804e-05
946,0.00076938455
947,0.0011963281
948,0.001049601
949,0.0003285849
950,0.0014288102
951,0.002902457
952,0.0029015103
953,0.0016079475
954,3.7932958e-05
955,0.00091861817
956,0.00094099646
957,-1.617326e-05
958,0.0018670761
959,0.002906493
960,0.003845423
961,0.0036511032
962,0.0022930196
963,0.00044889693
964,0.0008192863
965,0.0015362693
966,0.0009634894
967,0.00025271275
968,0.0017686762
969,0.003017685
970,0.0025186692
971,0.0013995522
972,7.768824e-05
973,0.00073238544
974,0.0009539993
975,4.476816e-05
976,0.0017951538
977,0.0032681543
978,0.004813254
979,0.0043561556
980,0.0025827712
981,0.0004979433
982,0.00075968704
983,0.000966312
984,-5.245878e-06
985,0.0014296769
986,0.0031876191
987,0.0035299931
988,0.0030018687
989,0.0016889824
990,0.00017680813
991,0.00070506486
992,0.0010080131
993,3.8359663e-05
994,0.0021352146
995,0.0034911982
996,0.004233904
997,0.0040692496
998,0.0023096676
999,0.00022878672
1000,0.0008056983
1001,0.0008486809
1002,0.00061693974
1003,0.0021831156
1004,0.004141107
1005,0.004617707
1006,0.004235637
1007,0.002643286
1008,0.0004616532
1009,0.0009415407
1010,0.0011174579
1011,-3.5752855e-05
1012,0.0018467541
1013,0.0033771752
1014,0.0042644734
1015,0.0036489917
1016,0.0022639195
1017,0.00051477394
1018,0.00081650657
1019,0.0015354473
1020,0.0006673952
1021,0.0006676416
1022,0.0029493666
1023,0.004038731
1024,0.0032645022
1025,0.0016940497
1026,0.00020885601
1027,0.00080067664
1028,0.0014976945
1029,0.0012246069
1030,0.00019464098
1031,0.0016088765
1032,0.002787257
1033,0.0029187128
1034,0.0019230229
1035,-4.3290056e-06
1036,0.001555158
1037,0.0019459783
1038,0.0014831985
1039,0.000222361
1040,0.001511819
1041,0.0022515776
1042,0.0023798656
1043,0.0020207756
1044,0.00049027754
1045,0.0009986135
1046,0.0018481838
1047,0.0015855579
1048,0.0005104801
1049,0.0008562063
1050,0.0021432352
1051,0.00229059
1052,0.0013576889
1053,-4.5614157e-05
1054,0.0013467184
1055,0.0019177117
1056,0.0011768361
1057,0.00035003628
1058,0.0011919903
1059,0.0024003794
1060,0.002617441
1061,0.0021065874
1062,0.00030988295
1063,0.0014836972
1064,0.0022290465
1065,0.0019346589
1066,0.00025951004
1067,0.0008414485
1068,0.001960443
1069,0.0024125583
1070,0.001550626
1071,0.00025138594
1072,0.0009030248
1073,0.0018530062
1074,0.0020197926
1075,0.00044899216
1076,0.0012858728
1077,0.0030509033
1078,0.0030910613
1079,0.0017406872
1080,2.0756066e-05
1081,0.0010235675
1082,0.0013551621
1083,0.00039464975
1084,0.0010542577
1085,0.0030522707
1086,0.00409245
1087,0.0038164188
1088,0.0023837984
1089,0.00063699606
1090,0.00061753805
1091,0.0011249027
1092,-1.8027065e-05
1093,0.0014710141
1094,0.003909723
1095,0.004429749
1096,0.0038367682
1097,0.0020333605
1098,0.00013777935
1099,0.00079104194
1100,0.0009362278
1101,7.473685e-05
1102,0.0019268896
1103,0.0034617612
1104,0.004210416
1105,0.0035571456
1106,0.002261714
1107,0.00033079885
1108,0.0008036416
1109,0.0011158831
1110,0.00012878989
1111,0.0014772803
1112,0.003539916
1113,0.004232705
1114,0.0037676208
1115,0.0020274743
1116,0.0002887377
1117,0.0007643026
1118,0.0007612938
1119,-2.2118014e-05
1120,0.002049881
1121,0.004330034
1122,0.004829539
1123,0.004163196
1124,0.0025834774
1125,0.00041835802
1126,0.00077820424
1127,0.00096682436
1128,5.1073883e-05
1129,0.0019105597
1130,0.0034820414
1131,0.004427753
1132,0.0038568007
1133,0.0022296456
1134,0.00043259823
1135,0.00086373376
1136,0.0011596492
1137,2.9933413e-05
1138,0.0021077385
1139,0.0038684532
1140,0.0042503783
1141,0.0040216018
1142,0.0024665846
1143,0.0004848429
1144,0.00072434644
1145,0.0011657153
1146,0.000258351
1147,0.0017360839
1148,0.0038874927
1149,0.0045223734
1150,0.003726933
1151,0.0020796172
1152,0.00031500641
1153,0.00061140535
1154,0.00056004507
1155,0.00048007627
1156,0.0029986845
1157,0.0054493234
1158,0.0063040354
1159,0.0054675266
1160,0.003148779
1161,0.0005472039
1162,0.0006808529
1163,0.00035591467
1164,0.0013021596
1165,0.0034454484
1166,0.0052568293
1167,0.005979569
1168,0.004786502
1169,0.0027369554
1170,0.00044214766
1171,0.00077487837
1172,0.0006641675
1173,0.0010775547
1174,0.0036814683
1175,0.005193428
1176,0.006237701
1177,0.005221233
1178,0.0032743027
1179,0.0008020605
1180,0.0006411062
1181,0.00038257428
1182,0.001645083
1183,0.004074129
1184,0.0063428334
1185,0.006446217
1186,0.005554612
1187,0.0032542048
1188,0.00082876225
1189,0.00055201876
1190,0.0005815623
1191,0.000764241
1192,0.0030055568
1193,0.0057135317
1194,0.0067901206
1195,0.0056176125
1196,0.0030259672
1197,0.00059955375
1198,0.00052015623
1199,0.00043192523
1200,0.0012444357
1201,0.004241349
1202,0.0071361098
1203,0.008057647
1204,0.006842375
1205,0.0040623345
1206,0.0009969563
1207,0.000501883
1208,1.3045828e-05
1209,0.0027011805
1210,0.006172169
1211,0.00838272
1212,0.008693493
1213,0.007162621
1214,0.004022031
1215,0.0009979376
1216,0.00042749342
1217,1.3882811e-05
1218,0.001960339
1219,0.0048252176
1220,0.0072229295
1221,0.007827994
1222,0.00650335
1223,0.0035588923
1224,0.0007679812
1225,0.0006412234
1226,0.0002511681
1227,0.0019315863
1228,0.004968634
1229,0.0067425016
1230,0.007017266
1231,0.005606271
1232,0.0033064764
1233,0.00076973456
1234,0.0006186022
1235,0.00036121838
1236,0.0018214858
1237,0.004790455
1238,0.0067773554
1239,0.0073810588
1240,0.0063049686
1241,0.0037146027
1242,0.0010478579
1243,0.0003939086
1244,0.0001685674
1245,0.0017910327
1246,0.0050280355
1247,0.008170225
1248,0.008953803
1249,0.007482341
1250,0.004120105
1251,0.0008451936
1252,0.00051190035
1253,5.594174e-05
1254,0.0021772631
1255,0.0052874526
1256,0.0076537174
1257,0.008065554
1258,0.0066312086
1259,0.00399894
1260,0.0010968116
1261,0.000491143
1262,0.00040232582
1263,0.0015710347
1264,0.0045670355
1265,0.007264451
1266,0.007775472
1267,0.0064377175
1268,0.0036251515
1269,0.0007912173
1270,0.00066746783
1271,0.00017059248
1272,0.0017127206
1273,0.0044655586
1274,0.0061521973
1275,0.00704292
1276,0.005877437
1277,0.0032799954
1278,0.00064610114
1279,0.0006572747
1280,0.00026801636
1281,0.00174743
1282,0.004238328
1283,0.0068249456
1284,0.0077668307
1285,0.006906224
1286,0.0045421016
1287,0.0013319966
1288,0.00044555025
1289,0.00012223123
1290,0.002106228
1291,0.0056569274
1292,0.008043072
1293,0.008361152
1294,0.0069039804
1295,0.003947195
1296,0.00096695404
1297,0.0004635282
1298,0.00010284304
1299,0.0021068484
1300,0.00543114
1301,0.008129151
1302,0.008690199
1303,0.0069483975
1304,0.0041356077
1305,0.0010408774
1306,0.00046287276
1307,0.00012898991
1308,0.0019863201
1309,0.004808156
1310,0.007740102
1311,0.008249575
1312,0.006671374
1313,0.003811355
1314,0.00075786293
1315,0.0007492821
1316,0.00038897563
1317,0.0013087523
1318,0.003532854
1319,0.005769248
1320,0.006570564
1321,0.0054936125
1322,0.0031683836
1323,0.00073095574
1324,0.0006514267
1325,0.00080628955
1326,0.00076018367
1327,0.0035972486
1328,0.0055454927
1329,0.0065595363
1330,0.0054758224
1331,0.0033097188
1332,0.0009195138
1333,0.0006475493
1334,0.000703928
1335,0.00097089773
1336,0.003945487
1337,0.0062380726
1338,0.006450181
1339,0.0054344786
1340,0.0031290676
1341,0.00072712486
1342,0.00053244084
1343,0.00049243006
1344,0.001435934
1345,0.0040147738
1346,0.00665189
1347,0.007310309
1348,0.00642236
1349,0.0037644166
1350,0.0008283613
1351,0.0005592491
1352,0.00021137431
1353,0.0016452533
1354,0.0045249164
1355,0.006348112
1356,0.0070217624
1357,0.0058506937
1358,0.003673924
1359,0.0009605668
1360,0.00048692196
1361,0.00047049706
1362,0.0012424048
1363,0.0038508363
1364,0.0059935953
1365,0.0066910777
1366,0.0055815177
1367,0.002983172
1368,0.0005093647
1369,0.00071206974
1370,0.00075822027
1371,0.00033083878
1372,0.002415415
1373,0.003952702
1374,0.0050488934
1375,0.0045934515
1376,0.0026784383
1377,0.00043550477
1378,0.0007620216
1379,0.00089676154
1380,1.4609261e-05
1381,0.0015749692
1382,0.0032291438
1383,0.004210418
1384,0.003960556
1385,0.0022917974
1386,0.0002749532
1387,0.00074788043
1388,0.00068217603
1389,0.00066757156
1390,0.0030461845
1391,0.005018936
1392,0.005481368
1393,0.0050615487
1394,0.0029479712
1395,0.0005211202
1396,0.00055606785
1397,0.00013564341
1398,0.0018355107
1399,0.004123899
1400,0.0059372406
1401,0.0065445593
1402,0.0056754355
1403,0.0032107304
1404,0.0005432847
1405,0.00053039787
1406,-7.703082e-05
1407,0.0022002945
1408,0.0045138635
1409,0.006578968
1410,0.006825048
1411,0.0055505256
1412,0.0034397566
1413,0.00087928004
1414,0.00043466123
1415,9.289227e-05
1416,0.0016618462
1417,0.004227984
1418,0.0066692126
1419,0.0073184455
1420,0.0059584277
1421,0.003176871
1422,0.0005456717
1423,0.0005340993
1424,-4.0924315e-05
1425,0.0019939195
1426,0.0049982267
1427,0.006857697
1428,0.0074514383
1429,0.006637139
1430,0.0040353695
1431,0.0008490427
1432,0.0004157882
1433,6.934397e-05
1434,0.0022643735
1435,0.004959169
1436,0.0071000815
1437,0.0071753887
1438,0.0059910216
1439,0.0033784779
1440,0.0006692769
1441,0.00045365546
1442,0.00016267921
1443,0.0017374201
1444,0.004764379
1445,0.00660852
1446,0.0070725465
1447,0.005683643
1448,0.0033248789
1449,0.00063772657
1450,0.00060189725
1451,0.00018394584
1452,0.0014599016
1453,0.0038614597
1454,0.0058731977
1455,0.005764711
1456,0.0045007328
1457,0.0028079746
1458,0.0006930104
1459,0.00039944306
1460,0.00024897172
1461,0.0014197509
1462,0.0046640923
1463,0.007148474
1464,0.0071789203
1465,0.0058611017
1466,0.0031111222
1467,0.00054098055
1468,0.0005870088
1469,0.00020460793
1470,0.0011078642
1471,0.0033785966
1472,0.0057275863
1473,0.0062134666
1474,0.0050146393
1475,0.002766561
1476,0.00047836173
1477,0.00049668096
1478,0.00028698507
1479,0.0012078098
1480,0.0038813562
1481,0.0061518345
1482,0.0072259945
1483,0.005691251
1484,0.0033267448
1485,0.0007453743
1486,0.00037877474
1487,9.216121e-06
1488,0.001804825
1489,0.004326892
1490,0.0062952247
1491,0.006434348
1492,0.0050732684
1493,0.0026669428
1494,0.00036464547
1495,0.0008301564
1496,0.00091894815
1497,0.00017703239
1498,0.002412306
1499,0.003908654
1500,0.004281441
1501,0.0039002541
1502,0.0024196177
1503,0.00032771355
1504,0.00078520336
1505,0.0008225021
1506,0.00040918586
1507,0.0027292578
1508,0.0048264824
1509,0.005520065
1510,0.0046337494
1511,0.002922449
1512,0.00079908944
1513,0.00045635627
1514,0.0002779442
1515,0.0015833321
1516,0.0039930153
1517,0.0067060427
1518,0.0075173676
1519,0.006065849
1520,0.0033402892
1521,0.0007736842
1522,0.00037003568
1523,5.48557e-06
1524,0.0017178159
1525,0.0046782987
1526,0.006649208
1527,0.007472406
1528,0.00573906
1529,0.003022861
1530,0.00044865205
1531,0.0005446793
1532,-1.760028e-05
1533,0.0017385423
1534,0.0040325075
1535,0.006398524
1536,0.006815221
1537,0.005572782
1538,0.003089997
1539,0.00075884874
1540,0.0005259925
1541,0.00031114178
1542,0.0014155515
1543,0.0038046867
1544,0.006276324
1545,0.006687278
1546,0.005290844
1547,0.0028096908
1548,0.00044382218
1549,0.0005436505
1550,0.00032189168
1551,0.0014395718
1552,0.004464106
1553,0.006862034
1554,0.007867702
1555,0.006449861
1556,0.0035614925
1557,0.0006969846
1558,0.00048747208
1559,7.4124684e-05
1560,0.0018012752
1561,0.0051527424
1562,0.007840726
1563,0.0088796625
1564,0.0071074734
1565,0.004041243
1566,0.00092749466
1567,0.0006753846
1568,0.00020583157
1569,0.0016902896
1570,0.0044989884
1571,0.006766067
1572,0.007363449
1573,0.006149673
1574,0.0036806196
1575,0.0010826412
1576,0.00057308655
1577,0.00058458233
1578,0.0012383752
1579,0.004405848
1580,0.0065200175
1581,0.007152442
1582,0.005636943
1583,0.0033744455
1584,0.00088079
1585,0.00056418875
1586,0.00038305583
1587,0.0014251502
1588,0.0041195815
1589,0.0067918305
1590,0.0071475944
1591,0.006003263
1592,0.003402969
1593,0.0006534528
1594,0.0007261986
1595,0.00044289848
1596,0.0014156123
1597,0.003839176
1598,0.0059340466
1599,0.0071845013
1600,0.006223347
1601,0.0038331074
1602,0.0009849868
1603,0.0006272779
1604,0.00050475117
1605,0.0013286707
1606,0.0043912213
1607,0.0066897674
1608,0.007126414
1609,0.0059925034
1610,0.0036529656
1611,0.0011403236
1612,0.00046811716
1613,0.00046257768
1614,0.001417065
1615,0.0043462436
1616,0.006941376
1617,0.0077340705
1618,0.0065755355
1619,0.00365682
1620,0.0007799131
1621,0.0006157109
1622,0.00030293374
1623,0.0015952672
1624,0.004224156
1625,0.006635808
1626,0.007675864
1627,0.0061972407
1628,0.0036277259
1629,0.00079939235
1630,0.0006798272
1631,0.00055674685
1632,0.0012187414
1633,0.0039932905
1634,0.006531348
1635,0.0074340254
1636,0.006240373
1637,0.0037730702
1638,0.0010162671
1639,0.0005254702
1640,0.00037937576
1641,0.0014484959
1642,0.0047313254
1643,0.0070554772
1644,0.0076797605
1645,0.006390694
1646,0.0038513083
1647,0.0009946332
1648,0.0006211175
1649,0.00033700874
1650,0.0017532075
1651,0.00463612
1652,0.006830854
1653,0.007445203
1654,0.006232959
1655,0.0037521783
1656,0.001030002
1657,0.0005077929
1658,0.0004837446
1659,0.0014592861
1660,0.0045298785
1661,0.0071217422
1662,0.007683844
1663,0.0063636377
1664,0.0035725047
1665,0.0008980698
1666,0.00057601056
1667,0.00047359208
1668,0.0012259241
1669,0.0041270196
1670,0.0066565783
1671,0.007813262
1672,0.0066561494
1673,0.0040166783
1674,0.001171215
1675,0.00057926035
1676,0.0005482184
1677,0.001554619
1678,0.0046603107
1679,0.00694251
1680,0.007540429
1681,0.00625654
1682,0.003788996
1683,0.0009868594
1684,0.0005968199
1685,0.0005629147
1686,0.0009810601
1687,0.003714055
1688,0.006024401
1689,0.006876302
1690,0.0060872524
1691,0.0035905328
1692,0.0006697773
1693,0.00069251977
1694,0.00030821213
1695,0.0015981996
1696,0.0043964824
1697,0.0066161435
1698,0.0075806025
1699,0.0068196747
1700,0.004196555
1701,0.0010852842
1702,0.00061519106
1703,0.00048018058
1704,0.001160707
1705,0.0038647056
1706,0.005823042
1707,0.0065475986
1708,0.005886085
1709,0.0034213474
1710,0.0008543684
1711,0.00054982083
1712,0.00051945815
1713,0.0013118524
1714,0.003850161
1715,0.006017033
1716,0.007156654
1717,0.0058987485
1718,0.0032051266
1719,0.00069389155
1720,0.0005092826
1721,0.00031399183
1722,0.0016787228
1723,0.0043925433
1724,0.0065692374
1725,0.0076516587
1726,0.006526563
1727,0.0037625115
1728,0.00089213584
1729,0.0005792998
1730,0.00032259827
1731,0.0017162453
1732,0.004369838
1733,0.0063977065
1734,0.006654596
1735,0.005763462
1736,0.003309221
1737,0.0008297472
1738,0.00049041194
1739,0.0004337616
1740,0.0014783355
1741,0.0047225086
1742,0.006579888
1743,0.0073390957
1744,0.005619077
1745,0.00314662
1746,0.0007161578
1747,0.0004902161
1748,0.00052535225
1749,0.00055132917
1750,0.0029746685
1751,0.00492143
1752,0.006200988
1753,0.005085257
1754,0.002780454
1755,0.0005393566
1756,0.0006558184
1757,0.0006068367
1758,0.0012226703
1759,0.0033754634
1760,0.005304892
1761,0.005950385
1762,0.0046158005
1763,0.0026877052
1764,0.0006435542
1765,0.0004867243
1766,0.0005084667
1767,0.00078141934
1768,0.0029957436
1769,0.0047781835
1770,0.005307804
1771,0.004322165
1772,0.0022401938
1773,7.922281e-05
1774,0.00087445776
1775,0.0006231626
1776,0.000589279
1777,0.0027675563
1778,0.0047474275
1779,0.0060847965
1780,0.0058074184
1781,0.0037849538
1782,0.0011009045
1783,0.00033322204
1784,0.00013842237
1785,0.0019494381
1786,0.005372767
1787,0.0077715665
1788,0.008184527
1789,0.0064736586
1790,0.0038129443
1791,0.0009406677
1792,0.00018787754
1793,0.0004868804
1794,0.0034023619
1795,0.007258672
1796,0.009004393
1797,0.008453139
1798,0.006695868
1799,0.0035156002
1800,0.00070234825
1801,0.00016246953
1802,0.00048609762
1803,0.0030703114
1804,0.006528958
1805,0.01013271
1806,0.010526219
1807,0.007940721
1808,0.004259944
1809,0.0008010385
1810,0.00024432858
1811,0.00048700834
1812,0.0028875235
1813,0.006110196
1814,0.0082653295
1815,0.008892437
1816,0.0066694873
1817,0.0037580908
1818,0.0008050931
1819,0.00024964788
1820,0.0007268511
1821,0.003886258
1822,0.0077440753
1823,0.010303595
1824,0.010560918
1825,0.008342477
1826,0.004587711
1827,0.0012854758
1828,0.00018533981
1829,0.00041360248
1830,0.0032346006
1831,0.0072380425
1832,0.010348903
1833,0.009966536
1834,0.007591514
1835,0.0039818687
1836,0.0009772287
1837,0.00021721101
1838,0.00040060017
1839,0.0034797513
1840,0.007311235
1841,0.009496489
1842,0.009447928
1843,0.007452887
1844,0.0038684038
1845,0.000889814
1846,0.00025021512
1847,0.00025059556
1848,0.0027059978
1849,0.005776302
1850,0.008724326
1851,0.008900039
1852,0.006715205
1853,0.0036532811
1854,0.0007132779
1855,0.00026962836
1856,0.00050130906
1857,0.0032166168
1858,0.00650334
1859,0.008167342
1860,0.008526468
1861,0.0067935386
1862,0.00395258
1863,0.00092627376
1864,0.00015839504
1865,0.00046707032
1866,0.003020169
1867,0.0067652543
1868,0.0091960365
1869,0.009441652
1870,0.0075562075
1871,0.0039931824
1872,0.0007676049
1873,0.00014229835
1874,0.0006843091
1875,0.0039287494
1876,0.0076796855
1877,0.009360125
1878,0.009277786
1879,0.0075440807
1880,0.0040565147
1881,0.00096066925
1882,0.00012506086
1883,0.00059151335
1884,0.0039457404
1885,0.007923535
1886,0.0106428
1887,0.011170517
1888,0.008848406
1889,0.0047570975
1890,0.001306577
1891,-2.0528401e-05
1892,0.0010387115
1893,0.005090597
1894,0.009541718
1895,0.012562659
1896,0.012876688
1897,0.010293511
1898,0.005130136
1899,0.0009487311
1900,9.7075215e-05
1901,0.0013190839
1902,0.0050339205
1903,0.008251047
1904,0.010730765
1905,0.010776988
1906,0.008199064
1907,0.0042024115
1908,0.00093026273
1909,0.00013292857
1910,0.0007746877
1911,0.004206738
1912,0.008223702
1913,0.01086888
1914,0.010827947
1915,0.008890674
1916,0.00505027
1917,0.0012478806
1918,0.00013341066
1919,0.0008432866
1920,0.0041724574
1921,0.008269349
1922,0.011475812
1923,0.011437493
1924,0.009208779
1925,0.004889627
1926,0.0010611619
1927,0.00016960064
1928,0.00078457006
1929,0.003779894
1930,0.0076563535
1931,0.010111244
1932,0.009949671
1933,0.00815515
1934,0.0045487992
1935,0.0011552253
1936,0.00012653878
1937,0.0006505908
1938,0.0038922324
1939,0.007679149
1940,0.010425071
1941,0.0106256725
1942,0.008277154
1943,0.0045058136
1944,0.0010321953
1945,5.3184747e-05
1946,0.000781532
1947,0.0041574724
1948,0.008376274
1949,0.011008906
1950,0.011040318
1951,0.009001026
1952,0.0047480525
1953,0.0010200314
1954,-4.3475593e-05
1955,0.0013753227
1956,0.00564667
1957,0.010189287
1958,0.01293946
1959,0.013077942
1960,0.009819394
1961,0.0053135403
1962,0.0012885841
1963,2.6158086e-05
1964,0.0014759293
1965,0.005519167
1966,0.009943638
1967,0.012857315
1968,0.012490803
1969,0.009555185
1970,0.004953503
1971,0.0011094349
1972,8.563227e-05
1973,0.0011448144
1974,0.0049903374
1975,0.009130241
1976,0.01138788
1977,0.011088246
1978,0.008750671
1979,0.0046802713
1980,0.00096471206
1981,0.00013874144
1982,0.00096130464
1983,0.004324033
1984,0.0076629245
1985,0.009868781
1986,0.010412308
1987,0.008404628
1988,0.0045506866
1989,0.0011436291
1990,0.00014041094
1991,0.0007623692
1992,0.0041611064
1993,0.0080867335
1994,0.0109554585
1995,0.01143884
1996,0.009103857
1997,0.0052734017
1998,0.0014136734
1999,1.8438965e-05
2000,0.0010242604
2001,0.00476259
2002,0.008966298
2003,0.012252636
2004,0.011996496
2005,0.009241005
2006,0.004805762
2007,0.001110473
2008,-1.2639313e-05
2009,0.0011612958
2010,0.005129351
2011,0.009432487
2012,0.012724544
2013,0.01295798
2014,0.0098170135
2015,0.0054255435
2016,0.0013509755
2017,-7.3138654e-06
2018,0.0014682858
2019,0.0059932666
2020,0.010788019
2021,0.013190323
2022,0.012626641
2023,0.009478024
2024,0.004753884
2025,0.001082746
2026,5.8242294e-06
2027,0.0012797072
2028,0.004923653
2029,0.009567035
2030,0.012304379
2031,0.0120338
2032,0.009269047
2033,0.0048851296
2034,0.0012798874
2035,-6.560993e-05
2036,0.0010630079
2037,0.005226026
2038,0.010521637
2039,0.013897752
2040,0.01351031
2041,0.010565444
2042,0.005326252
2043,0.001106204
2044,-4.4587403e-05
2045,0.0015526322
2046,0.00567148
2047,0.009695988
2048,0.01168704
2049,0.011384816
2050,0.008655436
2051,0.0045376206
2052,0.0009860296
2053,-7.257318e-05
2054,0.0011824274
2055,0.0051436946
2056,0.009500196
2057,0.013852601
2058,0.014582086
2059,0.011390414
2060,0.0059503457
2061,0.0013755099
2062,-0.00014709678
2063,0.0016827582
2064,0.0063925646
2065,0.011863425
2066,0.01558863
2067,0.015723431
2068,0.011945299
2069,0.005948939
2070,0.001336559
2071,-0.00016625057
2072,0.0015777354
2073,0.005696805
2074,0.010407965
2075,0.014208682
2076,0.013017472
2077,0.008995376
2078,0.0044102287
2079,0.00061063084
2080,-0.00012479833
2081,0.0020601326
2082,0.0060364585
2083,0.009195532
2084,0.010463146
2085,0.0101203
2086,0.007307972
2087,0.0034707317
2088,0.00054314255
2089,-0.00015603953
2090,0.0017449887
2091,0.005699828
2092,0.009421129
2093,0.01259164
2094,0.011785295
2095,0.008509313
2096,0.0041516386
2097,0.00075709645
2098,-9.4773684e-05
2099,0.0017688058
2100,0.005778556
2101,0.009522112
2102,0.011001164
2103,0.010443796
2104,0.0073760217
2105,0.0038104404
2106,0.0007906725
2107,-8.855102e-05
2108,0.0013720507
2109,0.0052609458
2110,0.009367452
2111,0.010944381
2112,0.010323472
2113,0.0076084174
2114,0.0038425603
2115,0.00070849474
2116,-0.00013511791
2117,0.001675861
2118,0.005238213
2119,0.0091132345
2120,0.011357879
2121,0.010176109
2122,0.0074785245
2123,0.0037670766
2124,0.0007604541
2125,-0.00017661008
2126,0.0016126445
2127,0.0054878797
2128,0.010177517
2129,0.012138727
2130,0.011174487
2131,0.007742379
2132,0.0035232971
2133,0.0004955931
2134,-0.00013788638
2135,0.0011314843
2136,0.0034878468
2137,0.005359246
2138,0.007490559
2139,0.0073333737
2140,0.004845079
2141,0.0018707957
2142,8.6833825e-05
2143,-9.8480436e-05
2144,0.0007975119
2145,0.0031477674
2146,0.00610892
2147,0.007330498
2148,0.007575536
2149,0.005626899
2150,0.0026586964
2151,0.00034990383
2152,6.236258e-05
2153,0.000964024
2154,0.0030495196
2155,0.0046449997
2156,0.0050936867
2157,0.0053947833
2158,0.0041916207
2159,0.0021239284
2160,0.00025628714
2161,-2.2102788e-05
2162,0.0008170399
2163,0.0035823132
2164,0.006104004
2165,0.008480792
2166,0.007978223
2167,0.0057222703
2168,0.002844835
2169,0.0005175592
2170,0.00020848922
2171,0.000247635
2172,0.0024935745
2173,0.005173584
2174,0.006434964
2175,0.005799609
2176,0.004464009
2177,0.0020350113
2178,0.0001617041
2179,0.00033663015
2180,0.00015420222
2181,0.0008766974
2182,0.0026554484
2183,0.0036133716
2184,0.0035569835
2185,0.0029010912
2186,0.0016308469
2187,0.00031437905
2188,0.00022258515
2189,0.00022327708
2190,-5.8689424e-05
2191,0.0016414833
2192,0.0026491028
2193,0.0024451315
2194,0.0021582365
2195,0.0010051288
2196,-9.2701965e-05
2197,0.000131791
2198,0.0002172683
2199,0.00048801478
2200,0.00238131
2201,0.0029147344
2202,0.003707497
2203,0.0025541757
2204,0.0013651969
2205,0.00017514605
2206,0.00021247902
2207,0.00037211363
2208,0.00033254139
2209,0.0010681994
2210,0.0009979187
2211,0.0015370063
2212,0.001305062
2213,0.00085115904
2214,-0.0001562438
2215,0.00049589813
2216,0.00033629796
2217,-5.243583e-05
2218,0.0011243974
2219,0.0012669867
2220,0.0018045852
2221,0.0016326
2222,0.0010783395
2223,7.089092e-05
2224,0.00029627897
2225,0.000722919
2226,0.000581538
2227,0.0006451281
2228,0.0020435613
2229,0.0026345896
2230,0.002414799
2231,0.0011352361
2232,-0.00012218027
2233,0.0001459668
2234,0.000119185446
2235,0.0016363541
2236,0.003065117
2237,0.004021414
2238,0.0046104877
2239,0.0037880503
2240,0.0023030313
2241,0.00039147286
2242,5.7050856e-05
2243,0.00023837513
2244,0.0022629767
2245,0.003320354
2246,0.0043522622
2247,0.0040463144
2248,0.002822008
2249,0.0010336968
2250,-1.465618e-05
2251,1.6496488e-05
2252,0.00024479872
2253,0.0014120294
2254,0.0023704087
2255,0.003091704
2256,0.0027914625
2257,0.0018228587
2258,0.0013550692
2259,2.5692323e-05
2260,0.0003441907
2261,0.0007084755
2262,0.0003815359
2263,0.00041588946
2264,0.0010645982
2265,0.0017384223
2266,0.0010148116
2267,0.00045751795
2268,-6.209826e-05
2269,0.0001752588
2270,0.0006300175
2271,0.0004187949
2272,0.0010294826
2273,0.0021820993
2274,0.00242789
2275,0.00153174
2276,0.00091393385
2277,5.5639975e-06
2278,0.00019895704
2279,-8.619588e-05
2280,0.00084172306
2281,0.001976861
2282,0.0029498877
2283,0.002597786
2284,0.0021931487
2285,0.0011906738
2286,3.880082e-05
2287,-0.00016072115
2288,0.00047346108
2289,0.0021697222
2290,0.0032810536
2291,0.0049931086
2292,0.003807904
2293,0.0024684747
2294,0.0011583515
2295,-4.0205196e-05
2296,-5.9407408e-05
2297,0.001550139
2298,0.003869617
2299,0.005441327
2300,0.00640983
2301,0.0046769213
2302,0.0027890478
2303,0.001075653
2304,3.185906e-05
2305,-0.00016625592
2306,0.0007367999
2307,0.00253022
2308,0.0047698137
2309,0.004982171
2310,0.00417425
2311,0.0021760564
2312,0.00059401034
2313,-0.00019846416
2314,3.1735573e-05
2315,0.0013556131
2316,0.0031713124
2317,0.0039210166
2318,0.004171402
2319,0.00413405
2320,0.0016384517
2321,0.00018367168
2322,-0.00017598316
2323,0.00013427244
2324,0.0013735403
2325,0.003343454
2326,0.0043311478
2327,0.0040702038
2328,0.002020351
2329,0.0004821804
2330,-0.0001225131
2331,-0.00025634406
2332,-0.00012276715
2333,8.2048195e-05
2334,0.0008787403
2335,9.688899e-05
2336,6.674065e-05
2337,0.0006749559
2338,0.00030470168
2339,5.7759215e-05
2340,-0.00021499927
2341,-8.2887374e-05
2342,-2.9286952e-05
2343,0.0009216458
2344,0.0022125023
2345,0.0015171227
2346,0.0013035851
2347,-1.0953438e-05
2348,0.00022376249
2349,0.00010415033
2350,5.949341e-05
2351,0.0014341264
2352,0.002073185
2353,0.0018273313
2354,0.0012541288
2355,0.00089459954
2356,0.00024054066
2357,-0.00014194839
2358,-0.00025072842
2359,0.00060979463
2360,0.0012472675
2361,0.002361594
2362,0.0016100581
2363,0.00022759143
2364,0.00044412992
2365,0.0011131696
2366,0.0009120906
2367,0.00047768105
2368,0.00019977338
2369,0.0020696807
2370,0.0022573078
2371,0.001977404
2372,0.0012040725
2373,0.0006464278
2374,0.00070287415
2375,0.00082942576
2376,-0.00030462173
2377,0.0014225915
2378,0.0028826238
2379,0.0039676684
2380,0.002182678
2381,0.0004838985
2382,0.00022758919
2383,0.0013074144
2384,0.0012540192
2385,0.00025782012
2386,0.00049569475
2387,0.0019029274
2388,0.0021935175
2389,0.0016952533
2390,0.00030932587
2391,0.0016125727
2392,0.0025578835
2393,0.0027216033
2394,0.0008479974
2395,0.0011980401
2396,0.0041630724
2397,0.0066416473
2398,0.007225414
2399,0.0055879466
2400,0.0029120103
2401,0.0024236117
2402,0.0041262517
2403,0.0030237352
2404,0.0009033746
2405,0.006801913
2406,0.011696652
2407,0.013874094
2408,0.0090851225
2409,0.0019315643
2410,0.0034792982
2411,0.0060656215
2412,0.0019861867
2413,0.0032476967
2414,0.009598068
2415,0.012199127
2416,0.011461743
2417,0.0059369667
2418,5.4298936e-05
2419,0.0054617496
2420,0.004853253
2421,0.00070515263
2422,0.0034145257
2423,0.006941722
2424,0.008561777
2425,0.0069107534
2426,0.0033868363
2427,0.003681026
2428,0.006356272
2429,0.005682576
2430,0.0021505298
2431,0.0022369605
2432,0.0070924135
2433,0.009409665
2434,0.00651672
2435,0.0016531682
2436,0.0048749773
2437,0.0066175363
2438,0.0053170556
2439,0.0008134187
2440,0.00420294
2441,0.0076965787
2442,0.0076836054
2443,0.0032852292
2444,0.0013820545
2445,0.0058560404
2446,0.006604567
2447,0.0042048274
2448,3.0495867e-05
2449,0.0033216483
2450,0.0069740363
2451,0.008705657
2452,0.005544832
2453,0.0031877607
2454,0.002043949
2455,0.006514439
2456,0.0066883033
2457,0.00382671
2458,0.0011393644
2459,0.007710965
2460,0.012710181
2461,0.009607613
2462,0.0062876134
2463,0.0014746498
2464,0.009139145
2465,0.008984125
2466,0.0024893
2467,0.004657337
2468,0.012682877
2469,0.014397749
2470,0.009329128
2471,0.0020244573
2472,0.00488107
2473,0.010085213
2474,0.0072546205
2475,0.000838577
2476,0.0049849497
2477,0.009360139
2478,0.010409957
2479,0.005465458
2480,0.0008434272
2481,0.0039962297
2482,0.007031266
2483,0.0051567587
2484,0.0008648547
2485,0.0036746366
2486,0.0079357745
2487,0.010198306
2488,0.0071644965
2489,0.0042378614
2490,0.00057698775
2491,0.0033045965
2492,0.004005249
2493,0.0022894759
2494,0.0018678627
2495,0.00855507
2496,0.014903919
2497,0.017035779
2498,0.012384787
2499,0.0036027997
2500,0.0019100654
2501,0.006359252
2502,0.004025608
2503,0.0021459202
2504,0.012045091
2505,0.018603602
2506,0.021547806
2507,0.013619337
2508,0.003968874
2509,0.0039822264
2510,0.0059105367
2511,0.0025478052
2512,0.003927744
2513,0.0119597865
2514,0.018302321
2515,0.01797692
2516,0.013579235
2517,0.0055329097
2518,9.311491e-05
2519,0.0019914266
2520,0.0007887962
2521,0.0035229744
2522,0.010657717
2523,0.017146997
2524,0.018812148
2525,0.018688334
2526,0.012970045
2527,0.0076825977
2528,-3.9200473e-05
2529,0.0026683887
2530,0.0004280983
2531,0.006508435
2532,0.018643962
2533,0.027737346
2534,0.029080488
2535,0.022159599
2536,0.01088912
2537,-0.00020685459
2538,0.0028110405
2539,0.00042424485
2540,0.010813687
2541,0.022527039
2542,0.029843496
2543,0.026148455
2544,0.019859364
2545,0.0074748904
2546,0.0010728757
2547,0.0035164368
2548,-0.00020770665
2549,0.010170494
2550,0.020987269
2551,0.02953357
2552,0.031142179
2553,0.024847869
2554,0.013147257
2555,0.0016596544
2556,0.0020915095
2557,0.0009182943
2558,0.011075031
2559,0.022209568
2560,0.029239235
2561,0.030703176
2562,0.023583882
2563,0.013020295
2564,0.0031603342
2565,0.0013255592
2566,3.4100958e-05
2567,0.009366949
2568,0.020869618
2569,0.029802812
2570,0.031844765
2571,0.023876954
2572,0.012485237
2573,0.0034078658
2574,0.001251866
2575,-0.00038250472
2576,0.0076295687
2577,0.018384352
2578,0.02543719
2579,0.02906442
2580,0.021488858
2581,0.012826919
2582,0.003145279
2583,0.0011344198
2584,0.00049061596
2585,0.00922484
2586,0.020086806
2587,0.027834078
2588,0.027383575
2589,0.019944195
2590,0.009206284
2591,0.0017544434
2592,0.0011095726
2593,0.00051801384
2594,0.008804062
2595,0.01928569
2596,0.026834432
2597,0.027996497
2598,0.023447348
2599,0.013639701
2600,0.003429651
2601,0.00086653035
2602,-0.00021966043
2603,0.0074866773
2604,0.017939579
2605,0.024664298
2606,0.023936983
2607,0.018352184
2608,0.0103742825
2609,0.0019072592
2610,0.0017624296
2611,-4.6069414e-05
2612,0.008358928
2613,0.019974431
2614,0.028876692
2615,0.033179935
2616,0.028661715
2617,0.01833238
2618,0.0066376734
2619,0.00023115004
2620,1.8550374e-05
2621,0.006865608
2622,0.01953912
2623,0.03160313
2624,0.038348675
2625,0.037111383
2626,0.0284016
2627,0.013465729
2628,0.0008404539
2629,0.0014864017
2630,0.004818561
2631,0.020081352
2632,0.035675764
2633,0.04608657
2634,0.040234867
2635,0.025187844
2636,0.0078111547
2637,0.0020824904
2638,0.0013397262
2639,0.008478361
2640,0.026162606
2641,0.039854284
2642,0.044301793
2643,0.03768878
2644,0.020188747
2645,0.005579679
2646,0.0016937361
2647,-0.00023545619
2648,0.0102644395
2649,0.024316099
2650,0.03482882
2651,0.036609344
2652,0.026628817
2653,0.013693422
2654,0.0014919031
2655,0.0028468068
2656,-6.306509e-06
2657,0.012265543
2658,0.025673345
2659,0.036546145
2660,0.036970347
2661,0.028258415
2662,0.01656215
2663,0.002393181
2664,0.0029245354
2665,0.00043788686
2666,0.008862168
2667,0.023168998
2668,0.035446845
2669,0.04081485
2670,0.036579043
2671,0.024926512
2672,0.007074054
2673,0.0029549948
2674,0.003054071
2675,0.0074846707
2676,0.025859566
2677,0.040355075
2678,0.045681577
2679,0.03507916
2680,0.019077102
2681,0.00064975116
2682,0.007709584
2683,0.0015812232
2684,0.013542835
2685,0.034571335
2686,0.051249623
2687,0.053109627
2688,0.045125037
2689,0.025976392
2690,0.0054831915
2691,0.004815469
2692,0.002289805
2693,0.012010498
2694,0.034930572
2695,0.054093495
2696,0.05718261
2697,0.048908234
2698,0.029493839
2699,0.008206001
2700,0.002295439
2701,0.00045491935
2702,0.013120452
2703,0.032800276
2704,0.047238544
2705,0.048347764
2706,0.038469896
2707,0.022875711
2708,0.005270724
2709,0.0025987867
2710,0.0006972966
2711,0.009382699
2712,0.025284344
2713,0.040220175
2714,0.042995483
2715,0.034458082
2716,0.019441877
2717,0.003122317
2718,0.0036503288
2719,0.0011673688
2720,0.010369155
2721,0.02668216
2722,0.040768776
2723,0.04114393
2724,0.03078109
2725,0.012206379
2726,0.00013053414
2727,0.006618174
2728,0.0009969244
2729,0.012952942
2730,0.03139501
2731,0.04243242
2732,0.045700733
2733,0.035944488
2734,0.013390223
2735,0.0025137884
2736,0.0062771263
2737,-0.0005592019
2738,0.014776997
2739,0.031713832
2740,0.044374954
2741,0.04520119
2742,0.03350946
2743,0.014451206
2744,0.00092964974
2745,0.006913039
2746,0.00068557553
2747,0.013582343
2748,0.031264976
2749,0.04298433
2750,0.04293701
2751,0.0315989
2752,0.011459715
2753,0.004801854
2754,0.010155033
2755,0.0020824457
2756,0.013875709
2757,0.03559091
2758,0.048844244
2759,0.045479998
2760,0.034769215
2761,0.010422186
2762,0.0048915567
2763,0.00833843
2764,-0.0008668888
2765,0.017400622
2766,0.03490633
2767,0.0452862
2768,0.037694287
2769,0.023134563
2770,0.0052597313
2771,0.008489043
2772,0.008114758
2773,0.00050788675
2774,0.017512135
2775,0.031086119
2776,0.038468905
2777,0.033001553
2778,0.017249683
2779,0.002336434
2780,0.010619193
2781,0.009719469
2782,-0.00065744825
2783,0.018332133
2784,0.037809987
2785,0.046316624
2786,0.045617722
2787,0.030263403
2788,0.009161401
2789,0.004494899
2790,0.008146883
2791,-0.00034440926
2792,0.016488975
2793,0.033818796
2794,0.042227115
2795,0.039958775
2796,0.024329763
2797,0.008642179
2798,0.00764936
2799,0.0108255325
2800,0.0009530247
2801,0.016218618
2802,0.037113138
2803,0.047854945
2804,0.04880995
2805,0.03548566
2806,0.013606688
2807,0.0030299902
2808,0.008902206
2809,0.0005169306
2810,0.017022269
2811,0.04007794
2812,0.054349016
2813,0.059851807
2814,0.04443074
2815,0.026195655
2816,0.00216191
2817,0.009522838
2818,0.0047640903
2819,0.011642499
2820,0.03532978
2821,0.055596527
2822,0.06320787
2823,0.053713232
2824,0.025992552
2825,0.0031744079
2826,0.008646797
2827,0.004103225
2828,0.01171557
2829,0.036146194
2830,0.057455044
2831,0.065285616
2832,0.052514948
2833,0.028616674
2834,0.0047916197
2835,0.009845832
2836,0.009212278
2837,0.006624298
2838,0.033631925
2839,0.05975839
2840,0.06987498
2841,0.06190817
2842,0.029723471
2843,0.0013751537
2844,0.023391193
2845,0.017422134
2846,0.005968512
2847,0.04678331
2848,0.079025336
2849,0.089813806
2850,0.06454024
2851,0.025467256
2852,0.016618429
2853,0.03167833
2854,0.01649215
2855,0.018981243
2856,0.063886896
2857,0.08956061
2858,0.08639721
2859,0.046448275
2860,0.005703051
2861,0.03853087
2862,0.05304968
2863,0.027029278
2864,0.020835165
2865,0.07300684
2866,0.09407705
2867,0.08326742
2868,0.02556708
2869,0.03277971
2870,0.063299075
2871,0.059888586
2872,0.014151135
2873,0.05111001
2874,0.12100679
2875,0.16000368
2876,0.14778925
2877,0.1026937
2878,0.027783478
2879,0.02176442
2880,0.031357776
2881,0.007669413
2882,0.033205584
2883,0.07920531
2884,0.10365722
2885,0.098538876
2886,0.073254175
2887,0.03465229
2888,0.004842642
2889,0.026227416
2890,0.0154901855
2891,0.016499849
2892,0.061330494
2893,0.09343636
2894,0.10656886
2895,0.0871764
2896,0.049168956
2897,1.9437633e-05
2898,0.026763272
2899,0.022256503
2900,0.008203988
2901,0.05893309
2902,0.10314074
2903,0.12119407
2904,0.10739046
2905,0.06415302
2906,0.011351578
2907,0.021608373
2908,0.024182394
2909,0.0009599823
2910,0.049466204
2911,0.09447531
2912,0.11664451
2913,0.09914322
2914,0.062392242
2915,0.005277301
2916,0.02785686
2917,0.03186187
2918,-0.0020989692
2919,0.0532406
2920,0.10807795
2921,0.13142085
2922,0.12399359
2923,0.081601344
2924,0.01606695
2925,0.036126684
2926,0.04588873
2927,0.0076926956
2928,0.05608487
2929,0.123538576
2930,0.1607534
2931,0.14352445
2932,0.069593735
2933,-0.00043362335
2934,0.036830347
2935,0.03192302
2936,0.011592184
2937,0.08107401
2938,0.13971364
2939,0.15671228
2940,0.1358716
2941,0.080040015
2942,0.008943532
2943,0.023497673
2944,0.01881711
2945,0.017500479
2946,0.07238016
2947,0.11353826
2948,0.11741161
2949,0.08617736
2950,0.032115724
2951,0.00978834
2952,0.02716043
2953,0.012876988
2954,0.0257292
2955,0.076104075
2956,0.10859904
2957,0.11312053
2958,0.07892165
2959,0.037889592
2960,0.0003242846
2961,0.016115155
2962,0.007123211
2963,0.018808212
2964,0.05648312
2965,0.08713845
2966,0.094929755
2967,0.07938975
2968,0.045477267
2969,0.0070074806
2970,0.013930396
2971,0.015510934
2972,0.005141281
2973,0.043965816
2974,0.078664556
2975,0.09404013
2976,0.08630955
2977,0.04355922
2978,-9.273068e-05
2979,0.02063339
2980,0.014720776
2981,0.014867373
2982,0.057530615
2983,0.08652925
2984,0.08578847
2985,0.06855995
2986,0.027630055
2987,0.008017034
2988,0.024207657
2989,0.007573578
2990,0.024349453
2991,0.059163913
2992,0.07963286
2993,0.067102626
2994,0.034322184
2995,0.0021759511
2996,0.02343421
2997,0.025050104
2998,-0.00030544098
2999,0.032509588
3000,0.061837852
3001,0.075430304
3002,0.06071292
3003,0.0231175
3004,0.00487452
3005,0.022441113
3006,0.019578414
3007,-0.0014830801
3008,0.031919315
3009,0.06158424
3010,0.07804883
3011,0.06871514
3012,0.04350163
3013,0.0076484657
3014,0.0151292
3015,0.017261103
3016,0.0031930786
3017,0.020708622
3018,0.046871338
3019,0.06099653
3020,0.061911743
3021,0.03608733
3022,0.009961892
3023,0.016408645
3024,0.030950163
3025,0.02103717
3026,0.0065624435
3027,0.04900681
3028,0.08663775
3029,0.10112839
3030,0.089359485
3031,0.052332204
3032,0.006801179
3033,0.021656785
3034,0.022297742
3035,0.007620474
3036,0.058366727
3037,0.0985995
3038,0.1183886
3039,0.10664714
3040,0.06651499
3041,0.006563458
3042,0.030120205
3043,0.02961022
3044,-0.00048681872
3045,0.054793533
3046,0.10928719
3047,0.14161658
3048,0.1360713
3049,0.08210882
3050,0.02741781
3051,0.01542748
3052,0.02711409
3053,0.0024202722
3054,0.049545214
3055,0.11268348
3056,0.15105627
3057,0.15991598
3058,0.11940342
3059,0.06725538
3060,0.010207108
3061,0.019337596
3062,0.011752835
3063,0.025927007
3064,0.0828889
3065,0.1343389
3066,0.15173265
3067,0.13830419
3068,0.083728075
3069,0.027517535
3070,0.016210588
3071,0.018509198
3072,0.017597968
3073,0.081271134
3074,0.1358205
3075,0.16145934
3076,0.14224534
3077,0.09053637
3078,0.029041914
3079,0.013105261
3080,0.016124707
3081,0.017773809
3082,0.079701565
3083,0.1376834
3084,0.16403364
3085,0.14489883
3086,0.09181235
3087,0.026204264
3088,0.011109737
3089,0.0105317
3090,0.025601948
3091,0.083741575
3092,0.13216208
3093,0.14999893
3094,0.122597605
3095,0.06851301
3096,0.011840546
3097,0.013137572
3098,0.0076223095
3099,0.024215462
3100,0.07362572
3101,0.11778458
3102,0.13563246
3103,0.11883042
3104,0.07470576
3105,0.023107475
3106,0.011990059
3107,0.01595096
3108,0.014237618
3109,0.070821896
3110,0.12695688
3111,0.15481097
3112,0.13560724
3113,0.0856998
3114,0.030170986
3115,0.010138509
3116,0.013842084
3117,0.019333381
3118,0.07731827
3119,0.12846081
3120,0.14801824
3121,0.13416807
3122,0.07905133
3123,0.02322052
3124,0.01522903
3125,0.016702492
3126,0.016692579
3127,0.07603187
3128,0.13255283
3129,0.16161303
3130,0.14523487
3131,0.09374755
3132,0.03189993
3133,0.012316754
3134,0.018358437
3135,0.011988875
3136,0.072313786
3137,0.13128458
3138,0.16365
3139,0.15294562
3140,0.10074069
3141,0.038431466
3142,0.010737451
3143,0.022281863
3144,0.0044480446
3145,0.068066075
3146,0.13427144
3147,0.17128827
3148,0.16524985
3149,0.11753905
3150,0.050507285
3151,0.0075432984
3152,0.02449433
3153,-0.00023340993
3154,0.064113975
3155,0.13452697
3156,0.172945
3157,0.16808519
3158,0.12068074
3159,0.052163318
3160,0.005257664
3161,0.025700191
3162,0.00084261596
3163,0.068692885
3164,0.14436309
3165,0.18910874
3166,0.18149179
3167,0.12797478
3168,0.05129942
3169,0.0051961266
3170,0.023970136
3171,0.0032203973
3172,0.07112057
3173,0.14330772
3174,0.1837042
3175,0.1752614
3176,0.12328287
3177,0.050805982
3178,0.004621218
3179,0.018322749
3180,0.014961884
3181,0.08210519
3182,0.14412254
3183,0.16416164
3184,0.14540921
3185,0.08506889
3186,0.02433583
3187,0.011437906
3188,0.003579757
3189,0.036575675
3190,0.0910574
3191,0.12971978
3192,0.13114195
3193,0.10180599
3194,0.047938664
3195,0.00484233
3196,0.009779903
3197,0.003807568
3198,0.039863307
3199,0.07781544
3200,0.099475525
3201,0.0972643
3202,0.07217015
3203,0.03498589
3204,0.0017969252
3205,0.009510495
3206,0.0019396683
3207,0.03341013
3208,0.06862717
3209,0.09277709
3210,0.09274363
3211,0.0678617
3212,0.029097551
3213,0.0017372419
3214,0.014519852
3215,0.0019107636
3216,0.028227491
3217,0.06848764
3218,0.09916973
3219,0.10753351
3220,0.08524097
3221,0.03958055
3222,0.00071118545
3223,0.023000773
3224,0.01351855
3225,0.02309269
3226,0.07672256
3227,0.122112565
3228,0.13186276
3229,0.11358967
3230,0.06362142
3231,0.0014273318
3232,0.032631688
3233,0.027105786
3234,0.011386454
3235,0.08060942
3236,0.14198805
3237,0.16961709
3238,0.1456346
3239,0.07661525
3240,0.0064937943
3241,0.050303906
3242,0.04755784
3243,0.0005051608
3244,0.087806165
3245,0.17239109
3246,0.22235598
3247,0.20880444
3248,0.12628318
3249,0.030373948
3250,0.049177468
3251,0.07157721
3252,0.024139997
3253,0.07102551
3254,0.18460083
3255,0.25906768
3256,0.272715
3257,0.19671626
3258,0.08788774
3259,0.02640206
3260,0.075369105
3261,0.05316589
3262,0.031334087
3263,0.16150066
3264,0.26529434
3265,0.30632454
3266,0.26397064
3267,0.14878124
3268,0.02823068
3269,0.06400474
3270,0.067393154
3271,0.0043383096
3272,0.13422877
3273,0.2567432
3274,0.32177496
3275,0.27616516
3276,0.16858749
3277,0.042757414
3278,0.045805667
3279,0.061971854
3280,0.006023219
3281,0.12878321
3282,0.24833694
3283,0.30122575
3284,0.27217492
3285,0.17306228
3286,0.05344513
3287,0.03533295
3288,0.046786398
3289,0.021308785
3290,0.14221396
3291,0.24665104
3292,0.28363696
3293,0.23425955
3294,0.12378734
3295,0.0068622474
3296,0.052617144
3297,0.040445603
3298,0.038789276
3299,0.14947507
3300,0.2400416
3301,0.2675147
3302,0.20186558
3303,0.07944563
3304,0.02213555
3305,0.07053843
3306,0.044770893
3307,0.048513647
3308,0.1738399
3309,0.27244973
3310,0.3042296
3311,0.23594764
3312,0.12860444
3313,0.009979752
3314,0.06067534
3315,0.055019442
3316,0.01453694
3317,0.1321047
3318,0.24018487
3319,0.291718
3320,0.2608466
3321,0.1653582
3322,0.05448553
3323,0.042778917
3324,0.075093865
3325,0.028771164
3326,0.08063472
3327,0.21246758
3328,0.3132868
3329,0.32607275
3330,0.24425659
3331,0.113892205
3332,0.00045485515
3333,0.058532476
3334,0.033491004
3335,0.06324728
3336,0.19459988
3337,0.292269
3338,0.30189386
3339,0.22674961
3340,0.09947505
3341,0.012699587
3342,0.052899104
3343,0.014421214
3344,0.08784548
3345,0.2025091
3346,0.2736487
3347,0.26893345
3348,0.17026457
3349,0.06081009
3350,0.02825358
3351,0.049159937
3352,0.0008608238
3353,0.109126076
3354,0.21721326
3355,0.2780732
3356,0.26453602
3357,0.18440282
3358,0.07515959
3359,0.01926056
3360,0.051458776
3361,0.013742598
3362,0.07567628
3363,0.18263967
3364,0.2545711
3365,0.25252652
3366,0.18360378
3367,0.07483591
3368,0.021694984
3369,0.05950255
3370,0.026773276
3371,0.062071484
3372,0.18119325
3373,0.26827097
3374,0.2908711
3375,0.24586973
3376,0.12942834
3377,0.007125058
3378,0.053945504
3379,0.041298002
3380,0.037417732
3381,0.15776886
3382,0.24938151
3383,0.27561745
3384,0.2182617
3385,0.097166985
3386,0.018371787
3387,0.07120396
3388,0.050056078
3389,0.04160873
3390,0.17950734
3391,0.2860785
3392,0.30444968
3393,0.23001216
3394,0.086822756
3395,0.03252592
3396,0.08622765
3397,0.05163195
3398,0.06179564
3399,0.20266612
3400,0.29445553
3401,0.28538847
3402,0.1820216
3403,0.048733257
3404,0.0880205
3405,0.13698387
3406,0.08002401
3407,0.060576208
3408,0.23612814
3409,0.35166478
3410,0.3759224
3411,0.24897932
3412,0.05559725
3413,0.12408944
3414,0.18560678
3415,0.10795191
3416,0.07106711
3417,0.2900108
3418,0.44611174
3419,0.46488371
3420,0.3025628
3421,0.0832023
3422,0.074740075
3423,0.12255091
3424,0.018865544
3425,0.15884975
3426,0.32556218
3427,0.3770057
3428,0.29601642
3429,0.1288054
3430,0.03761633
3431,0.12970673
3432,0.10238194
3433,0.042407557
3434,0.24475932
3435,0.40550688
3436,0.4305291
3437,0.35456493
3438,0.18957014
3439,0.008392259
3440,0.09141264
3441,0.07536774
3442,0.033441022
3443,0.20478024
3444,0.34502694
3445,0.3957154
3446,0.31637654
3447,0.16435128
3448,0.021914942
3449,0.06477673
3450,0.04170889
3451,0.055225115
3452,0.18548559
3453,0.28446835
3454,0.29428294
3455,0.23439398
3456,0.12164743
3457,0.008621171
3458,0.06946599
3459,0.06945866
3460,0.0007118373
3461,0.120679215
3462,0.24025092
3463,0.30426374
3464,0.302851
3465,0.21518117
3466,0.094385825
3467,0.016546158
3468,0.06708073
3469,0.03692212
3470,0.058045786
3471,0.18592894
3472,0.28345662
3473,0.3038616
3474,0.25407544
3475,0.14224373
3476,0.010834638
3477,0.06322391
3478,0.052491195
3479,0.029513866
3480,0.15681122
3481,0.2665009
3482,0.29390725
3483,0.24561675
3484,0.124326594
3485,-0.0011994661
3486,0.06913761
3487,0.05002333
3488,0.03833259
3489,0.17161046
3490,0.2849531
3491,0.32999983
3492,0.2810068
3493,0.16664663
3494,0.03975091
3495,0.037931435
3496,0.035148922
3497,0.034382932
3498,0.14312544
3499,0.23064308
3500,0.25632918
3501,0.21271166
3502,0.11755671
3503,0.007946118
3504,0.04760453
3505,0.031865865
3506,0.04594713
3507,0.15980332
3508,0.24134573
3509,0.2613989
3510,0.19438732
3511,0.085624516
3512,0.012976008
3513,0.049263
3514,0.0055081993
3515,0.09452467
3516,0.20564516
3517,0.27360535
3518,0.2561264
3519,0.18969323
3520,0.075357735
3521,0.012269822
3522,0.050033268
3523,0.016368745
3524,0.06777167
3525,0.17438309
3526,0.2474763
3527,0.267762
3528,0.2121956
3529,0.11084604
3530,0.0046637356
3531,0.051459752
3532,0.038719203
3533,0.03415463
3534,0.14485686
3535,0.24300872
3536,0.28309757
3537,0.23831889
3538,0.12809782
3539,0.012018548
3540,0.05332611
3541,0.047035974
3542,0.023969566
3543,0.13966805
3544,0.24489695
3545,0.29580027
3546,0.25234693
3547,0.14913289
3548,0.03063258
3549,0.04007858
3550,0.039263647
3551,0.027240083
3552,0.13571277
3553,0.22665536
3554,0.26423767
3555,0.21649905
3556,0.115105145
3557,0.010841094
3558,0.055436503
3559,0.042666852
3560,0.03780845
3561,0.16439092
3562,0.26206446
3563,0.28414923
3564,0.23474455
3565,0.11178772
3566,0.004368934
3567,0.051610958
3568,0.03577214
3569,0.045642313
3570,0.16160095
3571,0.2534676
3572,0.26583976
3573,0.19582182
3574,0.07858063
3575,0.031695265
3576,0.08869091
3577,0.04912188
3578,0.060225695
3579,0.2021797
3580,0.31100714
3581,0.32362983
3582,0.23114252
3583,0.09419265
3584,0.036302734
3585,0.07524136
3586,0.022449853
3587,0.09445309
3588,0.22600351
3589,0.3009407
3590,0.27551574
3591,0.18613261
3592,0.043114364
3593,0.07106405
3594,0.10122329
3595,0.03227819
3596,0.0975841
3597,0.2419957
3598,0.31340486
3599,0.3019457
3600,0.19571169
3601,0.036667947
3602,0.0817987
3603,0.119063005
3604,0.044342473
3605,0.0950054
3606,0.24533607
3607,0.32953593
3608,0.30748507
3609,0.20111933
3610,0.042780343
3611,0.11207762
3612,0.15029289
3613,0.072891906
3614,0.08966695
3615,0.2714971
3616,0.39000756
3617,0.39845812
3618,0.25285
3619,0.050669663
3620,0.11400974
3621,0.181512
3622,0.09382227
3623,0.08914517
3624,0.28713897
3625,0.38436815
3626,0.34456214
3627,0.16963044
3628,0.10159809
3629,0.30546272
3630,0.3441532
3631,0.17273633
3632,0.10380826
3633,0.38886428
3634,0.54221463
3635,0.4406164
3636,0.19949606
3637,0.17421459
3638,0.42018995
3639,0.46589124
3640,0.23996483
3641,0.12426773
3642,0.50390744
3643,0.6907072
3644,0.57347506
3645,0.19962724
3646,0.21639359
3647,0.53651875
3648,0.5198564
3649,0.21352792
3650,0.23456296
3651,0.6863788
3652,0.8520558
3653,0.6577555
3654,0.2948353
3655,0.18731198
3656,0.45205784
3657,0.43602458
3658,0.08593972
3659,0.35574695
3660,0.7478924
3661,0.87063813
3662,0.59684277
3663,0.10108688
3664,0.2713989
3665,0.51079464
3666,0.39879847
3667,0.02507336
3668,0.39683583
3669,0.7542623
3670,0.89106464
3671,0.6926988
3672,0.30627233
3673,0.10390612
3674,0.339473
3675,0.31911972
3676,0.047679905
3677,0.31029978
3678,0.6098977
3679,0.6851944
3680,0.5430379
3681,0.24033327
3682,0.07533325
3683,0.27262434
3684,0.28454077
3685,0.05283388
3686,0.26215944
3687,0.5555478
3688,0.703041
3689,0.61601657
3690,0.356183
3691,0.059718736
3692,0.18457939
3693,0.26516256
3694,0.1421399
3695,0.09670577
3696,0.36985415
3697,0.548163
3698,0.55415994
3699,0.39153823
3700,0.10539137
3701,0.12044356
3702,0.19494304
3703,0.07345962
3704,0.14808866
3705,0.38046175
3706,0.47687873
3707,0.37917522
3708,0.18073076
3709,0.09191892
3710,0.21926866
3711,0.1959513
3712,0.0037211599
3713,0.24875735
3714,0.45217532
3715,0.4692515
3716,0.28484488
3717,0.02496136
3718,0.2332592
3719,0.34325612
3720,0.2721256
3721,0.039062824
3722,0.2578326
3723,0.4987335
3724,0.5531167
3725,0.36512476
3726,0.012009504
3727,0.29485068
3728,0.48328963
3729,0.4487537
3730,0.13665174
3731,0.25424576
3732,0.5948632
3733,0.6946645
3734,0.4996841
3735,0.009421811
3736,0.49252152
3737,0.7820489
3738,0.722742
3739,0.30036855
3740,0.27077708
3741,0.7632026
3742,0.89575803
3743,0.66860306
3744,0.024085378
3745,0.5466112
3746,0.79765743
3747,0.68929917
3748,0.17310302
3749,0.4269883
3750,0.88017935
3751,0.92354965
3752,0.5189876
3753,0.060127016
3754,0.810616
3755,1.1296827
3756,0.95152617
3757,0.3320064
3758,0.4128599
3759,1.0330592
3760,1.1785365
3761,0.8363454
3762,0.05092454
3763,0.8577028
3764,1.2699357
3765,1.0667396
3766,0.32916495
3767,0.5334722
3768,1.230818
3769,1.2788091
3770,0.7290904
3771,0.20987311
3772,1.0286226
3773,1.4013801
3774,1.1255473
3775,0.3792066
3776,0.5430831
3777,1.3932023
3778,1.6878589
3779,1.3526299
3780,0.44689602
3781,0.34060553
3782,1.0458562
3783,1.0261469
3784,0.49636805
3785,0.32163092
3786,1.0969893
3787,1.3783901
3788,0.95859647
3789,0.24808128
3790,0.5716821
3791,1.00901
3792,0.97733825
3793,0.35667425
3794,0.43293142
3795,1.1653088
3796,1.4095831
3797,1.1282977
3798,0.5162847
3799,0.19886328
3800,0.7798136
3801,0.87084216
3802,0.43550298
3803,0.21373478
3804,0.90011674
3805,1.2523724
3806,1.0990968
3807,0.5567101
3808,0.20121437
3809,0.6507078
3810,0.7582211
3811,0.41769075
3812,0.15595628
3813,0.77674186
3814,1.1658305
3815,1.1577982
3816,0.7644718
3817,0.24604782
3818,0.26004457
3819,0.49475875
3820,0.35903773
3821,0.011815099
3822,0.4909758
3823,0.82507575
3824,0.8647724
3825,0.5983877
3826,0.19487165
3827,0.24481757
3828,0.43525323
3829,0.31758416
3830,0.0023953132
3831,0.39924428
3832,0.66107386
3833,0.6544807
3834,0.4163229
3835,0.058203768
3836,0.42079315
3837,0.507852
3838,0.32111904
3839,0.044390995
3840,0.49347565
3841,0.78166956
3842,0.7708033
3843,0.5176623
3844,0.090633675
3845,0.23495907
3846,0.34765944
3847,0.16529861
3848,0.18861865
3849,0.5707108
3850,0.7725084
3851,0.7226953
3852,0.4674508
3853,0.12121701
3854,0.13686295
3855,0.20980978
3856,0.08928186
3857,0.15316804
3858,0.40675643
3859,0.53004456
3860,0.46823883
3861,0.29041734
3862,0.0074266763
3863,0.1732578
3864,0.19973324
3865,0.037628055
3866,0.19643597
3867,0.41506153
3868,0.49834242
3869,0.3936979
3870,0.17776462
3871,0.103184074
3872,0.24014658
3873,0.2127422
3874,0.023050051
3875,0.22869082
3876,0.4564807
3877,0.51645684
3878,0.3787975
3879,0.15911776
3880,0.07604572
3881,0.24300703
3882,0.21727389
3883,0.008719486
3884,0.2530561
3885,0.4677486
3886,0.4873774
3887,0.32898068
3888,0.08049101
3889,0.15670964
3890,0.2872086
3891,0.23055555
3892,-0.009061514
3893,0.30785495
3894,0.5567326
3895,0.6315853
3896,0.45044312
3897,0.12836345
3898,0.15180616
3899,0.2648958
3900,0.1637189
3901,0.0730945
3902,0.37611535
3903,0.58545107
3904,0.5415569
3905,0.36293656
3906,0.07710013
3907,0.10171388
3908,0.13564675
3909,-0.0022302251
3910,0.2252084
3911,0.42311165
3912,0.4770944
3913,0.35869104
3914,0.17164207
3915,0.005489384
3916,0.10502087
3917,0.05987213
3918,0.06709893
3919,0.23048249
3920,0.33211944
3921,0.34275815
3922,0.25293034
3923,0.11290274
3924,0.011780289
3925,0.045917276
3926,0.00044732774
3927,0.10048253
3928,0.18545121
3929,0.22436735
3930,0.18855615
3931,0.119703434
3932,0.026087133
3933,0.021211574
3934,0.026091252
3935,0.010905686
3936,0.073432654
3937,0.12789878
3938,0.14724016
3939,0.1234737
3940,0.07559697
3941,0.011963616
3942,0.024370197
3943,0.02712326
3944,0.004099589
3945,0.05862559
3946,0.10641488
3947,0.12214933
3948,0.09964492
3949,0.050264273
3950,0.0005803761
3951,0.036509592
3952,0.03058008
3953,0.006228566
3954,0.06683744
3955,0.12270122
3956,0.1420247
3957,0.11329449
3958,0.052028786
3959,0.0009819614
3960,0.041579034
3961,0.04099872
3962,0.00096069556
3963,0.06127926
3964,0.12680836
3965,0.15884888
3966,0.1406017
3967,0.06881904
3968,0.005837147
3969,0.05031586
3970,0.041753486
3971,0.0032179463
3972,0.08263918
3973,0.15521406
3974,0.17329717
3975,0.14022617
3976,0.079619
3977,0.0005313583
3978,0.04174171
3979,0.031495277
3980,0.016684266
3981,0.084718466
3982,0.14029461
3983,0.14593837
3984,0.09884716
3985,0.03660654
3986,0.022995193
3987,0.04627824
3988,0.028217897
3989,0.017222583
3990,0.080374785
3991,0.12897627
3992,0.14368208
3993,0.12528361
3994,0.07543062
3995,0.011348834
3996,0.029615393
3997,0.032909803
3998,-0.0009440788
3999,0.059963323
4000,0.117700264
4001,0.1514261
4002,0.1465564
4003,0.087173305
4004,0.02455934
4005,0.023788573
4006,0.039021168
4007,0.01057314
4008,0.046234228
4009,0.12030598
4010,0.17740107
4011,0.1886853
4012,0.15463988
4013,0.08655734
4014,0.016770832
4015,0.018511353
4016,0.0076648872
4017,0.037797295
4018,0.10066671
4019,0.1483997
4020,0.16042888
4021,0.13042495
4022,0.075131364
4023,0.018456196
4024,0.016002154
4025,0.012668702
4026,0.023132158
4027,0.080722526
4028,0.13068396
4029,0.15020365
4030,0.12860529
4031,0.07764464
4032,0.020852653
4033,0.010357171
4034,0.0021178662
4035,0.034995545
4036,0.082940646
4037,0.11201976
4038,0.117805615
4039,0.08762775
4040,0.04673678
4041,0.0018941576
4042,0.015765827
4043,0.004018576
4044,0.029295567
4045,0.07367872
4046,0.1082144
4047,0.1149167
4048,0.090292856
4049,0.051707543
4050,-0.00077716546
4051,0.025163386
4052,0.019264353
4053,0.019779734
4054,0.08204306
4055,0.13223377
4056,0.1572264
4057,0.13623294
4058,0.08570618
4059,0.023228696
4060,0.017193327
4061,0.017333586
4062,0.019509582
4063,0.08263683
4064,0.13953318
4065,0.16657123
4066,0.14795926
4067,0.10185145
4068,0.038521994
4069,0.013825812
4070,0.029248985
4071,-9.078672e-05
4072,0.062171992
4073,0.13712874
4074,0.18740697
4075,0.1841474
4076,0.13744672
4077,0.061829474
4078,0.0040621227
4079,0.033977747
4080,0.010608743
4081,0.051181972
4082,0.13228676
4083,0.19364204
4084,0.21072556
4085,0.16633579
4086,0.0860494
4087,0.003115009
4088,0.03611616
4089,0.019717535
4090,0.04797709
4091,0.14242345
4092,0.20767793
4093,0.22091517
4094,0.16649666
4095,0.068035156
4096,0.017971277
4097,0.05408115
4098,0.023331147
4099,0.057800725
4100,0.15961461
4101,0.22946812
4102,0.23349947
4103,0.17160447
4104,0.060760032
4105,0.025991596
4106,0.06044712
4107,0.024938153
4108,0.065334514
4109,0.18465774
4110,0.27063784
4111,0.28536305
4112,0.20745665
4113,0.09457458
4114,0.0012091696
4115,0.047192447
4116,0.0136866495
4117,0.06918376
4118,0.17067471
4119,0.23543137
4120,0.22976889
4121,0.17072508
4122,0.07953081
4123,0.013045888
4124,0.05182951
4125,0.026223712
4126,0.050738435
4127,0.15218797
4128,0.22711287
4129,0.2477072
4130,0.19867174
4131,0.114134215
4132,0.005538959
4133,0.05730323
4134,0.05273689
4135,0.011945751
4136,0.12356444
4137,0.22848691
4138,0.2744097
4139,0.24790011
4140,0.14429393
4141,0.03591077
4142,0.04619714
4143,0.06683815
4144,0.0013062495
4145,0.11329165
4146,0.24117157
4147,0.31426248
4148,0.3040681
4149,0.205835
4150,0.06958912
4151,0.025858946
4152,0.07126369
4153,0.027923856
4154,0.07353828
4155,0.20080596
4156,0.29404414
4157,0.3145941
4158,0.2506
4159,0.12822534
4160,0.0145616885
4161,0.049723048
4162,0.043545946
4163,0.036999434
4164,0.16288222
4165,0.260394
4166,0.2893916
4167,0.2360025
4168,0.1192189
4169,0.006692662
4170,0.05606317
4171,0.044467453
4172,0.039555766
4173,0.16510957
4174,0.2648313
4175,0.28644967
4176,0.22642086
4177,0.11062438
4178,0.0008863701
4179,0.059845444
4180,0.036603715
4181,0.047825262
4182,0.16955304
4183,0.27129582
4184,0.3054417
4185,0.25732973
4186,0.14232056
4187,0.023514375
4188,0.04262256
4189,0.037237097
4190,0.035372842
4191,0.14595914
4192,0.2354797
4193,0.26893166
4194,0.21577154
4195,0.11148014
4196,0.0047780545
4197,0.058256842
4198,0.04672048
4199,0.030289471
4200,0.14990014
4201,0.25625253
4202,0.2925627
4203,0.23891881
4204,0.14075145
4205,0.025751116
4206,0.05132738
4207,0.044638857
4208,0.032100894
4209,0.15015158
4210,0.24645974
4211,0.28125024
4212,0.23192114
4213,0.11660577
4214,0.0038258312
4215,0.06326152
4216,0.047526143
4217,0.036016576
4218,0.16064191
4219,0.26420838
4220,0.29333544
4221,0.25361237
4222,0.14808336
4223,0.031086173
4224,0.042522535
4225,0.040826395
4226,0.026330087
4227,0.13640767
4228,0.2342007
4229,0.27306855
4230,0.23189768
4231,0.13228925
4232,0.023885785
4233,0.049543362
4234,0.0401359
4235,0.038807034
4236,0.15786502
4237,0.25137863
4238,0.2670272
4239,0.20276748
4240,0.08915322
4241,0.011468269
4242,0.063140996
4243,0.03646948
4244,0.052866984
4245,0.17234991
4246,0.2596566
4247,0.2765212
4248,0.22475436
4249,0.10179847
4250,0.007670014
4251,0.06984941
4252,0.052422345
4253,0.04004996
4254,0.17461671
4255,0.28846142
4256,0.31648964
4257,0.25294656
4258,0.14067617
4259,-0.0007637485
4260,0.06512262
4261,0.04751223
4262,0.039379887
4263,0.16928752
4264,0.27597293
4265,0.31404522
4266,0.26189977
4267,0.14886132
4268,0.03016427
4269,0.049389686
4270,0.044492077
4271,0.033696197
4272,0.15626028
4273,0.25635707
4274,0.29105002
4275,0.24697761
4276,0.14401077
4277,0.029721327
4278,0.039444685
4279,0.03814071
4280,0.027087746
4281,0.13767655
4282,0.23311527
4283,0.2710534
4284,0.22805493
4285,0.13003872
4286,0.022070028
4287,0.043038066
4288,0.035980035
4289,0.03306186
4290,0.14358965
4291,0.23870984
4292,0.2617532
4293,0.21600303
4294,0.11176367
4295,0.0007697531
4296,0.05113622
4297,0.03618734
4298,0.046363123
4299,0.16331817
4300,0.25203848
4301,0.27354428
4302,0.22479807
4303,0.12293521
4304,0.015580652
4305,0.045017265
4306,0.033950847
4307,0.04103308
4308,0.1513955
4309,0.24433032
4310,0.27103236
4311,0.22087018
4312,0.11875542
4313,0.009601109
4314,0.04695872
4315,0.031123789
4316,0.04270055
4317,0.1509668
4318,0.23606381
4319,0.25385854
4320,0.186528
4321,0.07625172
4322,0.017889932
4323,0.07123593
4324,0.03527173
4325,0.06395351
4326,0.18762623
4327,0.26675844
4328,0.26896742
4329,0.18782647
4330,0.05670296
4331,0.04688895
4332,0.09712575
4333,0.050372466
4334,0.06858715
4335,0.21984841
4336,0.33790076
4337,0.36753306
4338,0.30370164
4339,0.15331809
4340,0.009245179
4341,0.07045783
4342,0.057502296
4343,0.028279716
4344,0.1630569
4345,0.2729087
4346,0.3006686
4347,0.24111457
4348,0.12793419
4349,0.0035318765
4350,0.085030675
4351,0.06439478
4352,0.030430883
4353,0.1730628
4354,0.29431295
4355,0.32749587
4356,0.2826286
4357,0.1498655
4358,0.0062660705
4359,0.07806436
4360,0.0674529
4361,0.024293466
4362,0.16515164
4363,0.28187507
4364,0.3209582
4365,0.2601976
4366,0.12125761
4367,0.008771233
4368,0.08969386
4369,0.0648707
4370,0.03583324
4371,0.18459773
4372,0.29806608
4373,0.33900174
4374,0.28439784
4375,0.15060388
4376,0.010335888
4377,0.07871074
4378,0.06571541
4379,0.028337006
4380,0.17120841
4381,0.2921753
4382,0.3408029
4383,0.28753492
4384,0.14713219
4385,0.0022924603
4386,0.07138744
4387,0.06149851
4388,0.027405955
4389,0.16529128
4390,0.2803979
4391,0.31235537
4392,0.24591878
4393,0.13437045
4394,0.0062428256
4395,0.07297784
4396,0.06398297
4397,0.028221972
4398,0.17250602
4399,0.2993013
4400,0.34640148
4401,0.30713248
4402,0.17779677
4403,0.04627989
4404,0.042401645
4405,0.04980879
4406,0.019055896
4407,0.1398932
4408,0.24771613
4409,0.29273453
4410,0.250273
4411,0.1559901
4412,0.036909502
4413,0.039310984
4414,0.044151932
4415,0.019457921
4416,0.12978618
4417,0.2292595
4418,0.27387798
4419,0.24008432
4420,0.13738722
4421,0.034569263
4422,0.040615015
4423,0.043232635
4424,0.019654611
4425,0.13126928
4426,0.23153791
4427,0.27305815
4428,0.23875093
4429,0.1345975
4430,0.031014305
4431,0.038360644
4432,0.03147741
4433,0.04461812
4434,0.15799981
4435,0.24578641
4436,0.25634608
4437,0.20455985
4438,0.09735442
4439,0.0012993251
4440,0.047188077
4441,0.0229454
4442,0.05371392
4443,0.15997769
4444,0.24243484
4445,0.26426786
4446,0.211769
4447,0.10823721
4448,0.0014723238
4449,0.05547586
4450,0.04119016
4451,0.032490946
4452,0.144491
4453,0.24247597
4454,0.27831987
4455,0.23043023
4456,0.12935293
4457,0.021715092
4458,0.046128932
4459,0.042279426
4460,0.032762375
4461,0.15389046
4462,0.25054678
4463,0.28423184
4464,0.23603691
4465,0.122961804
4466,0.014014577
4467,0.048519216
4468,0.034256432
4469,0.039820906
4470,0.14968528
4471,0.23738709
4472,0.2744886
4473,0.23117147
4474,0.12951434
4475,0.021813499
4476,0.044162646
4477,0.041558053
4478,0.02558595
4479,0.13498433
4480,0.23219274
4481,0.27126935
4482,0.22560564
4483,0.1379814
4484,0.024886386
4485,0.0427838
4486,0.042734586
4487,0.025520017
4488,0.14222357
4489,0.23765017
4490,0.27214178
4491,0.22100796
4492,0.11154166
4493,0.0016049817
4494,0.05803474
4495,0.044056345
4496,0.037787057
4497,0.16083303
4498,0.25848055
4499,0.27717954
4500,0.22180809
4501,0.112514965
4502,0.002383721
4503,0.06499881
4504,0.03369079
4505,0.06821531
4506,0.2008827
4507,0.29673284
4508,0.31132314
4509,0.22784354
4510,0.10208315
4511,0.007247477
4512,0.05742659
4513,0.025145834
4514,0.068795174
4515,0.18517163
4516,0.2662151
4517,0.25880754
4518,0.18933383
4519,0.074126884
4520,0.024028404
4521,0.06505686
4522,0.02349383
4523,0.07800952
4524,0.20308971
4525,0.28890455
4526,0.30584553
4527,0.24218819
4528,0.13198085
4529,0.017056076
4530,0.048935525
4531,0.038502935
4532,0.037272856
4533,0.14866725
4534,0.2429273
4535,0.27794883
4536,0.22346605
4537,0.117689736
4538,0.00050037564
4539,0.057875928
4540,0.037310537
4541,0.049075942
4542,0.17029057
4543,0.2656776
4544,0.27808672
4545,0.21944904
4546,0.117111556
4547,0.008161168
4548,0.05120532
4549,0.030878631
4550,0.051534858
4551,0.17135851
4552,0.26263905
4553,0.27785107
4554,0.22635575
4555,0.11161087
4556,0.010698728
4557,0.046261016
4558,0.026803445
4559,0.04961077
4560,0.15438922
4561,0.23503742
4562,0.2532251
4563,0.21141997
4564,0.11224173
4565,0.011653398
4566,0.04801201
4567,0.035188686
4568,0.036884442
4569,0.14410543
4570,0.23736757
4571,0.2740433
4572,0.23025262
4573,0.13010293
4574,0.019693652
4575,0.046138633
4576,0.04170468
4577,0.02976884
4578,0.13882655
4579,0.22861762
4580,0.26918635
4581,0.22840938
4582,0.118601784
4583,0.00013316004
4584,0.05869155
4585,0.044710327
4586,0.039812345
4587,0.16206172
4588,0.26015645
4589,0.2765266
4590,0.20933323
4591,0.08418635
4592,0.03217909
4593,0.0834144
4594,0.05218584
4595,0.044716865
4596,0.17779887
4597,0.2853476
4598,0.3215839
4599,0.24612738
4600,0.1088089
4601,0.014266936
4602,0.0941282
4603,0.0739911
4604,0.027088702
4605,0.16920775
4606,0.28147024
4607,0.3083083
4608,0.23114407
4609,0.087352835
4610,0.069614574
4611,0.12923396
4612,0.07836392
4613,0.051759098
4614,0.2231518
4615,0.33816066
4616,0.32697892
4617,0.22161564
4618,0.054991
4619,0.10077305
4620,0.16411293
4621,0.0881652
4622,0.08305616
4623,0.29634714
4624,0.4450904
4625,0.45839685
4626,0.32867184
4627,0.13614148
4628,0.04810293
4629,0.11386804
4630,0.0470483
4631,0.1064205
4632,0.28717968
4633,0.4018476
4634,0.39634845
4635,0.28064632
4636,0.11919169
4637,0.03671503
4638,0.08391786
4639,0.02563667
4640,0.09952155
4641,0.24490592
4642,0.34146333
4643,0.3339481
4644,0.2387823
4645,0.09343499
4646,0.03504763
4647,0.08359697
4648,0.04407218
4649,0.06459685
4650,0.20396347
4651,0.30624753
4652,0.33403376
4653,0.24932167
4654,0.103955775
4655,0.02818141
4656,0.10135842
4657,0.07251283
4658,0.036716823
4659,0.19419304
4660,0.31295398
4661,0.33695835
4662,0.25352436
4663,0.1143902
4664,0.019349724
4665,0.09186323
4666,0.061265692
4667,0.058274765
4668,0.22006159
4669,0.3479627
4670,0.373065
4671,0.30442822
4672,0.15763518
4673,0.012913256
4674,0.05396108
4675,0.019556792
4676,0.09073609
4677,0.21872793
4678,0.2986466
4679,0.28820664
4680,0.20784612
4681,0.08383449
4682,0.01512363
4683,0.05083146
4684,0.0061555123
4685,0.08934318
4686,0.19958653
4687,0.26936123
4688,0.2690024
4689,0.19754647
4690,0.0873327
4691,0.010099951
4692,0.050490856
4693,0.023047768
4694,0.055311117
4695,0.16485627
4696,0.244212
4697,0.26879928
4698,0.21979703
4699,0.12002407
4700,0.010247212
4701,0.05046224
4702,0.03600934
4703,0.038766563
4704,0.15177096
4705,0.23924859
4706,0.26483107
4707,0.21079591
4708,0.11626364
4709,0.006000424
4710,0.052623764
4711,0.044878013
4712,0.029881705
4713,0.14786033
4714,0.24740279
4715,0.2869006
4716,0.25175977
4717,0.13759354
4718,0.026195886
4719,0.04442726
4720,0.043011766
4721,0.028594479
4722,0.14286564
4723,0.24139884
4724,0.28201595
4725,0.23864688
4726,0.1355547
4727,0.02944888
4728,0.04158387
4729,0.041416682
4730,0.030070841
4731,0.14811511
4732,0.24686499
4733,0.2849143
4734,0.230002
4735,0.12665269
4736,0.007618965
4737,0.050139803
4738,0.03263604
4739,0.04155516
4740,0.1527698
4741,0.2369543
4742,0.2629915
4743,0.21069455
4744,0.1031255
4745,0.008987154
4746,0.07321695
4747,0.054230962
4748,0.030140134
4749,0.15506797
4750,0.2531714
4751,0.28150344
4752,0.22941308
4753,0.11516974
4754,0.013722794
4755,0.077107295
4756,0.059308674
4757,0.03961904
4758,0.18722363
4759,0.30299518
4760,0.32809523
4761,0.25200137
4762,0.13052063
4763,0.0018483814
4764,0.07287752
4765,0.05239767
4766,0.041365772
4767,0.17390576
4768,0.27263677
4769,0.30172592
4770,0.24605276
4771,0.11516546
4772,0.0062617008
4773,0.07978411
4774,0.049861174
4775,0.052781053
4776,0.1983516
4777,0.30985454
4778,0.33531502
4779,0.24422279
4780,0.10056962
4781,0.022476152
4782,0.07890034
4783,0.029472377
4784,0.09122918
4785,0.23029098
4786,0.30924192
4787,0.2811756
4788,0.18849683
4789,0.0496838
4790,0.057387345
4791,0.0699029
4792,0.00676088
4793,0.14389409
4794,0.27265003
4795,0.32366425
4796,0.28057286
4797,0.17532861
4798,0.046861116
4799,0.041505262
4800,0.05035635
4801,0.01688426
4802,0.14114441
4803,0.25445902
4804,0.30323914
4805,0.26974386
4806,0.16838239
4807,0.047922853
4808,0.03345778
4809,0.042705085
4810,0.020800157
4811,0.12986308
4812,0.22785035
4813,0.25748312
4814,0.22747153
4815,0.14343707
4816,0.026089303
4817,0.04054793
4818,0.046328727
4819,0.011400144
4820,0.119203225
4821,0.22582448
4822,0.27551723
4823,0.24406292
4824,0.15911101
4825,0.036367342
4826,0.03854082
4827,0.050911725
4828,0.0062570637
4829,0.117911875
4830,0.2275429
4831,0.2842177
4832,0.25295198
4833,0.15985058
4834,0.04632754
4835,0.036359448
4836,0.05892723
4837,0.008088047
4838,0.08677011
4839,0.1973603
4840,0.27592722
4841,0.28567398
4842,0.21293592
4843,0.096813604
4844,0.012244813
4845,0.06312789
4846,0.0384361
4847,0.04708147
4848,0.17269185
4849,0.27009264
4850,0.30606398
4851,0.24943948
4852,0.13184534
4853,0.022867978
4854,0.047345713
4855,0.043556795
4856,0.028822932
4857,0.14464052
4858,0.2423382
4859,0.27339554
4860,0.2224773
4861,0.113971375
4862,-0.00023003592
4863,0.06784446
4864,0.056430403
4865,0.02465301
4866,0.15462707
4867,0.25754887
4868,0.2862352
4869,0.2340011
4870,0.118198104
4871,0.013618713
4872,0.08628072
4873,0.063031904
4874,0.036133748
4875,0.17851362
4876,0.28758392
4877,0.3228594
4878,0.26573914
4879,0.12487536
4880,0.014731888
4881,0.09188323
4882,0.07173231
4883,0.03161269
4884,0.18653812
4885,0.30505005
4886,0.3220561
4887,0.25584278
4888,0.11358563
4889,0.021742262
4890,0.10408322
4891,0.07397819
4892,0.044716433
4893,0.20743288
4894,0.3363414
4895,0.36133358
4896,0.2958745
4897,0.15211222
4898,0.006269514
4899,0.08830924
4900,0.07061116
4901,0.028790485
4902,0.18465734
4903,0.30677664
4904,0.33513087
4905,0.2607013
4906,0.1326524
4907,0.004204074
4908,0.09217717
4909,0.07460813
4910,0.034495216
4911,0.19559452
4912,0.318648
4913,0.35903478
4914,0.28586325
4915,0.14887951
4916,0.00023177639
4917,0.07928864
4918,0.05965851
4919,0.046313934
4920,0.19670102
4921,0.31990883
4922,0.34501773
4923,0.28072402
4924,0.15204608
4925,0.008809568
4926,0.0734542
4927,0.060020987
4928,0.029243901
4929,0.16618738
4930,0.2864291
4931,0.32260218
4932,0.27874705
4933,0.16460155
4934,0.020915981
4935,0.052964725
4936,0.04933268
4937,0.03066857
4938,0.15915042
4939,0.2664684
4940,0.30540913
4941,0.26143956
4942,0.14511968
4943,0.029511902
4944,0.04161825
4945,0.03323518
4946,0.04876484
4947,0.17169961
4948,0.2622969
4949,0.27136326
4950,0.20743433
4951,0.1041146
4952,-0.00081690936
4953,0.049887702
4954,0.024328684
4955,0.054027755
4956,0.16029714
4957,0.24333942
4958,0.26331124
4959,0.21951514
4960,0.12081921
4961,0.01506716
4962,0.04592536
4963,0.03901779
4964,0.033773713
4965,0.15013197
4966,0.24501683
4967,0.27367726
4968,0.22714503
4969,0.12348005
4970,0.019851746
4971,0.047973208
4972,0.04218214
4973,0.02667521
4974,0.13713408
4975,0.2323961
4976,0.27074215
4977,0.22425793
4978,0.12925619
4979,0.012894079
4980,0.050445363
4981,0.046430867
4982,0.025233557
4983,0.14664209
4984,0.24947447
4985,0.29108804
4986,0.24647778
4987,0.14873731
4988,0.031470425
4989,0.043480266
4990,0.042974018
4991,0.022932619
4992,0.13377005
4993,0.22964992
4994,0.27470282
4995,0.23082
4996,0.13726911
4997,0.018180855
4998,0.046189405
4999,0.0419717
5000,0.027107898
5001,0.13870025
5002,0.23409773
5003,0.27525073
5004,0.23631011
5005,0.13086787
5006,0.015807807
5007,0.042193923
5008,0.030193474
5009,0.051877253
5010,0.1696073
5011,0.25698957
5012,0.27358162
5013,0.21054298
5014,0.100319736
5015,-0.0006454164
5016,0.04027239
5017,0.007533853
5018,0.07880139
5019,0.17993149
5020,0.23829646
5021,0.23202917
5022,0.17243856
5023,0.07025146
5024,0.019132435
5025,0.052339036
5026,0.014460076
5027,0.074978724
5028,0.18402667
5029,0.25478524
5030,0.2614528
5031,0.19851637
5032,0.07817376
5033,0.012922469
5034,0.051677335
5035,0.01951262
5036,0.06706109
5037,0.17605957
5038,0.24531376
5039,0.24436963
5040,0.18629266
5041,0.069024034
5042,0.03281103
5043,0.072013795
5044,0.027541244
5045,0.07560331
5046,0.20343725
5047,0.2908024
5048,0.27775422
5049,0.20081365
5050,0.06281581
5051,0.039405577
5052,0.069416575
5053,0.0018879322
5054,0.11513027
5055,0.23958498
5056,0.2950525
5057,0.27637097
5058,0.16929619
5059,0.042949367
5060,0.05347503
5061,0.08348274
5062,0.022303475
5063,0.087525904
5064,0.21246809
5065,0.29578474
5066,0.29042265
5067,0.21744499
5068,0.06502106
5069,0.051371973
5070,0.10209244
5071,0.05702924
5072,0.060913954
5073,0.21616168
5074,0.3385882
5075,0.36534125
5076,0.2809754
5077,0.13281342
5078,0.01912519
5079,0.10396329
5080,0.0779566
5081,0.024618456
5082,0.1765511
5083,0.29666105
5084,0.32402578
5085,0.25266433
5086,0.118023805
5087,0.040743794
5088,0.11545345
5089,0.08323084
5090,0.037069865
5091,0.20840035
5092,0.33202076
5093,0.3597282
5094,0.26241687
5095,0.11437925
5096,0.044921283
5097,0.13407415
5098,0.093254425
5099,0.036898416
5100,0.21654005
5101,0.34408814
5102,0.3569062
5103,0.25562927
5104,0.0726253
5105,0.08146642
5106,0.16278808
5107,0.09395338
5108,0.06751196
5109,0.2802398
5110,0.4254253
5111,0.44329217
5112,0.3356954
5113,0.11212104
5114,0.0802354
5115,0.15857385
5116,0.10011082
5117,0.051731672
5118,0.25568867
5119,0.39560664
5120,0.42665
5121,0.30545095
5122,0.12562335
5123,0.06921971
5124,0.1504309
5125,0.101786405
5126,0.044134937
5127,0.24588872
5128,0.38655466
5129,0.4024354
5130,0.2722625
5131,0.09113099
5132,0.08651471
5133,0.17585577
5134,0.10915249
5135,0.057932045
5136,0.28161594
5137,0.44257224
5138,0.46229836
5139,0.31615344
5140,0.087272
5141,0.09364492
5142,0.15410876
5143,0.061357472
5144,0.12801535
5145,0.3302674
5146,0.42237282
5147,0.35555643
5148,0.15040646
5149,0.029688314
5150,0.177512
5151,0.16184932
5152,0.0101292785
5153,0.19114383
5154,0.3646777
5155,0.39604765
5156,0.25947535
5157,0.03982915
5158,0.22662444
5159,0.37957877
5160,0.32575178
5161,0.10440256
5162,0.20349593
5163,0.47656068
5164,0.5912359
5165,0.45772555
5166,0.19888954
5167,0.10756573
5168,0.32183436
5169,0.34797993
5170,0.1451051
5171,0.17093638
5172,0.5068262
5173,0.7049495
5174,0.6535513
5175,0.3593822
5176,0.026724834
5177,0.2299313
5178,0.32384884
5179,0.18350726
5180,0.114566825
5181,0.46787375
5182,0.7009378
5183,0.6788079
5184,0.4446178
5185,0.086226255
5186,0.20390557
5187,0.28471133
5188,0.14466663
5189,0.12823205
5190,0.42498916
5191,0.5903231
5192,0.56633097
5193,0.2929577
5194,0.021923965
5195,0.19318978
5196,0.20745967
5197,0.04438025
5198,0.21854101
5199,0.46405733
5200,0.5505522
5201,0.4107588
5202,0.169056
5203,0.077580884
5204,0.20865932
5205,0.18192352
5206,-0.0014067581
5207,0.27260327
5208,0.49564856
5209,0.5715293
5210,0.45117596
5211,0.19098951
5212,0.04380862
5213,0.16924314
5214,0.15000159
5215,-0.00037894864
5216,0.23291141
5217,0.41139987
5218,0.4443486
5219,0.36254445
5220,0.17955773
5221,0.068456456
5222,0.19682191
5223,0.1748102
5224,0.0018453593
5225,0.2196019
5226,0.42972532
5227,0.48509595
5228,0.35819945
5229,0.13645945
5230,0.10292833
5231,0.22391863
5232,0.20215167
5233,0.026638065
5234,0.21368594
5235,0.43026906
5236,0.5133237
5237,0.45215112
5238,0.2028984
5239,0.06487018
5240,0.264075
5241,0.26944694
5242,0.0749622
5243,0.18235171
5244,0.40558684
5245,0.46376643
5246,0.3490995
5247,0.05815191
5248,0.23648344
5249,0.44181785
5250,0.39409748
5251,0.10475054
5252,0.2444503
5253,0.5457241
5254,0.64513016
5255,0.4999579
5256,0.14848676
5257,0.20254102
5258,0.46544886
5259,0.4617978
5260,0.16072083
5261,0.2368928
5262,0.60242796
5263,0.72457665
5264,0.55961955
5265,0.21184042
5266,0.29705048
5267,0.55090547
5268,0.59454566
5269,0.3144347
5270,0.13487941
5271,0.59526527
5272,0.82140714
5273,0.63730943
5274,0.22985406
5275,0.42474717
5276,0.79371923
5277,0.8994463
5278,0.5371911
5279,0.04832882
5280,0.6719755
5281,0.999298
5282,0.8367979
5283,0.25043094
5284,0.4981314
5285,1.0470036
5286,1.0110372
5287,0.5302953
5288,0.2273948
5289,0.9585802
5290,1.2587049
5291,1.0004286
5292,0.37450734
5293,0.34549415
5294,0.89923346
5295,0.82410306
5296,0.27472854
5297,0.43106344
5298,1.033292
5299,1.2150923
5300,0.9122215
5301,0.28547835
5302,0.4376872
5303,0.7796614
5304,0.69891846
5305,0.22175252
5306,0.42874888
5307,0.9800594
5308,1.0834723
5309,0.7124652
5310,0.077896304
5311,0.5453089
5312,0.85654014
5313,0.7586196
5314,0.2406016
5315,0.41551864
5316,0.998054
5317,1.1608689
5318,0.858247
5319,0.16502787
5320,0.51165277
5321,0.9570498
5322,0.790512
5323,0.22159424
5324,0.4786478
5325,1.0325097
5326,1.1574969
5327,0.8536802
5328,0.1576032
5329,0.36009657
5330,0.672723
5331,0.47751474
5332,0.0044566374
5333,0.6118252
5334,1.0030556
5335,1.0493393
5336,0.74831057
5337,0.223217
5338,0.25164786
5339,0.46359998
5340,0.35768482
5341,0.005313782
5342,0.4378381
5343,0.8151686
5344,0.96390116
5345,0.8069312
5346,0.4411201
5347,0.059341766
5348,0.2557006
5349,0.30087152
5350,0.1265292
5351,0.1602441
5352,0.4905758
5353,0.6984458
5354,0.7055571
5355,0.52068055
5356,0.19781932
5357,0.08374506
5358,0.1989797
5359,0.12191209
5360,0.0792179
5361,0.3238525
5362,0.47361836
5363,0.48763177
5364,0.3461047
5365,0.10735954
5366,0.11812846
5367,0.21013923
5368,0.12584245
5369,0.07349297
5370,0.31159216
5371,0.45324233
5372,0.4572999
5373,0.26313025
5374,0.0068583586
5375,0.18633166
5376,0.24299611
5377,0.09886592
5378,0.1362509
5379,0.39784464
5380,0.55379564
5381,0.537735
5382,0.31145322
5383,0.07550879
5384,0.11595403
5385,0.15242277
5386,0.020335486
5387,0.18178818
5388,0.38004357
5389,0.4761118
5390,0.42607582
5391,0.23416151
5392,0.023880472
5393,0.1013095
5394,0.10459135
5395,0.015009671
5396,0.20982254
5397,0.3750317
5398,0.44744498
5399,0.39613178
5400,0.2502818
5401,0.059711773
5402,0.04579565
5403,0.07045292
5404,-0.0010903117
5405,0.13022134
5406,0.25893816
5407,0.33147717
5408,0.31895098
5409,0.2312989
5410,0.09838498
5411,0.0140175745
5412,0.06946196
5413,0.03895121
5414,0.05294172
5415,0.1820548
5416,0.28368717
5417,0.30102152
5418,0.2306409
5419,0.10379587
5420,0.013348326
5421,0.08080903
5422,0.060456816
5423,0.030679155
5424,0.163607
5425,0.27079993
5426,0.2862013
5427,0.20955674
5428,0.054219373
5429,0.062634185
5430,0.11627197
5431,0.047365896
5432,0.093744025
5433,0.25752062
5434,0.345015
5435,0.32096726
5436,0.20285775
5437,0.020744381
5438,0.09400077
5439,0.121877015
5440,0.032175582
5441,0.12656496
5442,0.2914142
5443,0.37880993
5444,0.36303064
5445,0.21731132
5446,0.031196926
5447,0.09862222
5448,0.14718626
5449,0.075227164
5450,0.07783042
5451,0.26231363
5452,0.38583168
5453,0.38407052
5454,0.24074674
5455,0.06588014
5456,0.0943853
5457,0.17018321
5458,0.11120098
5459,0.057868697
5460,0.27183992
5461,0.40823707
5462,0.43272784
5463,0.29521653
5464,0.108286604
5465,0.083764225
5466,0.16321607
5467,0.099946916
5468,0.06727509
5469,0.2955377
5470,0.46469915
5471,0.5083891
5472,0.38977006
5473,0.21679184
5474,0.02006697
5475,0.09143058
5476,0.07225989
5477,0.032490112
5478,0.1930859
5479,0.32147416
5480,0.3597298
5481,0.28436506
5482,0.15671119
5483,0.011923224
5484,0.07310973
5485,0.06535819
5486,0.030904798
5487,0.18048115
5488,0.31350684
5489,0.3530604
5490,0.28376475
5491,0.15719423
5492,0.018695414
5493,0.061303165
5494,0.054753087
5495,0.038546927
5496,0.17847607
5497,0.28491318
5498,0.31448874
5499,0.23405163
5500,0.096312985
5501,0.030677272
5502,0.08219029
5503,0.042562377
5504,0.06765092
5505,0.21049479
5506,0.31253123
5507,0.3098935
5508,0.23031037
5509,0.0927084
5510,0.031412918
5511,0.08146097
5512,0.04283723
5513,0.060337648
5514,0.19785707
5515,0.30010054
5516,0.3318703
5517,0.27515742
5518,0.13849501
5519,0.00029413553
5520,0.076804906
5521,0.061054323
5522,0.034768153
5523,0.16964637
5524,0.27709103
5525,0.2994284
5526,0.24939178
5527,0.12449182
5528,0.0022683744
5529,0.085064836
5530,0.06720796
5531,0.02906515
5532,0.17194785
5533,0.28265396
5534,0.2999866
5535,0.22304967
5536,0.065755665
5537,0.061182614
5538,0.13084467
5539,0.07908263
5540,0.056689043
5541,0.22781475
5542,0.34027994
5543,0.3271972
5544,0.2101813
5545,0.01802416
5546,0.16346778
5547,0.20735341
5548,0.11691079
5549,0.06169033
5550,0.2961224
5551,0.4739775
5552,0.5153013
5553,0.3791894
5554,0.14228797
5555,0.05649938
5556,0.14987458
5557,0.10663284
5558,0.047373403
5559,0.25350985
5560,0.41640592
5561,0.45116457
5562,0.36019924
5563,0.1943051
5564,0.013359323
5565,0.10406408
5566,0.07983082
5567,0.039695937
5568,0.21319231
5569,0.34814838
5570,0.39503434
5571,0.3084769
5572,0.15177394
5573,0.0071927635
5574,0.08543415
5575,0.0599861
5576,0.04839029
5577,0.20233549
5578,0.32249054
5579,0.34066498
5580,0.2636927
5581,0.13074628
5582,0.0023192777
5583,0.08466586
5584,0.058207966
5585,0.048725843
5586,0.19485764
5587,0.296554
5588,0.3072666
5589,0.2468225
5590,0.1133695
5591,0.024264444
5592,0.08361534
5593,0.052297987
5594,0.054817524
5595,0.20555748
5596,0.31562078
5597,0.34454498
5598,0.2603764
5599,0.12234207
5600,0.020755352
5601,0.07647186
5602,0.04421326
5603,0.06123192
5604,0.20985006
5605,0.31767064
5606,0.3320406
5607,0.2549933
5608,0.12739417
5609,0.0036905487
5610,0.07455234
5611,0.056282643
5612,0.033999585
5613,0.17093904
5614,0.28373304
5615,0.33148634
5616,0.26656088
5617,0.15365803
5618,0.020832747
5619,0.059774444
5620,0.05397013
5621,0.030051533
5622,0.16231598
5623,0.27537164
5624,0.31562877
5625,0.27294582
5626,0.16250573
5627,0.038308915
5628,0.0406575
5629,0.04352705
5630,0.021894243
5631,0.1342396
5632,0.23441881
5633,0.27916384
5634,0.24438961
5635,0.14689882
5636,0.03301503
5637,0.038742423
5638,0.036298584
5639,0.028865159
5640,0.13096422
5641,0.21776289
5642,0.24178147
5643,0.20815867
5644,0.103257045
5645,0.0033543827
5646,0.065287724
5647,0.04771417
5648,0.032696698
5649,0.15613163
5650,0.25228906
5651,0.27559447
5652,0.21331161
5653,0.10989857
5654,0.0021514473
5655,0.07487824
5656,0.054642107
5657,0.033563912
5658,0.16486399
5659,0.27786604
5660,0.32310754
5661,0.27836105
5662,0.15204236
5663,0.018160839
5664,0.05456178
5665,0.046838623
5666,0.037545983
5667,0.16806479
5668,0.27741906
5669,0.31344825
5670,0.2562556
5671,0.1420301
5672,0.021512998
5673,0.04591471
5674,0.035507776
5675,0.04100715
5676,0.15752557
5677,0.25419232
5678,0.27549657
5679,0.23049314
5680,0.124981284
5681,0.014862356
5682,0.04538582
5683,0.033232346
5684,0.039786205
5685,0.15108018
5686,0.24384612
5687,0.27489325
5688,0.21927698
5689,0.11354481
5690,0.0009932029
5691,0.05103477
5692,0.027314387
5693,0.05806682
5694,0.16480535
5695,0.23796555
5696,0.2270372
5697,0.15160263
5698,0.04192527
5699,0.05703317
5700,0.09121232
5701,0.040094584
5702,0.075753525
5703,0.22032517
5704,0.30783045
5705,0.30871034
5706,0.22140282
5707,0.063201964
5708,0.050909072
5709,0.10105596
5710,0.045312196
5711,0.085968226
5712,0.24509805
5713,0.35766625
5714,0.36366227
5715,0.26024395
5716,0.10831646
5717,0.040185228
5718,0.10100983
5719,0.06380094
5720,0.050556403
5721,0.20331277
5722,0.32585028
5723,0.35438892
5724,0.26703587
5725,0.12846263
5726,0.028296798
5727,0.09392028
5728,0.05243726
5729,0.07616872
5730,0.23716502
5731,0.33735618
5732,0.34558952
5733,0.23130263
5734,0.069064274
5735,0.050906736
5736,0.10232563
5737,0.05597758
5738,0.06792025
5739,0.22883342
5740,0.34944427
5741,0.37548265
5742,0.26989928
5743,0.12874845
5744,0.027350916
5745,0.10241901
5746,0.06499352
5747,0.04781154
5748,0.20495705
5749,0.31929109
5750,0.34137285
5751,0.24287748
5752,0.08710136
5753,0.06639077
5754,0.13539709
5755,0.0953479
5756,0.033394247
5757,0.21278118
5758,0.34829703
5759,0.3833949
5760,0.28264096
5761,0.0985022
5762,0.07184786
5763,0.15490738
5764,0.10029152
5765,0.053177964
5766,0.25046134
5767,0.3870777
5768,0.3864066
5769,0.27751186
5770,0.07763873
5771,0.08512888
5772,0.1729821
5773,0.10803018
5774,0.055850975
5775,0.2645123
5776,0.41114247
5777,0.44113204
5778,0.34646407
5779,0.12837797
5780,0.05187302
5781,0.16174956
5782,0.11966476
5783,0.028346254
5784,0.23215583
5785,0.3949146
5786,0.43087402
5787,0.34099656
5788,0.15794699
5789,0.041207112
5790,0.15414345
5791,0.116151094
5792,0.03153087
5793,0.2409734
5794,0.40285492
5795,0.44338316
5796,0.3204777
5797,0.12869532
5798,0.034215756
5799,0.13281296
5800,0.09432579
5801,0.04573831
5802,0.24493226
5803,0.40074125
5804,0.44770163
5805,0.3747311
5806,0.19934301
5807,0.023375556
5808,0.07462143
5809,0.061019532
5810,0.037035696
5811,0.18911555
5812,0.31829372
5813,0.36978835
5814,0.30791146
5815,0.17721449
5816,0.045645323
5817,0.043279286
5818,0.047464985
5819,0.028819561
5820,0.1543891
5821,0.26092222
5822,0.30433682
5823,0.24619943
5824,0.13407376
5825,0.01984577
5826,0.043183666
5827,0.027511861
5828,0.053064197
5829,0.16721289
5830,0.2490925
5831,0.26112485
5832,0.20369086
5833,0.10298504
5834,0.001297901
5835,0.047813285
5836,0.015955437
5837,0.07089894
5838,0.18185867
5839,0.25733706
5840,0.25470456
5841,0.1811338
5842,0.067144796
5843,0.02157817
5844,0.05378812
5845,0.011214155
5846,0.082650356
5847,0.19400735
5848,0.26536176
5849,0.2565199
5850,0.17058098
5851,0.058623724
5852,0.038568597
5853,0.06650965
5854,0.01705348
5855,0.08922155
5856,0.20394664
5857,0.2690696
5858,0.2551371
5859,0.14836557
5860,0.0023087477
5861,0.10663394
5862,0.12983166
5863,0.059350632
5864,0.0760856
5865,0.23483904
5866,0.33805302
5867,0.3406895
5868,0.23890866
5869,0.06317737
5870,0.08963026
5871,0.16403483
5872,0.100870684
5873,0.058752235
5874,0.2550606
5875,0.39441535
5876,0.4159832
5877,0.2636996
5878,0.081660904
5879,0.08610801
5880,0.1543274
5881,0.07020185
5882,0.10764487
5883,0.30835372
5884,0.41240957
5885,0.40116823
5886,0.21719141
5887,0.01446267
5888,0.18105736
5889,0.17427264
5890,0.04481722
5891,0.1538833
5892,0.35068268
5893,0.45274118
5894,0.3867961
5895,0.2310287
5896,0.0072529917
5897,0.16096489
5898,0.18687715
5899,0.07210189
5900,0.134571
5901,0.3686409
5902,0.5028955
5903,0.49269167
5904,0.35440436
5905,0.14229043
5906,0.06497237
5907,0.13548438
5908,0.06581269
5909,0.1019697
5910,0.30970186
5911,0.45366117
5912,0.4562421
5913,0.34229553
5914,0.13341603
5915,0.017639484
5916,0.08927133
5917,0.04379673
5918,0.08243183
5919,0.24047065
5920,0.34593704
5921,0.36505038
5922,0.2707647
5923,0.11248334
5924,0.025671333
5925,0.095124975
5926,0.064024314
5927,0.04313
5928,0.19253287
5929,0.30867597
5930,0.33591434
5931,0.25390324
5932,0.1092345
5933,0.04319852
5934,0.11113241
5935,0.085387945
5936,0.035292316
5937,0.20302823
5938,0.33847672
5939,0.37766984
5940,0.28034148
5941,0.1305786
5942,0.0445399
5943,0.119791605
5944,0.07353581
5945,0.06125883
5946,0.23367658
5947,0.34797195
5948,0.35190156
5949,0.26214856
5950,0.07127838
5951,0.083962806
5952,0.14500712
5953,0.0712563
5954,0.08628542
5955,0.26590946
5956,0.35374525
5957,0.3050408
5958,0.11106157
5959,0.12637466
5960,0.2853402
5961,0.31292406
5962,0.14658166
5963,0.09967882
5964,0.37926593
5965,0.5305887
5966,0.50249857
5967,0.24023263
5968,0.049806204
5969,0.2890967
5970,0.3669093
5971,0.19678421
5972,0.11064513
5973,0.4629725
5974,0.68902975
5975,0.6888248
5976,0.44566062
5977,0.06456827
5978,0.22007282
5979,0.26128477
5980,0.108038224
5981,0.16647239
5982,0.44076476
5983,0.54356265
5984,0.4546276
5985,0.2243508
5986,0.12008148
5987,0.33536777
5988,0.3245822
5989,0.1256605
5990,0.17601836
5991,0.47844058
5992,0.63488656
5993,0.5606536
5994,0.30733654
5995,0.06549808
5996,0.29271483
5997,0.30281994
5998,0.11796137
5999,0.19404839
6000,0.48872495
6001,0.61368364
6002,0.47309917
6003,0.111014165
6004,0.2834503
6005,0.45524672
6006,0.42769864
6007,0.16280767
6008,0.22380358
6009,0.575959
6010,0.68084437
6011,0.5615952
6012,0.24029061
6013,0.24841556
6014,0.5742435
6015,0.58641124
6016,0.26534885
6017,0.1875844
6018,0.5931996
6019,0.7268919
6020,0.5679833
6021,0.01788805
6022,0.50243247
6023,0.8318454
6024,0.791635
6025,0.36673027
6026,0.20250791
6027,0.7761365
6028,1.0713912
6029,0.8713665
6030,0.43543458
6031,0.15083776
6032,0.679342
6033,0.71218723
6034,0.3971659
6035,0.15760846
6036,0.72533226
6037,1.0124812
6038,0.9195646
6039,0.41984534
6040,0.28845075
6041,0.80959487
6042,0.8913267
6043,0.48935694
6044,0.15247451
6045,0.7738931
6046,1.0376027
6047,0.80618185
6048,0.27297187
6049,0.40787923
6050,0.8925266
6051,0.9459603
6052,0.43675524
6053,0.24422534
6054,0.8919516
6055,1.1270673
6056,0.8373207
6057,0.15668748
6058,0.64503247
6059,1.1975355
6060,1.2346939
6061,0.6467849
6062,0.13719004
6063,0.9749924
6064,1.447232
6065,1.2567679
6066,0.46801862
6067,0.3188577
6068,0.8910729
6069,0.9681292
6070,0.535227
6071,0.22843125
6072,0.9919515
6073,1.4057112
6074,1.3425002
6075,0.834027
6076,0.16741459
6077,0.36474034
6078,0.57518935
6079,0.33467954
6080,0.13716908
6081,0.69845927
6082,1.0886637
6083,1.1601781
6084,0.90789145
6085,0.39243966
6086,0.025308676
6087,0.2569125
6088,0.21300597
6089,0.036492273
6090,0.38071603
6091,0.63689274
6092,0.68153924
6093,0.48684108
6094,0.1558061
6095,0.084164
6096,0.22495823
6097,0.152511
6098,0.05349087
6099,0.31844962
6100,0.4856409
6101,0.47843945
6102,0.26617864
6103,0.023305766
6104,0.29026142
6105,0.3550519
6106,0.23578842
6107,0.031193558
6108,0.348552
6109,0.5652567
6110,0.5313146
6111,0.26113796
6112,0.15259796
6113,0.42612463
6114,0.55101836
6115,0.3713027
6116,0.0066391854
6117,0.43599495
6118,0.6849544
6119,0.64865845
6120,0.25971243
6121,0.21831308
6122,0.65733016
6123,0.7399039
6124,0.41296986
6125,0.09769652
6126,0.61543864
6127,0.825432
6128,0.5862823
6129,0.024135303
6130,0.6336205
6131,0.97310877
6132,0.75067794
6133,0.16454291
6134,0.50856817
6135,0.9646971
6136,0.8787668
6137,0.42645806
6138,0.3785541
6139,0.90211487
6140,0.9279761
6141,0.4354461
6142,0.25944564
6143,0.88186693
6144,1.0637196
6145,0.71327055
6146,0.06475186
6147,0.549798
6148,0.97008973
6149,0.76067436
6150,0.1460159
6151,0.53563666
6152,1.0813375
6153,1.1111659
6154,0.5950579
6155,0.005460397
6156,0.62505656
6157,0.80441713
6158,0.56239754
6159,-0.012065244
6160,0.62948155
6161,0.94107753
6162,0.7544457
6163,0.15969212
6164,0.5042525
6165,0.8283369
6166,0.82314336
6167,0.3283693
6168,0.29364535
6169,0.87736094
6170,1.110569
6171,0.8372368
6172,0.3115439
6173,0.19842103
6174,0.5670898
6175,0.5064253
6176,0.10149472
6177,0.371791
6178,0.7260459
6179,0.71898973
6180,0.31066307
6181,0.18593425
6182,0.55254716
6183,0.66290516
6184,0.46350393
6185,0.01048843
6186,0.43312526
6187,0.7253918
6188,0.69783056
6189,0.35575062
6190,0.19430734
6191,0.59717274
6192,0.7084194
6193,0.52315736
6194,0.06655109
6195,0.39818135
6196,0.71927655
6197,0.70839435
6198,0.3602372
6199,0.14054124
6200,0.5170113
6201,0.7040653
6202,0.47161928
6203,0.019168166
6204,0.4430726
6205,0.7248075
6206,0.73234403
6207,0.4533788
6208,0.0259976
6209,0.46448943
6210,0.5651163
6211,0.4037807
6212,0.05384685
6213,0.3211808
6214,0.6124585
6215,0.6451711
6216,0.48694894
6217,0.13943003
6218,0.26462603
6219,0.5981972
6220,0.6445672
6221,0.39804775
6222,-0.008773126
6223,0.4325615
6224,0.76345724
6225,0.8072379
6226,0.61280024
6227,0.09874735
6228,0.3016054
6229,0.663393
6230,0.70057017
6231,0.35842624
6232,0.13942744
6233,0.6564632
6234,0.886807
6235,0.7042762
6236,0.21719997
6237,0.40589464
6238,0.7920896
6239,0.91999364
6240,0.6122663
6241,-0.017766442
6242,0.6445943
6243,1.1235064
6244,1.2078186
6245,0.9428905
6246,0.4300159
6247,0.24384303
6248,0.6410722
6249,0.6287886
6250,0.26139826
6251,0.2669867
6252,0.77281153
6253,0.9393465
6254,0.63665634
6255,0.050967522
6256,0.57119584
6257,0.9820106
6258,0.9635423
6259,0.48565537
6260,0.21113272
6261,0.8969683
6262,1.2161207
6263,1.0013353
6264,0.3469433
6265,0.42968908
6266,0.9266305
6267,0.96272236
6268,0.5399513
6269,0.19480605
6270,0.8992288
6271,1.2090923
6272,1.0060662
6273,0.2858977
6274,0.4678691
6275,0.9425867
6276,0.94238967
6277,0.5022366
6278,0.20883727
6279,0.95112205
6280,1.3610411
6281,1.2243377
6282,0.7673751
6283,0.060416654
6284,0.69939417
6285,0.93481827
6286,0.58238834
6287,0.047479555
6288,0.73135775
6289,1.0976399
6290,0.90944326
6291,0.3191201
6292,0.48431888
6293,1.061444
6294,1.1076602
6295,0.6295182
6296,0.11610786
6297,0.91912466
6298,1.3175551
6299,1.0848504
6300,0.3040903
6301,0.5685443
6302,1.1512164
6303,1.0560617
6304,0.49786004
6305,0.27285376
6306,1.0417
6307,1.3742131
6308,1.1256659
6309,0.27903727
6310,0.5605895
6311,1.2130574
6312,1.1574625
6313,0.64588
6314,0.16576453
6315,0.9865411
6316,1.4222804
6317,1.3208436
6318,0.6137771
6319,0.3763893
6320,1.123449
6321,1.1424419
6322,0.65838164
6323,0.12861596
6324,0.9219225
6325,1.3576277
6326,1.110143
6327,0.37049133
6328,0.546391
6329,1.0952123
6330,1.1592071
6331,0.6447025
6332,0.15757631
6333,0.9833236
6334,1.3769228
6335,1.2496613
6336,0.5520469
6337,0.4788375
6338,1.0756289
6339,1.1120274
6340,0.578057
6341,0.21695805
6342,1.0389467
6343,1.4571592
6344,1.2665974
6345,0.5131586
6346,0.20920901
6347,0.7329974
6348,0.8706544
6349,0.4701499
6350,0.20346712
6351,0.90474254
6352,1.2665894
6353,1.191976
6354,0.7264278
6355,0.058946688
6356,0.636664
6357,0.6855345
6358,0.3238081
6359,0.27201557
6360,0.82955617
6361,1.0545194
6362,0.8247726
6363,0.33500078
6364,0.28523633
6365,0.72874206
6366,0.7276742
6367,0.33640116
6368,0.21902709
6369,0.78173864
6370,1.0275538
6371,0.8679315
6372,0.44207996
6373,0.2023043
6374,0.7366851
6375,0.7961725
6376,0.42900088
6377,0.10791949
6378,0.6979349
6379,1.0000074
6380,0.87461525
6381,0.32016534
6382,0.41544294
6383,0.9577851
6384,0.9807481
6385,0.54137796
6386,0.1310479
6387,0.8264321
6388,1.1192188
6389,0.9308987
6390,0.19089001
6391,0.62102014
6392,1.1302557
6393,1.1869264
6394,0.67734385
6395,0.08745011
6396,0.89519054
6397,1.3309668
6398,1.1718557
6399,0.3782752
6400,0.5453973
6401,1.246593
6402,1.3789195
6403,0.8603587
6404,0.014554586
6405,0.9280779
6406,1.4328246
6407,1.2908102
6408,0.54889107
6409,0.4575853
6410,1.1572936
6411,1.4322542
6412,0.99117535
6413,0.044016723
6414,0.8857057
6415,1.4797146
6416,1.3851937
6417,0.61729646
6418,0.46010163
6419,1.2162622
6420,1.4780269
6421,1.0218201
6422,0.046356644
6423,0.92947763
6424,1.6243068
6425,1.5385869
6426,0.98229265
6427,0.11999247
6428,0.8159445
6429,1.082871
6430,0.75395906
6431,0.031110717
6432,0.9357878
6433,1.4050758
6434,1.218069
6435,0.3655362
6436,0.6781871
6437,1.2136244
6438,1.1784345
6439,0.5252446
6440,0.39713594
6441,1.2226796
6442,1.5265945
6443,1.0917436
6444,0.06526846
6445,0.631094
6446,1.0805234
6447,0.7464884
6448,0.0074721556
6449,0.7705066
6450,1.2595567
6451,1.1993725
6452,0.5033944
6453,0.3666146
6454,1.0757133
6455,1.3959849
6456,1.0117949
6457,0.20799476
6458,0.6699084
6459,1.3662951
6460,1.5355272
6461,0.9570746
6462,0.017514635
6463,0.91481936
6464,1.4163314
6465,1.2783651
6466,0.573176
6467,0.36577013
6468,1.229292
6469,1.6008476
6470,1.3771802
6471,0.49560118
6472,0.4444259
6473,1.2188615
6474,1.2040442
6475,0.6673826
6476,0.22974616
6477,1.1431062
6478,1.5431614
6479,1.2647206
6480,0.47950304
6481,0.41246903
6482,1.1275405
6483,1.2459022
6484,0.72646576
6485,0.13852143
6486,1.0192207
6487,1.4070003
6488,1.1560127
6489,0.48728174
6490,0.6232362
6491,1.190896
6492,1.2715223
6493,0.6755218
6494,0.22297087
6495,1.1130306
6496,1.4673971
6497,1.2183181
6498,0.5514937
6499,0.25342166
6500,0.99401045
6501,1.055722
6502,0.52954787
6503,0.25001606
6504,1.0260398
6505,1.3516014
6506,1.0776467
6507,0.23870863
6508,0.6197049
6509,1.1857194
6510,1.1654767
6511,0.5590492
6512,0.3292008
6513,1.1474285
6514,1.3944681
6515,1.0466526
6516,0.21223205
6517,0.7173209
6518,1.1824641
6519,0.8609112
6520,0.05635701
6521,0.76024777
6522,1.2350211
6523,1.0761015
6524,0.36284238
6525,0.55534166
6526,1.1511328
6527,1.1142915
6528,0.5427178
6529,0.32865688
6530,1.1049218
6531,1.3783078
6532,1.0522832
6533,0.14733438
6534,0.6631224
6535,1.0550661
6536,0.95901495
6537,0.31844047
6538,0.50459343
6539,1.1518455
6540,1.1844434
6541,0.6370441
6542,0.2227295
6543,1.0231091
6544,1.1797314
6545,0.80758244
6546,-0.020671658
6547,0.8102752
6548,1.2588218
6549,1.1430597
6550,0.5949092
6551,0.36363614
6552,0.99401623
6553,0.8623079
6554,0.26001328
6555,0.4728058
6556,0.9881469
6557,0.9133093
6558,0.36304244
6559,0.26659304
6560,0.8649632
6561,0.79433703
6562,0.36811194
6563,0.26459837
6564,0.81634855
6565,1.0186741
6566,0.7257724
6567,0.10410174
6568,0.4457912
6569,0.5751807
6570,0.33634135
6571,0.073797084
6572,0.4618718
6573,0.62436104
6574,0.42255902
6575,0.08253465
6576,0.28911757
6577,0.44519362
6578,0.3564986
6579,0.087001115
6580,0.19990507
6581,0.41995394
6582,0.4402827
6583,0.3245851
6584,0.127187
6585,0.07465508
6586,0.19001245
6587,0.1616613
6588,0.04826023
6589,0.082615726
6590,0.19882731
6591,0.24166377
6592,0.19502868
6593,0.07344091
6594,0.058969196
6595,0.1546833
6596,0.17663293
6597,0.13921165
6598,0.032106742
6599,0.08358462
6600,0.18231624
6601,0.22045362
6602,0.18873103
6603,0.07534755
6604,0.06508259
6605,0.17303911
6606,0.18376863
6607,0.10430661
6608,0.019735513
6609,0.15879855
6610,0.23155387
6611,0.19762272
6612,0.05743028
6613,0.12293197
6614,0.2581101
6615,0.27830648
6616,0.16888489
6617,0.014833367
6618,0.2192688
6619,0.3416617
6620,0.33460608
6621,0.18383184
6622,0.057649337
6623,0.2514464
6624,0.28634012
6625,0.16110936
6626,0.04495947
6627,0.24788213
6628,0.31903008
6629,0.25522578
6630,0.03596096
6631,0.18759105
6632,0.2741566
6633,0.21833389
6634,0.051301517
6635,0.15050884
6636,0.3072286
6637,0.32124424
6638,0.16644502
6639,0.03946742
6640,0.2172921
6641,0.2935153
6642,0.20899205
6643,0.021491274
6644,0.16371177
6645,0.29145855
6646,0.28575286
6647,0.18842667
6648,0.034184016
6649,0.20960279
6650,0.289103
6651,0.23692727
6652,0.08249613
6653,0.10116634
6654,0.26090282
6655,0.3258776
6656,0.27033734
6657,0.09854763
6658,0.13253653
6659,0.30254993
6660,0.32020223
6661,0.19785942
6662,0.0008691279
6663,0.22229409
6664,0.36010396
6665,0.33864215
6666,0.15625677
6667,0.10235306
6668,0.32485208
6669,0.40871158
6670,0.30804724
6671,0.07232842
6672,0.18690701
6673,0.39962336
6674,0.45515454
6675,0.34601954
6676,0.015183881
6677,0.32358938
6678,0.5595025
6679,0.6019989
6680,0.39098668
6681,-0.01415763
6682,0.40379664
6683,0.65459734
6684,0.60802567
6685,0.32211232
6686,0.22658262
6687,0.6344911
6688,0.75861895
6689,0.49797004
6690,-0.015104091
6691,0.52109396
6692,0.813206
6693,0.775
6694,0.41719967
6695,0.24226178
6696,0.70260304
6697,0.741923
6698,0.371398
6699,0.16143644
6700,0.6727919
6701,0.8804795
6702,0.7602725
6703,0.21918173
6704,0.239208
6705,0.5616861
6706,0.624208
6707,0.28204858
6708,0.21212296
6709,0.6389675
6710,0.7483282
6711,0.4732059
6712,0.041878015
6713,0.566118
6714,0.8278995
6715,0.6856598
6716,0.25842807
6717,0.27435353
6718,0.7428441
6719,0.8651738
6720,0.6205847
6721,0.08485712
6722,0.5112103
6723,0.90265846
6724,0.9154681
6725,0.5507941
6726,0.03754776
6727,0.6805488
6728,1.0554008
6729,0.9951422
6730,0.5909053
6731,0.044301946
6732,0.4715019
6733,0.7431866
6734,0.5913116
6735,0.14659277
6736,0.3725369
6737,0.83842057
6738,1.0277778
6739,0.8876011
6740,0.44148648
6741,0.08386146
6742,0.47225437
6743,0.6193886
6744,0.4439071
6745,-0.012630941
6746,0.50304306
6747,0.867155
6748,0.90425926
6749,0.5810105
6750,0.035766255
6751,0.6164475
6752,0.96529484
6753,0.8074603
6754,0.2876609
6755,0.3473367
6756,0.9055626
6757,1.045928
6758,0.7241577
6759,0.07687182
6760,0.6034245
6761,1.0998971
6762,1.0397044
6763,0.45359877
6764,0.32410777
6765,1.00392
6766,1.2441307
6767,0.91272295
6768,0.11933359
6769,0.6882118
6770,1.1430728
6771,1.0925514
6772,0.44934765
6773,0.37704018
6774,1.0879397
6775,1.2948638
6776,0.84616894
6777,0.0011748752
6778,0.8819214
6779,1.3680943
6780,1.2704546
6781,0.52123755
6782,0.4420901
6783,1.2435877
6784,1.4758793
6785,1.0248805
6786,0.08666124
6787,0.9040603
6788,1.4788326
6789,1.3624576
6790,0.5974537
6791,0.42747456
6792,1.3119631
6793,1.5967953
6794,1.1405346
6795,0.30784357
6796,0.825117
6797,1.5279844
6798,1.4108665
6799,0.65763193
6800,0.320156
6801,1.2919929
6802,1.7306803
6803,1.4896172
6804,0.7377357
6805,0.3954121
6806,1.0493927
6807,1.139619
6808,0.57616
6809,0.29878947
6810,1.1355542
6811,1.3770612
6812,0.9295989
6813,0.031577516
6814,0.9908807
6815,1.3982574
6816,1.1656399
6817,0.43360433
6818,0.5175189
6819,1.375
6820,1.6331443
6821,1.2789538
6822,0.56696993
6823,0.24817333
6824,0.95887464
6825,1.0835727
6826,0.5867775
6827,0.18657538
6828,0.979141
6829,1.3545145
6830,1.0697545
6831,0.45784277
6832,0.29829577
6833,1.0435461
6834,1.2049146
6835,0.68755996
6836,0.11440692
6837,0.95504624
6838,1.3998325
6839,1.2731897
6840,0.4161975
6841,0.5539138
6842,1.0610387
6843,0.9356461
6844,0.22014242
6845,0.59915274
6846,1.1373177
6847,1.0337574
6848,0.48655495
6849,0.39528468
6850,1.0085365
6851,0.9285087
6852,0.34934032
6853,0.4364966
6854,1.0928787
6855,1.2269127
6856,0.7041741
6857,0.16047539
6858,0.8449036
6859,0.93945795
6860,0.4273984
6861,0.28984007
6862,0.9026037
6863,1.0247463
6864,0.5556177
6865,0.031214833
6866,0.5894928
6867,0.7048004
6868,0.29842043
6869,0.26061317
6870,0.7325144
6871,0.8796879
6872,0.68502575
6873,0.29075757
6874,0.20797718
6875,0.46745512
6876,0.35135683
6877,0.036849417
6878,0.30991355
6879,0.5308244
6880,0.46977282
6881,0.26694834
6882,0.09084288
6883,0.3720901
6884,0.43407395
6885,0.28139967
6886,-0.006216053
6887,0.27479526
6888,0.45150474
6889,0.41831455
6890,0.24647881
6891,0.05078717
6892,0.22181821
6893,0.25688955
6894,0.13539469
6895,0.05801781
6896,0.23638208
6897,0.2954957
6898,0.22544464
6899,0.051733524
6900,0.110183
6901,0.17986155
6902,0.16254383
6903,0.046540808
6904,0.08753998
6905,0.1885017
6906,0.20766187
6907,0.15624787
6908,0.026620705
6909,0.06129606
6910,0.103273235
6911,0.082956865
6912,0.015216269
6913,0.056673795
6914,0.1103985
6915,0.11760272
6916,0.082580484
6917,0.019771157
6918,0.0511683
6919,0.09857096
6920,0.10521056
6921,0.06782202
6922,0.0025242483
6923,0.06440572
6924,0.11793541
6925,0.1313353
6926,0.08729773
6927,0.023839956
6928,0.0480828
6929,0.08622351
6930,0.085999586
6931,0.031358007
6932,0.04601216
6933,0.12012157
6934,0.14288487
6935,0.12490927
6936,0.04088222
6937,0.033247557
6938,0.082573615
6939,0.08243222
6940,0.023502953
6941,0.05901411
6942,0.12760098
6943,0.1364569
6944,0.10275478
6945,0.0069910046
6946,0.09013235
6947,0.13906159
6948,0.10750615
6949,0.026982652
6950,0.06528033
6951,0.14069493
6952,0.16210294
6953,0.10328233
6954,0.0016155305
6955,0.08611604
6956,0.15779705
6957,0.1362652
6958,0.04335566
6959,0.0661458
6960,0.16705199
6961,0.21137458
6962,0.18105952
6963,0.0848951
6964,0.011542413
6965,0.10016506
6966,0.103284106
6967,0.035006586
6968,0.055740524
6969,0.14851993
6970,0.18387496
6971,0.1527873
6972,0.07036257
6973,0.030490322
6974,0.08910609
6975,0.09627393
6976,0.031627487
6977,0.06283711
6978,0.14568761
6979,0.17784037
6980,0.12393094
6981,0.01411798
6982,0.091704436
6983,0.12611055
6984,0.08783226
6985,5.171774e-05
6986,0.09141867
6987,0.14501533
6988,0.13349393
6989,0.048649594
6990,0.02798649
6991,0.10618254
6992,0.10545444
6993,0.047111303
6994,0.030306274
6995,0.102834605
6996,0.13422562
6997,0.10545382
6998,0.043628283
6999,0.015406077
7000,0.06630694
7001,0.062551424
7002,0.019093012
7003,0.03385944
7004,0.07699004
7005,0.08282475
7006,0.065577686
7007,0.018954983
7008,0.016384711
7009,0.0456634
7010,0.044198617
7011,0.016270714
7012,0.018217074
7013,0.050335605
7014,0.06436291
7015,0.058578465
7016,0.021080483
7017,0.0071820864
7018,0.032592744
7019,0.040101763
7020,0.022629004
7021,0.0052477634
7022,0.03823423
7023,0.06097679
7024,0.057562664
7025,0.027209776
7026,0.015884604
7027,0.051688615
7028,0.060128104
7029,0.041002113
7030,0.0009190361
7031,0.03845488
7032,0.06456868
7033,0.05849715
7034,0.028882079
7035,0.029704604
7036,0.066379294
7037,0.066034496
7038,0.033311494
7039,0.014774714
7040,0.059013773
7041,0.0727779
7042,0.050435413
7043,0.0030891
7044,0.04362323
7045,0.06888649
7046,0.057683203
7047,0.022325765
7048,0.022789244
7049,0.061668795
7050,0.06915268
7051,0.048793767
7052,0.008905459
7053,0.03321166
7054,0.057557292
7055,0.054349385
7056,0.026212288
7057,0.011527641
7058,0.052242726
7059,0.07277874
7060,0.06856587
7061,0.04356231
7062,0.00027130605
7063,0.03900423
7064,0.050085776
7065,0.041199163
7066,0.0060805907
7067,0.034361593
7068,0.07395004
7069,0.09466625
7070,0.08815537
7071,0.039933085
7072,0.00785114
7073,0.055978607
7074,0.06320984
7075,0.033449907
7076,0.017148439
7077,0.083860725
7078,0.1266435
7079,0.13842948
7080,0.10052599
7081,0.026612388
7082,0.038893905
7083,0.076510884
7084,0.051375646
7085,0.005891961
7086,0.0859104
7087,0.14223908
7088,0.1414463
7089,0.09300206
7090,0.0020307943
7091,0.0725799
7092,0.10768598
7093,0.07067511
7094,0.009068946
7095,0.10733314
7096,0.15636721
7097,0.13198678
7098,0.016423268
7099,0.08039252
7100,0.16706201
7101,0.1420087
7102,0.046484873
7103,0.07565772
7104,0.17959215
7105,0.21366733
7106,0.1609237
7107,0.061539825
7108,0.058283176
7109,0.10210987
7110,0.080480166
7111,-0.0005541651
7112,0.09537736
7113,0.17468055
7114,0.19089498
7115,0.1415068
7116,0.037677318
7117,0.04576596
7118,0.08600157
7119,0.07268317
7120,0.013779165
7121,0.061674308
7122,0.12957132
7123,0.15410928
7124,0.118693665
7125,0.02813577
7126,0.055947397
7127,0.10062464
7128,0.08698773
7129,0.029913642
7130,0.053848166
7131,0.12777546
7132,0.15751255
7133,0.10147159
7134,0.009043306
7135,0.08972418
7136,0.13935424
7137,0.109897666
7138,0.026192846
7139,0.067281365
7140,0.14921246
7141,0.17075875
7142,0.11943974
7143,0.022260895
7144,0.09041909
7145,0.13406855
7146,0.10646696
7147,0.007773752
7148,0.08960309
7149,0.1511962
7150,0.14986707
7151,0.056687362
7152,0.036062185
7153,0.116486624
7154,0.11743538
7155,0.06464863
7156,0.024340322
7157,0.10683569
7158,0.1342858
7159,0.10519999
7160,0.011015895
7161,0.069709785
7162,0.10804437
7163,0.08193895
7164,0.012264907
7165,0.055933386
7166,0.10550743
7167,0.09647785
7168,0.06414685
7169,0.016969072
7170,0.029480688
7171,0.042172857
7172,0.02080017
7173,0.010534249
7174,0.03642839
7175,0.04331684
7176,0.036619447
7177,0.0152727
7178,0.010488817
7179,0.023847874
7180,0.023603229
7181,0.015822222
7182,0.0027559903
7183,0.009767073
7184,0.021158341
7185,0.025192302
7186,0.019618478
7187,0.0052483333
7188,0.013382221
7189,0.023655953
7190,0.027583802
7191,0.019022608
7192,-0.0012125401
7193,0.022487294
7194,0.03639366
7195,0.03328584
7196,0.015684169
7197,0.012311896
7198,0.040240966
7199,0.04219678
7200,0.021176673
7201,0.0018186776
7202,0.009550591
7203,0.023419723
7204,0.019901704
7205,0.0022565764
7206,-6.055759e-05
7207,0.00090255064
7208,0.003403801
7209,0.0014735807
7210,0.000112781796
7211,0.002373637
7212,0.002096187
7213,0.00022936752
7214,0.0009918879
7215,0.006909752
7216,0.00774268
7217,0.002889645
7218,-0.0003948593
7219,-0.0004997033
7220,0.0025097132
7221,0.007736038
7222,0.004045213
7223,0.002478323
7224,-7.4217925e-05
7225,-0.0003089144
7226,0.00023438717
7227,0.0010034915
7228,0.00033579342
7229,6.8128065e-05
7230,3.676035e-05
7231,4.9799703e-05
7232,8.9333065e-05
7233,0.00017047793
7234,-1.6569102e-05
7235,0.00074584625
7236,0.00011150353
7237,-0.00020000471
7238,0.0013357601
7239,0.0037306694
7240,0.0024357806
7241,0.0029095921
7242,0.001123662
7243,-0.00019739426
7244,1.8480729e-05
7245,0.0004678433
7246,0.0014793426
7247,0.0020425876
7248,0.0009219403
7249,0.0011530295
7250,0.0009178978
7251,0.00096251426
7252,0.00021712127
7253,-6.325172e-05
7254,-0.00014108399
7255,-0.00016979554
7256,0.00088218506
7257,0.0033950917
7258,0.0057876
7259,0.0052009854
7260,0.0028377508
7261,0.0017392474
7262,0.00029414563
7263,-0.00014284189
7264,0.000721818
7265,0.0029500278
7266,0.0045167413
7267,0.0043899235
7268,0.003518882
7269,0.0020814938
7270,0.0011114727
7271,-7.40058e-06
7272,-0.00024161545
7273,0.00017142856
7274,0.0012260153
7275,0.0027707696
7276,0.0032178897
7277,0.002566071
7278,0.0028427383
7279,0.0011686761
7280,0.00039349514
7281,-0.00018416662
7282,6.107625e-05
7283,0.0007855167
7284,0.0015661338
7285,0.00065893534
7286,0.0016491134
7287,5.376412e-05
7288,-9.1365204e-05
7289,0.00012205582
7290,-0.0002479639
7291,0.00038811663
7292,0.0017435225
7293,0.002022057
7294,0.0017042792
7295,0.00041449483
7296,0.0002863722
7297,0.00071551785
7298,0.0006450858
7299,4.6967005e-05
7300,0.00034598113
7301,0.0017435973
7302,0.0033771605
7303,0.003852539
7304,0.002314193
7305,0.0020792682
7306,0.00045594235
7307,0.00014399248
7308,-7.514196e-05
7309,0.00037384068
7310,0.0014833112
7311,0.002959321
7312,0.0039849584
7313,0.0026943698
7314,0.0011218389
7315,0.000759946
7316,-0.0001703018
7317,-9.758309e-05
7318,0.00045876257
7319,0.0017594009
7320,0.0038906215
7321,0.0058681373
7322,0.004962543
7323,0.0038134519
7324,0.0010573787
7325,0.00016805189
7326,0.00010049023
7327,0.00040067144
7328,0.0026380473
7329,0.0045110346
7330,0.0054350914
7331,0.006273966
7332,0.0051615
7333,0.0016517862
7334,0.00019616573
7335,0.000112429436
7336,0.0007392161
7337,0.0032813735
7338,0.005000152
7339,0.0046614977
7340,0.0024965727
7341,-6.654329e-06
7342,-8.6165346e-05
7343,9.6187345e-05
7344,-0.00023310001
7345,0.000764463
7346,0.0024363887
7347,0.0025981937
7348,0.0038831444
7349,0.0032733376
7350,0.002769449
7351,0.0012612543
7352,-3.6589336e-07
7353,-7.5201126e-05
7354,6.094703e-05
7355,0.0011737925
7356,0.0028249663
7357,0.003302388
7358,0.0022961604
7359,0.0018112146
7360,0.00016217
7361,3.7691178e-05
7362,-0.000105252126
7363,0.00045408722
7364,0.0018582137
7365,0.002348464
7366,0.00083575555
7367,0.00018134812
7368,0.0009840789
7369,0.0006457325
7370,0.00026272226
7371,-0.00014226654
7372,0.000471709
7373,0.0014948797
7374,0.001973081
7375,0.001767342
7376,0.0021150473
7377,7.391862e-05
7378,0.0011753498
7379,0.0015229756
7380,0.00023485979
7381,0.0007774201
7382,0.0027500119
7383,0.004287728
7384,0.005417756
7385,0.0041510747
7386,0.00026979868
7387,0.0016777713
7388,0.0014828879
7389,0.00016362153
7390,0.001004818
7391,0.0021888183
7392,0.0022029458
7393,0.0029332023
7394,7.606404e-05
7395,0.0012348542
7396,0.0013031987
7397,0.0009913637
7398,-4.470398e-05
7399,0.0012270251
7400,0.0034039652
7401,0.0048693377
7402,0.0047164997
7403,0.003512765
7404,0.0021027757
7405,0.0012696914
7406,0.00203129
7407,0.0012576899
7408,0.0008604855
7409,0.005949565
7410,0.011765187
7411,0.015260657
7412,0.012525618
7413,0.0071803136
7414,0.0028036514
7415,0.0006031286
7416,0.000975354
7417,0.0013412109
7418,0.006417757
7419,0.01114794
7420,0.012671639
7421,0.012280799
7422,0.00961866
7423,0.0045835148
7424,-0.00018059707
7425,0.0005351808
7426,0.0013451887
7427,0.006986361
7428,0.013657434
7429,0.01766731
7430,0.018654695
7431,0.0155331995
7432,0.008650585
7433,0.0022554605
7434,0.00015860586
7435,0.0001719218
7436,0.004476022
7437,0.010411611
7438,0.015611385
7439,0.015955376
7440,0.012524418
7441,0.006203631
7442,0.000363933
7443,0.0008158487
7444,0.00048889045
7445,0.004970214
7446,0.010146251
7447,0.010688582
7448,0.009028701
7449,0.0035772822
7450,0.0009811418
7451,0.002129226
7452,0.00058834394
7453,0.0021489407
7454,0.0054562683
7455,0.0073922905
7456,0.0048266165
7457,0.00016065709
7458,0.0028298085
7459,0.0032548332
7460,0.0028856774
7461,0.0008371923
7462,0.0017691148
7463,0.004420696
7464,0.0054932353
7465,0.0057131625
7466,0.003061209
7467,0.0029311422
7468,0.005403263
7469,0.0049273046
7470,0.0015703447
7471,0.0023296084
7472,0.007309715
7473,0.010419478
7474,0.008717193
7475,0.0066099525
7476,6.6491244e-05
7477,0.0020705306
7478,0.0029603806
7479,0.00091638986
7480,0.0024726733
7481,0.007205995
7482,0.011608958
7483,0.011306656
7484,0.006779354
7485,0.0030425119
7486,0.0020495083
7487,0.003625899
7488,0.0014021865
7489,0.001917319
7490,0.006816929
7491,0.0111953635
7492,0.0128307985
7493,0.010610241
7494,0.0064686514
7495,0.0004633336
7496,0.0026852877
7497,0.0019810642
7498,0.0015888592
7499,0.007301458
7500,0.010521368
7501,0.0110853
7502,0.008290972
7503,0.00027994465
7504,0.0042468095
7505,0.0035037682
7506,0.0007254269
7507,0.003136851
7508,0.007680405
7509,0.007985932
7510,0.004731908
7511,0.0009970088
7512,0.0037252228
7513,0.0034542712
7514,0.0018236456
7515,-9.323459e-05
7516,0.0022254034
7517,0.0033721272
7518,0.0030460458
7519,0.00202607
7520,0.00016442523
7521,0.0009935595
7522,0.0016102762
7523,0.0014283978
7524,0.00014849627
7525,0.00066171784
7526,0.0020021894
7527,0.0034530554
7528,0.003419044
7529,0.00375784
7530,0.0024948365
7531,0.00017026327
7532,0.0006818863
7533,0.00043654488
7534,0.0007790057
7535,0.0031285654
7536,0.005622965
7537,0.005585607
7538,0.0032471346
7539,0.00085371936
7540,0.0009070252
7541,0.002086968
7542,0.0004533068
7543,0.0014068563
7544,0.0039749476
7545,0.0062934915
7546,0.007204029
7547,0.0045089936
7548,0.00057892024
7549,0.0012952011
7550,0.0009590959
7551,-5.049273e-05
7552,0.0010041775
7553,0.0028578672
7554,0.004768448
7555,0.0047070314
7556,0.002646021
7557,0.0007818172
7558,0.00053352694
7559,0.0015049517
7560,0.00045977757
7561,0.00063597894
7562,0.0022004247
7563,0.0035486724
7564,0.0047236746
7565,0.0033316133
7566,0.0023567001
7567,0.0006991683
7568,9.288569e-05
7569,-0.0002944896
7570,0.0011434032
7571,0.0027724423
7572,0.003597506
7573,0.0033977006
7574,0.0025726876
7575,0.0014827262
7576,0.00096623896
7577,-0.00016111872
7578,-5.1481475e-06
7579,0.00025259345
7580,0.0013070487
7581,0.0023962595
7582,0.0028572385
7583,0.0027830263
7584,0.0019471899
7585,0.00017437727
7586,0.00018057018
7587,-0.00018809282
7588,0.00057355873
7589,0.0025304782
7590,0.0037167182
7591,0.0044186236
7592,0.0049600345
7593,0.0044207834
7594,0.0024141287
7595,0.00071637915
7596,-0.00023358727
7597,8.296763e-05
7598,0.0016149763
7599,0.0031422493
7600,0.0044379765
7601,0.0035598467
7602,0.002765154
7603,0.0014310966
7604,0.0002065435
7605,-0.00010648032
7606,0.00045168074
7607,0.001964281
7608,0.0035009943
7609,0.005266313
7610,0.0048978175
7611,0.003833679
7612,0.0019923577
7613,0.00021334842
7614,-0.00017239194
7615,0.00032698712
7616,0.0015758774
7617,0.0034971125
7618,0.005764331
7619,0.0067414963
7620,0.0052221767
7621,0.0040753786
7622,0.0015213315
7623,-0.00023613317
7624,0.0002750185
7625,0.0028402796
7626,0.006687206
7627,0.01013503
7628,0.010202896
7629,0.00883387
7630,0.0053537837
7631,0.0016643635
7632,-0.0002211246
7633,0.00028925118
7634,0.002643423
7635,0.005733127
7636,0.008470307
7637,0.008966484
7638,0.006851319
7639,0.0037738583
7640,0.0010221542
7641,-0.0001869447
7642,0.00034040643
7643,0.00342737
7644,0.0065161167
7645,0.0085841715
7646,0.0070938272
7647,0.0044388613
7648,0.002590534
7649,0.00040035456
7650,-0.000229734
7651,0.0006551282
7652,0.0023765774
7653,0.0036933282
7654,0.0039036223
7655,0.0046546846
7656,0.0026749112
7657,0.0018213727
7658,0.0006004479
7659,-0.00023024548
7660,0.00015897732
7661,0.0014329874
7662,0.003631064
7663,0.005083846
7664,0.004338209
7665,0.0035565167
7666,0.00095673115
7667,-0.00013211893
7668,-3.401705e-05
7669,0.00036348216
7670,0.0028556962
7671,0.0062463786
7672,0.007090542
7673,0.0065324893
7674,0.0052151643
7675,0.0025299175
7676,0.00034725765
7677,-1.9473693e-05
7678,0.00046513797
7679,0.0025886763
7680,0.005671296
7681,0.0076010684
7682,0.0074878307
7683,0.0064138942
7684,0.0039084894
7685,0.0013992682
7686,-0.0002520298
7687,0.000627641
7688,0.0036643595
7689,0.007224488
7690,0.009116772
7691,0.008918449
7692,0.0058909473
7693,0.003184543
7694,0.0009859952
7695,-0.00022511708
7696,0.0005589413
7697,0.003067258
7698,0.005543252
7699,0.007516921
7700,0.008261991
7701,0.0058717662
7702,0.003646003
7703,0.0013261791
7704,-0.00025703956
7705,0.00021796042
7706,0.002975212
7707,0.007232569
7708,0.010943684
7709,0.012849793
7710,0.010848328
7711,0.006961161
7712,0.0028972002
7713,-0.000106187275
7714,0.00021004942
7715,0.0041738627
7716,0.010094347
7717,0.015058943
7718,0.016537461
7719,0.0143384775
7720,0.009188904
7721,0.004096129
7722,8.6654734e-05
7723,6.539683e-05
7724,0.0037749216
7725,0.009158492
7726,0.014394268
7727,0.01666716
7728,0.014576912
7729,0.0084570395
7730,0.0029373753
7731,-0.00013849899
7732,0.00018783796
7733,0.0038104902
7734,0.009181737
7735,0.013221027
7736,0.014867435
7737,0.011993041
7738,0.008164407
7739,0.0030341335
7740,-0.0001814289
7741,0.00049336115
7742,0.00403316
7743,0.008250518
7744,0.010560813
7745,0.00998262
7746,0.007491841
7747,0.0036732694
7748,0.00050691504
7749,-9.427767e-05
7750,0.00046443063
7751,0.0034694166
7752,0.0066164876
7753,0.0073291343
7754,0.008253217
7755,0.005376377
7756,0.002258077
7757,0.00011896824
7758,-0.00018296714
7759,0.0005224765
7760,0.0026228651
7761,0.004643275
7762,0.0067397724
7763,0.0065742936
7764,0.0043468946
7765,0.0025663208
7766,0.0009972494
7767,-0.00017252903
7768,0.00027720782
7769,0.00264358
7770,0.005844014
7771,0.0084374165
7772,0.008043795
7773,0.006411355
7774,0.004394733
7775,0.0014688933
7776,-0.0002441855
7777,0.00028406706
7778,0.0024474629
7779,0.004782599
7780,0.006663307
7781,0.007289643
7782,0.0059628077
7783,0.003706743
7784,0.0009953947
7785,-0.0001454011
7786,0.0004866447
7787,0.0035917237
7788,0.006995597
7789,0.009908097
7790,0.011488059
7791,0.009164836
7792,0.0045960145
7793,0.0012522025
7794,-0.000168409
7795,0.00026319985
7796,0.0028613792
7797,0.005926207
7798,0.0073469672
7799,0.008822166
7800,0.007902318
7801,0.0033222444
7802,3.905382e-05
7803,0.00017545561
7804,0.0005056962
7805,0.0039433907
7806,0.008578311
7807,0.009978902
7808,0.00842152
7809,0.006947816
7810,0.003532962
7811,0.0005119028
7812,0.00014493999
7813,0.0009767229
7814,0.004181647
7815,0.007381603
7816,0.0082960185
7817,0.0069034873
7818,0.0060442523
7819,0.0024176964
7820,8.266777e-05
7821,-4.7015317e-05
7822,0.00078340864
7823,0.0035722714
7824,0.005665908
7825,0.0059081283
7826,0.0058344984
7827,0.0035205726
7828,0.0014686328
7829,-0.00022276517
7830,-0.00016288375
7831,0.0004033745
7832,0.0011586441
7833,0.0017843294
7834,0.0018468177
7835,0.0019518469
7836,0.0007437012
7837,-0.00010478615
7838,-8.35253e-05
7839,-0.00022052799
7840,-0.00011261052
7841,9.415895e-05
7842,0.0002486084
7843,0.00028091704
7844,0.00018075066
7845,0.00019463463
7846,2.2953085e-05
7847,-0.00014652233
7848,-0.0002242048
7849,-0.00021699366
7850,0.000111100395
7851,0.0010549569
7852,0.0010211817
7853,0.0009876516
7854,0.00049023656
7855,0.0007057561
7856,0.00022124464
7857,-0.0002083684
7858,-0.00017622042
7859,0.0005805537
7860,0.0015608977
7861,0.0013690571
7862,0.0016534511
7863,0.0008160864
7864,0.0006941544
7865,0.00028210334
7866,-0.00019648521
7867,0.00017970898
7868,0.00041884978
7869,0.00023662721
7870,0.00044892656
7871,0.00010404953
7872,0.0002578809
7873,0.0006772983
7874,0.00025066274
7875,-0.00012850283
7876,-5.6997887e-05
7877,5.0986564e-06
7878,0.000618566
7879,0.001108208
7880,0.0015968735
7881,0.00061519514
7882,0.00042218016
7883,8.616061e-05
7884,-0.00023477171
7885,-0.00012689814
7886,0.00023292976
7887,0.00061735976
7888,0.0013095804
7889,0.0014490704
7890,0.001996519
7891,0.0005024052
7892,4.7409994e-05
7893,-0.00022924371
7894,4.3899156e-05
7895,0.0008146436
7896,0.0015321657
7897,0.0030087547
7898,0.0038122854
7899,0.0024060628
7900,0.0015991677
7901,0.0006782759
7902,-0.00018977438
7903,-9.826137e-06
7904,0.0012323752
7905,0.002539012
7906,0.003705335
7907,0.0031553584
7908,0.0022889033
7909,0.00069658976
7910,-0.000152189
7911,-0.00019886962
7912,-0.00013572838
7913,8.421925e-05
7914,-3.057857e-05
7915,0.0005931292
7916,0.0018699064
7917,0.0022398187
7918,0.0009122069
7919,0.00020842032
7920,-0.00022002014
7921,-7.570079e-05
7922,0.00014638001
7923,0.0005342124
7924,0.0009726244
7925,0.0005207845
7926,0.00067699765
7927,0.00059928384
7928,0.00029885632
7929,-0.00010098491
7930,-7.006501e-05
7931,6.808872e-05
7932,0.0003157658
7933,0.00012762827
7934,0.00021759498
7935,0.00032408405
7936,0.00026168398
7937,0.00012144074
7938,-0.00021328848
7939,-0.000165621
7940,6.2153355e-05
7941,0.0009269187
7942,0.0019944357
7943,0.002439697
7944,0.0028079648
7945,0.0019256354
7946,0.00042724097
7947,-0.00019160598
7948,-8.6420274e-05
7949,0.0008319304
7950,0.0015651896
7951,0.0012458494
7952,0.0021645792
7953,0.00045208167
7954,0.0007343681
7955,-0.00019227088
7956,-0.00022980184
7957,-1.9211555e-05
7958,0.0003264426
7959,0.00024808547
7960,0.000541135
7961,0.0005022675
7962,0.00027906065
7963,0.00047780498
7964,-0.00015676307
7965,-0.00022868703
7966,-6.145568e-05
7967,0.00069432467
7968,0.002077423
7969,0.003676416
7970,0.0049588005
7971,0.0047150003
7972,0.0026699563
7973,0.0009812923
7974,-0.00023404305
7975,-3.491134e-05
7976,0.0013928517
7977,0.0045122467
7978,0.0064634043
7979,0.0073882486
7980,0.006035519
7981,0.0034708031
7982,0.00072112604
7983,-0.00021977862
7984,0.00041512155
7985,0.0024416917
7986,0.004605204
7987,0.0053476566
7988,0.006465246
7989,0.004870406
7990,0.0019108368
7991,-0.0002244528
7992,0.00023322718
7993,0.00041209755
7994,0.0030998425
7995,0.006345029
7996,0.008646363
7997,0.00926318
7998,0.005525062
7999,0.0015061136
8000,0.0002865947
8001,0.00035890957
8002,0.0009431785
8003,0.004287971
8004,0.0064386087
8005,0.00569126
8006,0.002266709
8007,0.001030193
8008,0.0020861567
8009,0.0017829355
8010,0.00038536495
8011,0.0016527937
8012,0.0040456057
8013,0.0044606198
8014,0.004321984
8015,0.0025681257
8016,-2.2272849e-05
8017,0.0010677829
8018,0.0009775982
8019,-0.0002267785
8020,0.0009840935
8021,0.0022132904
8022,0.0035172238
8023,0.003681632
8024,0.0017019347
8025,8.092852e-05
8026,0.0015826166
8027,0.0013551038
8028,0.00021223017
8029,0.0004482161
8030,0.0016952362
8031,0.0022792367
8032,0.0018753068
8033,0.00066729076
8034,-2.3143552e-05
8035,0.0017443263
8036,0.0013622064
8037,5.6881225e-05
8038,0.0011210134
8039,0.003505275
8040,0.0049574906
8041,0.005744218
8042,0.006094158
8043,0.0024303594
8044,-9.394393e-05
8045,0.0005960271
8046,0.00015443383
8047,0.0010191256
8048,0.004089945
8049,0.006275951
8050,0.006388094
8051,0.0036705479
8052,0.0022915544
8053,0.0006119787
8054,0.0004626676
8055,0.00034225886
8056,0.0011289235
8057,0.004066166
8058,0.005723578
8059,0.0053415895
8060,0.003959352
8061,0.0028346982
8062,4.4383196e-06
8063,0.0005405777
8064,5.2186602e-05
8065,0.0010233342
8066,0.0032438014
8067,0.005954772
8068,0.007953204
8069,0.0072265146
8070,0.0048484723
8071,0.00202814
8072,0.00023208236
8073,0.000517471
8074,0.0004932841
8075,0.002902957
8076,0.0046414314
8077,0.005047571
8078,0.0016778971
8079,0.0015460713
8080,0.0017807235
8081,0.0019529014
8082,-6.192393e-05
8083,0.0016323708
8084,0.0041117566
8085,0.0039566415
8086,0.004285118
8087,0.0024058642
8088,0.0005181205
8089,0.0008437186
8090,0.0008402595
8091,0.00018523779
8092,0.00073508517
8093,0.0026943162
8094,0.0052258344
8095,0.0072337408
8096,0.008025081
8097,0.0045478656
8098,0.0004983873
8099,0.0015742132
8100,0.0013271159
8101,0.00055095495
8102,0.004597789
8103,0.007941432
8104,0.006719389
8105,0.0018761423
8106,0.0018652348
8107,0.0038957815
8108,0.003202016
8109,6.535099e-05
8110,0.0025963364
8111,0.0044038184
8112,0.004155783
8113,0.0020642274
8114,0.0005878162
8115,0.0020024448
8116,0.0017543155
8117,0.0017100631
8118,-3.2980344e-05
8119,0.0014470497
8120,0.0035671934
8121,0.004929386
8122,0.005909511
8123,0.006191378
8124,0.0034541863
8125,-0.00012317397
8126,0.0009251926
8127,0.0009917244
8128,0.0007769752
8129,0.005340359
8130,0.010197863
8131,0.01418399
8132,0.01314462
8133,0.007292363
8134,0.0015533543
8135,0.0014735586
8136,0.0016804698
8137,0.00084589573
8138,0.0055065462
8139,0.010195915
8140,0.0133024035
8141,0.012790532
8142,0.0076452633
8143,0.0007006676
8144,0.0015691435
8145,0.00034459674
8146,0.0022746944
8147,0.006216277
8148,0.00863547
8149,0.009498699
8150,0.008919024
8151,0.0054727513
8152,0.0018380315
8153,8.534605e-05
8154,0.00031225968
8155,0.0011532207
8156,0.0052440665
8157,0.009433444
8158,0.011088207
8159,0.009617347
8160,0.0081517035
8161,0.004525071
8162,0.00016742223
8163,0.00063283683
8164,0.0006610275
8165,0.0051999064
8166,0.010783684
8167,0.013166401
8168,0.013611371
8169,0.008275813
8170,0.0031588392
8171,0.00071488146
8172,0.0011678459
8173,0.00090728444
8174,0.0050519765
8175,0.009188729
8176,0.008818153
8177,0.008144871
8178,0.002830944
8179,0.0031221977
8180,0.004129062
8181,0.001968164
8182,0.002007388
8183,0.007973261
8184,0.012679771
8185,0.0128997285
8186,0.01109391
8187,0.006660855
8188,-0.00010398297
8189,0.0011621435
8190,-4.209671e-05
8191,0.0026905139
8192,0.0068956516
8193,0.008676652
8194,0.00827294
8195,0.005694362
8196,0.003290002
8197,0.0010681286
8198,0.00017182011
8199,0.00029032977
8200,0.0007499143
8201,0.0036234288
8202,0.0064073983
8203,0.007802955
8204,0.0060238307
8205,0.0030042375
8206,0.00073815166
8207,0.0008199443
8208,0.0006198378
8209,0.0014053609
8210,0.0048558735
8211,0.0073577357
8212,0.0066158692
8213,0.0030873292
8214,0.00032473134
8215,0.00218223
8216,0.0023501364
8217,0.00013327796
8218,0.0015510801
8219,0.0036483924
8220,0.0051861303
8221,0.0039273123
8222,0.000873218
8223,0.0016398244
8224,0.0036733986
8225,0.003881904
8226,0.0013943452
8227,0.0015087512
8228,0.005501996
8229,0.0061678323
8230,0.004579749
8231,0.0007615082
8232,0.0031344579
8233,0.0053817923
8234,0.003946711
8235,0.00038551565
8236,0.0028344765
8237,0.0061841537
8238,0.0062988745
8239,0.0038664425
8240,0.0001713794
8241,0.0016019653
8242,0.004828438
8243,0.0037806828
8244,0.0008311281
8245,0.002044761
8246,0.004881289
8247,0.0054722554
8248,0.0033845608
8249,0.0005280763
8250,0.0043024374
8251,0.005978491
8252,0.0046508526
8253,0.0010282483
8254,0.0025193933
8255,0.005786148
8256,0.0061875824
8257,0.0054007927
8258,0.0015196213
8259,0.0009786541
8260,0.0024634656
8261,0.0029531051
8262,0.00046355242
8263,0.0025438466
8264,0.0069089113
8265,0.01083866
8266,0.0113897985
8267,0.0073398794
8268,0.0024852194
8269,0.0017608692
8270,0.0039078663
8271,0.0026682822
8272,0.00088049856
8273,0.0075089037
8274,0.011902692
8275,0.013258494
8276,0.008435409
8277,0.0026851397
8278,0.0014705823
8279,0.004434506
8280,0.0017063704
8281,0.0033972454
8282,0.00943657
8283,0.011389773
8284,0.0069860644
8285,0.0040834052
8286,0.0003710486
8287,0.0028841267
8288,0.0029190897
8289,0.0005243032
8290,0.00343145
8291,0.007060699
8292,0.008327343
8293,0.0046295756
8294,0.002012897
8295,0.0031790498
8296,0.004909049
8297,0.0037257536
8298,0.000658654
8299,0.0024647037
8300,0.0063260472
8301,0.0064587365
8302,0.0062525542
8303,0.0027851763
8304,6.668246e-05
8305,0.005134343
8306,0.005155513
8307,0.0020341012
8308,0.0019109619
8309,0.0076443343
8310,0.012636001
8311,0.014144876
8312,0.00878066
8313,0.0010820053
8314,0.0022002964
8315,0.0044893497
8316,0.0029713432
8317,0.0021478776
8318,0.011146204
8319,0.018268961
8320,0.019824654
8321,0.016113268
8322,0.009125711
8323,0.00043341948
8324,0.005313984
8325,0.004344831
8326,0.0013094813
8327,0.010853934
8328,0.01967862
8329,0.020119872
8330,0.015311185
8331,0.0027777993
8332,0.0039804233
8333,0.007472297
8334,0.0045486996
8335,0.0032219412
8336,0.013130132
8337,0.017103804
8338,0.01665046
8339,0.011363127
8340,0.0021708242
8341,0.0077246586
8342,0.010165806
8343,0.004601911
8344,0.0038271253
8345,0.013801478
8346,0.020805577
8347,0.021563308
8348,0.015432514
8349,0.006815439
8350,0.0054955943
8351,0.0098709185
8352,0.0062786546
8353,0.0020963408
8354,0.013616694
8355,0.021746418
8356,0.019282699
8357,0.009032949
8358,0.00618025
8359,0.012700725
8360,0.013910108
8361,0.004453564
8362,0.006935944
8363,0.016959893
8364,0.017401107
8365,0.010265338
8366,0.00054299115
8367,0.008500248
8368,0.0124329915
8369,0.0077594817
8370,-0.0006029236
8371,0.007361987
8372,0.011864005
8373,0.011166908
8374,0.0059198
8375,0.0014937205
8376,0.0053744256
8377,0.0076482478
8378,0.006005863
8379,0.0019124546
8380,0.0033162683
8381,0.010214146
8382,0.013740596
8383,0.0141251385
8384,0.010201967
8385,0.0007171069
8386,0.008177384
8387,0.009636342
8388,0.006102547
8389,0.0013769688
8390,0.012861684
8391,0.020650389
8392,0.021554742
8393,0.014886236
8394,0.00026901218
8395,0.012907108
8396,0.013087454
8397,0.007438034
8398,0.0034467676
8399,0.01810345
8400,0.029895296
8401,0.028917141
8402,0.023631865
8403,0.010198256
8404,0.0058093225
8405,0.012118217
8406,0.010274372
8407,-0.0006975657
8408,0.014612979
8409,0.024821622
8410,0.022997247
8411,0.015278784
8412,0.008888262
8413,0.021953043
8414,0.026295353
8415,0.014872139
8416,0.0031995699
8417,0.025703065
8418,0.040489595
8419,0.035623606
8420,0.011558694
8421,0.015686411
8422,0.03239733
8423,0.031982645
8424,0.014968493
8425,0.00895169
8426,0.031678937
8427,0.039952345
8428,0.03282928
8429,0.0027271209
8430,0.014714664
8431,0.024880264
8432,0.020707991
8433,0.0014252547
8434,0.016505294
8435,0.027181318
8436,0.026693903
8437,0.019048512
8438,0.0026869231
8439,0.0114863645
8440,0.015840856
8441,0.013336946
8442,0.0041112937
8443,0.0073516252
8444,0.018367182
8445,0.024787849
8446,0.025262939
8447,0.017816179
8448,0.002750848
8449,0.013994984
8450,0.020922882
8451,0.021068107
8452,0.008117912
8453,0.012513661
8454,0.03679728
8455,0.047045227
8456,0.04409146
8457,0.012293267
8458,0.013292743
8459,0.035832435
8460,0.036598794
8461,0.008328609
8462,0.027728511
8463,0.058376536
8464,0.06724296
8465,0.044744905
8466,0.008293693
8467,0.033202555
8468,0.039608847
8469,0.018760476
8470,0.014850063
8471,0.048137482
8472,0.057765763
8473,0.035362124
8474,0.0033113733
8475,0.029669493
8476,0.0421043
8477,0.03204394
8478,0.0056400667
8479,0.0213227
8480,0.042115115
8481,0.045373578
8482,0.032126084
8483,0.003416689
8484,0.011873423
8485,0.01856339
8486,0.014791442
8487,0.00028150936
8488,0.014563236
8489,0.027165044
8490,0.029146388
8491,0.024397155
8492,0.010002911
8493,0.0062616845
8494,0.013852447
8495,0.013386915
8496,0.005386371
8497,0.0054623927
8498,0.017072678
8499,0.021799807
8500,0.021512622
8501,0.0073021757
8502,0.005264908
8503,0.013327927
8504,0.015160042
8505,0.007478929
8506,0.0048333146
8507,0.018553065
8508,0.02457258
8509,0.016429108
8510,0.0032135786
8511,0.011437173
8512,0.01677305
8513,0.013528896
8514,0.00074306247
8515,0.010319589
8516,0.018813
8517,0.019972935
8518,0.011820319
8519,0.00065451826
8520,0.008021431
8521,0.010393664
8522,0.009131702
8523,0.0029511559
8524,0.004495418
8525,0.012209076
8526,0.015763387
8527,0.013189045
8528,0.002732722
8529,0.008574726
8530,0.016933188
8531,0.01749642
8532,0.008830374
8533,0.0035641661
8534,0.016079986
8535,0.02262447
8536,0.015501478
8537,0.001901479
8538,0.012144474
8539,0.017222334
8540,0.014041098
8541,0.0035163772
8542,0.008633177
8543,0.01861502
8544,0.020200167
8545,0.012540664
8546,0.0008817084
8547,0.013296087
8548,0.01598769
8549,0.0137838945
8550,0.0029462518
8551,0.008169576
8552,0.01848625
8553,0.020329019
8554,0.016209299
8555,0.008664019
8556,0.0016983061
8557,0.008780204
8558,0.010690954
8559,0.004597289
8560,0.00489319
8561,0.017240996
8562,0.023907397
8563,0.02459471
8564,0.019937746
8565,0.0044285646
8566,0.0044485
8567,0.0113917235
8568,0.008247748
8569,0.00030149106
8570,0.0138300015
8571,0.022203065
8572,0.021052014
8573,0.0065866886
8574,0.010291856
8575,0.023415748
8576,0.023211027
8577,0.010188826
8578,0.0068662725
8579,0.024273122
8580,0.032232203
8581,0.020436952
8582,0.0015921926
8583,0.013650471
8584,0.020698123
8585,0.0145364115
8586,0.00016896846
8587,0.012661247
8588,0.020849364
8589,0.020100754
8590,0.013837313
8591,0.0016470859
8592,0.009899602
8593,0.013141467
8594,0.012729194
8595,0.0047753262
8596,0.0045251893
8597,0.01583922
8598,0.022609675
8599,0.020284355
8600,0.0070928554
8601,0.00970716
8602,0.021180008
8603,0.023551919
8604,0.012906773
8605,0.0033907397
8606,0.020901432
8607,0.026495222
8608,0.022699332
8609,0.009951007
8610,0.008607226
8611,0.018682804
8612,0.01724581
8613,0.004426267
8614,0.009964183
8615,0.023112254
8616,0.025697624
8617,0.018152619
8618,0.0032343513
8619,0.013878504
8620,0.023608146
8621,0.02235254
8622,0.009979757
8623,0.0053421846
8624,0.021599721
8625,0.028647756
8626,0.022944406
8627,0.006028021
8628,0.01396997
8629,0.02607262
8630,0.026988486
8631,0.013875744
8632,0.0054756077
8633,0.026242765
8634,0.036471765
8635,0.030526977
8636,0.010304021
8637,0.0070624724
8638,0.025856493
8639,0.025527924
8640,0.007972957
8641,0.011550827
8642,0.027958503
8643,0.030547462
8644,0.017082715
8645,0.0031282897
8646,0.018680826
8647,0.025634326
8648,0.019271083
8649,0.0030808835
8650,0.012976196
8651,0.024568548
8652,0.024604565
8653,0.012599004
8654,0.0010880454
8655,0.0090320725
8656,0.01580661
8657,0.012423424
8658,0.0029560593
8659,0.008416281
8660,0.020166842
8661,0.027466943
8662,0.024946328
8663,0.01536853
8664,0.00093780516
8665,0.011133447
8666,0.016392834
8667,0.011869917
8668,-0.00039502932
8669,0.014742915
8670,0.029189924
8671,0.036153674
8672,0.023974694
8673,-6.336275e-06
8674,0.017528867
8675,0.0303773
8676,0.02166639
8677,-0.0012437322
8678,0.027207047
8679,0.0459106
8680,0.04062008
8681,0.013431283
8682,0.012492571
8683,0.033065245
8684,0.03195537
8685,0.012416205
8686,0.0130941905
8687,0.034072015
8688,0.037508786
8689,0.028589228
8690,0.008873924
8691,0.01907758
8692,0.034233976
8693,0.027149884
8694,0.009674638
8695,0.01054516
8696,0.030361935
8697,0.038294185
8698,0.032343294
8699,0.012610151
8700,0.015596673
8701,0.034884635
8702,0.03919751
8703,0.024082683
8704,0.00069912744
8705,0.030821698
8706,0.044916224
8707,0.0426966
8708,0.019886585
8709,0.01305521
8710,0.041568223
8711,0.038090236
8712,0.01712664
8713,0.013420183
8714,0.040767968
8715,0.048456978
8716,0.037682302
8717,0.0005791581
8718,0.030085972
8719,0.04638949
8720,0.041057732
8721,0.016377995
8722,0.0129994005
8723,0.039613463
8724,0.047801867
8725,0.040356286
8726,0.006934578
8727,0.025617927
8728,0.044517457
8729,0.044191174
8730,0.02362343
8731,0.0063427137
8732,0.03806905
8733,0.053391714
8734,0.044204798
8735,0.016585601
8736,0.02499646
8737,0.054629527
8738,0.058427323
8739,0.035722557
8740,0.0007411721
8741,0.043642115
8742,0.0708994
8743,0.0622776
8744,0.023695271
8745,0.024430443
8746,0.06852858
8747,0.07851046
8748,0.050418995
8749,-0.002227019
8750,0.053574152
8751,0.08385707
8752,0.070675015
8753,0.021509267
8754,0.040786095
8755,0.07558616
8756,0.08154987
8757,0.045320816
8758,0.012704406
8759,0.076309465
8760,0.11027396
8761,0.10379032
8762,0.05614114
8763,0.0018383757
8764,0.04372289
8765,0.06699609
8766,0.047424752
8767,-0.0008117835
8768,0.052814152
8769,0.09254621
8770,0.10398475
8771,0.069757596
8772,0.02346501
8773,0.031562496
8774,0.07532266
8775,0.076670855
8776,0.029791038
8777,0.03087699
8778,0.09512389
8779,0.12046712
8780,0.10918251
8781,0.048931323
8782,0.016876472
8783,0.06707511
8784,0.07783191
8785,0.038794186
8786,0.032120287
8787,0.11282395
8788,0.15138866
8789,0.13674271
8790,0.05367345
8791,0.020281577
8792,0.084920935
8793,0.1096137
8794,0.05666318
8795,0.0315199
8796,0.12721159
8797,0.17066672
8798,0.15485491
8799,0.08864543
8800,0.02732193
8801,0.10805943
8802,0.113746986
8803,0.06718474
8804,0.027677149
8805,0.13253991
8806,0.17671014
8807,0.1381597
8808,0.029309854
8809,0.07554234
8810,0.15702166
8811,0.15330257
8812,0.06874653
8813,0.059193525
8814,0.17333317
8815,0.20089291
8816,0.13309573
8817,0.0029899834
8818,0.14002007
8819,0.20862256
8820,0.172648
8821,0.05485317
8822,0.09296159
8823,0.20569348
8824,0.22066006
8825,0.12858324
8826,0.023881175
8827,0.15805857
8828,0.2082606
8829,0.16339917
8830,0.019830545
8831,0.123503655
8832,0.2182692
8833,0.21213154
8834,0.10806526
8835,0.049008097
8836,0.15522991
8837,0.1902769
8838,0.11305376
8839,0.008370922
8840,0.1480194
8841,0.22813693
8842,0.20173652
8843,0.084102
8844,0.053007342
8845,0.14226387
8846,0.19339144
8847,0.13649297
8848,0.01794258
8849,0.10321726
8850,0.19583319
8851,0.22154933
8852,0.17556882
8853,0.054597825
8854,0.09484447
8855,0.17002118
8856,0.1861886
8857,0.11315828
8858,0.021332847
8859,0.16437654
8860,0.23690121
8861,0.21331127
8862,0.08697934
8863,0.07574474
8864,0.20830967
8865,0.2906259
8866,0.24801686
8867,0.062450208
8868,0.13848953
8869,0.30855227
8870,0.3661212
8871,0.24123624
8872,0.028708894
8873,0.26616603
8874,0.4025255
8875,0.33936113
8876,0.12942556
8877,0.14722595
8878,0.39132372
8879,0.44617504
8880,0.28448498
8881,0.026426991
8882,0.34995744
8883,0.5144102
8884,0.41218862
8885,0.13859302
8886,0.20948866
8887,0.50254697
8888,0.5621902
8889,0.36570096
8890,0.005155341
8891,0.36170617
8892,0.5525639
8893,0.47590932
8894,0.1584608
8895,0.22822912
8896,0.53946906
8897,0.59283006
8898,0.3491953
8899,0.08278594
8900,0.4408198
8901,0.6341475
8902,0.52400595
8903,0.14776969
8904,0.28987718
8905,0.6272845
8906,0.7230017
8907,0.42375612
8908,0.025777867
8909,0.4860399
8910,0.7235742
8911,0.6331487
8912,0.23241562
8913,0.2534353
8914,0.6663371
8915,0.76272404
8916,0.4873259
8917,0.042239297
8918,0.40413678
8919,0.73126906
8920,0.564422
8921,0.15633254
8922,0.33173412
8923,0.72938263
8924,0.80218935
8925,0.53586745
8926,0.046164002
8927,0.45191967
8928,0.62780225
8929,0.44110417
8930,0.005008042
8931,0.42753494
8932,0.701985
8933,0.6336004
8934,0.30351064
8935,0.237807
8936,0.59207624
8937,0.6577801
8938,0.3624372
8939,0.038378544
8940,0.46055534
8941,0.70234853
8942,0.6751782
8943,0.32133102
8944,0.117034115
8945,0.525861
8946,0.67266923
8947,0.5357974
8948,0.14206165
8949,0.28819555
8950,0.63797146
8951,0.69795847
8952,0.52423185
8953,0.13499488
8954,0.39403573
8955,0.69223696
8956,0.6703637
8957,0.3289531
8958,0.12892775
8959,0.60109764
8960,0.872786
8961,0.75876325
8962,0.3249033
8963,0.25175792
8964,0.63510936
8965,0.6550607
8966,0.35290185
8967,0.10043566
8968,0.5694127
8969,0.8020373
8970,0.64446855
8971,0.11690714
8972,0.4760546
8973,0.8013236
8974,0.7499313
8975,0.3682611
8976,0.1358551
8977,0.67879635
8978,0.92577094
8979,0.7851438
8980,0.24068153
8981,0.3659279
8982,0.8244853
8983,0.93565804
8984,0.64732975
8985,0.077233166
8986,0.5136874
8987,0.95790887
8988,1.0238893
8989,0.5995833
8990,0.02035517
8991,0.6991379
8992,1.1128876
8993,1.0192282
8994,0.4964634
8995,0.24822687
8996,0.94930404
8997,1.2924317
8998,1.0403911
8999,0.3208636
9000,0.43307295
9001,0.9955829
9002,1.0419074
9003,0.6113022
9004,0.12442356
9005,0.8814102
9006,1.2401857
9007,1.1116534
9008,0.5591031
9009,0.15003069
9010,0.79919213
9011,1.0242171
9012,0.76584536
9013,0.08856369
9014,0.67183983
9015,1.2634394
9016,1.4418339
9017,1.0046525
9018,0.28654662
9019,0.3926398
9020,0.8448917
9021,0.76833564
9022,0.2811763
9023,0.36326742
9024,0.9359487
9025,1.086683
9026,0.7525762
9027,0.041421514
9028,0.6357459
9029,1.0366529
9030,0.9934711
9031,0.4839529
9032,0.2524686
9033,0.9706033
9034,1.2683825
9035,0.9283186
9036,0.29157743
9037,0.6877147
9038,1.2594299
9039,1.2641214
9040,0.67772895
9041,0.18123192
9042,1.0022289
9043,1.3869232
9044,1.1377202
9045,0.35403877
9046,0.48250595
9047,1.2222795
9048,1.367216
9049,0.85138947
9050,0.02061515
9051,1.0014039
9052,1.6189625
9053,1.6481754
9054,1.1598442
9055,0.24428402
9056,0.5069734
9057,0.8760648
9058,0.63944685
9059,-0.021725258
9060,0.74269897
9061,1.2304338
9062,1.1701307
9063,0.5703602
9064,0.058671698
9065,0.7267042
9066,0.8901192
9067,0.5284729
9068,0.094557464
9069,0.7835045
9070,1.126839
9071,0.9293834
9072,0.3345138
9073,0.29837427
9074,0.9064443
9075,1.0612197
9076,0.6475847
9077,0.026253488
9078,0.7637672
9079,1.2095711
9080,1.0627389
9081,0.54535854
9082,0.33673215
9083,0.90950865
9084,1.1140108
9085,0.71946067
9086,0.029968876
9087,0.81454384
9088,1.2519007
9089,1.0535275
9090,0.35465175
9091,0.42277372
9092,1.1012328
9093,1.132783
9094,0.570933
9095,0.24503088
9096,1.030104
9097,1.2775434
9098,1.0023738
9099,0.035097722
9100,0.87147045
9101,1.3227856
9102,1.300635
9103,0.5940217
9104,0.3709533
9105,1.2665842
9106,1.5543321
9107,1.0289305
9108,0.065983675
9109,0.9612078
9110,1.5296794
9111,1.409303
9112,0.5833861
9113,0.46385857
9114,1.3940041
9115,1.6958718
9116,1.225553
9117,0.3528873
9118,0.86116153
9119,1.4714034
9120,1.4103513
9121,0.7032077
9122,0.30818102
9123,1.2742035
9124,1.7480875
9125,1.5840132
9126,0.86899513
9127,0.23658322
9128,0.9154835
9129,1.1599162
9130,0.63937795
9131,0.1593287
9132,0.9790341
9133,1.4369694
9134,1.205026
9135,0.64045274
9136,0.33755913
9137,1.0949495
9138,1.1954155
9139,0.6960836
9140,0.15246733
9141,1.0026426
9142,1.3297676
9143,1.0032223
9144,0.17090116
9145,0.61786205
9146,1.0257009
9147,0.87382406
9148,0.17102295
9149,0.6588185
9150,1.2078137
9151,1.067388
9152,0.3732699
9153,0.53997666
9154,1.1559389
9155,1.1444117
9156,0.5041391
9157,0.36560306
9158,1.0945264
9159,1.2342921
9160,0.8327732
9161,0.07503312
9162,0.7788847
9163,1.006977
9164,0.64525723
9165,0.021815939
9166,0.80696255
9167,1.184964
9168,1.0014364
9169,0.34338754
9170,0.5479368
9171,0.98641807
9172,0.81043005
9173,0.2001625
9174,0.5191285
9175,0.98085064
9176,0.9453392
9177,0.39976734
9178,0.30468822
9179,0.77264684
9180,0.8002458
9181,0.34763986
9182,0.26465014
9183,0.76661587
9184,0.87398887
9185,0.5335605
9186,0.03305232
9187,0.4881017
9188,0.70631754
9189,0.6048865
9190,0.17048745
9191,0.30418876
9192,0.6665589
9193,0.7786611
9194,0.51145214
9195,0.075917065
9196,0.38262236
9197,0.6714237
9198,0.6966056
9199,0.42225978
9200,-0.012164102
9201,0.43345264
9202,0.7319377
9203,0.75495666
9204,0.5364638
9205,0.016940486
9206,0.40576714
9207,0.62747586
9208,0.5754967
9209,0.28809744
9210,0.1265539
9211,0.5642467
9212,0.83451086
9213,0.7968733
9214,0.48763794
9215,0.028327461
9216,0.41741896
9217,0.60517645
9218,0.46230102
9219,0.08747778
9220,0.35086468
9221,0.7461907
9222,0.92319304
9223,0.72784734
9224,0.27893
9225,0.18213835
9226,0.549455
9227,0.6263156
9228,0.37084374
9229,0.046344392
9230,0.510196
9231,0.8268903
9232,0.8251484
9233,0.47236565
9234,0.0669406
9235,0.52072155
9236,0.7785691
9237,0.5706834
9238,0.07883845
9239,0.4434412
9240,0.85834736
9241,0.88908416
9242,0.5201803
9243,0.08369659
9244,0.6962735
9245,0.96130884
9246,0.8023608
9247,0.2913656
9248,0.34355545
9249,0.8925347
9250,1.0516499
9251,0.71509576
9252,0.016362198
9253,0.6205164
9254,0.98338807
9255,0.9597558
9256,0.46449426
9257,0.24915822
9258,0.9270935
9259,1.1994327
9260,0.9201221
9261,0.29487792
9262,0.6266332
9263,1.1205782
9264,1.1771072
9265,0.66539305
9266,0.1639367
9267,0.9984955
9268,1.4388795
9269,1.207856
9270,0.5663096
9271,0.24769701
9272,0.9413606
9273,0.9997875
9274,0.49400696
9275,0.26909217
9276,1.0085642
9277,1.3969666
9278,1.1554106
9279,0.4932565
9280,0.35266662
9281,0.9914299
9282,1.1470448
9283,0.709444
9284,0.02145852
9285,0.8285956
9286,1.3508688
9287,1.2380443
9288,0.6623533
9289,0.052203298
9290,0.6877657
9291,1.0078834
9292,0.6586493
9293,0.0040550455
9294,0.78840923
9295,1.1920837
9296,1.0458807
9297,0.49856666
9298,0.43809083
9299,0.9403256
9300,1.0291914
9301,0.60215354
9302,0.14928009
9303,0.8991003
9304,1.3107221
9305,1.1545057
9306,0.41551408
9307,0.31453612
9308,0.994476
9309,1.1294204
9310,0.7176674
9311,0.011645043
9312,0.8240515
9313,1.2786131
9314,1.1694314
9315,0.5173223
9316,0.39256498
9317,1.0833995
9318,1.2180945
9319,0.75352454
9320,0.06634015
9321,0.9295041
9322,1.3834728
9323,1.2034913
9324,0.39730456
9325,0.5427163
9326,1.0890768
9327,1.1587983
9328,0.6478491
9329,0.2254167
9330,1.0305699
9331,1.3527482
9332,1.1413198
9333,0.4248684
9334,0.5892507
9335,1.2306945
9336,1.3016511
9337,0.7220581
9338,0.13276708
9339,1.014087
9340,1.4775879
9341,1.1891344
9342,0.51980126
9343,0.542267
9344,1.125658
9345,1.1129432
9346,0.57188064
9347,0.26893756
9348,1.0998861
9349,1.4983351
9350,1.2632107
9351,0.45023534
9352,0.2822229
9353,0.9395692
9354,0.9365162
9355,0.45922452
9356,0.2405011
9357,0.96312034
9358,1.347017
9359,1.2617439
9360,0.7185645
9361,0.02214162
9362,0.57221836
9363,0.77479184
9364,0.44789732
9365,0.15469043
9366,0.76971745
9367,1.0122194
9368,0.7303136
9369,0.117882
9370,0.5736094
9371,0.9847365
9372,1.0023739
9373,0.4573238
9374,0.2611931
9375,0.9733259
9376,1.2573744
9377,0.92035717
9378,0.17790891
9379,0.7106629
9380,1.1818162
9381,1.0600972
9382,0.39057902
9383,0.4455007
9384,1.1426277
9385,1.3066676
9386,0.77817494
9387,0.09485656
9388,0.83254683
9389,1.2239885
9390,1.1037086
9391,0.40054896
9392,0.48763484
9393,1.2295365
9394,1.4328353
9395,0.9529482
9396,0.027913142
9397,0.93724865
9398,1.4560205
9399,1.2824851
9400,0.43201154
9401,0.5540448
9402,1.3603586
9403,1.527605
9404,0.9664609
9405,0.09707601
9406,1.0252159
9407,1.4850959
9408,1.1284957
9409,0.22035843
9410,0.77036834
9411,1.4425156
9412,1.4760472
9413,0.61398935
9414,0.5144335
9415,1.2904879
9416,1.4528471
9417,0.85434383
9418,0.18128608
9419,1.16561
9420,1.603285
9421,1.2851809
9422,0.2661691
9423,0.70039725
9424,1.3571118
9425,1.3291926
9426,0.58611107
9427,0.433546
9428,1.2798082
9429,1.5099921
9430,1.0216147
9431,0.19811928
9432,0.9035132
9433,1.4568547
9434,1.365154
9435,0.5908069
9436,0.39932206
9437,1.287915
9438,1.5987183
9439,1.1851716
9440,0.22723585
9441,0.72813994
9442,1.5566478
9443,1.4641361
9444,0.77828294
9445,0.18010832
9446,1.1605394
9447,1.6636126
9448,1.5060637
9449,0.7076792
9450,0.37073073
9451,1.2981267
9452,1.547936
9453,1.1516038
9454,0.23681764
9455,0.79149675
9456,1.592806
9457,1.8020626
9458,1.2759185
9459,0.35899824
9460,0.65615696
9461,1.2756174
9462,1.1496477
9463,0.5198473
9464,0.36664826
9465,1.2492911
9466,1.6573999
9467,1.4750241
9468,0.8600565
9469,0.14723243
9470,0.68968624
9471,0.9027511
9472,0.4808084
9473,0.23238531
9474,0.9248397
9475,1.2359453
9476,0.92448294
9477,0.29025117
9478,0.37158787
9479,0.99000996
9480,1.0332594
9481,0.53547096
9482,0.2416693
9483,0.96231043
9484,1.2342155
9485,0.87702215
9486,0.09335094
9487,0.76068187
9488,1.2677174
9489,1.2083414
9490,0.51113605
9491,0.40639693
9492,1.216996
9493,1.4231592
9494,1.0233909
9495,0.1066343
9496,0.73516095
9497,1.240239
9498,0.9348406
9499,0.16079365
9500,0.6895108
9501,1.2918698
9502,1.3875563
9503,0.79348314
9504,0.22033107
9505,1.0398911
9506,1.1831636
9507,0.6519799
9508,0.16224302
9509,0.9662533
9510,1.2501636
9511,0.8848542
9512,0.076865226
9513,0.78350556
9514,1.2461587
9515,1.0042418
9516,0.25905016
9517,0.5715842
9518,1.2388704
9519,1.3725411
9520,0.94336164
9521,0.08711512
9522,0.59108585
9523,1.1443253
9524,1.0360751
9525,0.3562253
9526,0.44083804
9527,1.1436895
9528,1.3705202
9529,0.94761753
9530,0.3021734
9531,0.58823454
9532,1.0481483
9533,0.8590377
9534,0.23700212
9535,0.5258585
9536,1.1522893
9537,1.2518094
9538,0.8279233
9539,0.032659393
9540,0.64421993
9541,0.94489676
9542,0.71515256
9543,0.07439323
9544,0.6105059
9545,1.0455672
9546,1.0480175
9547,0.41371456
9548,0.34561655
9549,0.9436416
9550,1.0456308
9551,0.6481019
9552,0.010709455
9553,0.73540294
9554,1.1242288
9555,1.0301683
9556,0.3822262
9557,0.3341642
9558,0.7684669
9559,0.8902427
9560,0.48219246
9561,0.1762854
9562,0.7937886
9563,1.010928
9564,0.71657825
9565,0.048597377
9566,0.52882767
9567,0.91085774
9568,0.82753974
9569,0.35861078
9570,0.2501067
9571,0.8368959
9572,1.0686699
9573,0.832959
9574,0.33676562
9575,0.3111913
9576,0.84800214
9577,1.0155828
9578,0.67691517
9579,0.034140017
9580,0.6055361
9581,1.1162155
9582,1.1925294
9583,0.8363189
9584,0.21280442
9585,0.5477926
9586,0.9697348
9587,0.99439836
9588,0.52927357
9589,0.12319107
9590,0.79579437
9591,1.1506947
9592,1.0211831
9593,0.54300034
9594,0.22958957
9595,0.8739595
9596,1.2154988
9597,0.90211385
9598,0.17792182
9599,0.6029015
9600,1.2177463
9601,1.3690325
9602,0.83780736
9603,0.012367747
9604,0.9041473
9605,1.2630962
9606,1.0499092
9607,0.3239287
9608,0.50122553
9609,1.2273369
9610,1.4540747
9611,1.0608333
9612,0.28003863
9613,0.6290752
9614,1.2182682
9615,1.1140308
9616,0.56257844
9617,0.30530223
9618,1.12585
9619,1.4172105
9620,1.0801526
9621,0.2587238
9622,0.7612852
9623,1.3176421
9624,1.2789485
9625,0.6151041
9626,0.35340837
9627,1.2288059
9628,1.5779334
9629,1.204436
9630,0.35161665
9631,0.532756
9632,1.3280041
9633,1.4114584
9634,0.822103
9635,0.0952293
9636,1.0679111
9637,1.5434701
9638,1.2848142
9639,0.52759653
9640,0.56853426
9641,1.3676579
9642,1.4385747
9643,0.8892137
9644,0.052911296
9645,1.0730319
9646,1.6136409
9647,1.5407138
9648,0.62490654
9649,0.3605731
9650,1.3647699
9651,1.5972794
9652,1.092327
9653,0.06928523
9654,0.95888114
9655,1.6880074
9656,1.6040947
9657,0.8774364
9658,0.23680063
9659,1.1886694
9660,1.4610612
9661,1.1309221
9662,0.17654715
9663,0.8371095
9664,1.6164771
9665,1.747546
9666,1.0745639
9667,0.0905041
9668,0.704483
9669,1.2088152
9670,0.95576805
9671,0.17764246
9672,0.7044656
9673,1.3911504
9674,1.4726502
9675,0.88849574
9676,0.1148165
9677,0.94348544
9678,1.2030115
9679,0.9370682
9680,0.12675332
9681,0.72174555
9682,1.274963
9683,1.2613474
9684,0.5973976
9685,0.3293174
9686,0.9952804
9687,1.137838
9688,0.55694246
9689,0.29990312
9690,1.0719118
9691,1.2577274
9692,0.9161463
9693,0.11223582
9694,0.7582535
9695,1.2902353
9696,1.1074897
9697,0.36772677
9698,0.5141612
9699,1.2336477
9700,1.3858035
9701,0.975543
9702,0.19946794
9703,0.80101836
9704,1.2555345
9705,1.1871171
9706,0.47651452
9707,0.412853
9708,1.2123554
9709,1.4957136
9710,1.2342602
9711,0.4219422
9712,0.5372088
9713,1.085952
9714,1.2084132
9715,0.6741788
9716,0.21498345
9717,1.0776612
9718,1.4325011
9719,1.1341931
9720,0.25816253
9721,0.70796967
9722,1.3815954
9723,1.410015
9724,0.70177066
9725,0.23471841
9726,1.1600376
9727,1.5713772
9728,1.2621955
9729,0.3247199
9730,0.7294454
9731,1.4373633
9732,1.5411468
9733,0.87672544
9734,0.13583604
9735,1.1359633
9736,1.6285815
9737,1.4848702
9738,0.49546218
9739,0.6021147
9740,1.4164096
9741,1.5476336
9742,0.9779658
9743,0.018777281
9744,1.0822186
9745,1.6528534
9746,1.4632293
9747,0.68656576
9748,0.4457232
9749,1.3380103
9750,1.5928636
9751,1.1054108
9752,0.044859447
9753,1.0020463
9754,1.7539359
9755,1.8071775
9756,0.95718026
9757,0.019502563
9758,0.7987031
9759,1.1228678
9760,0.85837513
9761,0.040569775
9762,0.85920113
9763,1.4790485
9764,1.4150201
9765,0.6440111
9766,0.46376732
9767,1.1947119
9768,1.3000405
9769,0.72908926
9770,0.19818571
9771,1.0914141
9772,1.5074848
9773,1.0702045
9774,0.1782472
9775,0.87301683
9776,1.3734434
9777,1.1656524
9778,0.34545445
9779,0.6100357
9780,1.3160284
9781,1.363483
9782,0.6835841
9783,0.19412005
9784,1.0001699
9785,1.3498408
9786,0.9710102
9787,0.12080926
9788,0.7734633
9789,1.4414343
9790,1.5580605
9791,1.0501926
9792,0.079850376
9793,0.6646924
9794,1.2118334
9795,1.0560069
9796,0.30547825
9797,0.5725493
9798,1.2390852
9799,1.311028
9800,0.743699
9801,0.19748369
9802,1.0500436
9803,1.2584367
9804,0.9358389
9805,0.09612809
9806,0.7831621
9807,1.4047962
9808,1.5267136
9809,0.97876745
9810,0.010933897
9811,0.8845825
9812,1.2727879
9813,1.0533648
9814,0.34597406
9815,0.4974201
9816,1.2008104
9817,1.3901168
9818,1.0634778
9819,0.35243803
9820,0.67425054
9821,1.299057
9822,1.1626847
9823,0.5050037
9824,0.32205167
9825,1.110897
9826,1.4723759
9827,1.2829154
9828,0.42157638
9829,0.39632374
9830,0.9924172
9831,1.0116665
9832,0.47495234
9833,0.292084
9834,1.0131133
9835,1.2517931
9836,0.870635
9837,0.062241867
9838,0.68477654
9839,1.1857862
9840,1.0756888
9841,0.39920416
9842,0.46367002
9843,1.1998757
9844,1.437779
9845,0.9427422
9846,0.028071454
9847,0.8644222
9848,1.1595217
9849,0.90525055
9850,0.14793044
9851,0.69294304
9852,1.2696909
9853,1.2350663
9854,0.59246117
9855,0.3564445
9856,1.1452063
9857,1.3979592
9858,0.9679901
9859,0.057289623
9860,0.8477584
9861,1.4450259
9862,1.4139237
9863,0.71789056
9864,0.39256677
9865,1.2227806
9866,1.33547
9867,0.74530953
9868,0.18269785
9869,1.0754123
9870,1.4777697
9871,1.01133
9872,0.07371369
9873,0.9107793
9874,1.4570029
9875,1.2182484
9876,0.37960142
9877,0.5772746
9878,1.3864083
9879,1.6039127
9880,1.1412251
9881,0.32192686
9882,0.55813
9883,1.0153583
9884,0.9049788
9885,0.3316281
9886,0.41643342
9887,1.085808
9888,1.3555901
9889,1.094407
9890,0.29144588
9891,0.53610575
9892,1.0712653
9893,1.0559402
9894,0.52830935
9895,0.20491467
9896,0.9306074
9897,1.2379038
9898,0.9282337
9899,0.20797001
9900,0.6267179
9901,1.0979859
9902,0.9950322
9903,0.3309011
9904,0.4733173
9905,1.085166
9906,1.1454725
9907,0.602036
9908,0.2522716
9909,0.8550008
9910,1.1134108
9911,0.69418263
9912,0.05492769
9913,0.8526033
9914,1.2710519
9915,0.9752581
9916,0.25258195
9917,0.5682471
9918,1.05862
9919,1.0006398
9920,0.4716438
9921,0.25352916
9922,0.9610695
9923,1.309324
9924,1.0723412
9925,0.44754383
9926,0.39502648
9927,0.88726187
9928,0.9790016
9929,0.5772901
9930,0.08127667
9931,0.7773109
9932,1.1043533
9933,0.9379002
9934,0.32947174
9935,0.42153168
9936,0.85069364
9937,0.9140915
9938,0.46698868
9939,0.21350583
9940,0.86405134
9941,1.130001
9942,0.9328216
9943,0.4479289
9944,0.29462063
9945,0.8078166
9946,0.8062709
9947,0.39369702
9948,0.2226294
9949,0.7895814
9950,0.9844377
9951,0.70833343
9952,0.024233231
9953,0.6010526
9954,0.96863294
9955,0.86891586
9956,0.3370977
9957,0.31639627
9958,0.8714739
9959,1.0088819
9960,0.6769316
9961,0.11948947
9962,0.6510027
9963,0.9946969
9964,0.88883424
9965,0.32993284
9966,0.3504766
9967,0.92592555
9968,1.1086451
9969,0.76554245
9970,0.121838614
9971,0.42770118
9972,0.7473626
9973,0.688964
9974,0.18973808
9975,0.38464412
9976,0.82246953
9977,0.877602
9978,0.5708665
9979,0.07565995
9980,0.6247416
9981,0.82531244
9982,0.5785319
9983,0.05991169
9984,0.49060118
9985,0.8863355
9986,0.91036344
9987,0.602639
9988,0.14418148
9989,0.24532615
9990,0.46402323
9991,0.34887317
9992,-0.0064652553
9993,0.3933534
9994,0.675479
9995,0.66186476
9996,0.42458373
9997,0.0028775851
9998,0.3734925
9999,0.4994672
10000,0.39485925
10001,0.058633186
10002,0.30249244
10003,0.5987176
10004,0.62360615
10005,0.3719956
10006,0.048321992
10007,0.30269048
10008,0.5191733
10009,0.41415432
10010,0.08308919
10011,0.27060157
10012,0.5289274
10013,0.5818482
10014,0.2874178
10015,0.11431561
10016,0.44789568
10017,0.6053479
10018,0.45159993
10019,0.09224938
10020,0.3069485
10021,0.61322767
10022,0.69016415
10023,0.43740684
10024,0.10391192
10025,0.27691776
10026,0.46248448
10027,0.36910582
10028,0.04068801
10029,0.3223514
10030,0.56281334
10031,0.54675156
10032,0.3306952
10033,0.049207985
10034,0.3449309
10035,0.47801673
10036,0.33623
10037,0.010929409
10038,0.32141292
10039,0.55797917
10040,0.5287399
10041,0.34871852
10042,0.05021538
10043,0.35366768
10044,0.49123123
10045,0.40388125
10046,0.08346945
10047,0.2608138
10048,0.5137316
10049,0.52839756
10050,0.27797157
10051,0.10726233
10052,0.39968684
10053,0.5259277
10054,0.39855254
10055,0.07998434
10056,0.28305882
10057,0.60011894
10058,0.72856474
10059,0.5574076
10060,0.23410009
10061,0.15814118
10062,0.38002273
10063,0.36030468
10064,0.16252726
10065,0.14029036
10066,0.4481469
10067,0.57793725
10068,0.48534074
10069,0.18345295
10070,0.20369604
10071,0.38688716
10072,0.38299286
10073,0.15099348
10074,0.16432731
10075,0.45954216
10076,0.56884396
10077,0.45736352
10078,0.1894989
10079,0.0933854
10080,0.32074702
10081,0.33229002
10082,0.17123319
10083,0.09204629
10084,0.38872617
10085,0.5463624
10086,0.5009897
10087,0.29728284
10088,0.054861967
10089,0.36086223
10090,0.40790206
10091,0.27302167
10092,0.017043956
10093,0.35569185
10094,0.55754125
10095,0.57546127
10096,0.3517123
10097,0.054286506
10098,0.32653597
10099,0.41763934
10100,0.28879485
10101,0.008696646
10102,0.37312528
10103,0.63365656
10104,0.6144116
10105,0.32485378
10106,0.03170792
10107,0.30376267
10108,0.44090953
10109,0.2849073
10110,0.008407002
10111,0.35519192
10112,0.58184826
10113,0.5858978
10114,0.407792
10115,0.012542719
10116,0.29842392
10117,0.4889627
10118,0.45678493
10119,0.19479978
10120,0.17024378
10121,0.5496148
10122,0.7118862
10123,0.5661489
10124,0.19277759
10125,0.34673455
10126,0.6710237
10127,0.7182011
10128,0.45397478
10129,0.036844566
10130,0.5797066
10131,0.8951826
10132,0.83068866
10133,0.48074764
10134,0.17198822
10135,0.5809981
10136,0.68493783
10137,0.4055102
10138,0.12772061
10139,0.6605066
10140,0.88434666
10141,0.6938831
10142,0.25756222
10143,0.37462473
10144,0.6763879
10145,0.62828887
10146,0.22430149
10147,0.34519026
10148,0.83298784
10149,0.97206455
10150,0.66652143
10151,0.16024299
10152,0.4451156
10153,0.684847
10154,0.6390237
10155,0.2130939
10156,0.3152309
10157,0.79708
10158,0.92583877
10159,0.5956431
10160,0.12062312
10161,0.4268461
10162,0.8762637
10163,0.86670333
10164,0.47468433
10165,0.13306591
10166,0.7571705
10167,1.0836157
10168,0.9668361
10169,0.49178052
10170,0.18759003
10171,0.8175787
10172,0.9165401
10173,0.56421363
10174,0.07241455
10175,0.75591594
10176,1.1105595
10177,0.9283053
10178,0.33109507
10179,0.49034896
10180,1.0060595
10181,1.2188468
10182,0.8467784
10183,0.07008475
10184,0.71403646
10185,1.2454667
10186,1.245223
10187,0.75925285
10188,0.115521885
10189,0.8181611
10190,1.2963339
10191,1.0791203
10192,0.37738198
10193,0.47482696
10194,1.2349646
10195,1.4731045
10196,0.9740478
10197,0.07881912
10198,0.87680936
10199,1.4589767
10200,1.39691
10201,0.69333065
10202,0.30785674
10203,1.268438
10204,1.7501346
10205,1.4590218
10206,0.76533383
10207,0.24441421
10208,0.8901036
10209,0.9789331
10210,0.46369243
10211,0.34114924
10212,1.118041
10213,1.3829672
10214,1.1576576
10215,0.30183643
10216,0.48791677
10217,1.0886918
10218,1.059284
10219,0.5322677
10220,0.25834194
10221,1.0149363
10222,1.3753947
10223,1.1349705
10224,0.43617308
10225,0.3961339
10226,1.132992
10227,1.2340333
10228,0.70929253
10229,0.105193734
10230,0.9366244
10231,1.392165
10232,1.225885
10233,0.52473485
10234,0.38566396
10235,1.0770965
10236,1.2256211
10237,0.77941835
10238,-0.007646082
10239,0.88082117
10240,1.4784275
10241,1.5632143
10242,0.93553716
10243,0.019845426
10244,0.62986475
10245,0.97125804
10246,0.7322739
10247,0.06901693
10248,0.65060043
10249,1.1432503
10250,1.1327449
10251,0.49298513
10252,0.33415818
10253,0.9296261
10254,1.1928486
10255,0.7933412
10256,0.009791929
10257,0.7562582
10258,1.251947
10259,1.2095582
10260,0.4863196
10261,0.39550862
10262,1.0982926
10263,1.1830107
10264,0.76847875
10265,-0.003424799
10266,0.8495026
10267,1.3715296
10268,1.2982742
10269,0.6577095
10270,0.2247144
10271,0.8586038
10272,1.0759106
10273,0.70615184
10274,0.02695753
10275,0.8565447
10276,1.3762941
10277,1.2272719
10278,0.63100207
10279,0.28173164
10280,0.87606186
10281,1.012195
10282,0.6326297
10283,0.054320216
10284,0.8055615
10285,1.2249722
10286,1.1554065
10287,0.4593844
10288,0.26113787
10289,0.8453623
10290,1.1163191
10291,0.7429241
10292,-0.012638223
10293,0.7616467
10294,1.2250744
10295,1.139434
10296,0.6240732
10297,0.11462966
10298,0.77234495
10299,1.0013399
10300,0.6556357
10301,0.029521177
10302,0.77622205
10303,1.1539288
10304,0.9624031
10305,0.39225602
10306,0.45331323
10307,1.1135756
10308,1.1720641
10309,0.6579699
10310,0.1610018
10311,0.98971593
10312,1.3290824
10313,1.0594178
10314,0.28632793
10315,0.6254837
10316,1.2567844
10317,1.2947499
10318,0.71394295
10319,0.20172696
10320,1.0818001
10321,1.4439957
10322,1.1745474
10323,0.38651502
10324,0.7279009
10325,1.3876438
10326,1.4486128
10327,0.8074726
10328,0.14571828
10329,1.1017109
10330,1.5871853
10331,1.3642733
10332,0.52929205
10333,0.54306155
10334,1.3570963
10335,1.5386088
10336,0.9976408
10337,-0.026090905
10338,1.0067948
10339,1.6193029
10340,1.551636
10341,0.91516596
10342,0.30849677
10343,1.1911176
10344,1.4534589
10345,1.0791478
10346,0.10469413
10347,0.879285
10348,1.5805092
10349,1.666846
10350,0.8954651
10351,0.21268652
10352,1.1241548
10353,1.5301864
10354,1.1708841
10355,0.24697931
10356,0.75400233
10357,1.4822565
10358,1.5092576
10359,0.9406735
10360,0.10676434
10361,1.1471922
10362,1.3913281
10363,0.99934596
10364,0.10284564
10365,0.84222746
10366,1.5307922
10367,1.6250193
10368,0.98503965
10369,0.048470378
10370,0.74517035
10371,1.2287334
10372,0.9851329
10373,0.17950295
10374,0.7003123
10375,1.348582
10376,1.3127828
10377,0.7213528
10378,0.22896257
10379,1.077674
10380,1.4242465
10381,1.0979606
10382,0.23351654
10383,0.71045136
10384,1.4210216
10385,1.5357891
10386,1.0496207
10387,0.14185503
10388,0.6389579
10389,1.0615295
10390,0.79081225
10391,0.040868767
10392,0.7379022
10393,1.2387503
10394,1.1408932
10395,0.47819597
10396,0.40238494
10397,1.0508181
10398,1.2113668
10399,0.7046067
10400,0.08456131
10401,0.9394357
10402,1.388764
10403,1.2198453
10404,0.5818043
10405,0.21042924
10406,0.83741546
10407,0.94520944
10408,0.53183067
10409,0.19849558
10410,0.9320378
10411,1.292278
10412,1.0557649
10413,0.5403747
10414,0.23859803
10415,0.85322535
10416,0.97446066
10417,0.6245119
10418,0.048420295
10419,0.77519363
10420,1.1654066
10421,1.0642049
10422,0.52087927
10423,0.24550867
10424,0.9373754
10425,1.0613377
10426,0.592882
10427,0.18043923
10428,0.92002165
10429,1.1694362
10430,0.78286624
10431,0.051800363
10432,0.90095276
10433,1.2219898
10434,0.9843095
10435,0.2445944
10436,0.5959879
10437,1.2614392
10438,1.4046869
10439,0.9733432
10440,0.2235072
10441,0.7351437
10442,1.268122
10443,1.0712372
10444,0.37504035
10445,0.48263323
10446,1.1764714
10447,1.2734755
10448,0.73660505
10449,0.05668076
10450,0.847762
10451,1.2362741
10452,0.85207266
10453,0.029375235
10454,0.8187311
10455,1.3085592
10456,1.197526
10457,0.3336922
10458,0.61703086
10459,1.2651981
10460,1.2337099
10461,0.5148105
10462,0.3678988
10463,1.1680449
10464,1.4707121
10465,0.9789012
10466,0.09759243
10467,0.88316935
10468,1.3237338
10469,1.3204476
10470,0.6296982
10471,0.23989728
10472,1.1390914
10473,1.571985
10474,1.2871703
10475,0.46529597
10476,0.5755053
10477,1.3421361
10478,1.5537304
10479,1.1226203
10480,0.16069421
10481,0.8209145
10482,1.5375059
10483,1.5936748
10484,1.077459
10485,0.13947637
10486,0.73555416
10487,1.4012994
10488,1.2054774
10489,0.46330687
10490,0.52005273
10491,1.3544917
10492,1.7008318
10493,1.3581407
10494,0.5498477
10495,0.51951516
10496,1.2309691
10497,1.3084116
10498,0.6782979
10499,0.22892275
10500,1.1010697
10501,1.4946758
10502,1.1996841
10503,0.2889785
10504,0.69149846
10505,1.3813429
10506,1.3463477
10507,0.79636616
10508,0.121376745
10509,1.0842433
10510,1.5530254
10511,1.3989532
10512,0.48037863
10513,0.58607894
10514,1.223832
10515,1.3969275
10516,0.76926994
10517,0.1975114
10518,1.1358898
10519,1.5831206
10520,1.3091486
10521,0.2790745
10522,0.78742
10523,1.439728
10524,1.392274
10525,0.7082605
10526,0.23982885
10527,1.1677911
10528,1.579597
10529,1.2772446
10530,0.38005227
10531,0.7159437
10532,1.3625835
10533,1.5875311
10534,0.9749015
10535,0.020022202
10536,1.0797731
10537,1.6726574
10538,1.5118921
10539,0.67086655
10540,0.40309703
10541,1.2921907
10542,1.5015205
10543,0.93826723
10544,0.030678313
10545,1.0412664
10546,1.5732243
10547,1.3703654
10548,0.5168789
10549,0.43752646
10550,1.3500375
10551,1.4439408
10552,0.80421257
10553,0.18834393
10554,1.1502423
10555,1.6050806
10556,1.1834362
10557,0.24244353
10558,0.73970836
10559,1.4160589
10560,1.4136946
10561,0.74612015
10562,0.25225174
10563,1.2660153
10564,1.7289782
10565,1.5476002
10566,0.71289325
10567,0.47096208
10568,1.3560485
10569,1.4664702
10570,0.8906625
10571,0.04845925
10572,1.0515032
10573,1.6034187
10574,1.435131
10575,0.76167405
10576,0.47363153
10577,1.2161229
10578,1.5472165
10579,1.0094085
10580,-0.03535519
10581,0.9879492
10582,1.6149433
10583,1.512347
10584,0.59425557
10585,0.5211718
10586,1.3502969
10587,1.6028544
10588,1.0855418
10589,0.060320314
10590,0.9645433
10591,1.6323582
10592,1.5360167
10593,0.7319764
10594,0.4059425
10595,1.3751266
10596,1.6176714
10597,1.091847
10598,0.068997435
10599,1.0240524
10600,1.7341293
10601,1.7414244
10602,1.1736541
10603,0.0986482
10604,0.7991213
10605,1.249656
10606,0.87867236
10607,0.025626421
10608,0.8680613
10609,1.3887033
10610,1.3482301
10611,0.71498984
10612,0.13676651
10613,0.9527082
10614,1.1550442
10615,0.63498217
10616,0.15862565
10617,0.93623245
10618,1.2918433
10619,1.029482
10620,0.17037794
10621,0.75127524
10622,1.237941
10623,1.2390001
10624,0.55430025
10625,0.35956335
10626,1.158196
10627,1.3784169
10628,0.9924922
10629,0.06410557
10630,0.81097907
10631,1.3987215
10632,1.2437713
10633,0.50341773
10634,0.4337837
10635,1.3042455
10636,1.7021079
10637,1.4704956
10638,0.5669057
10639,0.43559846
10640,1.1643369
10641,1.3131037
10642,0.75241256
10643,0.10558827
10644,0.982949
10645,1.413724
10646,1.2557627
10647,0.48664114
10648,0.36335158
10649,1.0625768
10650,1.330142
10651,0.7947553
10652,0.058086433
10653,0.98426723
10654,1.5877801
10655,1.6198664
10656,0.9692261
10657,0.22106238
10658,0.6146959
10659,0.92984885
10660,0.70751107
10661,0.05606579
10662,0.6584518
10663,1.1251607
10664,1.092791
10665,0.4517453
10666,0.29130903
10667,0.97808534
10668,1.203304
10669,0.8377867
10670,0.07334247
10671,0.7215925
10672,1.2495203
10673,1.2248541
10674,0.62770444
10675,0.2635434
10676,1.036567
10677,1.3522098
10678,1.0069696
10679,0.17778471
10680,0.70231605
10681,1.3304375
10682,1.3453151
10683,0.76099074
10684,0.15852228
10685,1.021275
10686,1.3779341
10687,1.0269933
10688,0.13619672
10689,0.78134555
10690,1.3784544
10691,1.3810616
10692,0.8166451
10693,0.01510447
10694,0.8829086
10695,1.1673197
10696,0.8249245
10697,-0.024868576
10698,0.8346728
10699,1.3261275
10700,1.2898071
10701,0.5472688
10702,0.25635275
10703,0.8418687
10704,0.9957682
10705,0.60372484
10706,0.08145988
10707,0.88489246
10708,1.3231485
10709,1.2085901
10710,0.5416144
10711,0.15143982
10712,0.69349325
10713,0.8001922
10714,0.3946353
10715,0.28325927
10716,0.9362916
10717,1.2320342
10718,0.8925518
10719,0.14425151
10720,0.5096701
10721,0.8011412
10722,0.6461264
10723,0.058842324
10724,0.5692819
10725,1.0123018
10726,0.9949837
10727,0.62961954
10728,0.016251842
10729,0.52291864
10730,0.76035607
10731,0.55634975
10732,0.014720874
10733,0.5556857
10734,0.91702974
10735,0.87754434
10736,0.39230305
10737,0.30779818
10738,0.9030493
10739,1.0909806
10740,0.76771754
10741,0.110172875
10742,0.62070864
10743,1.1450948
10744,1.206853
10745,0.79382414
10746,0.026554137
10747,0.6188575
10748,0.9689932
10749,0.7743642
10750,0.16763128
10751,0.55224425
10752,1.1045125
10753,1.1343707
10754,0.6813312
10755,0.16325594
10756,0.93611985
10757,1.3111042
10758,1.1159028
10759,0.4336219
10760,0.41296297
10761,1.1617565
10762,1.4253299
10763,1.076645
10764,0.304639
10765,0.77025855
10766,1.2662188
10767,1.3033799
10768,0.6280256
10769,0.32850632
10770,1.2162379
10771,1.5725459
10772,1.1710035
10773,0.3319599
10774,0.68453395
10775,1.2861432
10776,1.3657401
10777,0.70603716
10778,0.21243313
10779,1.1051726
10780,1.5032268
10781,1.213921
10782,0.34822926
10783,0.71291137
10784,1.4812639
10785,1.5982552
10786,0.9922297
10787,-0.0017890967
10788,1.0614651
10789,1.6453705
10790,1.4595258
10791,0.68696654
10792,0.38990572
10793,1.1515585
10794,1.3745114
10795,0.74020004
10796,0.19958776
10797,1.1502757
10798,1.5635259
10799,1.3973271
10800,0.46468037
10801,0.5597318
10802,1.373467
10803,1.4308658
10804,0.82605547
10805,0.15355659
10806,1.1292052
10807,1.5761225
10808,1.2715721
10809,0.3474948
10810,0.7697914
10811,1.4130845
10812,1.6347584
10813,0.92454684
10814,0.0849002
10815,1.178699
10816,1.7579201
10817,1.5274228
10818,0.7812875
10819,0.41803893
10820,1.374583
10821,1.5855677
10822,1.0701174
10823,-0.011740882
10824,1.0343336
10825,1.6635308
10826,1.4850999
10827,0.6179745
10828,0.5647644
10829,1.3605353
10830,1.6089156
10831,1.034293
10832,-0.0136474185
10833,1.0839353
10834,1.659874
10835,1.5200596
10836,0.6440657
10837,0.48799914
10838,1.2800236
10839,1.6411521
10840,1.1121447
10841,0.032032758
10842,1.0578109
10843,1.7797568
10844,1.583377
10845,0.6880139
10846,0.6027779
10847,1.4219816
10848,1.7871069
10849,1.1952245
10850,0.03401365
10851,1.1174344
10852,1.7964928
10853,1.6286733
10854,0.6826166
10855,0.58065563
10856,1.5043443
10857,1.6365047
10858,0.8969692
10859,0.2503467
10860,1.3345731
10861,1.7222278
10862,1.262824
10863,0.13845387
10864,1.0292737
10865,1.563592
10866,1.354413
10867,0.4559648
10868,0.6983127
10869,1.6111221
10870,1.6989379
10871,1.1160492
10872,0.06443038
10873,1.167657
10874,1.5215411
10875,1.2624238
10876,0.27445084
10877,0.7976577
10878,1.5683513
10879,1.636502
10880,0.9167617
10881,0.34057823
10882,1.3063959
10883,1.604343
10884,1.0171403
10885,-0.0028719753
10886,1.0922576
10887,1.6421738
10888,1.4548271
10889,0.37230745
10890,0.79163146
10891,1.4787749
10892,1.3787819
10893,0.5439344
10894,0.4854384
10895,1.3781332
10896,1.6621977
10897,1.0573075
10898,0.20639744
10899,0.91671383
10900,1.4222369
10901,1.0793072
10902,0.21503809
10903,0.7463294
10904,1.4642463
10905,1.464165
10906,0.8653247
10907,0.09669891
10908,0.75085783
10909,1.0172435
10910,0.6261377
10911,0.06436539
10912,0.81550246
10913,1.2333809
10914,1.1107845
10915,0.4530503
10916,0.22018647
10917,0.75007814
10918,0.89049625
10919,0.60996604
10920,-0.022553703
10921,0.66383153
10922,1.1332227
10923,1.2183081
10924,0.88629436
10925,0.2126233
10926,0.36180773
10927,0.70709795
10928,0.6761452
10929,0.25905794
10930,0.29171017
10931,0.7962276
10932,1.0292813
10933,0.8631469
10934,0.46879113
10935,0.11232445
10936,0.57859105
10937,0.7371603
10938,0.5012525
10939,0.005347561
10940,0.5315685
10941,0.93459076
10942,1.0344436
10943,0.68160594
10944,0.062246058
10945,0.54047465
10946,0.8842251
10947,0.702693
10948,0.17221604
10949,0.45698532
10950,0.9235631
10951,0.9300763
10952,0.48982242
10953,0.2125103
10954,0.8190319
10955,1.023559
10956,0.6669253
10957,-0.018808465
10958,0.6850363
10959,1.1314712
10960,1.027869
10961,0.44335535
10962,0.32235923
10963,0.94871974
10964,1.2017488
10965,0.87398285
10966,0.14404008
10967,0.6408353
10968,1.2085668
10969,1.2303865
10970,0.6791029
10971,0.20006472
10972,0.9710587
10973,1.266
10974,0.96882546
10975,0.17691498
10976,0.70119965
10977,1.3027638
10978,1.3031638
10979,0.72912425
10980,0.070438735
10981,0.978817
10982,1.3413274
10983,0.9462286
10984,0.081449926
10985,0.79672515
10986,1.3582178
10987,1.3479416
10988,0.8015283
10989,0.00043970277
10990,0.70253783
10991,1.0309715
10992,0.80271626
10993,0.1414739
10994,0.6270369
10995,1.2935873
10996,1.4660761
10997,1.0720425
10998,0.29254863
10999,0.55460626
11000,0.97699076
11001,0.9786504
11002,0.48741287
11003,0.23166534
11004,0.92622995
11005,1.2189928
11006,0.9580752
11007,0.23890607
11008,0.5267447
11009,1.2391332
11010,1.3018479
11011,0.7751354
11012,0.055014033
11013,0.94475424
11014,1.4804513
11015,1.4588417
11016,0.8022322
11017,0.040387463
11018,0.63961095
11019,0.9915524
11020,0.70271826
11021,-0.00073994696
11022,0.7628441
11023,1.2847488
11024,1.3234832
11025,0.7207535
11026,0.008672332
11027,0.6450547
11028,0.88798946
11029,0.59621954
11030,0.022346554
11031,0.75052613
11032,1.1775779
11033,1.0193913
11034,0.51047826
11035,0.33541602
11036,0.96889615
11037,1.0428298
11038,0.54600006
11039,0.17466213
11040,0.8833623
11041,1.170224
11042,0.8781759
11043,0.13583928
11044,0.6009874
11045,1.2063384
11046,1.1555208
11047,0.5199352
11048,0.35643354
11049,1.1555179
11050,1.4494357
11051,1.1030747
11052,0.22265303
11053,0.52719235
11054,1.111584
11055,0.96869034
11056,0.37342474
11057,0.4108931
11058,1.0955695
11059,1.3529332
11060,0.92193043
11061,0.18948154
11062,0.80739003
11063,1.2819908
11064,1.2229142
11065,0.5832166
11066,0.29231232
11067,1.0934627
11068,1.4107435
11069,1.0747058
11070,0.28016484
11071,0.6682247
11072,1.2325996
11073,1.2889746
11074,0.66693825
11075,0.24082124
11076,1.1525882
11077,1.5356225
11078,1.3152796
11079,0.36823413
11080,0.5148461
11081,1.2453048
11082,1.3456633
11083,0.7902962
11084,0.10852906
11085,1.029193
11086,1.4892232
11087,1.3171953
11088,0.5180817
11089,0.421708
11090,1.2656612
11091,1.4267408
11092,0.85552573
11093,0.08452362
11094,1.0514147
11095,1.5009484
11096,1.2009995
11097,0.29868305
11098,0.63644326
11099,1.2242553
11100,1.2695209
11101,0.67613554
11102,0.23402789
11103,1.1461047
11104,1.6317637
11105,1.3838603
11106,0.5677558
11107,0.50639236
11108,1.3029265
11109,1.4343935
11110,0.8756003
11111,0.04617961
11112,1.0637823
11113,1.5884067
11114,1.4987072
11115,0.6464322
11116,0.42312366
11117,1.24907
11118,1.3918226
11119,0.84823334
11120,0.12086387
11121,1.0943407
11122,1.5708424
11123,1.3757077
11124,0.558535
11125,0.37833762
11126,1.1579347
11127,1.3437529
11128,0.77989525
11129,0.06801087
11130,0.98561084
11131,1.4994124
11132,1.3616745
11133,0.48065895
11134,0.58467203
11135,1.3664978
11136,1.5455666
11137,1.0237072
11138,0.021877099
11139,0.95089835
11140,1.6000894
11141,1.4323269
11142,0.7426843
11143,0.3565353
11144,1.2521725
11145,1.5074987
11146,1.0164648
11147,-0.027703453
11148,0.9930629
11149,1.5668427
11150,1.4172797
11151,0.61222684
11152,0.42089668
11153,1.3039315
11154,1.5788351
11155,1.0586696
11156,0.06797272
11157,0.95396274
11158,1.6470398
11159,1.7345476
11160,1.0393531
11161,0.16264363
11162,0.59573257
11163,1.0369985
11164,0.64390486
11165,0.07830071
11166,0.888284
11167,1.3160205
11168,1.1184314
11169,0.48908448
11170,0.441761
11171,1.0377712
11172,1.0761334
11173,0.659864
11174,0.058890723
11175,0.83509177
11176,1.2484769
11177,1.1807313
11178,0.66400784
11179,0.18262514
11180,0.84481424
11181,1.1218212
11182,0.7867108
11183,0.021808641
11184,0.7332434
11185,1.25694
11186,1.1432815
11187,0.6066393
11188,0.12222114
11189,0.8861753
11190,1.1821566
11191,0.8173721
11192,0.030627053
11193,0.7523399
11194,1.2923301
11195,1.2908571
11196,0.8436563
11197,0.011159043
11198,0.70568043
11199,1.0516696
11200,0.7306395
11201,0.04905416
11202,0.66329926
11203,1.1197037
11204,1.0363665
11205,0.43168885
11206,0.41175154
11207,1.11444
11208,1.282107
11209,0.8953182
11210,0.06262894
11211,0.775046
11212,1.376738
11213,1.4471396
11214,0.7956686
11215,0.1591741
11216,0.9831747
11217,1.2141622
11218,0.92153037
11219,0.11460912
11220,0.73438895
11221,1.3235782
11222,1.2648383
11223,0.6210118
11224,0.31312716
11225,1.1515876
11226,1.4633683
11227,1.091881
11228,0.19633798
11229,0.75638515
11230,1.4553095
11231,1.5281209
11232,1.0263824
11233,0.07569764
11234,0.9447883
11235,1.448478
11236,1.1548662
11237,0.3071137
11238,0.67939466
11239,1.4434841
11240,1.5835831
11241,0.84532976
11242,0.17564568
11243,1.0602826
11244,1.3427792
11245,0.90148956
11246,-0.018054992
11247,0.95587015
11248,1.4168046
11249,1.156042
11250,0.32115033
11251,0.7251483
11252,1.4157788
11253,1.3277874
11254,0.5423878
11255,0.4746831
11256,1.3134112
11257,1.4733971
11258,0.8726241
11259,0.2036648
11260,1.1990888
11261,1.6415907
11262,1.2528853
11263,0.34369063
11264,0.68467784
11265,1.4986926
11266,1.7310038
11267,1.2614475
11268,0.135067
11269,1.0549449
11270,1.5737988
11271,1.3745613
11272,0.56713325
11273,0.47287315
11274,1.3781908
11275,1.6569966
11276,1.1918701
11277,0.2892369
11278,0.63430214
11279,1.3850734
11280,1.2369393
11281,0.49983495
11282,0.516772
11283,1.3337014
11284,1.5847989
11285,1.1118288
11286,0.18463522
11287,0.77871555
11288,1.4215871
11289,1.2868637
11290,0.49586773
11291,0.4953347
11292,1.3312547
11293,1.5806004
11294,1.2570434
11295,0.45151022
11296,0.53933394
11297,1.2591672
11298,1.1253703
11299,0.42483473
11300,0.44820124
11301,1.2299519
11302,1.5043848
11303,1.2498761
11304,0.54593
11305,0.19757867
11306,0.6805407
11307,0.7245291
11308,0.22609863
11309,0.45303988
11310,1.0708852
11311,1.25573
11312,0.92353606
11313,0.21341117
11314,0.5069558
11315,0.9302808
11316,0.8909928
11317,0.390927
11318,0.28196174
11319,0.8965235
11320,1.1195228
11321,0.82045585
11322,0.24007197
11323,0.45293957
11324,0.9914785
11325,1.0562222
11326,0.56007785
11327,0.16570736
11328,0.88600564
11329,1.2163545
11330,1.035042
11331,0.35334715
11332,0.57514
11333,1.0948764
11334,1.2238203
11335,0.74183166
11336,0.046906695
11337,0.93139535
11338,1.385307
11339,1.2276238
11340,0.42572105
11341,0.47532624
11342,1.1684893
11343,1.2733291
11344,0.7282472
11345,0.15450367
11346,1.0199965
11347,1.3755536
11348,1.0302202
11349,0.2084467
11350,0.8268851
11351,1.4452689
11352,1.2657259
11353,0.5418026
11354,0.4764172
11355,1.345011
11356,1.5053275
11357,0.95618767
11358,0.09769359
11359,1.0246292
11360,1.4719533
11361,1.166029
11362,0.22984584
11363,0.757226
11364,1.4500277
11365,1.4384025
11366,0.69984746
11367,0.39594635
11368,1.2877617
11369,1.5478854
11370,1.0026355
11371,0.012418412
11372,0.97559416
11373,1.5789164
11374,1.4649063
11375,0.6635459
11376,0.27156222
11377,1.0252846
11378,1.4030458
11379,1.0028151
11380,0.1258064
11381,0.80756056
11382,1.4901929
11383,1.5043817
11384,0.95632815
11385,0.1215045
11386,1.0796418
11387,1.4673586
11388,1.254494
11389,0.39845824
11390,0.62944907
11391,1.445528
11392,1.5600545
11393,0.93806577
11394,0.11207065
11395,1.1034412
11396,1.587812
11397,1.3124366
11398,0.39953452
11399,0.6183112
11400,1.4733785
11401,1.7080479
11402,1.1794171
11403,0.3304536
11404,0.87861437
11405,1.4089768
11406,1.3537014
11407,0.606001
11408,0.4258535
11409,1.3739173
11410,1.820277
11411,1.4108499
11412,0.58946246
11413,0.4178324
11414,1.0810184
11415,1.0899442
11416,0.4018125
11417,0.4870493
11418,1.1914504
11419,1.2732528
11420,0.6994186
11421,0.25039464
11422,1.098145
11423,1.3411486
11424,0.9704995
11425,0.09541936
11426,0.8466829
11427,1.4594641
11428,1.4173074
11429,0.6031529
11430,0.4648047
11431,1.2444515
11432,1.3967806
11433,0.7744491
11434,0.19771072
11435,1.1075468
11436,1.4689256
11437,1.0244005
11438,0.25506908
11439,0.76982385
11440,1.4587548
11441,1.2934134
11442,0.5389153
11443,0.38843468
11444,1.2372856
11445,1.5474957
11446,1.1748245
11447,0.277059
11448,0.6320573
11449,1.4026797
11450,1.5117171
11451,0.90148634
11452,0.046446305
11453,1.0326023
11454,1.6070191
11455,1.5226874
11456,0.8051308
11457,0.25133267
11458,1.1938565
11459,1.6441104
11460,1.3383551
11461,0.43805343
11462,0.60400635
11463,1.490339
11464,1.7027764
11465,1.1417395
11466,0.09059958
11467,1.0189987
11468,1.6691613
11469,1.5141091
11470,0.6080845
11471,0.5157843
11472,1.4779488
11473,1.7735142
11474,1.2699242
11475,0.19582523
11476,1.0561413
11477,1.7571121
11478,1.672761
11479,0.8288188
11480,0.35265213
11481,1.462534
11482,1.8665909
11483,1.4063864
11484,0.3627769
11485,0.8983307
11486,1.7288705
11487,1.7564064
11488,0.9935541
11489,0.16878219
11490,1.3584642
11491,1.9111611
11492,1.6321515
11493,0.5887744
11494,0.5277239
11495,1.425829
11496,1.7747577
11497,1.073982
11498,0.00813077
11499,1.2141387
11500,1.8530779
11501,1.6971687
11502,0.7344097
11503,0.49135923
11504,1.3089677
11505,1.652911
11506,1.1248947
11507,-0.004594736
11508,1.0843686
11509,1.7111332
11510,1.545657
11511,0.6394267
11512,0.4444337
11513,1.3606861
11514,1.5624069
11515,0.95205224
11516,0.04709763
11517,1.1218417
11518,1.663549
11519,1.5332524
11520,0.69060963
11521,0.28697488
11522,1.0829613
11523,1.3347062
11524,0.88716525
11525,0.05097262
11526,1.0694131
11527,1.5810763
11528,1.3491489
11529,0.46027228
11530,0.46772715
11531,1.0970075
11532,1.1054885
11533,0.44265628
11534,0.46145594
11535,1.247819
11536,1.5501035
11537,1.1413683
11538,0.4467006
11539,0.50498915
11540,0.92208797
11541,0.8362387
11542,0.23998629
11543,0.5063508
11544,1.1201736
11545,1.2788488
11546,0.8771757
11547,0.02084848
11548,0.8144005
11549,1.142943
11550,0.9084776
11551,0.24291995
11552,0.5286616
11553,1.1545422
11554,1.204625
11555,0.70911306
11556,0.045545902
11557,0.94874096
11558,1.2989037
11559,0.98134583
11560,0.18781286
11561,0.6653919
11562,1.2447942
11563,1.2303916
11564,0.59323776
11565,0.37308326
11566,1.1594445
11567,1.2755512
11568,0.7815683
11569,0.020071372
11570,0.92026955
11571,1.449658
11572,1.4169437
11573,0.6630517
11574,0.18751566
11575,0.94048244
11576,1.1337267
11577,0.72753894
11578,0.002785625
11579,0.8337397
11580,1.2654827
11581,1.1673442
11582,0.5110518
11583,0.38610828
11584,1.126112
11585,1.3567708
11586,0.9620163
11587,0.13647157
11588,0.7154395
11589,1.417763
11590,1.5432392
11591,1.1885793
11592,0.31118503
11593,0.59838736
11594,1.0008123
11595,1.0050825
11596,0.44347817
11597,0.3324672
11598,1.0979246
11599,1.42953
11600,1.13767
11601,0.55851096
11602,0.15639931
11603,0.84449255
11604,0.971681
11605,0.5632882
11606,0.14933445
11607,0.8539689
11608,1.2080641
11609,0.9516119
11610,0.3972545
11611,0.35505977
11612,0.98858756
11613,1.1622434
11614,0.69496965
11615,0.0604274
11616,0.8742265
11617,1.3487718
11618,1.1363852
11619,0.45218173
11620,0.5114996
11621,1.1478876
11622,1.1089393
11623,0.55604374
11624,0.27369532
11625,1.0467793
11626,1.3476675
11627,1.067915
11628,0.34249264
11629,0.54955906
11630,1.0368513
11631,1.0357171
11632,0.45280737
11633,0.355187
11634,1.054897
11635,1.2417772
11636,0.8085629
11637,0.08885445
11638,0.90222776
11639,1.3357334
11640,1.1271701
11641,0.35647255
11642,0.5888853
11643,1.3750027
11644,1.5526544
11645,1.1329881
11646,0.34741703
11647,0.5254698
11648,1.0952545
11649,0.9207319
11650,0.2717333
11651,0.5013851
11652,1.1621002
11653,1.3487744
11654,0.9569705
11655,0.1430401
11656,0.7117736
11657,1.1240531
11658,1.0891523
11659,0.5517819
11660,0.24293953
11661,1.0220968
11662,1.3522736
11663,1.1185967
11664,0.34040767
11665,0.5641479
11666,1.1320968
11667,1.165122
11668,0.59164107
11669,0.2696948
11670,1.0798306
11671,1.362074
11672,1.0353265
11673,0.01838814
11674,0.90981233
11675,1.2886046
11676,1.0433973
11677,0.27641147
11678,0.65112805
11679,1.3349025
11680,1.4526614
11681,0.7154255
11682,0.375861
11683,1.1621363
11684,1.3866366
11685,0.8187557
11686,0.10145499
11687,1.0349807
11688,1.4247038
11689,1.0734984
11690,0.33587965
11691,0.6292705
11692,1.3572692
11693,1.2576909
11694,0.51145184
11695,0.47030365
11696,1.2594398
11697,1.4342058
11698,0.91189736
11699,0.031933315
11700,0.91201663
11701,1.3855011
11702,1.1733711
11703,0.33284333
11704,0.6201992
11705,1.3503083
11706,1.5309052
11707,0.88869506
11708,0.014451897
11709,0.7388558
11710,1.1903435
11711,0.8889554
11712,0.16099772
11713,0.66662616
11714,1.3095837
11715,1.4384513
11716,0.93775207
11717,0.16584314
11718,0.6121299
11719,1.0297755
11720,0.999753
11721,0.4134578
11722,0.35528198
11723,1.0214744
11724,1.2370981
11725,1.0097355
11726,0.18501535
11727,0.6578309
11728,1.234186
11729,1.2836903
11730,0.71170473
11731,0.1261099
11732,0.99718916
11733,1.4924326
11734,1.4590168
11735,0.7480629
11736,0.1696054
11737,1.0132401
11738,1.253887
11739,0.9102091
11740,0.113208555
11741,0.7096323
11742,1.2994319
11743,1.2751943
11744,0.7075695
11745,0.1950941
11746,0.9138649
11747,1.4127053
11748,1.1451322
11749,0.39999303
11750,0.49982187
11751,1.3251159
11752,1.6960866
11753,1.3485395
11754,0.4898941
11755,0.41405475
11756,1.0572755
11757,1.0929631
11758,0.51812565
11759,0.27217758
11760,1.0292864
11761,1.3848331
11762,1.0508891
11763,0.21283889
11764,0.60259557
11765,1.3404334
11766,1.3894926
11767,0.791676
11768,0.1126084
11769,1.036534
11770,1.5615265
11771,1.415065
11772,0.7770719
11773,0.27510464
11774,1.0995237
11775,1.2801605
11776,0.80140465
11777,0.004331179
11778,0.9044282
11779,1.3975238
11780,1.2432992
11781,0.6283423
11782,0.5033597
11783,1.243562
11784,1.4386235
11785,0.9439929
11786,0.022260003
11787,0.9151671
11788,1.4967668
11789,1.3671746
11790,0.5788865
11791,0.49019185
11792,1.3355927
11793,1.5033067
11794,0.9769937
11795,-0.034019686
11796,1.014356
11797,1.6847054
11798,1.6174426
11799,0.8052527
11800,0.35410133
11801,1.2502071
11802,1.5675524
11803,1.1082097
11804,0.14042363
11805,0.851086
11806,1.5622578
11807,1.6328654
11808,1.0053129
11809,0.11375641
11810,0.87687486
11811,1.1484371
11812,0.7962938
11813,-0.012050575
11814,0.90400094
11815,1.4212836
11816,1.272961
11817,0.44515753
11818,0.35335582
11819,1.0448891
11820,1.1346288
11821,0.63003993
11822,0.17988992
11823,0.99859893
11824,1.4029253
11825,1.1867548
11826,0.39212993
11827,0.5309092
11828,1.0104473
11829,0.95405525
11830,0.35441384
11831,0.4827255
11832,1.1876909
11833,1.3648112
11834,0.9945133
11835,0.11127374
11836,0.65722424
11837,1.0467215
11838,0.8690757
11839,0.19434811
11840,0.5661076
11841,1.1599951
11842,1.287348
11843,0.98135436
11844,0.23737948
11845,0.45275417
11846,0.88912946
11847,0.8402277
11848,0.27921024
11849,0.4326449
11850,1.0015885
11851,1.0759103
11852,0.6377421
11853,0.13422118
11854,0.8646436
11855,1.2135711
11856,1.0541308
11857,0.3145757
11858,0.5256119
11859,1.1907942
11860,1.3111786
11861,0.77059615
11862,0.15458126
11863,0.99973774
11864,1.3521487
11865,1.0669088
11866,0.19421624
11867,0.7099581
11868,1.3542861
11869,1.4144804
11870,0.7923957
11871,0.1901206
11872,0.93663925
11873,1.3117722
11874,0.98121816
11875,0.22106393
11876,0.6555573
11877,1.3962246
11878,1.6176794
11879,1.3481104
11880,0.6902151
11881,0.2345945
11882,0.84402883
11883,0.924909
11884,0.48323637
11885,0.22599904
11886,0.91300136
11887,1.1971649
11888,0.8923011
11889,0.2516093
11890,0.6737871
11891,1.1871107
11892,1.1341211
11893,0.5354877
11894,0.26591954
11895,1.0631151
11896,1.3703816
11897,1.1283116
11898,0.2374807
11899,0.5630302
11900,1.2188613
11901,1.1207383
11902,0.45892727
11903,0.3902084
11904,1.167975
11905,1.3501807
11906,0.9065765
11907,0.0061526275
11908,0.90023464
11909,1.3670619
11910,1.1637663
11911,0.34928188
11912,0.60770905
11913,1.3328283
11914,1.4288306
11915,0.840337
11916,0.16195878
11917,0.9359346
11918,1.3792739
11919,1.0531278
11920,0.17573583
11921,0.7459712
11922,1.3928965
11923,1.4562128
11924,0.7424032
11925,0.15230228
11926,1.0772196
11927,1.5048301
11928,1.2226527
11929,0.36787793
11930,0.5897737
11931,1.4032389
11932,1.6076769
11933,1.0987175
11934,0.021372493
11935,1.0366248
11936,1.65871
11937,1.5580293
11938,0.75746775
11939,0.3139951
11940,1.3444029
11941,1.7776358
11942,1.4355724
11943,0.4442918
11944,0.741517
11945,1.5674648
11946,1.5982538
11947,0.85657567
11948,0.26320225
11949,1.3307322
11950,1.7352813
11951,1.2994825
11952,0.21879373
11953,0.88089436
11954,1.5922002
11955,1.4889442
11956,0.6970659
11957,0.37809592
11958,1.417064
11959,1.799544
11960,1.4274863
11961,0.44413653
11962,0.7578512
11963,1.5305554
11964,1.5664214
11965,0.8728651
11966,0.15840694
11967,1.2326094
11968,1.7317783
11969,1.5396473
11970,0.4049471
11971,0.7630594
11972,1.6221293
11973,1.7267923
11974,1.0264934
11975,0.13639686
11976,1.3176419
11977,1.8824251
11978,1.5467777
11979,0.64385444
11980,0.6233982
11981,1.4600698
11982,1.5525577
11983,0.90149444
11984,0.13500956
11985,1.274249
11986,1.8445126
11987,1.6615798
11988,0.6517221
11989,0.4126765
11990,1.1879244
11991,1.5231313
11992,1.0252256
11993,-0.010238523
11994,1.0728428
11995,1.6596596
11996,1.4711288
11997,0.5880899
11998,0.5601888
11999,1.4286222
12000,1.5492973
12001,0.88376176
12002,0.16741645
12003,1.1998485
12004,1.69933
12005,1.317955
12006,0.32901597
12007,0.7851349
12008,1.424284
12009,1.222719
12010,0.47368988
12011,0.5510222
12012,1.4189076
12013,1.628395
12014,0.96145207
12015,0.14890261
12016,1.1463647
12017,1.440839
12018,1.0316241
12019,-0.009855159
12020,1.0574706
12021,1.6553664
12022,1.561153
12023,0.76502275
12024,0.18825904
12025,0.92407167
12026,0.8811129
12027,0.18370084
12028,0.6432812
12029,1.2487608
12030,1.3097857
12031,0.6280899
12032,0.1504254
12033,0.5791821
12034,0.52627623
12035,0.064260915
12036,0.51607096
12037,0.9128431
12038,0.80699116
12039,0.3757161
12040,0.22806895
12041,0.5968079
12042,0.54009587
12043,0.15838331
12044,0.2786228
12045,0.5842972
12046,0.5814122
12047,0.28790444
12048,0.13454433
12049,0.45513186
12050,0.5091797
12051,0.3352247
12052,0.0012790561
12053,0.34872273
12054,0.52833134
12055,0.45937935
12056,0.18477726
12057,0.14804795
12058,0.37641853
12059,0.40103975
12060,0.22873923
12061,0.018161833
12062,0.27523768
12063,0.43241397
12064,0.39700752
12065,0.18988386
12066,0.06740133
12067,0.29203302
12068,0.396216
12069,0.3140977
12070,0.117728874
12071,0.13385803
12072,0.3591399
12073,0.44108978
12074,0.30438182
12075,0.02499178
12076,0.24475259
12077,0.41024202
12078,0.395882
12079,0.20618315
12080,0.0433147
12081,0.31316027
12082,0.44752803
12083,0.37956488
12084,0.1317823
12085,0.16141573
12086,0.41806415
12087,0.5035148
12088,0.38022295
12089,0.07748997
12090,0.24822326
12091,0.5160928
12092,0.5933559
12093,0.44878054
12094,0.12834406
12095,0.2749914
12096,0.47362664
12097,0.49473998
12098,0.2664537
12099,0.09369662
12100,0.46094742
12101,0.6605763
12102,0.5615672
12103,0.19429654
12104,0.26444012
12105,0.6122057
12106,0.71651775
12107,0.5188033
12108,0.12531997
12109,0.3181384
12110,0.6983006
12111,0.82495797
12112,0.606001
12113,0.111622356
12114,0.4585425
12115,0.8778232
12116,0.91287184
12117,0.5066628
12118,0.08750406
12119,0.7102162
12120,1.0511053
12121,0.8598215
12122,0.3107666
12123,0.33485824
12124,0.94798076
12125,1.0559579
12126,0.71768236
12127,-0.016081616
12128,0.7183395
12129,1.1611577
12130,1.1274359
12131,0.5290539
12132,0.3759532
12133,1.0148783
12134,1.1507535
12135,0.7590693
12136,-0.027730111
12137,0.79097337
12138,1.2898648
12139,1.2104101
12140,0.5779825
12141,0.37678733
12142,1.0951662
12143,1.2412703
12144,0.90529096
12145,0.053204633
12146,0.8241172
12147,1.4825088
12148,1.4980408
12149,0.9065442
12150,0.05229225
12151,0.81485647
12152,1.1950206
12153,0.8366978
12154,0.07652502
12155,0.7202929
12156,1.2439698
12157,1.2159532
12158,0.59523356
12159,0.31726515
12160,1.0631025
12161,1.2973028
12162,0.89845985
12163,0.0036831535
12164,0.86992794
12165,1.4223233
12166,1.2247814
12167,0.45670268
12168,0.5150885
12169,1.1736637
12170,1.1542311
12171,0.5734737
12172,0.35208705
12173,1.1575445
12174,1.3775495
12175,0.9002171
12176,0.030344777
12177,0.8103753
12178,1.2165303
12179,0.9855767
12180,0.21770479
12181,0.6737579
12182,1.3609498
12183,1.3700174
12184,0.8427624
12185,0.050938852
12186,0.9408101
12187,1.1128025
12188,0.8163067
12189,0.09115859
12190,0.70733523
12191,1.2567747
12192,1.1574873
12193,0.54639566
12194,0.29485962
12195,0.8845391
12196,1.1346928
12197,0.76746756
12198,0.04215555
12199,0.7231706
12200,1.2594842
12201,1.312749
12202,0.8648697
12203,0.12761049
12204,0.4909558
12205,0.8675515
12206,0.7518404
12207,0.17224571
12208,0.51598924
12209,1.044483
12210,1.1649811
12211,0.7903579
12212,0.15019006
12213,0.51656806
12214,0.9155402
12215,0.7653614
12216,0.20081562
12217,0.47247258
12218,0.96379304
12219,0.9637477
12220,0.51052153
12221,0.20027229
12222,0.83568573
12223,1.047979
12224,0.7456937
12225,0.065383635
12226,0.6210064
12227,1.0661594
12228,0.9973569
12229,0.44070265
12230,0.24721006
12231,0.92765874
12232,1.0583494
12233,0.65588766
12234,0.036886327
12235,0.7903491
12236,1.2209322
12237,0.9977766
12238,0.3183817
12239,0.41853404
12240,0.8133718
12241,0.82309294
12242,0.29929703
12243,0.3726595
12244,0.91940767
12245,0.9969088
12246,0.642533
12247,0.10213287
12248,0.3969407
12249,0.70329314
12250,0.49711606
12251,-0.007248304
12252,0.50527024
12253,0.8271303
12254,0.8389345
12255,0.45046812
12256,0.13621764
12257,0.5738426
12258,0.8238045
12259,0.6743092
12260,0.2425113
12261,0.2618941
12262,0.728197
12263,0.86425215
12264,0.6332579
12265,0.11995462
12266,0.43705282
12267,0.81308544
12268,0.8403749
12269,0.5770887
12270,0.013967913
12271,0.5357271
12272,0.9680538
12273,1.0682718
12274,0.8461213
12275,0.22801366
12276,0.4499702
12277,0.84993327
12278,0.8452192
12279,0.43727595
12280,0.18331316
12281,0.7906474
12282,1.0463222
12283,0.88775665
12284,0.32751593
12285,0.25655076
12286,0.7271619
12287,0.7938946
12288,0.4429136
12289,0.097689606
12290,0.7033702
12291,1.0960478
12292,1.078707
12293,0.609828
12294,-1.0015094e-05
12295,0.5967567
12296,0.84348124
12297,0.699939
12298,0.14953904
12299,0.4508048
12300,0.93740875
12301,1.0459905
12302,0.6691465
12303,0.016589217
12304,0.66175693
12305,1.020886
12306,0.9130092
12307,0.40442938
12308,0.31849915
12309,0.98985827
12310,1.2957613
12311,1.0105484
12312,0.25550392
12313,0.4655098
12314,1.0482132
12315,0.9448253
12316,0.3649774
12317,0.39700353
12318,1.0054704
12319,1.0825646
12320,0.59078723
12321,0.17289694
12322,0.897308
12323,1.2128074
12324,0.8243319
12325,0.07250883
12326,0.71997106
12327,1.2479647
12328,1.1878608
12329,0.5130129
12330,0.41122505
12331,1.1907158
12332,1.3746265
12333,0.9064069
12334,-0.0063735116
12335,0.8773144
12336,1.3950101
12337,1.2643937
12338,0.64743847
12339,0.4018022
12340,1.1733724
12341,1.3137023
12342,0.84592414
12343,-0.022081826
12344,0.90084964
12345,1.4500772
12346,1.4123242
12347,0.7990425
12348,0.27961713
12349,1.0951737
12350,1.3559802
12351,0.9663256
12352,0.16473484
12353,0.70350325
12354,1.3626786
12355,1.4811751
12356,0.9060321
12357,0.026398256
12358,0.94552815
12359,1.4898065
12360,1.3184035
12361,0.57634544
12362,0.3814963
12363,1.2487193
12364,1.5662148
12365,1.1756449
12366,0.23273711
12367,0.8482179
12368,1.5066103
12369,1.4804401
12370,0.8150503
12371,0.20211431
12372,1.2294561
12373,1.6935171
12374,1.3748043
12375,0.4756478
12376,0.66434026
12377,1.4813076
12378,1.5049182
12379,0.94639266
12380,0.061591063
12381,1.128502
12382,1.7030437
12383,1.5495971
12384,0.78365
12385,0.18262139
12386,1.1606135
12387,1.4696364
12388,0.9296854
12389,0.01546862
12390,1.0581264
12391,1.599049
12392,1.3120872
12393,0.40426037
12394,0.7154025
12395,1.3898578
12396,1.5929419
12397,0.95549834
12398,0.07456745
12399,1.1490127
12400,1.6924826
12401,1.4438937
12402,0.52378666
12403,0.6699153
12404,1.4123604
12405,1.6916732
12406,1.0924298
12407,-0.028617453
12408,1.0964185
12409,1.7617476
12410,1.6425654
12411,0.7898811
12412,0.4101462
12413,1.2470782
12414,1.6447904
12415,1.215987
12416,0.087367974
12417,1.0105029
12418,1.7170362
12419,1.6221436
12420,0.7873303
12421,0.4049435
12422,1.2261592
12423,1.6029844
12424,1.032183
12425,0.021819893
12426,1.1152923
12427,1.6836039
12428,1.4583597
12429,0.7135895
12430,0.5876723
12431,1.5212895
12432,1.6174338
12433,1.025357
12434,-0.0065042116
12435,1.133081
12436,1.7538344
12437,1.5113025
12438,0.5764703
12439,0.6448995
12440,1.5892429
12441,1.8212202
12442,1.2251537
12443,0.0619971
12444,1.0703018
12445,1.7968897
12446,1.698191
12447,0.8108728
12448,0.4652094
12449,1.3535755
12450,1.7239319
12451,1.2296082
12452,0.15439954
12453,0.9818764
12454,1.7639432
12455,1.6893154
12456,0.8533296
12457,0.21288761
12458,1.3503134
12459,1.7320017
12460,1.2278842
12461,0.11469869
12462,0.9980402
12463,1.7012109
12464,1.572703
12465,0.66988367
12466,0.5728658
12467,1.4453559
12468,1.5712072
12469,0.89676654
12470,0.1524099
12471,1.2150245
12472,1.6672078
12473,1.4033723
12474,0.4427432
12475,0.7785435
12476,1.6111679
12477,1.6324956
12478,1.0146136
12479,0.051587142
12480,1.1786456
12481,1.7846843
12482,1.5940984
12483,0.8491998
12484,0.4701382
12485,1.423672
12486,1.6734024
12487,1.1551704
12488,0.07168414
12489,1.0257564
12490,1.734773
12491,1.659745
12492,0.7985453
12493,0.37329918
12494,1.2254752
12495,1.6815108
12496,1.1746408
12497,0.12653258
12498,0.9861662
12499,1.7812402
12500,1.6799033
12501,0.8559846
12502,0.17584391
12503,1.33448
12504,1.7064008
12505,1.2076505
12506,0.15965855
12507,0.93152994
12508,1.6990608
12509,1.6497066
12510,0.87447
12511,0.3075174
12512,1.418813
12513,1.7496889
12514,1.2975603
12515,0.21828435
12516,0.91903996
12517,1.7208313
12518,1.7356125
12519,0.95953876
12520,0.15373197
12521,1.0637819
12522,1.5798355
12523,1.2652838
12524,0.20009929
12525,0.87722903
12526,1.6363317
12527,1.7321078
12528,0.8954094
12529,0.22282617
12530,1.1887245
12531,1.4408131
12532,0.9240048
12533,0.049667984
12534,1.0989664
12535,1.5018805
12536,1.0922269
12537,0.056131218
12538,0.97312015
12539,1.5073411
12540,1.1999552
12541,0.22079165
12542,0.8413076
12543,1.5431783
12544,1.5499502
12545,0.6898421
12546,0.42694604
12547,1.284222
12548,1.4524797
12549,0.93084663
12550,0.07588108
12551,1.1113094
12552,1.6143005
12553,1.4302317
12554,0.3901474
12555,0.6154102
12556,1.4103674
12557,1.5051492
12558,0.87188256
12559,0.12243159
12560,1.1328328
12561,1.6287904
12562,1.4126776
12563,0.56942016
12564,0.5427168
12565,1.4346181
12566,1.7111312
12567,1.239246
12568,0.16536745
12569,0.9152312
12570,1.6931001
12571,1.7404394
12572,1.051722
12573,0.068958774
12574,1.2808429
12575,1.8033627
12576,1.5480412
12577,0.5907221
12578,0.54153174
12579,1.5335076
12580,1.8611661
12581,1.4734077
12582,0.26210728
12583,0.95036227
12584,1.7357483
12585,1.734893
12586,0.9391913
12587,0.21440719
12588,1.354336
12589,1.8843266
12590,1.5594288
12591,0.5161418
12592,0.7713054
12593,1.7111208
12594,1.8764768
12595,1.1820034
12596,-0.026737798
12597,1.2278413
12598,1.9588524
12599,1.9063857
12600,0.9014265
12601,0.22634698
12602,1.4234906
12603,1.6797613
12604,1.1062157
12605,0.06262545
12606,1.0266186
12607,1.8102496
12608,1.7298063
12609,0.99069923
12610,0.19720678
12611,1.3170007
12612,1.6946131
12613,1.2825654
12614,0.2485178
12615,0.8489435
12616,1.6485113
12617,1.721969
12618,1.1643512
12619,0.10797815
12620,1.0950108
12621,1.6185222
12622,1.2019808
12623,0.30075034
12624,0.7486848
12625,1.5157475
12626,1.5868174
12627,0.9116597
12628,0.15414518
12629,1.1807059
12630,1.6428697
12631,1.3240678
12632,0.35835922
12633,0.721602
12634,1.5954937
12635,1.7616843
12636,1.1365314
12637,0.015302096
12638,1.2156823
12639,1.6540505
12640,1.2884085
12641,0.3004966
12642,0.78262275
12643,1.5735042
12644,1.6996417
12645,0.8913143
12646,0.20715483
12647,1.2435234
12648,1.6924813
12649,1.236303
12650,0.22899741
12651,0.88511366
12652,1.7336949
12653,1.8093057
12654,0.99107957
12655,0.2751075
12656,1.264458
12657,1.5370659
12658,1.0209944
12659,-0.027624488
12660,0.995845
12661,1.5445304
12662,1.4481816
12663,0.47004172
12664,0.6487191
12665,1.4849671
12666,1.4991034
12667,0.9583562
12668,0.05118958
12669,1.0840548
12670,1.6853939
12671,1.4239765
12672,0.53583556
12673,0.62460667
12674,1.4424033
12675,1.5725735
12676,0.9778381
12677,0.05621681
12678,1.1559932
12679,1.691166
12680,1.5390038
12681,0.4915318
12682,0.7166344
12683,1.6119567
12684,1.7748259
12685,1.1301652
12686,-0.04158337
12687,1.167679
12688,1.8685398
12689,1.8083892
12690,1.1491117
12691,0.011846212
12692,1.0380613
12693,1.4541441
12694,1.0373511
12695,0.09128402
12696,0.8928809
12697,1.5862832
12698,1.611531
12699,1.038019
12700,0.058578014
12701,0.81757706
12702,1.1900591
12703,0.83521914
12704,-0.007700082
12705,0.85076284
12706,1.4342632
12707,1.4491465
12708,0.8535294
12709,0.15011078
12710,1.0156139
12711,1.3543996
12712,0.9376133
12713,0.09601408
12714,0.76416194
12715,1.3574467
12716,1.3736621
12717,0.6209934
12718,0.27259403
12719,1.1638739
12720,1.4468673
12721,1.0457281
12722,0.13656439
12723,0.8374332
12724,1.5021861
12725,1.3617035
12726,0.55426973
12727,0.37058523
12728,1.053458
12729,1.2973737
12730,0.7259189
12731,0.18517798
12732,1.0892491
12733,1.5277288
12734,1.230971
12735,0.34865588
12736,0.7861883
12737,1.4007858
12738,1.3663446
12739,0.60168767
12740,0.3656244
12741,1.2570577
12742,1.6057202
12743,1.2380972
12744,0.5104003
12745,0.48457488
12746,1.0499339
12747,1.1828465
12748,0.6720967
12749,0.17143732
12750,1.0266742
12751,1.4499025
12752,1.151876
12753,0.36036956
12754,0.6365931
12755,1.3258511
12756,1.4558568
12757,0.9143815
12758,-0.0022013895
12759,0.99390423
12760,1.56262
12761,1.4789811
12762,0.8125449
12763,0.34894755
12764,1.2516143
12765,1.5076392
12766,1.0545437
12767,0.100495055
12768,0.8644468
12769,1.5053182
12770,1.4465847
12771,0.84832925
12772,0.25420988
12773,1.1456178
12774,1.455579
12775,1.0872558
12776,0.12515962
12777,0.8804176
12778,1.5615385
12779,1.4583791
12780,0.8668957
12781,0.34738472
12782,1.2342905
12783,1.499791
12784,1.0138551
12785,0.060351983
12786,0.93454814
12787,1.547381
12788,1.4070498
12789,0.5717619
12790,0.5602083
12791,1.4324106
12792,1.6182157
12793,1.0198464
12794,0.007906657
12795,1.1058354
12796,1.6535602
12797,1.5448817
12798,0.77064407
12799,0.32615468
12800,1.2103975
12801,1.5546132
12802,1.0292023
12803,-0.029747056
12804,1.0160208
12805,1.5952557
12806,1.5422299
12807,0.85522467
12808,0.27152178
12809,1.2903461
12810,1.5452896
12811,1.041462
12812,0.030288566
12813,0.9508423
12814,1.5496532
12815,1.5107039
12816,0.5743647
12817,0.54086024
12818,1.4103725
12819,1.6581873
12820,1.1294981
12821,0.06578034
12822,0.9854479
12823,1.6643847
12824,1.5602304
12825,0.6974038
12826,0.4550765
12827,1.4048249
12828,1.6427295
12829,1.052975
12830,-0.032060906
12831,1.0715939
12832,1.7150521
12833,1.569142
12834,0.8834494
12835,0.3167813
12836,1.2577462
12837,1.5380739
12838,1.0495775
12839,0.025452204
12840,0.9831081
12841,1.585033
12842,1.4548455
12843,0.77527696
12844,0.4811917
12845,1.2448016
12846,1.4779578
12847,1.0730914
12848,0.08689073
12849,0.9063447
12850,1.5833303
12851,1.5516461
12852,0.8274969
12853,0.25957397
12854,1.2002337
12855,1.6129731
12856,1.1961902
12857,0.21166278
12858,0.8253575
12859,1.5432281
12860,1.6401899
12861,0.9523394
12862,0.30724898
12863,1.2882797
12864,1.6225364
12865,1.2492235
12866,0.2602351
12867,0.8373493
12868,1.6175845
12869,1.6385598
12870,0.9982581
12871,0.3054927
12872,1.313222
12873,1.6750923
12874,1.2995688
12875,0.27371347
12876,0.82495785
12877,1.6415892
12878,1.6984702
12879,0.89388174
12880,0.31325918
12881,1.3718319
12882,1.7777401
12883,1.3248355
12884,0.29022345
12885,0.8441888
12886,1.674584
12887,1.7380587
12888,1.0021193
12889,0.12099732
12890,1.1624726
12891,1.6998092
12892,1.3078713
12893,0.3426205
12894,0.76941353
12895,1.6038387
12896,1.7024707
12897,1.0124637
12898,0.18153727
12899,1.1208372
12900,1.5967487
12901,1.259346
12902,0.33873966
12903,0.7382444
12904,1.6152736
12905,1.7289753
12906,1.2423741
12907,0.04038933
12908,0.84913564
12909,1.3915757
12910,1.1330178
12911,0.27182212
12912,0.70486224
12913,1.4304342
12914,1.4187076
12915,0.7451243
12916,0.19735402
12917,1.164685
12918,1.5830672
12919,1.2191212
12920,0.27854285
12921,0.7435443
12922,1.496442
12923,1.5550897
12924,0.88259274
12925,0.21697564
12926,1.158435
12927,1.6064951
12928,1.2758733
12929,0.30759034
12930,0.7559963
12931,1.5384208
12932,1.5936272
12933,1.0414135
12934,0.21631408
12935,1.0440371
12936,1.3877368
12937,0.9782991
12938,0.02872391
12939,0.92262226
12940,1.5114318
12941,1.4153265
12942,0.8384827
12943,0.22044814
12944,0.99993825
12945,1.3038834
12946,0.8744121
12947,-0.012933815
12948,0.9311213
12949,1.4244828
12950,1.1728733
12951,0.34849754
12952,0.5807422
12953,1.2794294
12954,1.1804613
12955,0.543268
12956,0.3876626
12957,1.1871601
12958,1.3842089
12959,0.87098634
12960,0.09722569
12961,1.0208579
12962,1.4226682
12963,1.0561298
12964,0.1268689
12965,0.8234071
12966,1.4072188
12967,1.2500228
12968,0.42479175
12969,0.4723356
12970,1.3923678
12971,1.45909
12972,0.7967686
12973,0.20167083
12974,1.2009413
12975,1.5326166
12976,1.1417935
12977,0.1371676
12978,0.91654265
12979,1.3342645
12980,1.1262277
12981,0.23834836
12982,0.76673734
12983,1.4153119
12984,1.3205079
12985,0.5503235
12986,0.48982033
12987,1.2240359
12988,1.2647862
12989,0.6056945
12990,0.32648852
12991,1.1357862
12992,1.3773283
12993,0.9040065
12994,0.030708266
12995,0.88491064
12996,1.2014606
12997,1.0364399
12998,0.35403863
12999,0.4711656
13000,1.1504068
13001,1.3229858
13002,0.91709155
13003,0.25267544
13004,0.70632493
13005,1.2172925
13006,1.1954652
13007,0.64977044
13008,0.1636233
13009,0.9979501
13010,1.4381746
13011,1.255905
13012,0.49128434
13013,0.39449596
13014,1.1195325
13015,1.3281254
13016,1.0034883
13017,0.28197202
13018,0.53490865
13019,1.2298341
13020,1.4356443
13021,1.0455682
13022,0.2989879
13023,0.49906954
13024,1.1182649
13025,1.1888945
13026,0.74615127
13027,0.07288419
13028,0.95244664
13029,1.4912314
13030,1.4388546
13031,0.8294116
13032,0.05229192
13033,0.924281
13034,1.2311287
13035,0.907118
13036,0.12834533
13037,0.6966047
13038,1.2562715
13039,1.2106953
13040,0.5579065
13041,0.29861698
13042,1.1831468
13043,1.4003148
13044,0.86710745
13045,-0.027504114
13046,0.9017821
13047,1.4195548
13048,1.261194
13049,0.47922528
13050,0.5409056
13051,1.2876577
13052,1.3566495
13053,0.7296458
13054,0.216326
13055,1.1201473
13056,1.4653465
13057,1.1861911
13058,0.12770067
13059,0.8687103
13060,1.445894
13061,1.3033584
13062,0.5238139
13063,0.4824001
13064,1.3717294
13065,1.5589672
13066,0.9247304
13067,0.09259903
13068,1.0934839
13069,1.560665
13070,1.2897294
13071,0.4342426
13072,0.61831343
13073,1.4580387
13074,1.6138369
13075,1.0171524
13076,0.112633474
13077,0.9959015
13078,1.4169754
13079,1.1386925
13080,0.30660582
13081,0.63658446
13082,1.3801972
13083,1.459897
13084,0.9324256
13085,0.013892642
13086,0.9689331
13087,1.5109606
13088,1.3955319
13089,0.66034585
13090,0.3091895
13091,1.1962076
13092,1.5828689
13093,1.2948726
13094,0.43593517
13095,0.6399654
13096,1.3867879
13097,1.5431465
13098,1.0813264
13099,0.11349906
13100,0.893223
13101,1.6146823
13102,1.5956376
13103,0.9172556
13104,0.20031169
13105,1.1312304
13106,1.4700092
13107,1.300467
13108,0.4358473
13109,0.5870023
13110,1.4665554
13111,1.7053745
13112,1.2348509
13113,0.22631428
13114,0.8641156
13115,1.6060449
13116,1.4935892
13117,0.7514572
13118,0.28569162
13119,1.3415153
13120,1.9234198
13121,1.7272073
13122,0.77785414
13123,0.3386493
13124,1.2262522
13125,1.351443
13126,0.7663712
13127,0.205245
13128,1.1149678
13129,1.4647152
13130,1.1420262
13131,0.31317204
13132,0.868765
13133,1.5296816
13134,1.4410863
13135,0.7389073
13136,0.24660721
13137,1.244373
13138,1.7851245
13139,1.5522999
13140,0.6038882
13141,0.61270475
13142,1.4226909
13143,1.53768
13144,0.99970937
13145,0.0009551309
13146,1.0741265
13147,1.6530585
13148,1.409894
13149,0.5271949
13150,0.6294363
13151,1.4919113
13152,1.6986425
13153,1.1133057
13154,0.016054884
13155,1.0489702
13156,1.7447621
13157,1.7564209
13158,1.0399091
13159,0.24679428
13160,1.3692158
13161,1.7082325
13162,1.2579851
13163,0.21564563
13164,0.8718641
13165,1.6321555
13166,1.6318556
13167,1.0019342
13168,0.28876862
13169,1.1609004
13170,1.7201104
13171,1.3243752
13172,0.30343992
13173,0.8038439
13174,1.6202649
13175,1.6886154
13176,1.0856303
13177,0.056550853
13178,1.2571346
13179,1.7330382
13180,1.4028642
13181,0.41254455
13182,0.7110555
13183,1.5803816
13184,1.8077736
13185,1.0885515
13186,0.04905062
13187,0.9893969
13188,1.6600777
13189,1.3981804
13190,0.46281472
13191,0.6375819
13192,1.5241385
13193,1.6804607
13194,1.0598309
13195,0.081096254
13196,1.1753289
13197,1.7106622
13198,1.4280428
13199,0.45682454
13200,0.6558446
13201,1.6085279
13202,1.9495116
13203,1.337287
13204,0.2958027
13205,0.7834815
13206,1.4601308
13207,1.2257069
13208,0.4357359
13209,0.5550419
13210,1.3427126
13211,1.4979337
13212,0.9329708
13213,0.09713686
13214,0.99574476
13215,1.5181584
13216,1.2894709
13217,0.4300297
13218,0.6343404
13219,1.4623369
13220,1.5380815
13221,0.8579607
13222,0.26835874
13223,1.2744749
13224,1.5892667
13225,1.1911485
13226,0.20563194
13227,0.84952724
13228,1.6241769
13229,1.7125726
13230,1.2196031
13231,0.18060908
13232,0.8874156
13233,1.2454114
13234,0.9346668
13235,0.0632225
13236,0.8403586
13237,1.381323
13238,1.2076386
13239,0.42843044
13240,0.42178503
13241,1.0022848
13242,1.2018118
13243,0.5790477
13244,0.28792018
13245,1.1503971
13246,1.4441879
13247,1.0197068
13248,0.14268781
13249,0.8020178
13250,1.3084292
13251,1.1169015
13252,0.3308979
13253,0.56838226
13254,1.2718488
13255,1.3735074
13256,0.7677173
13257,0.05591738
13258,1.0864656
13259,1.4971986
13260,1.2130558
13261,0.39811558
13262,0.54779285
13263,1.3761466
13264,1.5806797
13265,1.1385906
13266,0.19752848
13267,0.7521032
13268,1.5216035
13269,1.490658
13270,0.790327
13271,0.20792864
13272,1.1914303
13273,1.6466615
13274,1.3575833
13275,0.50303024
13276,0.623706
13277,1.4313056
13278,1.5551177
13279,0.84427506
13280,0.13036765
13281,1.165886
13282,1.6527078
13283,1.4365104
13284,0.5068566
13285,0.5787149
13286,1.4746612
13287,1.492431
13288,0.71247846
13289,0.29965815
13290,1.2716671
13291,1.6141398
13292,1.194181
13293,0.24531762
13294,0.8742423
13295,1.5972172
13296,1.5945892
13297,0.8058285
13298,0.28588092
13299,1.3242184
13300,1.7502007
13301,1.4881461
13302,0.5889449
13303,0.71680003
13304,1.4804242
13305,1.5084481
13306,0.85339403
13307,0.2012612
13308,1.2409652
13309,1.7816758
13310,1.5093709
13311,0.5317642
13312,0.43319938
13313,1.1870118
13314,1.4745194
13315,0.9349258
13316,-0.00957562
13317,1.0362965
13318,1.6373272
13319,1.5944616
13320,0.90789795
13321,0.15476768
13322,1.1287686
13323,1.3638825
13324,0.9637546
13325,0.025653016
13326,0.8846802
13327,1.4415576
13328,1.3464695
13329,0.5847746
13330,0.49075922
13331,1.3065263
13332,1.489471
13333,0.9420143
13334,0.04755432
13335,1.0614977
13336,1.5591463
13337,1.290303
13338,0.53370494
13339,0.71458894
13340,1.5097601
13341,1.5742309
13342,0.89125305
13343,0.109411374
13344,1.1526356
13345,1.6807545
13346,1.4458652
13347,0.5465357
13348,0.5366425
13349,1.4157891
13350,1.6307416
13351,1.0203487
13352,0.012723789
13353,1.1193814
13354,1.7463858
13355,1.533818
13356,0.6544963
13357,0.5287098
13358,1.4046088
13359,1.6239885
13360,1.0789856
13361,0.0019722208
13362,1.0448748
13363,1.6740057
13364,1.5412124
13365,0.688075
13366,0.501313
13367,1.4715897
13368,1.7707051
13369,1.2386241
13370,0.1377604
13371,0.9740494
13372,1.768041
13373,1.7360572
13374,0.9548568
13375,0.23624453
13376,1.3608406
13377,1.6801987
13378,1.2880822
13379,0.2689876
13380,0.84376216
13381,1.6499032
13382,1.6969332
13383,0.9590769
13384,0.22809148
13385,1.2261839
13386,1.5871766
13387,1.2165351
13388,0.24430671
13389,0.85075665
13390,1.7056869
13391,1.9111997
13392,1.3382654
13393,0.44678307
13394,0.6554285
13395,1.2525686
13396,1.0806537
13397,0.3106564
13398,0.58180976
13399,1.2650685
13400,1.4243555
13401,0.96853757
13402,0.06444973
13403,0.8090048
13404,1.2332077
13405,1.0692627
13406,0.30336288
13407,0.6056714
13408,1.3113284
13409,1.3767765
13410,0.80941427
13411,0.13541137
13412,1.0073544
13413,1.3912537
13414,1.1014231
13415,0.2677058
13416,0.65486944
13417,1.3476346
13418,1.4129796
13419,0.81823087
13420,0.029205268
13421,0.79445153
13422,1.1069317
13423,0.7973945
13424,0.026150169
13425,0.78820586
13426,1.3623654
13427,1.3117145
13428,0.65013015
13429,0.3345803
13430,1.0668012
13431,1.3072324
13432,0.9234912
13433,0.07306694
13434,0.79218006
13435,1.3256531
13436,1.2859801
13437,0.44925123
13438,0.5438394
13439,1.3164722
13440,1.4858923
13441,0.9557063
13442,-0.0335439
13443,1.0033528
13444,1.5733094
13445,1.4467313
13446,0.53314245
13447,0.36930984
13448,1.1131245
13449,1.2096475
13450,0.6152046
13451,0.3161624
13452,1.1640406
13453,1.430764
13454,0.97467667
13455,0.019856399
13456,0.98658144
13457,1.5016081
13458,1.2863845
13459,0.44929624
13460,0.5271044
13461,1.3901598
13462,1.627328
13463,1.0098577
13464,0.03718839
13465,1.093159
13466,1.6575146
13467,1.457596
13468,0.57316697
13469,0.51978034
13470,1.4489124
13471,1.7021588
13472,1.1515265
13473,0.042591285
13474,1.1059712
13475,1.7489583
13476,1.558549
13477,0.6900268
13478,0.44750708
13479,1.4762605
13480,1.8724052
13481,1.4556816
13482,0.4300405
13483,0.76337504
13484,1.549238
13485,1.575391
13486,0.9393951
13487,0.15016282
13488,1.249107
13489,1.7613196
13490,1.5010638
13491,0.55028445
13492,0.66843647
13493,1.5930014
13494,1.7998571
13495,1.1856925
13496,0.019518182
13497,1.0994297
13498,1.8044236
13499,1.6859093
13500,0.79162455
13501,0.38709018
13502,1.3984132
13503,1.7284355
13504,1.1844733
13505,0.06229486
13506,1.088599
13507,1.7582603
13508,1.60543
13509,0.6636002
13510,0.61593765
13511,1.3959961
13512,1.5269159
13513,0.83184093
13514,0.30487406
13515,1.4080551
13516,1.7787745
13517,1.4060634
13518,0.35729867
13519,0.98152506
13520,1.671567
13521,1.526153
13522,0.6497937
13523,0.45086098
13524,1.4434845
13525,1.7795724
13526,1.3427063
13527,0.34503403
13528,0.703484
13529,1.4923723
13530,1.6329986
13531,0.91986614
13532,0.19929072
13533,1.2745993
13534,1.7720343
13535,1.4713168
13536,0.46023214
13537,0.75302047
13538,1.635101
13539,1.7835178
13540,1.1209723
13541,-0.021005668
13542,1.1769363
13543,1.8580126
13544,1.7148222
13545,0.81499606
13546,0.24768032
13547,1.3645905
13548,1.5682472
13549,1.0209826
13550,-0.03411588
13551,1.0829477
13552,1.696097
13553,1.6263958
13554,0.6500393
13555,0.5048901
13556,1.3697276
13557,1.6257085
13558,1.0803349
13559,0.0041747615
13560,1.042849
13561,1.7067026
13562,1.7044766
13563,0.78716844
13564,0.3727428
13565,1.2779596
13566,1.5358855
13567,0.99399525
13568,0.008887783
13569,1.0686692
13570,1.5946
13571,1.3191162
13572,0.36940002
13573,0.78811866
13574,1.5719738
13575,1.5905619
13576,0.8613609
13577,0.17415953
13578,1.2229801
13579,1.7382278
13580,1.4865577
13581,0.5743597
13582,0.5899986
13583,1.4714459
13584,1.6357268
13585,0.942658
13586,0.09094177
13587,1.180067
13588,1.6996897
13589,1.4216481
13590,0.4706937
13591,0.7512742
13592,1.5420849
13593,1.7008216
13594,1.0286851
13595,0.08087939
13596,1.2089791
13597,1.7660146
13598,1.5426066
13599,0.60671616
13600,0.6248745
13601,1.582577
13602,1.826419
13603,1.1920525
13604,0.0491028
13605,1.0827285
13606,1.8600256
13607,1.7926408
13608,1.002513
13609,0.38910428
13610,1.3799464
13611,1.6536449
13612,1.0751896
13613,-0.011821216
13614,1.1673536
13615,1.7744992
13616,1.4078518
13617,0.58624846
13618,0.72305363
13619,1.5913621
13620,1.7570952
13621,0.9861697
13622,0.15182617
13623,1.2877753
13624,1.8096418
13625,1.4654299
13626,0.5739845
13627,0.5557077
13628,1.4495906
13629,1.6236079
13630,0.8841149
13631,0.22590807
13632,1.3106157
13633,1.8446195
13634,1.4201546
13635,0.5892345
13636,0.4123532
13637,1.366601
13638,1.5052559
13639,0.8859801
13640,0.14206374
13641,1.2205024
13642,1.8113128
13643,1.5227585
13644,0.79764724
13645,0.41812232
13646,1.0383108
13647,1.151159
13648,0.4968931
13649,0.42688417
13650,1.22846
13651,1.3617533
13652,0.80397755
13653,0.12004183
13654,1.032486
13655,1.4099787
13656,1.130477
13657,0.20886245
13658,0.7715935
13659,1.45066
13660,1.4824106
13661,0.83982366
13662,0.1554761
13663,1.1040114
13664,1.499663
13665,1.3275156
13666,0.47852704
13667,0.53713864
13668,1.4021986
13669,1.7181224
13670,1.3970888
13671,0.4273934
13672,0.5625104
13673,1.2339871
13674,1.3362377
13675,0.71561974
13676,0.20177391
13677,1.1343817
13678,1.5465825
13679,1.2948645
13680,0.45678076
13681,0.55451715
13682,1.3358835
13683,1.4007713
13684,0.91643506
13685,0.0074313954
13686,1.0182227
13687,1.5788219
13688,1.4750627
13689,0.6622327
13690,0.49089253
13691,1.2946571
13692,1.5663409
13693,1.1001877
13694,0.09498931
13695,0.91459733
13696,1.5934249
13697,1.5631812
13698,0.8621277
13699,0.13859713
13700,1.2225074
13701,1.5675426
13702,1.1619005
13703,0.18953586
13704,0.832305
13705,1.54749
13706,1.5099088
13707,0.7638257
13708,0.37319368
13709,1.3413347
13710,1.6427572
13711,1.2210602
13712,0.19942728
13713,0.8759451
13714,1.6427066
13715,1.673893
13716,1.016269
13717,0.22990924
13718,1.2525454
13719,1.6314898
13720,1.2378173
13721,0.2533238
13722,0.819628
13723,1.6052624
13724,1.6655749
13725,0.89753187
13726,0.23594314
13727,1.1036818
13728,1.450949
13729,1.1633863
13730,0.2409186
13731,0.7992305
13732,1.615904
13733,1.8155913
13734,1.193584
13735,0.3203121
13736,0.66441274
13737,1.0282332
13738,0.74894917
13739,-0.0040895734
13740,0.8379315
13741,1.2579699
13742,1.0229338
13743,0.2571076
13744,0.6523819
13745,1.2348506
13746,1.1563364
13747,0.59205794
13748,0.2957433
13749,1.0977647
13750,1.3964111
13751,1.0176067
13752,0.13271251
13753,0.85772055
13754,1.3392135
13755,1.3119644
13756,0.5695292
13757,0.39836282
13758,1.2520307
13759,1.5168302
13760,1.0910124
13761,0.12091059
13762,0.8591624
13763,1.4274297
13764,1.3650285
13765,0.6077491
13766,0.36547875
13767,1.2644277
13768,1.5976361
13769,1.2693648
13770,0.36246693
13771,0.71433306
13772,1.3764635
13773,1.4160001
13774,0.69082123
13775,0.31431276
13776,1.2352587
13777,1.5548208
13778,1.1076432
13779,0.09706084
13780,0.9902798
13781,1.6190532
13782,1.4776624
13783,0.61245817
13784,0.49368033
13785,1.4471666
13786,1.676505
13787,1.1025585
13788,0.029039675
13789,1.1403356
13790,1.6274264
13791,1.2634981
13792,0.2305073
13793,0.8533884
13794,1.5807304
13795,1.5511389
13796,0.73107356
13797,0.39477327
13798,1.3414696
13799,1.5924882
13800,1.0368645
13801,-0.022661975
13802,1.0603617
13803,1.732326
13804,1.5969682
13805,0.802031
13806,0.32159412
13807,1.372705
13808,1.6347737
13809,1.137654
13810,0.14866057
13811,0.8820593
13812,1.602519
13813,1.6237667
13814,0.9702261
13815,0.06054997
13816,1.0832942
13817,1.5391768
13818,1.3719579
13819,0.48791084
13820,0.5500893
13821,1.4707279
13822,1.8382969
13823,1.289512
13824,0.28275922
13825,0.8111828
13826,1.4553056
13827,1.4113152
13828,0.7405301
13829,0.2641726
13830,1.2919797
13831,1.7704574
13832,1.4797579
13833,0.54491943
13834,0.3878401
13835,1.2481505
13836,1.3858435
13837,0.7062203
13838,0.23610553
13839,1.1477839
13840,1.528972
13841,1.184384
13842,0.41420782
13843,0.77869093
13844,1.4335463
13845,1.4129518
13846,0.6990084
13847,0.3025309
13848,1.2266895
13849,1.5556374
13850,1.1237011
13851,0.13277054
13852,0.9482417
13853,1.5966773
13854,1.4968473
13855,0.6830486
13856,0.39550897
13857,1.3978231
13858,1.7734474
13859,1.3370011
13860,0.110696465
13861,1.0236225
13862,1.6400783
13863,1.4377872
13864,0.51265186
13865,0.6126182
13866,1.5261
13867,1.709101
13868,1.0724671
13869,0.078324646
13870,1.268966
13871,1.8119725
13872,1.538495
13873,0.52275026
13874,0.66124356
13875,1.6488669
13876,2.0265508
13877,1.6848009
13878,0.64006644
13879,0.6097043
13880,1.3979666
13881,1.4299666
13882,0.75052404
13883,0.21531773
13884,1.201134
13885,1.6344756
13886,1.4359478
13887,0.62141114
13888,0.52172554
13889,1.3361228
13890,1.5006564
13891,0.9538692
13892,-0.0044729486
13893,1.0293802
13894,1.6072019
13895,1.4561396
13896,0.5857943
13897,0.5384453
13898,1.248968
13899,1.5480261
13900,0.9819267
13901,-0.027817553
13902,1.0239305
13903,1.6493008
13904,1.555036
13905,0.6399742
13906,0.3663699
13907,1.3927755
13908,1.4944797
13909,1.0141716
13910,0.012515277
13911,1.0111307
13912,1.6080575
13913,1.4109404
13914,0.49047813
13915,0.6974261
13916,1.5534942
13917,1.648636
13918,0.92930275
13919,0.22477862
13920,1.3124175
13921,1.7256066
13922,1.2515483
13923,0.12501661
13924,1.0807141
13925,1.7487702
13926,1.5402201
13927,0.5555974
13928,0.63979846
13929,1.5816433
13930,1.8510116
13931,1.2369263
13932,0.08826713
13933,1.1591942
13934,1.6514263
13935,1.2826532
13936,0.2407558
13937,0.87618107
13938,1.612306
13939,1.5459985
13940,0.7452426
13941,0.39979625
13942,1.3222501
13943,1.5590348
13944,0.89007246
13945,0.17793366
13946,1.2407618
13947,1.641161
13948,1.3502139
13949,0.1817749
13950,0.89601666
13951,1.3610226
13952,1.098973
13953,0.3125806
13954,0.644887
13955,1.4243777
13956,1.5898603
13957,1.0587076
13958,0.04947766
13959,0.86178327
13960,1.3946048
13961,1.243762
13962,0.5157773
13963,0.4321782
13964,1.2369107
13965,1.4786667
13966,1.0344365
13967,0.21628055
13968,0.7603685
13969,1.3383744
13970,1.2456411
13971,0.52803725
13972,0.40911603
13973,1.2191824
13974,1.4747491
13975,1.0349417
13976,0.16315429
13977,0.7931378
13978,1.3238242
13979,1.133166
13980,0.38863194
13981,0.53856033
13982,1.2992454
13983,1.4176728
13984,1.0210247
13985,0.26521397
13986,0.48923272
13987,0.9147711
13988,0.7435246
13989,0.13010335
13990,0.5976758
13991,1.1484121
13992,1.1934052
13993,0.78846955
13994,0.04827059
13995,0.8017624
13996,1.0994966
13997,0.95883036
13998,0.39239466
13999,0.30613312
14000,0.9765083
14001,1.2178226
14002,0.9861761
14003,0.42347917
14004,0.460548
14005,1.0164174
14006,1.0331459
14007,0.52827984
14008,0.19059467
14009,0.92981744
14010,1.2737119
14011,1.0033451
14012,0.28497556
14013,0.515487
14014,1.0787188
14015,1.1512136
14016,0.64791167
14017,0.06842235
14018,0.84472203
14019,1.303064
14020,1.2782598
14021,0.64532304
14022,0.29189968
14023,1.0408201
14024,1.3630418
14025,1.1010733
14026,0.3468899
14027,0.52456486
14028,1.2526749
14029,1.4321512
14030,0.95992106
14031,0.031261474
14032,0.8359467
14033,1.4028277
14034,1.2999394
14035,0.6298042
14036,0.35566074
14037,1.2806561
14038,1.5518365
14039,1.1574712
14040,0.16943902
14041,0.9043648
14042,1.5025245
14043,1.3556386
14044,0.52842456
14045,0.5122501
14046,1.4106888
14047,1.6294311
14048,1.0579283
14049,0.01053748
14050,1.0428176
14051,1.6001173
14052,1.3222063
14053,0.46109727
14054,0.5960375
14055,1.4890629
14056,1.8329022
14057,1.4696673
14058,0.6020656
14059,0.28929836
14060,0.9438877
14061,1.0879378
14062,0.56055856
14063,0.28271216
14064,1.088272
14065,1.4816668
14066,1.3138084
14067,0.5675053
14068,0.17841431
14069,0.7415769
14070,0.90410346
14071,0.4792807
14072,0.18118551
14073,0.87194073
14074,1.2550505
14075,1.1217321
14076,0.55588627
14077,0.18712433
14078,0.71117425
14079,0.8595163
14080,0.54426783
14081,0.044255544
14082,0.6959947
14083,1.0619618
14084,0.9829162
14085,0.3911009
14086,0.32822186
14087,0.9111607
14088,1.0208839
14089,0.6792391
14090,0.018455729
14091,0.77799106
14092,1.2291394
14093,1.0546528
14094,0.45756304
14095,0.28909838
14096,1.0319563
14097,1.2205684
14098,0.773522
14099,-0.009394243
14100,0.8256051
14101,1.2708462
14102,1.0979217
14103,0.49841842
14104,0.3578222
14105,1.0281365
14106,1.1571482
14107,0.62197125
14108,0.22432923
14109,1.01349
14110,1.2787429
14111,0.9781357
14112,0.18604358
14113,0.6928832
14114,1.0522302
14115,0.87469196
14116,0.14522249
14117,0.64884335
14118,1.1902026
14119,1.1092651
14120,0.56283396
14121,0.4758925
14122,1.1444157
14123,1.1368572
14124,0.58914447
14125,0.23777924
14126,1.0757254
14127,1.4346972
14128,1.1979349
14129,0.55901873
14130,0.2870048
14131,0.95056325
14132,0.9331292
14133,0.49323404
14134,0.18594544
14135,0.8789174
14136,1.207582
14137,1.0178798
14138,0.40044096
14139,0.33179462
14140,1.0340799
14141,1.124765
14142,0.73579806
14143,-0.020693608
14144,0.7978898
14145,1.3218685
14146,1.3011208
14147,0.62796634
14148,0.20020005
14149,0.7578523
14150,0.9473776
14151,0.5604386
14152,0.10039695
14153,0.8551816
14154,1.2618164
14155,1.1212839
14156,0.5043386
14157,0.30437863
14158,1.044064
14159,1.265317
14160,0.9223171
14161,0.21058273
14162,0.58084905
14163,1.2312145
14164,1.4064393
14165,0.8922488
14166,0.06279349
14167,0.8727919
14168,1.3210703
14169,1.053594
14170,0.3155858
14171,0.56908447
14172,1.2388253
14173,1.293439
14174,0.7508624
14175,0.2250306
14176,1.0757955
14177,1.4026536
14178,1.0598413
14179,0.17944519
14180,0.7598348
14181,1.4352751
14182,1.4084978
14183,0.75162935
14184,0.26855624
14185,1.1577016
14186,1.433916
14187,1.0333922
14188,0.16261083
14189,0.76132274
14190,1.441154
14191,1.497043
14192,0.9968645
14193,0.12702926
14194,0.92421055
14195,1.4711516
14196,1.1765919
14197,0.35245183
14198,0.62305397
14199,1.4034442
14200,1.5458322
14201,0.98487425
14202,0.040813897
14203,1.0402079
14204,1.5332967
14205,1.2824987
14206,0.44207048
14207,0.55126965
14208,1.4246935
14209,1.6205662
14210,1.122634
14211,0.2659703
14212,0.95447856
14213,1.6223453
14214,1.511109
14215,0.74483776
14216,0.2991173
14217,1.3018115
14218,1.733275
14219,1.4604732
14220,0.5156458
14221,0.556329
14222,1.4894482
14223,1.6481369
14224,0.9487376
14225,0.1643565
14226,1.2554271
14227,1.8025002
14228,1.3495655
14229,0.3012713
14230,0.84849703
14231,1.5741923
14232,1.4156418
14233,0.58980596
14234,0.53411084
14235,1.4834691
14236,1.6862653
14237,1.008564
14238,0.16158792
14239,1.1088787
14240,1.6065432
14241,1.2704389
14242,0.32355094
14243,0.7677489
14244,1.5803056
14245,1.629313
14246,0.96102196
14247,0.22562069
14248,1.2174987
14249,1.5662484
14250,1.1780194
14251,0.14014745
14252,0.9633774
14253,1.7010484
14254,1.5247159
14255,0.7894692
14256,0.5677238
14257,1.3946704
14258,1.5275068
14259,0.78614974
14260,0.2973342
14261,1.2901995
14262,1.6131005
14263,1.1014454
14264,0.017943718
14265,1.0872608
14266,1.660898
14267,1.4406146
14268,0.5331666
14269,0.59028953
14270,1.4957925
14271,1.7204975
14272,1.2254589
14273,0.17262173
14274,0.91126806
14275,1.4822023
14276,1.2531536
14277,0.39427885
14278,0.6687578
14279,1.4587574
14280,1.5658222
14281,0.9541376
14282,0.12148182
14283,0.8872114
14284,1.3328943
14285,0.8733635
14286,0.020590145
14287,0.84221965
14288,1.4159607
14289,1.3065281
14290,0.53786176
14291,0.24831806
14292,1.0912033
14293,1.3030216
14294,0.87058264
14295,0.013790425
14296,0.819283
14297,1.3421245
14298,1.2211239
14299,0.5427502
14300,0.45842952
14301,1.0849948
14302,1.2475588
14303,0.75305974
14304,0.07828212
14305,0.92900443
14306,1.3831815
14307,1.2124934
14308,0.64284235
14309,0.30187485
14310,0.9811243
14311,1.0319108
14312,0.53830606
14313,0.19624898
14314,0.9021865
14315,1.1866816
14316,0.91823643
14317,0.31794956
14318,0.5513883
14319,1.0679303
14320,1.0749838
14321,0.55808884
14322,0.18681483
14323,0.8908502
14324,1.1684028
14325,0.9340687
14326,0.25850397
14327,0.49472564
14328,1.078218
14329,1.1948256
14330,0.73835707
14331,0.00023426116
14332,0.79734397
14333,1.2345988
14334,1.1654745
14335,0.5450495
14336,0.41049975
14337,0.9779122
14338,1.1700598
14339,0.6815726
14340,0.08664404
14341,0.8820425
14342,1.279514
14343,1.0043308
14344,0.19844888
14345,0.6582724
14346,1.1589781
14347,1.0712829
14348,0.46908274
14349,0.31682125
14350,1.0064144
14351,1.213231
14352,0.8186609
14353,0.07136291
14354,0.7170677
14355,1.139967
14356,0.9972007
14357,0.39387634
14358,0.33217022
14359,0.9749703
14360,1.1820987
14361,0.91910934
14362,0.31501296
14363,0.4667508
14364,0.8561912
14365,0.9404938
14366,0.5114284
14367,0.18001154
14368,0.8609741
14369,1.1505959
14370,0.8320424
14371,0.18609352
14372,0.6010208
14373,0.99017096
14374,1.0836194
14375,0.5985679
14376,0.067240626
14377,0.78241056
14378,1.1939133
14379,1.1242666
14380,0.63282603
14381,0.16279589
14382,0.771657
14383,0.9863034
14384,0.7397953
14385,0.093520194
14386,0.580598
14387,1.0542874
14388,1.052339
14389,0.5616623
14390,0.20522228
14391,0.82350695
14392,1.1837759
14393,0.9676227
14394,0.3278789
14395,0.46081835
14396,1.1560248
14397,1.4537799
14398,1.2301468
14399,0.47605744
14400,0.3992311
