step,reward
1,0.007489201
2,0.013546877
3,0.007394701
4,0.00030720004
5,0.0012288002
6,0.0019320189
7,0.021186918
8,0.0024030753
9,0.0015552
10,0.0115248
11,0.00049207505
12,2.43e-05
13,6.0918752e-05
14,0.00039421872
15,0.0009075
16,0.011495419
17,0.0015229688
18,0.0010800001
19,0.007970701
20,0.00030720004
21,0.00034171878
22,0.00016216876
23,0.0041242694
24,0.0011346751
25,0.012060075
26,0.024926418
27,0.025535423
28,0.012885769
29,0.001026675
30,0.0011439187
31,0.016638076
32,0.0026367188
33,0.023688298
34,0.047044802
35,0.04963367
36,0.00033667503
37,0.00014851875
38,4.501875e-05
39,0.0015336752
40,0.00062791875
41,0.001098075
42,0.0017214188
43,0.0022317187
44,0.021991668
45,0.0019926752
46,0.010887076
47,0.00037276876
48,0.00045046877
49,0.00011701877
50,0.003712969
51,0.001098075
52,0.0013872002
53,0.014421168
54,0.0013872002
55,0.0006697688
56,0.0036796685
57,2.2968752e-05
58,0.00036750003
59,0.000516675
60,0.001026675
61,0.012638268
62,0.0016317187
63,0.011466076
64,0.0007056751
65,0.0024570748
66,3.0000004e-07
67,0.000195075
68,0.0044652
69,0.0011812687
70,0.0014386689
71,0.014851876
72,0.0014179689
73,0.0006912
74,0.0003024188
75,3.9675004e-05
76,3.7968755e-05
77,0.00033667503
78,0.006091875
79,0.016708802
80,0.022935674
81,0.018081075
82,0.0064827004
83,0.00032669998
84,0.007394701
85,0.020085467
86,0.0015660189
87,0.0015336752
88,0.0019804689
89,0.019737678
90,0.0018135187
91,0.0008748
92,0.00040516877
93,0.0014076749
94,2.43e-05
95,0.00037807503
96,0.0008992688
97,0.011407499
98,0.0015229688
99,0.010801519
100,0.0155952005
101,0.008849419
102,0.00020280002
103,0.0009832687
104,0.0016762686
105,0.0023496752
106,0.025056303
107,0.04794002
108,0.045337968
109,0.020948421
110,0.0013067999
111,0.0017786999
112,0.002895919
113,0.031541422
114,0.0039675003
115,0.0032760752
116,0.0032604188
117,0.027907502
118,0.042300075
119,0.00032669998
120,3.7968755e-05
121,0.0019320189
122,0.0083667
123,0.0011531999
124,0.0012772689
125,0.013356299
126,0.024196802
127,0.01993052
128,4.8000006e-06
129,0.0024843
130,0.009991876
131,0.0198147
132,0.026196077
133,0.0007575188
134,0.0045387005
135,0.00042751874
136,0.002296875
137,3.4668756e-05
138,3.9675004e-05
139,0.0017786999
140,0.007848919
141,0.0011163
142,0.0109443
143,0.022522798
144,0.023185201
145,7.2074996e-05
146,6.526876e-05
147,0.0018135187
148,0.0006697688
149,0.008875201
150,0.02289422
151,0.0014700001
152,0.010350918
153,0.0008992688
154,0.0004162688
155,0.00015187502
156,3.6750005e-06
157,9.991875e-05
158,0.00046807507
159,0.0010005188
160,0.001491075
161,0.015526878
162,0.027861768
163,0.00048601878
164,1.4700002e-05
165,9.187501e-05
166,0.001956169
167,0.007921875
168,0.0010890188
169,0.0012288002
170,0.012854701
171,0.023394167
172,0.019354803
173,0.0057546757
174,0.00029767503
175,0.0129480185
176,0.035243273
177,0.04908608
178,0.0012096752
179,0.0061132684
180,0.009991876
181,0.00013867502
182,4.876875e-05
183,0.00011407501
184,0.003075469
185,0.011088018
186,0.020750703
187,0.0010354688
188,0.007137919
189,0.0006556688
190,0.0035316749
191,7.441876e-05
192,5.418751e-06
193,0.0013668751
194,0.00073507504
195,0.009720001
196,0.023394167
197,0.029156419
198,0.00037276876
199,0.0006142687
200,0.00012
201,0.000541875
202,0.0006075001
203,0.00890102
204,0.0016987688
205,0.015973669
206,0.0018252002
207,0.0124236755
208,0.017751168
209,0.010101676
210,0.000210675
211,0.001026675
212,0.0017327999
213,0.0024165187
214,0.025535423
215,0.048783176
216,0.0012772689
217,0.00029767503
218,0.0012096752
219,4.2187503e-06
220,0.0012096752
221,0.0065490194
222,0.0153906755
223,0.0010531688
224,0.00794627
225,0.00074251875
226,0.00034680005
227,0.00011701877
228,3.0000004e-07
229,0.000516675
230,0.000516675
231,0.0077280756
232,0.0014076749
233,0.0013366687
234,0.01197002
235,0.01826567
236,0.01103042
237,0.00089107506
238,0.0012192187
239,0.018081075
240,0.0027936753
241,0.023688298
242,0.0024300003
243,0.015835522
244,0.022399671
245,0.0129480185
246,0.0009832687
247,0.0050310753
248,0.0025530187
249,0.026196077
250,0.003167269
251,0.023436077
252,0.0018960749
253,0.0008748
254,0.00040516877
255,0.0013872002
256,2.5668753e-05
257,0.0021930751
258,0.009345674
259,0.001098075
260,0.009213768
261,0.0008748
262,0.0004162688
263,0.0020667
264,9.187501e-07
265,0.00017641878
266,0.0041949186
267,0.0136746755
268,0.0012192187
269,0.0010179187
270,0.00097470003
271,0.007394701
272,0.008797969
273,3.6750005e-06
274,0.0020667
275,0.009425269
276,0.0012675
277,0.011940075
278,0.0014490751
279,0.0010092
280,0.0007056751
281,0.004071675
282,3.3075e-05
283,0.00028829998
284,0.00049207505
285,0.00768
286,0.0014076749
287,0.012332269
288,0.0217083
289,0.017532919
290,0.004953675
291,0.00040516877
292,0.0018018751
293,0.0026226752
294,0.028644297
295,0.0034668753
296,0.0025947
297,0.0022707
298,0.0016762686
299,0.0009408001
300,0.00032176875
301,0.0006417188
302,3.9675004e-05
303,0.0035806692
304,0.0124236755
305,0.00097470003
306,0.0063510756
307,0.00037276876
308,5.8800008e-05
309,6.7687497e-06
310,0.00019126877
311,0.004338019
312,0.013932074
313,0.02289422
314,0.0007575188
315,0.00034171878
316,0.0023896687
317,0.002310019
318,0.0001728
319,0.00052291877
320,0.0012192187
321,0.001884169
322,0.02071127
323,0.040627204
324,0.0011346751
325,0.0038307
326,4.876875e-05
327,3.9675004e-05
328,0.0003024188
329,0.0057131997
330,0.01688627
331,0.02606327
332,0.0007575188
333,0.0035479688
334,0.000165675
335,9.075001e-06
336,4.141875e-05
337,0.0017902686
338,0.0007726687
339,0.0012384187
340,0.014586076
341,0.029956805
342,0.000924075
343,0.00024367501
344,5.8800008e-05
345,8.26875e-06
346,0.0008034188
347,0.0056718756
348,0.0010800001
349,0.011088018
350,0.0013974188
351,0.0099372
352,0.0006075001
353,0.00012916875
354,0.00014851875
355,0.00013546876
356,0.0038307
357,0.0011071688
358,0.011820677
359,0.02449592
360,0.025186522
361,0.012792675
362,0.001026675
363,0.0039159185
364,0.0021168
365,0.0026508
366,0.0033075
367,0.03356708
368,0.0034507688
369,0.0021168
370,0.0015016687
371,0.0094518745
372,0.00020671875
373,6.7687497e-06
374,0.0014282999
375,0.007921875
376,0.016921874
377,0.0008347687
378,0.00045630004
379,0.0003024188
380,0.00010267501
381,9.72e-05
382,0.00014520001
383,0.003950269
384,0.01323
385,0.02223602
386,0.023018703
387,0.000180075
388,6.75e-07
389,2.7074999e-05
390,0.001062075
391,0.005128669
392,0.000924075
393,0.0103788
394,0.0016206751
395,0.001459519
396,0.012916875
397,0.019699218
398,0.01197002
399,0.000180075
400,0.0010005188
401,0.0136746755
402,0.0022446748
403,0.0021802688
404,0.021226801
405,0.036960304
406,0.029673075
407,0.008926875
408,0.00085066876
409,0.002079169
410,0.024239419
411,0.051979218
412,0.0022576689
413,0.0012772689
414,0.0011531999
415,0.008721075
416,0.010575019
417,0.0035970751
418,0.00035707498
419,0.001609669
420,0.0198147
421,0.04252568
422,0.0016539188
423,0.008241919
424,0.0004162688
425,0.0011625189
426,0.00023101876
427,0.000316875
428,0.0065047685
429,0.01886267
430,0.0014076749
431,0.010350918
432,0.00091576885
433,0.0049344194
434,0.00012607501
435,8.26875e-06
436,0.0010890188
437,0.000648675
438,0.0011254689
439,0.01357877
440,0.028274704
441,0.028830001
442,8.416876e-05
443,0.00018376876
444,0.00030720004
445,0.0007129687
446,0.0013067999
447,0.016251769
448,0.035862923
449,0.0015016687
450,0.0006984188
451,0.004953675
452,0.00015526875
453,5.0700004e-05
454,0.000676875
455,0.0056306995
456,0.0011254689
457,0.011495419
458,0.02373047
459,0.0243675
460,0.012362699
461,0.00097470003
462,0.0011071688
463,0.0020172002
464,0.023352304
465,0.0031981687
466,0.0027936753
467,0.0028518748
468,0.0025530187
469,0.019431077
470,0.00093241886
471,0.0023232002
472,1.8018749e-05
473,0.0021802688
474,0.009372169
475,0.018154802
476,0.00078796875
477,0.0043923
478,0.00023101876
479,2.2968752e-05
480,3.3075e-05
481,0.00026107504
482,0.00073507504
483,0.0013266751
484,0.015526878
485,0.0018960749
486,0.013072968
487,0.00079567503
488,0.00018750002
489,6.7687497e-06
490,8.9268746e-05
491,0.002866519
492,0.01063142
493,0.01924067
494,0.021186918
495,0.013899769
496,0.0036630754
497,0.0004162688
498,0.007921875
499,0.020869218
500,0.031105202
501,0.0011254689
502,0.00085066876
503,0.001062075
504,0.009801169
505,0.000676875
506,0.00016216876
507,3.1687503e-06
508,0.00037807503
509,0.0004740187
510,0.007418269
511,0.01916477
512,0.0010800001
513,0.0006075001
514,0.00041070004
515,0.00015870002
516,0.00027451874
517,0.00010546876
518,0.00053551875
519,0.0010890188
520,0.013293076
521,0.0016987688
522,0.001171875
523,0.00867
524,0.0104067195
525,0.0034992
526,0.00037807503
527,0.001609669
528,0.019776167
529,0.002664919
530,0.020514676
531,0.0016987688
532,0.00078796875
533,0.00035707498
534,5.671875e-05
535,1.08e-05
536,0.0016987688
537,0.007995169
538,0.0010354688
539,0.0009832687
540,0.00094921875
541,0.0006912
542,0.003950269
543,0.002895919
544,0.00015526875
545,0.0007803
546,0.0013974188
547,0.0162867
548,0.032967675
549,0.032868303
550,0.016112419
551,0.00024796877
552,0.007656019
553,0.021266721
554,0.0016428002
555,0.014061675
556,0.0018723003
557,0.0015768749
558,0.0014490751
559,0.001062075
560,0.0064827004
561,0.00010267501
562,5.0700004e-05
563,0.00037807503
564,0.00089107506
565,0.0113490755
566,0.024324771
567,0.0008190188
568,0.0030300752
569,0.0024300003
570,7.441876e-05
571,0.000516675
572,0.008316676
573,0.022276876
574,0.001491075
575,0.0010890188
576,0.009747019
577,0.0006627
578,0.00015526875
579,0.00023101876
580,0.00018750002
581,0.0039675003
582,0.012979201
583,0.0217083
584,0.02248172
585,0.013835271
586,0.0031827001
587,0.00041070004
588,0.0012288002
589,0.0018369188
590,0.0025530187
591,0.0032292188
592,0.032818668
593,0.060952667
594,0.0559872
595,8.1674996e-05
596,0.0006984188
597,0.004483519
598,0.0113199195
599,0.0010531688
600,0.0012192187
601,0.0016762686
602,0.0019080188
603,0.01688627
604,0.0011625189
605,0.00032669998
606,4.141875e-05
607,3.6300004e-05
608,0.0019683002
609,0.00081120007
610,0.009558675
611,0.001296919
612,0.0009408001
613,0.0069540194
614,0.008142768
615,0.0024165187
616,0.00052291877
617,0.010490701
618,0.0020049186
619,0.002054269
620,0.0022188004
621,0.019392917
622,0.0013266751
623,0.0003888
624,6.0918752e-05
625,9.075001e-06
626,0.00031201873
627,0.0058590192
628,0.016216876
629,0.02248172
630,0.0178608
631,2.2687502e-06
632,0.00089107506
633,0.0043741693
634,0.0007650751
635,0.0090828
636,0.0016428002
637,0.0017442189
638,0.017496677
639,0.030960469
640,0.0005292
641,1.6875001e-05
642,8.1674996e-05
643,0.00029767503
644,0.0007726687
645,0.010887076
646,0.001767169
647,0.014685469
648,0.0013067999
649,0.007068676
650,0.0075604687
651,0.0018960749
652,0.00057421875
653,0.01091567
654,0.028320769
655,0.0017214188
656,0.0011812687
657,0.001098075
658,0.0082917195
659,0.00032669998
660,4.8000006e-06
661,0.00010267501
662,0.0004740187
663,0.0010092
664,0.0015016687
665,0.0017442189
666,0.0016317187
667,0.0012001687
668,0.007418269
669,0.00013546876
670,3.7968755e-05
671,0.002054269
672,0.008721075
673,0.0010443002
674,0.00097470003
675,0.00890102
676,0.0006142687
677,0.0021547687
678,0.00091576885
679,0.00033667503
680,0.0067275185
681,0.001491075
682,0.0016762686
683,0.01688627
684,0.030004218
685,0.024410272
686,0.0073242188
687,0.00075000006
688,0.0018723003
689,0.022195203
690,0.04830047
691,0.056571923
692,0.040516876
693,0.01495217
694,0.00049207505
695,0.0013067999
696,0.0019804689
697,0.022032302
698,0.047580924
699,0.002296875
700,0.0015877689
701,0.0017327999
702,0.001609669
703,0.0011907001
704,0.0073242188
705,0.00012916875
706,3.7968755e-05
707,0.00035191872
708,0.0063074995
709,0.017100468
710,0.023352304
711,0.0003834188
712,4.501875e-05
713,4.32e-05
714,8.416876e-05
715,0.00040516877
716,0.0069540194
717,0.0014805186
718,0.0016539188
719,0.016744219
720,0.029767502
721,0.024239419
722,4.8000006e-06
723,0.0027648
724,0.0009832687
725,0.001459519
726,0.002104219
727,0.0026086688
728,0.0027648
729,0.023899518
730,0.036279023
731,0.023143517
732,0.000180075
733,0.00819227
734,0.0018960749
735,0.01893797
736,0.03947627
737,0.043377023
738,0.027000003
739,0.0063948
740,0.0007803
741,0.01323
742,0.031541422
743,0.0019080188
744,0.0016317187
745,0.0178608
746,0.002079169
747,0.0013770189
748,0.00097470003
749,0.0058590192
750,0.004953675
751,0.00011407501
752,0.0048577692
753,0.0013266751
754,0.0015768749
755,0.016112419
756,0.028737077
757,0.023436077
758,0.0070227003
759,0.000279075
760,0.0020667
761,0.024753772
762,0.0033708
763,0.027270675
764,0.002679075
765,0.017244019
766,0.0010179187
767,0.0037296754
768,9.918751e-06
769,0.000594075
770,0.00058080006
771,0.0010890188
772,0.01323
773,0.027633674
774,0.028274704
775,0.014322677
776,0.001171875
777,0.004141875
778,0.02289422
779,0.042638704
780,0.0018252002
781,0.0012772689
782,0.012916875
783,0.023352304
784,0.00041070004
785,0.0004981688
786,5.8800008e-05
787,0.00039421872
788,0.0068176687
789,0.0014700001
790,0.014454076
791,0.028830001
792,0.02869067
793,7.2074996e-05
794,0.00023941875
795,0.002525419
796,0.0006912
797,0.0011254689
798,0.0017442189
799,0.0022576689
800,0.002443519
801,0.021266721
802,0.0014490751
803,0.00043319998
804,7.680001e-05
805,1.6875001e-05
806,0.00027451874
807,0.00074251875
808,0.0012096752
809,0.0129480185
810,0.0012772689
811,0.000621075
812,0.00026551876
813,2.8518753e-05
814,9.187501e-05
815,0.00037276876
816,0.0008667188
817,0.011088018
818,0.001491075
819,0.0106032
820,0.015356718
821,0.008695519
822,0.00043891877
823,0.004876875
824,0.0021930751
825,0.0026367188
826,0.02740652
827,0.002925469
828,0.019051202
829,0.0011346751
830,0.00029767503
831,3.1518754e-05
832,8.1674996e-05
833,0.00036750003
834,0.0008586751
835,0.0110592
836,0.023814918
837,0.0008034188
838,0.0030000003
839,0.0024030753
840,7.441876e-05
841,0.000516675
842,0.008316676
843,0.022276876
844,0.001491075
845,0.010546875
846,0.000924075
847,0.00042187504
848,0.0021168
849,1.2000002e-06
850,0.0007650751
851,0.0006075001
852,0.00867
853,0.02150702
854,0.027451878
855,0.020163167
856,1.6875e-07
857,0.00024796877
858,0.004071675
859,0.0009832687
860,0.0013974188
861,0.01688627
862,0.036960304
863,0.04190672
864,0.00037807503
865,0.00035707498
866,2.0418749e-05
867,0.00019891876
868,0.00057421875
869,0.0011531999
870,0.014718674
871,0.0021547687
872,0.0018135187
873,0.015801076
874,0.0010710187
875,0.0041949186
876,1.8018749e-05
877,0.00013546876
878,0.003646519
879,0.001062075
880,0.0013567688
881,0.014126699
882,0.025491677
883,0.020988075
884,0.0062640756
885,0.00068401877
886,0.013198519
887,0.033216767
888,0.045163207
889,0.04002227
890,0.00024367501
891,0.00029296876
892,0.00016216876
893,3.6300004e-05
894,0.000226875
895,0.004410469
896,0.0011531999
897,0.0015444189
898,0.0020295188
899,0.02024102
900,0.035500806
901,0.02869067
902,0.00864452
903,0.0002523
904,0.01569797
905,0.04258217
906,0.057750475
907,0.001287075
908,0.000567675
909,0.0051483
910,0.00034680005
911,5.8800008e-05
912,6.075e-06
913,0.00019126877
914,0.00062791875
915,0.0012001687
916,0.014322677
917,0.029578803
918,0.000924075
919,0.0033075
920,0.0026508
921,7.441876e-05
922,0.003323269
923,0.012120301
924,0.0013366687
925,0.0013567688
926,0.0139968
927,0.0013467001
928,0.0074655185
929,0.008068801
930,0.002129419
931,0.0008586751
932,0.01239317
933,0.03038492
934,0.0017214188
935,0.0011625189
936,0.01023977
937,0.0155952005
938,0.009240076
939,0.000180075
940,0.006438676
941,0.0015768749
942,0.00192
943,0.0023896687
944,0.0025668752
945,0.002310019
946,0.017605519
947,0.0008347687
948,0.0019683002
949,2.7074999e-05
950,0.0023629686
951,0.00091576885
952,0.01051877
953,0.0223587
954,0.023478018
955,7.921875e-05
956,5.8800008e-05
957,0.00026551876
958,0.000676875
959,0.00985547
960,0.0018135187
961,0.001884169
962,0.01875
963,0.032967675
964,0.0005547001
965,1.8018749e-05
966,7.441876e-05
967,0.00029296876
968,0.0007726687
969,0.01083
970,0.025886716
971,0.0012577688
972,0.006999769
973,0.00037276876
974,5.4675e-05
975,7.5e-06
976,0.001026675
977,0.00062791875
978,0.0011163
979,0.013419676
980,0.001710075
981,0.001171875
982,0.0008347687
983,0.00040516877
984,0.0014076749
985,0.00018750002
986,0.0015660189
987,0.0010890188
988,0.01257677
989,0.0015987
990,0.011203669
991,0.0006912
992,0.0023763
993,1.6875e-07
994,0.00019891876
995,0.0045018755
996,0.0143554695
997,0.023394167
998,0.0007575188
999,0.0037632005
1000,0.0048960187
1001,0.002054269
1002,6.0918752e-05
1003,0.005589675
1004,0.0015552
1005,0.016461918
1006,0.0022317187
1007,0.017532919
1008,0.001491075
1009,0.008019675
1010,0.00867
1011,0.0023496752
1012,0.0008034188
1013,0.012515418
1014,0.0021675
1015,0.002142075
1016,0.002296875
1017,0.020046677
1018,0.0013668751
1019,0.00040516877
1020,0.001287075
1021,3e-05
1022,0.002310019
1023,0.009612301
1024,0.018339772
1025,0.020908799
1026,0.014224518
1027,0.003984769
1028,0.00039421872
1029,0.0077040186
1030,0.020475468
1031,0.03072
1032,0.03212777
1033,0.024196802
1034,9.187501e-05
1035,1.2000002e-06
1036,3.0000004e-07
1037,3.1518754e-05
1038,0.0011346751
1039,0.000541875
1040,0.0078004682
1041,0.0015444189
1042,0.0016875002
1043,0.01702892
1044,0.0015877689
1045,0.0007726687
1046,0.004284075
1047,3.6300004e-05
1048,0.00027000002
1049,0.0035643002
1050,0.000957675
1051,0.0012384187
1052,0.0014700001
1053,0.013293076
1054,0.020358076
1055,0.00012301876
1056,0.00010546876
1057,0.00039421872
1058,0.00091576885
1059,0.0015336752
1060,0.0020418752
1061,0.02039717
1062,0.0357075
1063,0.028830001
1064,4.8000006e-06
1065,0.0030300752
1066,0.0116427
1067,0.0013467001
1068,0.013041675
1069,0.0018369188
1070,0.014851876
1071,0.0013067999
1072,0.0006142687
1073,0.0032760752
1074,1.576875e-05
1075,0.00045046877
1076,0.00053551875
1077,0.008068801
1078,0.0014490751
1079,0.01257677
1080,0.0011531999
1081,0.0063074995
1082,0.000180075
1083,1.875e-06
1084,0.0001728
1085,0.00060076884
1086,0.0011625189
1087,0.014029221
1088,0.02906297
1089,0.02953172
1090,0.014818518
1091,0.0002187
1092,0.0069540194
1093,0.0015229688
1094,0.015801076
1095,0.03544922
1096,0.04366268
1097,0.0007129687
1098,0.0023364185
1099,0.0026086688
1100,3.1687503e-06
1101,0.0010005188
1102,0.000567675
1103,0.008118075
1104,0.02150702
1105,0.030624077
1106,0.027270675
1107,0.014029221
1108,8.1674996e-05
1109,0.00049207505
1110,0.006660301
1111,0.01738817
1112,0.0013872002
1113,0.012362699
1114,0.0017327999
1115,0.0015016687
1116,0.01323
1117,0.020163167
1118,0.00012
1119,0.00011407501
1120,0.0026508
1121,0.00089107506
1122,0.01083
1123,0.025317073
1124,0.030816074
1125,0.021547202
1126,0.0063729193
1127,7.2074996e-05
1128,0.009398701
1129,0.027542701
1130,0.04095908
1131,0.0013366687
1132,0.0085683
1133,0.0010005188
1134,0.0007129687
1135,0.0004981688
1136,0.002679075
1137,7.5e-06
1138,0.00057421875
1139,0.0046687694
1140,0.0129480185
1141,0.02039717
1142,0.0006627
1143,0.0003024188
1144,0.00019126877
1145,0.0008034188
1146,1.1718751e-05
1147,0.00026107504
1148,0.0052668746
1149,0.015973669
1150,0.001296919
1151,0.00985547
1152,0.00089107506
1153,0.0048196693
1154,0.00012301876
1155,8.26875e-06
1156,0.0009661688
1157,0.0007056751
1158,0.009585468
1159,0.001609669
1160,0.001459519
1161,0.0129480185
1162,0.019776167
1163,0.00011701877
1164,6.976875e-05
1165,0.0024300003
1166,0.0008829187
1167,0.0013366687
1168,0.015526878
1169,0.031590074
1170,0.0316875
1171,8.416876e-05
1172,8.416876e-05
1173,0.002129419
1174,0.0007203
1175,0.001171875
1176,0.0018018751
1177,0.002310019
1178,0.002497969
1179,0.0217083
1180,0.03301742
1181,0.00023941875
1182,2.0418749e-05
1183,0.002104219
1184,0.0008829187
1185,0.0013467001
1186,0.0018369188
1187,0.002054269
1188,0.01819172
1189,0.02767922
1190,0.017352076
1191,0.000180075
1192,0.007489201
1193,0.001767169
1194,0.017934076
1195,0.037807498
1196,0.04190672
1197,0.026418172
1198,2.7074999e-05
1199,0.003045169
1200,0.009774076
1201,0.0010179187
1202,0.0012384187
1203,0.0153228
1204,0.0022059188
1205,0.017460467
1206,0.001491075
1207,0.008044219
1208,0.008695519
1209,1.08e-05
1210,0.00043319998
1211,0.0074655185
1212,0.02063252
1213,0.0014386689
1214,0.0010800001
1215,0.0010179187
1216,0.0077280756
1217,0.009213768
1218,2.7e-06
1219,0.00037807503
1220,0.00093241886
1221,0.012515418
1222,0.02906297
1223,0.03473102
1224,0.0003834188
1225,0.0005104688
1226,9.918751e-06
1227,0.0001728
1228,0.0036963
1229,0.001062075
1230,0.0014700001
1231,0.001956169
1232,0.0021675
1233,0.019051202
1234,0.0290163
1235,0.00020280002
1236,5.266875e-05
1237,0.00035707498
1238,0.0008667188
1239,0.0118803
1240,0.027861768
1241,0.03361727
1242,0.023185201
1243,4.8000006e-06
1244,0.001956169
1245,0.0006417188
1246,0.008068801
1247,0.021067498
1248,0.031201873
1249,0.030912302
1250,0.02028
1251,1.875e-06
1252,0.000541875
1253,0.0022059188
1254,0.005207419
1255,0.0095052
1256,0.014224518
1257,0.00074251875
1258,0.0064606695
1259,0.014061675
1260,0.015424669
1261,0.00839177
1262,0.00075000006
1263,0.002721769
1264,0.0016650752
1265,0.0022317187
1266,0.024840022
1267,0.051046874
1268,0.0018252002
1269,0.00867
1270,0.00042187504
1271,6.3075e-05
1272,5.418751e-06
1273,0.000957675
1274,0.0006142687
1275,0.001098075
1276,0.013324669
1277,0.0016987688
1278,0.001171875
1279,0.00864452
1280,0.00034171878
1281,6.075e-06
1282,0.00034680005
1283,0.003613519
1284,0.000924075
1285,0.010101676
1286,0.02142677
1287,0.00072766875
1288,0.00019891876
1289,4.32e-05
1290,9.918751e-06
1291,0.00020671875
1292,0.0045202686
1293,0.0011812687
1294,0.0014386689
1295,0.014818518
1296,0.026641203
1297,0.021870002
1298,0.0065490194
1299,0.00028366878
1300,0.0137067195
1301,0.002736075
1302,0.02527352
1303,0.0029850188
1304,0.0022707
1305,0.019392917
1306,0.0293907
1307,0.00020280002
1308,5.4675e-05
1309,0.0022059188
1310,0.00085066876
1311,0.0013067999
1312,0.015288919
1313,0.0018723003
1314,0.0012675
1315,0.0008992688
1316,0.005326669
1317,6.7500005e-05
1318,0.0001323
1319,0.00043891877
1320,0.00094921875
1321,0.011940075
1322,0.0015660189
1323,0.001098075
1324,0.008142768
1325,0.009720001
1326,0.003167269
1327,0.0005292
1328,0.0014490751
1329,0.0021547687
1330,0.023226922
1331,0.0025807687
1332,0.0016539188
1333,0.0122412015
1334,0.0005292
1335,3e-05
1336,5.4675e-05
1337,0.002296875
1338,0.0008667188
1339,0.0011907001
1340,0.012730801
1341,0.0012480749
1342,0.0069540194
1343,0.007489201
1344,1.4700002e-05
1345,0.0024706689
1346,0.0009832687
1347,0.0014490751
1348,0.0019440751
1349,0.019469272
1350,0.0017902686
1351,0.009828299
1352,0.0109443
1353,0.0033867192
1354,0.00058080006
1355,0.0015444189
1356,0.0022576689
1357,0.024196802
1358,0.002664919
1359,0.017532919
1360,0.0010531688
1361,0.00027000002
1362,0.0006556688
1363,1.2000002e-06
1364,0.0027504186
1365,0.011672269
1366,0.021627676
1367,0.023772677
1368,0.00022276877
1369,0.00022276877
1370,2.0418749e-05
1371,0.0011254689
1372,0.0053868005
1373,0.00094921875
1374,0.0012772689
1375,0.014885269
1376,0.03048047
1377,0.00093241886
1378,0.003323269
1379,0.0026508
1380,7.441876e-05
1381,0.0033390748
1382,0.012150469
1383,0.0013366687
1384,0.0013567688
1385,0.0015660189
1386,0.0014805186
1387,0.011261718
1388,0.013964419
1389,0.005346675
1390,0.0001323
1391,0.011290802
1392,0.03271952
1393,0.045629997
1394,0.03839552
1395,0.017897418
1396,0.0019080188
1397,0.0027504186
1398,0.0018486752
1399,0.019853272
1400,0.0027936753
1401,0.0027075
1402,0.0031212
1403,0.0031981687
1404,0.027497267
1405,0.0018723003
1406,0.000594075
1407,0.0022317187
1408,6.7687497e-06
1409,0.00032176875
1410,0.006027919
1411,0.016602768
1412,0.001026675
1413,0.00060076884
1414,0.00040516877
1415,0.002091675
1416,0.0010800001
1417,0.00019126877
1418,0.0008829187
1419,0.0015229688
1420,0.0020295188
1421,0.0022446748
1422,0.019660803
1423,0.0013467001
1424,0.005427075
1425,3.9675004e-05
1426,0.0003024188
1427,0.00050430006
1428,0.007824676
1429,0.02000792
1430,0.0011071688
1431,0.0006142687
1432,0.00041070004
1433,0.00015870002
1434,4.8000006e-06
1435,9.451876e-05
1436,0.00045630004
1437,0.0009918751
1438,0.012332269
1439,0.001609669
1440,0.011290802
1441,0.0006912
1442,0.0024165187
1443,1.6875e-07
1444,0.00019891876
1445,0.004483519
1446,0.0011812687
1447,0.012362699
1448,0.025404302
1449,0.025886716
1450,0.013041675
1451,0.0010179187
1452,0.0040368
1453,0.0021547687
1454,0.02297717
1455,0.0030906748
1456,0.0027075
1457,0.025623022
1458,0.0022576689
1459,0.0122412015
1460,0.013899769
1461,6.75e-07
1462,0.00041070004
1463,0.00097470003
1464,0.001609669
1465,0.0021168
1466,0.021027772
1467,0.036802523
1468,0.02962592
1469,4.8000006e-06
1470,0.00053551875
1471,0.0082668
1472,0.02207297
1473,0.03276908
1474,0.032275204
1475,0.020908799
1476,0.006999769
1477,0.00023941875
1478,0.0006697688
1479,0.001026675
1480,0.0015660189
1481,0.01875
1482,0.002736075
1483,0.002497969
1484,0.023899518
1485,0.041181076
1486,0.032868303
1487,5.418751e-06
1488,0.003323269
1489,0.0011071688
1490,0.012885769
1491,0.030432679
1492,0.0016650752
1493,0.011001674
1494,0.0183027
1495,0.014224518
1496,1.576875e-05
1497,0.00043891877
1498,0.00093241886
1499,0.0015768749
1500,0.018825075
1501,0.040516876
1502,0.0015987
1503,0.008019675
1504,0.00040516877
1505,0.0011346751
1506,1.1718751e-05
1507,0.0015016687
1508,0.00075000006
1509,0.009801169
1510,0.0016206751
1511,0.001459519
1512,0.012979201
1513,0.00089107506
1514,0.003354919
1515,6.7687497e-06
1516,0.00015870002
1517,0.003984769
1518,0.013198519
1519,0.0012096752
1520,0.00953192
1521,0.016708802
1522,0.00027451874
1523,0.00024796877
1524,7.921875e-05
1525,0.00042187504
1526,0.000957675
1527,0.012792675
1528,0.029578803
1529,0.035191875
1530,0.023941876
1531,0.0067275185
1532,0.00058080006
1533,0.0013974188
1534,0.0020172002
1535,0.02306027
1536,0.003151875
1537,0.0027648
1538,0.0261075
1539,0.044698805
1540,0.0007203
1541,2.7074999e-05
1542,2.8518753e-05
1543,0.0015444189
1544,0.007254075
1545,0.0010890188
1546,0.0012480749
1547,0.0014805186
1548,0.013324669
1549,0.02039717
1550,0.00012301876
1551,0.00010546876
1552,0.00039421872
1553,0.00091576885
1554,0.0015336752
1555,0.017532919
1556,0.035140518
1557,0.03468
1558,8.416876e-05
1559,9.451876e-05
1560,0.00034171878
1561,0.0056925192
1562,0.01667342
1563,0.0014386689
1564,0.012210919
1565,0.0014282999
1566,0.0099372
1567,0.014289919
1568,0.007970701
1569,0.00034680005
1570,0.004953675
1571,0.022852799
1572,0.002283769
1573,0.018451199
1574,0.0019440751
1575,0.0129480185
1576,0.018414019
1577,8.1674996e-05
1578,9.451876e-05
1579,0.0028081688
1580,0.010462669
1581,0.020046677
1582,0.024796875
1583,0.02039717
1584,5.4675e-05
1585,1.8018749e-05
1586,9.187501e-05
1587,0.0020049186
1588,0.0074655185
1589,0.001026675
1590,0.01083
1591,0.0016428002
1592,0.001459519
1593,0.0013567688
1594,0.010323075
1595,0.00043319998
1596,1.6875001e-05
1597,7.2074996e-05
1598,0.0026226752
1599,0.00091576885
1600,0.010350918
1601,0.022032302
1602,0.00074251875
1603,0.00020671875
1604,4.501875e-05
1605,9.075001e-06
1606,0.00020280002
1607,0.0044652
1608,0.001171875
1609,0.0014282999
1610,0.0016539188
1611,0.0015552
1612,0.011820677
1613,0.0147519205
1614,1.51875e-06
1615,0.00034680005
1616,0.00089107506
1617,0.0015123001
1618,0.0020295188
1619,0.020202074
1620,0.03544922
1621,0.000594075
1622,2.1675003e-05
1623,6.3075e-05
1624,0.00028829998
1625,0.0007650751
1626,0.0013567688
1627,0.015870001
1628,0.032275204
1629,0.032275204
1630,8.416876e-05
1631,8.670001e-05
1632,0.00032176875
1633,0.0055080755
1634,0.001296919
1635,0.0016539188
1636,0.018451199
1637,0.0021547687
1638,0.01452
1639,0.020750703
1640,9.991875e-05
1641,0.000195075
1642,0.0030906748
1643,0.000924075
1644,0.0013467001
1645,0.01556102
1646,0.0316875
1647,0.03173627
1648,8.416876e-05
1649,8.416876e-05
1650,0.002129419
1651,0.0007203
1652,0.001171875
1653,0.0018018751
1654,0.020046677
1655,0.002296875
1656,0.015424669
1657,0.021991668
1658,0.000108299995
1659,0.000180075
1660,0.0030603004
1661,0.010546875
1662,0.019699218
1663,0.024111675
1664,0.00048
1665,0.000165675
1666,0.0010890188
1667,0.0008190188
1668,1.08e-05
1669,0.002970075
1670,0.0011163
1671,0.0015660189
1672,0.01767827
1673,0.002091675
1674,0.01415927
1675,0.0008586751
1676,0.0030906748
1677,0.0016206751
1678,0.000111168745
1679,0.00094921875
1680,0.013072968
1681,0.0020049186
1682,0.0017327999
1683,0.015120075
1684,0.023018703
1685,0.00014520001
1686,8.416876e-05
1687,0.002525419
1688,0.00089107506
1689,0.0013366687
1690,0.015526878
1691,0.031590074
1692,0.000957675
1693,0.00024796877
1694,0.0009832687
1695,0.00021466878
1696,0.0008829187
1697,0.007512919
1698,0.0013467001
1699,0.013135669
1700,0.026418172
1701,0.00081120007
1702,0.002866519
1703,0.0022188004
1704,8.1674996e-05
1705,0.003354919
1706,0.0010710187
1707,0.012454219
1708,0.028274704
1709,0.03351692
1710,0.00036226877
1711,1.576875e-05
1712,6.7687497e-06
1713,0.00012607501
1714,0.00045630004
1715,0.007489201
1716,0.020553922
1717,0.0014386689
1718,0.0010710187
1719,0.0010092
1720,0.00073507504
1721,0.004266169
1722,3.7968755e-05
1723,9.451876e-05
1724,0.0004740187
1725,0.00768
1726,0.019853272
1727,0.026019074
1728,0.0003834188
1729,3.6300004e-05
1730,2.1675003e-05
1731,9.451876e-05
1732,0.002721769
1733,0.000924075
1734,0.01114577
1735,0.025930801
1736,0.031395677
1737,0.02182952
1738,3.6750005e-06
1739,0.00030720004
1740,0.0047628004
1741,0.0010710187
1742,0.001459519
1743,0.017532919
1744,0.0024165187
1745,0.0019683002
1746,0.0017786999
1747,0.0013067999
1748,0.008118075
1749,0.0075604687
1750,0.001026675
1751,0.0008829187
1752,0.0018018751
1753,0.0023364185
1754,0.023018703
1755,0.0020667
1756,0.0009918751
1757,0.0057339184
1758,7.680001e-05
1759,6.526876e-05
1760,0.0025668752
1761,0.0009075
1762,0.010350918
1763,0.0013668751
1764,0.009801169
1765,0.014191875
1766,5.671875e-05
1767,9.72e-05
1768,0.00043891877
1769,0.00097470003
1770,0.012979201
1771,0.029862074
1772,0.03544922
1773,0.02406917
1774,0.0067275185
1775,0.0005874188
1776,0.010887076
1777,0.027045019
1778,0.0017786999
1779,0.0015987
1780,0.0175692
1781,0.03498668
1782,0.03442547
1783,0.016638076
1784,0.0011907001
1785,0.0014282999
1786,0.002443519
1787,0.0273612
1788,0.05748752
1789,0.0023763
1790,0.0134832
1791,0.021306677
1792,0.00028829998
1793,0.00018750002
1794,0.000165675
1795,0.00046807507
1796,0.0010092
1797,0.013293076
1798,0.0020172002
1799,0.0162867
1800,0.027724799
1801,0.021910518
1802,0.006156169
1803,0.00042187504
1804,0.0020418752
1805,0.0028812
1806,0.031105202
1807,0.061971076
1808,0.06396392
1809,0.00037276876
1810,9.72e-05
1811,0.00013546876
1812,0.00028829998
1813,0.0050116694
1814,0.0151875
1815,0.0013872002
1816,0.012000001
1817,0.0238572
1818,0.023984272
1819,6.526876e-05
1820,7.441876e-05
1821,0.001956169
1822,0.0074655185
1823,0.0155952005
1824,0.0010800001
1825,0.0010443002
1826,0.0012577688
1827,0.0115248
1828,0.00079567503
1829,0.00019891876
1830,9.075001e-06
1831,8.1674996e-05
1832,0.0027504186
1833,0.00093241886
1834,0.010490701
1835,0.022276876
1836,0.00075000006
1837,0.00020671875
1838,0.0007803
1839,0.00011407501
1840,0.0010890188
1841,0.007824676
1842,0.01871252
1843,0.0012096752
1844,0.000924075
1845,0.0008829187
1846,0.0006417188
1847,0.00363
1848,0.0025530187
1849,0.000165675
1850,0.0007803
1851,0.0014076749
1852,0.00192
1853,0.002129419
1854,0.01875
1855,0.001287075
1856,0.00037276876
1857,0.0011346751
1858,3.6300004e-05
1859,0.0024300003
1860,0.00091576885
1861,0.0012480749
1862,0.01323
1863,0.0240267
1864,0.019853272
1865,4.8000006e-06
1866,0.0024570748
1867,0.0099372
1868,0.0012577688
1869,0.0014700001
1870,0.0019320189
1871,0.002142075
1872,0.018825075
1873,0.02869067
1874,0.00019891876
1875,5.266875e-05
1876,0.0021930751
1877,0.00085066876
1878,0.0013067999
1879,0.0018018751
1880,0.0020172002
1881,0.0018604689
1882,0.01415927
1883,0.017970769
1884,0.0074655185
1885,0.0005292
1886,0.0016206751
1887,0.019699218
1888,0.042243775
1889,0.046807505
1890,0.029250018
1891,0.0069768755
1892,0.0004981688
1893,0.0019804689
1894,0.022770077
1895,0.049207505
1896,0.0591408
1897,0.001026675
1898,0.004338019
1899,0.0069768755
1900,0.0052867695
1901,2.43e-05
1902,0.00033667503
1903,0.0058171684
1904,0.0013467001
1905,0.0016987688
1906,0.018787522
1907,0.03722402
1908,0.001062075
1909,0.003646519
1910,0.002910675
1911,0.00016921875
1912,0.000621075
1913,0.0013467001
1914,0.016779674
1915,0.0023629686
1916,0.0019440751
1917,0.0017442189
1918,0.001287075
1919,0.0006912
1920,0.00019891876
1921,0.00021466878
1922,0.00037276876
1923,0.0050116694
1924,0.013835271
1925,0.0008992688
1926,0.000541875
1927,0.00036750003
1928,0.0018604689
1929,1.6875e-07
1930,0.0008427
1931,0.00062791875
1932,0.008772301
1933,0.0015229688
1934,0.01301042
1935,0.0011907001
1936,0.0005611687
1937,0.00023101876
1938,0.0005611687
1939,7.2074996e-05
1940,0.00048
1941,0.0077763004
1942,0.0014386689
1943,0.012515418
1944,0.0011531999
1945,0.0005482688
1946,0.0028812
1947,0.0017902686
1948,0.00019126877
1949,0.0008034188
1950,0.0014282999
1951,0.01653227
1952,0.0019926752
1953,0.0013366687
1954,0.00985547
1955,0.012030019
1956,0.004302019
1957,0.00025666875
1958,0.0016650752
1959,0.0024570748
1960,0.0029551692
1961,0.003075469
1962,0.002736075
1963,0.020829676
1964,0.027180301
1965,3.6300004e-05
1966,0.0012192187
1967,0.00768
1968,0.017970769
1969,0.0011625189
1970,0.0084672
1971,0.0007726687
1972,0.00035707498
1973,0.0017214188
1974,0.0007575188
1975,0.00023941875
1976,0.0058171684
1977,0.0013974188
1978,0.001609669
1979,0.0018135187
1980,0.0016875002
1981,0.012854701
1982,0.000567675
1983,3.7968755e-05
1984,7.441876e-05
1985,0.00036750003
1986,0.006416719
1987,0.017352076
1988,0.0010354688
1989,0.006285769
1990,0.00035191872
1991,5.0700004e-05
1992,9.075001e-06
1993,0.0010531688
1994,0.0059010186
1995,0.014289919
1996,0.0010354688
1997,0.007897519
1998,0.00074251875
1999,0.00034680005
2000,0.0016650752
2001,0.0007056751
2002,0.00024367501
2003,0.005838076
2004,0.017605519
2005,0.0013770189
2006,0.010267501
2007,0.00091576885
2008,0.00042751874
2009,0.002142075
2010,0.001098075
2011,0.00018750002
2012,0.0008829187
2013,0.0015229688
2014,0.017496677
2015,0.035089202
2016,0.001026675
2017,0.00025666875
2018,6.526876e-05
2019,1.576875e-05
2020,0.00018750002
2021,0.0006417188
2022,0.0012192187
2023,0.0017214188
2024,0.017532919
2025,0.0016428002
2026,0.00079567503
2027,0.0044469186
2028,4.141875e-05
2029,0.00024796877
2030,0.0034668753
2031,0.00094921875
2032,0.010434675
2033,0.0013668751
2034,0.0009661688
2035,0.0071842694
2036,0.008442019
2037,0.0025530187
2038,0.0005874188
2039,0.0015336752
2040,0.01875
2041,0.04046177
2042,0.001609669
2043,0.00072766875
2044,0.00048
2045,0.0025530187
2046,5.418751e-06
2047,0.0006142687
2048,0.00057421875
2049,0.0010800001
2050,0.0015660189
2051,0.01618202
2052,0.0015336752
2053,0.0084672
2054,0.009292801
2055,0.0026508
2056,0.0006984188
2057,0.0124236755
2058,0.0022059188
2059,0.019776167
2060,0.002129419
2061,0.0013770189
2062,0.00097470003
2063,0.005838076
2064,0.0049344194
2065,0.000316875
2066,0.0035643002
2067,0.0017442189
2068,0.018117918
2069,0.002079169
2070,0.014029221
2071,0.020046677
2072,9.451876e-05
2073,0.00020280002
2074,0.0031365189
2075,0.000924075
2076,0.0013467001
2077,0.01556102
2078,0.0316875
2079,0.03173627
2080,0.015629418
2081,0.00023941875
2082,0.0010443002
2083,0.013419676
2084,0.031980675
2085,0.042638704
2086,0.03754172
2087,0.021147078
2088,9.918751e-06
2089,0.000210675
2090,0.0027648
2091,0.00060076884
2092,0.007347675
2093,0.0195075
2094,0.001491075
2095,0.012210919
2096,0.0014179689
2097,0.009828299
2098,0.014094169
2099,0.007848919
2100,0.00033166877
2101,0.0011531999
2102,0.016779674
2103,0.039204676
2104,0.048722703
2105,0.037171204
2106,3.4668756e-05
2107,0.00036226877
2108,0.00020671875
2109,0.0031827001
2110,0.0100467
2111,0.018451199
2112,0.023772677
2113,0.0223587
2114,0.014586076
2115,0.0051679686
2116,0.00012
2117,0.0005874188
2118,0.008316676
2119,0.0015123001
2120,0.0153906755
2121,0.0344763
2122,0.042638704
2123,0.032917973
2124,3.7968755e-05
2125,0.00026551876
2126,0.0016206751
2127,0.004575675
2128,0.000621075
2129,0.000957675
2130,0.0015552
2131,0.01767827
2132,0.03534617
2133,0.0010354688
2134,0.0035806692
2135,4.501875e-05
2136,4.141875e-05
2137,0.0018135187
2138,0.0007803
2139,0.009964518
2140,0.023814918
2141,0.02953172
2142,0.021027772
2143,0.006416719
2144,4.501875e-05
2145,0.00890102
2146,0.026730675
2147,0.04035167
2148,0.040516876
2149,0.028320769
2150,5.266875e-05
2151,3.1687503e-06
2152,8.1674996e-05
2153,6.7500005e-05
2154,0.0015768749
2155,0.0006142687
2156,0.0083667
2157,0.021910518
2158,0.0014490751
2159,0.010267501
2160,0.017496677
2161,0.00027451874
2162,0.000226875
2163,0.000111168745
2164,0.0029850188
2165,0.0009661688
2166,0.0013974188
2167,0.016077677
2168,0.0019440751
2169,0.0013067999
2170,0.009666075
2171,0.011761201
2172,0.004159519
2173,0.00027451874
2174,0.0016539188
2175,0.020436302
2176,0.04366268
2177,0.0016875002
2178,0.00074251875
2179,0.00049207505
2180,0.0026367188
2181,6.7687497e-06
2182,0.0005874188
2183,0.000567675
2184,0.008341669
2185,0.0014805186
2186,0.012730801
2187,0.001171875
2188,0.0005547001
2189,0.002925469
2190,0.0018252002
2191,0.00019126877
2192,0.005487769
2193,0.01702892
2194,0.0013770189
2195,0.0010890188
2196,0.001026675
2197,0.00075000006
2198,0.00035707498
2199,5.671875e-05
2200,1.08e-05
2201,0.0016875002
2202,0.00078796875
2203,0.0011439187
2204,0.0013974188
2205,0.012669076
2206,0.0008748
2207,0.0033075
2208,0.0018486752
2209,0.0002187
2210,0.0008586751
2211,0.001491075
2212,0.017100468
2213,0.03442547
2214,0.034121267
2215,8.416876e-05
2216,0.00026551876
2217,0.00034680005
2218,0.005589675
2219,0.001296919
2220,0.013932074
2221,0.03072
2222,0.0013266751
2223,0.0006417188
2224,0.00042751874
2225,0.0022188004
2226,0.0011907001
2227,0.00015526875
2228,0.0008829187
2229,0.0122412015
2230,0.028644297
2231,0.0013366687
2232,0.0006697688
2233,0.00044467498
2234,0.0023496752
2235,0.0013067999
2236,0.00012301876
2237,0.0057546757
2238,0.018339772
2239,0.0014700001
2240,0.01091567
2241,0.01871252
2242,0.014851876
2243,0.0039675003
2244,0.0005292
2245,0.012515418
2246,0.0023496752
2247,0.0024843
2248,0.025842678
2249,0.049146768
2250,0.0012772689
2251,0.00029296876
2252,7.680001e-05
2253,1.51875e-06
2254,0.00016216876
2255,0.00058080006
2256,0.008823675
2257,0.02207297
2258,0.0011625189
2259,0.006682669
2260,0.009135076
2261,0.0045571686
2262,0.0002187
2263,0.0062208
2264,0.018825075
2265,0.030099168
2266,0.031492803
2267,0.0217083
2268,0.008019675
2269,0.00026107504
2270,0.0034186689
2271,0.0013366687
2272,0.01448702
2273,0.033216767
2274,0.043263026
2275,0.037382696
2276,0.02063252
2277,0.0050505185
2278,7.441876e-05
2279,0.0065712007
2280,0.01826567
2281,0.0013770189
2282,0.01227152
2283,0.0018723003
2284,0.0168507
2285,0.0324723
2286,0.031492803
2287,0.01495217
2288,0.00094921875
2289,0.0051483
2290,0.0024165187
2291,0.025012968
2292,0.0032760752
2293,0.026373675
2294,0.047640678
2295,0.0011531999
2296,0.0035806692
2297,3.7968755e-05
2298,4.876875e-05
2299,0.001956169
2300,0.0008034188
2301,0.010156801
2302,0.024154218
2303,0.029814772
2304,0.021147078
2305,0.006416719
2306,4.876875e-05
2307,0.0014179689
2308,0.017787674
2309,0.04035167
2310,0.050923202
2311,0.04201892
2312,0.021587418
2313,3.7968755e-05
2314,0.0021802688
2315,0.0058171684
2316,0.0095052
2317,0.01257677
2318,0.0006142687
2319,0.00074251875
2320,0.009558675
2321,0.020988075
2322,0.022440676
2323,8.416876e-05
2324,5.0700004e-05
2325,0.0015987
2326,0.006593419
2327,0.01448702
2328,0.0010800001
2329,0.009398701
2330,0.019354803
2331,0.0006417188
2332,0.0023496752
2333,0.001767169
2334,1.9200002e-05
2335,0.0028812
2336,0.013167076
2337,0.025491677
2338,0.030576168
2339,0.0238572
2340,3.9675004e-05
2341,3.7968755e-05
2342,0.00012916875
2343,0.0024843
2344,0.0085683
2345,0.01681517
2346,0.0010710187
2347,0.008978699
2348,0.0011254689
2349,0.00081120007
2350,0.005985469
2351,0.0068856752
2352,9.918751e-06
2353,0.000399675
2354,0.007068676
2355,0.0015016687
2356,0.0016762686
2357,0.016921874
2358,0.0015877689
2359,0.008721075
2360,0.009585468
2361,0.0027792188
2362,0.00058080006
2363,0.0015123001
2364,0.0022188004
2365,0.023814918
2366,0.045864303
2367,0.0012288002
2368,0.00028829998
2369,0.0011812687
2370,4.2187503e-06
2371,0.0012288002
2372,0.006615675
2373,0.015458701
2374,0.022032302
2375,0.000594075
2376,0.00024796877
2377,0.0016987688
2378,2.5668753e-05
2379,4.501875e-05
2380,0.00031201873
2381,0.0058171684
2382,0.0013467001
2383,0.0015552
2384,0.01590452
2385,0.0015016687
2386,0.00072766875
2387,0.004019419
2388,3.1518754e-05
2389,0.00030720004
2390,0.0037296754
2391,0.0009661688
2392,0.010462669
2393,0.0013668751
2394,0.0009661688
2395,0.0071842694
2396,0.008442019
2397,0.0025530187
2398,0.0005292
2399,0.010546875
2400,0.02767922
2401,0.03786077
2402,0.031980675
2403,0.015221271
2404,0.0001323
2405,0.00062791875
2406,0.007995169
2407,0.0014386689
2408,0.0147852
2409,0.0022188004
2410,0.002129419
2411,0.0022707
2412,0.0020667
2413,0.015766669
2414,0.00072766875
2415,0.001609669
2416,0.00014851875
2417,0.0004981688
2418,0.00867
2419,0.0015660189
2420,0.001459519
2421,0.0129480185
2422,0.019737678
2423,0.012000001
2424,0.0010443002
2425,0.0012480749
2426,0.0023232002
2427,0.0261075
2428,0.053425197
2429,0.001884169
2430,0.008875201
2431,0.00043319998
2432,0.0012001687
2433,0.00024796877
2434,0.00094921875
2435,0.00794627
2436,0.0195075
2437,0.027270675
2438,0.024324771
2439,9.72e-05
2440,3.0000004e-07
2441,0.0003834188
2442,0.0024030753
2443,0.00060076884
2444,0.0010179187
2445,0.01326152
2446,0.0020049186
2447,0.0017214188
2448,0.015052802
2449,0.02289422
2450,0.00014520001
2451,8.670001e-05
2452,0.00039421872
2453,0.0067725196
2454,0.019089017
2455,0.0013872002
2456,0.010184418
2457,0.0009075
2458,0.00042187504
2459,0.00015526875
2460,3.6750005e-06
2461,0.00035707498
2462,0.003613519
2463,0.011116875
2464,0.01875
2465,0.00068401877
2466,0.00033166877
2467,0.0023364185
2468,0.0022446748
2469,0.00016216876
2470,0.00052291877
2471,0.0012096752
2472,0.0153906755
2473,0.0022317187
2474,0.01767827
2475,0.0015123001
2476,0.008118075
2477,0.008797969
2478,1.08e-05
2479,0.0024300003
2480,0.0103788
2481,0.0013067999
2482,0.0013770189
2483,0.01415927
2484,0.025535423
2485,0.020948421
2486,0.006242419
2487,0.00029296876
2488,0.01345142
2489,0.03659267
2490,0.0023232002
2491,0.01681517
2492,0.031008678
2493,0.0008190188
2494,0.002679075
2495,0.001956169
2496,2.5668753e-05
2497,0.002970075
2498,0.013546877
2499,0.0261075
2500,0.031105202
2501,0.024111675
2502,3.6300004e-05
2503,0.00013867502
2504,0.0011254689
2505,0.00033166877
2506,0.0049922997
2507,0.014885269
2508,0.0013567688
2509,0.011761201
2510,0.0013974188
2511,0.0009661688
2512,0.007137919
2513,0.00839177
2514,0.002525419
2515,0.000594075
2516,0.0115248
2517,0.029673075
2518,0.001767169
2519,0.011820677
2520,0.019660803
2521,0.015288919
2522,1.576875e-05
2523,0.00045046877
2524,0.0072075003
2525,0.019891875
2526,0.0015552
2527,0.012669076
2528,0.0014490751
2529,0.0100467
2530,0.014421168
2531,0.008044219
2532,0.00020671875
2533,0.006660301
2534,0.0015987
2535,0.016497077
2536,0.0352947
2537,0.0014282999
2538,0.0073008006
2539,0.00037276876
2540,5.266875e-05
2541,8.26875e-06
2542,0.00020280002
2543,0.0006417188
2544,0.0095052
2545,0.023352304
2546,0.0293907
2547,0.0003834188
2548,0.000648675
2549,4.2187503e-06
2550,0.00078796875
2551,0.0004981688
2552,0.0074655185
2553,0.02024102
2554,0.02934377
2555,0.026641203
2556,0.014029221
2557,6.976875e-05
2558,0.00046807507
2559,0.0063948
2560,0.0012577688
2561,0.001609669
2562,0.0189003
2563,0.040516876
2564,0.04510502
2565,0.028320769
2566,2.8518753e-05
2567,0.0032448003
2568,0.0008427
2569,0.009693018
2570,0.024111675
2571,0.0016317187
2572,0.012730801
2573,0.0014386689
2574,0.00097470003
2575,0.0072075003
2576,0.00027000002
2577,0.00025666875
2578,0.00024796877
2579,0.0044469186
2580,0.0011346751
2581,0.0013974188
2582,0.014454076
2583,0.0013872002
2584,0.00768
2585,0.00023941875
2586,0.00016216876
2587,0.00039421872
2588,0.0049344194
2589,0.0143883005
2590,0.0011812687
2591,0.00910892
2592,0.015973669
2593,0.012854701
2594,0.0034347004
2595,0.000516675
2596,0.0015768749
2597,0.0023364185
2598,0.025974922
2599,0.053109173
2600,0.0562467
2601,0.033266705
2602,6.526876e-05
2603,0.0045387005
2604,0.0010354688
2605,0.011174701
2606,0.026775472
2607,0.0016987688
2608,0.0013974188
2609,0.0015877689
2610,0.001491075
2611,0.0113199195
2612,0.00048601878
2613,2.43e-05
2614,6.0918752e-05
2615,0.0024165187
2616,0.009585468
2617,0.0010800001
2618,0.00900467
2619,0.0008586751
2620,0.0046875
2621,0.00011701877
2622,6.7687497e-06
2623,0.0009918751
2624,0.006329268
2625,0.01556102
2626,0.022605078
2627,0.021226801
2628,0.01185047
2629,4.141875e-05
2630,0.0023763
2631,0.0078004682
2632,0.01455302
2633,0.019891875
2634,0.0007803
2635,0.0006984188
2636,0.007897519
2637,0.01508642
2638,0.01282367
2639,0.0037632005
2640,0.000516675
2641,0.010295269
2642,0.027180301
2643,0.0018486752
2644,0.01415927
2645,0.0015444189
2646,0.0010354688
2647,0.00072766875
2648,0.00034171878
2649,5.266875e-05
2650,2.7074999e-05
2651,0.00030720004
2652,0.0057546757
2653,0.0012001687
2654,0.0109443
2655,0.019584075
2656,0.00033667503
2657,5.418751e-06
2658,0.00018376876
2659,0.00033667503
2660,0.00081120007
2661,0.011290802
2662,0.026730675
2663,0.032521673
2664,0.0003834188
2665,0.0005611687
2666,7.5e-06
2667,0.0008829187
2668,0.004781719
2669,0.012210919
2670,0.019891875
2671,0.0008586751
2672,0.0006142687
2673,0.005775469
2674,0.008875201
2675,0.0049344194
2676,0.00010267501
2677,0.004594219
2678,0.019737678
2679,0.0019926752
2680,0.016461918
2681,0.0017902686
2682,0.0011812687
2683,0.008695519
2684,0.010462669
2685,1.2000002e-06
2686,0.00037276876
2687,0.0068176687
2688,0.0014805186
2689,0.01452
2690,0.02896967
2691,0.028830001
2692,0.014094169
2693,0.00023101876
2694,0.0010005188
2695,0.012916875
2696,0.031056916
2697,0.0417387
2698,0.001026675
2699,0.000516675
2700,0.000516675
2701,0.00036750003
2702,0.00013546876
2703,0.00019891876
2704,0.00021466878
2705,0.004054219
2706,0.01301042
2707,0.001171875
2708,0.0009918751
2709,0.00094921875
2710,0.0006912
2711,0.003950269
2712,0.002895919
2713,0.00015526875
2714,0.0007803
2715,0.011088018
2716,0.0264627
2717,0.0012772689
2718,0.0006556688
2719,0.00043891877
2720,0.0001728
2721,7.5e-06
2722,0.00028366878
2723,0.00045046877
2724,0.0071610743
2725,0.0013567688
2726,0.011940075
2727,0.021067498
2728,0.00035191872
2729,6.075e-06
2730,5.671875e-05
2731,0.0020418752
2732,0.008492419
2733,0.017605519
2734,0.023143517
2735,0.00053551875
2736,0.0023364185
2737,0.002910675
2738,4.6875e-07
2739,0.00016921875
2740,0.000541875
2741,0.008442019
2742,0.022440676
2743,0.03178508
2744,0.028090801
2745,9.991875e-05
2746,1.2675001e-05
2747,0.00049207505
2748,0.000279075
2749,0.00063480006
2750,0.009398701
2751,0.024324771
2752,0.0015444189
2753,0.001098075
2754,0.009828299
2755,0.014985676
2756,0.008849419
2757,0.0005482688
2758,0.0011346751
2759,0.0168507
2760,0.03947627
2761,0.048964806
2762,0.0007803
2763,0.002497969
2764,8.416876e-05
2765,1.8750002e-08
2766,7.921875e-05
2767,0.0024165187
2768,0.009398701
2769,0.0011812687
2770,0.0012772689
2771,0.013324669
2772,0.024111675
2773,0.019891875
2774,0.0059220744
2775,0.0006627
2776,0.0016875002
2777,0.002443519
2778,0.0031212
2779,0.031931717
2780,0.0033075
2781,0.021306677
2782,0.030051677
2783,0.017787674
2784,0.0017327999
2785,0.0015552
2786,0.02256392
2787,0.003291769
2788,0.027000003
2789,0.048783176
2790,0.0011812687
2791,0.0036630754
2792,0.0027936753
2793,0.00012301876
2794,0.0027504186
2795,0.013932074
2796,0.0016987688
2797,0.014918702
2798,0.0290163
2799,0.028459199
2800,6.526876e-05
2801,9.187501e-05
2802,0.0022059188
2803,0.00072766875
2804,0.0011812687
2805,0.0018135187
2806,0.0023232002
2807,0.002497969
2808,0.021789074
2809,0.033117022
2810,0.020988075
2811,0.000180075
2812,0.00794627
2813,0.0018486752
2814,0.018562969
2815,0.038880005
2816,0.0015016687
2817,0.007512919
2818,0.009828299
2819,1.576875e-05
2820,0.0005482688
2821,0.0042483
2822,0.012030019
2823,0.02039717
2824,0.023520002
2825,0.018451199
2826,3.7968755e-05
2827,6.526876e-05
2828,0.00010546876
2829,0.0021547687
2830,0.0078004682
2831,0.015870001
2832,0.02215442
2833,0.022317769
2834,0.0155952005
2835,1.08e-05
2836,0.00020671875
2837,0.0012384187
2838,0.00032669998
2839,0.0006556688
2840,0.0012384187
2841,0.015526878
2842,0.03452717
2843,0.0397488
2844,0.025974922
2845,1.576875e-05
2846,0.0026226752
2847,0.00075000006
2848,0.0011071688
2849,0.014191875
2850,0.0022707
2851,0.0021930751
2852,0.02134667
2853,0.037118416
2854,0.0006142687
2855,2.1675003e-05
2856,6.0918752e-05
2857,0.0017786999
2858,0.0076320753
2859,0.016356675
2860,0.0010092
2861,0.00078796875
2862,0.0007726687
2863,0.0058590192
2864,0.00020671875
2865,0.0001323
2866,0.00043891877
2867,0.000648675
2868,0.0011907001
2869,0.014224518
2870,0.0293907
2871,0.029814772
2872,0.014918702
2873,0.0002187
2874,0.0070227003
2875,0.0015229688
2876,0.015870001
2877,0.03555242
2878,0.0017786999
2879,0.0011254689
2880,0.0010443002
2881,0.0007575188
2882,0.0043923
2883,0.003354919
2884,0.00014520001
2885,0.0051090755
2886,0.0013467001
2887,0.013770919
2888,0.02777042
2889,0.027907502
2890,7.441876e-05
2891,7.921875e-05
2892,0.0020418752
2893,0.0007056751
2894,0.0091875
2895,0.0016875002
2896,0.015870001
2897,0.0018135187
2898,0.012332269
2899,0.00075000006
2900,0.0026086688
2901,6.75e-07
2902,0.00019126877
2903,0.0043923
2904,0.0011625189
2905,0.01227152
2906,0.025229998
2907,0.025754703
2908,7.680001e-05
2909,0.000180075
2910,0.0022188004
2911,0.0075604687
2912,0.0151875
2913,0.021306677
2914,0.00073507504
2915,0.004800675
2916,0.0085683
2917,0.00014191875
2918,7.500001e-08
2919,9.187501e-05
2920,0.0025947
2921,0.00985547
2922,0.0012001687
2923,0.001287075
2924,0.013356299
2925,0.001296919
2926,0.00062791875
2927,0.00027000002
2928,3e-05
2929,4.6875004e-05
2930,0.00036226877
2931,0.0063729193
2932,0.017280001
2933,0.023478018
2934,0.0003834188
2935,0.0008347687
2936,6.75e-07
2937,0.000621075
2938,0.0040368
2939,0.011203669
2940,0.0192027
2941,0.00089107506
2942,0.0062208
2943,0.011001674
2944,0.00890102
2945,0.0022317187
2946,0.00048601878
2947,0.0012480749
2948,0.015939075
2949,0.03685507
2950,0.045864303
2951,0.0352947
2952,3.7968755e-05
2953,7.680001e-05
2954,0.0013567688
2955,0.0046875
2956,0.0006912
2957,0.0082668
2958,0.0015444189
2959,0.0147852
2960,0.029296875
2961,0.0290163
2962,7.2074996e-05
2963,0.00025666875
2964,0.00033166877
2965,0.005427075
2966,0.0160083
2967,0.0261075
2968,0.028274704
2969,0.00039421872
2970,0.0012772689
2971,0.0014076749
2972,7.5e-06
2973,0.0010443002
2974,0.005346675
2975,0.013072968
2976,0.02063252
2977,0.022770077
2978,0.017244019
2979,0.007512919
2980,0.0006142687
2981,0.0018604689
2982,0.011001674
2983,0.0014386689
2984,0.014094169
2985,0.03183392
2986,0.039967503
2987,0.0006984188
2988,0.00019126877
2989,0.0012480749
2990,1.1718751e-05
2991,6.0918752e-05
2992,0.002129419
2993,0.00874667
2994,0.017934076
2995,0.001026675
2996,0.0007803
2997,0.0072075003
2998,0.00049207505
2999,0.00010267501
3000,1.6875e-07
3001,0.00014520001
3002,0.0036963
3003,0.012515418
3004,0.0011812687
3005,0.009398701
3006,0.0165675
3007,0.01338797
3008,9.918751e-06
3009,0.000399675
3010,0.0008829187
3011,0.012060075
3012,0.029484672
3013,0.0016875002
3014,0.011203669
3015,0.018675078
3016,0.000279075
3017,0.0002187
3018,0.00012
3019,0.003045169
3020,0.0009661688
3021,0.0013974188
3022,0.001884169
3023,0.018975677
3024,0.0334668
3025,0.000567675
3026,1.9200002e-05
3027,6.976875e-05
3028,0.0018252002
3029,0.0077280756
3030,0.0010890188
3031,0.010659676
3032,0.02207297
3033,0.02281142
3034,0.0116427
3035,0.000924075
3036,0.001062075
3037,0.015629418
3038,0.002525419
3039,0.0025668752
3040,0.02650727
3041,0.0028372689
3042,0.0017902686
3043,0.01323
3044,0.00058080006
3045,0.0011163
3046,6.0918752e-05
3047,0.00048
3048,0.001026675
3049,0.0015229688
3050,0.0157323
3051,0.02822867
3052,0.023101876
3053,0.0069311997
3054,0.00027000002
3055,0.0020418752
3056,0.002925469
3057,0.031395677
3058,0.06251767
3059,0.064449675
3060,0.00037276876
3061,9.187501e-05
3062,0.00014191875
3063,0.002079169
3064,0.0006627
3065,0.008695519
3066,0.0016317187
3067,0.015492769
3068,0.0017786999
3069,0.0011907001
3070,0.008823675
3071,0.0106032
3072,0.0035970751
3073,0.0005292
3074,0.0014700001
3075,0.018117918
3076,0.002497969
3077,0.0020295188
3078,0.017496677
3079,0.0011907001
3080,0.0046875
3081,2.5668753e-05
3082,0.000399675
3083,0.00053551875
3084,0.0010443002
3085,0.01282367
3086,0.026910074
3087,0.0008667188
3088,0.00023520003
3089,0.00091576885
3090,0.00018376876
3091,0.0009408001
3092,0.0075842994
3093,0.0013366687
3094,0.01301042
3095,0.026240418
3096,0.026418172
3097,7.2074996e-05
3098,0.000210675
3099,0.0023629686
3100,0.0077763004
3101,0.0009918751
3102,0.0104067195
3103,0.023984272
3104,0.0011531999
3105,0.0063948
3106,0.008619075
3107,1.4700002e-05
3108,0.00052291877
3109,0.0004981688
3110,0.0076081697
3111,0.0205932
3112,0.029767502
3113,0.00074251875
3114,0.0032448003
3115,0.0040368
3116,7.500001e-08
3117,0.00079567503
3118,0.00053551875
3119,0.007873201
3120,0.0015660189
3121,0.001710075
3122,0.01717217
3123,0.030432679
3124,0.024753772
3125,0.007418269
3126,0.00027451874
3127,0.002129419
3128,0.025404302
3129,0.0544428
3130,0.0023232002
3131,0.0013067999
3132,0.011261718
3133,0.017064676
3134,9.187501e-05
3135,0.00016216876
3136,0.002866519
3137,0.0008992688
3138,0.010801519
3139,0.025229998
3140,0.0012096752
3141,0.000621075
3142,0.0004162688
3143,0.0021547687
3144,1.875e-06
3145,0.00016921875
3146,0.00060076884
3147,0.0090828
3148,0.0015768749
3149,0.01345142
3150,0.023436077
3151,0.0003834188
3152,0.0004162688
3153,2.43e-05
3154,0.0025530187
3155,0.00097470003
3156,0.011761201
3157,0.0018018751
3158,0.014818518
3159,0.025447968
3160,0.02024102
3161,0.0056925192
3162,0.00042187504
3163,0.0139968
3164,0.03685507
3165,0.05030708
3166,0.04417922
3167,0.024282077
3168,2.0418749e-05
3169,0.00027451874
3170,0.003402675
3171,0.000676875
3172,0.00794627
3173,0.02063252
3174,0.030576168
3175,0.0009918751
3176,0.000594075
3177,0.0055080755
3178,0.008442019
3179,2.8518753e-05
3180,0.00033667503
3181,0.0034186689
3182,0.0008992688
3183,0.010659676
3184,0.0016762686
3185,0.013964419
3186,0.024111675
3187,0.01924067
3188,9.075001e-06
3189,0.002693269
3190,0.010462669
3191,0.0012772689
3192,0.0125460755
3193,0.027724799
3194,0.0012288002
3195,0.006593419
3196,0.008823675
3197,1.4700002e-05
3198,0.00053551875
3199,0.0041772006
3200,0.00094921875
3201,0.0013266751
3202,0.015356718
3203,0.031298704
3204,0.00094921875
3205,0.0033708
3206,4.141875e-05
3207,7.441876e-05
3208,0.000316875
3209,0.005838076
3210,0.0013467001
3211,0.013546877
3212,0.02731592
3213,0.0008347687
3214,0.0029551692
3215,3.3075e-05
3216,0.00010267501
3217,0.0021547687
3218,0.0084672
3219,0.0011163
3220,0.0107446695
3221,0.022113675
3222,0.02281142
3223,0.011613169
3224,0.00091576885
3225,0.0037296754
3226,0.0020172002
3227,0.0025530187
3228,0.0032136752
3229,0.0036630754
3230,0.034222517
3231,0.057816304
3232,0.00091576885
3233,0.001287075
3234,3.3075e-05
3235,0.00036226877
3236,0.0008829187
3237,0.012030019
3238,0.028136719
3239,0.0338688
3240,0.02331047
3241,0.0067050746
3242,0.00010267501
3243,0.0015552
3244,0.019013418
3245,0.042638704
3246,0.05304608
3247,0.043092303
3248,0.00016216876
3249,7.500001e-08
3250,2.2687502e-06
3251,0.000210675
3252,0.00020671875
3253,0.003933075
3254,0.0010800001
3255,0.0014805186
3256,0.0168507
3257,0.033919223
3258,0.03361727
3259,8.416876e-05
3260,9.187501e-05
3261,0.00033166877
3262,0.0056306995
3263,0.01653227
3264,0.026730675
3265,0.02869067
3266,0.0003888
3267,0.0012288002
3268,0.0013467001
3269,0.00026107504
3270,0.000621075
3271,0.0059643
3272,0.0160083
3273,0.025186522
3274,0.026820298
3275,0.0192027
3276,1.4700002e-05
3277,5.4675e-05
3278,0.00014851875
3279,0.002736075
3280,0.009135076
3281,0.0010890188
3282,0.011116875
3283,0.025143076
3284,0.001171875
3285,0.000594075
3286,0.0042483
3287,0.00012607501
3288,1.8018749e-05
3289,0.0008586751
3290,0.006027919
3291,0.0011163
3292,0.0113490755
3293,0.023436077
3294,0.0007575188
3295,0.0027504186
3296,3e-05
3297,0.000111168745
3298,0.0022059188
3299,0.00854297
3300,0.01731602
3301,0.022605078
3302,0.01962242
3303,7.680001e-05
3304,1.2000002e-06
3305,0.00037807503
3306,0.0023496752
3307,0.000594075
3308,0.007873201
3309,0.020790169
3310,0.029673075
3311,0.00072766875
3312,0.003151875
3313,0.00013867502
3314,4.8000006e-06
3315,5.0700004e-05
3316,0.001956169
3317,0.0082917195
3318,0.0011346751
3319,0.010972969
3320,0.0013668751
3321,0.0009661688
3322,0.000676875
3323,0.00031201873
3324,4.32e-05
3325,3.6300004e-05
3326,0.0019804689
3327,0.008517676
3328,0.0010354688
3329,0.008875201
3330,0.01590452
3331,0.00027451874
3332,0.00026107504
3333,7.680001e-05
3334,0.0004162688
3335,0.007091719
3336,0.019776167
3337,0.02906297
3338,0.0007575188
3339,0.003354919
3340,0.0041949186
3341,1.6875e-07
3342,0.00016216876
3343,0.0036796685
3344,0.01239317
3345,0.001296919
3346,0.011672269
3347,0.023478018
3348,0.023772677
3349,0.0118803
3350,0.00019126877
3351,0.006156169
3352,0.0013974188
3353,0.001767169
3354,0.020436302
3355,0.043263026
3356,0.0016539188
3357,0.008167501
3358,0.010659676
3359,0.005207419
3360,3.4668756e-05
3361,0.0057339184
3362,0.02223602
3363,0.037594803
3364,0.0013567688
3365,0.00078796875
3366,0.00075000006
3367,0.0056718756
3368,0.0065047685
3369,1.1718751e-05
3370,0.0022446748
3371,0.0009408001
3372,0.0014076749
3373,0.0018960749
3374,0.019126875
3375,0.033667505
3376,0.027270675
3377,0.008217076
3378,0.0008034188
3379,0.0019804689
3380,0.0027648
3381,0.0034347004
3382,0.0038646753
3383,0.0038817194
3384,0.032917973
3385,0.0022446748
3386,0.009558675
3387,0.00014191875
3388,2.5668753e-05
3389,0.0003888
3390,0.0009075
3391,0.0115248
3392,0.0015336752
3393,0.010858519
3394,0.01569797
3395,6.7500005e-05
3396,0.0002523
3397,0.0032604188
3398,0.00091576885
3399,0.010887076
3400,0.0016987688
3401,0.0015123001
3402,0.013356299
3403,0.020358076
3404,0.0124236755
3405,0.0011071688
3406,0.004338019
3407,0.024453074
3408,0.0026226752
3409,0.0022576689
3410,0.02166797
3411,0.0019440751
3412,0.01063142
3413,0.00036226877
3414,0.00042187504
3415,0.00012
3416,0.0037632005
3417,0.012916875
3418,0.0012096752
3419,0.001026675
3420,0.009319219
3421,0.014257201
3422,7.2074996e-05
3423,0.000195075
3424,0.0004162688
3425,0.0069540194
3426,0.019392917
3427,0.0013974188
3428,0.010184418
3429,0.0008992688
3430,0.0048577692
3431,0.0049152006
3432,0.0008829187
3433,0.0014490751
3434,0.0124236755
3435,0.0018723003
3436,0.01681517
3437,0.0018723003
3438,0.012638268
3439,0.0007650751
3440,0.002679075
3441,0.001287075
3442,0.00019891876
3443,0.0009408001
3444,0.0015987
3445,0.0021168
3446,0.020988075
3447,0.03669752
3448,0.0006142687
3449,0.0008190188
3450,1.1718751e-05
3451,0.0004162688
3452,0.0010092
3453,0.013324669
3454,0.030528301
3455,0.036122702
3456,0.0243675
3457,8.26875e-06
3458,0.0022188004
3459,0.007848919
3460,0.00093241886
3461,0.009964518
3462,0.024324771
3463,0.0014700001
3464,0.0010443002
3465,0.0009832687
3466,0.0007129687
3467,0.00033667503
3468,5.0700004e-05
3469,2.1675003e-05
3470,0.0018252002
3471,0.0008034188
3472,0.00953192
3473,0.020671874
3474,0.0007203
3475,0.002736075
3476,3.1518754e-05
3477,0.00010267501
3478,0.00032669998
3479,0.0059431694
3480,0.0013567688
3481,0.0136107
3482,0.0016428002
3483,0.0011163
3484,0.00078796875
3485,0.00037807503
3486,0.0012772689
3487,0.0001323
3488,0.001710075
3489,0.010323075
3490,0.0213867
3491,0.00094921875
3492,0.00048601878
3493,0.00032176875
3494,0.000111168745
3495,1.6875e-07
3496,0.00012607501
3497,0.0034347004
3498,0.0010354688
3499,0.0013266751
3500,0.0015552
3501,0.014029221
3502,0.02142677
3503,0.013167076
3504,0.00017641878
3505,0.0069540194
3506,0.021027772
3507,0.03301742
3508,0.033717766
3509,0.00037276876
3510,0.000957675
3511,0.00094921875
3512,1.366875e-05
3513,0.00020280002
3514,0.0041242694
3515,0.013324669
3516,0.023226922
3517,0.026641203
3518,0.020436302
3519,3.1518754e-05
3520,0.00011701877
3521,0.0010092
3522,0.0034830186
3523,0.000594075
3524,0.0075604687
3525,0.02000792
3526,0.028737077
3527,0.0007203
3528,0.00027451874
3529,0.0018604689
3530,3e-05
3531,3.9675004e-05
3532,0.0003024188
3533,0.0056925192
3534,0.01688627
3535,0.026019074
3536,0.025012968
3537,0.00014191875
3538,2.5668753e-05
3539,5.266875e-05
3540,0.00024796877
3541,0.0046127997
3542,0.0011812687
3543,0.0015660189
3544,0.002054269
3545,0.020436302
3546,0.035811074
3547,0.00060076884
3548,0.0008034188
3549,4.501875e-05
3550,0.002283769
3551,0.0008829187
3552,0.010887076
3553,0.025447968
3554,0.0012192187
3555,0.0067725196
3556,0.00036226877
3557,0.0010005188
3558,0.00015526875
3559,0.001098075
3560,0.000924075
3561,0.0118803
3562,0.0018486752
3563,0.015153769
3564,0.025974922
3565,0.02063252
3566,9.918751e-06
3567,0.0027936753
3568,0.010801519
3569,0.020790169
3570,0.026865171
3571,0.024796875
3572,0.0155952005
3573,0.0051483
3574,5.4675e-05
3575,0.003291769
3576,0.0011071688
3577,0.012332269
3578,0.0020172002
3579,0.018975677
3580,0.039150473
3581,0.001491075
3582,0.007394701
3583,0.009639169
3584,0.0046500755
3585,0.00023520003
3586,0.00093241886
3587,0.001609669
3588,0.002283769
3589,0.024410272
3590,0.002679075
3591,0.017605519
3592,0.025012968
3593,0.014652302
3594,0.0002187
3595,0.007873201
3596,0.0018018751
3597,0.018117918
3598,0.038074218
3599,0.042131267
3600,0.00035191872
3601,0.000279075
3602,4.6875e-07
3603,0.0011812687
3604,0.0060705193
3605,0.0010354688
3606,0.011232675
3607,0.0016987688
3608,0.014094169
3609,0.024282077
3610,0.0003888
3611,0.0004162688
3612,6.7500005e-05
3613,0.00041070004
3614,0.0009408001
3615,0.012638268
3616,0.029250018
3617,0.0348843
3618,0.0003834188
3619,0.00050430006
3620,9.918751e-06
3621,0.0001728
3622,0.003712969
3623,0.001062075
3624,0.012180676
3625,0.0018369188
3626,0.014985676
3627,0.0013167186
3628,0.007137919
3629,0.0076320753
3630,1.4700002e-05
3631,0.002497969
3632,0.010490701
3633,0.020790169
3634,0.026019074
3635,0.00052291877
3636,0.000180075
3637,0.0011812687
3638,1.08e-05
3639,0.00019126877
3640,0.002511675
3641,0.0008034188
3642,0.0099372
3643,0.001609669
3644,0.013546877
3645,0.023520002
3646,0.01886267
3647,9.075001e-06
3648,0.00045630004
3649,0.0009661688
3650,0.012885769
3651,0.031056916
3652,0.040296674
3653,0.00075000006
3654,0.0002187
3655,0.00012607501
3656,2.1675003e-05
3657,2.2968752e-05
3658,0.00024796877
3659,0.0050505185
3660,0.015492769
3661,0.0012772689
3662,0.009774076
3663,0.0169932
3664,0.0136107
3665,1.1718751e-05
3666,0.0023629686
3667,0.0008748
3668,0.010887076
3669,0.0018723003
3670,0.01717217
3671,0.033117022
3672,0.03212777
3673,6.976875e-05
3674,0.00010267501
3675,0.00034680005
3676,0.0007803
3677,0.0013974188
3678,0.0020667
3679,0.0025668752
3680,0.0248832
3681,0.0022188004
3682,0.012060075
3683,0.00042751874
3684,0.00058080006
3685,4.6875004e-05
3686,0.0035806692
3687,0.0011531999
3688,0.0014490751
3689,0.014985676
3690,0.0014282999
3691,0.0006984188
3692,0.00030720004
3693,0.0008992688
3694,4.6875004e-05
3695,0.0026086688
3696,0.010295269
3697,0.0011254689
3698,0.0010092
3699,0.0009661688
3700,0.0007056751
3701,0.00032669998
3702,4.876875e-05
3703,2.43e-05
3704,0.0018604689
3705,0.0008034188
3706,0.0011531999
3707,0.012362699
3708,0.022605078
3709,0.00040516877
3710,0.00050430006
3711,4.8000006e-06
3712,0.002310019
3713,0.010156801
3714,0.0013067999
3715,0.012150469
3716,0.02449592
3717,0.024753772
3718,0.012332269
3719,0.00019891876
3720,0.006329268
3721,0.01826567
3722,0.028923076
3723,0.031590074
3724,0.00058080006
3725,0.0029403002
3726,0.0052470188
3727,8.416876e-05
3728,2.2687502e-06
3729,0.00053551875
3730,0.003646519
3731,0.01051877
3732,0.0010800001
3733,0.01001927
3734,0.0012675
3735,0.00900467
3736,0.013041675
3737,0.007230769
3738,0.00027000002
3739,0.0049152006
3740,0.0020667
3741,0.021627676
3742,0.044698805
3743,0.0016539188
3744,0.0007129687
3745,0.0050310753
3746,0.00015870002
3747,2.2687502e-06
3748,0.00017641878
3749,0.0006075001
3750,0.001171875
3751,0.0016762686
3752,0.017100468
3753,0.030432679
3754,0.024796875
3755,4.8000006e-06
3756,0.0027792188
3757,0.010887076
3758,0.021027772
3759,0.0012096752
3760,0.001062075
3761,0.011203669
3762,0.0205932
3763,0.00037276876
3764,0.00044467498
3765,1.2675001e-05
3766,0.00042187504
3767,0.007347675
3768,0.0015444189
3769,0.0016987688
3770,0.0018960749
3771,0.01681517
3772,0.025666876
3773,0.0160083
3774,0.000180075
3775,0.0010800001
3776,0.0018018751
3777,0.0024843
3778,0.0029850188
3779,0.0030906748
3780,0.026551878
3781,0.0018135187
3782,0.0075604687
3783,0.0059220744
3784,0.0001323
3785,0.005406919
3786,0.0014076749
3787,0.014322677
3788,0.028737077
3789,0.0008667188
3790,0.00022276877
3791,0.0008427
3792,0.00014191875
3793,0.00029767503
3794,0.0062208
3795,0.01819172
3796,0.0013872002
3797,0.01023977
3798,0.017605519
3799,0.014029221
3800,1.1718751e-05
3801,0.0024300003
3802,0.009639169
3803,0.0192027
3804,0.0255792
3805,0.024324771
3806,0.015835522
3807,0.005548801
3808,0.000165675
3809,0.0038307
3810,0.010575019
3811,0.0174243
3812,0.02142677
3813,0.020908799
3814,0.0160083
3815,0.008797969
3816,9.187501e-07
3817,7.680001e-05
3818,0.0012675
3819,0.0044286754
3820,0.000676875
3821,0.008142768
3822,0.0015336752
3823,0.0147519205
3824,0.029203203
3825,0.028923076
3826,0.014094169
3827,0.0009832687
3828,0.0012675
3829,0.01804427
3830,0.0027936753
3831,0.024710702
3832,0.048722703
3833,0.050985023
3834,0.029956805
3835,6.3075e-05
3836,0.00063480006
3837,0.0010179187
3838,0.0015660189
3839,0.01875
3840,0.002736075
3841,0.002497969
3842,0.023899518
3843,0.0021168
3844,0.0010179187
3845,0.00049207505
3846,0.0018369188
3847,1.2675001e-05
3848,0.00034171878
3849,0.00085066876
3850,0.0013266751
3851,0.014061675
3852,0.025491677
3853,0.020988075
3854,4.8000006e-06
3855,0.002525419
3856,0.0009408001
3857,0.0014179689
3858,0.0171363
3859,0.0023896687
3860,0.001956169
3861,0.0017556751
3862,0.013356299
3863,0.0168507
3864,4.2187503e-06
3865,0.00033667503
3866,0.0008829187
3867,0.012030019
3868,0.028136719
3869,0.0013167186
3870,0.0071610743
3871,0.00037807503
3872,0.001062075
3873,0.00018376876
3874,0.0010443002
3875,0.000924075
3876,0.0014805186
3877,0.0019804689
3878,0.0021802688
3879,0.0020049186
3880,0.015221271
3881,0.019431077
3882,0.0082668
3883,0.0005292
3884,0.012150469
3885,0.031590074
3886,0.0018604689
3887,0.0012480749
3888,0.010972969
3889,0.00074251875
3890,0.000180075
3891,0.00032176875
3892,0.000108299995
3893,0.00363
3894,0.012638268
3895,0.0217083
3896,0.02281142
3897,0.014257201
3898,1.6875001e-05
3899,0.0019440751
3900,0.0006075001
3901,0.0077040186
3902,0.0015123001
3903,0.015458701
3904,0.033266705
3905,0.037807498
3906,0.00035191872
3907,7.5e-06
3908,2.43e-05
3909,0.0008748
3910,0.00048601878
3911,0.007230769
3912,0.001491075
3913,0.01448702
3914,0.001710075
3915,0.0011531999
3916,0.008517676
3917,0.00033166877
3918,0.00041070004
3919,0.00011407501
3920,0.00060076884
3921,0.0011812687
3922,0.0016762686
3923,0.0019080188
3924,0.001767169
3925,0.0013067999
3926,0.0007056751
3927,0.00020280002
3928,0.00023520003
3929,0.000165675
3930,0.00062791875
3931,0.008772301
3932,0.0012675
3933,0.009266419
3934,0.00057421875
3935,0.0019320189
3936,0.00073507504
3937,0.00044467498
3938,0.006999769
3939,0.0014700001
3940,0.0016428002
3941,0.0018486752
3942,0.01639172
3943,0.025012968
3944,0.01556102
3945,0.000180075
3946,0.00727742
3947,0.021870002
3948,0.03402017
3949,0.0011346751
3950,0.0066379695
3951,0.011232675
3952,0.008797969
3953,1.6875001e-05
3954,0.0021802688
3955,0.0008190188
3956,0.010350918
3957,0.025710769
3958,0.03468
3959,0.029296875
3960,7.921875e-05
3961,4.141875e-05
3962,0.000111168745
3963,0.0022576689
3964,0.008044219
3965,0.0010443002
3966,0.0013067999
3967,0.015052802
3968,0.0018486752
3969,0.0012480749
3970,0.0008829187
3971,0.00043891877
3972,0.0015768749
3973,0.00027000002
3974,0.00042187504
3975,0.007873201
3976,0.001491075
3977,0.0013974188
3978,0.012515418
3979,0.019089017
3980,0.011583676
3981,0.000180075
3982,0.0067500006
3983,0.0016317187
3984,0.0019683002
3985,0.021266721
3986,0.0024030753
3987,0.0015552
3988,0.011495419
3989,0.00048601878
3990,2.2968752e-05
3991,0.00014520001
3992,0.002721769
3993,0.009801169
3994,0.01782422
3995,0.019891875
3996,0.013293076
3997,6.075e-06
3998,0.00024796877
3999,0.0040368
4000,0.00097470003
4001,0.0113199195
4002,0.02731592
4003,0.0015768749
4004,0.0010890188
4005,0.009666075
4006,0.0147519205
4007,0.00867
4008,0.0005292
4009,0.004483519
4010,0.0223587
4011,0.040627204
4012,0.0015660189
4013,0.009213768
4014,0.0007575188
4015,0.00033667503
4016,0.0015987
4017,1.6875e-07
4018,0.00020280002
4019,0.0006556688
4020,0.0012288002
4021,0.014652302
4022,0.0018252002
4023,0.0012384187
4024,0.0008748
4025,0.005187676
4026,0.004212675
4027,0.000180075
4028,0.0038646753
4029,0.018081075
4030,0.0017902686
4031,0.01357877
4032,0.0011812687
4033,0.0005482688
4034,0.002866519
4035,0.0017786999
4036,0.00019126877
4037,0.0008034188
4038,0.0014282999
4039,0.01653227
4040,0.033416722
4041,0.033266705
4042,0.0162867
4043,0.0012192187
4044,0.0013770189
4045,0.019469272
4046,0.0029403002
4047,0.0028518748
4048,0.0032448003
4049,0.003323269
4050,0.0029403002
4051,0.0021802688
4052,0.014289919
4053,0.015052802
4054,0.0038817194
4055,0.0012096752
4056,0.0175692
4057,0.0025392002
4058,0.0020667
4059,0.0018604689
4060,0.0013668751
4061,0.00074251875
4062,0.0032760752
4063,1.8750002e-08
4064,0.0012288002
4065,0.0069084186
4066,0.0151875
4067,0.00079567503
4068,0.00045046877
4069,0.00029767503
4070,0.0014386689
4071,6.75e-07
4072,0.000210675
4073,0.004631419
4074,0.014619171
4075,0.02364617
4076,0.02373047
4077,0.00016216876
4078,7.2074996e-05
4079,3.9675004e-05
4080,0.0013974188
4081,0.006091875
4082,0.00097470003
4083,0.01063142
4084,0.024538804
4085,0.029814772
4086,0.020829676
4087,0.006156169
4088,7.2074996e-05
4089,0.009213768
4090,0.002079169
4091,0.020514676
4092,0.0437772
4093,0.0019683002
4094,0.0118803
4095,0.01924067
4096,0.014652302
4097,0.00363
4098,0.0006984188
4099,0.0017327999
4100,0.020750703
4101,0.0029551692
4102,0.02449592
4103,0.044756718
4104,0.0011163
4105,0.00024367501
4106,0.00093241886
4107,0.00018376876
4108,0.0009408001
4109,0.0076320753
4110,0.0013366687
4111,0.013041675
4112,0.026284803
4113,0.0264627
4114,0.013104301
4115,0.000210675
4116,0.006615675
4117,0.01893797
4118,0.0015552
4119,0.013642669
4120,0.02910968
4121,0.033366676
4122,0.021991668
4123,0.005838076
4124,0.00022276877
4125,0.0015552
4126,0.018787522
4127,0.042131267
4128,0.05247992
4129,0.001026675
4130,0.0047062687
4131,0.00768
4132,0.00010546876
4133,2.2968752e-05
4134,0.00044467498
4135,0.0038646753
4136,0.01143677
4137,0.0011531999
4138,0.01051877
4139,0.0013067999
4140,0.009240076
4141,0.000567675
4142,0.001884169
4143,9.187501e-07
4144,0.001098075
4145,0.00068401877
4146,0.009266419
4147,0.022605078
4148,0.028459199
4149,0.00037276876
4150,0.00063480006
4151,0.00013867502
4152,0.00050430006
4153,0.0048960187
4154,0.0010890188
4155,0.0014490751
4156,0.0165675
4157,0.033366676
4158,0.033166878
4159,0.01618202
4160,0.0012001687
4161,0.0013770189
4162,0.019431077
4163,0.0029403002
4164,0.025754703
4165,0.002970075
4166,0.0022576689
4167,0.0019926752
4168,0.015153769
4169,0.0006912
4170,0.001491075
4171,0.000111168745
4172,0.002054269
4173,0.0011625189
4174,0.013104301
4175,0.027045019
4176,0.00085066876
4177,0.000226875
4178,0.0008748
4179,0.00015870002
4180,0.00029767503
4181,0.0008667188
4182,0.0118803
4183,0.027907502
4184,0.033667505
4185,0.0003834188
4186,1.9200002e-05
4187,4.8000006e-06
4188,0.00060076884
4189,0.00043891877
4190,0.0068856752
4191,0.019089017
4192,0.028182674
4193,0.00074251875
4194,0.0033390748
4195,0.00015187502
4196,0.00026107504
4197,2.8518753e-05
4198,0.0022707
4199,0.009558675
4200,0.0012288002
4201,0.011613169
4202,0.023562022
4203,0.00074251875
4204,0.002679075
4205,2.7074999e-05
4206,0.00012301876
4207,0.0022576689
4208,0.008619075
4209,0.017352076
4210,0.0009918751
4211,0.0072075003
4212,0.012730801
4213,0.010267501
4214,0.0026367188
4215,0.00057421875
4216,0.01083
4217,0.028136719
4218,0.039694224
4219,0.0010800001
4220,0.00057421875
4221,0.0005611687
4222,0.0042304685
4223,0.0046500755
4224,0.0009408001
4225,0.0012384187
4226,0.0013668751
4227,0.0019804689
4228,0.0024706689
4229,0.024111675
4230,0.0417387
4231,0.033416722
4232,0.010101676
4233,0.00091576885
4234,0.0022188004
4235,0.025535423
4236,0.05431508
4237,0.06210751
4238,0.00075000006
4239,0.00012607501
4240,6.0918752e-05
4241,0.0001323
4242,7.680001e-05
4243,0.00037807503
4244,0.0066379695
4245,0.0014490751
4246,0.0016317187
4247,0.0018369188
4248,0.01632167
4249,0.0248832
4250,0.015458701
4251,0.0016650752
4252,0.0042483
4253,0.025974922
4254,0.0028372689
4255,0.02248172
4256,0.041070003
4257,0.038074218
4258,5.8800008e-05
4259,0.00014191875
4260,0.0004162688
4261,0.0008667188
4262,0.0118803
4263,0.0020418752
4264,0.018376876
4265,0.035140518
4266,0.033717766
4267,0.015835522
4268,0.0009832687
4269,0.0014386689
4270,0.002443519
4271,0.0031981687
4272,0.033768076
4273,0.066552304
4274,0.06783008
4275,0.00037276876
4276,6.976875e-05
4277,0.00019126877
4278,0.0003024188
4279,0.0006984188
4280,0.010101676
4281,0.025710769
4282,0.03503792
4283,0.029767502
4284,0.0143554695
4285,0.0017214188
4286,0.0019926752
4287,0.01452
4288,0.0018723003
4289,0.01738817
4290,0.037594803
4291,0.04522142
4292,0.0338688
4293,0.01357877
4294,0.00075000006
4295,0.004002075
4296,0.0017556751
4297,0.018339772
4298,0.040296674
4299,0.050061673
4300,0.04090367
4301,0.020829676
4302,0.0042304685
4303,0.0004981688
4304,0.0077763004
4305,0.01819172
4306,0.025317073
4307,0.000924075
4308,0.007371168
4309,0.0011812687
4310,0.010323075
4311,0.018451199
4312,0.00031201873
4313,0.00032176875
4314,5.0700004e-05
4315,0.002679075
4316,0.0009661688
4317,0.011583676
4318,0.0017786999
4319,0.014685469
4320,0.001296919
4321,0.0070456685
4322,0.007512919
4323,0.001884169
4324,0.00057421875
4325,0.01091567
4326,0.028274704
4327,0.038341872
4328,0.032176875
4329,0.015153769
4330,0.00013867502
4331,0.00063480006
4332,0.0010005188
4333,0.01257677
4334,0.030194271
4335,0.040737674
4336,0.03643568
4337,0.020948421
4338,0.005610169
4339,0.00035191872
4340,0.0008034188
4341,0.0011625189
4342,0.01415927
4343,0.0022576689
4344,0.020829676
4345,0.042243775
4346,0.045454673
4347,0.02767922
4348,0.006242419
4349,0.000648675
4350,0.014851876
4351,0.0024843
4352,0.022852799
4353,0.0029551692
4354,0.024111675
4355,0.04394927
4356,0.040572017
4357,0.018154802
4358,0.000924075
4359,0.0016875002
4360,0.022646267
4361,0.050184302
4362,0.002443519
4363,0.01618202
4364,0.0016317187
4365,0.001062075
4366,0.007824676
4367,0.009266419
4368,0.0029403002
4369,0.0004981688
4370,0.0015660189
4371,0.002296875
4372,0.024538804
4373,0.002693269
4374,0.017714702
4375,0.025143076
4376,0.014718674
4377,0.0002187
4378,0.007897519
4379,0.0018018751
4380,0.018154802
4381,0.03812768
4382,0.0421875
4383,0.02650727
4384,0.0063729193
4385,0.00045046877
4386,0.0134832
4387,0.034121267
4388,0.046334703
4389,0.042469222
4390,0.026820298
4391,1.6875001e-05
4392,0.000108299995
4393,3.3075e-05
4394,9.451876e-05
4395,0.0020295188
4396,0.0006912
4397,0.00900467
4398,0.0016762686
4399,0.0157323
4400,0.0018018751
4401,0.01227152
4402,0.0175692
4403,0.009991876
4404,0.000210675
4405,0.0070456685
4406,0.0016650752
4407,0.01702892
4408,0.0022707
4409,0.017751168
4410,0.029814772
4411,0.023352304
4412,0.006526875
4413,0.00043891877
4414,0.0151875
4415,0.039639678
4416,0.053361926
4417,0.04604042
4418,0.024667667
4419,3e-05
4420,0.0021547687
4421,0.005838076
4422,0.000541875
4423,0.006027919
4424,0.0012675
4425,0.013515019
4426,0.02990942
4427,0.0013067999
4428,0.00063480006
4429,0.0045202686
4430,0.00013546876
4431,2.7074999e-05
4432,0.00078796875
4433,0.0058800005
4434,0.0011254689
4435,0.011407499
4436,0.023562022
4437,0.0007575188
4438,0.0027504186
4439,0.002142075
4440,5.671875e-05
4441,0.002736075
4442,0.01326152
4443,0.0261075
4444,0.031395677
4445,0.024538804
4446,0.010773076
4447,0.0009075
4448,0.0023896687
4449,0.0013974188
4450,0.0018486752
4451,0.0213867
4452,0.0030000003
4453,0.024710702
4454,0.04510502
4455,0.0011163
4456,0.0035154189
4457,0.002679075
4458,0.000108299995
4459,0.0027648
4460,0.013835271
4461,0.027270675
4462,0.032670002
4463,0.0005482688
4464,0.0019320189
4465,0.0022188004
4466,0.0006142687
4467,0.0004162688
4468,0.0059643
4469,0.01695752
4470,0.027000003
4471,0.0010092
4472,0.006329268
4473,0.01091567
4474,0.008695519
4475,0.002091675
4476,0.0006697688
4477,0.0013467001
4478,0.002054269
4479,0.002736075
4480,0.0032136752
4481,0.003291769
4482,0.02822867
4483,0.00192
4484,0.008068801
4485,0.0064606695
4486,0.0004981688
4487,0.0037296754
4488,0.01962242
4489,0.03544922
4490,0.0363312
4491,0.02134667
4492,0.0044286754
4493,0.0007726687
4494,0.0016875002
4495,0.01954577
4496,0.043206077
4497,0.053361926
4498,0.04303547
4499,0.02142677
4500,0.004071675
4501,0.0005482688
4502,0.0010179187
4503,0.011672269
4504,0.026820298
4505,0.036226876
4506,0.0342732
4507,0.023226922
4508,0.0100467
4509,0.001491075
4510,0.000516675
4511,0.0057963002
4512,0.0009408001
4513,0.0012001687
4514,0.015052802
4515,0.0023629686
4516,0.020514676
4517,0.0021802688
4518,0.0013974188
4519,0.010323075
4520,0.00042751874
4521,0.0006556688
4522,2.1675003e-05
4523,0.003323269
4524,0.01282367
4525,0.001287075
4526,0.0010890188
4527,0.00985547
4528,0.015052802
4529,0.008926875
4530,0.000180075
4531,0.0063510756
4532,0.0015660189
4533,0.0019080188
4534,0.02071127
4535,0.040516876
4536,0.0011254689
4537,0.003796875
4538,0.0030300752
4539,0.00018750002
4540,0.000621075
4541,0.0104067195
4542,0.026775472
4543,0.03648797
4544,0.0007726687
4545,0.0030300752
4546,0.00363
4547,0.0012772689
4548,0.00020671875
4549,0.0059431694
4550,0.018154802
4551,0.0015660189
4552,0.013041675
4553,0.025491677
4554,0.025317073
4555,0.012332269
4556,0.000826875
4557,0.004338019
4558,0.02223602
4559,0.04079297
4560,0.04604042
4561,0.035140518
4562,0.016744219
4563,5.0700004e-05
4564,0.0021547687
4565,0.0004162688
4566,0.00060076884
4567,0.008416876
4568,0.022113675
4569,0.032571074
4570,0.0010179187
4571,0.0059431694
4572,0.010129219
4573,0.00015526875
4574,1.6875e-07
4575,0.00042751874
4576,0.0033075
4577,0.01001927
4578,0.018154802
4579,0.02215442
4580,0.00045046877
4581,0.00016216876
4582,0.0010710187
4583,0.0008034188
4584,8.670001e-05
4585,0.0030906748
4586,0.0113199195
4587,0.001287075
4588,0.011731519
4589,0.0014179689
4590,0.0009832687
4591,0.00727742
4592,0.0085683
4593,4.8000006e-06
4594,0.002104219
4595,0.00953192
4596,0.019660803
4597,0.001098075
4598,0.0078004682
4599,0.01357877
4600,0.010887076
4601,1.2675001e-05
4602,0.0022059188
4603,0.0008347687
4604,0.01051877
4605,0.026019074
4606,0.0015552
4607,0.01063142
4608,0.017934076
4609,0.00027451874
4610,1.2000002e-06
4611,7.441876e-05
4612,0.0023364185
4613,0.0008586751
4614,0.0106032
4615,0.024969677
4616,0.030528301
4617,0.02146688
4618,2.7e-06
4619,0.0017214188
4620,0.006593419
4621,0.0008748
4622,0.0011812687
4623,0.0018018751
4624,0.002296875
4625,0.022646267
4626,0.039313197
4627,0.031590074
4628,0.00953192
4629,0.00023941875
4630,0.01653227
4631,0.044756718
4632,0.060278423
4633,0.0013067999
4634,0.0060492004
4635,0.009666075
4636,0.00727742
4637,0.0015016687
4638,0.0009075
4639,0.0013067999
4640,0.0161472
4641,0.037065677
4642,0.045922972
4643,0.035243273
4644,0.014586076
4645,0.00023520003
4646,0.006027919
4647,0.01556102
4648,0.023185201
4649,0.0009661688
4650,0.00794627
4651,0.0012480749
4652,0.01083
4653,0.0010179187
4654,0.00048601878
4655,0.00018750002
4656,0.0003888
4657,9.187501e-05
4658,0.0032604188
4659,0.011761201
4660,0.020671874
4661,0.022195203
4662,0.00019891876
4663,2.7e-06
4664,5.4675e-05
4665,0.0010443002
4666,0.0004981688
4667,0.00727742
4668,0.001491075
4669,0.0016539188
4670,0.01667342
4671,0.029673075
4672,0.024154218
4673,4.8000006e-06
4674,0.0027504186
4675,0.0009832687
4676,0.01185047
4677,0.028551675
4678,0.037382696
4679,0.00072766875
4680,0.002721769
4681,0.0032136752
4682,0.001062075
4683,0.00026551876
4684,0.0008427
4685,0.011761201
4686,0.028923076
4687,0.0382347
4688,0.031492803
4689,6.7500005e-05
4690,9.187501e-05
4691,0.0001323
4692,0.0024706689
4693,0.008517676
4694,0.016744219
4695,0.022728767
4696,0.0223587
4697,0.00027000002
4698,0.000826875
4699,0.00089107506
4700,0.00012
4701,0.00074251875
4702,0.0058800005
4703,0.015288919
4704,0.023984272
4705,0.000924075
4706,0.0006142687
4707,0.0006075001
4708,0.004594219
4709,0.005128669
4710,1.9200002e-05
4711,0.0023763
4712,0.01001927
4713,0.0012675
4714,0.0118803
4715,0.023984272
4716,0.00075000006
4717,0.002693269
4718,0.002054269
4719,8.416876e-05
4720,0.003354919
4721,0.012150469
4722,0.0223587
4723,0.001062075
4724,0.00075000006
4725,0.0068629696
4726,0.01051877
4727,4.32e-05
4728,9.451876e-05
4729,0.0027504186
4730,0.010295269
4731,0.0198147
4732,0.024624676
4733,0.0004981688
4734,0.0020295188
4735,0.0024706689
4736,1.51875e-06
4737,0.00089107506
4738,0.0050116694
4739,0.01269992
4740,0.0011163
4741,0.009964518
4742,0.020436302
4743,0.021147078
4744,0.010801519
4745,0.0008347687
4746,0.0035806692
4747,0.0019440751
4748,0.02110727
4749,0.045629997
4750,0.002054269
4751,0.012332269
4752,0.019891875
4753,0.015120075
4754,0.003746419
4755,0.0006984188
4756,0.013419676
4757,0.0023763
4758,0.0024843
4759,0.025886716
4760,0.0027936753
4761,0.018228674
4762,0.025842678
4763,0.00013546876
4764,8.1674996e-05
4765,0.0004162688
4766,0.00094921875
4767,0.01269992
4768,0.0293907
4769,0.0013467001
4770,0.007254075
4771,0.0003834188
4772,5.671875e-05
4773,2.7e-06
4774,0.00091576885
4775,0.0059220744
4776,0.014818518
4777,0.021870002
4778,0.020869218
4779,0.01185047
4780,0.0022707
4781,0.0006984188
4782,0.009639169
4783,0.023520002
4784,0.033316668
4785,0.0330672
4786,0.00046807507
4787,0.002142075
4788,0.0038817194
4789,0.0031827001
4790,0.0005874188
4791,0.00034171878
4792,0.0067275185
4793,0.019278677
4794,0.030099168
4795,0.031008678
4796,0.00036750003
4797,0.0010179187
4798,0.0010443002
4799,1.1718751e-05
4800,0.00019891876
4801,0.00058080006
4802,0.0011531999
4803,0.0018018751
4804,0.002310019
4805,0.022687502
4806,0.03942188
4807,0.0006556688
4808,2.43e-05
4809,5.0700004e-05
4810,0.001710075
4811,0.007512919
4812,0.0010890188
4813,0.0012384187
4814,0.01301042
4815,0.02364617
4816,0.0195075
4817,0.0058171684
4818,0.00029767503
4819,0.0018723003
4820,0.0027075
4821,0.02953172
4822,0.0035479688
4823,0.025842678
4824,0.04190672
4825,0.032029673
4826,0.008926875
4827,0.0009832687
4828,0.017714702
4829,0.0028812
4830,0.025623022
4831,0.05036852
4832,0.052417204
4833,0.00033166877
4834,0.00012
4835,8.1674996e-05
4836,0.0017902686
4837,0.0069084186
4838,0.0010005188
4839,0.010687969
4840,0.024538804
4841,0.029720267
4842,0.020750703
4843,0.0061132684
4844,0.00048601878
4845,0.0012384187
4846,0.0018486752
4847,0.02146688
4848,0.046807505
4849,0.0021168
4850,0.0012384187
4851,0.0011254689
4852,0.00854297
4853,0.010295269
4854,1.2000002e-06
4855,0.0019683002
4856,0.009240076
4857,0.019392917
4858,0.02527352
4859,0.021587418
4860,0.010801519
4861,0.0014490751
4862,0.0013668751
4863,0.011290802
4864,0.024710702
4865,0.032967675
4866,0.0009918751
4867,0.006660301
4868,0.0137067195
4869,0.014619171
4870,0.0077040186
4871,0.000594075
4872,0.002895919
4873,0.016216876
4874,0.031980675
4875,0.03893402
4876,0.032373678
4877,0.0174243
4878,0.004141875
4879,8.9268746e-05
4880,0.0008667188
4881,0.001287075
4882,0.0018486752
4883,0.02146688
4884,0.046807505
4885,0.055019423
4886,0.039639678
4887,0.014818518
4888,0.0005292
4889,0.0012675
4890,0.016216876
4891,0.0023763
4892,0.02150702
4893,0.0449307
4894,0.051979218
4895,0.00068401877
4896,0.001884169
4897,5.266875e-05
4898,1.2000002e-06
4899,0.00010267501
4900,0.0004162688
4901,0.0070456685
4902,0.019660803
4903,0.028923076
4904,0.02659652
4905,0.014191875
4906,6.526876e-05
4907,0.0031059189
4908,0.0095052
4909,0.016602768
4910,0.0009661688
4911,0.008695519
4912,0.0013567688
4913,0.0116427
4914,0.020475468
4915,0.00034171878
4916,0.00035707498
4917,3.9675004e-05
4918,0.0026367188
4919,0.010490701
4920,0.020475468
4921,0.025491677
4922,0.021027772
4923,0.010074168
4924,0.001171875
4925,0.0015877689
4926,0.011554221
4927,0.02458172
4928,0.001459519
4929,0.012030019
4930,0.025842678
4931,0.030146703
4932,0.000316875
4933,0.000399675
4934,2.43e-05
4935,0.00019891876
4936,0.0006075001
4937,0.0091875
4938,0.0017442189
4939,0.0018369188
4940,0.0183027
4941,0.032275204
4942,0.0005482688
4943,1.8018749e-05
4944,3.6300004e-05
4945,0.001710075
4946,0.007656019
4947,0.0165675
4948,0.001026675
4949,0.0008034188
4950,0.007394701
4951,0.0113490755
4952,0.0065047685
4953,0.00025666875
4954,0.0045202686
4955,0.020869218
4956,0.03754172
4957,0.0408483
4958,0.0004981688
4959,0.0013567688
4960,0.0013770189
4961,0.00024367501
4962,0.0006912
4963,0.00074251875
4964,0.010295269
4965,0.025930801
4966,0.035140518
4967,0.029767502
4968,0.014257201
4969,0.0016762686
4970,0.00079567503
4971,0.011790919
4972,0.028090801
4973,0.001767169
4974,0.014126699
4975,0.029437672
4976,0.033316668
4977,0.0217083
4978,0.0056306995
4979,0.00026551876
4980,0.010972969
4981,0.0293907
4982,0.041794673
4983,0.0401868
4984,0.00046807507
4985,0.0018135187
4986,0.0032448003
4987,0.0026226752
4988,0.00042751874
4989,0.0008992688
4990,0.007824676
4991,0.019431077
4992,0.028551675
4993,0.028551675
4994,0.000316875
4995,0.0008748
4996,0.0008829187
4997,0.00010546876
4998,0.00079567503
4999,0.0006984188
5000,0.009666075
5001,0.024667667
5002,0.0338688
5003,0.02906297
5004,0.014191875
5005,0.0017786999
5006,0.0018486752
5007,0.0015229688
5008,0.0020295188
5009,0.002721769
5010,0.02953172
5011,0.059207417
5012,0.061562702
5013,0.00037276876
5014,0.00011407501
5015,0.00010546876
5016,0.0019320189
5017,0.0006556688
5018,0.0011071688
5019,0.014191875
5020,0.002104219
5021,0.0017786999
5022,0.0016206751
5023,0.01227152
5024,0.015356718
5025,2.2687502e-06
5026,0.0016875002
5027,0.00867
5028,0.0012577688
5029,0.0013770189
5030,0.014224518
5031,0.0013668751
5032,0.0075604687
5033,0.008217076
5034,0.0021930751
5035,0.00057421875
5036,0.01103042
5037,0.028551675
5038,0.0386643
5039,0.00079567503
5040,0.003045169
5041,0.003613519
5042,0.0012577688
5043,0.00021466878
5044,0.005985469
5045,0.001459519
5046,0.015424669
5047,0.033366676
5048,0.0380208
5049,0.024710702
5050,1.6875001e-05
5051,0.0025807687
5052,0.008695519
5053,0.015973669
5054,0.021226801
5055,0.0007803
5056,0.006006675
5057,0.0129480185
5058,0.014224518
5059,0.0077280756
5060,0.000111168745
5061,0.0041949186
5062,0.013419676
5063,0.02331047
5064,0.0011531999
5065,0.008849419
5066,0.017897418
5067,0.0005874188
5068,0.0021547687
5069,0.0015768749
5070,6.7687497e-06
5071,0.0029850188
5072,0.013135669
5073,0.0015336752
5074,0.013642669
5075,0.026865171
5076,0.00079567503
5077,0.0027792188
5078,0.0021168
5079,4.876875e-05
5080,0.00060076884
5081,0.0098826755
5082,0.025666876
5083,0.001609669
5084,0.01103042
5085,0.018562969
5086,0.01455302
5087,1.4700002e-05
5088,0.00043319998
5089,0.0070227003
5090,0.01954577
5091,0.030051677
5092,0.030672023
5093,0.020750703
5094,4.8000006e-06
5095,0.00044467498
5096,0.0019683002
5097,0.00037807503
5098,0.005187676
5099,0.0012001687
5100,0.0015660189
5101,0.002054269
5102,0.0022576689
5103,0.002054269
5104,0.015663674
5105,0.02000792
5106,0.008593669
5107,1.6875e-07
5108,0.011116875
5109,0.0028081688
5110,0.025491677
5111,0.0026367188
5112,0.01717217
5113,0.024282077
5114,0.014126699
5115,0.0011625189
5116,0.0050310753
5117,0.027045019
5118,0.048783176
5119,0.001767169
5120,0.0099372
5121,0.00078796875
5122,0.0041067
5123,9.187501e-05
5124,7.500001e-08
5125,0.0012096752
5126,0.0067950753
5127,0.0011163
5128,0.011174701
5129,0.0013974188
5130,0.009909919
5131,0.014289919
5132,0.007995169
5133,0.00020280002
5134,0.006615675
5135,0.019969199
5136,0.031541422
5137,0.032571074
5138,0.00037807503
5139,7.441876e-05
5140,0.00043891877
5141,7.500001e-08
5142,0.00010546876
5143,0.0027936753
5144,0.00093241886
5145,0.011174701
5146,0.0017327999
5147,0.0015336752
5148,0.01357877
5149,0.020671874
5150,0.0126075
5151,0.0011439187
5152,0.0012772689
5153,0.01893797
5154,0.043548305
5155,0.0021168
5156,0.012979201
5157,0.0010354688
5158,0.005406919
5159,0.0055080755
5160,2.7074999e-05
5161,0.002679075
5162,0.0010005188
5163,0.01197002
5164,0.027451878
5165,0.0012675
5166,0.0069084186
5167,0.00036226877
5168,0.0010092
5169,0.00015870002
5170,0.001098075
5171,0.008142768
5172,0.0013668751
5173,0.013135669
5174,0.0015768749
5175,0.01091567
5176,0.01569797
5177,0.008849419
5178,0.00045046877
5179,0.0049344194
5180,0.023436077
5181,0.041794673
5182,0.0015552
5183,0.0090306755
5184,0.014818518
5185,0.011378269
5186,0.002721769
5187,0.00058080006
5188,0.0107446695
5189,0.027907502
5190,0.0018604689
5191,0.01415927
5192,0.026910074
5193,0.0007650751
5194,0.0025807687
5195,0.0018960749
5196,8.9268746e-05
5197,0.0034347004
5198,0.0010800001
5199,0.0015123001
5200,0.0019926752
5201,0.019969199
5202,0.03503792
5203,0.0005874188
5204,2.0418749e-05
5205,3.4668756e-05
5206,0.0016539188
5207,0.007512919
5208,0.01639172
5209,0.001026675
5210,0.0008034188
5211,0.007418269
5212,0.0005104688
5213,0.0017214188
5214,0.00060076884
5215,0.0005292
5216,0.007137919
5217,0.019278677
5218,0.028136719
5219,0.025754703
5220,0.013738802
5221,0.0022446748
5222,0.00062791875
5223,0.010101676
5224,0.025012968
5225,0.035191875
5226,0.03452717
5227,0.024196802
5228,0.010887076
5229,3.9675004e-05
5230,0.000210675
5231,0.002693269
5232,0.0005874188
5233,0.00091576885
5234,0.01227152
5235,0.0020667
5236,0.0020667
5237,0.020202074
5238,0.0018369188
5239,0.0100467
5240,0.00033667503
5241,3.1687503e-06
5242,0.0004162688
5243,0.0038817194
5244,0.00093241886
5245,0.010156801
5246,0.021547202
5247,0.02256392
5248,0.011701876
5249,0.0009918751
5250,0.0035316749
5251,0.0020049186
5252,0.0217083
5253,0.0029850188
5254,0.0026367188
5255,0.002721769
5256,0.002443519
5257,0.018562969
5258,0.0240267
5259,2.43e-05
5260,0.0013266751
5261,0.007921875
5262,0.0012577688
5263,0.012180676
5264,0.024710702
5265,0.0007726687
5266,0.0027648
5267,3e-05
5268,0.00011407501
5269,0.0022188004
5270,0.0085683
5271,0.01731602
5272,0.0010005188
5273,0.007230769
5274,0.000676875
5275,0.0036630754
5276,0.0035479688
5277,0.00045046877
5278,0.0018018751
5279,0.012362699
5280,0.026775472
5281,0.033667505
5282,0.000621075
5283,0.002310019
5284,0.0027075
5285,1.51875e-06
5286,0.00093241886
5287,0.0005547001
5288,0.0010443002
5289,0.0016650752
5290,0.01871252
5291,0.037171204
5292,0.03643568
5293,0.017496677
5294,0.00028366878
5295,0.00839177
5296,0.001710075
5297,0.017244019
5298,0.03791408
5299,0.045922972
5300,0.0007056751
5301,0.0022188004
5302,7.2074996e-05
5303,4.876875e-05
5304,0.00026551876
5305,0.0032136752
5306,0.0008992688
5307,0.0013167186
5308,0.015288919
5309,0.0018723003
5310,0.012885769
5311,0.018488418
5312,0.0106032
5313,0.000676875
5314,0.0049152006
5315,0.0023496752
5316,0.024410272
5317,0.04957268
5318,0.052731175
5319,0.031395677
5320,0.0067500006
5321,0.0008667188
5322,0.0021802688
5323,0.0028372689
5324,0.0035479688
5325,0.036960304
5326,0.07195652
5327,0.0022576689
5328,0.0008427
5329,0.0058800005
5330,0.0066379695
5331,0.0016987688
5332,0.0008992688
5333,0.011761201
5334,0.02869067
5335,0.037807498
5336,0.031105202
5337,0.014289919
5338,0.001459519
5339,0.0008586751
5340,0.01239317
5341,0.029203203
5342,0.03936752
5343,0.03675
5344,0.00041070004
5345,0.0016206751
5346,0.002970075
5347,4.876875e-05
5348,6.75e-07
5349,0.0005874188
5350,0.004071675
5351,0.011407499
5352,0.01954577
5353,0.0009075
5354,0.0062640756
5355,0.0005874188
5356,0.0031827001
5357,0.0030000003
5358,5.0700004e-05
5359,0.002866519
5360,0.0110592
5361,0.001296919
5362,0.011910169
5363,0.0014386689
5364,0.0100467
5365,0.014454076
5366,0.0080934195
5367,0.00036226877
5368,0.0011625189
5369,0.0021168
5370,0.024111675
5371,0.0499392
5372,0.05355188
5373,0.03212777
5374,0.0070456685
5375,0.00081120007
5376,0.0021930751
5377,0.002866519
5378,0.0035806692
5379,0.03722402
5380,0.07239797
5381,0.0022576689
5382,0.00085066876
5383,0.0058800005
5384,0.0066379695
5385,0.0016987688
5386,0.00089107506
5387,0.011761201
5388,0.02869067
5389,0.037807498
5390,0.031105202
5391,0.014322677
5392,0.001459519
5393,0.002443519
5394,0.015663674
5395,0.030864168
5396,0.0015768749
5397,0.0013567688
5398,0.0017902686
5399,0.01804427
5400,0.031931717
5401,0.025930801
5402,0.0078004682
5403,0.00026107504
5404,0.014918702
5405,0.04046177
5406,0.055341084
5407,0.048000004
5408,0.00023941875
5409,4.2187503e-06
5410,4.2187503e-06
5411,2.7074999e-05
5412,0.00018376876
5413,0.0038476689
5414,0.0010800001
5415,0.012301876
5416,0.0018369188
5417,0.0015987
5418,0.0014700001
5419,0.0010800001
5420,0.0065490194
5421,0.0057546757
5422,0.0005104688
5423,0.0032448003
5424,0.0017902686
5425,0.018675078
5426,0.036645077
5427,0.0010354688
5428,0.0002523
5429,0.0010005188
5430,7.5e-06
5431,0.0002523
5432,0.0051483
5433,0.01569797
5434,0.001287075
5435,0.009801169
5436,0.017064676
5437,0.013642669
5438,1.1718751e-05
5439,0.0023763
5440,0.00947852
5441,0.018975677
5442,0.025404302
5443,0.024282077
5444,0.01590452
5445,2.7e-06
5446,0.00037807503
5447,0.0017214188
5448,0.00035191872
5449,0.0006697688
5450,0.009693018
5451,0.0017902686
5452,0.0018723003
5453,0.018600302
5454,0.03271952
5455,0.0264627
5456,0.00794627
5457,0.00078796875
5458,0.015019218
5459,0.03701297
5460,0.04908608
5461,0.042243775
5462,0.0002187
5463,0.00018376876
5464,6.7500005e-05
5465,8.9268746e-05
5466,0.00024367501
5467,0.00063480006
5468,0.009398701
5469,0.001767169
5470,0.0018604689
5471,0.0020418752
5472,0.017970769
5473,0.0273612
5474,0.0171363
5475,0.0019683002
5476,0.0014179689
5477,0.021147078
5478,0.04794002
5479,0.057356264
5480,0.00079567503
5481,0.00016216876
5482,0.0010005188
5483,5.418751e-06
5484,0.0002523
5485,0.00036750003
5486,0.006285769
5487,0.018007502
5488,0.0013467001
5489,0.0010443002
5490,0.0009918751
5491,0.0007203
5492,0.004159519
5493,3.6300004e-05
5494,0.00027000002
5495,0.0035643002
5496,0.011407499
5497,0.0010710187
5498,0.008695519
5499,0.0008190188
5500,0.004483519
5501,0.0045018755
5502,0.00075000006
5503,0.0015336752
5504,0.01239317
5505,0.0018369188
5506,0.016497077
5507,0.03183392
5508,0.0008992688
5509,0.0002187
5510,0.0008190188
5511,0.00012916875
5512,0.0010531688
5513,0.0077763004
5514,0.01875
5515,0.02615177
5516,0.0006417188
5517,0.00024796877
5518,0.00015187502
5519,0.00057421875
5520,3.9675004e-05
5521,0.000316875
5522,0.0008667188
5523,0.011910169
5524,0.027907502
5525,0.033667505
5526,0.023226922
5527,4.8000006e-06
5528,0.0019683002
5529,0.0006417188
5530,0.008068801
5531,0.021067498
5532,0.031201873
5533,0.030912302
5534,0.02028
5535,1.875e-06
5536,9.991875e-05
5537,0.0015768749
5538,0.0051483
5539,0.010575019
5540,0.0162867
5541,0.0195075
5542,0.0005482688
5543,0.0035154189
5544,0.00035707498
5545,0.0019683002
5546,0.0016650752
5547,3.4668756e-05
5548,0.0025392002
5549,0.012301876
5550,0.02458172
5551,0.030051677
5552,0.0005482688
5553,0.0020418752
5554,0.0024030753
5555,0.0007129687
5556,0.00036226877
5557,0.00079567503
5558,0.011088018
5559,0.001956169
5560,0.017787674
5561,0.0019683002
5562,0.01323
5563,0.00079567503
5564,0.0028227004
5565,1.875e-06
5566,0.0008034188
5567,0.0054675005
5568,0.0010443002
5569,0.01083
5570,0.022522798
5571,0.023352304
5572,0.011940075
5573,0.0009661688
5574,0.0036963
5575,0.0020418752
5576,0.021991668
5577,0.047223173
5578,0.002104219
5579,0.012454219
5580,0.0009832687
5581,0.00043891877
5582,0.0021930751
5583,0.0011439187
5584,0.0002187
5585,0.0056925192
5586,0.017352076
5587,0.027000003
5588,0.0007803
5589,0.0036630754
5590,0.0046687694
5591,6.75e-07
5592,0.00073507504
5593,0.0046687694
5594,0.00094921875
5595,0.0013067999
5596,0.0017902686
5597,0.018117918
5598,0.0320787
5599,0.0005482688
5600,0.0007203
5601,4.876875e-05
5602,0.002310019
5603,0.0008829187
5604,0.010887076
5605,0.025491677
5606,0.031056916
5607,0.0217083
5608,0.006416719
5609,0.00050430006
5610,0.009747019
5611,0.024796875
5612,0.035397675
5613,0.03498668
5614,0.0004740187
5615,0.00020280002
5616,0.002104219
5617,0.003291769
5618,1.875e-06
5619,0.00012607501
5620,0.003167269
5621,0.011203669
5622,0.020829676
5623,0.025229998
5624,0.00048
5625,0.00015870002
5626,9.187501e-05
5627,0.00027000002
5628,8.26875e-06
5629,0.0019440751
5630,0.00890102
5631,0.01871252
5632,0.02449592
5633,0.021147078
5634,7.441876e-05
5635,4.8000006e-06
5636,0.00044467498
5637,0.000279075
5638,0.0046687694
5639,0.014322677
5640,0.024196802
5641,0.027045019
5642,0.00042187504
5643,0.001459519
5644,0.0016539188
5645,5.418751e-06
5646,0.00018750002
5647,0.0005611687
5648,0.008695519
5649,0.022935674
5650,0.032275204
5651,0.028366877
5652,0.014289919
5653,9.187501e-05
5654,0.0036630754
5655,0.010687969
5656,0.0010179187
5657,0.010156801
5658,0.001710075
5659,0.015801076
5660,0.030816074
5661,0.030194271
5662,6.976875e-05
5663,0.00028829998
5664,0.002721769
5665,0.0007056751
5666,0.0011346751
5667,0.0017556751
5668,0.0022576689
5669,0.002443519
5670,0.02134667
5671,0.001459519
5672,0.00043891877
5673,7.680001e-05
5674,7.500001e-08
5675,0.0014076749
5676,0.0074418755
5677,0.015939075
5678,0.019660803
5679,0.00027000002
5680,2.0418749e-05
5681,6.75e-07
5682,0.00050430006
5683,0.0037296754
5684,0.0008829187
5685,0.010350918
5686,0.024239419
5687,0.029720267
5688,0.020948421
5689,0.006285769
5690,0.00048
5691,0.009425269
5692,0.024111675
5693,0.03468
5694,0.0011439187
5695,0.0077040186
5696,0.00093241886
5697,0.0067950753
5698,0.00985547
5699,3e-05
5700,0.00037276876
5701,0.0004621688
5702,0.0009661688
5703,0.0015877689
5704,0.018007502
5705,0.0021168
5706,0.0143883005
5707,0.020553922
5708,0.0118803
5709,0.000210675
5710,0.0010710187
5711,0.0143554695
5712,0.03402017
5713,0.043206077
5714,0.034070704
5715,4.876875e-05
5716,0.00021466878
5717,0.00016921875
5718,0.0028372689
5719,0.009292801
5720,0.017605519
5721,0.023268674
5722,0.0223587
5723,0.014918702
5724,4.8000006e-06
5725,0.00029296876
5726,0.0014805186
5727,0.0041067
5728,0.008517676
5729,0.013899769
5730,0.0008034188
5731,0.0070456685
5732,0.000957675
5733,0.0007129687
5734,0.0052867695
5735,0.005985469
5736,0.001459519
5737,0.00052291877
5738,0.0100467
5739,0.02650727
5740,0.03648797
5741,0.031153522
5742,0.015019218
5743,0.00012301876
5744,0.004266169
5745,0.000924075
5746,0.0012384187
5747,0.0153906755
5748,0.03565577
5749,0.04464092
5750,0.03457808
5751,4.141875e-05
5752,0.00027000002
5753,0.00018376876
5754,0.002970075
5755,0.00081120007
5756,0.009991876
5757,0.001767169
5758,0.01639172
5759,0.031882804
5760,0.031105202
5761,6.976875e-05
5762,9.72e-05
5763,0.00034171878
5764,0.0007726687
5765,0.01091567
5766,0.027270675
5767,0.036540303
5768,0.030576168
5769,7.441876e-05
5770,6.0918752e-05
5771,0.0008667188
5772,0.0033708
5773,0.00819227
5774,0.0143883005
5775,0.019051202
5776,0.00063480006
5777,0.0042304685
5778,0.00042187504
5779,0.002296875
5780,0.0020172002
5781,8.670001e-05
5782,0.0023629686
5783,0.012332269
5784,0.025056303
5785,0.030816074
5786,0.02458172
5787,0.011088018
5788,0.0010443002
5789,0.0021802688
5790,0.013546877
5791,0.027090078
5792,0.0014700001
5793,0.011761201
5794,0.02527352
5795,0.02953172
5796,0.019969199
5797,0.005548801
5798,0.0005104688
5799,0.0012577688
5800,0.0018604689
5801,0.0025668752
5802,0.028044922
5803,0.05670227
5804,0.059340775
5805,0.00037276876
5806,0.0001323
5807,8.1674996e-05
5808,0.00027451874
5809,0.0049152006
5810,0.015019218
5811,0.025056303
5812,0.001026675
5813,0.0066379695
5814,0.011466076
5815,0.009135076
5816,1.4700002e-05
5817,0.002129419
5818,0.00081120007
5819,0.010295269
5820,0.025623022
5821,0.0015444189
5822,0.0106032
5823,0.017897418
5824,0.00027451874
5825,1.2000002e-06
5826,0.00028829998
5827,0.0028227004
5828,0.00081120007
5829,0.009909919
5830,0.023520002
5831,0.02910968
5832,0.02071127
5833,0.006329268
5834,0.00046807507
5835,0.009240076
5836,0.0017214188
5837,0.0171363
5838,0.03764792
5839,0.0018252002
5840,0.0113490755
5841,0.018600302
5842,0.014322677
5843,0.0035970751
5844,0.0006417188
5845,0.0015552
5846,0.018975677
5847,0.042469222
5848,0.0511707
5849,0.03791408
5850,0.014818518
5851,0.0007056751
5852,0.0047062687
5853,0.020948421
5854,0.03601868
5855,0.0015016687
5856,0.0012096752
5857,0.013899769
5858,0.028551675
5859,0.00089107506
5860,0.0031827001
5861,0.0025392002
5862,7.680001e-05
5863,0.003323269
5864,0.012120301
5865,0.022399671
5866,0.026641203
5867,0.00048
5868,0.0018135187
5869,6.976875e-05
5870,1.8750002e-08
5871,0.00035707498
5872,0.0030300752
5873,0.009585468
5874,0.017787674
5875,0.02207297
5876,0.018525677
5877,0.0091875
5878,0.0012001687
5879,0.0012675
5880,0.010295269
5881,0.0015229688
5882,0.015052802
5883,0.0022188004
5884,0.002129419
5885,0.02071127
5886,0.036070667
5887,0.00060076884
5888,0.00078796875
5889,4.6875004e-05
5890,0.002296875
5891,0.0008829187
5892,0.010887076
5893,0.025491677
5894,0.031056916
5895,0.0217083
5896,0.006416719
5897,7.2074996e-05
5898,0.001459519
5899,0.018154802
5900,0.04101452
5901,0.0021547687
5902,0.01495217
5903,0.0015552
5904,0.01051877
5905,0.015019218
5906,0.0083667
5907,0.00020671875
5908,0.0067725196
5909,0.02031902
5910,0.031980675
5911,0.032818668
5912,0.022113675
5913,0.007873201
5914,0.00018750002
5915,0.00081120007
5916,0.0013467001
5917,0.0160083
5918,0.03659267
5919,0.046985418
5920,0.039694224
5921,0.000195075
5922,4.2187503e-06
5923,0.0
5924,9.991875e-05
5925,0.0012288002
5926,0.0051090755
5927,0.012030019
5928,0.019013418
5929,0.021306677
5930,0.016497077
5931,3.3075e-05
5932,6.0918752e-05
5933,0.00073507504
5934,0.0029850188
5935,0.0075842994
5936,0.013835271
5937,0.018825075
5938,0.0006627
5939,0.0044286754
5940,0.008044219
5941,0.006615675
5942,0.0015768749
5943,0.0006417188
5944,0.009372169
5945,0.024282077
5946,0.03498668
5947,0.0334668
5948,0.020948421
5949,0.006615675
5950,3.3075e-05
5951,0.0045571686
5952,0.0013366687
5953,0.014126699
5954,0.032373678
5955,0.0018604689
5956,0.0014490751
5957,0.01455302
5958,0.02606327
5959,0.021306677
5960,0.006329268
5961,0.0003024188
5962,0.013642669
5963,0.036960304
5964,0.051046874
5965,0.04510502
5966,0.024926418
5967,0.005985469
5968,0.00011701877
5969,0.0011531999
5970,0.001609669
5971,0.018451199
5972,0.041070003
5973,0.05123267
5974,0.041850675
5975,0.021266721
5976,0.004266169
5977,0.0005104688
5978,0.007970701
5979,0.0012675
5980,0.0014700001
5981,0.002129419
5982,0.0028081688
5983,0.0032760752
5984,0.031008678
5985,0.052668303
5986,0.041682776
5987,0.012638268
5988,0.000210675
5989,0.002895919
5990,0.033316668
5991,0.06861693
5992,0.075375475
5993,0.04957268
5994,1.8750002e-08
5995,0.0018135187
5996,0.005610169
5997,0.00057421875
5998,0.00079567503
5999,0.0013872002
6000,0.002054269
6001,0.0025530187
6002,0.024796875
6003,0.04280852
6004,0.0006984188
6005,2.7074999e-05
6006,4.141875e-05
6007,0.0016428002
6008,0.00073507504
6009,0.0012001687
6010,0.0016875002
6011,0.017244019
6012,0.030624077
6013,0.024969677
6014,0.007512919
6015,0.0007575188
6016,0.01448702
6017,0.002525419
6018,0.02306027
6019,0.046216883
6020,0.0016317187
6021,0.0078004682
6022,0.010074168
6023,0.0048196693
6024,0.00024367501
6025,0.00094921875
6026,0.01301042
6027,0.03134717
6028,0.0017442189
6029,0.01143677
6030,0.018975677
6031,0.000279075
6032,9.187501e-07
6033,0.00029767503
6034,0.00037276876
6035,0.006285769
6036,0.017970769
6037,0.027090078
6038,0.025491677
6039,0.0001323
6040,1.1718751e-05
6041,0.0002187
6042,0.0020295188
6043,0.0006075001
6044,0.008118075
6045,0.021306677
6046,0.030241875
6047,0.00073507504
6048,0.00027000002
6049,0.000165675
6050,3.7968755e-05
6051,1.51875e-06
6052,0.0011163
6053,0.00068401877
6054,0.001171875
6055,0.0016650752
6056,0.0018960749
6057,0.016779674
6058,0.0011531999
6059,0.00032669998
6060,3.9675004e-05
6061,4.6875004e-05
6062,0.002079169
6063,0.008695519
6064,0.016921874
6065,0.019737678
6066,0.013770919
6067,0.0040368
6068,8.670001e-05
6069,0.0011071688
6070,0.0143554695
6071,0.0338688
6072,0.04458308
6073,0.0386643
6074,0.021306677
6075,1.4700002e-05
6076,0.0015768749
6077,0.00035707498
6078,0.0043923
6079,0.01239317
6080,0.020908799
6081,0.0010443002
6082,0.0082668
6083,0.0169932
6084,0.01782422
6085,0.009240076
6086,0.0007203
6087,0.0032292188
6088,0.0017902686
6089,0.0023364185
6090,0.0030000003
6091,0.030768022
6092,0.0032136752
6093,0.02071127
6094,0.029296875
6095,0.00015870002
6096,7.921875e-05
6097,0.0026226752
6098,0.01001927
6099,0.0012192187
6100,0.011378269
6101,0.023143517
6102,0.00073507504
6103,0.0026367188
6104,0.0020172002
6105,8.416876e-05
6106,0.003354919
6107,0.0010710187
6108,0.0124236755
6109,0.028182674
6110,0.0334668
6111,0.00036226877
6112,1.576875e-05
6113,2.2687502e-06
6114,0.00012916875
6115,0.0031212
6116,0.011088018
6117,0.020671874
6118,0.025099667
6119,0.00048
6120,0.0018960749
6121,0.0022707
6122,0.000676875
6123,0.00035707498
6124,0.0057963002
6125,0.01681517
6126,0.027000003
6127,0.028830001
6128,0.020475468
6129,0.007970701
6130,0.00037276876
6131,0.0028812
6132,0.013515019
6133,0.0015123001
6134,0.014224518
6135,0.031882804
6136,0.0016539188
6137,0.0010800001
6138,0.009558675
6139,0.01455302
6140,0.00854297
6141,0.0005104688
6142,0.004483519
6143,0.022276876
6144,0.04046177
6145,0.04394927
6146,0.030146703
6147,0.010659676
6148,0.00024796877
6149,0.0010531688
6150,0.01357877
6151,0.031105202
6152,0.04090367
6153,0.03732977
6154,0.023984272
6155,0.0095052
6156,0.001062075
6157,0.0008829187
6158,0.0007203
6159,0.00839177
6160,0.001459519
6161,0.014851876
6162,0.0022188004
6163,0.019354803
6164,0.036540303
6165,0.034782074
6166,6.526876e-05
6167,0.000399675
6168,0.0031981687
6169,0.0091875
6170,0.0010092
6171,0.010323075
6172,0.0015768749
6173,0.013198519
6174,0.0011907001
6175,0.0064606695
6176,0.0068403
6177,0.001609669
6178,0.001062075
6179,0.0124236755
6180,0.029578803
6181,0.038341872
6182,0.031105202
6183,0.014029221
6184,0.0013266751
6185,0.0026086688
6186,0.015939075
6187,0.030960469
6188,0.037594803
6189,0.0009075
6190,0.0006075001
6191,0.0008034188
6192,0.007656019
6193,0.0005292
6194,0.0018252002
6195,0.000676875
6196,0.0004740187
6197,0.0070227003
6198,0.001459519
6199,0.014257201
6200,0.028459199
6201,0.00085066876
6202,0.0029850188
6203,0.0023232002
6204,7.680001e-05
6205,0.002721769
6206,0.013419676
6207,0.0264627
6208,0.03183392
6209,0.0005482688
6210,0.001956169
6211,0.0022576689
6212,0.0006417188
6213,0.000399675
6214,0.0059431694
6215,0.0013266751
6216,0.0016762686
6217,0.018562969
6218,0.03685507
6219,0.036070667
6220,8.416876e-05
6221,0.00030720004
6222,0.0028812
6223,0.00874667
6224,0.016356675
6225,0.02182952
6226,0.02134667
6227,0.014586076
6228,0.005589675
6229,0.00012607501
6230,0.0032292188
6231,0.009345674
6232,0.016042968
6233,0.00093241886
6234,0.0084672
6235,0.0013366687
6236,0.0115248
6237,0.0010710187
6238,0.005838076
6239,0.006091875
6240,0.0013266751
6241,0.000567675
6242,0.010546875
6243,0.0019804689
6244,0.018228674
6245,0.03498668
6246,0.0009661688
6247,0.0032448003
6248,0.002497969
6249,9.451876e-05
6250,0.0006142687
6251,0.010156801
6252,0.026240418
6253,0.0016206751
6254,0.011116875
6255,0.00094921875
6256,0.0050505185
6257,0.005128669
6258,0.000957675
6259,0.0014076749
6260,0.012454219
6261,0.028274704
6262,0.036070667
6263,0.000676875
6264,0.0024843
6265,0.002895919
6266,0.00091576885
6267,0.00023520003
6268,0.0054472685
6269,0.016638076
6270,0.0014805186
6271,0.0125460755
6272,0.001459519
6273,0.010129219
6274,0.0006142687
6275,0.002079169
6276,0.0008347687
6277,0.0003888
6278,0.0069084186
6279,0.019431077
6280,0.028783517
6281,0.026551878
6282,0.014257201
6283,0.0023629686
6284,0.0011254689
6285,0.0014076749
6286,0.01639172
6287,0.037276875
6288,0.047580924
6289,0.039967503
6290,0.00018750002
6291,0.0001323
6292,3.6300004e-05
6293,0.00012301876
6294,0.0017214188
6295,0.00060076884
6296,0.008142768
6297,0.02142677
6298,0.0014282999
6299,0.001062075
6300,0.00947852
6301,0.01448702
6302,7.2074996e-05
6303,0.000195075
6304,0.002970075
6305,0.01023977
6306,0.0192027
6307,0.0009918751
6308,0.00072766875
6309,0.0067500006
6310,0.010350918
6311,4.141875e-05
6312,9.451876e-05
6313,0.0027648
6314,0.010323075
6315,0.0198147
6316,0.024624676
6317,0.020358076
6318,0.009801169
6319,0.001171875
6320,0.0015123001
6321,0.0012192187
6322,0.014257201
6323,0.033117022
6324,0.043434076
6325,0.037701078
6326,0.00021466878
6327,9.918751e-06
6328,3e-05
6329,1.9200002e-05
6330,0.0009661688
6331,0.0048960187
6332,0.0122412015
6333,0.019737678
6334,0.02223602
6335,0.017208075
6336,0.0077521694
6337,0.0007129687
6338,0.0016987688
6339,0.0011163
6340,0.0015877689
6341,0.0189003
6342,0.042131267
6343,0.05073797
6344,0.037594803
6345,0.014718674
6346,0.0007056751
6347,0.0046687694
6348,0.020790169
6349,0.035811074
6350,0.039803423
6351,0.031882804
6352,0.000226875
6353,0.00073507504
6354,0.0015123001
6355,2.8518753e-05
6356,7.5e-06
6357,0.0006912
6358,0.0040891687
6359,0.0008748
6360,0.010156801
6361,0.0238572
6362,0.029296875
6363,0.02071127
6364,0.006242419
6365,0.0004740187
6366,0.009319219
6367,0.023899518
6368,0.0344763
6369,0.0344763
6370,0.02458172
6371,0.0113490755
6372,0.0019804689
6373,0.00035707498
6374,0.0056512696
6375,0.013932074
6376,0.001062075
6377,0.0012001687
6378,0.0147852
6379,0.0330672
6380,0.0014282999
6381,0.0074655185
6382,0.009909919
6383,0.004876875
6384,2.8518753e-05
6385,0.005589675
6386,0.0018960749
6387,0.002296875
6388,0.0027648
6389,0.02659652
6390,0.0023496752
6391,0.0011254689
6392,0.0065712007
6393,0.0056925192
6394,0.00048
6395,0.00089107506
6396,0.013835271
6397,0.032226022
6398,0.0382347
6399,0.000399675
6400,1.576875e-05
6401,6.7687497e-06
6402,0.00012607501
6403,0.0030603004
6404,0.0109443
6405,0.020475468
6406,0.024969677
6407,0.02028
6408,0.009558675
6409,0.001062075
6410,0.0016317187
6411,0.01143677
6412,0.024154218
6413,0.0014386689
6414,0.0118803
6415,0.025623022
6416,0.029956805
6417,0.02024102
6418,0.0056306995
6419,0.00014851875
6420,0.0014386689
6421,0.017751168
6422,0.0401868
6423,0.05073797
6424,0.041850675
6425,0.02150702
6426,0.0044652
6427,0.00050430006
6428,0.007897519
6429,0.018451199
6430,0.0012192187
6431,0.01083
6432,0.0017214188
6433,0.015801076
6434,0.030768022
6435,0.030146703
6436,6.976875e-05
6437,0.00029296876
6438,0.002736075
6439,0.008416876
6440,0.015973669
6441,0.021547202
6442,0.021306677
6443,0.014718674
6444,0.0057131997
6445,0.00025666875
6446,0.0022446748
6447,0.010887076
6448,0.021266721
6449,0.027588172
6450,0.026641203
6451,0.01924067
6452,0.0094518745
6453,1.2675001e-05
6454,0.00089107506
6455,0.00023520003
6456,0.0033075
6457,0.010184418
6458,0.018488418
6459,0.023688298
6460,0.022195203
6461,0.00023101876
6462,4.876875e-05
6463,2.1675003e-05
6464,7.5e-06
6465,9.991875e-05
6466,0.0027792188
6467,0.010295269
6468,0.019776167
6469,0.001026675
6470,0.007230769
6471,0.0006627
6472,0.0035970751
6473,0.0034668753
6474,4.501875e-05
6475,0.0028227004
6476,0.011001674
6477,0.021147078
6478,0.025974922
6479,0.021147078
6480,5.266875e-05
6481,4.32e-05
6482,0.0007056751
6483,0.0029850188
6484,0.00060076884
6485,0.0009832687
6486,0.0015987
6487,0.01804427
6488,0.03601868
6489,0.03544922
6490,0.0171363
6491,0.0012288002
6492,0.005207419
6493,0.026820298
6494,0.04794002
6495,0.001884169
6496,0.012120301
6497,0.022605078
6498,0.021991668
6499,0.010462669
6500,0.0005874188
6501,0.004302019
6502,0.0020049186
6503,0.002497969
6504,0.02731592
6505,0.055341084
6506,0.058146026
6507,0.034070704
6508,0.0070456685
6509,0.001062075
6510,0.018675078
6511,0.042638704
6512,0.053615272
6513,0.045396302
6514,0.02606327
6515,9.187501e-07
6516,5.671875e-05
6517,0.00057421875
6518,0.0016762686
6519,0.00029296876
6520,0.0005874188
6521,0.008875201
6522,0.023226922
6523,0.032521673
6524,0.028459199
6525,0.014257201
6526,0.0019440751
6527,0.00072766875
6528,0.011174701
6529,0.027000003
6530,0.0017327999
6531,0.014029221
6532,0.0018369188
6533,0.0015552
6534,0.0136746755
6535,0.020790169
6536,0.00012607501
6537,0.000108299995
6538,0.0026226752
6539,0.009801169
6540,0.019089017
6541,0.023984272
6542,0.00050430006
6543,0.000180075
6544,0.0011907001
6545,0.00093241886
6546,8.416876e-05
6547,0.0030603004
6548,0.0010092
6549,0.0118803
6550,0.027225472
6551,0.032571074
6552,0.00036226877
6553,1.6875001e-05
6554,6.75e-07
6555,0.0006075001
6556,0.0039675003
6557,0.011088018
6558,0.019089017
6559,0.0008992688
6560,0.006242419
6561,0.0005874188
6562,0.00027451874
6563,8.1674996e-05
6564,9.187501e-07
6565,0.00072766875
6566,0.000567675
6567,0.00819227
6568,0.001459519
6569,0.01257677
6570,0.02207297
6571,0.01782422
6572,0.0050310753
6573,0.00041070004
6574,0.013041675
6575,0.034629017
6576,0.0021930751
6577,0.0160083
6578,0.0016762686
6579,0.011261718
6580,0.016042968
6581,6.526876e-05
6582,0.00027000002
6583,0.00045046877
6584,0.007254075
6585,0.02000792
6586,0.029203203
6587,0.026685918
6588,0.01415927
6589,6.7500005e-05
6590,0.003167269
6591,0.009612301
6592,0.016708802
6593,0.0213867
6594,0.00074251875
6595,0.0006417188
6596,0.0073242188
6597,0.014094169
6598,0.012060075
6599,4.8000006e-06
6600,0.0019320189
6601,0.008316676
6602,0.017460467
6603,0.0011625189
6604,0.0010890188
6605,0.011466076
6606,0.021027772
6607,0.017496677
6608,0.0051679686
6609,0.000316875
6610,0.001767169
6611,0.0025947
6612,0.028413018
6613,0.057356264
6614,0.059942704
6615,0.00037807503
6616,0.00012916875
6617,8.670001e-05
6618,0.0018486752
6619,0.0006556688
6620,0.008721075
6621,0.02256392
6622,0.001459519
6623,0.010295269
6624,0.017532919
6625,0.00027000002
6626,0.00022276877
6627,0.00011407501
6628,0.00045046877
6629,0.0074655185
6630,0.020475468
6631,0.029814772
6632,0.027045019
6633,0.00011407501
6634,7.500001e-08
6635,7.441876e-05
6636,0.0018486752
6637,0.007137919
6638,0.015120075
6639,0.0010710187
6640,0.0010443002
6641,0.0012675
6642,0.011554221
6643,0.00079567503
6644,0.002970075
6645,0.0015552
6646,0.000226875
6647,0.0008586751
6648,0.001491075
6649,0.0171363
6650,0.0020418752
6651,0.013932074
6652,0.01993052
6653,0.011495419
6654,0.000210675
6655,0.001062075
6656,0.014257201
6657,0.033768076
6658,0.0018018751
6659,0.011672269
6660,0.0009661688
6661,0.00043891877
6662,0.0021930751
6663,1.51875e-06
6664,0.00074251875
6665,0.005207419
6666,0.0136746755
6667,0.020869218
6668,0.0006417188
6669,0.00028829998
6670,0.000180075
6671,0.00073507504
6672,0.00010267501
6673,0.0010890188
6674,0.0008748
6675,0.011378269
6676,0.026685918
6677,0.0012675
6678,0.0069540194
6679,0.009372169
6680,0.004631419
6681,2.43e-05
6682,0.0010531688
6683,0.014985676
6684,0.0024165187
6685,0.021067498
6686,0.03947627
6687,0.03722402
6688,0.017100468
6689,0.00097470003
6690,0.0015660189
6691,0.0025947
6692,0.028737077
6693,0.05980868
6694,0.066976875
6695,0.00074251875
6696,0.000108299995
6697,5.0700004e-05
6698,8.9268746e-05
6699,0.00012916875
6700,0.0003888
6701,0.0067050746
6702,0.0189003
6703,0.028136719
6704,0.02615177
6705,0.01415927
6706,5.8800008e-05
6707,0.0029850188
6708,0.009240076
6709,0.0162867
6710,0.02110727
6711,0.00075000006
6712,0.005775469
6713,0.012515418
6714,0.013835271
6715,0.0075842994
6716,0.0006697688
6717,0.0007650751
6718,0.01197002
6719,0.002129419
6720,0.020085467
6721,0.041125517
6722,0.04458308
6723,0.0273612
6724,3.7968755e-05
6725,0.0034186689
6726,0.010659676
6727,0.0010531688
6728,0.01051877
6729,0.025143076
6730,0.033416722
6731,0.028044922
6732,0.01338797
6733,0.0015444189
6734,0.0019926752
6735,0.014094169
6736,0.028830001
6737,0.03638342
6738,0.00094921875
6739,0.006091875
6740,0.0007803
6741,0.0058171684
6742,0.008492419
6743,2.2968752e-05
6744,0.000399675
6745,0.0036796685
6746,0.011116875
6747,0.019660803
6748,0.0009408001
6749,0.006526875
6750,0.011495419
6751,0.009292801
6752,0.0023232002
6753,0.00049207505
6754,0.0095052
6755,0.001884169
6756,0.018414019
6757,0.038449205
6758,0.04235642
6759,0.0264627
6760,0.006329268
6761,0.0004740187
6762,0.0136107
6763,0.0342732
6764,0.04639367
6765,0.0012384187
6766,0.0074655185
6767,0.014718674
6768,0.00048601878
6769,0.00012916875
6770,0.00039421872
6771,3.3075e-05
6772,0.000316875
6773,0.0059220744
6774,0.017352076
6775,0.026551878
6776,0.025317073
6777,0.01415927
6778,0.0026086688
6779,0.0005874188
6780,0.0012480749
6781,0.0151875
6782,0.0023763
6783,0.021627676
6784,0.04360547
6785,0.046629924
6786,0.00033667503
6787,0.00018376876
6788,2.5668753e-05
6789,0.0014805186
6790,0.0064827004
6791,0.0010092
6792,0.0109443
6793,0.0016650752
6794,0.0014805186
6795,0.0013668751
6796,0.0104067195
6797,0.00043891877
6798,0.0006984188
6799,1.366875e-05
6800,0.000567675
6801,0.008978699
6802,0.022522798
6803,0.0011812687
6804,0.00063480006
6805,0.004575675
6806,0.0050116694
6807,0.001062075
6808,0.0011907001
6809,0.011731519
6810,0.02740652
6811,0.03565577
6812,0.029203203
6813,0.013419676
6814,0.0013668751
6815,0.00081120007
6816,0.01185047
6817,0.028182674
6818,0.001767169
6819,0.0015660189
6820,0.017244019
6821,0.0020295188
6822,0.013803075
6823,0.019737678
6824,0.011378269
6825,0.0007803
6826,0.0049344194
6827,0.025143076
6828,0.0025668752
6829,0.020358076
6830,0.002091675
6831,0.0013366687
6832,0.0098826755
6833,0.012030019
6834,0.004302019
6835,0.0005292
6836,0.011174701
6837,0.029203203
6838,0.039530702
6839,0.0330672
6840,0.015458701
6841,0.0016650752
6842,0.0024165187
6843,0.016112419
6844,0.001956169
6845,0.0020295188
6846,0.0026508
6847,0.02767922
6848,0.052291874
6849,0.04890422
6850,0.022276876
6851,0.00040516877
6852,0.010972969
6853,0.028320769
6854,0.001884169
6855,0.015153769
6856,0.031250272
6857,0.03498668
6858,0.022440676
6859,1.8018749e-05
6860,0.000399675
6861,0.0057546757
6862,0.0011907001
6863,0.012916875
6864,0.030194271
6865,0.038718175
6866,0.031105202
6867,0.013867501
6868,0.0012480749
6869,0.002721769
6870,0.0161472
6871,0.031056916
6872,0.03754172
6873,0.032521673
6874,0.02028
6875,1.9200002e-05
6876,3.4668756e-05
6877,0.00016216876
6878,6.7500005e-05
6879,0.0015552
6880,0.0006075001
6881,0.001062075
6882,0.013770919
6883,0.031298704
6884,0.0013872002
6885,0.007371168
6886,0.009828299
6887,0.0048577692
6888,2.8518753e-05
6889,0.0010710187
6890,0.0019080188
6891,0.022113675
6892,0.046334703
6893,0.05036852
6894,0.00037807503
6895,0.00023520003
6896,1.08e-05
6897,0.0013872002
6898,0.006416719
6899,0.001026675
6900,0.011088018
6901,0.02536067
6902,0.0011907001
6903,0.0065490194
6904,0.008823675
6905,0.0043200003
6906,1.366875e-05
6907,0.0054675005
6908,0.020908799
6909,0.03555242
6910,0.037701078
6911,0.02579867
6912,0.009240076
6913,0.00023520003
6914,0.0042304685
6915,0.01695752
6916,0.0016317187
6917,0.0016875002
6918,0.0195075
6919,0.0025947
6920,0.02000792
6921,0.033216767
6922,0.025842678
6923,0.007230769
6924,0.0008427
6925,0.0020049186
6926,0.023478018
6927,0.0032136752
6928,0.026196077
6929,0.04746152
6930,0.043434076
6931,0.01924067
6932,0.0009408001
6933,0.007254075
6934,0.032275204
6935,0.05412377
6936,0.055792972
6937,0.03818117
6938,0.0153906755
6939,0.0015877689
6940,0.0015987
6941,0.010659676
6942,0.020553922
6943,0.001098075
6944,0.0011071688
6945,0.0016875002
6946,0.01886267
6947,0.03743567
6948,0.0010710187
6949,0.0036630754
6950,0.0029403002
6951,0.0001728
6952,0.0025392002
6953,0.0136107
6954,0.0273612
6955,0.0013366687
6956,0.00874667
6957,0.014818518
6958,0.0116427
6959,1.4700002e-05
6960,0.0023629686
6961,0.009345674
6962,0.01875
6963,0.025186522
6964,0.024154218
6965,0.015870001
6966,3.1687503e-06
6967,0.00036226877
6968,0.00016921875
6969,0.0003834188
6970,0.0061132684
6971,0.017496677
6972,0.02777042
6973,0.0010179187
6974,0.0063729193
6975,0.0109443
6976,0.008695519
6977,0.002091675
6978,0.00049207505
6979,0.0012577688
6980,0.0160083
6981,0.036960304
6982,0.001884169
6983,0.0011907001
6984,0.010434675
6985,0.015870001
6986,0.009398701
6987,0.00062791875
6988,0.0044652
6989,0.0022059188
6990,0.023143517
6991,0.04746152
6992,0.05086142
6993,0.00036226877
6994,0.000195075
6995,2.7074999e-05
6996,0.0015123001
6997,0.0065712007
6998,0.014685469
6999,0.021748671
7000,0.022852799
7001,0.00032669998
7002,0.0011163
7003,0.0012577688
7004,0.0002523
7005,0.0006075001
7006,0.005838076
7007,0.015766669
7008,0.0013167186
7009,0.011290802
7010,0.022605078
7011,0.02289422
7012,0.01143677
7013,0.000826875
7014,0.0039159185
7015,0.020790169
7016,0.038826022
7017,0.04464092
7018,0.03473102
7019,0.0169932
7020,0.0032292188
7021,0.0003834188
7022,0.00094921875
7023,0.0013266751
7024,0.01569797
7025,0.03596672
7026,0.04639367
7027,0.03936752
7028,0.02110727
7029,0.004838701
7030,0.00015187502
7031,0.00727742
7032,0.01924067
7033,0.0013770189
7034,0.012090168
7035,0.027542701
7036,0.0015123001
7037,0.001026675
7038,0.0091875
7039,0.0139968
7040,0.008217076
7041,0.000180075
7042,0.0062640756
7043,0.0015444189
7044,0.0161472
7045,0.03468
7046,0.039150473
7047,0.025229998
7048,0.0063948
7049,0.00032669998
7050,0.01239317
7051,0.032422975
7052,0.04498877
7053,0.0012675
7054,0.0077763004
7055,0.015288919
7056,0.0004981688
7057,0.0018135187
7058,1.1718751e-05
7059,0.00022276877
7060,0.002679075
7061,0.009266419
7062,0.017787674
7063,0.022522798
7064,0.019126875
7065,0.009585468
7066,0.001296919
7067,0.00053551875
7068,0.001098075
7069,0.0016762686
7070,0.019776167
7071,0.0437772
7072,0.052291874
7073,0.038341872
7074,0.0147519205
7075,0.0006417188
7076,0.004953675
7077,0.02142677
7078,0.03638342
7079,0.001491075
7080,0.010887076
7081,0.001491075
7082,0.012332269
7083,0.02142677
7084,0.017208075
7085,9.918751e-06
7086,0.0025530187
7087,0.010074168
7088,0.0198147
7089,0.0261075
7090,0.00075000006
7091,0.0045018755
7092,0.00794627
7093,0.006416719
7094,0.0014700001
7095,0.0007056751
7096,0.0095052
7097,0.024282077
7098,0.034782074
7099,0.033166878
7100,0.020750703
7101,0.006526875
7102,3.1518754e-05
7103,0.0008427
7104,0.0109443
7105,0.025930801
7106,0.03565577
7107,0.0010890188
7108,0.0071610743
7109,0.01448702
7110,0.0004981688
7111,0.0018369188
7112,1.2675001e-05
7113,0.000210675
7114,0.0026367188
7115,0.0091875
7116,0.017751168
7117,0.022522798
7118,0.01916477
7119,6.7500005e-05
7120,6.075e-06
7121,7.921875e-05
7122,0.0018604689
7123,0.0006627
7124,0.008823675
7125,0.022770077
7126,0.03173627
7127,0.00073507504
7128,0.0030603004
7129,0.0001323
7130,3.6750005e-06
7131,0.000180075
7132,0.0023496752
7133,0.00854297
7134,0.0010800001
7135,0.0104067195
7136,0.021547202
7137,0.022276876
7138,0.011407499
7139,0.0009075
7140,0.0010443002
7141,0.0019320189
7142,0.002664919
7143,0.02906297
7144,0.05841047
7145,0.060885083
7146,0.035243273
7147,0.0071147997
7148,0.0012001687
7149,0.019584075
7150,0.044006698
7151,0.05476277
7152,0.045805667
7153,0.025886716
7154,0.008044219
7155,0.000180075
7156,0.0004162688
7157,0.0005482688
7158,0.0008586751
7159,0.011116875
7160,0.02740652
7161,0.037967417
7162,0.03493547
7163,0.020869218
7164,1.875e-06
7165,0.0010179187
7166,0.0033390748
7167,0.0066379695
7168,0.0106032
7169,0.0006984188
7170,0.0008667188
7171,0.010858519
7172,0.001459519
7173,0.0103788
7174,0.015019218
7175,0.008492419
7176,0.0004162688
7177,0.001171875
7178,0.0171363
7179,0.039912768
7180,0.0020049186
7181,0.012515418
7182,0.02039717
7183,0.0155952005
7184,0.003933075
7185,0.0006627
7186,0.013419676
7187,0.033919223
7188,0.04604042
7189,0.0011071688
7190,0.005610169
7191,0.00046807507
7192,0.002443519
7193,0.0021547687
7194,6.3075e-05
7195,0.0030000003
7196,0.011290802
7197,0.001296919
7198,0.0118803
7199,0.0014282999
7200,0.0009918751
7201,0.0073242188
7202,0.00864452
7203,0.0026508
7204,0.000567675
7205,0.0115248
7206,0.029814772
7207,0.040131923
7208,0.033316668
7209,7.441876e-05
7210,8.670001e-05
7211,0.0010092
7212,0.003646519
7213,0.000621075
7214,0.0077763004
7215,0.02039717
7216,0.029156419
7217,0.0007203
7218,0.0031365189
7219,0.0038988001
7220,0.0014700001
7221,0.000226875
7222,0.005548801
7223,0.0013668751
7224,0.014685469
7225,0.0320787
7226,0.0013567688
7227,0.0071147997
7228,0.009425269
7229,0.0046127997
7230,1.8018749e-05
7231,0.001062075
7232,0.01508642
7233,0.0024300003
7234,0.002310019
7235,0.0223587
7236,0.038718175
7237,0.00063480006
7238,0.00085066876
7239,4.501875e-05
7240,0.00037807503
7241,0.0008992688
7242,0.012210919
7243,0.02850542
7244,0.03417188
7245,0.023478018
7246,0.0067050746
7247,0.000111168745
7248,0.010323075
7249,0.0293907
7250,0.002079169
7251,0.016602768
7252,0.033818424
7253,0.03722402
7254,0.00031201873
7255,0.00025666875
7256,9.187501e-07
7257,0.001171875
7258,0.005985469
7259,0.014257201
7260,0.02182952
7261,0.023394167
7262,0.017208075
7263,0.0072075003
7264,0.00048601878
7265,0.0005874188
7266,0.008695519
7267,0.0015660189
7268,0.0018604689
7269,0.021186918
7270,0.04458308
7271,0.048662268
7272,0.00037276876
7273,0.00024796877
7274,6.7687497e-06
7275,0.0013366687
7276,0.0006417188
7277,0.008797969
7278,0.0016650752
7279,0.001767169
7280,0.017714702
7281,0.031298704
7282,0.025404302
7283,0.0076081697
7284,0.00027000002
7285,0.0147852
7286,0.0029403002
7287,0.026730675
7288,0.052542675
7289,0.054570675
7290,0.03163877
7291,0.0063948
7292,0.001098075
7293,0.01804427
7294,0.04101452
7295,0.0021930751
7296,0.016042968
7297,0.032226022
7298,0.03544922
7299,0.0223587
7300,0.005427075
7301,0.00039421872
7302,0.011940075
7303,0.03072
7304,0.042695265
7305,0.0012288002
7306,0.00768
7307,0.0151875
7308,0.0157323
7309,0.008044219
7310,0.00014191875
7311,0.0047628004
7312,0.014685469
7313,0.024753772
7314,0.028830001
7315,0.024239419
7316,0.013835271
7317,0.0038646753
7318,0.0002187
7319,0.004284075
7320,0.011378269
7321,0.01819172
7322,0.021789074
7323,0.000676875
7324,0.005089519
7325,0.00072766875
7326,0.005589675
7327,0.008217076
7328,2.1675003e-05
7329,0.000399675
7330,0.0036630754
7331,0.011088018
7332,0.0011439187
7333,0.0012001687
7334,0.01257677
7335,0.0012384187
7336,0.0068403
7337,0.007347675
7338,0.0018369188
7339,0.000957675
7340,0.012362699
7341,0.0020667
7342,0.018525677
7343,0.03534617
7344,0.033919223
7345,0.01590452
7346,0.00097470003
7347,0.0055080755
7348,0.026775472
7349,0.047163676
7350,0.051046874
7351,0.036960304
7352,6.976875e-05
7353,7.5e-06
7354,0.00012
7355,0.00062791875
7356,0.0024030753
7357,0.00052291877
7358,0.00091576885
7359,0.0015123001
7360,0.01731602
7361,0.002054269
7362,0.0139968
7363,0.020046677
7364,0.011554221
7365,0.0008034188
7366,0.0049344194
7367,0.02527352
7368,0.0025807687
7369,0.0021930751
7370,0.021186918
7371,0.036802523
7372,0.02953172
7373,0.008849419
7374,0.00026551876
7375,0.016077677
7376,0.003151875
7377,0.028413018
7378,0.0032448003
7379,0.023688298
7380,0.03850292
7381,0.0005611687
7382,0.00060076884
7383,6.3075e-05
7384,0.0025530187
7385,0.009991876
7386,0.0012288002
7387,0.011466076
7388,0.02331047
7389,0.023772677
7390,6.976875e-05
7391,0.000180075
7392,0.0021930751
7393,0.0006627
7394,0.00864452
7395,0.0223587
7396,0.0014490751
7397,0.001062075
7398,0.0095052
7399,0.01448702
7400,7.2074996e-05
7401,8.1674996e-05
7402,0.0026086688
7403,0.009964518
7404,0.019431077
7405,0.024410272
7406,0.020358076
7407,0.0099372
7408,7.921875e-05
7409,0.00042751874
7410,0.0059643
7411,0.0012096752
7412,0.013041675
7413,0.03038492
7414,0.038880005
7415,0.031153522
7416,0.013835271
7417,0.000165675
7418,0.0006697688
7419,0.008442019
7420,0.001491075
7421,0.015120075
7422,0.0022446748
7423,0.01954577
7424,0.03685507
7425,0.03503792
7426,0.016251769
7427,0.00094921875
7428,0.001491075
7429,0.020514676
7430,0.046216883
7431,0.0023496752
7432,0.015835522
7433,0.028923076
7434,0.0273612
7435,4.876875e-05
7436,0.0003834188
7437,0.00036226877
7438,0.0057131997
7439,0.0165675
7440,0.026685918
7441,0.0010179187
7442,0.006416719
7443,0.011088018
7444,0.0001728
7445,0.00010267501
7446,9.991875e-05
7447,0.00044467498
7448,0.007418269
7449,0.0015444189
7450,0.014918702
7451,0.029578803
7452,0.029296875
7453,0.014257201
7454,0.0010005188
7455,0.0046687694
7456,0.0240267
7457,0.04366268
7458,0.0018018751
7459,0.0118803
7460,0.022399671
7461,0.021910518
7462,0.010490701
7463,0.0006075001
7464,0.0010890188
7465,0.001956169
7466,0.022687502
7467,0.0031365189
7468,0.025623022
7469,0.0025530187
7470,0.0015987
7471,0.0011254689
7472,0.0068629696
7473,0.006091875
7474,0.00060076884
7475,0.0031365189
7476,0.017970769
7477,0.03361727
7478,0.03534617
7479,0.02134667
7480,3.4668756e-05
7481,0.002970075
7482,0.0094518745
7483,0.016744219
7484,0.02166797
7485,0.02182952
7486,0.017064676
7487,0.00953192
7488,0.0027075
7489,0.00014851875
7490,0.0031059189
7491,0.0006984188
7492,0.0082668
7493,0.021306677
7494,0.031298704
7495,0.030864168
7496,0.020163167
7497,0.0068629696
7498,0.00010546876
7499,0.0038307
7500,0.0147519205
7501,0.001459519
7502,0.0015660189
7503,0.018376876
7504,0.039530702
7505,0.0015660189
7506,0.0007129687
7507,0.00046807507
7508,0.00019126877
7509,9.918751e-06
7510,0.00023520003
7511,0.0031212
7512,0.00089107506
7513,0.0099372
7514,0.021186918
7515,0.0223587
7516,7.680001e-05
7517,0.00012301876
7518,0.0019080188
7519,0.0006417188
7520,0.0010890188
7521,0.0139968
7522,0.0316875
7523,0.037118416
7524,0.024796875
7525,0.0067275185
7526,0.00018750002
7527,0.0113490755
7528,0.002296875
7529,0.021951076
7530,0.046158023
7531,0.053361926
7532,0.0006984188
7533,0.0018960749
7534,5.266875e-05
7535,1.51875e-06
7536,0.00048601878
7537,0.0034668753
7538,0.0008427
7539,0.01001927
7540,0.02364617
7541,0.029156419
7542,0.02071127
7543,0.006285769
7544,4.876875e-05
7545,0.008875201
7546,0.0020667
7547,0.0023629686
7548,0.025886716
7549,0.052857023
7550,0.055922423
7551,0.0330672
7552,6.526876e-05
7553,0.0045387005
7554,0.01323
7555,0.021266721
7556,0.024840022
7557,0.00068401877
7558,0.0049152006
7559,0.010801519
7560,0.012210919
7561,0.0068176687
7562,9.451876e-05
7563,0.0037632005
7564,0.0010443002
7565,0.0014805186
7566,0.017714702
7567,0.038449205
7568,0.0015552
7569,0.007873201
7570,0.000399675
7571,5.8800008e-05
7572,4.2187503e-06
7573,0.0008829187
7574,0.0058590192
7575,0.0147519205
7576,0.021870002
7577,0.020908799
7578,0.011910169
7579,0.002296875
7580,0.0006912
7581,0.009639169
7582,0.023562022
7583,0.033366676
7584,0.033117022
7585,0.02364617
7586,0.010972969
7587,0.0019804689
7588,0.00031201873
7589,0.005346675
7590,0.0134832
7591,0.001062075
7592,0.010101676
7593,0.0016762686
7594,0.01556102
7595,0.0017786999
7596,0.012090168
7597,0.01731602
7598,0.00985547
7599,0.000567675
7600,0.0012384187
7601,0.0022446748
7602,0.025404302
7603,0.052229274
7604,0.05553452
7605,0.03301742
7606,6.0918752e-05
7607,0.0044469186
7608,0.013041675
7609,0.021067498
7610,0.024710702
7611,0.02256392
7612,0.015973669
7613,0.00794627
7614,7.5e-06
7615,0.0006627
7616,0.00019891876
7617,0.000399675
7618,0.006329268
7619,0.017934076
7620,0.02822867
7621,0.02953172
7622,0.020553922
7623,0.0077521694
7624,0.000180075
7625,0.004338019
7626,0.00089107506
7627,0.0012001687
7628,0.015019218
7629,0.03498668
7630,0.0018252002
7631,0.0116427
7632,0.01916477
7633,0.014818518
7634,0.0037632005
7635,0.000648675
7636,0.01197002
7637,0.030528301
7638,0.0421875
7639,0.0010890188
7640,0.0005547001
7641,0.0051090755
7642,0.007824676
7643,0.0042483
7644,5.266875e-05
7645,0.0046500755
7646,0.01924067
7647,0.033969674
7648,0.037118416
7649,0.0261075
7650,0.009747019
7651,0.00034680005
7652,0.0038646753
7653,0.001491075
7654,0.01590452
7655,0.035811074
7656,0.001956169
7657,0.0014805186
7658,0.0147852
7659,0.026418172
7660,0.021587418
7661,0.006416719
7662,0.0003024188
7663,0.013738802
7664,0.002721769
7665,0.025143076
7666,0.049878024
7667,0.0017214188
7668,0.008068801
7669,0.010350918
7670,0.004953675
7671,1.9200002e-05
7672,0.0058590192
7673,0.02223602
7674,0.0020295188
7675,0.0017786999
7676,0.0175692
7677,0.0016317187
7678,0.0007803
7679,0.0043741693
7680,0.003291769
7681,4.501875e-05
7682,0.0043741693
7683,0.01826567
7684,0.001710075
7685,0.012854701
7686,0.021870002
7687,0.017244019
7688,1.1718751e-05
7689,0.002664919
7690,0.0009408001
7691,0.01143677
7692,0.02777042
7693,0.0015987
7694,0.010773076
7695,0.018081075
7696,0.014126699
7697,0.00363
7698,0.00060076884
7699,0.01257677
7700,0.002310019
7701,0.021627676
7702,0.043834522
7703,0.046985418
7704,0.00034171878
7705,0.00019126877
7706,2.2968752e-05
7707,0.00024796877
7708,0.0046687694
7709,0.0011907001
7710,0.013198519
7711,0.029484672
7712,0.03452717
7713,0.00035707498
7714,0.00043891877
7715,3e-05
7716,0.0008034188
7717,0.0054675005
7718,0.014094169
7719,0.0012001687
7720,0.010462669
7721,0.021266721
7722,0.00068401877
7723,0.0024706689
7724,0.0018604689
7725,8.670001e-05
7726,0.003354919
7727,0.012120301
7728,0.022317769
7729,0.001062075
7730,0.0072075003
7731,0.012515418
7732,0.009991876
7733,1.366875e-05
7734,0.0021675
7735,0.000826875
7736,0.0104067195
7737,0.025842678
7738,0.034782074
7739,0.02934377
7740,0.014029221
7741,0.0016317187
7742,0.0020295188
7743,0.01452
7744,0.0018604689
7745,0.017208075
7746,0.03732977
7747,0.0449307
7748,0.033717766
7749,0.01357877
7750,0.0007650751
7751,0.003950269
7752,0.0017442189
7753,0.0183027
7754,0.040241722
7755,0.05000042
7756,0.0408483
7757,0.020829676
7758,0.0042304685
7759,0.00033667503
7760,0.008241919
7761,0.020163167
7762,0.028182674
7763,0.028551675
7764,0.022440676
7765,0.013515019
7766,0.005487769
7767,0.0008034188
7768,0.00029767503
7769,0.00043319998
7770,0.005775469
7771,0.015526878
7772,0.02458172
7773,0.027633674
7774,0.022728767
7775,0.012761719
7776,0.0035154189
7777,3.6750005e-06
7778,0.000621075
7779,0.008316676
7780,0.001491075
7781,0.0151875
7782,0.034121267
7783,0.042300075
7784,0.03271952
7785,0.013803075
7786,0.00020671875
7787,0.0055080755
7788,0.01448702
7789,0.022032302
7790,0.024667667
7791,0.021748671
7792,0.014985676
7793,0.007254075
7794,8.26875e-06
7795,0.0006556688
7796,0.0022188004
7797,0.00035707498
7798,0.000648675
7799,0.0012288002
7800,0.015424669
7801,0.0022317187
7802,0.017641876
7803,0.0015123001
7804,0.0080934195
7805,0.008772301
7806,0.0024030753
7807,0.00058080006
7808,0.011203669
7809,0.02896967
7810,0.0017442189
7811,0.0011907001
7812,0.0011071688
7813,0.0008034188
7814,0.0047062687
7815,0.0036796685
7816,9.72e-05
7817,0.0008829187
7818,0.013198519
7819,0.030816074
7820,0.03675
7821,0.024926418
7822,0.006999769
7823,0.00013867502
7824,0.011001674
7825,0.03072
7826,0.04417922
7827,0.0424128
7828,0.028136719
7829,0.011378269
7830,0.001296919
7831,0.0010179187
7832,0.0077280756
7833,0.016077677
7834,0.021627676
7835,0.02248172
7836,0.019013418
7837,0.012885769
7838,0.006329268
7839,4.8000006e-06
7840,0.0004981688
7841,0.0018369188
7842,0.00033667503
7843,0.004800675
7844,0.0143554695
7845,0.023984272
7846,0.026730675
7847,0.019969199
7848,0.00839177
7849,0.00058080006
7850,0.002310019
7851,0.012515418
7852,0.0015123001
7853,0.01448702
7854,0.0324723
7855,0.04046177
7856,0.031590074
7857,0.013515019
7858,0.001026675
7859,0.0031365189
7860,0.01695752
7861,0.03163877
7862,0.0015123001
7863,0.011613169
7864,0.024753772
7865,0.028923076
7866,0.01954577
7867,0.0054472685
7868,0.00014520001
7869,0.00947852
7870,0.0020295188
7871,0.019969199
7872,0.002721769
7873,0.0024570748
7874,0.023478018
7875,0.040516876
7876,0.032373678
7877,0.009720001
7878,0.0002523
7879,0.0168507
7880,0.045454673
7881,0.061020307
7882,0.0516675
7883,0.0002187
7884,9.187501e-05
7885,4.2187503e-06
7886,0.00023520003
7887,0.0019926752
7888,0.000594075
7889,0.001026675
7890,0.0016428002
7891,0.018488418
7892,0.036802523
7893,0.036070667
7894,8.416876e-05
7895,0.0003024188
7896,0.002866519
7897,0.008721075
7898,0.016356675
7899,0.02182952
7900,0.02134667
7901,0.014619171
7902,0.005589675
7903,0.00023101876
7904,0.002310019
7905,0.0109443
7906,0.0013167186
7907,0.0129480185
7908,0.029720267
7909,0.03786077
7910,0.030337198
7911,0.013515019
7912,0.0012096752
7913,0.002679075
7914,0.01590452
7915,0.030624077
7916,0.037118416
7917,0.03232442
7918,0.02028
7919,0.007995169
7920,0.000924075
7921,0.0006984188
7922,0.0056512696
7923,0.0125460755
7924,0.018228674
7925,0.000826875
7926,0.0008586751
7927,0.010659676
7928,0.0014282999
7929,0.010212075
7930,0.00062791875
7931,0.0021547687
7932,0.00089107506
7933,0.00035707498
7934,0.0068176687
7935,0.019431077
7936,0.028876523
7937,0.026730675
7938,0.0143883005
7939,0.0024030753
7940,0.0006417188
7941,0.010323075
7942,0.025404302
7943,0.03565577
7944,0.0011254689
7945,0.007418269
7946,0.0009075
7947,0.006615675
7948,0.00041070004
7949,0.0012480749
7950,7.5e-06
7951,0.00025666875
7952,0.0052470188
7953,0.015939075
7954,0.025099667
7955,0.024538804
7956,0.014126699
7957,0.0027936753
7958,0.0007129687
7959,0.01051877
7960,0.0255792
7961,0.03565577
7962,0.034629017
7963,0.023984272
7964,0.010687969
7965,0.001710075
7966,0.00045046877
7967,0.0006984188
7968,0.0084672
7969,0.020790169
7970,0.030099168
7971,0.030864168
7972,0.02297717
7973,8.670001e-05
7974,5.0700004e-05
7975,6.75e-07
7976,0.00018750002
7977,0.0015877689
7978,0.0005292
7979,0.0074418755
7980,0.020046677
7981,0.0013872002
7982,0.0100467
7983,0.017244019
7984,0.0136746755
7985,1.2675001e-05
7986,0.0024300003
7987,0.009612301
7988,0.01916477
7989,0.025535423
7990,0.024282077
7991,0.0002523
7992,0.00068401877
7993,1.6875001e-05
7994,5.418751e-06
7995,0.0007129687
7996,0.0042304685
7997,0.011378269
7998,0.0010800001
7999,0.009909919
8000,0.0012480749
8001,0.00890102
8002,0.012885769
8003,0.007137919
8004,0.00019891876
8005,0.006438676
8006,0.0195075
8007,0.031008678
8008,0.032176875
8009,0.021991668
8010,0.007995169
8011,0.000226875
8012,0.0035806692
8013,0.014985676
8014,0.02659652
8015,0.001287075
8016,0.010267501
8017,0.02256392
8018,0.027000003
8019,0.018787522
8020,0.005487769
8021,8.416876e-05
8022,0.00874667
8023,0.025666876
8024,0.0019320189
8025,0.01590452
8026,0.03276908
8027,0.03643568
8028,0.023226922
8029,0.0057546757
8030,0.00036226877
8031,0.012000001
8032,0.0022446748
8033,0.021266721
8034,0.044872675
8035,0.0521667
8036,0.037382696
8037,1.366875e-05
8038,0.0001323
8039,0.0020049186
8040,0.0005104688
8041,0.00085066876
8042,0.011613169
8043,0.0020049186
8044,0.0020172002
8045,0.019776167
8046,0.034629017
8047,0.027953267
8048,5.418751e-06
8049,0.0030000003
8050,0.0115248
8051,0.0013467001
8052,0.012979201
8053,0.028413018
8054,0.0330672
8055,0.00034171878
8056,0.00041070004
8057,2.2968752e-05
8058,0.0008347687
8059,0.005487769
8060,0.0010531688
8061,0.011583676
8062,0.026373675
8063,0.031590074
8064,0.00035707498
8065,1.6875001e-05
8066,5.418751e-06
8067,0.000621075
8068,0.00044467498
8069,0.000924075
8070,0.012332269
8071,0.02869067
8072,0.034374677
8073,0.00037807503
8074,0.000516675
8075,6.0918752e-05
8076,0.0006984188
8077,0.0053067002
8078,0.0010710187
8079,0.011820677
8080,0.0017786999
8081,0.01455302
8082,0.001287075
8083,0.0006075001
8084,0.0002523
8085,0.0006697688
8086,1.6875e-07
8087,0.002664919
8088,0.0115248
8089,0.02150702
8090,0.023772677
8091,0.015492769
8092,0.004019419
8093,0.00023520003
8094,0.008823675
8095,0.0243675
8096,0.036070667
8097,0.03638342
8098,0.026019074
8099,0.0118803
8100,0.0020049186
8101,0.00042187504
8102,0.0060492004
8103,0.014586076
8104,0.02134667
8105,0.0009075
8106,0.0076081697
8107,0.0178608
8108,0.0009408001
8109,0.005528419
8110,0.0003024188
8111,3.9675004e-05
8112,3.1687503e-06
8113,0.00023101876
8114,0.004876875
8115,0.0151875
8116,0.0012675
8117,0.009747019
8118,0.00089107506
8119,0.004800675
8120,0.004876875
8121,3.1518754e-05
8122,0.002693269
8123,0.010801519
8124,0.020988075
8125,0.025974922
8126,0.0005104688
8127,0.0020418752
8128,0.0024570748
8129,0.0007575188
8130,0.000226875
8131,0.0052271998
8132,0.016112419
8133,0.026685918
8134,0.02906297
8135,0.00041070004
8136,0.0013167186
8137,0.0014386689
8138,0.0003024188
8139,0.000594075
8140,0.0059643
8141,0.016112419
8142,0.0013366687
8143,0.0012772689
8144,0.013198519
8145,0.023899518
8146,0.019699218
8147,0.0058590192
8148,0.0003024188
8149,0.013072968
8150,0.0026226752
8151,0.024324771
8152,0.048481204
8153,0.051046874
8154,0.030194271
8155,6.0918752e-05
8156,0.00062791875
8157,0.008167501
8158,0.020358076
8159,0.029814772
8160,0.030816074
8161,0.023143517
8162,0.011554221
8163,0.0024843
8164,0.00013546876
8165,0.0006556688
8166,0.008341669
8167,0.02063252
8168,0.030051677
8169,0.0010710187
8170,0.007536676
8171,0.0153228
8172,0.016112419
8173,0.00839177
8174,0.00013546876
8175,0.0006912
8176,0.009720001
8177,0.024840022
8178,0.035500806
8179,0.001026675
8180,0.00057421875
8181,0.0053067002
8182,0.00036226877
8183,0.0011163
8184,0.00023101876
8185,0.0009408001
8186,0.007824676
8187,0.01924067
8188,0.0012675
8189,0.009135076
8190,0.015766669
8191,0.01257677
8192,1.2675001e-05
8193,0.0023364185
8194,0.009345674
8195,0.018787522
8196,0.025229998
8197,0.024196802
8198,0.01590452
8199,0.0056512696
8200,0.0001323
8201,0.002910675
8202,0.012210919
8203,0.022440676
8204,0.027953267
8205,0.02615177
8206,0.018376876
8207,0.008772301
8208,0.0017902686
8209,0.00014191875
8210,0.003950269
8211,0.01103042
8212,0.018081075
8213,0.022032302
8214,0.021226801
8215,0.0160083
8216,0.00864452
8217,0.0023496752
8218,4.2187503e-06
8219,0.0027936753
8220,0.0008190188
8221,0.009585468
8222,0.023941876
8223,0.034070704
8224,0.0009918751
8225,0.0056512696
8226,0.009612301
8227,0.0075604687
8228,0.0017327999
8229,0.00074251875
8230,0.010212075
8231,0.02579867
8232,0.0017327999
8233,0.013324669
8234,0.0255792
8235,0.025099667
8236,0.012060075
8237,0.0007575188
8238,0.0044652
8239,0.0223587
8240,0.040737674
8241,0.045805667
8242,0.0348843
8243,0.00010267501
8244,9.918751e-06
8245,1.366875e-05
8246,0.00036226877
8247,0.002079169
8248,0.0005482688
8249,0.0009661688
8250,0.012761719
8251,0.001956169
8252,0.01590452
8253,0.027135167
8254,0.02146688
8255,0.0060492004
8256,0.00042187504
8257,0.014421168
8258,0.002736075
8259,0.025056303
8260,0.04963367
8261,0.051979218
8262,0.030528301
8263,0.0063510756
8264,0.0009661688
8265,0.0171363
8266,0.039639678
8267,0.05061467
8268,0.0437772
8269,0.025842678
8270,0.00874667
8271,0.0004740187
8272,0.0018369188
8273,0.008619075
8274,0.015766669
8275,0.01993052
8276,0.020202074
8277,0.00048
8278,0.003613519
8279,0.00058080006
8280,0.0046500755
8281,0.0069084186
8282,0.0035643002
8283,0.00018750002
8284,0.0008034188
8285,0.01143677
8286,0.028413018
8287,0.03775427
8288,0.031250272
8289,0.01448702
8290,0.0015229688
8291,0.0023896687
8292,0.001609669
8293,0.017714702
8294,0.03942188
8295,0.049450796
8296,0.040737674
8297,0.020988075
8298,0.0043741693
8299,0.00048601878
8300,0.00768
8301,0.01804427
8302,0.025186522
8303,0.02606327
8304,0.021266721
8305,0.013515019
8306,0.005985469
8307,0.0011071688
8308,0.00015526875
8309,0.0031827001
8310,0.00900467
8311,0.015458701
8312,0.019969199
8313,0.020475468
8314,0.00041070004
8315,0.00025666875
8316,0.0026508
8317,0.00018376876
8318,0.00044467498
8319,9.187501e-07
8320,0.001767169
8321,0.00890102
8322,0.01916477
8323,0.025317073
8324,0.021870002
8325,0.0110592
8326,0.0015336752
8327,0.0013167186
8328,0.0012675
8329,0.0017786999
8330,0.020790169
8331,0.04557152
8332,0.0539328
8333,0.039096303
8334,0.0147852
8335,0.000567675
8336,0.0052668746
8337,0.02207297
8338,0.036960304
8339,0.040241722
8340,0.03163877
8341,0.017714702
8342,0.0059220744
8343,0.00036226877
8344,0.0011254689
8345,0.0058800005
8346,0.011790919
8347,0.0008190188
8348,0.0009918751
8349,0.012761719
8350,0.02934377
8351,0.0348843
8352,0.00037807503
8353,0.00049207505
8354,4.876875e-05
8355,0.000195075
8356,0.004266169
8357,0.013770919
8358,0.0238572
8359,0.0010354688
8360,0.0068403
8361,0.000621075
8362,0.003323269
8363,0.003151875
8364,0.00034171878
8365,0.0019320189
8366,0.01239317
8367,0.026373675
8368,0.03301742
8369,0.026418172
8370,0.011910169
8371,0.0011254689
8372,0.0007650751
8373,0.011174701
8374,0.026820298
8375,0.03690767
8376,0.03534617
8377,0.02406917
8378,4.501875e-05
8379,1.875e-06
8380,5.8800008e-05
8381,0.00045630004
8382,0.000226875
8383,0.004002075
8384,0.012885769
8385,0.02256392
8386,0.02606327
8387,0.020163167
8388,0.00890102
8389,0.0007650751
8390,0.0020172002
8391,0.0012288002
8392,0.0016987688
8393,0.01993052
8394,0.044006698
8395,0.052417204
8396,0.03839552
8397,0.0147519205
8398,0.00062791875
8399,0.0049922997
8400,0.02146688
8401,0.03643568
8402,0.04002227
8403,0.03173627
8404,0.017970769
8405,0.006091875
8406,0.000399675
8407,0.0010890188
8408,0.0058800005
8409,0.0118803
8410,0.016744219
8411,0.0189003
8412,0.017787674
8413,0.0136107
8414,0.0077521694
8415,0.0024030753
8416,0.000108299995
8417,0.0024570748
8418,0.0074655185
8419,0.0137067195
8420,0.018787522
8421,0.02031902
8422,0.01717217
8423,0.010434675
8424,0.0034507688
8425,3.6300004e-05
8426,0.0004740187
8427,0.0069311997
8428,0.018154802
8429,0.0014282999
8430,0.01257677
8431,0.027225472
8432,0.0316875
8433,0.021226801
8434,0.0058171684
8435,0.00016921875
8436,0.010184418
8437,0.028320769
8438,0.041125517
8439,0.040131923
8440,0.02731592
8441,4.141875e-05
8442,1.366875e-05
8443,0.00012301876
8444,0.0006075001
8445,0.0023232002
8446,0.0063074995
8447,0.0008034188
8448,0.00890102
8449,0.0014490751
8450,0.0124236755
8451,0.0011346751
8452,0.006199219
8453,0.00017641878
8454,6.3075e-05
8455,0.000648675
8456,0.005589675
8457,0.01495217
8458,0.022646267
8459,0.0006697688
8460,0.0032136752
8461,0.004141875
8462,0.0016539188
8463,0.000108299995
8464,0.005610169
8465,0.018154802
8466,0.02990942
8467,0.031931717
8468,0.0223587
8469,0.0084672
8470,0.00032669998
8471,0.003323269
8472,0.014718674
8473,0.0015552
8474,0.014421168
8475,0.032176875
8476,0.04007708
8477,0.031298704
8478,4.32e-05
8479,5.671875e-05
8480,0.0011254689
8481,0.0003834188
8482,0.005589675
8483,0.0012675
8484,0.0137067195
8485,0.001956169
8486,0.015766669
8487,0.026820298
8488,0.021226801
8489,0.0059431694
8490,0.00043319998
8491,0.0143883005
8492,0.03775427
8493,0.05129468
8494,0.0011907001
8495,0.0058590192
8496,0.00953192
8497,0.00727742
8498,0.0015444189
8499,0.00085066876
8500,0.010462669
8501,0.025886716
8502,0.036226876
8503,0.033768076
8504,0.0205932
8505,0.0061776754
8506,7.5e-06
8507,0.0048960187
8508,0.016251769
8509,0.0264627
8510,0.02990942
8511,0.0255792
8512,0.016461918
8513,0.007068676
8514,0.0011439187
8515,0.00029296876
8516,0.004071675
8517,0.010490701
8518,0.01681517
8519,0.020553922
8520,0.020124301
8521,0.0155952005
8522,0.00874667
8523,0.0025668752
8524,0.0001323
8525,0.0028372689
8526,0.0082917195
8527,0.014652302
8528,0.019431077
8529,0.00074251875
8530,0.0059010186
8531,0.012792675
8532,0.01415927
8533,0.0077521694
8534,0.00068401877
8535,0.0026226752
8536,0.0155952005
8537,0.031395677
8538,0.038718175
8539,0.032571074
8540,0.00017641878
8541,0.00019126877
8542,9.451876e-05
8543,5.266875e-05
8544,0.00023520003
8545,0.0044652
8546,0.014029221
8547,0.023984272
8548,0.001026675
8549,0.0067275185
8550,0.011672269
8551,0.009345674
8552,0.002296875
8553,0.0006417188
8554,0.010687969
8555,0.02740652
8556,0.0386643
8557,0.001062075
8558,0.005775469
8559,0.009693018
8560,0.00014191875
8561,5.8800008e-05
8562,0.00032176875
8563,0.00046807507
8564,0.0074418755
8565,0.020358076
8566,0.029578803
8567,0.00075000006
8568,0.0032760752
8569,0.00014520001
8570,0.00024796877
8571,5.671875e-05
8572,0.00036750003
8573,0.006526875
8574,0.018600302
8575,0.027861768
8576,0.026019074
8577,0.014191875
8578,0.002443519
8579,0.001026675
8580,0.0116427
8581,0.026775472
8582,0.036174774
8583,0.034222517
8584,0.023226922
8585,0.0100467
8586,0.0015016687
8587,0.000516675
8588,0.0057963002
8589,0.01357877
8590,0.019891875
8591,0.0008748
8592,0.007489201
8593,0.017714702
8594,0.022605078
8595,0.01681517
8596,0.0
8597,0.0011439187
8598,0.00049207505
8599,0.0067500006
8600,0.018525677
8601,0.028644297
8602,0.029578803
8603,0.02031902
8604,0.007512919
8605,0.00024367501
8606,0.0032292188
8607,0.0139968
8608,0.001491075
8609,0.013932074
8610,0.03134717
8611,0.039258923
8612,0.030912302
8613,0.013419676
8614,0.0010800001
8615,0.0029551692
8616,0.0016206751
8617,0.0020667
8618,0.023394167
8619,0.050184302
8620,0.058146026
8621,0.041070003
8622,0.014851876
8623,0.0004162688
8624,0.0061132684
8625,0.02373047
8626,0.03850292
8627,0.0014490751
8628,0.0104067195
8629,0.022317769
8630,0.026418172
8631,0.018228674
8632,3.6750005e-06
8633,0.0016428002
8634,0.0063074995
8635,0.0129480185
8636,0.019013418
8637,0.02142677
8638,0.018488418
8639,0.011378269
8640,0.003796875
8641,0.00013546876
8642,0.0030906748
8643,0.008926875
8644,0.015458701
8645,0.00091576885
8646,0.0084672
8647,0.019776167
8648,0.024753772
8649,0.00033166877
8650,0.00057421875
8651,4.8000006e-06
8652,0.00079567503
8653,0.0045202686
8654,0.01185047
8655,0.0010890188
8656,0.009909919
8657,0.02039717
8658,0.021147078
8659,6.7500005e-05
8660,0.00014851875
8661,0.0020172002
8662,0.0006417188
8663,0.0010890188
8664,0.0139968
8665,0.0316875
8666,0.037118416
8667,0.024753772
8668,9.918751e-06
8669,0.0023364185
8670,0.008142768
8671,0.0153228
8672,0.020829676
8673,0.00079567503
8674,0.0061776754
8675,0.01326152
8676,0.01452
8677,0.007873201
8678,0.00011407501
8679,0.004266169
8680,0.013546877
8681,0.023478018
8682,0.028044922
8683,0.024154218
8684,0.014191875
8685,0.0041772006
8686,0.00020671875
8687,0.0041772006
8688,0.011174701
8689,0.0009832687
8690,0.009828299
8691,0.0016650752
8692,0.015492769
8693,0.030337198
8694,0.029814772
8695,0.0143554695
8696,0.0009661688
8697,0.0048196693
8698,0.024410272
8699,0.002525419
8700,0.021147078
8701,0.04207508
8702,0.044814676
8703,0.00032176875
8704,0.0001728
8705,2.8518753e-05
8706,0.001491075
8707,0.0064827004
8708,0.01452
8709,0.021587418
8710,0.022770077
8711,0.0165675
8712,0.0068403
8713,0.00011407501
8714,0.00045046877
8715,0.006134701
8716,0.01632167
8717,0.025491677
8718,0.028274704
8719,0.02289422
8720,0.0126075
8721,0.003323269
8722,0.0002187
8723,0.004159519
8724,0.011088018
8725,0.01782422
8726,0.021547202
8727,0.02071127
8728,0.015663674
8729,0.00854297
8730,0.0023629686
8731,1.875e-06
8732,0.002693269
8733,0.0094518745
8734,0.017244019
8735,0.001026675
8736,0.009213768
8737,0.0014076749
8738,0.001287075
8739,0.011583676
8740,0.00079567503
8741,0.0029403002
8742,0.0015336752
8743,0.00012301876
8744,0.006134701
8745,0.019392917
8746,0.029956805
8747,0.028366877
8748,0.0155952005
8749,0.0027504186
8750,0.0010354688
8751,0.0122412015
8752,0.028044922
8753,0.03754172
8754,0.0010710187
8755,0.00073507504
8756,0.00093241886
8757,0.008772301
8758,0.013515019
8759,6.7500005e-05
8760,0.00020280002
8761,0.0029850188
8762,0.010212075
8763,0.01916477
8764,0.023604074
8765,0.01954577
8766,0.0094518745
8767,0.0011439187
8768,0.0014490751
8769,0.01091567
8770,0.023562022
8771,0.031541422
8772,0.030432679
8773,0.0004162688
8774,0.0019320189
8775,0.0035970751
8776,0.0029850188
8777,0.0005482688
8778,0.0008190188
8779,0.007848919
8780,0.019776167
8781,0.029203203
8782,0.029156419
8783,0.019431077
8784,0.0068856752
8785,0.00019891876
8786,0.000594075
8787,0.0076320753
8788,0.01924067
8789,0.028551675
8790,0.0010710187
8791,0.007656019
8792,0.0155952005
8793,0.01639172
8794,0.008517676
8795,0.0006417188
8796,0.0031212
8797,0.017244019
8798,0.0020418752
8799,0.018228674
8800,0.037488677
8801,0.04101452
8802,0.00033166877
8803,0.00024796877
8804,3.1687503e-06
8805,0.0012384187
8806,0.006134701
8807,0.001026675
8808,0.0013366687
8809,0.015458701
8810,0.031444218
8811,0.031492803
8812,0.01556102
8813,0.0011907001
8814,0.0046500755
8815,0.024710702
8816,0.04510502
8817,0.0018486752
8818,0.012120301
8819,0.022728767
8820,0.02215442
8821,0.010575019
8822,0.0006075001
8823,0.001098075
8824,0.0019683002
8825,0.02281142
8826,0.04926827
8827,0.057421878
8828,0.0408483
8829,0.014918702
8830,0.00045046877
8831,0.0013266751
8832,0.0020049186
8833,0.022195203
8834,0.04788008
8835,0.05768467
8836,0.0010092
8837,0.004338019
8838,0.0070227003
8839,9.451876e-05
8840,1.366875e-05
8841,0.00049207505
8842,0.0039675003
8843,0.011495419
8844,0.019891875
8845,0.02331047
8846,0.018525677
8847,4.141875e-05
8848,2.1675003e-05
8849,0.000621075
8850,0.0028812
8851,0.00768
8852,0.01415927
8853,0.01931672
8854,0.01962242
8855,0.000279075
8856,0.00097470003
8857,0.0011071688
8858,0.00020671875
8859,0.00062791875
8860,0.005775469
8861,0.015492769
8862,0.024538804
8863,0.026329216
8864,0.019051202
8865,0.0077040186
8866,0.00043891877
8867,0.0024843
8868,0.0012096752
8869,0.0136746755
8870,0.03183392
8871,0.04201892
8872,0.036802523
8873,0.020671874
8874,0.0052668746
8875,4.32e-05
8876,0.0062640756
8877,0.017934076
8878,0.027225472
8879,0.029296875
8880,0.024154218
8881,0.015120075
8882,0.0063510756
8883,0.0009832687
8884,0.00029767503
8885,0.0038476689
8886,0.009909919
8887,0.016112419
8888,0.0008829187
8889,0.008019675
8890,0.01886267
8891,0.0238572
8892,0.0175692
8893,0.0056512696
8894,1.576875e-05
8895,0.0074655185
8896,0.023604074
8897,0.03701297
8898,0.038610466
8899,0.028182674
8900,0.013072968
8901,0.0022576689
8902,0.00042751874
8903,0.006438676
8904,0.015458701
8905,0.0223587
8906,0.024239419
8907,0.020869218
8908,0.014126699
8909,4.876875e-05
8910,3.9675004e-05
8911,1.2675001e-05
8912,3.6300004e-05
8913,0.001287075
8914,0.0057546757
8915,0.013356299
8916,0.020553922
8917,0.022317769
8918,0.016708802
8919,0.0072075003
8920,0.0005611687
8921,0.001884169
8922,0.01091567
8923,0.02223602
8924,0.029250018
8925,0.02822867
8926,0.020163167
8927,6.526876e-05
8928,4.6875e-07
8929,6.75e-07
8930,0.00015526875
8931,0.001459519
8932,0.005487769
8933,0.012362699
8934,0.0010005188
8935,0.0010354688
8936,0.0110592
8937,0.02039717
8938,0.0169932
8939,4.8000006e-06
8940,0.002283769
8941,0.009398701
8942,0.018975677
8943,0.025535423
8944,0.02449592
8945,0.00026107504
8946,0.0007056751
8947,0.0007129687
8948,6.526876e-05
8949,0.000226875
8950,0.0047062687
8951,0.0012192187
8952,0.01338797
8953,0.029862074
8954,0.0348843
8955,0.02331047
8956,0.0063510756
8957,0.000180075
8958,0.010858519
8959,0.0022188004
8960,0.0213867
8961,0.04522142
8962,0.052542675
8963,0.0006984188
8964,0.0019320189
8965,0.0019926752
8966,0.00044467498
8967,0.00057421875
8968,0.0063510756
8969,0.01717217
8970,0.026730675
8971,0.028044922
8972,0.019660803
8973,0.0075604687
8974,0.00032176875
8975,0.0006984188
8976,0.009801169
8977,0.023941876
8978,0.033818424
8979,0.033416722
8980,0.023688298
8981,6.0918752e-05
8982,6.075e-06
8983,4.8000006e-06
8984,0.00027451874
8985,0.000226875
8986,0.0041242694
8987,0.001098075
8988,0.0015016687
8989,0.0019804689
8990,0.0021930751
8991,0.01924067
8992,0.0013167186
8993,0.0053067002
8994,0.0036796685
8995,3.9675004e-05
8996,0.004800675
8997,0.0195075
8998,0.03276908
8999,0.0010092
9000,0.0047062687
9001,0.00022276877
9002,1.8018749e-05
9003,5.0700004e-05
9004,0.0016650752
9005,0.007371168
9006,0.016042968
9007,0.021951076
9008,0.019853272
9009,0.010687969
9010,4.6875004e-05
9011,0.002443519
9012,0.007897519
9013,0.0008992688
9014,0.009585468
9015,0.0016650752
9016,0.01556102
9017,0.03048047
9018,0.02990942
9019,6.976875e-05
9020,0.000279075
9021,0.002693269
9022,0.0007056751
9023,0.0089527685
9024,0.022852799
9025,0.03173627
9026,0.00072766875
9027,0.0030150188
9028,0.00012916875
9029,0.000195075
9030,6.526876e-05
9031,0.002497969
9032,0.0009075
9033,0.01103042
9034,0.025754703
9035,0.031250272
9036,0.00036750003
9037,0.000541875
9038,7.680001e-05
9039,0.0006417188
9040,0.0051679686
9041,0.013964419
9042,0.0012288002
9043,0.0107446695
9044,0.0013067999
9045,0.00091576885
9046,0.0067950753
9047,0.007921875
9048,0.0023232002
9049,0.0006556688
9050,0.011554221
9051,0.0293907
9052,0.039313197
9053,0.032571074
9054,0.01508642
9055,0.0015660189
9056,0.0024843
9057,0.016112419
9058,0.0316875
9059,0.038556676
9060,0.0334668
9061,0.00031201873
9062,0.001171875
9063,0.0022446748
9064,0.0018960749
9065,0.00028366878
9066,0.0008748
9067,0.0071842694
9068,0.018007502
9069,0.026910074
9070,0.027497267
9071,0.00033166877
9072,0.00097470003
9073,0.001026675
9074,0.00015187502
9075,0.000226875
9076,0.0048577692
9077,0.015153769
9078,0.025447968
9079,0.028136719
9080,0.020750703
9081,2.0418749e-05
9082,0.00019891876
9083,0.0012772689
9084,0.0039159185
9085,0.008492419
9086,0.00081120007
9087,0.0010354688
9088,0.012515418
9089,0.026284803
9090,0.027090078
9091,0.013770919
9092,0.0011439187
9093,0.001171875
9094,0.002129419
9095,0.002866519
9096,0.0035479688
9097,0.0039675003
9098,0.03685507
9099,0.061971076
9100,0.00097470003
9101,0.0013770189
9102,0.00012301876
9103,0.0015877689
9104,0.0010531688
9105,0.0015768749
9106,0.0178608
9107,0.0357075
9108,0.0010354688
9109,0.0035806692
9110,0.002866519
9111,0.00016216876
9112,0.0025530187
9113,0.01357877
9114,0.027225472
9115,0.032917973
9116,0.025666876
9117,0.011174701
9118,0.0009075
9119,0.0007726687
9120,0.011116875
9121,0.0018486752
9122,0.017897418
9123,0.038880005
9124,0.046629924
9125,0.03473102
9126,0.013803075
9127,0.0007203
9128,0.0041949186
9129,0.019354803
9130,0.00192
9131,0.01688627
9132,0.0363312
9133,0.0437772
9134,0.032967675
9135,2.8518753e-05
9136,0.00035191872
9137,0.00019891876
9138,0.0030906748
9139,0.009828299
9140,0.0011071688
9141,0.01114577
9142,0.025143076
9143,0.001171875
9144,0.006416719
9145,0.00864452
9146,0.004212675
9147,1.08e-05
9148,0.0054675005
9149,0.020790169
9150,0.03534617
9151,0.03754172
9152,0.00044467498
9153,0.0011907001
9154,0.0012001687
9155,0.00018750002
9156,0.00073507504
9157,0.006156169
9158,0.016042968
9159,0.024926418
9160,0.026373675
9161,0.01886267
9162,1.4700002e-05
9163,0.00023520003
9164,0.00015187502
9165,0.0025947
9166,0.00874667
9167,0.01695752
9168,0.02281142
9169,0.022317769
9170,0.015153769
9171,0.0056925192
9172,0.000210675
9173,0.0024706689
9174,0.0010710187
9175,0.0122412015
9176,0.02910968
9177,0.03936752
9178,0.0010005188
9179,0.0053067002
9180,0.008926875
9181,0.0001323
9182,4.876875e-05
9183,0.00034680005
9184,0.00363
9185,0.011232675
9186,0.02000792
9187,0.000957675
9188,0.006615675
9189,0.0006142687
9190,0.003323269
9191,0.003167269
9192,0.00034171878
9193,0.0019320189
9194,0.012362699
9195,0.026373675
9196,0.03301742
9197,0.0264627
9198,5.0700004e-05
9199,3.6300004e-05
9200,0.0008347687
9201,0.0034347004
9202,0.00063480006
9203,0.007970701
9204,0.0015336752
9205,0.014718674
9206,0.029156419
9207,0.028923076
9208,0.014094169
9209,0.00023101876
9210,0.0010005188
9211,0.0015987
9212,0.01916477
9213,0.042695265
9214,0.05123267
9215,0.03786077
9216,0.0147519205
9217,0.0006912
9218,0.001171875
9219,0.0018604689
9220,0.020869218
9221,0.045513075
9222,0.055470005
9223,0.044006698
9224,0.0213867
9225,0.0038307
9226,0.0006075001
9227,0.0011812687
9228,0.013167076
9229,0.02962592
9230,0.03893402
9231,0.035811074
9232,0.023352304
9233,2.8518753e-05
9234,2.1675003e-05
9235,0.00013867502
9236,0.0006142687
9237,0.002296875
9238,0.0062208
9239,0.012210919
9240,0.017751168
9241,0.0006984188
9242,0.004838701
9243,0.008772301
9244,0.0072075003
9245,1.2675001e-05
9246,0.0018723003
9247,0.007921875
9248,0.0011163
9249,0.0013872002
9250,0.015835522
9251,0.0320787
9252,0.032029673
9253,0.0157323
9254,0.0011907001
9255,0.0047439192
9256,0.025012968
9257,0.045454673
9258,0.05036852
9259,0.037276875
9260,0.016921874
9261,0.0025807687
9262,0.0005292
9263,0.0077040186
9264,0.0178608
9265,0.0011907001
9266,0.01063142
9267,0.024840022
9268,0.03276908
9269,0.02740652
9270,0.013041675
9271,0.00011407501
9272,0.003950269
9273,0.011232675
9274,0.018488418
9275,0.000957675
9276,0.0009832687
9277,0.0118803
9278,0.0015444189
9279,0.01091567
9280,0.015766669
9281,0.008926875
9282,0.00046807507
9283,0.0048960187
9284,0.023436077
9285,0.041850675
9286,0.044756718
9287,0.030241875
9288,0.010434675
9289,0.00018750002
9290,0.005207419
9291,0.0016650752
9292,0.017100468
9293,0.037807498
9294,0.0020049186
9295,0.014061675
9296,0.001491075
9297,0.010156801
9298,0.01452
9299,0.008068801
9300,0.00034680005
9301,0.0049922997
9302,0.023018703
9303,0.04079297
9304,0.0015229688
9305,0.008849419
9306,0.01455302
9307,0.011203669
9308,0.002679075
9309,0.00072766875
9310,0.01185047
9311,0.002129419
9312,0.020085467
9313,0.002525419
9314,0.0192027
9315,0.031931717
9316,0.00048
9317,0.000516675
9318,6.526876e-05
9319,0.0025530187
9320,0.009991876
9321,0.019584075
9322,0.024624676
9323,0.020553922
9324,0.01001927
9325,0.0012384187
9326,0.001459519
9327,0.011203669
9328,0.024196802
9329,0.032226022
9330,0.030816074
9331,0.00041070004
9332,0.0018723003
9333,0.0034830186
9334,0.002895919
9335,0.00052291877
9336,0.000826875
9337,0.00093241886
9338,0.0122412015
9339,0.029720267
9340,0.038826022
9341,0.03163877
9342,0.0143554695
9343,0.00015870002
9344,0.004781719
9345,0.013041675
9346,0.020514676
9347,0.023772677
9348,0.0217083
9349,0.015492769
9350,0.007824676
9351,5.418751e-06
9352,0.00060076884
9353,0.002104219
9354,0.0048196693
9355,0.00890102
9356,0.0136107
9357,0.01688627
9358,0.016461918
9359,0.011731519
9360,0.0049344194
9361,0.00033667503
9362,0.0015660189
9363,0.00890102
9364,0.018787522
9365,0.025930801
9366,0.00091576885
9367,0.0066379695
9368,0.0008667188
9369,0.006416719
9370,0.009372169
9371,0.0049922997
9372,7.921875e-05
9373,0.0010092
9374,0.0018486752
9375,0.021547202
9376,0.045396302
9377,0.04951172
9378,0.03038492
9379,4.141875e-05
9380,0.0037296754
9381,0.011407499
9382,0.0010890188
9383,0.0012772689
9384,0.001884169
9385,0.02071127
9386,0.040572017
9387,0.039258923
9388,0.018600302
9389,0.0012577688
9390,0.005775469
9391,0.028830001
9392,0.050676305
9393,0.0019080188
9394,0.0012480749
9395,0.012638268
9396,0.022852799
9397,0.018825075
9398,0.005548801
9399,0.000648675
9400,0.012515418
9401,0.0022707
9402,0.021306677
9403,0.04332
9404,0.046511725
9405,0.00034171878
9406,0.00019891876
9407,2.0418749e-05
9408,0.00024367501
9409,0.0046687694
9410,0.0011907001
9411,0.013198519
9412,0.029437672
9413,0.03452717
9414,0.023143517
9415,9.075001e-06
9416,0.0021802688
9417,0.0077280756
9418,0.000924075
9419,0.009909919
9420,0.024196802
9421,0.0014700001
9422,0.010129219
9423,0.01717217
9424,0.013515019
9425,0.0034992
9426,0.0005874188
9427,0.01227152
9428,0.031541422
9429,0.04360547
9430,0.039258923
9431,0.022605078
9432,0.005985469
9433,2.1675003e-05
9434,0.006416719
9435,0.01875
9436,0.0014490751
9437,0.01282367
9438,0.02896967
9439,0.03675
9440,0.029437672
9441,0.013135669
9442,0.0011907001
9443,0.0026086688
9444,0.015526878
9445,0.0018252002
9446,0.016744219
9447,0.03638342
9448,0.044006698
9449,0.033216767
9450,0.013515019
9451,0.00079567503
9452,0.003796875
9453,0.018376876
9454,0.032967675
9455,0.037967417
9456,0.031590074
9457,0.01893797
9458,0.0070227003
9459,6.7500005e-05
9460,0.00022276877
9461,0.0027792188
9462,0.000594075
9463,0.0073008006
9464,0.001459519
9465,0.014985676
9466,0.0324723
9467,0.0013567688
9468,0.007068676
9469,0.009372169
9470,0.0045571686
9471,1.6875001e-05
9472,0.005589675
9473,0.02134667
9474,0.036174774
9475,0.0013266751
9476,0.007848919
9477,0.013072968
9478,0.010156801
9479,1.6875001e-05
9480,0.0023232002
9481,0.0091875
9482,0.018488418
9483,0.024926418
9484,0.0240267
9485,0.015870001
9486,0.0056925192
9487,0.00014520001
9488,0.000621075
9489,0.008772301
9490,0.02182952
9491,0.031541422
9492,0.032029673
9493,0.023520002
9494,0.0113490755
9495,2.2968752e-05
9496,0.0012384187
9497,0.0035970751
9498,0.0067275185
9499,0.010434675
9500,0.013964419
9501,0.015870001
9502,0.014685469
9503,0.010156801
9504,0.004159519
9505,0.0002523
9506,0.000399675
9507,0.0063510756
9508,0.001287075
9509,0.0016428002
9510,0.0192027
9511,0.041070003
9512,0.04557152
9513,0.028551675
9514,0.0068403
9515,0.00048
9516,0.014289919
9517,0.035811074
9518,0.048120078
9519,0.043491174
9520,0.027000003
9521,0.0098826755
9522,0.0007726687
9523,0.0014805186
9524,0.008316676
9525,0.015973669
9526,0.020750703
9527,0.021186918
9528,0.0178608
9529,0.01227152
9530,0.006199219
9531,0.0015877689
9532,1.366875e-05
9533,0.0023496752
9534,0.0006984188
9535,0.008492419
9536,0.021870002
9537,0.031980675
9538,0.03134717
9539,0.02028
9540,1.2000002e-06
9541,0.00010546876
9542,0.00022276877
9543,0.0035479688
9544,0.01091567
9545,0.01954577
9546,0.024538804
9547,0.022522798
9548,0.014322677
9549,0.004876875
9550,7.441876e-05
9551,0.002910675
9552,0.011701876
9553,0.02142677
9554,0.026865171
9555,0.025404302
9556,0.018154802
9557,6.7500005e-05
9558,4.6875004e-05
9559,1.1718751e-05
9560,0.00012301876
9561,0.0015552
9562,0.0059643
9563,0.013167076
9564,0.019853272
9565,0.02146688
9566,0.016077677
9567,2.43e-05
9568,9.72e-05
9569,0.0008829187
9570,0.0032136752
9571,0.0078004682
9572,0.013835271
9573,0.0008748
9574,0.0008829187
9575,0.0011071688
9576,0.010212075
9577,0.01569797
9578,0.009372169
9579,0.0006417188
9580,0.0043923
9581,0.022605078
9582,0.041403674
9583,0.04498877
9584,0.030816074
9585,0.010858519
9586,0.00031201873
9587,0.0066379695
9588,0.0011812687
9589,0.012030019
9590,0.028182674
9591,0.037967417
9592,0.0342732
9593,0.020085467
9594,0.005610169
9595,1.875e-06
9596,0.00536672
9597,0.01667342
9598,0.026418172
9599,0.02934377
9600,0.024840022
9601,0.01590452
9602,0.0068403
9603,0.0011163
9604,0.000210675
9605,0.0034830186
9606,0.00947852
9607,0.015835522
9608,0.0008992688
9609,0.008241919
9610,0.019278677
9611,0.024282077
9612,0.017787674
9613,0.0056718756
9614,1.9200002e-05
9615,0.0012384187
9616,0.015973669
9617,0.002497969
9618,0.002525419
9619,0.02615177
9620,0.0028081688
9621,0.018376876
9622,0.001098075
9623,0.0040891687
9624,0.0024843
9625,0.00020280002
9626,0.0008586751
9627,0.001491075
9628,0.01717217
9629,0.03452717
9630,0.03417188
9631,8.416876e-05
9632,0.00027000002
9633,0.0027075
9634,0.0007129687
9635,0.0090306755
9636,0.02306027
9637,0.031931717
9638,0.00072766875
9639,0.0030150188
9640,0.0036796685
9641,0.0013366687
9642,0.00018376876
9643,0.0058590192
9644,0.001459519
9645,0.015458701
9646,0.03351692
9647,0.03812768
9648,0.024753772
9649,0.0063729193
9650,0.0006627
9651,0.011761201
9652,0.028737077
9653,0.03942188
9654,0.0011439187
9655,0.0073242188
9656,0.00089107506
9657,0.0064606695
9658,0.000399675
9659,6.7500005e-05
9660,1.366875e-05
9661,0.00018750002
9662,0.0044469186
9663,0.014289919
9664,0.023352304
9665,0.023604074
9666,0.014126699
9667,0.0030603004
9668,0.0005104688
9669,0.0011625189
9670,0.0017442189
9671,0.002443519
9672,0.0031212
9673,0.031931717
9674,0.05947427
9675,0.0014700001
9676,0.004631419
9677,6.0918752e-05
9678,4.141875e-05
9679,0.0018135187
9680,0.00794627
9681,0.01695752
9682,0.0010354688
9683,0.0075604687
9684,0.013324669
9685,0.0107446695
9686,0.0027792188
9687,0.000567675
9688,0.011001674
9689,0.028597971
9690,0.040296674
9691,0.037171204
9692,0.000279075
9693,0.00046807507
9694,4.8000006e-06
9695,2.0418749e-05
9696,0.00094921875
9697,0.0005104688
9698,0.007512919
9699,0.02031902
9700,0.0014076749
9701,0.010156801
9702,0.01738817
9703,0.013770919
9704,0.003613519
9705,0.00060076884
9706,0.0113199195
9707,0.029203203
9708,0.0408483
9709,0.037488677
9710,0.00027000002
9711,0.00043891877
9712,0.000316875
9713,4.6875e-07
9714,0.0012480749
9715,0.006285769
9716,0.014718674
9717,0.02223602
9718,0.023562022
9719,0.0171363
9720,1.8018749e-05
9721,0.00016216876
9722,0.0011163
9723,0.003613519
9724,0.0005874188
9725,0.0074418755
9726,0.019776167
9727,0.0013668751
9728,0.00985547
9729,0.01695752
9730,0.01345142
9731,1.2675001e-05
9732,0.0024165187
9733,0.009558675
9734,0.019089017
9735,0.001171875
9736,0.00953192
9737,0.01931672
9738,0.01993052
9739,0.010156801
9740,0.00016216876
9741,0.0054472685
9742,0.0162867
9743,0.026641203
9744,0.0011625189
9745,0.0085683
9746,0.01731602
9747,0.000567675
9748,0.002091675
9749,0.0015123001
9750,9.187501e-05
9751,0.0033708
9752,0.0010710187
9753,0.012362699
9754,0.028090801
9755,0.0012772689
9756,0.0069084186
9757,0.009266419
9758,1.6875001e-05
9759,0.00052291877
9760,0.0004981688
9761,0.0076320753
9762,0.020671874
9763,0.0014282999
9764,0.01023977
9765,0.017532919
9766,0.013867501
9767,0.003646519
9768,0.00060076884
9769,0.011378269
9770,0.029296875
9771,0.04095908
9772,0.03754172
9773,0.022113675
9774,3.6750005e-06
9775,0.0011812687
9776,0.003746419
9777,0.00045630004
9778,0.005610169
9779,0.0012384187
9780,0.013324669
9781,0.02962592
9782,0.03457808
9783,0.023143517
9784,0.0063074995
9785,0.000180075
9786,0.010801519
9787,0.029814772
9788,0.042751875
9789,0.001296919
9790,0.008167501
9791,0.0160083
9792,0.016461918
9793,0.008316676
9794,0.00014851875
9795,0.0049344194
9796,0.01508642
9797,0.025186522
9798,0.02910968
9799,0.024282077
9800,0.00015526875
9801,0.00024796877
9802,0.000180075
9803,1.08e-05
9804,0.0012675
9805,0.0006142687
9806,0.008517676
9807,0.022276876
9808,0.001459519
9809,0.010323075
9810,0.0009075
9811,0.004838701
9812,0.00012
9813,9.075001e-06
9814,0.0011071688
9815,0.0060705193
9816,0.014586076
9817,0.0010354688
9818,0.007897519
9819,0.013964419
9820,0.00023101876
9821,0.00019126877
9822,0.00012916875
9823,0.0030000003
9824,0.00094921875
9825,0.0113199195
9826,0.026196077
9827,0.03163877
9828,0.021910518
9829,0.0063729193
9830,0.000516675
9831,0.0099372
9832,0.025143076
9833,0.03575927
9834,0.0011439187
9835,0.0076081697
9836,0.015288919
9837,0.015939075
9838,0.008217076
9839,0.000594075
9840,0.003151875
9841,0.017100468
9842,0.033216767
9843,0.039858073
9844,0.03262052
9845,0.00015526875
9846,0.00012607501
9847,7.500001e-08
9848,0.000165675
9849,0.0015229688
9850,0.0056306995
9851,0.0125460755
9852,0.01916477
9853,0.021027772
9854,0.0160083
9855,0.0071147997
9856,8.9268746e-05
9857,0.0028518748
9858,0.0006984188
9859,0.008341669
9860,0.0015768749
9861,0.0018486752
9862,0.020124301
9863,0.03947627
9864,0.038288273
9865,8.416876e-05
9866,0.000111168745
9867,0.002525419
9868,0.008797969
9869,0.017244019
9870,0.023226922
9871,0.00072766875
9872,0.004575675
9873,0.00043891877
9874,0.0023629686
9875,0.002091675
9876,9.991875e-05
9877,0.0005482688
9878,0.009319219
9879,0.02458172
9880,0.034222517
9881,0.02962592
9882,0.014619171
9883,0.0018960749
9884,0.0018018751
9885,0.014126699
9886,0.02953172
9887,0.037488677
9888,0.033768076
9889,0.021789074
9890,0.008849419
9891,0.0011071688
9892,0.0006697688
9893,0.0058800005
9894,0.013135669
9895,0.000957675
9896,0.009213768
9897,0.022440676
9898,0.0013872002
9899,0.009747019
9900,0.016638076
9901,0.013135669
9902,0.0034186689
9903,0.00058080006
9904,0.012060075
9905,0.031105202
9906,0.043149166
9907,0.039042167
9908,0.02256392
9909,0.006027919
9910,1.6875001e-05
9911,0.0063074995
9912,0.018600302
9913,0.0014490751
9914,0.012885769
9915,0.0290163
9916,0.03685507
9917,0.000676875
9918,0.002443519
9919,0.0028372689
9920,0.00089107506
9921,0.000316875
9922,0.0008190188
9923,0.011495419
9924,0.028413018
9925,0.037701078
9926,0.031201873
9927,0.014454076
9928,0.0015123001
9929,0.0023896687
9930,0.0155952005
9931,0.030864168
9932,0.03786077
9933,0.033166878
9934,0.020829676
9935,0.00819227
9936,0.00093241886
9937,0.00074251875
9938,0.005838076
9939,0.01282367
9940,0.018488418
9941,0.020750703
9942,0.0005874188
9943,0.004483519
9944,0.0006697688
9945,0.0052271998
9946,0.00033166877
9947,0.000957675
9948,1.366875e-05
9949,0.0015444189
9950,0.0007575188
9951,0.0012288002
9952,0.014586076
9953,0.029956805
9954,0.030289521
9955,0.01508642
9956,0.00022276877
9957,0.007137919
9958,0.020124301
9959,0.031056916
9960,0.032967675
9961,0.025056303
9962,9.72e-05
9963,5.8800008e-05
9964,1.08e-05
9965,0.00014520001
9966,0.0016650752
9967,0.006134701
9968,0.013324669
9969,0.01993052
9970,0.0007726687
9971,0.005207419
9972,0.009292801
9973,0.0075842994
9974,1.2675001e-05
9975,0.0019320189
9976,0.0080934195
9977,0.01702892
9978,0.0011439187
9979,0.009585468
9980,0.0011812687
9981,0.0084672
9982,0.0122412015
9983,0.0067275185
9984,0.0002187
9985,0.0049344194
9986,0.021870002
9987,0.038610466
9988,0.0415152
9989,0.028366877
9990,4.8000006e-06
9991,0.0006556688
9992,0.0026226752
9993,0.0058590192
9994,0.0006142687
9995,0.0071842694
9996,0.018975677
9997,0.027542701
9998,0.0007129687
9999,0.003167269
10000,0.0039675003
10001,7.500001e-08
10002,0.00078796875
10003,0.004781719
10004,0.012515418
10005,0.020436302
10006,0.0008829187
10007,0.005985469
10008,0.010575019
10009,0.0001728
10010,0.000108299995
10011,0.00021466878
10012,0.0032760752
10013,0.0109443
10014,0.020046677
10015,0.024239419
10016,0.019660803
10017,0.009266419
10018,8.670001e-05
10019,0.0030603004
10020,0.0091875
10021,0.016042968
10022,0.020750703
10023,0.02110727
10024,0.016779674
10025,0.009558675
10026,3.0000004e-07
10027,7.2074996e-05
10028,0.00016921875
10029,0.00041070004
10030,0.0064606695
10031,0.01826567
10032,0.028551675
10033,0.029720267
10034,0.020553922
10035,0.00768
10036,0.00027000002
10037,0.0031981687
10038,0.0139968
10039,0.025491677
10040,0.001287075
10041,0.010434675
10042,0.02289422
10043,0.0273612
10044,0.018975677
10045,3.6750005e-06
10046,0.0016539188
10047,0.0063729193
10048,0.013041675
10049,0.019089017
10050,0.02146688
10051,0.018488418
10052,0.0113490755
10053,0.0037800188
10054,4.141875e-05
10055,0.0025392002
10056,0.000924075
10057,0.0107446695
10058,0.026284803
10059,0.0016987688
10060,0.013041675
10061,0.025099667
10062,0.024667667
10063,0.0118803
10064,0.00075000006
10065,0.0011625189
10066,0.0020667
10067,0.02373047
10068,0.050985023
10069,0.058941174
10070,0.041571017
10071,0.01495217
10072,0.000399675
10073,0.00839177
10074,0.020202074
10075,0.027953267
10076,0.02822867
10077,0.02215442
10078,0.000195075
10079,0.0008667188
10080,0.0018604689
10081,0.0016875002
10082,0.00027000002
10083,0.00079567503
10084,0.0067725196
10085,0.01731602
10086,0.026329216
10087,0.00093241886
10088,0.005838076
10089,0.010129219
10090,0.0080934195
10091,1.4700002e-05
10092,0.0020418752
10093,0.00079567503
10094,0.010129219
10095,0.025317073
10096,0.0342732
10097,0.02910968
10098,7.921875e-05
10099,3.6300004e-05
10100,0.00072766875
10101,0.0031212
10102,0.00794627
10103,0.014289919
10104,0.0192027
10105,0.019354803
10106,0.00027000002
10107,0.0009408001
10108,0.001062075
10109,0.00018750002
10110,0.000648675
10111,0.005775469
10112,0.015458701
10113,0.001296919
10114,0.011116875
10115,0.0013366687
10116,0.009398701
10117,0.00057421875
10118,0.0019080188
10119,6.75e-07
10120,0.0010890188
10121,0.0062640756
10122,0.01508642
10123,0.02182952
10124,0.020553922
10125,0.00011407501
10126,1.8018749e-05
10127,0.00016921875
10128,0.0018486752
10129,0.0065490194
10130,0.013835271
10131,0.02024102
10132,0.02134667
10133,0.000316875
10134,9.451876e-05
10135,4.876875e-05
10136,8.9268746e-05
10137,0.00012916875
10138,0.0026367188
10139,0.009666075
10140,0.001171875
10141,0.011001674
10142,0.02248172
10143,0.02306027
10144,6.976875e-05
10145,0.00016921875
10146,0.002129419
10147,0.0006556688
10148,0.008619075
10149,0.022317769
10150,0.031250272
10151,0.027497267
10152,0.013899769
10153,0.0019440751
10154,0.0007056751
10155,0.010858519
10156,0.026373675
10157,0.03659267
10158,0.035243273
10159,0.00044467498
10160,0.001884169
10161,0.0034347004
10162,0.0028081688
10163,0.00048601878
10164,0.00033166877
10165,0.0065047685
10166,0.018825075
10167,0.0015444189
10168,0.012761719
10169,0.0014700001
10170,0.010129219
10171,0.01455302
10172,5.671875e-05
10173,0.00028366878
10174,0.0033708
10175,0.000924075
10176,0.010858519
10177,0.02527352
10178,0.03072
10179,0.02146688
10180,0.006329268
10181,7.441876e-05
10182,0.0014490751
10183,0.0021802688
10184,0.002895919
10185,0.031105202
10186,0.061971076
10187,0.002054269
10188,0.009345674
10189,0.00044467498
10190,0.0012384187
10191,0.00026107504
10192,0.00093241886
10193,0.00794627
10194,0.01954577
10195,0.0273612
10196,0.024410272
10197,9.72e-05
10198,3.0000004e-07
10199,7.680001e-05
10200,0.0018486752
10201,0.007137919
10202,0.01508642
10203,0.0217083
10204,0.022399671
10205,0.00030720004
10206,0.001026675
10207,0.0011531999
10208,8.26875e-06
10209,0.0010354688
10210,0.0052867695
10211,0.000957675
10212,0.001296919
10213,0.015019218
10214,0.03072
10215,0.030912302
10216,0.0153228
10217,0.00023101876
10218,0.001026675
10219,0.0016317187
10220,0.0023232002
10221,0.025886716
10222,0.0032136752
10223,0.023814918
10224,0.038880005
10225,0.000567675
10226,0.000621075
10227,2.2687502e-06
10228,0.0023896687
10229,0.010546875
10230,0.021147078
10231,0.026551878
10232,0.00053551875
10233,0.002142075
10234,0.0025807687
10235,0.0008190188
10236,0.00031201873
10237,0.0058171684
10238,0.0171363
10239,0.027588172
10240,0.02934377
10241,0.0003888
10242,0.0011907001
10243,0.001287075
10244,0.00023941875
10245,0.000648675
10246,0.005985469
10247,0.015973669
10248,0.025056303
10249,0.026685918
10250,0.019126875
10251,0.0076081697
10252,0.000399675
10253,0.0025807687
10254,0.0012192187
10255,0.0136746755
10256,0.0021675
10257,0.0022707
10258,0.023899518
10259,0.045864303
10260,0.043491174
10261,0.020163167
10262,0.00035707498
10263,0.0098826755
10264,0.02606327
10265,0.037488677
10266,0.03690767
10267,0.025666876
10268,0.0113199195
10269,0.0017327999
10270,0.00053551875
10271,0.00074251875
10272,0.0010800001
10273,0.0016206751
10274,0.019278677
10275,0.0027936753
10276,0.0025392002
10277,0.024154218
10278,0.041626878
10279,0.033216767
10280,0.009991876
10281,0.00024796877
10282,0.017100468
10283,0.0033390748
10284,0.029814772
10285,0.05768467
10286,0.05880827
10287,0.00033667503
10288,7.441876e-05
10289,0.00015870002
10290,0.00028829998
10291,0.0049922997
10292,0.015120075
10293,0.025143076
10294,0.027724799
10295,0.02039717
10296,0.00839177
10297,0.00052291877
10298,0.002511675
10299,0.0129480185
10300,0.024926418
10301,0.031250272
10302,0.028737077
10303,0.0195075
10304,0.008772301
10305,0.0015123001
10306,0.00028829998
10307,0.004594219
10308,0.011761201
10309,0.0009832687
10310,0.009720001
10311,0.0016539188
10312,0.0153906755
10313,0.030146703
10314,0.02962592
10315,0.014322677
10316,0.0009661688
10317,0.004781719
10318,0.024324771
10319,0.002525419
10320,0.02110727
10321,0.04201892
10322,0.044756718
10323,0.00032176875
10324,0.0001728
10325,2.8518753e-05
10326,0.001491075
10327,0.00063480006
10328,0.00867
10329,0.02248172
10330,0.031541422
10331,0.027724799
10332,0.0139968
10333,0.0019440751
10334,0.0015552
10335,0.013198519
10336,0.028274704
10337,0.03659267
10338,0.03356708
10339,0.022113675
10340,0.009240076
10341,0.0012577688
10342,0.0005874188
10343,0.0057546757
10344,0.013198519
10345,0.00097470003
10346,0.009372169
10347,0.022770077
10348,0.030960469
10349,0.026641203
10350,0.013167076
10351,0.001710075
10352,0.0016539188
10353,0.013135669
10354,0.02777042
10355,0.035811074
10356,0.032917973
10357,0.021748671
10358,0.0091875
10359,0.001296919
10360,0.00053551875
10361,0.005589675
10362,0.01301042
10363,0.01916477
10364,0.02166797
10365,0.019776167
10366,0.0143554695
10367,0.0075604687
10368,0.0020049186
10369,0.0001323
10370,0.0027504186
10371,0.008044219
10372,0.014322677
10373,0.0009075
10374,0.008517676
10375,0.019891875
10376,0.024926418
10377,0.018154802
10378,0.0057339184
10379,2.43e-05
10380,0.0077763004
10381,0.024239419
10382,0.03764792
10383,0.03893402
10384,0.028136719
10385,0.012885769
10386,0.0021547687
10387,0.0004740187
10388,0.0065490194
10389,0.015492769
10390,0.022276876
10391,0.0240267
10392,0.020671874
10393,0.0139968
10394,0.0067500006
10395,7.5e-06
10396,0.0006075001
10397,0.002091675
10398,0.0047628004
10399,0.008823675
10400,0.013515019
10401,0.00074251875
10402,0.0065712007
10403,0.014289919
10404,0.015663674
10405,0.008517676
10406,0.0007650751
10407,0.0027504186
10408,0.016356675
10409,0.03271952
10410,0.0016428002
10411,0.011820677
10412,0.022646267
10413,0.0006697688
10414,0.002310019
10415,0.0016650752
10416,9.075001e-06
10417,0.0030150188
10418,0.0012577688
10419,0.0017327999
10420,0.0022188004
10421,0.021910518
10422,0.03818117
10423,0.03072
10424,0.009266419
10425,0.0008667188
10426,0.016356675
10427,0.002736075
10428,0.024667667
10429,0.048783176
10430,0.051108774
10431,0.030099168
10432,0.006285769
10433,0.0009408001
10434,0.002142075
10435,0.0027936753
10436,0.0034992
10437,0.03648797
10438,0.004159519
10439,0.0029850188
10440,0.025099667
10441,0.03786077
10442,0.000279075
10443,9.075001e-06
10444,0.0020049186
10445,0.0090306755
10446,0.01886267
10447,0.024624676
10448,0.0005482688
10449,0.0023364185
10450,0.0028812
10451,0.00097470003
10452,0.00025666875
10453,0.0057546757
10454,0.01731602
10455,0.028044922
10456,0.0010531688
10457,0.0006697688
10458,0.0061776754
10459,0.00947852
10460,0.0052867695
10461,0.0001323
10462,0.004594219
10463,0.020046677
10464,0.0357075
10465,0.03893402
10466,0.027180301
10467,0.01001927
10468,0.00032176875
10469,0.004141875
10470,0.017244019
10471,0.02990942
10472,0.0013467001
10473,0.0104067195
10474,0.022687502
10475,0.027000003
10476,0.01871252
10477,0.005427075
10478,9.451876e-05
10479,0.008797969
10480,0.025666876
10481,0.038556676
10482,0.038880005
10483,0.027451878
10484,5.8800008e-05
10485,2.2687502e-06
10486,8.26875e-06
10487,0.00033166877
10488,0.0020172002
10489,0.0063729193
10490,0.013072968
10491,0.019089017
10492,0.020358076
10493,0.0151875
10494,0.006615675
10495,9.187501e-05
10496,0.0028227004
10497,0.00854297
10498,0.0151875
10499,0.020046677
10500,0.020869218
10501,0.016921874
10502,0.0098826755
10503,1.8750002e-08
10504,0.0003888
10505,0.0016428002
10506,0.0042483
10507,0.008517676
10508,0.013642669
10509,0.00078796875
10510,0.0069084186
10511,0.014918702
10512,0.016216876
10513,0.00874667
10514,0.0007650751
10515,0.0008427
10516,0.0129480185
10517,0.03183392
10518,0.043092303
10519,0.038288273
10520,0.021748671
10521,0.0056306995
10522,3.3075e-05
10523,0.0063948
10524,0.0014076749
10525,0.014257201
10526,0.032422975
10527,0.0421875
10528,0.03659267
10529,0.02028
10530,0.0050505185
10531,6.0918752e-05
10532,0.0063510756
10533,0.017897418
10534,0.027000003
10535,0.0290163
10536,0.023941876
10537,0.014985676
10538,2.5668753e-05
10539,0.0
10540,4.8000006e-06
10541,0.00026551876
10542,0.0018252002
10543,0.0060705193
10544,0.01282367
10545,0.00097470003
10546,0.008721075
10547,0.01826567
10548,0.000621075
10549,0.0001728
10550,0.0006075001
10551,4.501875e-05
10552,0.0013167186
10553,0.008142768
10554,0.01875
10555,0.025623022
10556,0.022646267
10557,0.011761201
10558,0.001767169
10559,0.0012001687
10560,0.011232675
10561,0.025143076
10562,0.033818424
10563,0.032373678
10564,0.0223587
10565,0.0100467
10566,0.0016650752
10567,0.00037807503
10568,0.0053067002
10569,0.013041675
10570,0.019660803
10571,0.022440676
10572,0.020436302
10573,0.0147519205
10574,6.976875e-05
10575,0.00010267501
10576,6.526876e-05
10577,4.501875e-05
10578,0.0013366687
10579,0.005838076
10580,0.013419676
10581,0.020514676
10582,0.02223602
10583,0.016602768
10584,2.43e-05
10585,0.000108299995
10586,0.000924075
10587,0.003291769
10588,0.007873201
10589,0.013867501
10590,0.018562969
10591,0.00063480006
10592,0.004266169
10593,0.0078004682
10594,0.006438676
10595,1.2675001e-05
10596,0.0018135187
10597,0.0077280756
10598,0.0011071688
10599,0.011554221
10600,0.0261075
10601,0.0012001687
10602,0.0065712007
10603,0.008823675
10604,0.004302019
10605,1.2675001e-05
10606,0.005487769
10607,0.0018369188
10608,0.01916477
10609,0.0401868
10610,0.044294417
10611,0.027588172
10612,0.006526875
10613,0.00050430006
10614,0.014126699
10615,0.035243273
10616,0.04734227
10617,0.04292192
10618,0.026775472
10619,0.009909919
10620,0.00081120007
10621,0.0014076749
10622,0.008142768
10623,0.015835522
10624,0.020671874
10625,0.021266721
10626,0.018007502
10627,0.01239317
10628,5.4675e-05
10629,8.1674996e-05
10630,5.266875e-05
10631,5.0700004e-05
10632,0.0013266751
10633,0.0057546757
10634,0.0009408001
10635,0.010434675
10636,0.024196802
10637,0.029484672
10638,0.02071127
10639,0.0061776754
10640,6.526876e-05
10641,0.0014076749
10642,0.017641876
10643,0.040131923
10644,0.050676305
10645,0.04190672
10646,0.021587418
10647,0.004483519
10648,0.00030720004
10649,0.0082917195
10650,0.0014386689
10651,0.014094169
10652,0.031882804
10653,0.0018135187
10654,0.013293076
10655,0.025229998
10656,0.024624676
10657,0.011761201
10658,0.0007056751
10659,0.0045018755
10660,0.02223602
10661,0.04046177
10662,0.045513075
10663,0.034629017
10664,0.00010267501
10665,1.1718751e-05
10666,1.1718751e-05
10667,0.00035191872
10668,0.0020667
10669,0.0063948
10670,0.0008667188
10671,0.0095052
10672,0.0223587
10673,0.02767922
10674,0.00035191872
10675,0.00057421875
10676,0.00010546876
10677,0.0005611687
10678,0.0049922997
10679,0.0010800001
10680,0.0014386689
10681,0.0164268
10682,0.033117022
10683,0.032917973
10684,0.016112419
10685,0.0012001687
10686,0.0048577692
10687,0.025491677
10688,0.046158023
10689,0.05086142
10690,0.03743567
10691,0.0168507
10692,0.002511675
10693,0.00085066876
10694,0.009056719
10695,0.019584075
10696,0.0011812687
10697,0.010350918
10698,0.0016650752
10699,0.0153906755
10700,0.030146703
10701,0.0008748
10702,0.0030000003
10703,0.002310019
10704,7.2074996e-05
10705,0.0027504186
10706,0.01345142
10707,0.02650727
10708,0.03183392
10709,0.024753772
10710,0.010801519
10711,0.00089107506
10712,0.002443519
10713,0.014029221
10714,0.02740652
10715,0.03402017
10716,0.00089107506
10717,0.0058171684
10718,0.012150469
10719,0.00045046877
10720,0.0017214188
10721,0.0012001687
10722,9.187501e-07
10723,0.0031212
10724,0.012916875
10725,0.024453074
10726,0.029156419
10727,0.022770077
10728,0.010074168
10729,0.0008748
10730,0.0006912
10731,0.010184418
10732,0.0017556751
10733,0.01717217
10734,0.037594803
10735,0.045454673
10736,0.034222517
10737,2.8518753e-05
10738,0.00037276876
10739,0.001956169
10740,0.00507
10741,0.000621075
10742,0.0074418755
10743,0.0014490751
10744,0.014094169
10745,0.028136719
10746,0.028044922
10747,0.013770919
10748,0.0009832687
10749,0.0044652
10750,0.023352304
10751,0.042695265
10752,0.04788008
10753,0.036070667
10754,0.0168507
10755,0.0028081688
10756,0.00049207505
10757,0.0008992688
10758,0.010490701
10759,0.024624676
10760,0.03402017
10761,0.0330672
10762,0.023143517
10763,0.01051877
10764,0.0017902686
10765,0.00036750003
10766,0.005427075
10767,0.013356299
10768,0.0010354688
10769,0.0099372
10770,0.023814918
10771,0.031980675
10772,0.027180301
10773,0.013198519
10774,0.00010546876
10775,0.00053551875
10776,0.007091719
10777,0.01819172
10778,0.027542701
10779,0.029484672
10780,0.00053551875
10781,0.000279075
10782,0.00030720004
10783,0.002283769
10784,4.6875004e-05
10785,2.8518753e-05
10786,0.0016206751
10787,0.00075000006
10788,0.009720001
10789,0.023394167
10790,0.001171875
10791,0.000621075
10792,0.0044469186
10793,0.0048577692
10794,0.0009918751
10795,0.0012288002
10796,0.011731519
10797,0.027270675
10798,0.035397675
10799,0.02896967
10800,0.013324669
10801,0.0013567688
10802,0.0023232002
10803,0.014918702
10804,0.0018252002
10805,0.0019320189
10806,0.02182952
10807,0.045629997
10808,0.04957268
10809,0.030289521
10810,0.0068856752
10811,0.0006556688
10812,0.0020667
10813,0.023520002
10814,0.050491523
10815,0.060278423
10816,0.0465708
10817,0.02166797
10818,0.0034347004
10819,0.00093241886
10820,0.010801519
10821,0.001491075
10822,0.001609669
10823,0.01893797
10824,0.04207508
10825,0.05061467
10826,0.03743567
10827,0.014652302
10828,0.0006984188
10829,0.0046500755
10830,0.020750703
10831,0.03575927
10832,0.0397488
10833,0.031882804
10834,0.01826567
10835,0.006329268
10836,0.00045046877
10837,0.0010443002
10838,0.0005874188
10839,0.0069311997
10840,0.017605519
10841,0.026641203
10842,0.028737077
10843,0.00053551875
10844,0.00028366878
10845,0.0028372689
10846,0.000195075
10847,0.00048601878
10848,4.2187503e-06
10849,0.0016987688
10850,0.008823675
10851,0.01916477
10852,0.0011346751
10853,0.008118075
10854,0.014126699
10855,0.0113199195
10856,0.002925469
10857,0.00057421875
10858,0.011290802
10859,0.029250018
10860,0.04095908
10861,0.03764792
10862,0.022195203
10863,0.006199219
10864,0.00034680005
10865,0.0063729193
10866,0.0011163
10867,0.011495419
10868,0.027180301
10869,0.03701297
10870,0.00097470003
10871,0.00052291877
10872,0.004876875
10873,0.00033166877
10874,0.0009918751
10875,0.00016921875
10876,0.0010443002
10877,0.007970701
10878,0.01924067
10879,0.026730675
10880,0.023814918
10881,9.72e-05
10882,3.0000004e-07
10883,7.441876e-05
10884,0.0018369188
10885,0.0071147997
10886,0.0010092
10887,0.010773076
10888,0.024710702
10889,0.001171875
10890,0.0064827004
10891,0.008721075
10892,0.004266169
10893,1.2675001e-05
10894,0.0054472685
10895,0.020829676
10896,0.03544922
10897,0.03764792
10898,0.00044467498
10899,0.0011907001
10900,3.1518754e-05
10901,3.0000004e-07
10902,0.0005611687
10903,0.003933075
10904,0.00089107506
10905,0.0104067195
10906,0.0243675
10907,0.029767502
10908,0.020988075
10909,0.0062640756
10910,0.00048
10911,0.0094518745
10912,0.024196802
10913,0.0016875002
10914,0.0015660189
10915,0.01731602
10916,0.03457808
10917,0.0010092
10918,0.0034830186
10919,0.0027792188
10920,0.00014851875
10921,0.0025807687
10922,0.013546877
10923,0.027135167
10924,0.0013167186
10925,0.00867
10926,0.014718674
10927,0.011583676
10928,0.002910675
10929,0.00062791875
10930,0.0116427
10931,0.029767502
10932,0.041403674
10933,0.03775427
10934,0.00026551876
10935,0.00041070004
10936,0.00028829998
10937,1.875e-06
10938,0.0012772689
10939,0.0063074995
10940,0.014652302
10941,0.022113675
10942,0.023436077
10943,0.00033667503
10944,0.0011625189
10945,0.0013067999
10946,0.00026551876
10947,0.000594075
10948,0.0007203
10949,0.010074168
10950,0.025535423
10951,0.034782074
10952,0.029578803
10953,0.014257201
10954,0.00011701877
10955,0.0040891687
10956,0.011613169
10957,0.01893797
10958,0.02281142
10959,0.021627676
10960,0.0160083
10961,0.008416876
10962,0.0021930751
10963,1.366875e-05
10964,0.00046807507
10965,0.0065490194
10966,0.017244019
10967,0.026551878
10968,0.02896967
10969,0.023018703
10970,0.01239317
10971,0.0031212
10972,3.1518754e-05
10973,0.004141875
10974,0.0126075
10975,0.0011531999
10976,0.011116875
10977,0.02615177
10978,0.034323923
10979,0.0006912
10980,0.0026508
10981,0.003151875
10982,0.0010531688
10983,0.00026107504
10984,0.0008347687
10985,0.011701876
10986,0.0020172002
10987,0.0183027
10988,0.03498668
10989,0.03361727
10990,0.015801076
10991,0.0009832687
10992,0.0054472685
10993,0.02659652
10994,0.046985418
10995,0.050923202
10996,0.00073507504
10997,0.00027000002
10998,0.0026508
10999,0.000180075
11000,1.6875001e-05
11001,5.4675e-05
11002,0.0016875002
11003,0.007394701
11004,0.016077677
11005,0.021951076
11006,0.0198147
11007,0.010659676
11008,0.001767169
11009,0.0005104688
11010,0.008492419
11011,0.0217083
11012,0.0015768749
11013,0.0015123001
11014,0.01681517
11015,0.0019926752
11016,0.01357877
11017,0.019469272
11018,0.011203669
11019,0.000210675
11020,0.007230769
11021,0.021547202
11022,0.0334668
11023,0.0338688
11024,0.022399671
11025,0.0077040186
11026,0.00013546876
11027,0.004071675
11028,0.015766669
11029,0.027090078
11030,0.031492803
11031,0.027270675
11032,0.0175692
11033,3e-05
11034,3.0000004e-07
11035,3.3075e-05
11036,5.266875e-05
11037,0.0014386689
11038,0.0060492004
11039,0.0137067195
11040,0.02071127
11041,0.022195203
11042,0.00034171878
11043,0.0012192187
11044,0.0013974188
11045,0.00030720004
11046,0.0005547001
11047,0.0058171684
11048,0.01590452
11049,0.025229998
11050,0.027000003
11051,0.019431077
11052,0.0077521694
11053,0.00014851875
11054,0.0038646753
11055,0.010773076
11056,0.0009918751
11057,0.0099372
11058,0.0016762686
11059,0.0155952005
11060,0.0017786999
11061,0.012150469
11062,0.01738817
11063,0.0098826755
11064,0.00057421875
11065,0.004953675
11066,0.024196802
11067,0.043263026
11068,0.0015987
11069,0.009213768
11070,0.015052802
11071,0.011554221
11072,0.0027648
11073,0.00073507504
11074,0.012030019
11075,0.030194271
11076,0.0415152
11077,0.001062075
11078,0.005610169
11079,0.009372169
11080,0.00727742
11081,0.0015987
11082,0.00079567503
11083,0.0012772689
11084,0.0160083
11085,0.036802523
11086,0.04574708
11087,0.00075000006
11088,0.002443519
11089,0.002721769
11090,0.00078796875
11091,0.00037807503
11092,0.0061776754
11093,0.0013770189
11094,0.014586076
11095,0.03183392
11096,0.03659267
11097,0.0240267
11098,0.006329268
11099,0.00062791875
11100,0.0113490755
11101,0.027907502
11102,0.038610466
11103,0.0011439187
11104,0.007371168
11105,0.0147852
11106,0.015458701
11107,0.007970701
11108,0.00057421875
11109,0.0031059189
11110,0.0168507
11111,0.032818668
11112,0.03947627
11113,0.0324723
11114,0.017208075
11115,0.0039675003
11116,0.00035707498
11117,0.0007650751
11118,0.0011163
11119,0.0136746755
11120,0.032226022
11121,0.042751875
11122,0.03743567
11123,0.000226875
11124,0.00027000002
11125,0.00015526875
11126,2.8518753e-05
11127,0.0014386689
11128,0.006329268
11129,0.014289919
11130,0.0213867
11131,0.022687502
11132,0.016602768
11133,0.0069311997
11134,0.0004621688
11135,0.002054269
11136,0.0011071688
11137,0.01282367
11138,0.030337198
11139,0.040572017
11140,0.036122702
11141,0.00023520003
11142,0.00033166877
11143,0.00021466878
11144,1.08e-05
11145,0.0013467001
11146,0.006285769
11147,0.014454076
11148,0.021748671
11149,0.02306027
11150,0.0168507
11151,1.9200002e-05
11152,0.00014851875
11153,0.0010710187
11154,0.0035316749
11155,0.0080934195
11156,0.013899769
11157,0.018339772
11158,0.018414019
11159,0.013198519
11160,0.005528419
11161,0.00036750003
11162,0.0017327999
11163,0.00097470003
11164,0.011583676
11165,0.027999075
11166,0.038341872
11167,0.03493547
11168,0.00025666875
11169,0.00042751874
11170,0.00032176875
11171,1.6875e-07
11172,0.00023520003
11173,0.0046500755
11174,0.01455302
11175,0.0013770189
11176,0.01197002
11177,0.023899518
11178,0.02406917
11179,0.011910169
11180,0.00085066876
11181,0.004071675
11182,0.0213867
11183,0.0397488
11184,0.045337968
11185,0.03498668
11186,0.016921874
11187,0.0031212
11188,0.00043319998
11189,0.0075842994
11190,0.018117918
11191,0.025447968
11192,0.026373675
11193,0.02150702
11194,0.0136107
11195,0.005985469
11196,1.576875e-05
11197,0.00075000006
11198,0.0024030753
11199,0.005128669
11200,0.0090828
11201,0.013515019
11202,0.01653227
11203,0.016042968
11204,0.011407499
11205,0.0048196693
11206,0.00033166877
11207,0.0015229688
11208,0.00874667
11209,0.018562969
11210,0.025710769
11211,0.026329216
11212,0.020124301
11213,9.72e-05
11214,5.418751e-06
11215,1.6875001e-05
11216,4.32e-05
11217,0.001098075
11218,0.00507
11219,0.012301876
11220,0.0010531688
11221,0.00953192
11222,0.019699218
11223,0.020514676
11224,0.010546875
11225,0.0008347687
11226,0.0034668753
11227,0.01924067
11228,0.03685507
11229,0.043206077
11230,0.034323923
11231,0.01731602
11232,3.1518754e-05
11233,0.0017902686
11234,0.00037276876
11235,0.004483519
11236,0.0125460755
11237,0.02110727
11238,0.0010443002
11239,0.008217076
11240,0.016921874
11241,0.017751168
11242,0.009213768
11243,0.0007129687
11244,0.0032136752
11245,0.017897418
11246,0.034629017
11247,0.041236673
11248,0.033416722
11249,0.017352076
11250,0.003796875
11251,0.000180075
11252,0.0065047685
11253,0.017064676
11254,0.025229998
11255,0.027090078
11256,0.022605078
11257,0.01455302
11258,0.0064606695
11259,0.0011625189
11260,0.000180075
11261,0.0031365189
11262,0.008772301
11263,0.0008748
11264,0.009213768
11265,0.022770077
11266,0.031201873
11267,0.02695502
11268,8.670001e-05
11269,1.576875e-05
11270,0.000541875
11271,0.002693269
11272,0.007418269
11273,0.013964419
11274,0.01931672
11275,0.0198147
11276,0.0143554695
11277,0.006006675
11278,0.00040516877
11279,0.0018252002
11280,0.010129219
11281,0.02071127
11282,0.027633674
11283,0.0008992688
11284,0.0063948
11285,0.01338797
11286,0.00048601878
11287,0.00013546876
11288,0.00044467498
11289,5.418751e-06
11290,0.0015987
11291,0.008517676
11292,0.0012577688
11293,0.012090168
11294,0.024538804
11295,0.0248832
11296,0.012454219
11297,0.00093241886
11298,0.0011346751
11299,0.016497077
11300,0.0026226752
11301,0.023562022
11302,0.046866767
11303,0.049450796
11304,0.02934377
11305,0.006242419
11306,0.0008586751
11307,0.01632167
11308,0.038288273
11309,0.049450796
11310,0.043263026
11311,0.025974922
11312,0.00900467
11313,0.0005611687
11314,0.0016875002
11315,0.008416876
11316,0.01569797
11317,0.020085467
11318,0.00072766875
11319,0.0062208
11320,0.015255077
11321,0.020163167
11322,0.015629418
11323,6.75e-07
11324,0.000924075
11325,0.00044467498
11326,0.0063510756
11327,0.017787674
11328,0.027907502
11329,0.029156419
11330,0.02031902
11331,0.00768
11332,0.00029296876
11333,0.003075469
11334,0.013770919
11335,0.02527352
11336,0.030768022
11337,0.027816078
11338,0.00033166877
11339,0.0015123001
11340,0.002925469
11341,0.0024843
11342,0.00043319998
11343,0.00081120007
11344,0.0074655185
11345,0.0189003
11346,0.028182674
11347,0.028459199
11348,0.01924067
11349,0.006999769
11350,0.00018376876
11351,0.004302019
11352,0.0008829187
11353,0.009747019
11354,0.02406917
11355,0.034070704
11356,0.03232442
11357,0.020124301
11358,0.006329268
11359,2.8518753e-05
11360,0.0044469186
11361,0.0013067999
11362,0.013867501
11363,0.031882804
11364,0.041850675
11365,0.036540303
11366,0.020436302
11367,0.005187676
11368,4.6875004e-05
11369,0.00094921875
11370,0.011613169
11371,0.027045019
11372,0.03659267
11373,0.03468
11374,0.023478018
11375,0.010129219
11376,4.876875e-05
11377,0.0016539188
11378,0.004410469
11379,0.0076320753
11380,0.01103042
11381,0.013964419
11382,0.0153228
11383,0.013867501
11384,0.00947852
11385,0.0038646753
11386,0.000226875
11387,0.0003834188
11388,0.0061132684
11389,0.016602768
11390,0.02606327
11391,0.028876523
11392,0.023268674
11393,0.01269992
11394,0.003291769
11395,2.0418749e-05
11396,0.004071675
11397,0.012638268
11398,0.001171875
11399,0.011261718
11400,0.026373675
11401,0.03457808
11402,0.028551675
11403,0.013324669
11404,0.0014179689
11405,0.0021802688
11406,0.014586076
11407,0.0018252002
11408,0.01688627
11409,0.03669752
11410,0.044352073
11411,0.0334668
11412,3e-05
11413,0.00035191872
11414,0.0018960749
11415,0.004953675
11416,0.009558675
11417,0.014619171
11418,0.017897418
11419,0.017064676
11420,0.011820677
11421,0.0047628004
11422,0.00026107504
11423,0.0017556751
11424,0.009240076
11425,0.019013418
11426,0.02579867
11427,0.02606327
11428,0.019737678
11429,0.01023977
11430,0.0024843
11431,4.501875e-05
11432,0.0037296754
11433,0.0113490755
11434,0.019089017
11435,0.0010005188
11436,0.008721075
11437,0.020046677
11438,0.0248832
11439,0.017970769
11440,0.005610169
11441,0.00040516877
11442,0.001098075
11443,0.013803075
11444,0.03262052
11445,0.043206077
11446,0.0010179187
11447,0.005207419
11448,0.008695519
11449,0.00012607501
11450,4.141875e-05
11451,0.00036750003
11452,0.0036963
11453,0.011290802
11454,0.02000792
11455,0.023688298
11456,0.018975677
11457,0.008823675
11458,0.00093241886
11459,0.0016206751
11460,0.011088018
11461,0.023394167
11462,0.031008678
11463,0.029767502
11464,0.00041070004
11465,0.0019080188
11466,0.0035643002
11467,0.002970075
11468,0.000541875
11469,0.00033166877
11470,0.0065490194
11471,0.0189003
11472,0.029673075
11473,0.030768022
11474,0.02110727
11475,0.0077521694
11476,0.00024367501
11477,0.0033708
11478,0.014421168
11479,0.025930801
11480,0.031105202
11481,0.02767922
11482,0.0183027
11483,0.008019675
11484,2.8518753e-05
11485,0.0011439187
11486,0.0033075
11487,0.0063074995
11488,0.01001927
11489,0.013738802
11490,0.0006556688
11491,0.005775469
11492,0.012854701
11493,0.0143554695
11494,0.00794627
11495,0.00074251875
11496,0.0025530187
11497,0.01556102
11498,0.031541422
11499,0.038988076
11500,0.032818668
11501,0.017897418
11502,0.004356075
11503,6.976875e-05
11504,0.0058590192
11505,0.01653227
11506,0.02527352
11507,0.027724799
11508,0.023436077
11509,0.0151875
11510,0.0067275185
11511,1.9200002e-05
11512,0.0008586751
11513,0.002664919
11514,0.005487769
11515,0.009372169
11516,0.01357877
11517,0.016356675
11518,0.01569797
11519,0.011116875
11520,0.0046687694
11521,0.000316875
11522,0.0015123001
11523,0.0008829187
11524,0.010773076
11525,0.0264627
11526,0.036802523
11527,0.034121267
11528,0.0205932
11529,0.006091875
11530,3.1687503e-06
11531,0.0050310753
11532,0.0164268
11533,0.0014282999
11534,0.012979201
11535,0.0293907
11536,0.037276875
11537,0.029814772
11538,0.01326152
11539,0.0011812687
11540,0.002664919
11541,0.01569797
11542,0.0018369188
11543,0.00192
11544,0.02166797
11545,0.045396302
11546,0.0016987688
11547,0.0082917195
11548,0.0107446695
11549,0.0052470188
11550,3.4668756e-05
11551,0.005775469
11552,0.022317769
11553,0.002054269
11554,0.0018018751
11555,0.017787674
11556,0.031298704
11557,0.02536067
11558,0.0075842994
11559,0.000279075
11560,0.0021675
11561,0.025754703
11562,0.055019423
11563,0.0629292
11564,0.043719918
11565,0.015255077
11566,0.000316875
11567,0.0069540194
11568,0.0255792
11569,0.040296674
11570,0.041682776
11571,0.031153522
11572,0.0164268
11573,0.0049922997
11574,0.000180075
11575,0.0013567688
11576,0.0059643
11577,0.011407499
11578,0.0157323
11579,0.01782422
11580,0.0169932
11581,0.013324669
11582,0.007848919
11583,3.0000004e-07
11584,0.0002523
11585,0.0012384187
11586,0.00363
11587,0.00794627
11588,0.0134832
11589,0.017787674
11590,0.017934076
11591,0.01301042
11592,1.8018749e-05
11593,9.72e-05
11594,0.0008347687
11595,0.0031059189
11596,0.0076320753
11597,0.0136746755
11598,0.0008829187
11599,0.0077521694
11600,0.0164268
11601,0.00058080006
11602,0.0021930751
11603,2.0418749e-05
11604,0.00015526875
11605,0.0024030753
11606,0.008849419
11607,0.017496677
11608,0.022522798
11609,0.00050430006
11610,0.0021930751
11611,0.002721769
11612,0.0009075
11613,0.00022276877
11614,0.0052271998
11615,0.01618202
11616,0.026775472
11617,0.029156419
11618,0.021067498
11619,1.6875001e-05
11620,0.0002523
11621,0.0014490751
11622,0.004159519
11623,0.008695519
11624,0.014126699
11625,0.01804427
11626,0.017714702
11627,0.0125460755
11628,0.0051679686
11629,0.00032176875
11630,0.0017214188
11631,0.009398701
11632,0.019469272
11633,0.026418172
11634,0.02650727
11635,0.019891875
11636,0.010212075
11637,0.0024030753
11638,0.000210675
11639,0.0004981688
11640,0.0065712007
11641,0.0171363
11642,0.0013770189
11643,0.01227152
11644,0.026730675
11645,0.031250272
11646,0.021067498
11647,0.0058171684
11648,0.00015526875
11649,0.01001927
11650,0.002104219
11651,0.020553922
11652,0.0437772
11653,0.0019683002
11654,0.01185047
11655,0.01916477
11656,0.014619171
11657,0.00363
11658,0.0006984188
11659,0.0017214188
11660,0.0024843
11661,0.02731592
11662,0.055470005
11663,0.00192
11664,0.0089527685
11665,0.011466076
11666,0.005569219
11667,4.141875e-05
11668,0.0059220744
11669,0.02289422
11670,0.03850292
11671,0.0401868
11672,0.026820298
11673,0.0091875
11674,0.00015526875
11675,0.00097470003
11676,0.012669076
11677,0.02934377
11678,0.039150473
11679,0.001098075
11680,0.0069311997
11681,0.0139968
11682,0.0147519205
11683,0.00768
11684,0.0005611687
11685,0.0029850188
11686,0.0164268
11687,0.032176875
11688,0.038988076
11689,0.032275204
11690,0.00016216876
11691,0.00015526875
11692,6.526876e-05
11693,7.441876e-05
11694,0.0015552
11695,0.0062640756
11696,0.013867501
11697,0.02071127
11698,0.02207297
11699,0.016251769
11700,2.0418749e-05
11701,0.00012301876
11702,0.00097470003
11703,0.00031201873
11704,0.004800675
11705,0.01448702
11706,0.0013467001
11707,0.011731519
11708,0.0013974188
11709,0.009774076
11710,0.014061675
11711,0.007848919
11712,0.00020280002
11713,0.006593419
11714,0.01993052
11715,0.031492803
11716,0.032521673
11717,0.00037807503
11718,0.001026675
11719,0.0010443002
11720,0.00014520001
11721,0.0007650751
11722,0.0060705193
11723,0.0157323
11724,0.001287075
11725,0.010972969
11726,0.022032302
11727,0.022399671
11728,0.011232675
11729,0.0008190188
11730,0.0038476689
11731,0.0020049186
11732,0.021627676
11733,0.046511725
11734,0.05437892
11735,0.039042167
11736,0.01448702
11737,0.0004981688
11738,0.0054675005
11739,0.001956169
11740,0.002283769
11741,0.025317073
11742,0.053615272
11743,0.06122342
11744,0.04252568
11745,0.014885269
11746,0.000316875
11747,0.0067500006
11748,0.002104219
11749,0.02071127
11750,0.04417922
11751,0.053488523
11752,0.0424128
11753,0.020671874
11754,0.0037632005
11755,0.0005547001
11756,0.009161269
11757,0.02110727
11758,0.028459199
11759,0.028136719
11760,0.02166797
11761,0.012854701
11762,1.576875e-05
11763,1.875e-06
11764,5.418751e-06
11765,5.0700004e-05
11766,0.000226875
11767,0.004356075
11768,0.013803075
11769,0.02373047
11770,0.026910074
11771,0.02039717
11772,0.00874667
11773,0.0006627
11774,0.0022317187
11775,0.012515418
11776,0.024710702
11777,0.031444218
11778,0.00089107506
11779,0.006006675
11780,0.0126075
11781,0.0136746755
11782,0.007347675
11783,0.000594075
11784,0.0027075
11785,0.01556102
11786,0.031105202
11787,0.0015877689
11788,0.011554221
11789,0.022317769
11790,0.02215442
11791,0.010801519
11792,0.0006912
11793,0.0040891687
11794,0.020790169
11795,0.0022446748
11796,0.019431077
11797,0.0023896687
11798,0.018228674
11799,0.030432679
11800,0.02373047
11801,0.006593419
11802,0.00045630004
11803,0.0021547687
11804,0.02536067
11805,0.054187506
11806,0.06210751
11807,0.043263026
11808,0.0151875
11809,0.00033166877
11810,0.0068176687
11811,0.02527352
11812,0.039967503
11813,0.041571017
11814,0.031153522
11815,0.000165675
11816,4.141875e-05
11817,0.000594075
11818,4.141875e-05
11819,2.5668753e-05
11820,9.451876e-05
11821,0.002736075
11822,0.000924075
11823,0.011174701
11824,0.025930801
11825,0.031395677
11826,0.00036750003
11827,0.0005292
11828,7.441876e-05
11829,0.00018750002
11830,0.00060076884
11831,0.009161269
11832,0.0238572
11833,0.033216767
11834,0.00075000006
11835,0.0030906748
11836,0.0037632005
11837,0.0013770189
11838,0.000180075
11839,0.0058800005
11840,0.0014700001
11841,0.01556102
11842,0.033667505
11843,0.038288273
11844,0.00035707498
11845,0.00035707498
11846,1.9200002e-05
11847,0.000195075
11848,0.003984769
11849,0.013041675
11850,0.02289422
11851,0.001026675
11852,0.0068629696
11853,0.011940075
11854,0.00953192
11855,0.0023629686
11856,0.00062791875
11857,0.0107163
11858,0.027588172
11859,0.038880005
11860,0.036122702
11861,0.02166797
11862,0.006285769
11863,6.75e-07
11864,0.0053868005
11865,0.017244019
11866,0.0014490751
11867,0.0015123001
11868,0.017787674
11869,0.038449205
11870,0.043149166
11871,0.00037276876
11872,0.00032669998
11873,9.187501e-07
11874,0.0010890188
11875,0.0059643
11876,0.0143883005
11877,0.02215442
11878,0.02373047
11879,0.0174243
11880,0.00727742
11881,0.00048
11882,0.002142075
11883,0.0115248
11884,0.02289422
11885,0.029578803
11886,0.028090801
11887,0.019776167
11888,0.009345674
11889,0.0018252002
11890,0.00018750002
11891,0.004338019
11892,0.0008829187
11893,0.009774076
11894,0.024111675
11895,0.0016206751
11896,0.0013770189
11897,0.0015660189
11898,0.014061675
11899,0.02150702
11900,0.013198519
11901,0.0012577688
11902,0.004284075
11903,0.024796875
11904,0.0460992
11905,0.0499392
11906,0.033667505
11907,0.011466076
11908,0.00018376876
11909,0.0058590192
11910,0.0213867
11911,0.03442547
11912,0.03701297
11913,0.029203203
11914,0.01667342
11915,6.075e-06
11916,1.4700002e-05
11917,0.0001728
11918,0.0007575188
11919,0.0025947
11920,0.006593419
11921,0.00078796875
11922,0.008721075
11923,0.020829676
11924,0.026240418
11925,0.00035191872
11926,0.0006142687
11927,0.00012916875
11928,0.0005104688
11929,0.004876875
11930,0.013738802
11931,0.022687502
11932,0.025317073
11933,0.019051202
11934,2.5668753e-05
11935,3.6300004e-05
11936,0.0008347687
11937,0.0034186689
11938,0.00839177
11939,0.014718674
11940,0.019354803
11941,0.0192027
11942,0.013515019
11943,0.005487769
11944,0.00031201873
11945,0.0019080188
11946,0.009991876
11947,0.02024102
11948,0.027000003
11949,0.00089107506
11950,0.0063510756
11951,0.0008347687
11952,0.00062791875
11953,0.00043891877
11954,0.002310019
11955,0.0012772689
11956,0.00012916875
11957,0.005775469
11958,0.018339772
11959,0.0014700001
11960,0.010887076
11961,0.018675078
11962,0.014818518
11963,0.003950269
11964,0.0005292
11965,0.012515418
11966,0.0324723
11967,0.044872675
11968,0.0011254689
11969,0.0058171684
11970,0.00048601878
11971,0.0025392002
11972,0.0022576689
11973,0.00012607501
11974,0.002296875
11975,0.0124236755
11976,0.025404302
11977,0.03134717
11978,0.024969677
11979,0.011232675
11980,0.0010531688
11981,0.0022317187
11982,0.013738802
11983,0.0273612
11984,0.034323923
11985,0.031105202
11986,0.020475468
11987,0.008721075
11988,0.0012772689
11989,0.00046807507
11990,0.005207419
11991,0.01239317
11992,0.018637668
11993,0.02142677
11994,0.019891875
11995,0.014652302
11996,7.921875e-05
11997,0.00013546876
11998,9.991875e-05
11999,2.5668753e-05
12000,0.0012675
12001,0.0058171684
12002,0.013546877
12003,0.0010890188
12004,0.009612301
12005,0.019776167
12006,0.020514676
12007,0.01051877
12008,0.0008190188
12009,0.0009918751
12010,0.0147852
12011,0.0024300003
12012,0.022276876
12013,0.044756718
12014,0.047640678
12015,0.028597971
12016,4.876875e-05
12017,0.0038307
12018,0.011554221
12019,0.01931672
12020,0.0010005188
12021,0.008695519
12022,0.019969199
12023,0.024796875
12024,0.017934076
12025,0.005610169
12026,3.1518754e-05
12027,0.007848919
12028,0.024239419
12029,0.037488677
12030,0.038718175
12031,0.027953267
12032,0.01282367
12033,0.002142075
12034,0.00046807507
12035,0.0065047685
12036,0.015424669
12037,0.022195203
12038,0.0240267
12039,0.020671874
12040,0.014029221
12041,0.0067725196
12042,0.0015123001
12043,6.3075e-05
12044,0.002925469
12045,0.0090306755
12046,0.0160083
12047,0.020869218
12048,0.021306677
12049,0.01695752
12050,0.009666075
12051,0.002866519
12052,1.875e-06
12053,0.002693269
12054,0.0008586751
12055,0.0012288002
12056,0.015424669
12057,0.0357075
12058,0.0018486752
12059,0.011731519
12060,0.0009661688
12061,0.00507
12062,0.0051483
12063,0.000957675
12064,0.0014179689
12065,0.0124848
12066,0.028274704
12067,0.036122702
12068,0.02910968
12069,5.4675e-05
12070,0.00011407501
12071,0.00013546876
12072,0.002497969
12073,0.0085683
12074,0.016779674
12075,0.022770077
12076,0.0223587
12077,0.015255077
12078,0.005775469
12079,0.00022276877
12080,0.002443519
12081,0.0113490755
12082,0.0013366687
12083,0.0015336752
12084,0.018081075
12085,0.038988076
12086,0.04366268
12087,0.00037276876
12088,0.00032176875
12089,4.6875e-07
12090,0.0011071688
12091,0.005985469
12092,0.0010443002
12093,0.0113490755
12094,0.025886716
12095,0.031056916
12096,0.00035191872
12097,0.0004981688
12098,5.8800008e-05
12099,0.00018750002
12100,0.00060076884
12101,0.0011907001
12102,0.01508642
12103,0.033768076
12104,0.039042167
12105,0.025666876
12106,0.0067950753
12107,0.0006627
12108,0.01185047
12109,0.028923076
12110,0.039639678
12111,0.0011531999
12112,0.0007726687
12113,0.0084672
12114,0.015973669
12115,0.013515019
12116,0.003950269
12117,0.00053551875
12118,0.0014076749
12119,0.017605519
12120,0.039912768
12121,0.048783176
12122,0.03675
12123,0.0147519205
12124,0.0008190188
12125,0.004266169
12126,0.0018486752
12127,0.0022317187
12128,0.0248832
12129,0.052857023
12130,0.060547676
12131,0.042243775
12132,0.014885269
12133,0.00042187504
12134,0.008721075
12135,0.020790169
12136,0.028551675
12137,0.028551675
12138,0.022195203
12139,0.013198519
12140,0.0052867695
12141,0.00075000006
12142,0.00031201873
12143,0.0035316749
12144,0.0090828
12145,0.015019218
12146,0.019126875
12147,0.019584075
12148,0.00040516877
12149,0.002443519
12150,0.0046687694
12151,0.0039675003
12152,0.00085066876
12153,0.0007056751
12154,0.008118075
12155,0.0015336752
12156,0.01556102
12157,0.033416722
12158,0.03791408
12159,0.024538804
12160,0.0062640756
12161,0.00029767503
12162,0.012030019
12163,0.03173627
12164,0.044294417
12165,0.041682776
12166,0.027180301
12167,0.0107446695
12168,0.0011439187
12169,0.0010710187
12170,0.0008034188
12171,0.009135076
12172,0.0015336752
12173,0.0153906755
12174,0.03442547
12175,0.04258217
12176,0.032818668
12177,0.013770919
12178,0.00094921875
12179,0.0034347004
12180,0.017751168
12181,0.032521673
12182,0.037967417
12183,0.031980675
12184,0.019392917
12185,0.0073008006
12186,0.0007203
12187,0.0008190188
12188,0.0056925192
12189,0.01227152
12190,0.00089107506
12191,0.0010531688
12192,0.01338797
12193,0.03048047
12194,0.035914797
12195,0.024196802
12196,0.006660301
12197,0.00060076884
12198,0.01103042
12199,0.02731592
12200,0.0380208
12201,0.0011531999
12202,0.0074418755
12203,0.014918702
12204,0.00050430006
12205,0.0018486752
12206,0.001296919
12207,7.500001e-08
12208,0.00058080006
12209,0.009345674
12210,0.024453074
12211,0.033969674
12212,0.0293907
12213,0.01452
12214,0.0018723003
12215,0.0017902686
12216,0.014061675
12217,0.0293907
12218,0.03732977
12219,0.033667505
12220,0.00035707498
12221,0.0014179689
12222,0.002664919
12223,0.0022317187
12224,0.00035707498
12225,0.0008667188
12226,0.007418269
12227,0.018600302
12228,0.02767922
12229,0.00093241886
12230,0.0057339184
12231,0.009909919
12232,0.007897519
12233,0.0018723003
12234,0.0006912
12235,0.010184418
12236,0.026019074
12237,0.03685507
12238,0.03457808
12239,0.021147078
12240,0.0063729193
12241,9.075001e-06
12242,0.0049729687
12243,0.0013567688
12244,0.0016762686
12245,0.01962242
12246,0.043377023
12247,0.05185442
12248,0.038074218
12249,2.0418749e-05
12250,0.0005547001
12251,0.002497969
12252,0.005838076
12253,0.010323075
12254,0.0007650751
12255,0.0077521694
12256,0.001296919
12257,0.0113199195
12258,0.0010531688
12259,0.005775469
12260,0.006027919
12261,0.0013067999
12262,0.0012001687
12263,0.01239317
12264,0.028923076
12265,0.037276875
12266,0.0007056751
12267,0.0025947
12268,0.0030300752
12269,0.00097470003
12270,0.00029296876
12271,0.006006675
12272,0.017751168
12273,0.028413018
12274,0.030004218
12275,0.021027772
12276,0.007995169
12277,0.000180075
12278,0.0043923
12279,0.0118803
12280,0.018975677
12281,0.0009408001
12282,0.008217076
12283,0.019089017
12284,0.023984272
12285,0.00032669998
12286,0.00057421875
12287,4.8000006e-06
12288,0.00078796875
12289,0.0045018755
12290,0.01185047
12291,0.01962242
12292,0.02248172
12293,0.017641876
12294,0.008044219
12295,0.00078796875
12296,0.0016428002
12297,0.0107446695
12298,0.022605078
12299,0.030099168
12300,0.02910968
12301,0.020750703
12302,0.00985547
12303,0.0019320189
12304,0.0002523
12305,0.004212675
12306,0.0110592
12307,0.01767827
12308,0.02134667
12309,0.0006697688
12310,0.00058080006
12311,0.0067725196
12312,0.013167076
12313,0.0113490755
12314,0.0033075
12315,0.00035707498
12316,0.010267501
12317,0.028136719
12318,0.040572017
12319,0.038074218
12320,0.00029767503
12321,0.0005292
12322,0.00041070004
12323,1.875e-06
12324,0.001171875
12325,0.006285769
12326,0.014918702
12327,0.022646267
12328,0.023984272
12329,0.01738817
12330,1.6875001e-05
12331,0.0001728
12332,0.0011531999
12333,0.0036630754
12334,0.008217076
12335,0.013932074
12336,0.01826567
12337,0.018228674
12338,0.013041675
12339,0.0054472685
12340,0.00035707498
12341,0.0017214188
12342,0.009558675
12343,0.0198147
12344,0.026775472
12345,0.026775472
12346,0.00043319998
12347,0.0022317187
12348,0.004159519
12349,0.0034668753
12350,1.576875e-05
12351,0.0015768749
12352,0.0069540194
12353,0.015356718
12354,0.022399671
12355,0.023226922
12356,0.0165675
12357,1.366875e-05
12358,0.00018750002
12359,0.0011907001
12360,0.003712969
12361,0.008241919
12362,0.013899769
12363,0.01819172
12364,0.018154802
12365,0.01301042
12366,0.005427075
12367,0.00035707498
12368,0.0017214188
12369,0.00953192
12370,0.019737678
12371,0.026730675
12372,0.026730675
12373,0.019969199
12374,0.010184418
12375,9.918751e-06
12376,0.0008427
12377,0.0027075
12378,0.0056512696
12379,0.009612301
12380,0.013803075
12381,0.016461918
12382,0.01569797
12383,0.01103042
12384,0.004575675
12385,0.00029296876
12386,0.0015444189
12387,0.0008829187
12388,0.0107163
12389,0.0018723003
12390,0.018007502
12391,0.037594803
12392,0.0415152
12393,0.02606327
12394,0.0062640756
12395,0.00045046877
12396,0.01338797
12397,0.033818424
12398,0.045981675
12399,0.0421875
12400,0.026775472
12401,0.010156801
12402,0.000924075
12403,0.0012577688
12404,0.007897519
12405,0.0009832687
12406,0.009909919
12407,0.023984272
12408,0.033717766
12409,0.03183392
12410,0.0198147
12411,0.0062208
12412,2.8518753e-05
12413,0.0043923
12414,0.0153906755
12415,0.025754703
12416,0.029673075
12417,0.025842678
12418,0.016921874
12419,0.007418269
12420,0.0012480749
12421,0.00026551876
12422,0.0040891687
12423,0.01063142
12424,0.017100468
12425,0.020829676
12426,0.02031902
12427,0.00036750003
12428,0.0021168
12429,0.0041067
12430,0.0034992
12431,0.00072766875
12432,0.0007203
12433,0.007897519
12434,0.02028
12435,0.030051677
12436,0.029956805
12437,0.019853272
12438,0.0069540194
12439,0.00014191875
12440,0.0035643002
12441,0.014322677
12442,0.02527352
12443,0.030146703
12444,0.026910074
12445,0.017897418
12446,0.007970701
12447,0.0013668751
12448,0.00027000002
12449,0.004266169
12450,0.0110592
12451,0.017605519
12452,0.021226801
12453,0.020436302
12454,0.015526878
12455,0.008517676
12456,0.0024030753
12457,6.75e-07
12458,0.0026367188
12459,0.009345674
12460,0.0010443002
12461,0.010659676
12462,0.025535423
12463,0.033919223
12464,0.028366877
12465,0.01345142
12466,0.00012
12467,0.00057421875
12468,0.0074418755
12469,0.01893797
12470,0.028274704
12471,0.02990942
12472,0.023018703
12473,0.0118803
12474,0.0027504186
12475,7.921875e-05
12476,0.0044286754
12477,0.012792675
12478,0.02063252
12479,0.024239419
12480,0.022317769
12481,0.015939075
12482,0.008019675
12483,0.0018960749
12484,4.501875e-05
12485,0.0031365189
12486,0.009774076
12487,0.0010005188
12488,0.010184418
12489,0.0017214188
12490,0.015870001
12491,0.030960469
12492,0.030337198
12493,0.01455302
12494,0.0009661688
12495,0.0048960187
12496,0.024710702
12497,0.0444675
12498,0.04908608
12499,0.03638342
12500,0.0165675
12501,0.0025807687
12502,0.00074251875
12503,0.008619075
12504,0.019051202
12505,0.025623022
12506,0.025754703
12507,0.000516675
12508,0.0035154189
12509,0.008167501
12510,0.009747019
12511,0.0057546757
12512,0.00058080006
12513,0.0019804689
12514,0.012792675
12515,0.027225472
12516,0.035243273
12517,0.031201873
12518,0.018154802
12519,3.1687503e-06
12520,0.00097470003
12521,0.0031827001
12522,0.0063948
12523,0.010350918
12524,0.014224518
12525,0.0006697688
12526,0.005838076
12527,0.012916875
12528,0.014421168
12529,0.007970701
12530,0.00074251875
12531,0.0025668752
12532,0.001609669
12533,0.01826567
12534,0.040627204
12535,0.04902542
12536,0.036540303
12537,0.014454076
12538,0.00074251875
12539,0.004410469
12540,0.020163167
12541,0.035089202
12542,0.0015016687
12543,0.011088018
12544,0.023688298
12545,0.02777042
12546,0.01893797
12547,0.005346675
12548,0.00012607501
12549,0.009135076
12550,0.026196077
12551,0.03893402
12552,0.03893402
12553,0.027270675
12554,0.012000001
12555,0.0018135187
12556,0.000594075
12557,0.006682669
12558,0.015288919
12559,0.0217083
12560,0.023352304
12561,0.020163167
12562,0.013770919
12563,0.0067500006
12564,0.0015660189
12565,4.6875004e-05
12566,0.0028081688
12567,0.008875201
12568,0.01590452
12569,0.020908799
12570,0.02146688
12571,0.0171363
12572,0.009774076
12573,0.002910675
12574,1.875e-06
12575,0.002721769
12576,0.009909919
12577,0.01819172
12578,0.023562022
12579,0.023352304
12580,0.017787674
12581,0.0095052
12582,0.0024706689
12583,1.366875e-05
12584,0.0031827001
12585,0.0008667188
12586,0.0012192187
12587,0.015255077
12588,0.0023763
12589,0.020671874
12590,0.038772073
12591,0.0010179187
12592,0.003323269
12593,0.0025530187
12594,9.72e-05
12595,0.0027504186
12596,0.0137067195
12597,0.027000003
12598,0.032373678
12599,0.025099667
12600,3.7968755e-05
12601,0.00014851875
12602,0.001171875
12603,0.003796875
12604,0.0084672
12605,0.014257201
12606,0.018488418
12607,0.0183027
12608,0.012979201
12609,0.005346675
12610,0.00033166877
12611,0.0017786999
12612,0.0009661688
12613,0.011495419
12614,0.027816078
12615,0.03812768
12616,0.034782074
12617,0.02063252
12618,2.2687502e-06
12619,0.0010443002
12620,0.003402675
12621,0.0067050746
12622,0.00060076884
12623,0.0068629696
12624,0.0183027
12625,0.026730675
12626,0.024710702
12627,0.013356299
12628,0.0022446748
12629,0.0010354688
12630,0.011378269
12631,0.02606327
12632,0.0352947
12633,0.033667505
12634,0.023018703
12635,0.010129219
12636,0.0015768749
12637,0.00045630004
12638,0.0056306995
12639,0.013419676
12640,0.019891875
12641,0.0223587
12642,0.020202074
12643,0.014454076
12644,6.7500005e-05
12645,5.418751e-06
12646,1.8018749e-05
12647,3.7968755e-05
12648,0.0010710187
12649,0.0050310753
12650,0.01227152
12651,0.01962242
12652,0.021951076
12653,0.01695752
12654,0.0076081697
12655,0.0006984188
12656,0.000541875
12657,0.0083667
12658,0.021266721
12659,0.031105202
12660,0.031931717
12661,0.023688298
12662,8.416876e-05
12663,3.9675004e-05
12664,3.1687503e-06
12665,0.00017641878
12666,0.0016987688
12667,0.0061132684
12668,0.013198519
12669,0.019660803
12670,0.021147078
12671,0.015801076
12672,0.0068403
12673,0.000541875
12674,0.0005292
12675,0.008118075
12676,0.02071127
12677,0.030528301
12678,0.031590074
12679,0.023604074
12680,0.011701876
12681,0.0024570748
12682,0.00016216876
12683,0.0048577692
12684,0.013198519
12685,0.020671874
12686,0.023899518
12687,0.021748671
12688,0.015424669
12689,0.0077521694
12690,0.0018486752
12691,4.141875e-05
12692,0.0030300752
12693,0.009558675
12694,0.0168507
12695,0.02166797
12696,0.021789074
12697,0.0169932
12698,0.0094518745
12699,0.002693269
12700,1.6875e-07
12701,0.0028227004
12702,0.0099372
12703,0.018007502
12704,0.0010443002
12705,0.009266419
12706,0.02110727
12707,0.025930801
12708,0.018525677
12709,0.0056718756
12710,4.501875e-05
12711,0.00819227
12712,0.001956169
12713,0.019584075
12714,0.042243775
12715,0.05000042
12716,0.036540303
12717,1.9200002e-05
12718,0.0005482688
12719,0.0024570748
12720,0.0057546757
12721,0.01023977
12722,0.014818518
12723,0.017460467
12724,0.016251769
12725,0.00019891876
12726,0.00068401877
12727,0.0007650751
12728,9.72e-05
12729,0.00074251875
12730,0.0057339184
12731,0.01495217
12732,0.0012480749
12733,0.010801519
12734,0.021789074
12735,0.02223602
12736,0.011174701
12737,0.000826875
12738,0.003796875
12739,0.020358076
12740,0.038288273
12741,0.0442368
12742,0.034629017
12743,0.017064676
12744,0.0033075
12745,0.00035191872
12746,0.00727742
12747,0.01782422
12748,0.025404302
12749,0.02659652
12750,0.02182952
12751,0.013867501
12752,0.0061132684
12753,0.001098075
12754,0.0001728
12755,0.003291769
12756,0.0007129687
12757,0.0083667
12758,0.02150702
12759,0.031492803
12760,0.030960469
12761,0.020124301
12762,0.0068176687
12763,9.991875e-05
12764,0.0007803
12765,0.010462669
12766,0.0017442189
12767,0.017064676
12768,0.037382696
12769,0.045279678
12770,0.034070704
12771,0.013770919
12772,0.00079567503
12773,0.003933075
12774,0.018825075
12775,0.03351692
12776,0.038341872
12777,0.0316875
12778,0.018825075
12779,9.918751e-06
12780,7.2074996e-05
12781,0.00024796877
12782,0.0007726687
12783,0.0024030753
12784,0.00048601878
12785,0.0066379695
12786,0.01826567
12787,0.0013266751
12788,0.009774076
12789,0.0168507
12790,0.01345142
12791,0.0035479688
12792,0.000541875
12793,0.012030019
12794,0.031250272
12795,0.0020172002
12796,0.014918702
12797,0.028044922
12798,0.027045019
12799,0.012730801
12800,0.00073507504
12801,0.004876875
12802,0.023604074
12803,0.0024165187
12804,0.020358076
12805,0.040737674
12806,0.04366268
12807,0.02650727
12808,0.0059431694
12809,0.000648675
12810,0.01448702
12811,0.035191875
12812,0.04674827
12813,0.042131267
12814,0.02615177
12815,0.009639169
12816,0.000111168745
12817,0.0025947
12818,0.006242419
12819,0.009639169
12820,0.012332269
12821,0.014094169
12822,0.014322677
12823,0.012362699
12824,0.008217076
12825,0.0033075
12826,0.00017641878
12827,0.0013668751
12828,0.0074655185
12829,0.0161472
12830,0.023226922
12831,0.024796875
12832,0.01993052
12833,0.01114577
12834,0.0031059189
12835,1.51875e-06
12836,0.0033075
12837,0.011174701
12838,0.0195075
12839,0.024282077
12840,0.023268674
12841,0.01717217
12842,0.008849419
12843,0.0021802688
12844,0.0001728
12845,0.0033075
12846,0.009240076
12847,0.01569797
12848,0.020085467
12849,0.020436302
12850,0.00040516877
12851,0.0023896687
12852,0.004575675
12853,0.0038646753
12854,0.0008190188
12855,0.0007129687
12856,0.0080934195
12857,0.0015229688
12858,0.015492769
12859,0.033266705
12860,0.03775427
12861,0.024453074
12862,1.6875001e-05
12863,0.00041070004
12864,0.0059220744
12865,0.015939075
12866,0.025186522
12867,0.028136719
12868,0.022935674
12869,0.012761719
12870,0.0034186689
12871,9.075001e-06
12872,0.0038988001
12873,0.012454219
12874,0.020948421
12875,0.025143076
12876,0.023352304
12877,0.016638076
12878,0.0082917195
12879,0.0018960749
12880,6.3075e-05
12881,0.0033390748
12882,0.010129219
12883,0.0174243
12884,0.021951076
12885,0.00073507504
12886,0.00062791875
12887,0.0071842694
12888,0.013867501
12889,0.00027000002
12890,4.2187503e-06
12891,0.000195075
12892,0.00033667503
12893,0.0059643
12894,0.0013567688
12895,0.01357877
12896,0.02740652
12897,0.0008347687
12898,0.0029551692
12899,0.002296875
12900,7.680001e-05
12901,0.0027075
12902,0.0013167186
12903,0.015120075
12904,0.033316668
12905,0.0382347
12906,0.025056303
12907,0.0065712007
12908,0.0002523
12909,0.011910169
12910,0.03178508
12911,0.04464092
12912,0.042131267
12913,0.027451878
12914,0.010858519
12915,9.187501e-05
12916,0.0024165187
12917,0.0059431694
12918,0.0005104688
12919,0.0057339184
12920,0.01590452
12921,0.025317073
12922,0.027180301
12923,0.019584075
12924,0.007824676
12925,0.00042187504
12926,0.0026086688
12927,0.012854701
12928,0.02449592
12929,0.030624077
12930,0.02822867
12931,0.019278677
12932,0.00874667
12933,0.0015552
12934,0.00026107504
12935,0.0044652
12936,0.011613169
12937,0.0183027
12938,0.021789074
12939,0.02063252
12940,0.015424669
12941,0.0082917195
12942,0.0022576689
12943,4.2187503e-06
12944,0.0027075
12945,0.009372169
12946,0.017064676
12947,0.022317769
12948,0.022522798
12949,0.017532919
12950,0.009666075
12951,0.002679075
12952,1.875e-06
12953,0.002970075
12954,0.0008667188
12955,0.01001927
12956,0.024753772
12957,0.0348843
12958,0.032868303
12959,0.02031902
12960,0.0062640756
12961,1.9200002e-05
12962,0.0046127997
12963,0.015835522
12964,0.02615177
12965,0.029862074
12966,0.02579867
12967,0.016708802
12968,0.007254075
12969,0.0011907001
12970,0.00028366878
12971,0.0040891687
12972,0.00078796875
12973,0.0010890188
12974,0.0017214188
12975,0.0024030753
12976,0.025404302
12977,0.04854152
12978,0.045864303
12979,0.02110727
12980,0.0013067999
12981,0.0067725196
12982,0.03232442
12983,0.05527667
12984,0.057553202
12985,0.03958517
12986,0.015973669
12987,0.0016539188
12988,0.0016650752
12989,0.011001674
12990,0.021147078
12991,0.02606327
12992,0.024538804
12993,0.018600302
12994,0.011203669
12995,0.004800675
12996,0.0008667188
12997,0.00013867502
12998,0.002736075
12999,0.007970701
13000,0.014191875
13001,0.019051202
13002,0.00075000006
13003,0.0059643
13004,0.0129480185
13005,0.014289919
13006,0.0078004682
13007,0.0006912
13008,0.0026367188
13009,0.001609669
13010,0.01819172
13011,0.04046177
13012,0.04890422
13013,0.03648797
13014,0.014454076
13015,0.00074251875
13016,0.0043923
13017,0.0018486752
13018,0.019089017
13019,0.002693269
13020,0.02364617
13021,0.046807505
13022,0.04926827
13023,0.029156419
13024,0.0061776754
13025,0.000924075
13026,0.01495217
13027,0.03483317
13028,0.0019926752
13029,0.0016650752
13030,0.018081075
13031,0.035811074
13032,0.035089202
13033,0.01688627
13034,0.0011907001
13035,0.0052470188
13036,0.026775472
13037,0.0027075
13038,0.002443519
13039,0.0028518748
13040,0.0273612
13041,0.0024030753
13042,0.013041675
13043,0.014885269
13044,0.0052271998
13045,0.00024796877
13046,0.0125460755
13047,0.03468
13048,0.047044802
13049,0.038718175
13050,0.017496677
13051,0.0016650752
13052,0.0030906748
13053,0.018637668
13054,0.0352947
13055,0.041459423
13056,0.03457808
13057,0.02039717
13058,0.007254075
13059,0.0005611687
13060,0.0011071688
13061,0.0063948
13062,0.0129480185
13063,0.017934076
13064,0.019737678
13065,0.0005547001
13066,0.004302019
13067,0.00985547
13068,0.01143677
13069,5.8800008e-05
13070,2.8518753e-05
13071,0.0012001687
13072,0.005548801
13073,0.013135669
13074,0.02039717
13075,0.0223587
13076,0.01688627
13077,0.007347675
13078,0.000594075
13079,0.0018486752
13080,0.010887076
13081,0.022317769
13082,0.0293907
13083,0.028366877
13084,0.02024102
13085,6.526876e-05
13086,2.8518753e-05
13087,1.2000002e-06
13088,0.000180075
13089,0.0016875002
13090,0.006027919
13091,0.013072968
13092,0.01954577
13093,0.021067498
13094,0.015801076
13095,0.0068856752
13096,0.0005547001
13097,0.001767169
13098,0.0010710187
13099,0.01257677
13100,0.02990942
13101,0.0401868
13102,0.035914797
13103,0.02071127
13104,0.005569219
13105,1.2675001e-05
13106,0.0058171684
13107,0.0174243
13108,0.027000003
13109,0.02953172
13110,0.024624676
13111,0.015526878
13112,0.0065712007
13113,0.001026675
13114,0.00029767503
13115,0.0039159185
13116,0.010101676
13117,0.01632167
13118,0.020163167
13119,0.019969199
13120,0.015663674
13121,0.00890102
13122,1.6875e-07
13123,0.0003888
13124,0.0016206751
13125,0.0041949186
13126,0.008442019
13127,0.0136107
13128,0.01738817
13129,0.017244019
13130,0.01239317
13131,0.0052271998
13132,0.00036226877
13133,0.00045046877
13134,0.007068676
13135,0.018562969
13136,0.02822867
13137,0.030194271
13138,0.000541875
13139,0.0027504186
13140,0.0049729687
13141,0.004071675
13142,0.0008190188
13143,0.00036750003
13144,0.0071842694
13145,0.02031902
13146,0.031250272
13147,0.0010531688
13148,0.0063074995
13149,0.010773076
13150,0.008492419
13151,0.0020049186
13152,0.0007056751
13153,0.0013467001
13154,0.016744219
13155,0.038288273
13156,0.047163676
13157,0.035914797
13158,3.3075e-05
13159,8.416876e-05
13160,0.001459519
13161,0.0049152006
13162,0.010350918
13163,0.0161472
13164,0.01954577
13165,0.018154802
13166,0.012150469
13167,0.004594219
13168,0.00017641878
13169,0.002054269
13170,0.009801169
13171,0.019431077
13172,0.025842678
13173,0.025666876
13174,0.0192027
13175,0.0098826755
13176,0.0023629686
13177,0.00019891876
13178,0.00048601878
13179,0.006416719
13180,0.0168507
13181,0.026019074
13182,0.028551675
13183,0.022852799
13184,0.0124236755
13185,0.0031981687
13186,2.2968752e-05
13187,0.0040368
13188,0.0010092
13189,0.0110592
13190,0.026641203
13191,0.036645077
13192,0.033768076
13193,0.02028
13194,0.0059431694
13195,1.51875e-06
13196,0.0050310753
13197,0.016356675
13198,0.026373675
13199,0.0011439187
13200,0.009135076
13201,0.020475468
13202,0.025056303
13203,0.0178608
13204,0.0054472685
13205,0.0004162688
13206,0.0083667
13207,0.021951076
13208,0.001609669
13209,0.0136746755
13210,0.02896967
13211,0.033117022
13212,0.021789074
13213,0.0057546757
13214,0.00023101876
13215,0.010773076
13216,0.029203203
13217,0.041794673
13218,0.040296674
13219,0.027090078
13220,0.011232675
13221,0.0014179689
13222,0.0008427
13223,0.0071842694
13224,0.015492769
13225,0.02134667
13226,0.0008347687
13227,0.0070227003
13228,0.016708802
13229,0.021587418
13230,0.0162867
13231,0.0054675005
13232,3.6750005e-06
13233,0.0067725196
13234,0.02223602
13235,0.001884169
13236,0.0160083
13237,0.033166878
13238,0.0013167186
13239,0.0067275185
13240,0.008849419
13241,0.0042304685
13242,6.7687497e-06
13243,0.0056306995
13244,0.02110727
13245,0.03565577
13246,0.03764792
13247,0.025623022
13248,0.00910892
13249,0.0002187
13250,0.00091576885
13251,0.012120301
13252,0.0019320189
13253,0.018414019
13254,0.039694224
13255,0.04734227
13256,0.03503792
13257,0.013770919
13258,0.000676875
13259,0.0010890188
13260,0.01448702
13261,0.032967675
13262,0.04292192
13263,0.03850292
13264,0.024239419
13265,0.009240076
13266,0.00089107506
13267,0.001062075
13268,0.007068676
13269,0.01452
13270,0.0009408001
13271,0.008875201
13272,0.0015336752
13273,0.01455302
13274,0.028783517
13275,0.028551675
13276,0.013899769
13277,0.00023101876
13278,0.007091719
13279,0.019969199
13280,0.0015987
13281,0.013803075
13282,0.02934377
13283,0.03356708
13284,0.022032302
13285,0.0058171684
13286,0.00023520003
13287,0.010858519
13288,0.029437672
13289,0.04201892
13290,0.04046177
13291,0.027090078
13292,0.011203669
13293,7.441876e-05
13294,0.00028366878
13295,0.0034347004
13296,0.0089527685
13297,0.014918702
13298,0.019126875
13299,0.019660803
13300,0.0160083
13301,0.0094518745
13302,0.0030300752
13303,0.00012301876
13304,0.0027936753
13305,0.0006627
13306,0.007970701
13307,0.020750703
13308,0.0015336752
13309,0.012362699
13310,0.024196802
13311,0.024111675
13312,0.011790919
13313,0.00078796875
13314,0.004212675
13315,0.021627676
13316,0.039858073
13317,0.045279678
13318,0.03483317
13319,0.000108299995
13320,1.8018749e-05
13321,6.075e-06
13322,0.00032176875
13323,0.0020172002
13324,0.0063948
13325,0.013135669
13326,0.01916477
13327,0.02039717
13328,0.015221271
13329,0.006593419
13330,0.00052291877
13331,0.0017327999
13332,0.010212075
13333,0.021186918
13334,0.0013067999
13335,0.011116875
13336,0.0243675
13337,0.028876523
13338,0.0198147
13339,0.0056718756
13340,0.000111168745
13341,0.009292801
13342,0.0020418752
13343,0.020085467
13344,0.042978678
13345,0.05061467
13346,0.036802523
13347,0.0139968
13348,0.000567675
13349,0.001171875
13350,0.015221271
13351,0.0342732
13352,0.04417922
13353,0.039204676
13354,0.024239419
13355,0.00900467
13356,0.0007803
13357,0.0011907001
13358,0.0073008006
13359,0.014619171
13360,0.019699218
13361,0.020869218
13362,0.01819172
13363,0.012885769
13364,0.0067275185
13365,0.0018018751
13366,6.075e-06
13367,0.0023496752
13368,0.008316676
13369,0.015629418
13370,0.021147078
13371,0.022113675
13372,0.01782422
13373,0.010212075
13374,0.0030300752
13375,1.875e-06
13376,0.0028081688
13377,0.010184418
13378,0.018562969
13379,0.023814918
13380,0.023478018
13381,0.017714702
13382,0.009372169
13383,0.0024030753
13384,1.9200002e-05
13385,0.0032292188
13386,0.0008586751
13387,0.00985547
13388,0.024453074
13389,0.03452717
13390,0.032670002
13391,0.00028366878
13392,0.000594075
13393,9.918751e-06
13394,1.366875e-05
13395,0.000826875
13396,0.004483519
13397,0.00089107506
13398,0.01023977
13399,0.023984272
13400,0.0293907
13401,0.020750703
13402,0.0062208
13403,5.671875e-05
13404,0.00900467
13405,0.026730675
13406,0.0401868
13407,0.040296674
13408,0.028136719
13409,0.01227152
13410,0.0017902686
13411,0.0006627
13412,0.006999769
13413,0.001062075
13414,0.010801519
13415,0.02579867
13416,0.03560408
13417,0.032967675
13418,0.019969199
13419,0.0059643
13420,5.418751e-06
13421,0.0008427
13422,0.0013266751
13423,0.015766669
13424,0.036122702
13425,0.0020049186
13426,0.014289919
13427,0.026775472
13428,0.02579867
13429,0.012150469
13430,0.0006912
13431,0.0047439192
13432,0.023018703
13433,0.041403674
13434,0.046158023
13435,0.034782074
13436,0.01632167
13437,0.0027936753
13438,0.0005547001
13439,0.007873201
13440,0.01819172
13441,0.025143076
13442,0.025886716
13443,0.021027772
13444,0.013324669
13445,0.0059010186
13446,0.001098075
13447,0.00015187502
13448,0.0031365189
13449,0.008926875
13450,0.0153906755
13451,0.01993052
13452,0.020475468
13453,0.01653227
13454,0.009612301
13455,0.002970075
13456,9.075001e-06
13457,0.002511675
13458,0.00085066876
13459,0.01001927
13460,0.024840022
13461,0.0016650752
13462,0.012885769
13463,0.0248832
13464,0.024538804
13465,5.8800008e-05
13466,0.0002523
13467,0.002511675
13468,0.007970701
13469,0.015492769
13470,0.021306677
13471,0.02134667
13472,0.01495217
13473,0.0059220744
13474,0.0003024188
13475,0.0021675
13476,0.01083
13477,0.02134667
13478,0.027816078
13479,0.026865171
13480,0.019392917
13481,0.0095052
13482,0.0020418752
13483,0.0002187
13484,0.0038646753
13485,0.0103788
13486,0.016921874
13487,0.020869218
13488,0.020514676
13489,0.015870001
13490,9.991875e-05
13491,0.00019891876
13492,0.000165675
13493,2.5668753e-05
13494,0.0012001687
13495,0.005589675
13496,0.01323
13497,0.020514676
13498,0.000826875
13499,0.005569219
13500,0.0098826755
13501,0.007995169
13502,0.001956169
13503,0.00063480006
13504,0.01001927
13505,0.025886716
13506,0.03690767
13507,0.034782074
13508,0.021306677
13509,0.0064606695
13510,1.08e-05
13511,0.0049729687
13512,0.016602768
13513,0.02695502
13514,0.030337198
13515,0.025754703
13516,0.016461918
13517,0.006999769
13518,0.0010890188
13519,0.00022276877
13520,0.00363
13521,0.009747019
13522,0.0161472
13523,0.0008992688
13524,0.00819227
13525,0.0192027
13526,0.0009918751
13527,0.0057546757
13528,0.007848919
13529,0.0038307
13530,4.2187503e-06
13531,0.0009918751
13532,0.014191875
13533,0.0023232002
13534,0.0022446748
13535,0.021789074
13536,0.037807498
13537,0.030337198
13538,5.418751e-06
13539,0.003151875
13540,0.012000001
13541,0.022522798
13542,0.028274704
13543,0.025317073
13544,0.0153906755
13545,0.004781719
13546,1.6875001e-05
13547,0.0006697688
13548,0.0090306755
13549,0.022195203
13550,0.03183392
13551,0.0010890188
13552,0.0074655185
13553,0.015153769
13554,0.015939075
13555,0.0082668
13556,0.0006142687
13557,0.0030906748
13558,0.01702892
13559,0.033166878
13560,0.0016206751
13561,0.011554221
13562,0.022195203
13563,0.021991668
13564,0.0107163
13565,0.000195075
13566,0.006091875
13567,0.01767827
13568,0.028182674
13569,0.031056916
13570,0.024624676
13571,0.013041675
13572,0.003151875
13573,5.8800008e-05
13574,0.0045571686
13575,0.013356299
13576,0.02146688
13577,0.025056303
13578,0.022728767
13579,0.015939075
13580,0.007824676
13581,0.0017556751
13582,6.976875e-05
13583,0.0032604188
13584,0.00985547
13585,0.01702892
13586,0.021587418
13587,0.02150702
13588,0.016708802
13589,0.009266419
13590,0.0026226752
13591,3.0000004e-07
13592,0.0027936753
13593,0.009828299
13594,0.0178608
13595,0.02306027
13596,0.02297717
13597,0.017605519
13598,0.00947852
13599,0.002525419
13600,8.26875e-06
13601,0.00050430006
13602,0.0069768755
13603,0.018117918
13604,0.027497267
13605,0.02953172
13606,0.023101876
13607,0.012150469
13608,0.0029403002
13609,5.4675e-05
13610,0.004302019
13611,0.012730801
13612,0.020750703
13613,0.02449592
13614,0.02256392
13615,0.016112419
13616,0.008068801
13617,0.001884169
13618,5.0700004e-05
13619,0.0031827001
13620,0.0098826755
13621,0.01717217
13622,0.02182952
13623,0.021748671
13624,0.00039421872
13625,0.0022446748
13626,0.004284075
13627,0.00363
13628,0.00075000006
13629,0.00073507504
13630,0.007995169
13631,0.020514676
13632,0.0015016687
13633,0.012180676
13634,0.0238572
13635,0.023814918
13636,0.011672269
13637,0.00078796875
13638,0.004159519
13639,0.02142677
13640,0.039639678
13641,0.04510502
13642,0.0007726687
13643,0.0034668753
13644,0.0058590192
13645,0.004575675
13646,2.0418749e-05
13647,0.0018486752
13648,0.0077280756
13649,0.001098075
13650,0.011466076
13651,0.025930801
13652,0.030960469
13653,0.00034680005
13654,0.00048601878
13655,5.266875e-05
13656,0.0007056751
13657,0.0006142687
13658,0.008823675
13659,0.0016762686
13660,0.015870001
13661,0.031105202
13662,0.03048047
13663,0.014685469
13664,0.0009918751
13665,0.004876875
13666,0.024753772
13667,0.04458308
13668,0.049207505
13669,0.03648797
13670,0.016602768
13671,0.0025807687
13672,0.000516675
13673,0.000924075
13674,0.010687969
13675,0.025012968
13676,0.034374677
13677,0.033266705
13678,0.023143517
13679,5.266875e-05
13680,1.51875e-06
13681,2.0418749e-05
13682,0.00034171878
13683,0.001956169
13684,0.006156169
13685,0.012730801
13686,0.018787522
13687,0.020202074
13688,0.015221271
13689,0.0067050746
13690,0.000567675
13691,0.0016539188
13692,0.0010443002
13693,0.012362699
13694,0.02953172
13695,0.039858073
13696,0.03575927
13697,0.00024367501
13698,0.00036226877
13699,0.0002523
13700,5.418751e-06
13701,0.001296919
13702,0.0062640756
13703,0.01452
13704,0.021910518
13705,0.023268674
13706,0.01695752
13707,0.0070227003
13708,0.00011701877
13709,0.003291769
13710,0.009558675
13711,0.0009408001
13712,0.009720001
13713,0.023688298
13714,0.032029673
13715,0.02740652
13716,0.01338797
13717,0.0016762686
13718,0.001767169
13719,0.013515019
13720,0.028274704
13721,0.036174774
13722,0.00097470003
13723,0.0062640756
13724,0.012885769
13725,0.013835271
13726,0.007347675
13727,0.000567675
13728,0.0027936753
13729,0.015766669
13730,0.031298704
13731,0.038341872
13732,0.0320787
13733,0.0174243
13734,0.0042483
13735,6.976875e-05
13736,0.0057546757
13737,0.0012384187
13738,0.0015123001
13739,0.018117918
13740,0.002664919
13741,0.02256392
13742,0.0417387
13743,0.03893402
13744,0.01767827
13745,0.000957675
13746,0.006416719
13747,0.029720267
13748,0.0027936753
13749,0.022522798
13750,0.04417922
13751,0.046452675
13752,0.027542701
13753,0.0058800005
13754,0.0008829187
13755,0.014322677
13756,0.03356708
13757,0.04417922
13758,0.039803423
13759,0.025012968
13760,0.00947852
13761,0.0008748
13762,0.0011531999
13763,0.007371168
13764,0.014918702
13765,0.0009408001
13766,0.0010531688
13767,0.013356299
13768,0.030432679
13769,0.035914797
13770,0.024154218
13771,8.26875e-06
13772,0.0022188004
13773,0.007873201
13774,0.014985676
13775,0.0009918751
13776,0.009161269
13777,0.02110727
13778,0.02606327
13779,0.018675078
13780,0.0057546757
13781,0.00042187504
13782,0.00854297
13783,0.0223587
13784,0.032818668
13785,0.0334668
13786,0.02449592
13787,0.011672269
13788,0.0022317187
13789,0.00026107504
13790,0.005346675
13791,0.013738802
13792,0.020908799
13793,0.02364617
13794,0.021226801
13795,0.01495217
13796,0.0074655185
13797,0.0017786999
13798,4.141875e-05
13799,0.0029551692
13800,0.009345674
13801,0.0165675
13802,0.02146688
13803,0.0217083
13804,0.017064676
13805,0.009558675
13806,0.0027504186
13807,0.0
13808,0.0027936753
13809,0.0099372
13810,0.018081075
13811,0.02331047
13812,0.023143517
13813,0.000399675
13814,0.0022059188
13815,0.0041949186
13816,0.0035316749
13817,0.0007203
13818,0.00034171878
13819,0.0067950753
13820,0.019469272
13821,0.030289521
13822,0.031153522
13823,0.021186918
13824,0.007656019
13825,0.000210675
13826,0.0035154189
13827,0.014619171
13828,0.02606327
13829,0.031056916
13830,0.027542701
13831,0.018154802
13832,0.007921875
13833,0.001287075
13834,0.000316875
13835,0.0044286754
13836,0.011232675
13837,0.017641876
13838,0.02110727
13839,0.02024102
13840,0.0153228
13841,0.00839177
13842,0.0023763
13843,4.6875e-07
13844,0.0025947
13845,0.009266419
13846,0.017100468
13847,0.0010354688
13848,0.009266419
13849,0.021186918
13850,0.026019074
13851,0.018600302
13852,0.0056925192
13853,4.501875e-05
13854,0.008217076
13855,0.024969677
13856,0.03818117
13857,0.039042167
13858,0.027907502
13859,0.0126075
13860,0.0020295188
13861,0.000516675
13862,0.006615675
13863,0.001062075
13864,0.0109443
13865,0.02615177
13866,0.0016650752
13867,0.012761719
13868,0.024624676
13869,0.024239419
13870,0.011731519
13871,0.00074251875
13872,0.004338019
13873,0.002104219
13874,0.022317769
13875,0.047700472
13876,0.055405524
13877,0.03947627
13878,0.01448702
13879,0.00045630004
13880,0.0056925192
13881,0.022770077
13882,0.03743567
13883,0.0401868
13884,0.031250272
13885,0.01731602
13886,0.0056925192
13887,0.00032669998
13888,0.0011439187
13889,0.000567675
13890,0.006660301
13891,0.017064676
13892,0.02606327
13893,0.028366877
13894,0.000541875
13895,0.002895919
13896,0.0052271998
13897,0.004284075
13898,0.0008829187
13899,0.0007650751
13900,0.008517676
13901,0.021627676
13902,0.031492803
13903,0.0009832687
13904,0.0057546757
13905,0.00985547
13906,0.0078004682
13907,1.6875001e-05
13908,0.0020667
13909,0.008442019
13910,0.017460467
13911,0.024154218
13912,0.023772677
13913,0.016112419
13914,0.005985469
13915,0.00020280002
13916,0.0026508
13917,0.011910169
13918,0.022399671
13919,0.028274704
13920,0.02659652
13921,0.01875
13922,0.008978699
13923,0.0018252002
13924,0.00014851875
13925,0.0040368
13926,0.0008586751
13927,0.001171875
13928,0.014818518
13929,0.03457808
13930,0.04360547
13931,0.034070704
13932,0.01452
13933,0.0010800001
13934,0.0033867192
13935,0.017970769
13936,0.0019440751
13937,0.017280001
13938,0.0023896687
13939,0.02031902
13940,0.002142075
13941,0.01415927
13942,0.020124301
13943,0.011554221
13944,0.00078796875
13945,0.0050116694
13946,0.002443519
13947,0.025143076
13948,0.050923202
13949,0.053869225
13950,0.031882804
13951,0.0067725196
13952,0.000924075
13953,0.01738817
13954,0.04046177
13955,0.0516675
13956,0.044525273
13957,0.0261075
13958,0.008721075
13959,0.00015187502
13960,0.0030603004
13961,0.007091719
13962,0.010490701
13963,0.012854701
13964,0.014094169
13965,0.00048
13966,0.0041949186
13967,0.0098826755
13968,0.011613169
13969,0.0067500006
13970,0.0007056751
13971,0.0021168
13972,0.013770919
13973,0.028923076
13974,0.03690767
13975,0.0320787
13976,0.01819172
13977,0.0048196693
13978,1.6875001e-05
13979,0.005326669
13980,0.0012577688
13981,0.013104301
13982,0.0020667
13983,0.01931672
13984,0.039639678
13985,0.0015016687
13986,0.0006627
13987,0.0046687694
13988,0.00014191875
13989,3.3075e-05
13990,0.0007575188
13991,0.00068401877
13992,0.0012001687
13993,0.0016987688
13994,0.01731602
13995,0.030768022
13996,0.0005292
13997,0.0006912
13998,1.51875e-06
13999,0.002104219
14000,0.0100467
14001,0.020829676
14002,0.026641203
14003,0.022317769
14004,0.01083
14005,0.0013266751
14006,0.0015660189
14007,0.01185047
14008,0.02527352
14009,0.033216767
14010,0.03134717
14011,0.02146688
14012,0.009585468
14013,0.0015877689
14014,0.00036226877
14015,0.005128669
14016,0.012669076
14017,0.019278677
14018,0.02215442
14019,0.00063480006
14020,0.004725075
14021,0.010546875
14022,0.012030019
14023,5.8800008e-05
14024,5.266875e-05
14025,0.0013668751
14026,0.0058590192
14027,0.013419676
14028,0.020475468
14029,0.02215442
14030,0.0165675
14031,0.0071147997
14032,0.0005482688
14033,0.001884169
14034,0.010858519
14035,0.02215442
14036,0.029156419
14037,0.028136719
14038,0.020163167
14039,6.526876e-05
14040,3.1518754e-05
14041,2.2687502e-06
14042,0.0001728
14043,0.0016650752
14044,0.006027919
14045,0.013072968
14046,0.019584075
14047,0.02110727
14048,0.00033667503
14049,0.0012384187
14050,4.501875e-05
14051,1.366875e-05
14052,0.00010546876
14053,0.0028812
14054,0.010575019
14055,0.020124301
14056,0.024796875
14057,0.020358076
14058,0.009720001
14059,0.0011254689
14060,0.0015660189
14061,0.0113490755
14062,0.024154218
14063,0.031980675
14064,0.030528301
14065,0.021266721
14066,5.4675e-05
14067,7.500001e-08
14068,3.1687503e-06
14069,0.0002187
14070,0.0016762686
14071,0.0005292
14072,0.007418269
14073,0.02000792
14074,0.028923076
14075,0.026284803
14076,0.013867501
14077,0.0021930751
14078,0.0012192187
14079,0.012150469
14080,0.027135167
14081,0.036070667
14082,0.033818424
14083,0.022728767
14084,0.009747019
14085,0.0014282999
14086,0.00032176875
14087,0.000621075
14088,0.0077280756
14089,0.019392917
14090,0.0014386689
14091,0.0125460755
14092,0.027090078
14093,0.031492803
14094,0.02110727
14095,0.005775469
14096,0.00016921875
14097,0.010129219
14098,0.02822867
14099,0.04101452
14100,0.04007708
14101,0.02731592
14102,0.011554221
14103,0.0015444189
14104,0.00040516877
14105,0.0059431694
14106,0.0010179187
14107,0.01063142
14108,0.025623022
14109,0.035500806
14110,0.032967675
14111,0.020046677
14112,0.006027919
14113,7.5e-06
14114,0.004781719
14115,0.015939075
14116,0.0261075
14117,0.02962592
14118,0.0007056751
14119,0.0047062687
14120,0.010295269
14121,0.0116427
14122,0.0065047685
14123,0.00058080006
14124,0.0023496752
14125,0.0014700001
14126,0.016921874
14127,0.03818117
14128,0.046807505
14129,0.00073507504
14130,0.0023364185
14131,0.0025668752
14132,0.0007129687
14133,0.0004162688
14134,0.006199219
14135,0.0175692
14136,0.027724799
14137,0.029156419
14138,0.02039717
14139,9.918751e-06
14140,0.00032669998
14141,0.0016428002
14142,0.0044286754
14143,0.00060076884
14144,0.0073242188
14145,0.019431077
14146,0.0013467001
14147,0.0010179187
14148,0.0091875
14149,0.014029221
14150,0.008241919
14151,0.0004740187
14152,0.0044652
14153,0.022032302
14154,0.04002227
14155,0.043491174
14156,0.000516675
14157,0.0013467001
14158,0.0013467001
14159,0.00022276877
14160,0.0007203
14161,0.0062640756
14162,0.01632167
14163,0.025317073
14164,0.00093241886
14165,0.0059431694
14166,0.010350918
14167,0.0082668
14168,0.0019926752
14169,0.0006697688
14170,0.010295269
14171,0.026329216
14172,0.03732977
14173,0.03493547
14174,0.021306677
14175,0.0063510756
14176,6.075e-06
14177,0.00507
14178,0.016708802
14179,0.027000003
14180,0.030241875
14181,0.0006984188
14182,0.004575675
14183,0.0100467
14184,0.00040516877
14185,0.0016206751
14186,0.0011346751
14187,2.2687502e-06
14188,0.0031212
14189,0.01282367
14190,0.024282077
14191,0.028923076
14192,0.00050430006
14193,0.0018604689
14194,0.0021547687
14195,0.0006075001
14196,0.00040516877
14197,0.0059010186
14198,0.01681517
14199,0.026820298
14200,0.028551675
14201,0.02028
14202,0.007897519
14203,0.00036226877
14204,0.0028518748
14205,0.013419676
14206,0.025099667
14207,0.030912302
14208,0.028090801
14209,0.01893797
14210,4.32e-05
14211,3.1687503e-06
14212,9.075001e-06
14213,0.00028366878
14214,0.0002187
14215,0.000567675
14216,0.008695519
14217,0.022935674
14218,0.032275204
14219,0.028320769
14220,0.014289919
14221,0.0019683002
14222,0.0015987
14223,0.001491075
14224,0.01688627
14225,0.038074218
14226,0.0482403
14227,0.0010092
14228,0.0048196693
14229,0.00794627
14230,0.000111168745
14231,2.8518753e-05
14232,0.0004162688
14233,0.003796875
14234,0.011378269
14235,0.019969199
14236,0.023562022
14237,0.018787522
14238,0.008721075
14239,0.00091576885
14240,0.0016317187
14241,0.0110592
14242,0.02331047
14243,0.030912302
14244,0.00094921875
14245,0.0064827004
14246,0.01345142
14247,0.014421168
14248,0.007656019
14249,0.0006075001
14250,0.0028372689
14251,0.016042968
14252,0.03178508
14253,0.038826022
14254,0.0008190188
14255,0.004141875
14256,0.0070456685
14257,0.005548801
14258,0.0011625189
14259,0.00081120007
14260,0.009398701
14261,0.023562022
14262,0.001609669
14263,0.01269992
14264,0.02458172
14265,0.024324771
14266,0.011820677
14267,0.000210675
14268,0.0064606695
14269,0.018562969
14270,0.029203203
14271,0.0316875
14272,0.024753772
14273,0.012854701
14274,0.002970075
14275,8.9268746e-05
14276,0.0047439192
14277,0.0010354688
14278,0.0013467001
14279,0.0164268
14280,0.037594803
14281,0.046452675
14282,0.03544922
14283,0.014586076
14284,0.00091576885
14285,0.0038817194
14286,0.019089017
14287,0.03417188
14288,0.039150473
14289,0.032275204
14290,0.019013418
14291,0.0068629696
14292,0.00058080006
14293,0.0009408001
14294,0.00060076884
14295,0.007137919
14296,0.01804427
14297,0.027135167
14298,0.0290163
14299,0.022687502
14300,0.01197002
14301,0.002910675
14302,4.876875e-05
14303,0.0041949186
14304,0.0125460755
14305,0.020553922
14306,0.024410272
14307,0.022605078
14308,0.01618202
14309,6.7500005e-05
14310,3.1687503e-06
14311,7.5e-06
14312,6.526876e-05
14313,0.0011812687
14314,0.0051679686
14315,0.012301876
14316,0.019431077
14317,0.02166797
14318,0.00036750003
14319,0.0013974188
14320,0.0016539188
14321,0.0004162688
14322,0.00048
14323,0.005775469
14324,0.0161472
14325,0.025754703
14326,0.027588172
14327,0.019776167
14328,0.007848919
14329,0.00040516877
14330,0.002679075
14331,0.013041675
14332,0.024667667
14333,0.03072
14334,0.028182674
14335,0.01916477
14336,0.00867
14337,0.0015229688
14338,0.00026551876
14339,0.0044652
14340,0.011583676
14341,0.01826567
14342,0.0217083
14343,0.0205932
14344,0.0153906755
14345,0.0082917195
14346,0.0022576689
14347,3.6750005e-06
14348,0.002693269
14349,0.0008034188
14350,0.0094518745
14351,0.0016987688
14352,0.016779674
14353,0.035500806
14354,0.0397488
14355,0.02527352
14356,0.0062640756
14357,0.00037276876
14358,0.01269992
14359,0.03276908
14360,0.045163207
14361,0.041962802
14362,0.00042751874
14363,0.0015229688
14364,0.002736075
14365,0.0022188004
14366,0.00033166877
14367,0.000924075
14368,0.0075842994
14369,0.01875
14370,0.027724799
14371,0.027953267
14372,0.0189003
14373,0.0068856752
14374,0.00019891876
14375,0.003167269
14376,0.0134832
14377,0.024453074
14378,0.029814772
14379,0.027090078
14380,0.018376876
14381,0.008341669
14382,0.0015016687
14383,0.00023520003
14384,0.0042483
14385,0.011203669
14386,0.017897418
14387,0.021547202
14388,0.020671874
14389,0.0155952005
14390,0.0084672
14391,0.0023496752
14392,1.875e-06
14393,0.002693269
14394,0.009398701
14395,0.017208075
14396,0.02248172
14397,0.022687502
14398,0.017605519
14399,0.00010267501
14400,0.000180075
