step,reward
1,-8.409999e-06
2,0.0006100654
3,-0.00011196545
4,-0.00033709843
5,0.0007297661
6,0.0033507636
7,0.0071595167
8,0.011545986
9,0.008019927
10,0.0002503033
11,-0.0010318178
12,0.0022907152
13,0.006315692
14,0.0045247464
15,0.008934541
16,0.005183717
17,0.0007621226
18,-0.0007876534
19,0.0003191498
20,0.0025274407
21,0.0046539423
22,0.00333037
23,0.000588826
24,0.00045136255
25,0.00019379337
26,0.0012139112
27,0.00056548626
28,-0.00055034744
29,0.0016704339
30,0.005880165
31,0.008075326
32,0.0058925403
33,0.0017740672
34,0.0016974707
35,0.003682822
36,0.0037331218
37,-0.00028078235
38,0.0041612727
39,0.009749974
40,0.011005709
41,0.01294692
42,0.007398737
43,0.00017752533
44,0.00168988
45,0.0014099996
46,-0.00056039006
47,0.005681399
48,0.01133926
49,0.01721423
50,0.020350823
51,0.012740181
52,0.006198821
53,-0.00042261812
54,0.0020786948
55,-0.00047047858
56,0.0041881213
57,0.010079663
58,0.010619473
59,0.006973648
60,0.0054732515
61,0.0033125957
62,0.0054074796
63,0.003450338
64,-0.0009295099
65,0.00404078
66,0.007607174
67,0.010669502
68,0.0067921444
69,0.0007935042
70,0.002949444
71,0.0030965488
72,0.0014002614
73,1.9463943e-05
74,0.004047623
75,0.0075193723
76,0.005998916
77,0.0029348552
78,0.002065216
79,0.0040129884
80,0.00508976
81,0.0032883035
82,-0.0009175546
83,0.0041191573
84,0.0077746385
85,0.007125415
86,0.005480345
87,0.00084841537
88,-0.00015650637
89,0.0015920196
90,0.0013592311
91,-0.00030748965
92,0.0045924084
93,0.010109879
94,0.0103679905
95,0.007671473
96,0.00056914083
97,0.0041155936
98,0.004383159
99,0.002282214
100,-0.0006551023
101,0.0039073145
102,0.006463826
103,0.006538131
104,0.0038079296
105,0.00045767514
106,0.003950872
107,0.004480604
108,0.0034160442
109,-0.0009765625
110,0.0043589766
111,0.009376757
112,0.012407479
113,0.0069072577
114,0.0022736392
115,0.0072856587
116,0.0057669813
117,0.0048681884
118,-0.0010306623
119,0.004955487
120,0.008158609
121,0.00908403
122,0.0077545852
123,0.0054762326
124,0.00058975874
125,0.005532129
126,0.0032585163
127,-0.00049225666
128,0.006988626
129,0.016111407
130,0.023105709
131,0.02058888
132,0.016611444
133,0.005518745
134,0.0005910966
135,0.0020931337
136,0.00019193243
137,0.0053834575
138,0.016117284
139,0.025094284
140,0.02859506
141,0.028015673
142,0.01734402
143,0.005619484
144,0.00026884512
145,4.1209743e-05
146,0.0051622987
147,0.016127113
148,0.024033317
149,0.028019262
150,0.020967964
151,0.009321337
152,0.002434498
153,0.00078662
154,-0.0008453618
155,0.0043088803
156,0.011454074
157,0.015883688
158,0.017595379
159,0.01645736
160,0.011696832
161,0.00330762
162,-0.0006656954
163,-0.000456972
164,0.0047070067
165,0.012053896
166,0.020234132
167,0.021003349
168,0.016898675
169,0.013848476
170,0.007759209
171,0.00041808002
172,-0.00035835206
173,0.0037947032
174,0.012961593
175,0.022695974
176,0.031404715
177,0.027251985
178,0.019666573
179,0.008887652
180,0.0006768813
181,-0.00062769564
182,0.0030554899
183,0.01104217
184,0.018949725
185,0.022976866
186,0.01968537
187,0.014011913
188,0.0048063374
189,-0.0004892803
190,-0.0005258238
191,0.0034145622
192,0.012125639
193,0.019092822
194,0.0214508
195,0.016254228
196,0.0123157
197,0.004191904
198,-9.601709e-05
199,-0.0007042173
200,0.002969826
201,0.009786576
202,0.015282211
203,0.01893814
204,0.01928758
205,0.0111604715
206,0.0028049103
207,-0.00022675021
208,-0.0007414595
209,0.002566966
210,0.008194583
211,0.012209358
212,0.013476529
213,0.0149484025
214,0.009069628
215,0.0043878793
216,-0.0006289587
217,-0.00072015484
218,0.0024874257
219,0.0062454515
220,0.010056114
221,0.0122304885
222,0.006943514
223,0.0021990533
224,0.0017752037
225,0.0018442911
226,-0.0006658003
227,0.0015631183
228,0.0032793484
229,0.003182778
230,0.0013209273
231,0.001225204
232,0.0028352176
233,0.0015974079
234,0.00038616202
235,-0.00016990566
236,0.0026114988
237,0.006065249
238,0.0047901906
239,0.0062979106
240,0.006154287
241,0.0026462292
242,0.000486559
243,0.00058576395
244,-0.0005262183
245,0.0020403
246,0.0054098195
247,0.0099892495
248,0.014251749
249,0.011149223
250,0.0056427205
251,0.002101276
252,-0.0006105882
253,-0.0006335161
254,0.0030303937
255,0.0077973837
256,0.011369496
257,0.013581881
258,0.010862703
259,0.0087289205
260,0.0031207795
261,-0.00051139493
262,-0.0006369514
263,0.003424141
264,0.010932257
265,0.016441658
266,0.016761575
267,0.014016597
268,0.01094719
269,0.0020300315
270,8.998439e-05
271,-0.00040475954
272,0.0040579815
273,0.012736937
274,0.019486971
275,0.024014821
276,0.017588332
277,0.007748036
278,0.0028770948
279,0.0010523365
280,7.324462e-05
281,0.004221158
282,0.012780129
283,0.020037156
284,0.02364546
285,0.023009168
286,0.01390724
287,0.0038217315
288,0.0019131028
289,0.000799851
290,0.0046707406
291,0.013870718
292,0.022382721
293,0.021018457
294,0.01268911
295,0.0042634076
296,-0.00032608001
297,0.0018972983
298,-0.0009047662
299,0.005439684
300,0.011058029
301,0.012844868
302,0.010233915
303,0.0099205915
304,0.0057079317
305,0.0009204017
306,-0.00026690698
307,-0.00013200246
308,0.0028997313
309,0.004898581
310,0.007434359
311,0.0050037275
312,0.005521573
313,0.004318311
314,-0.00013292007
315,0.0002999626
316,-0.0006521257
317,0.0012370305
318,0.0041513555
319,0.0051600644
320,0.005661631
321,0.0050660837
322,0.0011884646
323,0.0006846224
324,0.0011291518
325,-0.00069992454
326,0.002592265
327,0.004921626
328,0.005910832
329,0.0049747657
330,0.00018502932
331,0.0027295796
332,0.0028217863
333,0.001750634
334,-0.00076996296
335,0.0027944592
336,0.005058801
337,0.0037432371
338,0.0049354173
339,0.0014369101
340,0.0008056958
341,0.0016655575
342,0.0011785396
343,-0.00023116672
344,0.0021582898
345,0.004561724
346,0.0064029107
347,0.0011344375
348,0.0016623567
349,0.0013073065
350,0.001960157
351,0.00080171495
352,-0.00041187552
353,0.0026398988
354,0.0060018157
355,0.00819924
356,0.005106716
357,0.0020567072
358,-2.8196824e-05
359,0.0020874194
360,0.0010091583
361,-0.00050390384
362,0.0010499742
363,0.0031269793
364,0.006854164
365,0.006877601
366,0.002806701
367,0.0032189456
368,0.00035166863
369,-0.00038032944
370,-0.0006244311
371,-0.0002682173
372,0.0023342138
373,0.0037833434
374,0.0021761688
375,0.0011367989
376,0.00042436674
377,-0.0003031314
378,-0.0005381528
379,-0.00062087394
380,-0.00024041993
381,0.000840054
382,0.0010340863
383,0.0006949028
384,-3.206217e-05
385,0.00040996357
386,-0.00044627042
387,-0.00020076474
388,-0.00056920946
389,0.0017064495
390,0.0055623893
391,0.0067817466
392,0.009676001
393,0.009464449
394,0.0035817437
395,-2.4956476e-05
396,-0.0003085057
397,-0.00068355317
398,0.0013532136
399,0.004413705
400,0.0038920755
401,0.0050116354
402,0.0063133296
403,0.003651565
404,0.0010588432
405,2.5340007e-05
406,-0.00055276114
407,0.0019226621
408,0.0062587927
409,0.006838523
410,0.005180092
411,0.0030879609
412,0.0021469907
413,0.0005280242
414,0.0003584242
415,-0.0006007704
416,0.0024703613
417,0.0073998896
418,0.013329247
419,0.017016789
420,0.01722849
421,0.010753932
422,0.0043641226
423,-0.00020918579
424,-0.00024292705
425,0.0029192558
426,0.010773127
427,0.017511416
428,0.01799889
429,0.015320039
430,0.009223599
431,0.004175364
432,-0.00042757418
433,-0.0006809201
434,0.0036363734
435,0.010262722
436,0.01589994
437,0.015725823
438,0.010870831
439,0.0043319464
440,-0.00036090246
441,-0.00023449975
442,-0.00056934566
443,0.0011025765
444,0.0030078108
445,0.006029395
446,0.002728417
447,0.0011189625
448,0.0010627625
449,0.00097377854
450,-0.00039460993
451,-0.00043298464
452,0.00080797164
453,0.0013645468
454,0.0016297458
455,0.0012357008
456,0.00035768948
457,0.00016339081
458,-0.00047218957
459,-0.00036912606
460,-0.00061563734
461,0.00073064084
462,0.002719563
463,0.005361716
464,0.0051939753
465,0.0017122698
466,0.0019166335
467,0.0007912513
468,-6.335444e-05
469,-0.00059168204
470,0.0024746915
471,0.007106452
472,0.01165491
473,0.01281293
474,0.008438228
475,0.0026864926
476,0.0011534279
477,-0.00040307926
478,-0.0007351238
479,0.002868056
480,0.00907057
481,0.014521136
482,0.017831305
483,0.0132390885
484,0.008633997
485,0.0030019616
486,-0.0004715526
487,-0.0006367297
488,0.0022453438
489,0.00888358
490,0.016198618
491,0.019587306
492,0.020073025
493,0.015408812
494,0.00577561
495,0.00047176692
496,-0.00034383504
497,0.0031086293
498,0.010988219
499,0.019290343
500,0.023728978
501,0.024072334
502,0.017390708
503,0.007118196
504,0.00053331885
505,-0.00058012555
506,0.0023296233
507,0.008170269
508,0.010228728
509,0.014262162
510,0.015499956
511,0.012299701
512,0.0036204066
513,-0.00065329246
514,-0.00065633183
515,0.003922209
516,0.012627446
517,0.020698095
518,0.022003459
519,0.022263857
520,0.016671784
521,0.007326056
522,0.0010827899
523,-0.0005094793
524,0.0030088788
525,0.011877191
526,0.023476636
527,0.030903973
528,0.030951414
529,0.025891246
530,0.015295294
531,0.0036289738
532,-0.00062735146
533,0.002556759
534,0.01241123
535,0.023959614
536,0.03522213
537,0.038185682
538,0.03193972
539,0.018906595
540,0.005401474
541,-0.0005199628
542,0.0026411936
543,0.012466269
544,0.026211804
545,0.03814707
546,0.038568456
547,0.03067225
548,0.018588165
549,0.0062387786
550,-0.00034317627
551,0.0013192801
552,0.011319477
553,0.02443187
554,0.034299195
555,0.036408637
556,0.031348433
557,0.016796453
558,0.0050657224
559,-0.000624114
560,0.0024929454
561,0.01408346
562,0.027448194
563,0.040127575
564,0.043882936
565,0.03388452
566,0.02014198
567,0.0063446676
568,-0.0004453953
569,0.0020489646
570,0.012130134
571,0.023694279
572,0.030473065
573,0.03341394
574,0.02760856
575,0.015275597
576,0.004419832
577,-0.00058646256
578,0.0027403696
579,0.013096362
580,0.025278201
581,0.033224672
582,0.03547985
583,0.026694568
584,0.015351684
585,0.0044444394
586,-0.0005150225
587,0.00173731
588,0.011543548
589,0.02434706
590,0.036163386
591,0.040558312
592,0.031709008
593,0.019101191
594,0.006199954
595,-0.0003760152
596,0.0024760824
597,0.01415677
598,0.029233806
599,0.040794853
600,0.044985674
601,0.03626869
602,0.02318855
603,0.008692332
604,9.716902e-05
605,0.0014531073
606,0.011193874
607,0.024171429
608,0.033501834
609,0.035726722
610,0.0293652
611,0.017733818
612,0.0059713535
613,-0.00031222583
614,0.0011979089
615,0.009754014
616,0.02018751
617,0.026214927
618,0.025358822
619,0.019359441
620,0.010016249
621,0.0027028625
622,-0.0006251088
623,0.0010509739
624,0.007892946
625,0.013235685
626,0.019784594
627,0.02231647
628,0.01667511
629,0.009853209
630,0.002449663
631,-0.00029660523
632,0.00023765297
633,0.0044332235
634,0.009611794
635,0.016047409
636,0.01680589
637,0.0140732145
638,0.007679598
639,0.0024067378
640,-0.00015774678
641,0.00020264418
642,0.005345342
643,0.0134199895
644,0.018311031
645,0.020699158
646,0.01629189
647,0.010018125
648,0.0037730075
649,-0.00045305284
650,-0.00021825085
651,0.0049148966
652,0.013386618
653,0.019724391
654,0.02048693
655,0.018930325
656,0.010860741
657,0.0034357486
658,-0.00018538203
659,-0.00025432179
660,0.0048144963
661,0.0113820825
662,0.016762638
663,0.020360509
664,0.016360767
665,0.010839359
666,0.0037328491
667,-0.00047530438
668,-0.00031844177
669,0.0044578137
670,0.010884063
671,0.01837635
672,0.02065402
673,0.019180622
674,0.0124272
675,0.004357594
676,-0.00045051897
677,0.00066808885
678,0.0066888826
679,0.016814085
680,0.024988549
681,0.027413666
682,0.024006018
683,0.014463164
684,0.005399424
685,-0.00015335222
686,0.00012698447
687,0.0063522933
688,0.014261047
689,0.020164754
690,0.023028398
691,0.020924414
692,0.01237231
693,0.0040539177
694,-0.00038602424
695,0.0005238977
696,0.0068544317
697,0.014787579
698,0.022844397
699,0.025617493
700,0.020698303
701,0.0112447655
702,0.0038769022
703,-0.00040719303
704,0.0012516185
705,0.008353109
706,0.016920391
707,0.025893698
708,0.02703387
709,0.02091491
710,0.013597844
711,0.0042384276
712,-0.0004602942
713,0.0012070839
714,0.00924937
715,0.020850066
716,0.028384537
717,0.02915901
718,0.021924095
719,0.013546697
720,0.004566082
721,-0.00043096935
722,0.0014759755
723,0.008764199
724,0.019145845
725,0.025806608
726,0.026913512
727,0.024380596
728,0.014505265
729,0.005007814
730,-0.00018805641
731,0.00075094483
732,0.008801357
733,0.019631745
734,0.029722245
735,0.029917913
736,0.0238353
737,0.014975949
738,0.005596281
739,-0.00036679566
740,0.0018292655
741,0.010492049
742,0.021238651
743,0.028027896
744,0.031752337
745,0.024149168
746,0.014179136
747,0.0044982424
748,-0.00065976224
749,0.0023678015
750,0.012859302
751,0.025740476
752,0.036215525
753,0.038772244
754,0.028901879
755,0.015967071
756,0.005081927
757,-0.00043047784
758,0.0017709704
759,0.010441969
760,0.020489596
761,0.030870348
762,0.034382425
763,0.029951308
764,0.01745239
765,0.0060300305
766,-0.00011069997
767,0.0012994332
768,0.010189589
769,0.022632578
770,0.033688024
771,0.03900672
772,0.032975882
773,0.02070986
774,0.007613709
775,-4.7904905e-07
776,0.001396759
777,0.012022207
778,0.027924905
779,0.04052569
780,0.043341618
781,0.03780359
782,0.02284347
783,0.008913707
784,-0.00012154633
785,0.0016802914
786,0.013467179
787,0.029640997
788,0.043743502
789,0.048115674
790,0.041331194
791,0.026328081
792,0.009665039
793,0.00015782774
794,0.0014170093
795,0.01332884
796,0.030727103
797,0.044807754
798,0.04919543
799,0.040232744
800,0.025193673
801,0.009251425
802,-4.228647e-05
803,0.0015069281
804,0.013499525
805,0.03008603
806,0.04685666
807,0.053055905
808,0.046124674
809,0.029567419
810,0.011274935
811,0.00015333685
812,0.0017294078
813,0.015235549
814,0.031995315
815,0.045398723
816,0.048367016
817,0.04012722
818,0.024256233
819,0.00828859
820,-0.00014594098
821,0.0021123248
822,0.013536643
823,0.027201215
824,0.038962726
825,0.04241123
826,0.03493468
827,0.021315537
828,0.00792953
829,-0.000109294604
830,0.0017962994
831,0.0117709255
832,0.026017634
833,0.037705533
834,0.041217715
835,0.03356845
836,0.02043349
837,0.007506633
838,-4.559447e-05
839,0.001673955
840,0.011771079
841,0.02688205
842,0.03646401
843,0.0384523
844,0.03417906
845,0.02053329
846,0.0075997403
847,-5.340742e-05
848,0.0013620704
849,0.011470399
850,0.024990786
851,0.035261296
852,0.036520477
853,0.031644706
854,0.019594673
855,0.00739511
856,3.252452e-05
857,0.0007953037
858,0.008401774
859,0.020647319
860,0.03000343
861,0.032565914
862,0.028953819
863,0.018755885
864,0.00730456
865,7.454306e-05
866,0.0005634106
867,0.0082726665
868,0.018067272
869,0.026242964
870,0.027583973
871,0.024928926
872,0.01519053
873,0.005326388
874,-0.00023915054
875,0.001226879
876,0.008889297
877,0.019875146
878,0.029969208
879,0.03162662
880,0.02775155
881,0.017401656
882,0.0063317725
883,-0.00027254637
884,0.00092675467
885,0.009373738
886,0.021263987
887,0.030164892
888,0.0328835
889,0.029004108
890,0.018838214
891,0.0075823707
892,0.00024275202
893,0.00070938736
894,0.008802956
895,0.021023491
896,0.032219965
897,0.03540925
898,0.031531688
899,0.02060202
900,0.008181239
901,0.0001448133
902,0.00087181525
903,0.008880188
904,0.02014246
905,0.029725058
906,0.034739874
907,0.028901992
908,0.01936272
909,0.007632737
910,0.00012525171
911,0.0009487431
912,0.009929406
913,0.022985483
914,0.03193604
915,0.036358047
916,0.030982902
917,0.01909928
918,0.007642113
919,0.00021990092
920,0.0006936436
921,0.008360313
922,0.01869565
923,0.029107323
924,0.031213168
925,0.026728105
926,0.016382404
927,0.006425802
928,-0.0002875477
929,0.00095609005
930,0.008426078
931,0.017915532
932,0.025838595
933,0.026340026
934,0.022999136
935,0.013856518
936,0.0041919868
937,-0.00021807193
938,0.0005302492
939,0.006963478
940,0.014935301
941,0.023465462
942,0.026481654
943,0.02175844
944,0.01392795
945,0.0053865924
946,-0.00021078545
947,1.778145e-05
948,0.0031167704
949,0.010624118
950,0.0180909
951,0.022249686
952,0.019087795
953,0.012053568
954,0.00420387
955,-0.00031521154
956,-0.00016790193
957,0.004738651
958,0.013260308
959,0.020997388
960,0.023997726
961,0.019980121
962,0.013044224
963,0.004514921
964,-0.00032262655
965,1.7354672e-05
966,0.0053076902
967,0.012963936
968,0.02195074
969,0.025781002
970,0.021332111
971,0.014271359
972,0.0052609593
973,-0.0003662422
974,-6.917442e-05
975,0.005778461
976,0.01575189
977,0.02317923
978,0.028139796
979,0.025203766
980,0.01726733
981,0.007129572
982,-6.343209e-06
983,-0.000306188
984,0.0068429005
985,0.017532064
986,0.026280193
987,0.02912059
988,0.026267994
989,0.017139064
990,0.0069627585
991,8.395489e-05
992,-0.00029870274
993,0.00642835
994,0.016913278
995,0.026429117
996,0.029841965
997,0.026042962
998,0.016967878
999,0.0067003667
1000,4.3846696e-05
1001,-0.00030535215
1002,0.0062188376
1003,0.015813533
1004,0.024405329
1005,0.028589346
1006,0.026173156
1007,0.016787382
1008,0.006506197
1009,6.974413e-05
1010,-0.0002298087
1011,0.005955005
1012,0.015238923
1013,0.023200748
1014,0.027922789
1015,0.024780178
1016,0.0152872875
1017,0.0058401306
1018,-0.00011601142
1019,-8.491278e-05
1020,0.0059669097
1021,0.016037341
1022,0.026024457
1023,0.030099498
1024,0.026168924
1025,0.017122941
1026,0.0065053473
1027,-0.00029367948
1028,-8.859875e-06
1029,0.006441396
1030,0.016192403
1031,0.025907723
1032,0.028365755
1033,0.025362141
1034,0.016023055
1035,0.0062731337
1036,-0.000202656
1037,-0.0001003489
1038,0.0056402693
1039,0.0151798045
1040,0.02345316
1041,0.027555784
1042,0.025124189
1043,0.017048227
1044,0.007247694
1045,8.485254e-05
1046,-9.5878466e-05
1047,0.0058599315
1048,0.016098846
1049,0.024366159
1050,0.028474344
1051,0.025298096
1052,0.016979832
1053,0.0071687694
1054,0.00040873032
1055,-0.00027628458
1056,0.006292409
1057,0.016408335
1058,0.026293889
1059,0.031168211
1060,0.028620753
1061,0.018459525
1062,0.007377816
1063,0.0002400796
1064,-8.4893225e-05
1065,0.006187381
1066,0.015024573
1067,0.02450454
1068,0.026686383
1069,0.022666452
1070,0.015146246
1071,0.005900933
1072,-0.00024350086
1073,0.00063092954
1074,0.008733424
1075,0.020421525
1076,0.027943103
1077,0.031198723
1078,0.028222704
1079,0.01744422
1080,0.0065414226
1081,-0.00031685623
1082,0.0003734706
1083,0.008016115
1084,0.017902184
1085,0.02692943
1086,0.029667387
1087,0.025108041
1088,0.016839677
1089,0.006710921
1090,0.00021772622
1091,4.695292e-05
1092,0.0066400794
1093,0.016566383
1094,0.027569026
1095,0.031833783
1096,0.027974442
1097,0.02014369
1098,0.008642465
1099,0.00058596826
1100,0.00053279125
1101,0.008526191
1102,0.021557031
1103,0.033725303
1104,0.03850669
1105,0.03371733
1106,0.021672059
1107,0.008849837
1108,0.00030910276
1109,0.00088399195
1110,0.009979077
1111,0.024301132
1112,0.03590014
1113,0.03840191
1114,0.03148595
1115,0.019397592
1116,0.007122215
1117,8.951855e-05
1118,0.00079874415
1119,0.009043342
1120,0.021696359
1121,0.030611895
1122,0.031993695
1123,0.02806356
1124,0.018129315
1125,0.0062550763
1126,-9.6548174e-05
1127,0.0013369047
1128,0.009539016
1129,0.022918763
1130,0.034251127
1131,0.037733078
1132,0.032362826
1133,0.020552948
1134,0.0082479995
1135,0.0003694347
1136,0.0007458783
1137,0.010049458
1138,0.02282386
1139,0.03393864
1140,0.037503827
1141,0.032675456
1142,0.01969051
1143,0.007122085
1144,-0.00012520971
1145,0.0012027035
1146,0.010221419
1147,0.022085853
1148,0.030714963
1149,0.033454467
1150,0.028920395
1151,0.019372398
1152,0.0075717526
1153,5.1458977e-05
1154,0.000653723
1155,0.0083695175
1156,0.019516734
1157,0.028994186
1158,0.031969298
1159,0.027084386
1160,0.01676684
1161,0.0067155585
1162,8.8501896e-05
1163,0.0007203295
1164,0.008430304
1165,0.018849812
1166,0.029200345
1167,0.031730533
1168,0.026220167
1169,0.017590942
1170,0.0065439143
1171,-0.0001936017
1172,0.0012433344
1173,0.010264759
1174,0.021204008
1175,0.031576287
1176,0.033432215
1177,0.029145127
1178,0.017712113
1179,0.0067026806
1180,-0.00014282519
1181,0.00064064807
1182,0.008216653
1183,0.018817738
1184,0.02794634
1185,0.03272899
1186,0.028951872
1187,0.01903082
1188,0.00725877
1189,-6.100774e-06
1190,0.00028394716
1191,0.0075959302
1192,0.017529933
1193,0.02651398
1194,0.029227586
1195,0.0258298
1196,0.017003832
1197,0.006544243
1198,-7.0548296e-05
1199,-0.0002506535
1200,0.005684878
1201,0.01641674
1202,0.023436164
1203,0.02575847
1204,0.02243701
1205,0.014301797
1206,0.0054114424
1207,-0.00032229157
1208,0.0002257197
1209,0.0063792244
1210,0.015329727
1211,0.024529837
1212,0.026012426
1213,0.022898776
1214,0.01486866
1215,0.006091615
1216,0.0001110757
1217,0.0005532477
1218,0.007673429
1219,0.017783878
1220,0.027361076
1221,0.030810528
1222,0.028296787
1223,0.01845345
1224,0.0068142954
1225,-0.00020585951
1226,0.0013027688
1227,0.010321467
1228,0.022003379
1229,0.032659963
1230,0.03578568
1231,0.03033503
1232,0.018622272
1233,0.0075023184
1234,0.0002256881
1235,0.00066544407
1236,0.0093460465
1237,0.022110227
1238,0.033033185
1239,0.036068525
1240,0.031013267
1241,0.019497499
1242,0.0076681357
1243,0.00010811299
1244,0.0005912684
1245,0.009006689
1246,0.020166595
1247,0.030240988
1248,0.032845132
1249,0.029660935
1250,0.019039128
1251,0.0075878664
1252,0.00023510863
1253,0.0006118893
1254,0.008535886
1255,0.020445863
1256,0.03140257
1257,0.036470283
1258,0.032434966
1259,0.021384707
1260,0.008639704
1261,0.00041479664
1262,0.000726804
1263,0.009245719
1264,0.02190251
1265,0.031913713
1266,0.038262285
1267,0.033427622
1268,0.021945985
1269,0.008789618
1270,0.0004299112
1271,0.000936618
1272,0.01039895
1273,0.02444373
1274,0.036300395
1275,0.039069567
1276,0.034912117
1277,0.023560416
1278,0.0091901235
1279,0.00041401078
1280,0.0012578564
1281,0.011660547
1282,0.026968334
1283,0.040040642
1284,0.044140484
1285,0.037699737
1286,0.023682984
1287,0.0088778045
1288,0.00021323649
1289,0.0013993515
1290,0.011867415
1291,0.026988957
1292,0.0397741
1293,0.042876896
1294,0.036578327
1295,0.022985836
1296,0.008349693
1297,6.609707e-05
1298,0.0013368845
1299,0.011516161
1300,0.02521169
1301,0.03632365
1302,0.039505053
1303,0.032338735
1304,0.019666959
1305,0.007777806
1306,0.00010367535
1307,0.0010640546
1308,0.00938182
1309,0.021630853
1310,0.030785706
1311,0.03343641
1312,0.02825836
1313,0.018128973
1314,0.0076864194
1315,6.9351285e-05
1316,0.0011833154
1317,0.010418446
1318,0.022680415
1319,0.031700376
1320,0.03535948
1321,0.02938285
1322,0.019110465
1323,0.006115045
1324,-0.00037581762
1325,0.00214423
1326,0.012453065
1327,0.024388844
1328,0.032178856
1329,0.035951644
1330,0.02886767
1331,0.017424975
1332,0.0053204168
1333,-0.0005075297
1334,0.002061965
1335,0.010225674
1336,0.018418074
1337,0.022747952
1338,0.026444472
1339,0.021134224
1340,0.012636808
1341,0.0035242662
1342,-0.0006047487
1343,0.0022136492
1344,0.010668621
1345,0.020917641
1346,0.029353049
1347,0.031097146
1348,0.02356219
1349,0.013338919
1350,0.0046349354
1351,-0.00034992254
1352,0.0014670506
1353,0.009654597
1354,0.019464783
1355,0.0273914
1356,0.029943312
1357,0.025099183
1358,0.016665546
1359,0.0056675854
1360,-0.00046490203
1361,0.0019024741
1362,0.012217588
1363,0.025513215
1364,0.035775453
1365,0.039489187
1366,0.033219844
1367,0.02024724
1368,0.007598628
1369,-0.00024469933
1370,0.0018533489
1371,0.01286458
1372,0.029189505
1373,0.04282897
1374,0.04519116
1375,0.037208438
1376,0.024111155
1377,0.008682864
1378,7.857598e-05
1379,0.0016149835
1380,0.012956273
1381,0.027811736
1382,0.038307503
1383,0.04011746
1384,0.03223802
1385,0.020999677
1386,0.006983426
1387,-0.0003932119
1388,0.0021496604
1389,0.014076312
1390,0.02835764
1391,0.04100815
1392,0.044685576
1393,0.03656192
1394,0.022434093
1395,0.0079562785
1396,-7.777603e-05
1397,0.0017811868
1398,0.0119179385
1399,0.025619218
1400,0.036813464
1401,0.040110476
1402,0.032918494
1403,0.021029184
1404,0.008588517
1405,0.00027980236
1406,0.0013023567
1407,0.011456199
1408,0.025393778
1409,0.03720121
1410,0.041249424
1411,0.03624535
1412,0.021370405
1413,0.0075312043
1414,0.00010566268
1415,0.0012771131
1416,0.0100136
1417,0.02277844
1418,0.03217966
1419,0.038281914
1420,0.032209408
1421,0.019227833
1422,0.006659852
1423,-2.2870081e-05
1424,0.00094123767
1425,0.00982518
1426,0.02295314
1427,0.030801265
1428,0.033212405
1429,0.027683945
1430,0.01510825
1431,0.0043363017
1432,-0.0004558612
1433,0.0016240827
1434,0.009316875
1435,0.017786838
1436,0.022491328
1437,0.02419383
1438,0.018798353
1439,0.011566115
1440,0.0031487239
1441,-0.0006268472
1442,0.001658345
1443,0.007081759
1444,0.012259673
1445,0.0136735225
1446,0.016296595
1447,0.013891679
1448,0.008283344
1449,0.0018541792
1450,-0.00060052396
1451,0.0022227112
1452,0.00782099
1453,0.013735918
1454,0.018674565
1455,0.018633354
1456,0.0150752645
1457,0.008831783
1458,0.0017622514
1459,-0.00062033965
1460,0.0017033276
1461,0.009771407
1462,0.017232586
1463,0.02487649
1464,0.025418725
1465,0.020792335
1466,0.011230744
1467,0.0021355483
1468,-0.0004934671
1469,0.001992441
1470,0.0079914685
1471,0.013527834
1472,0.015740577
1473,0.016602298
1474,0.009186382
1475,0.0030675337
1476,-5.029142e-07
1477,-0.0007640985
1478,0.0029291557
1479,0.0105507355
1480,0.013864141
1481,0.012921546
1482,0.013722132
1483,0.008093344
1484,0.0021018926
1485,-3.9347797e-06
1486,-0.0007473997
1487,0.003523302
1488,0.008438834
1489,0.014920233
1490,0.020008983
1491,0.014945722
1492,0.008722006
1493,0.000804262
1494,0.0005369293
1495,-0.00048620935
1496,0.0030340785
1497,0.010442233
1498,0.015168497
1499,0.019719984
1500,0.015555265
1501,0.0062879035
1502,9.454985e-05
1503,0.0017619678
1504,-0.00021306326
1505,0.0044447603
1506,0.012629983
1507,0.022397064
1508,0.02779511
1509,0.026374126
1510,0.019043757
1511,0.007919439
1512,-5.930738e-05
1513,-0.0004213158
1514,0.004472255
1515,0.014768165
1516,0.025933877
1517,0.0317875
1518,0.0292815
1519,0.018560873
1520,0.007564614
1521,0.0012865931
1522,-0.0005682078
1523,0.003166756
1524,0.009771751
1525,0.017868614
1526,0.021645091
1527,0.017323636
1528,0.011136351
1529,0.004764293
1530,-0.00028314165
1531,-0.0006904882
1532,0.0034214992
1533,0.012382653
1534,0.019403966
1535,0.023696752
1536,0.021225441
1537,0.013308533
1538,0.005095791
1539,0.0001664331
1540,-0.0006139134
1541,0.0027505583
1542,0.009444456
1543,0.013383527
1544,0.012625536
1545,0.012559781
1546,0.0099462345
1547,0.003823795
1548,0.00010318594
1549,-0.0006997237
1550,0.0037696406
1551,0.011758478
1552,0.02001555
1553,0.025827361
1554,0.025360206
1555,0.017889941
1556,0.006299448
1557,-7.927598e-05
1558,0.00028276496
1559,0.003607371
1560,0.014156735
1561,0.023550514
1562,0.033001143
1563,0.033490483
1564,0.024117623
1565,0.010970715
1566,0.0009949158
1567,0.0002632495
1568,0.003999284
1569,0.016536973
1570,0.02942149
1571,0.036295895
1572,0.03695258
1573,0.026965972
1574,0.011260744
1575,0.00081056025
1576,-0.00016394228
1577,0.0041168733
1578,0.016205987
1579,0.028997764
1580,0.03791036
1581,0.037805732
1582,0.029372595
1583,0.015374773
1584,0.0031488943
1585,-0.00028845514
1586,0.00349163
1587,0.01491832
1588,0.029160695
1589,0.03904516
1590,0.041517697
1591,0.033252597
1592,0.01893692
1593,0.0053990786
1594,-0.0003674228
1595,0.0022783158
1596,0.014575642
1597,0.030819196
1598,0.040623013
1599,0.042814787
1600,0.03297645
1601,0.019752394
1602,0.0056836098
1603,-0.00027865876
1604,0.0028689238
1605,0.017064665
1606,0.035737082
1607,0.047079165
1608,0.04715081
1609,0.03900289
1610,0.021498155
1611,0.0065026125
1612,-0.0005928838
1613,0.0025796716
1614,0.015243718
1615,0.029765952
1616,0.041047316
1617,0.041289758
1618,0.031641673
1619,0.017470077
1620,0.004746187
1621,-4.834577e-05
1622,0.0028662973
1623,0.01725864
1624,0.034444436
1625,0.049160067
1626,0.05442198
1627,0.046749994
1628,0.029514853
1629,0.009679305
1630,-0.00052948995
1631,0.001584437
1632,0.01631417
1633,0.03643035
1634,0.051284734
1635,0.058297012
1636,0.04888884
1637,0.030591441
1638,0.010734617
1639,-0.000545966
1640,0.0024827558
1641,0.017145127
1642,0.03529258
1643,0.05041318
1644,0.055243853
1645,0.045756053
1646,0.025996577
1647,0.009205125
1648,-0.0002920236
1649,0.0025539687
1650,0.015461282
1651,0.030741442
1652,0.04281759
1653,0.044763897
1654,0.038966574
1655,0.02429228
1656,0.0082064
1657,-0.00020698347
1658,0.0019339749
1659,0.013984301
1660,0.02909088
1661,0.040151533
1662,0.045705784
1663,0.037610985
1664,0.023562245
1665,0.008419642
1666,-0.00014488428
1667,0.001661232
1668,0.01299144
1669,0.027410015
1670,0.037495654
1671,0.041609403
1672,0.032663435
1673,0.0193455
1674,0.006982537
1675,-0.0005738383
1676,0.0022571022
1677,0.014898788
1678,0.031875484
1679,0.046754017
1680,0.052086808
1681,0.042669605
1682,0.025906231
1683,0.0088444045
1684,-0.00047297802
1685,0.002505275
1686,0.015757652
1687,0.03405031
1688,0.04758509
1689,0.051544417
1690,0.04351333
1691,0.027668567
1692,0.010278192
1693,2.8027513e-05
1694,0.0017522002
1695,0.015285347
1696,0.03415757
1697,0.047059294
1698,0.050835453
1699,0.042165603
1700,0.025328802
1701,0.0086392965
1702,-0.00012826308
1703,0.0021297494
1704,0.013013405
1705,0.028532809
1706,0.041380614
1707,0.043944
1708,0.036476325
1709,0.021477686
1710,0.00816115
1711,-4.801061e-05
1712,0.0014658992
1713,0.010866264
1714,0.023487592
1715,0.03559003
1716,0.04059809
1717,0.033880886
1718,0.019829966
1719,0.0067382827
1720,-0.0003226418
1721,0.002476022
1722,0.0133776115
1723,0.027469479
1724,0.0390483
1725,0.042712804
1726,0.03636131
1727,0.022714308
1728,0.00823588
1729,0.00016959617
1730,0.0012684911
1731,0.010807657
1732,0.023785755
1733,0.03602972
1734,0.041308686
1735,0.03347728
1736,0.021264646
1737,0.007940181
1738,6.8385794e-05
1739,0.0012734005
1740,0.010639375
1741,0.022914287
1742,0.03149952
1743,0.03236552
1744,0.027140463
1745,0.015995115
1746,0.0060519087
1747,-0.00026947222
1748,0.00091927825
1749,0.00902123
1750,0.02007266
1751,0.02760141
1752,0.028819254
1753,0.024942024
1754,0.015325008
1755,0.0056605972
1756,-0.00025586068
1757,0.0005608329
1758,0.0077262884
1759,0.016957287
1760,0.026951551
1761,0.030145258
1762,0.025546826
1763,0.015584144
1764,0.0054215705
1765,-0.0002069381
1766,2.0496664e-05
1767,0.006402016
1768,0.014490207
1769,0.022741314
1770,0.02618786
1771,0.023789302
1772,0.015437762
1773,0.006037266
1774,-8.3957595e-05
1775,-0.00034101764
1776,0.005206309
1777,0.01579108
1778,0.025700103
1779,0.028726554
1780,0.026030151
1781,0.017738227
1782,0.007333565
1783,0.00014149776
1784,-0.00025546885
1785,0.0062402887
1786,0.015378857
1787,0.022831617
1788,0.027062874
1789,0.02336723
1790,0.016044639
1791,0.0061657196
1792,-8.472733e-05
1793,-0.00029983578
1794,0.005276581
1795,0.013018743
1796,0.02023657
1797,0.024166472
1798,0.021209614
1799,0.013283109
1800,0.0051549585
1801,-0.00027665758
1802,0.000113349466
1803,0.0060296343
1804,0.01581464
1805,0.022769287
1806,0.023466552
1807,0.020605106
1808,0.012115963
1809,0.0046406607
1810,-0.00037266992
1811,0.0001181034
1812,0.0066861357
1813,0.015982637
1814,0.021185387
1815,0.021861104
1816,0.018787272
1817,0.011895996
1818,0.0043521025
1819,-0.00026628826
1820,9.178973e-05
1821,0.00589555
1822,0.013636465
1823,0.020599825
1824,0.024847321
1825,0.020643927
1826,0.012731054
1827,0.004469577
1828,-0.0004491254
1829,4.12777e-05
1830,0.006661172
1831,0.014955188
1832,0.020497337
1833,0.022675123
1834,0.017813798
1835,0.0104029775
1836,0.003817034
1837,-0.0003411183
1838,9.890791e-06
1839,0.005589093
1840,0.012565491
1841,0.018886032
1842,0.019796548
1843,0.016847609
1844,0.011104212
1845,0.00415766
1846,-0.00023780923
1847,-7.299491e-05
1848,0.004747093
1849,0.011818658
1850,0.017841594
1851,0.018288095
1852,0.015365495
1853,0.0089607285
1854,0.0031648844
1855,-0.00022199628
1856,-0.0002288908
1857,0.0034572666
1858,0.010442312
1859,0.017871648
1860,0.020583613
1861,0.01707424
1862,0.011160346
1863,0.0039633946
1864,-0.00047233774
1865,0.00029229856
1866,0.0052526384
1867,0.013741708
1868,0.02141072
1869,0.023509625
1870,0.018873304
1871,0.011615965
1872,0.004266295
1873,-0.0003944808
1874,0.00023802277
1875,0.003120725
1876,0.009359076
1877,0.015901849
1878,0.019194087
1879,0.015245668
1880,0.008945157
1881,0.003006358
1882,-0.00013319423
1883,-0.00035947646
1884,0.004295081
1885,0.010497441
1886,0.017098825
1887,0.020175057
1888,0.018274339
1889,0.011556879
1890,0.0038434237
1891,-0.00036739226
1892,1.2696808e-05
1893,0.0036034037
1894,0.010261284
1895,0.01546013
1896,0.016455168
1897,0.014048601
1898,0.010004527
1899,0.003439919
1900,-0.00019550032
1901,-9.899892e-05
1902,0.0035564585
1903,0.008847889
1904,0.013830974
1905,0.013870966
1906,0.012441738
1907,0.0080178855
1908,0.0024082304
1909,-0.00045546208
1910,0.00031060737
1911,0.005736643
1912,0.011536912
1913,0.014885509
1914,0.014232821
1915,0.010538539
1916,0.00535322
1917,0.0013153146
1918,-0.0006381504
1919,0.0007472678
1920,0.0035590185
1921,0.005268054
1922,0.009529712
1923,0.011639601
1924,0.006690661
1925,0.0024379177
1926,-0.00031318734
1927,-0.0007037779
1928,0.0002901209
1929,0.0024612362
1930,0.006983458
1931,0.0050902064
1932,0.0014982262
1933,-4.2514424e-05
1934,0.00024444977
1935,4.8973656e-05
1936,-0.0005754466
1937,0.0016454726
1938,0.0050476496
1939,0.009521989
1940,0.006845232
1941,0.005740131
1942,0.0050506527
1943,0.00018114838
1944,-7.902359e-05
1945,-0.00066772953
1946,0.002488131
1947,0.0066478807
1948,0.008984552
1949,0.010906702
1950,0.01270137
1951,0.009173511
1952,0.00394931
1953,0.0005060835
1954,-0.00061612675
1955,0.0014099567
1956,0.004938732
1957,0.0071078716
1958,0.0062377844
1959,0.007911513
1960,0.0058019073
1961,0.0029770043
1962,-0.00013489474
1963,-0.00062418845
1964,0.00066363474
1965,0.00361795
1966,0.0066379113
1967,0.0059098797
1968,0.007676774
1969,0.0041099573
1970,0.0021422475
1971,-8.446636e-05
1972,-0.00075840956
1973,0.0019643311
1974,0.0069669615
1975,0.010343145
1976,0.014323602
1977,0.012465616
1978,0.009651304
1979,0.0025422215
1980,-0.00035001533
1981,-0.0007506737
1982,0.0020113643
1983,0.00570324
1984,0.006881419
1985,0.006432095
1986,0.007543636
1987,0.003515349
1988,0.00015706889
1989,0.0007136685
1990,-0.00068158103
1991,0.0013527388
1992,0.0022716334
1993,0.005351275
1994,0.007739526
1995,0.0032492906
1996,-0.0001431879
1997,0.0020781348
1998,0.00037083152
1999,-0.0005000222
2000,0.0016528204
2001,0.0031575104
2002,0.002520176
2003,0.0009208884
2004,0.0007615333
2005,0.0017949966
2006,0.001703406
2007,0.00053338317
2008,-0.000379025
2009,0.0024961773
2010,0.0050133336
2011,0.005296145
2012,0.0013295215
2013,0.00041412725
2014,-0.00011118388
2015,0.0017580639
2016,0.00038658327
2017,-0.00053447636
2018,0.00084440113
2019,0.001689186
2020,0.0018452591
2021,0.0027256957
2022,0.0025162504
2023,0.00062859594
2024,0.00036975695
2025,-0.00025514627
2026,-0.00052909163
2027,0.0006602017
2028,0.0016922632
2029,0.0021712
2030,0.0046147485
2031,0.0064124097
2032,0.0027277104
2033,0.0010612691
2034,0.00020786212
2035,-0.0005403025
2036,0.00036592403
2037,0.0035771793
2038,0.0058689904
2039,0.004952819
2040,0.006878629
2041,0.0056871455
2042,0.0013824817
2043,0.0002385024
2044,-0.00063870096
2045,0.0010833088
2046,0.0037884372
2047,0.0067628496
2048,0.010726933
2049,0.008192613
2050,0.006123421
2051,0.0036871214
2052,0.00069030223
2053,-0.0006705282
2054,0.00203229
2055,0.0073462375
2056,0.012179482
2057,0.016690236
2058,0.017918453
2059,0.013671946
2060,0.0077728434
2061,0.0016574042
2062,-0.00059928163
2063,0.0018458657
2064,0.007219271
2065,0.013928556
2066,0.020700632
2067,0.02241114
2068,0.01982798
2069,0.011544698
2070,0.00354709
2071,-0.00053924427
2072,0.0014070646
2073,0.00969304
2074,0.01876135
2075,0.022990732
2076,0.02366032
2077,0.020371698
2078,0.010746442
2079,0.0029415216
2080,-0.00060644257
2081,0.0022896053
2082,0.010601155
2083,0.018807529
2084,0.024599835
2085,0.027056081
2086,0.021385334
2087,0.011719369
2088,0.0037740106
2089,-0.00052563014
2090,0.0025747737
2091,0.014060484
2092,0.02797018
2093,0.035404224
2094,0.03679932
2095,0.03127912
2096,0.017090235
2097,0.0049339565
2098,-0.0005019501
2099,0.0022617502
2100,0.012108689
2101,0.023350768
2102,0.031692766
2103,0.031086614
2104,0.024197886
2105,0.01258388
2106,0.002931113
2107,-0.00015541137
2108,0.0033050356
2109,0.015641276
2110,0.02772288
2111,0.038198702
2112,0.039632853
2113,0.032466833
2114,0.017019045
2115,0.0039832755
2116,-8.506951e-05
2117,0.003364323
2118,0.016988093
2119,0.032670066
2120,0.046273146
2121,0.047019877
2122,0.03842783
2123,0.020333927
2124,0.005652515
2125,9.073527e-06
2126,0.0027376616
2127,0.018008042
2128,0.035164226
2129,0.045672804
2130,0.048022393
2131,0.038264185
2132,0.019544067
2133,0.0051585264
2134,-0.00012418011
2135,0.0035191097
2136,0.016727768
2137,0.033661768
2138,0.04676116
2139,0.048014063
2140,0.03892771
2141,0.021356637
2142,0.0068506417
2143,-0.0003700965
2144,0.0022968543
2145,0.01635949
2146,0.035747003
2147,0.05164608
2148,0.05630655
2149,0.0460515
2150,0.03097394
2151,0.011302254
2152,-0.00064760563
2153,0.00097934
2154,0.015971504
2155,0.037172373
2156,0.057599343
2157,0.06323684
2158,0.05305613
2159,0.032523207
2160,0.011027054
2161,-0.00021172495
2162,0.0023683116
2163,0.01768605
2164,0.03732008
2165,0.05188144
2166,0.05369119
2167,0.044359393
2168,0.026307683
2169,0.0091475295
2170,-0.00034676166
2171,0.001998342
2172,0.014939652
2173,0.031255275
2174,0.04723767
2175,0.052457035
2176,0.04511335
2177,0.028712176
2178,0.010860044
2179,-0.00021047285
2180,0.0011514211
2181,0.014189014
2182,0.03346516
2183,0.04880941
2184,0.057536803
2185,0.049857408
2186,0.032102115
2187,0.0118816765
2188,-0.00035125742
2189,0.0011221811
2190,0.015780162
2191,0.03689978
2192,0.054089773
2193,0.059034213
2194,0.0518703
2195,0.032760676
2196,0.0121950945
2197,-0.00031509722
2198,0.0016685268
2199,0.01712747
2200,0.038474053
2201,0.055661596
2202,0.057689097
2203,0.04659603
2204,0.027934296
2205,0.009218338
2206,-0.00068692135
2207,0.0021938533
2208,0.01592331
2209,0.034893375
2210,0.047809396
2211,0.0485753
2212,0.04162969
2213,0.023493314
2214,0.007476884
2215,-0.00061257085
2216,0.0020269528
2217,0.014133874
2218,0.03126703
2219,0.046348065
2220,0.04853541
2221,0.041100536
2222,0.025038306
2223,0.008365983
2224,-0.00043879572
2225,0.0024364656
2226,0.0143034095
2227,0.030355101
2228,0.043936364
2229,0.04742592
2230,0.040222052
2231,0.024249401
2232,0.0084157735
2233,-3.89606e-05
2234,0.0015341972
2235,0.012154442
2236,0.02753401
2237,0.03947011
2238,0.040269416
2239,0.033703502
2240,0.018432716
2241,0.0055470923
2242,-0.0005078154
2243,0.0017724446
2244,0.012185085
2245,0.025352173
2246,0.038539637
2247,0.042553656
2248,0.03480334
2249,0.019979902
2250,0.0064114076
2251,-0.0006094102
2252,0.0025405188
2253,0.014897287
2254,0.0303638
2255,0.03982052
2256,0.04228664
2257,0.03267249
2258,0.018514082
2259,0.0056687207
2260,-0.00029565278
2261,0.0023731182
2262,0.01589929
2263,0.032844704
2264,0.043248538
2265,0.042827018
2266,0.03452892
2267,0.019294817
2268,0.005954303
2269,-0.0007222772
2270,0.0037648368
2271,0.01711881
2272,0.032041624
2273,0.04350337
2274,0.04377576
2275,0.034586143
2276,0.019681698
2277,0.0067238254
2278,-0.00043168577
2279,0.0020421431
2280,0.012369387
2281,0.026597377
2282,0.03925017
2283,0.042804893
2284,0.03592564
2285,0.021449866
2286,0.0072314944
2287,-0.000290391
2288,0.002127001
2289,0.013668995
2290,0.028257422
2291,0.039407093
2292,0.042633247
2293,0.036454875
2294,0.023457536
2295,0.008714962
2296,0.00023151567
2297,0.0010920074
2298,0.011973106
2299,0.028520351
2300,0.04296826
2301,0.046886843
2302,0.04144451
2303,0.027561136
2304,0.010586146
2305,0.00019974622
2306,0.0015283772
2307,0.014199814
2308,0.032348156
2309,0.046432626
2310,0.048338603
2311,0.041612234
2312,0.025268603
2313,0.0093026245
2314,-6.783457e-05
2315,0.0018786382
2316,0.0144741135
2317,0.031462517
2318,0.045698535
2319,0.049791235
2320,0.04186998
2321,0.025605006
2322,0.009142821
2323,8.312799e-05
2324,0.0019326836
2325,0.0135769425
2326,0.029864144
2327,0.04164706
2328,0.044043094
2329,0.035165083
2330,0.021943217
2331,0.008160509
2332,4.6867295e-05
2333,0.0013769343
2334,0.011220256
2335,0.026198057
2336,0.039589684
2337,0.043857872
2338,0.037489176
2339,0.023629341
2340,0.008723593
2341,0.00021165214
2342,0.0011262463
2343,0.011820285
2344,0.027621346
2345,0.041266203
2346,0.045927595
2347,0.039376087
2348,0.024156766
2349,0.009106274
2350,0.0001877948
2351,0.0013261673
2352,0.010532722
2353,0.024736082
2354,0.03590418
2355,0.037052073
2356,0.029727772
2357,0.018280178
2358,0.0063443114
2359,-0.0002565585
2360,0.0018402716
2361,0.0118121905
2362,0.02300206
2363,0.031047206
2364,0.032276236
2365,0.02516087
2366,0.014099524
2367,0.0043229745
2368,-0.00054013357
2369,0.0016255828
2370,0.0098520145
2371,0.021883253
2372,0.029839382
2373,0.032244205
2374,0.024930807
2375,0.012985668
2376,0.0040537096
2377,-0.0005619615
2378,0.0021591824
2379,0.011551653
2380,0.023669539
2381,0.032057084
2382,0.034458175
2383,0.028705295
2384,0.016662577
2385,0.0054935915
2386,-0.0002852453
2387,0.0016617959
2388,0.01053497
2389,0.023066234
2390,0.033671163
2391,0.037173975
2392,0.031333458
2393,0.020241903
2394,0.0075162183
2395,0.00013662351
2396,0.0009173673
2397,0.009315188
2398,0.022033062
2399,0.03306553
2400,0.037679873
2401,0.03331281
2402,0.021112772
2403,0.008143437
2404,0.00015869952
2405,0.0010687151
2406,0.011132117
2407,0.026351996
2408,0.03802394
2409,0.043519143
2410,0.03649397
2411,0.024158796
2412,0.008881107
2413,0.00011003495
2414,0.0014853012
2415,0.012557942
2416,0.027660683
2417,0.03933157
2418,0.04242051
2419,0.034443818
2420,0.022449436
2421,0.008553948
2422,0.00021110987
2423,0.0012769892
2424,0.01206451
2425,0.026252188
2426,0.036595803
2427,0.03785273
2428,0.032687
2429,0.020703297
2430,0.007012065
2431,-0.0002707836
2432,0.0018387903
2433,0.010933783
2434,0.024466615
2435,0.033809286
2436,0.037753273
2437,0.032547466
2438,0.020340698
2439,0.007902077
2440,0.00015158218
2441,0.0010357935
2442,0.010915003
2443,0.025430711
2444,0.038944874
2445,0.04228063
2446,0.036461126
2447,0.023326786
2448,0.008829483
2449,0.00021711062
2450,0.0013629888
2451,0.01178834
2452,0.025645398
2453,0.038087483
2454,0.03892422
2455,0.03214704
2456,0.019272517
2457,0.0070234975
2458,-5.66495e-05
2459,0.0013748109
2460,0.011540919
2461,0.025219308
2462,0.034900133
2463,0.03630807
2464,0.031820394
2465,0.018533321
2466,0.0061478713
2467,-0.0003992745
2468,0.0015183935
2469,0.011039725
2470,0.02371668
2471,0.030148856
2472,0.03083613
2473,0.02307664
2474,0.014321574
2475,0.0047076154
2476,-0.00041171344
2477,0.0016234475
2478,0.010595838
2479,0.02146169
2480,0.03114303
2481,0.032869224
2482,0.02637119
2483,0.015461423
2484,0.005594684
2485,-0.00038428407
2486,0.0013249759
2487,0.010574456
2488,0.01970257
2489,0.026317429
2490,0.02729649
2491,0.022893548
2492,0.013915623
2493,0.004183931
2494,-0.0004475429
2495,0.0013790308
2496,0.009476491
2497,0.018013075
2498,0.02528248
2499,0.028725406
2500,0.024359206
2501,0.014262715
2502,0.0050094277
2503,-0.0003134621
2504,0.0015887902
2505,0.009364354
2506,0.020510267
2507,0.030969221
2508,0.035262182
2509,0.03077887
2510,0.018790321
2511,0.00687158
2512,-8.1465085e-05
2513,0.001153355
2514,0.009778565
2515,0.022655359
2516,0.033209004
2517,0.036843367
2518,0.03224828
2519,0.021216588
2520,0.0086737685
2521,0.0004759932
2522,0.0008114749
2523,0.010006421
2524,0.024422664
2525,0.03790312
2526,0.04385883
2527,0.038324956
2528,0.024619654
2529,0.0098590655
2530,0.0003857966
2531,0.001230528
2532,0.01197692
2533,0.026792843
2534,0.041137848
2535,0.044042245
2536,0.03596795
2537,0.021795137
2538,0.008717401
2539,9.842764e-05
2540,0.0018754415
2541,0.013832524
2542,0.029049436
2543,0.040751345
2544,0.04278953
2545,0.036119364
2546,0.022494921
2547,0.0083085345
2548,9.930553e-05
2549,0.0013123241
2550,0.0114966445
2551,0.027434027
2552,0.040992368
2553,0.04578942
2554,0.041123472
2555,0.025630843
2556,0.010111665
2557,0.0003116384
2558,0.0012896757
2559,0.012034374
2560,0.028378254
2561,0.041353628
2562,0.043633167
2563,0.036191765
2564,0.022246186
2565,0.008617386
2566,0.00012290385
2567,0.0016209846
2568,0.011732651
2569,0.02678595
2570,0.038828332
2571,0.042900953
2572,0.03687497
2573,0.023636278
2574,0.009334362
2575,0.00025083724
2576,0.0011974359
2577,0.01194207
2578,0.027597656
2579,0.041248064
2580,0.047993205
2581,0.041771516
2582,0.0270739
2583,0.0104765985
2584,0.00019199034
2585,0.0012424475
2586,0.013331587
2587,0.030474933
2588,0.04725679
2589,0.053180743
2590,0.045693096
2591,0.027553305
2592,0.010752139
2593,1.9340136e-05
2594,0.0017488995
2595,0.01457395
2596,0.0310671
2597,0.047125217
2598,0.049716465
2599,0.04357374
2600,0.028293783
2601,0.010675902
2602,-0.00015971129
2603,0.0014948798
2604,0.014416587
2605,0.03366581
2606,0.048933856
2607,0.054032043
2608,0.04643387
2609,0.029330147
2610,0.0108958045
2611,-0.00037574957
2612,0.0011049237
2613,0.015051215
2614,0.035232965
2615,0.05102709
2616,0.056936827
2617,0.047961555
2618,0.030017274
2619,0.010289562
2620,-0.00050166645
2621,0.0016851134
2622,0.017818507
2623,0.03971501
2624,0.05673074
2625,0.061883215
2626,0.05215454
2627,0.032541785
2628,0.011587576
2629,-0.00024956372
2630,0.0020608518
2631,0.017153466
2632,0.03572847
2633,0.05193382
2634,0.053411115
2635,0.045743205
2636,0.02962828
2637,0.010201684
2638,-0.00023393636
2639,0.0018934986
2640,0.015998138
2641,0.03524996
2642,0.047978546
2643,0.05275752
2644,0.04247786
2645,0.02453902
2646,0.007690628
2647,-0.00049384974
2648,0.002225393
2649,0.014211443
2650,0.028859109
2651,0.042669144
2652,0.04541594
2653,0.037613783
2654,0.024337439
2655,0.007856428
2656,-0.0006641009
2657,0.0019301276
2658,0.0141759515
2659,0.031757623
2660,0.04723718
2661,0.052232563
2662,0.040574383
2663,0.023846127
2664,0.007553041
2665,-0.0007236367
2666,0.0020507716
2667,0.016082533
2668,0.035450708
2669,0.05060102
2670,0.055333436
2671,0.04569917
2672,0.02804196
2673,0.009397369
2674,-0.0005384531
2675,0.000714158
2676,0.014819532
2677,0.034140047
2678,0.0512998
2679,0.055388257
2680,0.048752792
2681,0.03085645
2682,0.0106030805
2683,-0.00040824327
2684,0.0026954007
2685,0.019486919
2686,0.0419636
2687,0.058975067
2688,0.060709752
2689,0.053581886
2690,0.032810327
2691,0.011093764
2692,-0.00060029066
2693,0.0014728811
2694,0.016585939
2695,0.036227144
2696,0.051063064
2697,0.055091903
2698,0.04436986
2699,0.027675327
2700,0.008652086
2701,0.00015939667
2702,0.0019015879
2703,0.018900206
2704,0.041570995
2705,0.0600073
2706,0.06346675
2707,0.052039597
2708,0.03310741
2709,0.010890499
2710,-0.0007092673
2711,0.0020249356
2712,0.018515239
2713,0.039353944
2714,0.056979466
2715,0.060734037
2716,0.050179515
2717,0.030145427
2718,0.010347055
2719,-0.00068986055
2720,0.0020097855
2721,0.01723701
2722,0.03766818
2723,0.051948186
2724,0.055605464
2725,0.04502627
2726,0.026983535
2727,0.008407587
2728,-0.0006347902
2729,0.0019923123
2730,0.017641285
2731,0.038304973
2732,0.052740462
2733,0.052977253
2734,0.044600155
2735,0.02541684
2736,0.0074560284
2737,-0.0004600206
2738,0.0032721923
2739,0.017653478
2740,0.03461372
2741,0.04886617
2742,0.052683543
2743,0.040301498
2744,0.023047432
2745,0.006752006
2746,6.4230175e-05
2747,0.0015804741
2748,0.014810548
2749,0.031393457
2750,0.045655493
2751,0.048435926
2752,0.03624554
2753,0.019269861
2754,0.0042759753
2755,0.0012410337
2756,0.002777388
2757,0.019392658
2758,0.038537133
2759,0.05201821
2760,0.05189531
2761,0.039572984
2762,0.021740753
2763,0.0040284884
2764,0.0012431967
2765,0.0028642698
2766,0.019131776
2767,0.03598173
2768,0.04868609
2769,0.05061715
2770,0.040404208
2771,0.022485701
2772,0.0042036795
2773,0.0015515387
2774,0.003251058
2775,0.02057273
2776,0.04215316
2777,0.059673093
2778,0.059325848
2779,0.046249066
2780,0.023730407
2781,0.0052050906
2782,0.0019186647
2783,0.002081268
2784,0.019975156
2785,0.040152434
2786,0.051940847
2787,0.049515005
2788,0.04126112
2789,0.022134868
2790,0.0015814148
2791,0.0024054474
2792,0.0031959438
2793,0.022032987
2794,0.04266553
2795,0.05165885
2796,0.04760459
2797,0.036461655
2798,0.018360466
2799,0.0022250223
2800,0.0013628731
2801,0.005940882
2802,0.023726339
2803,0.03943428
2804,0.050864592
2805,0.051292535
2806,0.037976664
2807,0.016978772
2808,0.002156051
2809,0.0009616724
2810,0.004719344
2811,0.022206137
2812,0.0403333
2813,0.049869202
2814,0.053267185
2815,0.04339748
2816,0.023960156
2817,0.006295508
2818,0.00062571163
2819,0.0029608943
2820,0.020255247
2821,0.041994166
2822,0.056693852
2823,0.057531964
2824,0.04842154
2825,0.027890544
2826,0.0075809886
2827,0.00038875
2828,0.0021125413
2829,0.020169549
2830,0.044685453
2831,0.06440975
2832,0.0640833
2833,0.051633094
2834,0.03160404
2835,0.010388614
2836,-7.7297445e-05
2837,0.0014480213
2838,0.017784353
2839,0.039076805
2840,0.060029477
2841,0.06484717
2842,0.054418392
2843,0.0325113
2844,0.011058478
2845,0.0006002103
2846,0.00014630519
2847,0.01792103
2848,0.04269048
2849,0.06479229
2850,0.069095924
2851,0.054847717
2852,0.033043154
2853,0.009282978
2854,0.00072440994
2855,0.0021399134
2856,0.021386867
2857,0.043417316
2858,0.060703203
2859,0.06497794
2860,0.054062504
2861,0.03155393
2862,0.00891021
2863,0.00043287658
2864,0.0026339144
2865,0.019377211
2866,0.0399427
2867,0.056233283
2868,0.06123453
2869,0.049636334
2870,0.030027859
2871,0.008232124
2872,0.0005880689
2873,0.0016120824
2874,0.017539458
2875,0.036907524
2876,0.055440616
2877,0.059522804
2878,0.04882445
2879,0.030767312
2880,0.009059892
2881,0.000725714
2882,0.0013045471
2883,0.019549
2884,0.044383787
2885,0.06255099
2886,0.06556116
2887,0.051243678
2888,0.03001807
2889,0.009622406
2890,0.0006710208
2891,0.0022611069
2892,0.02281715
2893,0.050349534
2894,0.067853995
2895,0.06646919
2896,0.055114277
2897,0.03224541
2898,0.009364466
2899,0.00055731647
2900,0.0020462363
2901,0.019237926
2902,0.041853804
2903,0.061381016
2904,0.06781235
2905,0.0550813
2906,0.034285642
2907,0.012044535
2908,-0.00069057755
2909,0.0017624765
2910,0.019382773
2911,0.042281915
2912,0.060142603
2913,0.06595194
2914,0.055785514
2915,0.033618253
2916,0.011452557
2917,-0.00065452245
2918,0.0018158159
2919,0.017555935
2920,0.03948605
2921,0.05594021
2922,0.061767474
2923,0.05312179
2924,0.03340899
2925,0.011926135
2926,-0.0002945226
2927,0.0022475868
2928,0.017306173
2929,0.037436187
2930,0.051634405
2931,0.056053143
2932,0.046113852
2933,0.02789807
2934,0.009789635
2935,-0.00032384536
2936,0.0019021624
2937,0.015086624
2938,0.032662265
2939,0.046842255
2940,0.053857602
2941,0.0464347
2942,0.029488375
2943,0.010907234
2944,4.7098263e-05
2945,0.0018252737
2946,0.014425024
2947,0.032255188
2948,0.046081066
2949,0.050142724
2950,0.042899143
2951,0.027335878
2952,0.010356746
2953,3.229681e-05
2954,0.0014101105
2955,0.013757284
2956,0.03203555
2957,0.046105586
2958,0.051373415
2959,0.043402147
2960,0.026860792
2961,0.00968748
2962,-0.00032728567
2963,0.0017183194
2964,0.015024375
2965,0.03398459
2966,0.04884029
2967,0.051461153
2968,0.045302078
2969,0.027189162
2970,0.009898275
2971,-0.00034697558
2972,0.0014574681
2973,0.015612743
2974,0.034595575
2975,0.049557827
2976,0.054950405
2977,0.046333708
2978,0.028543247
2979,0.009256598
2980,-0.0005634562
2981,0.0017633804
2982,0.015780626
2983,0.03469673
2984,0.049952097
2985,0.05797096
2986,0.048211433
2987,0.03000368
2988,0.009999302
2989,-0.0007323298
2990,0.0016274987
2991,0.018035933
2992,0.040703636
2993,0.058580477
2994,0.060016777
2995,0.051375564
2996,0.030880392
2997,0.009972315
2998,-0.00032774464
2999,0.0024381352
3000,0.016526172
3001,0.03617509
3002,0.05047848
3003,0.05161031
3004,0.04219814
3005,0.02577715
3006,0.008850905
3007,-0.00022838148
3008,0.0022183198
3009,0.014874999
3010,0.03195289
3011,0.04577113
3012,0.04911624
3013,0.039536677
3014,0.023723904
3015,0.008913183
3016,-8.916471e-05
3017,0.001834525
3018,0.013742018
3019,0.030672833
3020,0.04396461
3021,0.04518917
3022,0.036829535
3023,0.022996075
3024,0.008633385
3025,-0.0001311113
3026,0.0019355344
3027,0.014553537
3028,0.031434964
3029,0.044876266
3030,0.048538167
3031,0.041006844
3032,0.025329797
3033,0.008951677
3034,0.00011704868
3035,0.0017253303
3036,0.0133638
3037,0.028769674
3038,0.04052699
3039,0.044324107
3040,0.0363296
3041,0.022752741
3042,0.0082429955
3043,1.3366982e-05
3044,0.0016622405
3045,0.012542657
3046,0.026255693
3047,0.037072502
3048,0.039962005
3049,0.032931153
3050,0.020777868
3051,0.007837297
3052,0.0001508497
3053,0.0010253724
3054,0.00984448
3055,0.022778785
3056,0.034406953
3057,0.037503365
3058,0.034875818
3059,0.021918207
3060,0.008497447
3061,0.00042693585
3062,0.0011017113
3063,0.0110843135
3064,0.024114424
3065,0.034411374
3066,0.039974276
3067,0.03250985
3068,0.020381965
3069,0.0074511035
3070,-5.9962564e-05
3071,0.0012472193
3072,0.010531745
3073,0.021758312
3074,0.030186098
3075,0.034275517
3076,0.029990524
3077,0.018922191
3078,0.007257201
3079,8.855178e-05
3080,0.0012009225
3081,0.0099378675
3082,0.024257125
3083,0.03683784
3084,0.041858833
3085,0.036371
3086,0.022970825
3087,0.008394921
3088,0.00023097591
3089,0.0009125521
3090,0.010915861
3091,0.02360745
3092,0.032739304
3093,0.036336496
3094,0.02987433
3095,0.019978976
3096,0.0074184574
3097,0.00010911253
3098,0.000937138
3099,0.009773105
3100,0.022667222
3101,0.03378899
3102,0.036507916
3103,0.031411752
3104,0.0196714
3105,0.007520337
3106,0.00029517716
3107,0.00042691274
3108,0.007400455
3109,0.018236088
3110,0.029010853
3111,0.03274857
3112,0.02793231
3113,0.018063983
3114,0.0066230074
3115,-0.000110060326
3116,0.0010684552
3117,0.009765066
3118,0.019818846
3119,0.029832346
3120,0.03292066
3121,0.026002204
3122,0.015588495
3123,0.0057717874
3124,-0.0002712874
3125,0.0017129323
3126,0.010811573
3127,0.023723338
3128,0.03444472
3129,0.036608983
3130,0.030418996
3131,0.016619617
3132,0.005541098
3133,-0.0004301126
3134,0.002514208
3135,0.01314841
3136,0.0282027
3137,0.0392232
3138,0.043309413
3139,0.036131274
3140,0.022099787
3141,0.007935085
3142,2.721016e-05
3143,0.0014206965
3144,0.012390239
3145,0.027104724
3146,0.040406574
3147,0.043540936
3148,0.035364762
3149,0.023538878
3150,0.008415016
3151,-9.502162e-05
3152,0.0017375557
3153,0.013915996
3154,0.029300451
3155,0.04339008
3156,0.0453431
3157,0.0393232
3158,0.023857178
3159,0.009425298
3160,4.781282e-05
3161,0.0018707429
3162,0.014874179
3163,0.031631187
3164,0.044045977
3165,0.04586615
3166,0.039929736
3167,0.023741094
3168,0.008936967
3169,-0.00023366738
3170,0.0017040853
3171,0.014435524
3172,0.032309517
3173,0.047012568
3174,0.05002498
3175,0.04072759
3176,0.026602302
3177,0.00971422
3178,-8.614117e-05
3179,0.001822657
3180,0.0137014
3181,0.03163474
3182,0.045410927
3183,0.050367203
3184,0.04163801
3185,0.025057307
3186,0.008837699
3187,-0.00013590249
3188,0.0017758891
3189,0.013618148
3190,0.030103572
3191,0.044063754
3192,0.048355766
3193,0.040756386
3194,0.025380233
3195,0.0095995255
3196,9.817141e-05
3197,0.0016246011
3198,0.01334263
3199,0.030541562
3200,0.043832403
3201,0.04845944
3202,0.039552383
3203,0.024594156
3204,0.009199088
3205,-1.2422446e-05
3206,0.0017745786
3207,0.012326051
3208,0.026015958
3209,0.037789486
3210,0.041244235
3211,0.035516486
3212,0.022446312
3213,0.008234157
3214,-9.361256e-05
3215,0.0018359479
3216,0.012635744
3217,0.026587272
3218,0.036580354
3219,0.040642913
3220,0.033592008
3221,0.020486
3222,0.0075271246
3223,0.00015950843
3224,0.00100202
3225,0.009313241
3226,0.020935949
3227,0.032986518
3228,0.034451503
3229,0.026430478
3230,0.016235307
3231,0.005404172
3232,-0.00040902576
3233,0.001888299
3234,0.011420619
3235,0.022714417
3236,0.031877827
3237,0.034728438
3238,0.029810982
3239,0.018349772
3240,0.0068711946
3241,9.8936085e-05
3242,0.0011864924
3243,0.011530339
3244,0.026033178
3245,0.037427273
3246,0.040486783
3247,0.034912232
3248,0.023378395
3249,0.008828238
3250,6.3445594e-05
3251,0.001600466
3252,0.013251379
3253,0.02798722
3254,0.041167106
3255,0.04340969
3256,0.035832014
3257,0.021824857
3258,0.0075906035
3259,-2.8405862e-05
3260,0.0015153743
3261,0.010710538
3262,0.024078595
3263,0.036919255
3264,0.04216656
3265,0.036277868
3266,0.023082038
3267,0.008937327
3268,0.00023274473
3269,0.0014465115
3270,0.011582675
3271,0.025760889
3272,0.037616022
3273,0.041386522
3274,0.035562586
3275,0.023001367
3276,0.008854328
3277,0.00032274477
3278,0.0011484511
3279,0.010752182
3280,0.025357287
3281,0.038802806
3282,0.042648174
3283,0.03653042
3284,0.023350712
3285,0.009227607
3286,0.00030288997
3287,0.0012705276
3288,0.011764781
3289,0.028168838
3290,0.040358767
3291,0.045098297
3292,0.04083793
3293,0.026065
3294,0.009482661
3295,0.000100435806
3296,0.0013929629
3297,0.0133473445
3298,0.030193947
3299,0.044343814
3300,0.049594823
3301,0.04168416
3302,0.028279405
3303,0.010840801
3304,-0.00021375611
3305,0.0008865746
3306,0.013430376
3307,0.032076444
3308,0.049297784
3309,0.058076024
3310,0.0474294
3311,0.030944603
3312,0.0112724835
3313,-0.0004547657
3314,0.0019448926
3315,0.016305083
3316,0.03632442
3317,0.05269976
3318,0.057001952
3319,0.046905335
3320,0.02827878
3321,0.010039559
3322,-0.0002273533
3323,0.0020304683
3324,0.015373499
3325,0.032500975
3326,0.04925929
3327,0.053263407
3328,0.044749334
3329,0.026322803
3330,0.010097028
3331,-0.00036677768
3332,0.001467949
3333,0.013885264
3334,0.03253751
3335,0.045858577
3336,0.050313927
3337,0.046118412
3338,0.03071487
3339,0.0111393435
3340,-0.00026782922
3341,0.0017138433
3342,0.016051913
3343,0.034734577
3344,0.051526986
3345,0.055501174
3346,0.04643287
3347,0.02817428
3348,0.009969552
3349,-0.00062563916
3350,0.001635361
3351,0.015386916
3352,0.034165643
3353,0.052253217
3354,0.05814089
3355,0.046450313
3356,0.029206239
3357,0.010412166
3358,-0.0003185807
3359,0.0021158939
3360,0.016625945
3361,0.03513939
3362,0.051634643
3363,0.052697748
3364,0.04212895
3365,0.026982144
3366,0.00936979
3367,-0.00047120213
3368,0.0022152923
3369,0.016162029
3370,0.034232844
3371,0.048626766
3372,0.05234207
3373,0.044413015
3374,0.027158568
3375,0.010654413
3376,-0.00011729618
3377,0.0015613623
3378,0.015217526
3379,0.034491792
3380,0.05056557
3381,0.05553977
3382,0.045651004
3383,0.029262144
3384,0.010212584
3385,-5.924143e-06
3386,0.002092459
3387,0.0161849
3388,0.034585852
3389,0.04865766
3390,0.05070011
3391,0.040623404
3392,0.025125802
3393,0.008299999
3394,-0.00030876222
3395,0.002042643
3396,0.01498506
3397,0.032554664
3398,0.045987442
3399,0.04884923
3400,0.04133938
3401,0.02478292
3402,0.0093125235
3403,-7.4282e-05
3404,0.0016114981
3405,0.014447822
3406,0.031084035
3407,0.04582371
3408,0.04966303
3409,0.041505177
3410,0.025191752
3411,0.009053983
3412,-0.0003194001
3413,0.001953167
3414,0.013546794
3415,0.029446812
3416,0.04357155
3417,0.046081636
3418,0.039357945
3419,0.024326464
3420,0.008257961
3421,-0.0002519582
3422,0.0021782226
3423,0.014198692
3424,0.030254038
3425,0.042434637
3426,0.044880867
3427,0.040007092
3428,0.025494618
3429,0.009452171
3430,8.717558e-05
3431,0.0012697926
3432,0.012017079
3433,0.027423065
3434,0.038067576
3435,0.04370212
3436,0.037734576
3437,0.02364922
3438,0.007789631
3439,-0.00028656548
3440,0.0022818565
3441,0.013392107
3442,0.029828055
3443,0.040446337
3444,0.043596677
3445,0.036166944
3446,0.023092214
3447,0.008688053
3448,-3.426615e-05
3449,0.0019065719
3450,0.013360349
3451,0.029177379
3452,0.04146532
3453,0.04471474
3454,0.0376864
3455,0.023624485
3456,0.00892212
3457,0.00014485861
3458,0.0016356204
3459,0.012101545
3460,0.026432151
3461,0.037556157
3462,0.03913945
3463,0.03197401
3464,0.02103615
3465,0.0077212723
3466,2.7668604e-05
3467,0.0015825026
3468,0.0111266
3469,0.023354396
3470,0.03431719
3471,0.039253898
3472,0.034048457
3473,0.021579599
3474,0.007661935
3475,-3.6911806e-05
3476,0.0013089846
3477,0.010964925
3478,0.023213346
3479,0.0325683
3480,0.03720979
3481,0.032312177
3482,0.020254795
3483,0.007065845
3484,-4.432982e-05
3485,0.0013217069
3486,0.010349757
3487,0.023831502
3488,0.03515127
3489,0.038164843
3490,0.035000555
3491,0.022729108
3492,0.009484651
3493,0.00040294346
3494,0.0011513614
3495,0.011483125
3496,0.02698199
3497,0.03823854
3498,0.044142317
3499,0.037435733
3500,0.023251422
3501,0.008166023
3502,0.00011163822
3503,0.0013974549
3504,0.011068563
3505,0.024781162
3506,0.036150336
3507,0.039732818
3508,0.034022942
3509,0.021449152
3510,0.008612251
3511,0.00029463874
3512,0.0010562323
3513,0.010651913
3514,0.02405399
3515,0.036565833
3516,0.039730705
3517,0.033870358
3518,0.021106988
3519,0.008098992
3520,8.213043e-05
3521,0.0010607165
3522,0.009904587
3523,0.022558086
3524,0.0327906
3525,0.036412235
3526,0.032120906
3527,0.020927146
3528,0.008260804
3529,0.00049413234
3530,0.0005633268
3531,0.0082416395
3532,0.019998038
3533,0.029611725
3534,0.03557242
3535,0.031356514
3536,0.02046729
3537,0.0071551977
3538,-0.00021402459
3539,0.0014300204
3540,0.01054622
3541,0.02313767
3542,0.03200559
3543,0.034145296
3544,0.02742406
3545,0.015911026
3546,0.0055350033
3547,-0.00016843813
3548,0.0012319055
3549,0.009405006
3550,0.019977424
3551,0.030222552
3552,0.032148816
3553,0.026612964
3554,0.016250761
3555,0.005549819
3556,-0.0004419747
3557,0.0014628007
3558,0.009763546
3559,0.019192308
3560,0.025804754
3561,0.028788147
3562,0.024368143
3563,0.0147129465
3564,0.00481397
3565,-0.00036838223
3566,0.0008850846
3567,0.009131629
3568,0.019663982
3569,0.028197953
3570,0.031174323
3571,0.027023574
3572,0.017604044
3573,0.007121698
3574,1.9396393e-05
3575,-7.093148e-05
3576,0.007293383
3577,0.016889008
3578,0.02698011
3579,0.030144332
3580,0.026395418
3581,0.017740464
3582,0.007354794
3583,0.0003011673
3584,6.7328685e-05
3585,0.0068436684
3586,0.018179582
3587,0.028584378
3588,0.03339919
3589,0.029824704
3590,0.019728966
3591,0.007893163
3592,0.0003344056
3593,0.00015727198
3594,0.007345487
3595,0.019134616
3596,0.02888441
3597,0.034694813
3598,0.030269763
3599,0.019572636
3600,0.007475285
3601,-0.00032581587
3602,-0.00045337118
3603,0.0009358707
3604,0.0044562896
3605,0.006250054
3606,0.008781539
3607,0.005255631
3608,0.004260904
3609,0.00087060104
3610,-0.00066893024
3611,-7.678376e-05
3612,-0.00011852794
3613,0.0036222402
3614,0.0022263054
3615,0.0057377657
3616,0.0050049042
3617,0.0029011264
3618,0.00013166456
3619,-0.0001650753
3620,-0.0002736973
3621,0.0024248164
3622,0.006169233
3623,0.009999592
3624,0.009673416
3625,0.008220865
3626,0.004003163
3627,0.00076301733
3628,-0.0005353644
3629,-0.00020303542
3630,0.0029436175
3631,0.0051973006
3632,0.00901556
3633,0.008821266
3634,0.006419414
3635,0.0034145154
3636,0.0009704372
3637,-0.00050580397
3638,0.0001597986
3639,0.0010802099
3640,0.004403097
3641,0.008869838
3642,0.008175588
3643,0.0061359224
3644,0.003877659
3645,0.00076559384
3646,0.00010054029
3647,0.0012778942
3648,0.0015405207
3649,0.0002197143
3650,0.0007577204
3651,0.0027019652
3652,0.0030728527
3653,0.0023213332
3654,0.0007739871
3655,0.000106732594
3656,0.0018603884
3657,0.0019488478
3658,0.00040082238
3659,0.0040872428
3660,0.006983023
3661,0.006976748
3662,0.0043548895
3663,0.0014210162
3664,-1.0316027e-05
3665,-0.0001974942
3666,0.0027443722
3667,0.006698458
3668,0.011191112
3669,0.014339263
3670,0.011900291
3671,0.007844481
3672,0.0025106529
3673,-0.00019351154
3674,-0.00027596467
3675,0.0044033173
3676,0.011778441
3677,0.01800206
3678,0.021450948
3679,0.01720216
3680,0.010844113
3681,0.004078401
3682,-0.00030816224
3683,-9.96032e-06
3684,0.0034332278
3685,0.0111729605
3686,0.018318288
3687,0.019244974
3688,0.01623934
3689,0.0109418435
3690,0.003887231
3691,-0.00032484726
3692,-0.00018839049
3693,0.0030995952
3694,0.007979191
3695,0.012639447
3696,0.013293432
3697,0.012653934
3698,0.008790566
3699,0.0031160288
3700,-0.00026982016
3701,-2.6066322e-05
3702,0.0036112599
3703,0.009239459
3704,0.014499922
3705,0.01610931
3706,0.0145885255
3707,0.008738505
3708,0.0026971968
3709,-2.6084977e-05
3710,6.8226655e-05
3711,0.003286153
3712,0.008934238
3713,0.012683811
3714,0.0145474505
3715,0.013711454
3716,0.009282333
3717,0.0031999866
3718,-0.00032677257
3719,-0.00019044094
3720,0.0020242885
3721,0.007500093
3722,0.011871904
3723,0.012478346
3724,0.010442477
3725,0.007461597
3726,0.0027533523
3727,9.4046176e-05
3728,0.00021405428
3729,0.0017290071
3730,0.008445873
3731,0.011797448
3732,0.014916866
3733,0.0111739915
3734,0.006206867
3735,0.0020825008
3736,-0.00016188886
3737,0.0014108988
3738,0.0013880209
3739,0.0012273841
3740,0.0049318834
3741,0.0072474014
3742,0.008602282
3743,0.0062369904
3744,0.0017616579
3745,0.00051436026
3746,0.0011828262
3747,0.0011521494
3748,0.0061388416
3749,0.010438118
3750,0.0117299
3751,0.010391674
3752,0.006513414
3753,0.0026458637
3754,-0.00033171498
3755,0.0005868308
3756,0.00085862656
3757,0.0038788044
3758,0.008836812
3759,0.013298755
3760,0.011602284
3761,0.0068349554
3762,0.0020686984
3763,-2.0246749e-05
3764,0.000946713
3765,0.00018141838
3766,0.0019240357
3767,0.0050618253
3768,0.005832174
3769,0.008173419
3770,0.0054425187
3771,0.0017648696
3772,0.00081362866
3773,0.0018730857
3774,0.000116213574
3775,0.0052766367
3776,0.0077253496
3777,0.008315645
3778,0.0074236896
3779,0.0049541714
3780,0.0018620205
3781,0.0010008442
3782,0.0041505974
3783,0.0051633986
3784,0.0030469652
3785,0.00013456769
3786,0.0033249392
3787,0.004936512
3788,0.0042311726
3789,0.0015793653
3790,0.00067756855
3791,0.0021528238
3792,0.0024250322
3793,0.0018954598
3794,0.001968038
3795,0.005551888
3796,0.0067920685
3797,0.0051546544
3798,0.002084627
3799,-0.0003277708
3800,0.00034984632
3801,0.0006120751
3802,0.004696681
3803,0.006868406
3804,0.00943655
3805,0.008083724
3806,0.0059475647
3807,0.0016973632
3808,0.0008719588
3809,0.0025803815
3810,0.0031275935
3811,0.0014426282
3812,0.0029471582
3813,0.0038133378
3814,0.0059331236
3815,0.004472871
3816,0.00132929
3817,0.0010687943
3818,0.0036427728
3819,0.002570823
3820,0.00011521616
3821,0.005253441
3822,0.006563715
3823,0.006323537
3824,0.0048257904
3825,0.0019196663
3826,0.0002568924
3827,0.0023544896
3828,0.002948489
3829,0.0008332376
3830,0.006394071
3831,0.007884598
3832,0.007711945
3833,0.0051289806
3834,0.0020898634
3835,0.00054904434
3836,0.0021410524
3837,0.00014163277
3838,0.0028945855
3839,0.007315737
3840,0.010294678
3841,0.008688302
3842,0.005814846
3843,0.0019354774
3844,0.00089252664
3845,0.0034672865
3846,0.002843902
3847,4.558562e-05
3848,0.0024315964
3849,0.006692976
3850,0.0076103313
3851,0.006096872
3852,0.0022189312
3853,0.00018059206
3854,0.000691276
3855,0.0009115541
3856,0.0066618803
3857,0.01333553
3858,0.014787282
3859,0.014049368
3860,0.009516957
3861,0.003412153
3862,0.00017168064
3863,0.0008518618
3864,0.001712782
3865,0.005990815
3866,0.012312072
3867,0.0134034455
3868,0.011355131
3869,0.007944313
3870,0.0030035486
3871,0.00031559923
3872,0.0016859164
3873,0.00016964537
3874,0.0068090823
3875,0.011244077
3876,0.013132483
3877,0.01267564
3878,0.00827058
3879,0.0026383358
3880,0.0006493938
3881,0.001640989
3882,0.0009495693
3883,0.007156747
3884,0.011192761
3885,0.014797655
3886,0.014683881
3887,0.010407151
3888,0.004106819
3889,2.8828334e-05
3890,0.0004635436
3891,0.003913061
3892,0.012771345
3893,0.019677864
3894,0.021693243
3895,0.020068107
3896,0.013079292
3897,0.0050383746
3898,-0.000115853356
3899,0.00025694186
3900,0.0038393354
3901,0.011683121
3902,0.018973868
3903,0.023761734
3904,0.021020416
3905,0.014023074
3906,0.0060065994
3907,-0.00014943244
3908,0.0005049645
3909,0.0031861367
3910,0.011749901
3911,0.018188337
3912,0.020476704
3913,0.018505104
3914,0.01239927
3915,0.0043961303
3916,-2.3207394e-06
3917,0.0011420638
3918,0.0013532627
3919,0.0085460115
3920,0.015899662
3921,0.016961187
3922,0.01582744
3923,0.0101437615
3924,0.003674649
3925,0.00031287933
3926,0.0017071858
3927,0.00048906676
3928,0.007342131
3929,0.0142964395
3930,0.015824337
3931,0.015277582
3932,0.009787588
3933,0.0035100728
3934,0.00042493487
3935,0.0013476805
3936,0.00094953
3937,0.006170477
3938,0.012946099
3939,0.01570681
3940,0.015376594
3941,0.0111473305
3942,0.0044258996
3943,-9.553545e-05
3944,0.0011874328
3945,0.0018692656
3946,0.007464443
3947,0.01501727
3948,0.019417388
3949,0.017767826
3950,0.010987073
3951,0.00401829
3952,0.00029925432
3953,0.0019397318
3954,0.001001451
3955,0.007174421
3956,0.011745276
3957,0.01423408
3958,0.012823381
3959,0.009124886
3960,0.0033811484
3961,0.00023917377
3962,0.00095631386
3963,0.002146745
3964,0.009051978
3965,0.01630966
3966,0.018734775
3967,0.016501445
3968,0.011314015
3969,0.0046688104
3970,-0.00021032496
3971,0.00017842639
3972,0.00298358
3973,0.009675942
3974,0.017999243
3975,0.022752287
3976,0.020165686
3977,0.013306802
3978,0.005059777
3979,-0.0004087383
3980,-0.00036680247
3981,0.004786285
3982,0.014208712
3983,0.022397066
3984,0.025801359
3985,0.021463899
3986,0.013795754
3987,0.005647928
3988,-1.7175771e-05
3989,3.064124e-05
3990,0.0061657755
3991,0.014661885
3992,0.024839757
3993,0.026980087
3994,0.025087805
3995,0.016184703
3996,0.00580662
3997,-0.00032265543
3998,0.00015012661
3999,0.0062620053
4000,0.016392987
4001,0.02515075
4002,0.02848425
4003,0.025870612
4004,0.016192881
4005,0.0066318973
4006,5.765658e-05
4007,0.00045394432
4008,0.008017534
4009,0.019596456
4010,0.02965972
4011,0.032988455
4012,0.02865153
4013,0.01848649
4014,0.0070915082
4015,-0.00010565703
4016,8.218363e-05
4017,0.0073052724
4018,0.017880395
4019,0.026853811
4020,0.030183762
4021,0.026448771
4022,0.017563976
4023,0.007066648
4024,0.00017569325
4025,1.6713631e-05
4026,0.0066276845
4027,0.017556153
4028,0.026920214
4029,0.031867974
4030,0.028108
4031,0.018472524
4032,0.007272123
4033,-2.745373e-05
4034,-0.00012868419
4035,0.0072780983
4036,0.017828928
4037,0.026947465
4038,0.030289652
4039,0.026408106
4040,0.017187709
4041,0.0067835846
4042,6.099866e-05
4043,-0.00034945985
4044,0.0060837236
4045,0.016235288
4046,0.0242787
4047,0.02925372
4048,0.025450155
4049,0.017279565
4050,0.0067939246
4051,-0.000100942096
4052,-0.00032841935
4053,0.005684353
4054,0.016577648
4055,0.026524313
4056,0.02963047
4057,0.02546954
4058,0.015804425
4059,0.006361212
4060,-0.00012706142
4061,-0.00017980831
4062,0.0057467357
4063,0.01531651
4064,0.024591498
4065,0.028077316
4066,0.024839731
4067,0.016414829
4068,0.0065790666
4069,-0.00018704735
4070,-5.5587385e-05
4071,0.0045664613
4072,0.012959381
4073,0.021456843
4074,0.024460528
4075,0.021615382
4076,0.014791726
4077,0.0055042766
4078,0.0001627779
4079,0.0007126503
4080,0.0034097012
4081,0.01184889
4082,0.018305818
4083,0.021770522
4084,0.019252352
4085,0.0123544615
4086,0.00457847
4087,7.322416e-05
4088,0.0009483006
4089,0.0018377169
4090,0.008677915
4091,0.016939085
4092,0.021495141
4093,0.019995557
4094,0.013160479
4095,0.0047941464
4096,0.00019907864
4097,0.0006051535
4098,0.0038288382
4099,0.0115997465
4100,0.018773105
4101,0.023588426
4102,0.021170897
4103,0.015336456
4104,0.0066093146
4105,-0.00012214783
4106,0.00062053686
4107,0.0040070503
4108,0.012557674
4109,0.02174637
4110,0.025394544
4111,0.02397097
4112,0.016169189
4113,0.006252634
4114,-7.7200035e-05
4115,0.0005908866
4116,0.0042679654
4117,0.012780567
4118,0.020538738
4119,0.024526218
4120,0.022776458
4121,0.015507232
4122,0.006587612
4123,-0.00028827882
4124,0.00082205364
4125,0.0043305703
4126,0.013226067
4127,0.02087491
4128,0.02418212
4129,0.0218674
4130,0.014655356
4131,0.0062646093
4132,-0.00022831911
4133,0.00086959277
4134,0.0035468708
4135,0.012678389
4136,0.019952152
4137,0.023694275
4138,0.022754911
4139,0.014980315
4140,0.0061960886
4141,-0.00032760995
4142,0.00064368465
4143,0.0044604074
4144,0.012756966
4145,0.021908965
4146,0.025735985
4147,0.022863062
4148,0.014928321
4149,0.0061124084
4150,-0.0002413847
4151,0.00074210984
4152,0.003778085
4153,0.012325821
4154,0.020951185
4155,0.024452807
4156,0.022026153
4157,0.014973478
4158,0.0061308662
4159,-0.00024947184
4160,0.0007254983
4161,0.0031993426
4162,0.010961295
4163,0.017852211
4164,0.021816071
4165,0.020025788
4166,0.013580483
4167,0.005125598
4168,9.441879e-05
4169,0.00125151
4170,0.0021293908
4171,0.010241927
4172,0.018283146
4173,0.022285633
4174,0.019489666
4175,0.0137929125
4176,0.0057979883
4177,-0.00022510863
4178,0.00036581932
4179,0.004049848
4180,0.0128820045
4181,0.020787902
4182,0.025865223
4183,0.022692248
4184,0.015168345
4185,0.006083232
4186,-0.0001733892
4187,0.0003983085
4188,0.0046036914
4189,0.012725505
4190,0.02130322
4191,0.025226947
4192,0.023189982
4193,0.015786668
4194,0.0067199827
4195,-9.7871525e-06
4196,0.0005087915
4197,0.004417943
4198,0.013979809
4199,0.022701621
4200,0.026419027
4201,0.023290232
4202,0.015356254
4203,0.0062155654
4204,-3.999978e-05
4205,0.00029231532
4206,0.0036578495
4207,0.012270768
4208,0.021744844
4209,0.027082274
4210,0.023768408
4211,0.016041279
4212,0.006139707
4213,-0.0002826224
4214,0.0001606555
4215,0.0048312396
4216,0.013625867
4217,0.021811942
4218,0.026016124
4219,0.02434716
4220,0.016995585
4221,0.0073077963
4222,0.00022121027
4223,0.0001382509
4224,0.0047134473
4225,0.013769635
4226,0.02327195
4227,0.026791679
4228,0.022878174
4229,0.014913721
4230,0.005477642
4231,0.00012749693
4232,0.00033085476
4233,0.0042660767
4234,0.013190552
4235,0.020653678
4236,0.023961674
4237,0.021669775
4238,0.014173888
4239,0.0059130006
4240,-0.00021028199
4241,0.0005852834
4242,0.0036115726
4243,0.012727208
4244,0.021536898
4245,0.025772808
4246,0.023901632
4247,0.01660992
4248,0.006958757
4249,3.5751553e-05
4250,0.00020447478
4251,0.004294993
4252,0.014352638
4253,0.022972314
4254,0.027241724
4255,0.023814674
4256,0.016596392
4257,0.00674522
4258,-0.00023176128
4259,8.358748e-05
4260,0.005361434
4261,0.014327039
4262,0.021690315
4263,0.024510624
4264,0.022424553
4265,0.01579228
4266,0.006427663
4267,-0.00014537387
4268,-0.0002131062
4269,0.0058912113
4270,0.015620402
4271,0.023826798
4272,0.028149227
4273,0.025431015
4274,0.01678618
4275,0.006761598
4276,-7.574892e-05
4277,-0.00026212886
4278,0.005433612
4279,0.015315419
4280,0.02317592
4281,0.028707067
4282,0.025706004
4283,0.017577074
4284,0.0074558323
4285,0.0003362289
4286,-0.0003513153
4287,0.006282275
4288,0.016976504
4289,0.027584434
4290,0.031245628
4291,0.026830552
4292,0.017018583
4293,0.0063384087
4294,-0.00018559067
4295,-0.00024520434
4296,0.0058223223
4297,0.015758693
4298,0.024146628
4299,0.028460974
4300,0.025566062
4301,0.017154071
4302,0.0067772437
4303,-0.00026150397
4304,-9.8770804e-05
4305,0.0056270873
4306,0.015095203
4307,0.022839718
4308,0.027178187
4309,0.02369129
4310,0.01568041
4311,0.006264891
4312,-0.00019642306
4313,0.00011286681
4314,0.0052715554
4315,0.014058051
4316,0.021764506
4317,0.026840212
4318,0.02456495
4319,0.016809748
4320,0.0072031533
4321,0.00041430246
4322,-0.00031135956
4323,0.005356966
4324,0.015897809
4325,0.02694817
4326,0.03141816
4327,0.02716355
4328,0.018697383
4329,0.007465325
4330,0.00012791567
4331,-0.00018965264
4332,0.0066490513
4333,0.01744503
4334,0.027356416
4335,0.030934095
4336,0.027211512
4337,0.018056922
4338,0.007613067
4339,0.00037188144
4340,0.000145784
4341,0.007460078
4342,0.019431232
4343,0.029817387
4344,0.03436707
4345,0.030222338
4346,0.019097961
4347,0.0073192995
4348,0.000106772146
4349,0.0003281095
4350,0.007653201
4351,0.018586028
4352,0.028306661
4353,0.03157691
4354,0.029146641
4355,0.019492816
4356,0.008305311
4357,0.0005910762
4358,0.000460593
4359,0.009058959
4360,0.021406656
4361,0.03330392
4362,0.03695466
4363,0.030782383
4364,0.019412663
4365,0.00739631
4366,1.0118354e-05
4367,0.00080263836
4368,0.009677132
4369,0.021523869
4370,0.031066531
4371,0.034882996
4372,0.029941332
4373,0.01925792
4374,0.0074843736
4375,7.328903e-05
4376,0.00063775503
4377,0.008341529
4378,0.020189393
4379,0.030340413
4380,0.034125794
4381,0.029861018
4382,0.019612333
4383,0.0076211235
4384,0.00025666258
4385,0.00037692743
4386,0.0079716
4387,0.018854082
4388,0.030343516
4389,0.03420547
4390,0.030975632
4391,0.01980443
4392,0.007674603
4393,6.534616e-05
4394,0.00043729722
4395,0.008035592
4396,0.019534482
4397,0.029299498
4398,0.03312059
4399,0.02831617
4400,0.018505491
4401,0.0075062616
4402,0.00018927647
4403,0.00031342893
4404,0.007200876
4405,0.017673291
4406,0.027388265
4407,0.03079467
4408,0.027895547
4409,0.018993087
4410,0.007703278
4411,0.00020995238
4412,0.0004525511
4413,0.008287616
4414,0.020633973
4415,0.030822031
4416,0.033519924
4417,0.02786565
4418,0.018359995
4419,0.007378326
4420,0.00016256265
4421,0.0009198986
4422,0.009865591
4423,0.022324724
4424,0.032641776
4425,0.037171282
4426,0.03185517
4427,0.021827549
4428,0.00887792
4429,0.0003326597
4430,0.00087163266
4431,0.009718851
4432,0.023552593
4433,0.033442516
4434,0.03695069
4435,0.031274095
4436,0.01951127
4437,0.0074462793
4438,0.00017596118
4439,0.00056386355
4440,0.008075676
4441,0.020408744
4442,0.032332934
4443,0.036623757
4444,0.03195942
4445,0.01947209
4446,0.007464253
4447,-3.0869443e-05
4448,0.00062159484
4449,0.009039193
4450,0.020449493
4451,0.029930279
4452,0.03286709
4453,0.027874518
4454,0.01777016
4455,0.007006409
4456,0.0001548428
4457,0.0001778598
4458,0.0076164445
4459,0.018067617
4460,0.026316598
4461,0.029854935
4462,0.025096592
4463,0.015873687
4464,0.0057944385
4465,-0.00028402533
4466,-0.0003264355
4467,0.00590774
4468,0.015057119
4469,0.023343435
4470,0.025885558
4471,0.022540588
4472,0.015190948
4473,0.005840747
4474,-0.000118294556
4475,-0.00013797617
4476,0.0053944737
4477,0.015733153
4478,0.023567297
4479,0.025969705
4480,0.024033668
4481,0.015554756
4482,0.006089262
4483,-0.00032113647
4484,0.00021579149
4485,0.007185926
4486,0.017223183
4487,0.026103519
4488,0.029656667
4489,0.026626244
4490,0.018079188
4491,0.00752382
4492,0.00027817907
4493,-6.4513646e-05
4494,0.0064063943
4495,0.017722715
4496,0.027754363
4497,0.0319102
4498,0.028612373
4499,0.018875718
4500,0.00793009
4501,0.00019717263
4502,0.00021985357
4503,0.0076526236
4504,0.01871921
4505,0.028418347
4506,0.032191038
4507,0.029197564
4508,0.019175595
4509,0.007929327
4510,0.00027951502
4511,0.00026949449
4512,0.0077158054
4513,0.019566998
4514,0.029926743
4515,0.03360352
4516,0.028718865
4517,0.018674113
4518,0.0072667915
4519,2.649671e-06
4520,0.000257043
4521,0.007847605
4522,0.017729087
4523,0.026777498
4524,0.029321415
4525,0.02651882
4526,0.017002985
4527,0.007291868
4528,0.00013564958
4529,0.0005729684
4530,0.008046105
4531,0.02034252
4532,0.030406749
4533,0.03454794
4534,0.028822688
4535,0.018713342
4536,0.0072155176
4537,-2.7704635e-05
4538,0.00040588682
4539,0.007185346
4540,0.01871339
4541,0.027981296
4542,0.032535985
4543,0.028495796
4544,0.018618027
4545,0.0075580147
4546,0.00020908233
4547,0.0002220347
4548,0.0074966266
4549,0.017789818
4550,0.026504813
4551,0.029829387
4552,0.024807923
4553,0.016681645
4554,0.006405998
4555,-7.527904e-05
4556,0.00030382263
4557,0.0075169625
4558,0.017150432
4559,0.02644078
4560,0.029696112
4561,0.024867695
4562,0.01569312
4563,0.005564957
4564,-0.00012147584
4565,7.2369934e-05
4566,0.0069051385
4567,0.017213212
4568,0.023722503
4569,0.027040824
4570,0.023331994
4571,0.014853481
4572,0.0059904438
4573,-2.7658738e-05
4574,-0.0001409951
4575,0.005209302
4576,0.0145961335
4577,0.024113277
4578,0.028739054
4579,0.026512556
4580,0.0174724
4581,0.0075565
4582,0.00035949575
4583,-0.00028634816
4584,0.006167096
4585,0.016537402
4586,0.025506265
4587,0.030651452
4588,0.025828857
4589,0.016645022
4590,0.006173037
4591,-0.0003126727
4592,-0.00014160492
4593,0.0055886144
4594,0.015141209
4595,0.02220409
4596,0.026260227
4597,0.023192868
4598,0.015616821
4599,0.006222477
4600,-9.467604e-05
4601,-0.00030392993
4602,0.0057134572
4603,0.015626596
4604,0.025560072
4605,0.0289628
4606,0.025804069
4607,0.016850248
4608,0.0066992375
4609,-0.00011659719
4610,-0.00012426422
4611,0.0058522224
4612,0.015552647
4613,0.02427677
4614,0.028222824
4615,0.026002593
4616,0.017748836
4617,0.0074155023
4618,0.0003014678
4619,-0.0002576124
4620,0.005815119
4621,0.01643941
4622,0.025565121
4623,0.030896334
4624,0.027289001
4625,0.018284239
4626,0.007033769
4627,-3.8643106e-05
4628,-0.000103951985
4629,0.006912313
4630,0.01747623
4631,0.026752353
4632,0.030643918
4633,0.026313793
4634,0.017109096
4635,0.006991453
4636,-5.1702955e-06
4637,-0.00020476225
4638,0.0063258563
4639,0.016821567
4640,0.026235247
4641,0.029307531
4642,0.025814176
4643,0.01700397
4644,0.006711588
4645,-0.00025528012
4646,-0.00016649185
4647,0.006069796
4648,0.015816746
4649,0.02398588
4650,0.027305614
4651,0.024355162
4652,0.01623457
4653,0.0067070858
4654,9.8355405e-05
4655,-8.0289086e-05
4656,0.005243847
4657,0.015083349
4658,0.024422765
4659,0.028264461
4660,0.025636874
4661,0.017448159
4662,0.007651398
4663,0.00022041547
4664,-0.000110057386
4665,0.007015101
4666,0.017528314
4667,0.027321476
4668,0.03161658
4669,0.027985817
4670,0.019140488
4671,0.0077997097
4672,9.844761e-05
4673,-8.320538e-05
4674,0.0075807
4675,0.01833923
4676,0.027748246
4677,0.03139707
4678,0.027562188
4679,0.01798477
4680,0.0070081176
4681,-0.00011241925
4682,-7.143119e-05
4683,0.0066354247
4684,0.015963238
4685,0.026388623
4686,0.028870134
4687,0.025620475
4688,0.016372543
4689,0.00667297
4690,-9.757205e-06
4691,-0.00028217476
4692,0.006512174
4693,0.017117739
4694,0.02628
4695,0.029773902
4696,0.026115613
4697,0.016951177
4698,0.006828348
4699,2.1664746e-05
4700,-0.00031200983
4701,0.006173363
4702,0.016073689
4703,0.02564115
4704,0.029651534
4705,0.026508497
4706,0.017423237
4707,0.007060315
4708,-8.1957405e-05
4709,-0.00032668217
4710,0.0057774098
4711,0.014615252
4712,0.0236346
4713,0.028716503
4714,0.025560057
4715,0.017270595
4716,0.0069242907
4717,-0.0002542818
4718,-0.00030245044
4719,0.0060265646
4720,0.015287364
4721,0.023922518
4722,0.027252926
4723,0.025630329
4724,0.01662384
4725,0.006704188
4726,-0.00018728619
4727,-0.00013689767
4728,0.0055160257
4729,0.015166466
4730,0.02370923
4731,0.02702877
4732,0.025111651
4733,0.016873928
4734,0.0068172896
4735,-7.594595e-05
4736,2.6906986e-05
4737,0.0052984534
4738,0.015100546
4739,0.023496328
4740,0.028148219
4741,0.02502537
4742,0.016109822
4743,0.0062095104
4744,-0.00023846778
4745,2.1289306e-05
4746,0.0049472856
4747,0.014055433
4748,0.022794701
4749,0.026648076
4750,0.024100224
4751,0.017033212
4752,0.0070956387
4753,0.00011406734
4754,-0.00023641915
4755,0.0056593264
4756,0.014807791
4757,0.023392849
4758,0.027534636
4759,0.025829718
4760,0.01744632
4761,0.007028624
4762,1.47636165e-05
4763,-0.00033889845
4764,0.00537143
4765,0.01515617
4766,0.022511475
4767,0.027163636
4768,0.024822425
4769,0.01553745
4770,0.0058740834
4771,-0.00029910525
4772,-3.027785e-05
4773,0.006822092
4774,0.016141716
4775,0.024027517
4776,0.028447522
4777,0.025301224
4778,0.0169696
4779,0.006926422
4780,0.00015999438
4781,-0.00022088415
4782,0.005056182
4783,0.015120781
4784,0.023469843
4785,0.026508326
4786,0.025170969
4787,0.016480997
4788,0.0063518905
4789,-0.00032768736
4790,0.00010493744
4791,0.0041788365
4792,0.012730423
4793,0.020565588
4794,0.023385316
4795,0.02027291
4796,0.013389882
4797,0.0052034743
4798,-0.00038573658
4799,0.00024858466
4800,0.004471844
4801,0.013553245
4802,0.02232396
4803,0.024213472
4804,0.021823475
4805,0.013269691
4806,0.0051919543
4807,-0.00019789294
4808,0.00017548524
4809,0.0037820316
4810,0.011255432
4811,0.01854371
4812,0.021534529
4813,0.019555734
4814,0.012604728
4815,0.005140603
4816,-0.00024332643
4817,0.00014191653
4818,0.0047058132
4819,0.012271913
4820,0.02097875
4821,0.025127647
4822,0.021475509
4823,0.013584794
4824,0.0047647394
4825,-0.00014215565
4826,-0.000110719615
4827,0.0059926184
4828,0.014839584
4829,0.02307155
4830,0.02661354
4831,0.024781253
4832,0.016717426
4833,0.0067695286
4834,9.033643e-05
4835,-0.00013546397
4836,0.0053116996
4837,0.014212846
4838,0.02379384
4839,0.027275264
4840,0.023480901
4841,0.015663834
4842,0.006193044
4843,-0.00038381843
4844,-0.0002486074
4845,0.0065877256
4846,0.016126515
4847,0.02488709
4848,0.028430812
4849,0.02450142
4850,0.01594305
4851,0.0062015313
4852,-0.00027045832
4853,-0.00012989456
4854,0.0051801694
4855,0.014080284
4856,0.023808096
4857,0.027592542
4858,0.025069809
4859,0.016823685
4860,0.007095217
4861,0.00027530678
4862,-0.00031793505
4863,0.0056498093
4864,0.01586694
4865,0.025874635
4866,0.03082999
4867,0.027139774
4868,0.018111764
4869,0.007505436
4870,0.00034162233
4871,-0.00020022859
4872,0.006433008
4873,0.01861115
4874,0.02853643
4875,0.030735489
4876,0.027700173
4877,0.017509678
4878,0.0066662743
4879,7.8549434e-05
4880,7.386203e-05
4881,0.006883093
4882,0.017529525
4883,0.027424805
4884,0.031758282
4885,0.027768763
4886,0.01953931
4887,0.008218842
4888,0.0004673991
4889,0.0002560701
4890,0.008072654
4891,0.020058405
4892,0.030589364
4893,0.03503488
4894,0.031375054
4895,0.02079647
4896,0.008484632
4897,0.00050221884
4898,0.0005142174
4899,0.008498727
4900,0.021579653
4901,0.03300701
4902,0.0379267
4903,0.033910792
4904,0.022557814
4905,0.009371438
4906,0.0004976853
4907,0.00084911974
4908,0.010337596
4909,0.024424389
4910,0.037029274
4911,0.041654546
4912,0.03589137
4913,0.02301879
4914,0.008913384
4915,0.0002973795
4916,0.0011302498
4917,0.011237957
4918,0.026151603
4919,0.037183624
4920,0.042007826
4921,0.0351641
4922,0.021882296
4923,0.0082381535
4924,0.00015757536
4925,0.001257931
4926,0.010922767
4927,0.023317786
4928,0.034744065
4929,0.036667015
4930,0.03053922
4931,0.019772893
4932,0.007716211
4933,3.346021e-05
4934,0.00141949
4935,0.011572221
4936,0.023714205
4937,0.034855783
4938,0.03638298
4939,0.032712314
4940,0.020781428
4941,0.008070761
4942,0.00022628362
4943,0.0010535151
4944,0.01001842
4945,0.023679655
4946,0.035393488
4947,0.039805505
4948,0.03466199
4949,0.022058833
4950,0.009193791
4951,0.00044198486
4952,0.0010049171
4953,0.011212717
4954,0.025073437
4955,0.036891215
4956,0.041423872
4957,0.035234258
4958,0.022334693
4959,0.008296481
4960,0.00019464846
4961,0.0011747767
4962,0.010277011
4963,0.023433117
4964,0.033459242
4965,0.035972685
4966,0.03054743
4967,0.017963937
4968,0.005679581
4969,-0.0003929602
4970,0.0016687324
4971,0.01073194
4972,0.022124691
4973,0.02841227
4974,0.031342078
4975,0.02510955
4976,0.013702632
4977,0.0037645106
4978,-0.000522217
4979,0.0019949116
4980,0.010287759
4981,0.020043308
4982,0.02700085
4983,0.029881896
4984,0.024518656
4985,0.015931893
4986,0.005315548
4987,-0.00044281318
4988,0.0017996784
4989,0.011711473
4990,0.024522888
4991,0.036044385
4992,0.0379868
4993,0.030626085
4994,0.018159525
4995,0.005709408
4996,-0.0005410314
4997,0.0017605813
4998,0.012287072
4999,0.024380775
5000,0.034251884
5001,0.037055522
5002,0.028567987
5003,0.014593879
5004,0.0039364677
5005,-0.0006145351
5006,0.0022516865
5007,0.010897904
5008,0.020872118
5009,0.027917746
5010,0.029417785
5011,0.023853568
5012,0.013934764
5013,0.004146774
5014,-0.0006093624
5015,0.0023982716
5016,0.011380885
5017,0.022408178
5018,0.030803924
5019,0.034191005
5020,0.02615724
5021,0.015867397
5022,0.0052476367
5023,-0.0005193272
5024,0.0019150509
5025,0.010067997
5026,0.022560503
5027,0.031860124
5028,0.03134299
5029,0.02758371
5030,0.01676916
5031,0.004901763
5032,-0.000495968
5033,0.0025998454
5034,0.012639499
5035,0.02431634
5036,0.031837698
5037,0.03339158
5038,0.028882904
5039,0.018280908
5040,0.005817346
5041,-0.00034133554
5042,0.0019167867
5043,0.01189355
5044,0.026092116
5045,0.035460096
5046,0.040808853
5047,0.036687337
5048,0.0236322
5049,0.009057542
5050,6.592227e-05
5051,0.001355606
5052,0.012498535
5053,0.028677054
5054,0.042804252
5055,0.04679942
5056,0.042950854
5057,0.026876766
5058,0.010159139
5059,0.00027352257
5060,0.0016909983
5061,0.013654819
5062,0.030283555
5063,0.044762548
5064,0.048043877
5065,0.03936928
5066,0.024062352
5067,0.008455462
5068,-3.2993266e-05
5069,0.0018441342
5070,0.0130079305
5071,0.028651401
5072,0.039591685
5073,0.04500926
5074,0.03757329
5075,0.023964014
5076,0.008561054
5077,0.0001591153
5078,0.0013881517
5079,0.01201867
5080,0.0263395
5081,0.040720742
5082,0.04540071
5083,0.03909826
5084,0.024331475
5085,0.009771766
5086,0.0002898962
5087,0.0014572996
5088,0.013396765
5089,0.029595295
5090,0.042583905
5091,0.048394296
5092,0.041289344
5093,0.025229998
5094,0.009140557
5095,-1.4610705e-05
5096,0.0019418366
5097,0.013487021
5098,0.027460428
5099,0.038767435
5100,0.039852723
5101,0.032248463
5102,0.021340482
5103,0.008002921
5104,0.00012627558
5105,0.0013009652
5106,0.01168826
5107,0.026683087
5108,0.039844234
5109,0.04364134
5110,0.037234332
5111,0.02337001
5112,0.008863906
5113,0.00022821763
5114,0.0013478566
5115,0.0110809
5116,0.025127565
5117,0.036223948
5118,0.038168196
5119,0.03256744
5120,0.0207213
5121,0.008196911
5122,-0.00013301248
5123,0.0018152329
5124,0.013243429
5125,0.028076218
5126,0.037422903
5127,0.04266062
5128,0.03350002
5129,0.020542452
5130,0.0067645037
5131,-0.0005364483
5132,0.002001615
5133,0.013423559
5134,0.029177077
5135,0.039914034
5136,0.04053794
5137,0.033011388
5138,0.021483038
5139,0.0071722353
5140,-0.00043310248
5141,0.0020124922
5142,0.015801705
5143,0.03407952
5144,0.048207592
5145,0.05361457
5146,0.04374441
5147,0.025997838
5148,0.008841669
5149,-0.00062076875
5150,0.0019847907
5151,0.016781108
5152,0.037301008
5153,0.05445518
5154,0.059431076
5155,0.05137831
5156,0.03163892
5157,0.011842792
5158,-0.0004896637
5159,0.00119835
5160,0.01587955
5161,0.036667842
5162,0.055710588
5163,0.0621932
5164,0.05395492
5165,0.03269433
5166,0.012222714
5167,-0.0005526984
5168,0.0010787497
5169,0.01729167
5170,0.040998477
5171,0.060992755
5172,0.06488773
5173,0.053205688
5174,0.03086546
5175,0.0109813195
5176,-0.0006827684
5177,0.0020282925
5178,0.017983181
5179,0.039409373
5180,0.05460364
5181,0.057930734
5182,0.050756928
5183,0.032023687
5184,0.010686833
5185,-0.00071750977
5186,0.0017528587
5187,0.01722171
5188,0.038121145
5189,0.05495947
5190,0.060477864
5191,0.05212979
5192,0.03221115
5193,0.012689228
5194,-0.0004723187
5195,0.0011266242
5196,0.017188681
5197,0.03831543
5198,0.05807922
5199,0.06289972
5200,0.05379539
5201,0.033982094
5202,0.012301735
5203,-0.0005340731
5204,0.0006955283
5205,0.016558325
5206,0.03843713
5207,0.05804342
5208,0.06271595
5209,0.05524175
5210,0.036292933
5211,0.011566281
5212,9.3621435e-05
5213,0.0004766566
5214,0.018597065
5215,0.04563691
5216,0.06773115
5217,0.074102156
5218,0.060800537
5219,0.035381556
5220,0.011962956
5221,-0.0001890934
5222,0.0011559139
5223,0.019431395
5224,0.04500267
5225,0.06436986
5226,0.071906656
5227,0.05964977
5228,0.036305424
5229,0.011982849
5230,-0.0005361067
5231,0.0012906432
5232,0.018030148
5233,0.041196268
5234,0.058645654
5235,0.06485219
5236,0.05441638
5237,0.036195904
5238,0.012318137
5239,0.000103635015
5240,-0.00035042875
5241,0.017410588
5242,0.043886773
5243,0.06668959
5244,0.07588281
5245,0.06604996
5246,0.044488553
5247,0.015949124
5248,0.00013648951
5249,-0.0009172673
5250,0.017842326
5251,0.0454239
5252,0.06499908
5253,0.06751021
5254,0.05230144
5255,0.02886249
5256,0.0048333183
5257,0.0025951266
5258,0.0018733867
5259,0.022696542
5260,0.048989438
5261,0.06969838
5262,0.069367915
5263,0.05563022
5264,0.030607283
5265,0.005730846
5266,0.0023290603
5267,0.0021958216
5268,0.023701323
5269,0.05163029
5270,0.07072267
5271,0.07639465
5272,0.06142863
5273,0.03743086
5274,0.011729095
5275,0.0009974227
5276,8.328096e-05
5277,0.019354396
5278,0.047199838
5279,0.06842853
5280,0.07639362
5281,0.06447942
5282,0.04237335
5283,0.013659845
5284,0.0010976662
5285,-0.00091626303
5286,0.018230328
5287,0.046879288
5288,0.06892296
5289,0.08016396
5290,0.07060544
5291,0.040607266
5292,0.014742153
5293,0.00026539073
5294,0.0010938692
5295,0.020863716
5296,0.046394665
5297,0.06460862
5298,0.07110669
5299,0.054657545
5300,0.028727261
5301,0.007336437
5302,0.00116005
5303,0.002586661
5304,0.0213241
5305,0.046304386
5306,0.06318861
5307,0.06793571
5308,0.05084542
5309,0.02866592
5310,0.008776523
5311,-0.00024302438
5312,0.003292491
5313,0.019501872
5314,0.039193515
5315,0.055115655
5316,0.059914432
5317,0.049400836
5318,0.030874914
5319,0.010752698
5320,-0.0004758
5321,0.0008537501
5322,0.016267503
5323,0.038829133
5324,0.059423514
5325,0.06669864
5326,0.055799995
5327,0.03410656
5328,0.010974351
5329,-0.00040018954
5330,0.00092444645
5331,0.016591478
5332,0.037543025
5333,0.056331716
5334,0.064376764
5335,0.05834272
5336,0.036876738
5337,0.012382839
5338,4.7744426e-05
5339,0.00044287165
5340,0.017414223
5341,0.041470934
5342,0.058118396
5343,0.06364663
5344,0.055195462
5345,0.03106043
5346,0.010570924
5347,0.0005231941
5348,0.0017701241
5349,0.020180924
5350,0.04388104
5351,0.061136793
5352,0.05986222
5353,0.047594238
5354,0.025807662
5355,0.006565014
5356,0.0006490512
5357,0.0032727653
5358,0.0211404
5359,0.04402549
5360,0.062238224
5361,0.06260588
5362,0.051563583
5363,0.028983671
5364,0.008934775
5365,1.0574993e-05
5366,0.0022012913
5367,0.019191232
5368,0.042797506
5369,0.0610294
5370,0.06324018
5371,0.052155446
5372,0.029517546
5373,0.008897446
5374,0.0003619556
5375,0.0006860076
5376,0.015819717
5377,0.03708686
5378,0.056496765
5379,0.05789322
5380,0.047430295
5381,0.027970195
5382,0.0077231834
5383,0.00023332739
5384,0.003136217
5385,0.019814335
5386,0.037207987
5387,0.051982958
5388,0.050233886
5389,0.039251454
5390,0.020716745
5391,0.0047093397
5392,0.00024919276
5393,0.0041265925
5394,0.019963257
5395,0.036721338
5396,0.050771452
5397,0.04979158
5398,0.03924236
5399,0.022374183
5400,0.00656909
5401,0.00022898498
5402,0.0023328084
5403,0.016924115
5404,0.034147866
5405,0.043882452
5406,0.04668015
5407,0.035792418
5408,0.021130865
5409,0.005025953
5410,0.0005133665
5411,0.0035981503
5412,0.021590928
5413,0.042902187
5414,0.059345137
5415,0.063405156
5416,0.049163215
5417,0.030076277
5418,0.009361686
5419,-0.0003323235
5420,0.0022607557
5421,0.017284295
5422,0.03765809
5423,0.054166727
5424,0.059548143
5425,0.050866816
5426,0.032753166
5427,0.012145841
5428,-0.000573197
5429,0.001016252
5430,0.016544173
5431,0.038902108
5432,0.05707369
5433,0.06036335
5434,0.049061578
5435,0.030634578
5436,0.010982651
5437,-0.0007379383
5438,0.0021896607
5439,0.018389342
5440,0.039446056
5441,0.058393534
5442,0.062461846
5443,0.05143376
5444,0.030904124
5445,0.0104029365
5446,-0.0005414665
5447,0.0018855077
5448,0.016306616
5449,0.035859797
5450,0.05298091
5451,0.058521237
5452,0.050118376
5453,0.030905103
5454,0.01060123
5455,-0.00047517923
5456,0.0010603084
5457,0.015610476
5458,0.035971876
5459,0.05556178
5460,0.062026624
5461,0.05277874
5462,0.03351067
5463,0.011948438
5464,-0.00069224444
5465,0.0012615444
5466,0.01749085
5467,0.040394336
5468,0.059157707
5469,0.06470714
5470,0.054215077
5471,0.033735197
5472,0.011777391
5473,-0.00062028086
5474,0.0012945344
5475,0.017598426
5476,0.04064537
5477,0.059183646
5478,0.06412305
5479,0.05395962
5480,0.033277895
5481,0.011250446
5482,-0.00066525844
5483,0.0015249964
5484,0.016255172
5485,0.03544971
5486,0.05189221
5487,0.056906547
5488,0.04757035
5489,0.026831834
5490,0.0092113
5491,-0.0003458465
5492,0.002301308
5493,0.018836632
5494,0.042004444
5495,0.05927933
5496,0.062688865
5497,0.05114018
5498,0.030253638
5499,0.010106697
5500,-0.0006644091
5501,0.0018730182
5502,0.016681522
5503,0.036674894
5504,0.05197793
5505,0.057146728
5506,0.04949776
5507,0.03134729
5508,0.011385278
5509,-0.0006887356
5510,0.00058758695
5511,0.015309219
5512,0.036352146
5513,0.054917235
5514,0.06292888
5515,0.05489586
5516,0.03628003
5517,0.011858761
5518,-0.00030581595
5519,0.00033123157
5520,0.017286938
5521,0.042175036
5522,0.06317825
5523,0.07015403
5524,0.06312428
5525,0.04064056
5526,0.014981223
5527,-5.56726e-05
5528,-0.0006913295
5529,0.016284503
5530,0.044338234
5531,0.06916781
5532,0.079667464
5533,0.067642264
5534,0.045678258
5535,0.014992024
5536,-7.775915e-05
5537,-0.0005629759
5538,0.020227497
5539,0.048836723
5540,0.075653106
5541,0.0844826
5542,0.07227483
5543,0.044559017
5544,0.015142735
5545,0.0005138415
5546,-3.6556274e-05
5547,0.019679258
5548,0.04878629
5549,0.07334238
5550,0.08017716
5551,0.06748995
5552,0.041727565
5553,0.01455394
5554,-0.00032720005
5555,0.0010704573
5556,0.019447241
5557,0.044500947
5558,0.062650055
5559,0.071604624
5560,0.060731214
5561,0.03841139
5562,0.013410182
5563,-0.00035646005
5564,0.00039428263
5565,0.018452803
5566,0.044309348
5567,0.06700976
5568,0.075385764
5569,0.06467961
5570,0.040825658
5571,0.014854223
5572,-0.0007663707
5573,0.0012776891
5574,0.019371273
5575,0.04450474
5576,0.0636732
5577,0.06662359
5578,0.05794369
5579,0.034374684
5580,0.011377798
5581,-0.00055697333
5582,0.0014533566
5583,0.017966472
5584,0.038761612
5585,0.05691056
5586,0.06163848
5587,0.05295156
5588,0.033457063
5589,0.010677086
5590,0.0005050798
5591,0.00016505958
5592,0.017496513
5593,0.043205272
5594,0.065626994
5595,0.074050754
5596,0.063030966
5597,0.041569356
5598,0.0152275255
5599,2.2369204e-05
5600,-0.0005548551
5601,0.018026778
5602,0.045764722
5603,0.07033862
5604,0.079807475
5605,0.067972146
5606,0.044635903
5607,0.016275413
5608,-0.00044827638
5609,0.000119557255
5610,0.019460076
5611,0.047247518
5612,0.07014232
5613,0.07511678
5614,0.066086
5615,0.040519103
5616,0.014073837
5617,0.0005806022
5618,-0.00020180648
5619,0.017746108
5620,0.044427097
5621,0.06937942
5622,0.07814708
5623,0.06519299
5624,0.0396451
5625,0.015046913
5626,-0.0004406345
5627,0.00082125654
5628,0.020975212
5629,0.048134033
5630,0.06949486
5631,0.07611232
5632,0.06551522
5633,0.041551776
5634,0.014166393
5635,0.0001876055
5636,-0.00070686534
5637,0.01837802
5638,0.04578258
5639,0.068836294
5640,0.07429601
5641,0.06370689
5642,0.03882221
5643,0.013507931
5644,0.0004404218
5645,0.001190199
5646,0.020771984
5647,0.045474637
5648,0.0664376
5649,0.06989724
5650,0.061235346
5651,0.037987027
5652,0.012905838
5653,0.00018117827
5654,0.00082151755
5655,0.019844936
5656,0.046257954
5657,0.06554235
5658,0.0740143
5659,0.064198956
5660,0.039821256
5661,0.014157575
5662,-0.0008058184
5663,0.0012458616
5664,0.019741029
5665,0.045043048
5666,0.06553591
5667,0.07049005
5668,0.055879507
5669,0.034489855
5670,0.011902174
5671,-0.00031001458
5672,0.0015258465
5673,0.018910823
5674,0.041057162
5675,0.060823325
5676,0.067350216
5677,0.05737015
5678,0.03524111
5679,0.01193178
5680,-5.871075e-05
5681,0.0003475104
5682,0.016736122
5683,0.040553827
5684,0.0636486
5685,0.071880005
5686,0.0630941
5687,0.040062103
5688,0.0145361675
5689,-0.00050670304
5690,0.00026751054
5691,0.018381942
5692,0.044593967
5693,0.06577959
5694,0.07397234
5695,0.06301163
5696,0.03990622
5697,0.014295476
5698,0.00025510316
5699,-0.00018729095
5700,0.017976787
5701,0.043803386
5702,0.06491993
5703,0.074383676
5704,0.06662059
5705,0.043002803
5706,0.015302269
5707,-1.2355158e-06
5708,-0.0008446884
5709,0.018362015
5710,0.0469693
5711,0.071004115
5712,0.082313016
5713,0.071238354
5714,0.043345287
5715,0.01534279
5716,0.00024217606
5717,-0.0010088979
5718,0.018782891
5719,0.049250603
5720,0.075171076
5721,0.0841398
5722,0.07273909
5723,0.046956427
5724,0.016452022
5725,0.0014993172
5726,0.0008145326
5727,0.017415054
5728,0.050582748
5729,0.08077092
5730,0.09469004
5731,0.08333021
5732,0.056293655
5733,0.020504143
5734,0.00047433365
5735,0.002437197
5736,0.016575763
5737,0.051674724
5738,0.08463823
5739,0.10079914
5740,0.093457915
5741,0.06483608
5742,0.027280077
5743,-0.00017693854
5744,0.004822326
5745,0.013736363
5746,0.051898587
5747,0.089489035
5748,0.10957193
5749,0.10408947
5750,0.06820532
5751,0.0280703
5752,0.0002433192
5753,0.0056343414
5754,0.014859508
5755,0.056484576
5756,0.09768492
5757,0.118042566
5758,0.10375061
5759,0.06560107
5760,0.027377062
5761,0.0008991433
5762,0.002049826
5763,0.021137401
5764,0.062303133
5765,0.0962655
5766,0.10830343
5767,0.09469138
5768,0.06091629
5769,0.021880435
5770,0.0013226776
5771,0.0022612913
5772,0.01845872
5773,0.053584095
5774,0.08501022
5775,0.093197234
5776,0.07569891
5777,0.048622176
5778,0.014362164
5779,0.004646821
5780,0.0008887369
5781,0.021908097
5782,0.058601588
5783,0.08569133
5784,0.087949716
5785,0.07191033
5786,0.037485696
5787,0.007951682
5788,0.0031858708
5789,0.0022610135
5790,0.025643505
5791,0.05168111
5792,0.06430633
5793,0.061709497
5794,0.048067853
5795,0.024157265
5796,0.0017020314
5797,0.004371423
5798,0.0034798323
5799,0.02837954
5800,0.058307786
5801,0.076361105
5802,0.077799976
5803,0.06469825
5804,0.037485607
5805,0.010015756
5806,0.0013448505
5807,0.0018493605
5808,0.022867516
5809,0.04962253
5810,0.069110796
5811,0.074458405
5812,0.063470244
5813,0.038586676
5814,0.012231943
5815,0.00011303916
5816,0.0009934317
5817,0.019020269
5818,0.044820625
5819,0.06686921
5820,0.07128017
5821,0.05937846
5822,0.037699092
5823,0.01223807
5824,-0.0001189622
5825,0.0010371825
5826,0.019775908
5827,0.044465315
5828,0.06554912
5829,0.07228922
5830,0.060418695
5831,0.037379265
5832,0.01265473
5833,-0.00043393843
5834,0.0011604859
5835,0.018550111
5836,0.042602662
5837,0.06261288
5838,0.06730056
5839,0.056590706
5840,0.033794954
5841,0.012271026
5842,-0.00036596996
5843,0.0008191847
5844,0.01887901
5845,0.043408487
5846,0.06485399
5847,0.070291184
5848,0.059227325
5849,0.03737382
5850,0.012791286
5851,-9.141513e-06
5852,0.0004972268
5853,0.018287858
5854,0.04448104
5855,0.066567644
5856,0.07214848
5857,0.06348701
5858,0.038580533
5859,0.014620562
5860,-0.0008201473
5861,0.0009966805
5862,0.01921678
5863,0.043023787
5864,0.06440966
5865,0.06824134
5866,0.05769983
5867,0.0374835
5868,0.0131535195
5869,-0.00070818246
5870,0.0015140227
5871,0.01908057
5872,0.042883374
5873,0.060923934
5874,0.064743765
5875,0.05432772
5876,0.033760518
5877,0.012400252
5878,-0.000786664
5879,0.0024562327
5880,0.020093028
5881,0.04258442
5882,0.058381572
5883,0.062620915
5884,0.05165981
5885,0.03126539
5886,0.011871528
5887,-0.0007506633
5888,0.0017294448
5889,0.01747926
5890,0.0387029
5891,0.055848423
5892,0.05865536
5893,0.04801433
5894,0.028958853
5895,0.010562026
5896,-0.00079174957
5897,0.001652101
5898,0.018572645
5899,0.041313484
5900,0.058869623
5901,0.062856585
5902,0.05361873
5903,0.031295072
5904,0.010807183
5905,-0.00072989747
5906,0.002010004
5907,0.018054528
5908,0.040472247
5909,0.055825036
5910,0.060972847
5911,0.0482736
5912,0.029848598
5913,0.010238366
5914,-0.00011746277
5915,0.0010767442
5916,0.017590001
5917,0.040652603
5918,0.061193578
5919,0.06384994
5920,0.05660138
5921,0.034522485
5922,0.011861999
5923,-0.0007574549
5924,0.0016260264
5925,0.018382257
5926,0.041118097
5927,0.058805004
5928,0.06281573
5929,0.05086458
5930,0.029744612
5931,0.00973701
5932,-0.00077731215
5933,0.0019083637
5934,0.017891545
5935,0.038745902
5936,0.055198062
5937,0.059621464
5938,0.04992638
5939,0.029848062
5940,0.010402732
5941,-0.0006691339
5942,0.0022302181
5943,0.017343795
5944,0.03627394
5945,0.050199494
5946,0.052002016
5947,0.040617526
5948,0.023972074
5949,0.00687324
5950,-5.533616e-05
5951,0.0026749026
5952,0.01830567
5953,0.03605836
5954,0.05150542
5955,0.053791918
5956,0.046497647
5957,0.028495664
5958,0.008580201
5959,-0.0004203422
5960,0.0024192168
5961,0.018169139
5962,0.03803543
5963,0.056845218
5964,0.06099251
5965,0.050336245
5966,0.030533971
5967,0.010712921
5968,-0.0006747895
5969,0.0017778912
5970,0.016828962
5971,0.037854135
5972,0.05454651
5973,0.05849181
5974,0.04891307
5975,0.030398717
5976,0.010472365
5977,-0.00028926882
5978,0.0017523516
5979,0.015962156
5980,0.03417198
5981,0.051544677
5982,0.058711782
5983,0.05041113
5984,0.030981688
5985,0.011584034
5986,-8.601241e-05
5987,0.00185439
5988,0.016123295
5989,0.03562679
5990,0.050818574
5991,0.055424705
5992,0.046246637
5993,0.028772403
5994,0.010362953
5995,-0.00031397076
5996,0.0015523904
5997,0.014418883
5998,0.033246696
5999,0.049991213
6000,0.056578007
6001,0.049633283
6002,0.031282485
6003,0.011568671
6004,-9.83887e-05
6005,0.0012830507
6006,0.0150768105
6007,0.034026746
6008,0.04872449
6009,0.05089728
6010,0.04528429
6011,0.026303185
6012,0.008151123
6013,-0.0004254814
6014,0.001944189
6015,0.016371798
6016,0.034612462
6017,0.048149996
6018,0.05321046
6019,0.043548465
6020,0.027313288
6021,0.008896115
6022,-5.5066776e-05
6023,0.002064814
6024,0.018812483
6025,0.042291116
6026,0.056987297
6027,0.06343378
6028,0.053938568
6029,0.032035276
6030,0.010899337
6031,7.091905e-05
6032,0.00069817324
6033,0.017375546
6034,0.042409215
6035,0.063583784
6036,0.07100282
6037,0.06112581
6038,0.03818085
6039,0.0139502445
6040,-0.0005411422
6041,0.00053767
6042,0.017125016
6043,0.04094311
6044,0.0605165
6045,0.070840724
6046,0.06267436
6047,0.038208194
6048,0.014454322
6049,-0.00068194524
6050,0.000592408
6051,0.018446743
6052,0.043496113
6053,0.063889384
6054,0.072384775
6055,0.0615286
6056,0.03899591
6057,0.014112809
6058,-0.00030232937
6059,0.00050411327
6060,0.018366266
6061,0.043410666
6062,0.06631601
6063,0.07059613
6064,0.05973592
6065,0.036113102
6066,0.013015874
6067,-0.0003837124
6068,0.0010864937
6069,0.018886097
6070,0.04371796
6071,0.0641351
6072,0.07163749
6073,0.061690867
6074,0.03922006
6075,0.0141689535
6076,-0.0006359105
6077,0.00078255427
6078,0.018315012
6079,0.043637924
6080,0.0645828
6081,0.068269186
6082,0.05831778
6083,0.03498673
6084,0.010862605
6085,8.942827e-05
6086,0.0008259615
6087,0.017313905
6088,0.040088203
6089,0.060872152
6090,0.069158494
6091,0.060743216
6092,0.038920827
6093,0.013250586
6094,-0.00017183844
6095,-0.0006626174
6096,0.017340424
6097,0.043923665
6098,0.065612726
6099,0.07766456
6100,0.06982005
6101,0.044357512
6102,0.01647938
6103,-0.0007279292
6104,0.0007341794
6105,0.01954265
6106,0.044578157
6107,0.06464166
6108,0.07309338
6109,0.06284127
6110,0.038731903
6111,0.013049937
6112,0.0003217351
6113,0.0003699899
6114,0.018102119
6115,0.044492703
6116,0.06679743
6117,0.07482666
6118,0.062057037
6119,0.04056625
6120,0.015124745
6121,-0.00022066868
6122,-0.00035322807
6123,0.01816933
6124,0.045929343
6125,0.06973555
6126,0.07884948
6127,0.06927467
6128,0.04470808
6129,0.016178913
6130,0.0007931136
6131,-6.264157e-05
6132,0.017368026
6133,0.047083642
6134,0.07200942
6135,0.08204925
6136,0.07093252
6137,0.04054342
6138,0.011354477
6139,0.0021463684
6140,0.00029921636
6141,0.021512661
6142,0.048977688
6143,0.068548426
6144,0.07309941
6145,0.06144846
6146,0.031659797
6147,0.007663765
6148,0.0017569753
6149,0.0022837236
6150,0.023582852
6151,0.0510963
6152,0.07245603
6153,0.078262135
6154,0.066459835
6155,0.039943628
6156,0.0147053255
6157,-7.713918e-05
6158,0.00022182113
6159,0.018813817
6160,0.044338305
6161,0.06859489
6162,0.07742811
6163,0.064961016
6164,0.038459785
6165,0.012300709
6166,2.5814923e-05
6167,0.00089090795
6168,0.020579392
6169,0.04628444
6170,0.06540981
6171,0.072879404
6172,0.05726706
6173,0.034618627
6174,0.010379981
6175,-0.00058772066
6176,0.003506238
6177,0.02127129
6178,0.043219883
6179,0.056268036
6180,0.055693995
6181,0.04221343
6182,0.02514422
6183,0.00836866
6184,-0.00070271356
6185,0.0026103004
6186,0.016428936
6187,0.03320244
6188,0.048415884
6189,0.052894857
6190,0.047009666
6191,0.030186754
6192,0.0111641465
6193,-0.0002645728
6194,0.0011693442
6195,0.014965396
6196,0.036239255
6197,0.05260936
6198,0.059886277
6199,0.050407812
6200,0.030459689
6201,0.010536735
6202,-0.00045968304
6203,0.0017028227
6204,0.015981873
6205,0.035409514
6206,0.050155997
6207,0.053772688
6208,0.046017177
6209,0.028704425
6210,0.009333397
6211,-0.000514266
6212,0.0017177141
6213,0.016463654
6214,0.03678115
6215,0.054150783
6216,0.06058598
6217,0.052620135
6218,0.03324611
6219,0.012469104
6220,-0.00020204543
6221,0.0011849828
6222,0.015980655
6223,0.037172437
6224,0.056882713
6225,0.06250237
6226,0.05309682
6227,0.033278044
6228,0.011926511
6229,-0.00040279597
6230,0.0017144983
6231,0.016765337
6232,0.036568277
6233,0.054863464
6234,0.057294883
6235,0.048535347
6236,0.030477876
6237,0.010616412
6238,-0.00040364536
6239,0.0020659522
6240,0.016762486
6241,0.03605653
6242,0.051071424
6243,0.053193204
6244,0.044947747
6245,0.028474007
6246,0.010688849
6247,-0.00036108244
6248,0.0016860964
6249,0.01678047
6250,0.03788301
6251,0.053657994
6252,0.055933177
6253,0.048838403
6254,0.030406004
6255,0.010383252
6256,-0.00058521697
6257,0.0018483489
6258,0.017131833
6259,0.038061418
6260,0.05497186
6261,0.058900848
6262,0.049079064
6263,0.029816287
6264,0.00991883
6265,-0.00024664952
6266,0.0023451503
6267,0.01609723
6268,0.03471418
6269,0.050051466
6270,0.050456613
6271,0.041424293
6272,0.025543844
6273,0.008702126
6274,-0.00019987271
6275,0.0022190996
6276,0.013459484
6277,0.026235308
6278,0.035260297
6279,0.03586369
6280,0.030879803
6281,0.019581541
6282,0.0067509376
6283,-0.00035479563
6284,0.002322678
6285,0.013660569
6286,0.028311292
6287,0.041709058
6288,0.04689885
6289,0.04026912
6290,0.02452891
6291,0.008710645
6292,-1.5405589e-05
6293,0.0015755668
6294,0.012910504
6295,0.029374408
6296,0.04254857
6297,0.045220904
6298,0.037707444
6299,0.025439652
6300,0.009928021
6301,5.0779723e-05
6302,0.001491806
6303,0.013777093
6304,0.029994095
6305,0.046073716
6306,0.051622145
6307,0.044355247
6308,0.02887307
6309,0.011589613
6310,0.00024902355
6311,0.00167645
6312,0.014758177
6313,0.031628035
6314,0.045560353
6315,0.04951137
6316,0.039960045
6317,0.025129253
6318,0.008997751
6319,-0.00024614792
6320,0.0022001462
6321,0.014565779
6322,0.029624954
6323,0.042741533
6324,0.0456864
6325,0.037008233
6326,0.02187816
6327,0.007599083
6328,-0.00016515414
6329,0.0019327833
6330,0.01272842
6331,0.026845174
6332,0.03729174
6333,0.041504547
6334,0.03485755
6335,0.022667935
6336,0.008666432
6337,0.00026029546
6338,0.0011582818
6339,0.010700733
6340,0.025523936
6341,0.03743464
6342,0.042879574
6343,0.038493697
6344,0.024694365
6345,0.008851087
6346,5.394977e-06
6347,0.0016168393
6348,0.013163837
6349,0.02897226
6350,0.04190292
6351,0.04639331
6352,0.040249627
6353,0.02622545
6354,0.010465432
6355,9.89252e-05
6356,0.0010879883
6357,0.0128439395
6358,0.03107753
6359,0.047449604
6360,0.05245684
6361,0.04257827
6362,0.027802402
6363,0.00980125
6364,-6.737391e-05
6365,0.0018468483
6366,0.013579411
6367,0.03131424
6368,0.04450742
6369,0.047240324
6370,0.040779207
6371,0.025942761
6372,0.009690015
6373,-0.00028062248
6374,0.0008722684
6375,0.012642379
6376,0.029890405
6377,0.047269955
6378,0.055704955
6379,0.04998113
6380,0.031548597
6381,0.0120123355
6382,-0.0004184173
6383,0.0010677287
6384,0.015708156
6385,0.037966717
6386,0.057092957
6387,0.06428719
6388,0.054883804
6389,0.033290602
6390,0.011828439
6391,-0.00072893134
6392,0.0011371115
6393,0.016968256
6394,0.03897748
6395,0.057739265
6396,0.06482076
6397,0.055181935
6398,0.03479829
6399,0.012493591
6400,-0.00069284515
6401,0.0011774634
6402,0.017078593
6403,0.038210917
6404,0.05799127
6405,0.06468717
6406,0.054225415
6407,0.033625245
6408,0.01276666
6409,-0.00047121258
6410,0.000544111
6411,0.016449379
6412,0.04023735
6413,0.061031196
6414,0.070122905
6415,0.05898374
6416,0.03749054
6417,0.013580894
6418,-0.000525425
6419,0.000781538
6420,0.018336466
6421,0.04329065
6422,0.06440131
6423,0.07035115
6424,0.060244784
6425,0.03839771
6426,0.013882149
6427,-0.00050595915
6428,0.0008351952
6429,0.018411567
6430,0.042996503
6431,0.06309561
6432,0.067872055
6433,0.061235312
6434,0.03771676
6435,0.013530527
6436,-0.0003296227
6437,0.00082161283
6438,0.018553138
6439,0.04384387
6440,0.06484913
6441,0.071102984
6442,0.05913461
6443,0.035654634
6444,0.012400813
6445,0.00040210568
6446,6.435154e-05
6447,0.017334513
6448,0.04293315
6449,0.065892786
6450,0.07490327
6451,0.066084266
6452,0.042829704
6453,0.015755655
6454,0.00015721098
6455,-0.0006692681
6456,0.01750798
6457,0.04623248
6458,0.07224503
6459,0.0826016
6460,0.07031849
6461,0.047006544
6462,0.017678993
6463,-2.7606788e-05
6464,-0.000106128864
6465,0.018585214
6466,0.05050646
6467,0.07807474
6468,0.088233165
6469,0.076481424
6470,0.046540715
6471,0.01865081
6472,-9.2906994e-05
6473,-0.0009857254
6474,0.020090992
6475,0.05044322
6476,0.074505724
6477,0.08013792
6478,0.0708434
6479,0.046122767
6480,0.013459531
6481,0.00147536
6482,-0.0002895316
6483,0.019641105
6484,0.05131236
6485,0.08062591
6486,0.09214702
6487,0.076964654
6488,0.046820525
6489,0.017153105
6490,0.00031681708
6491,-0.0010673006
6492,0.02065221
6493,0.053175
6494,0.080469444
6495,0.088427015
6496,0.07463466
6497,0.04674509
6498,0.0167012
6499,0.00096127274
6500,-0.0002586131
6501,0.018711567
6502,0.05007152
6503,0.07756388
6504,0.08630706
6505,0.07892466
6506,0.05094914
6507,0.018516026
6508,-9.890011e-05
6509,-0.0008806717
6510,0.020089848
6511,0.051838927
6512,0.07597273
6513,0.08674761
6514,0.07210487
6515,0.0451387
6516,0.016550252
6517,0.0003628697
6518,-0.0008492203
6519,0.020051941
6520,0.050007343
6521,0.07577277
6522,0.08411274
6523,0.072416015
6524,0.046411283
6525,0.016831798
6526,-5.3370604e-05
6527,-0.00080335676
6528,0.01844105
6529,0.04780315
6530,0.07628591
6531,0.08736984
6532,0.07542482
6533,0.046972003
6534,0.015695997
6535,0.00026553654
6536,-8.611195e-05
6537,0.020857671
6538,0.050473988
6539,0.073948674
6540,0.0790309
6541,0.06918134
6542,0.041785028
6543,0.014273147
6544,5.5826036e-05
6545,0.00042058027
6546,0.019864535
6547,0.04742016
6548,0.068880476
6549,0.07613599
6550,0.06655175
6551,0.040343903
6552,0.013427855
6553,0.0011375536
6554,-0.0008371031
6555,0.01848979
6556,0.04795239
6557,0.07408283
6558,0.08245649
6559,0.0690919
6560,0.041967317
6561,0.015168503
6562,0.0016214151
6563,-0.00038013578
6564,0.01853851
6565,0.05031883
6566,0.07771676
6567,0.09000726
6568,0.07784073
6569,0.048830606
6570,0.016484536
6571,0.0015285906
6572,0.0014986099
6573,0.016824463
6574,0.04960125
6575,0.08209394
6576,0.097316235
6577,0.088421546
6578,0.05948233
6579,0.023096137
6580,0.0005436464
6581,0.0031751688
6582,0.016601985
6583,0.053309854
6584,0.08653184
6585,0.10442408
6586,0.09159926
6587,0.058208868
6588,0.021553539
6589,0.0034768772
6590,0.0045688786
6591,0.015838372
6592,0.053436574
6593,0.08780784
6594,0.10163094
6595,0.09198557
6596,0.064487934
6597,0.02180162
6598,0.008466531
6599,0.011859871
6600,0.009931322
6601,0.057616226
6602,0.1092387
6603,0.13594788
6604,0.13003069
6605,0.098269425
6606,0.04476463
6607,-0.0003851782
6608,0.01637598
6609,1.989014e-05
6610,0.049973786
6611,0.10992457
6612,0.15149097
6613,0.15136924
6614,0.10854826
6615,0.051388588
6616,0.0002270051
6617,0.019751528
6618,0.0013297226
6619,0.049628984
6620,0.11392483
6621,0.16160914
6622,0.16883358
6623,0.13274121
6624,0.07019677
6625,0.009023891
6626,0.020059725
6627,0.0058900546
6628,0.043294057
6629,0.110079095
6630,0.16441832
6631,0.1752567
6632,0.14080791
6633,0.07649701
6634,0.006490173
6635,0.026387256
6636,0.012924012
6637,0.038256466
6638,0.11435226
6639,0.17797315
6640,0.1869261
6641,0.15311319
6642,0.08719981
6643,0.015910264
6644,0.02031238
6645,0.008559587
6646,0.04293943
6647,0.115238465
6648,0.16999614
6649,0.18036559
6650,0.14603007
6651,0.081417315
6652,0.009198407
6653,0.028938731
6654,0.018621186
6655,0.029318979
6656,0.107409485
6657,0.17701334
6658,0.20557961
6659,0.17818749
6660,0.1086634
6661,0.029669316
6662,0.02104565
6663,0.02029338
6664,0.027936356
6665,0.10930769
6666,0.17968988
6667,0.20405792
6668,0.17220344
6669,0.10108718
6670,0.021990238
6671,0.019054899
6672,0.009837484
6673,0.04113062
6674,0.11453855
6675,0.1694784
6676,0.1841858
6677,0.14867498
6678,0.080289155
6679,0.011287573
6680,0.024981288
6681,0.014894715
6682,0.033917297
6683,0.10630355
6684,0.17032827
6685,0.18737617
6686,0.15620679
6687,0.083744355
6688,0.011066783
6689,0.0275222
6690,0.021655304
6691,0.027733263
6692,0.11006807
6693,0.18143128
6694,0.20419966
6695,0.17826556
6696,0.10084323
6697,0.0262841
6698,0.029897299
6699,0.026749335
6700,0.020795569
6701,0.10486732
6702,0.18265268
6703,0.22075433
6704,0.19859152
6705,0.12730668
6706,0.040970117
6707,0.016753376
6708,0.020336075
6709,0.02571411
6710,0.10676321
6711,0.17390098
6712,0.20335582
6713,0.17114118
6714,0.09974035
6715,0.025675174
6716,0.018283041
6717,0.011295466
6718,0.039929986
6719,0.11699384
6720,0.17744328
6721,0.19158038
6722,0.15193528
6723,0.08039453
6724,0.0113695925
6725,0.01855459
6726,0.002849298
6727,0.04713489
6728,0.11321917
6729,0.1617438
6730,0.1715909
6731,0.13927698
6732,0.06817034
6733,0.00813526
6734,0.019690577
6735,0.005975428
6736,0.04358481
6737,0.11387842
6738,0.16910326
6739,0.1824243
6740,0.14654806
6741,0.07812193
6742,0.010424922
6743,0.018699914
6744,0.0028901047
6745,0.04991214
6746,0.120570034
6747,0.1646964
6748,0.17129071
6749,0.131958
6750,0.064646915
6751,0.0038276804
6752,0.019740887
6753,-0.0014132706
6754,0.053441282
6755,0.117332794
6756,0.15636043
6757,0.15222006
6758,0.11727401
6759,0.046966232
6760,0.000360979
6761,0.01703943
6762,0.0052041486
6763,0.063878134
6764,0.12700936
6765,0.16504914
6766,0.16059911
6767,0.11605888
6768,0.053570762
6769,0.0007048263
6770,0.013286178
6771,0.007114395
6772,0.06118137
6773,0.11837503
6774,0.14604467
6775,0.1443998
6776,0.09993225
6777,0.044147015
6778,-0.0008522527
6779,0.012463683
6780,0.0088872025
6781,0.059662797
6782,0.11060837
6783,0.13597496
6784,0.1291128
6785,0.084104866
6786,0.035785202
6787,0.005325014
6788,0.0111579895
6789,0.014019178
6790,0.06530312
6791,0.11692308
6792,0.14369877
6793,0.1320804
6794,0.08779918
6795,0.03438054
6796,0.00046358153
6797,0.0061446866
6798,0.01812259
6799,0.0633164
6800,0.10564663
6801,0.1266946
6802,0.1113916
6803,0.07161407
6804,0.02568469
6805,0.003423687
6806,0.007126821
6807,0.014607655
6808,0.05775123
6809,0.09810669
6810,0.11842561
6811,0.11415785
6812,0.079269335
6813,0.033928428
6814,0.00031535467
6815,0.008647261
6816,0.012972694
6817,0.059550643
6818,0.10581594
6819,0.12791185
6820,0.12221734
6821,0.08393274
6822,0.033938188
6823,0.0010176881
6824,0.008106172
6825,0.013116986
6826,0.056801524
6827,0.10075064
6828,0.12675025
6829,0.114448145
6830,0.08296441
6831,0.033606097
6832,0.0021983786
6833,0.011254477
6834,0.008676531
6835,0.05600589
6836,0.10417519
6837,0.1304165
6838,0.13209869
6839,0.0990702
6840,0.04513474
6841,-0.0005171859
6842,0.011396455
6843,0.0076001277
6844,0.054546583
6845,0.107024655
6846,0.13769561
6847,0.13654919
6848,0.09997095
6849,0.046649437
6850,0.0007815892
6851,0.011343392
6852,0.006617094
6853,0.05350799
6854,0.10404846
6855,0.13284123
6856,0.12170562
6857,0.084400445
6858,0.034188658
6859,0.004786452
6860,0.012827691
6861,0.010245348
6862,0.06315568
6863,0.118517235
6864,0.14779857
6865,0.14012016
6866,0.0978631
6867,0.041986242
6868,0.0011042428
6869,0.011824187
6870,0.009096798
6871,0.058040198
6872,0.11017758
6873,0.13831577
6874,0.13729502
6875,0.0992697
6876,0.039119903
6877,0.0007622363
6878,0.013743298
6879,0.006880585
6880,0.05799696
6881,0.11095838
6882,0.14598835
6883,0.14320743
6884,0.10236205
6885,0.04301053
6886,-0.00053293735
6887,0.012625109
6888,0.008173128
6889,0.059754904
6890,0.114357345
6891,0.14531283
6892,0.13844997
6893,0.0975152
6894,0.041692715
6895,0.000107284985
6896,0.011449467
6897,0.00937978
6898,0.058706157
6899,0.11084504
6900,0.14143464
6901,0.13468125
6902,0.0956993
6903,0.042156395
6904,-0.0001274395
6905,0.013046076
6906,0.0059861136
6907,0.05383882
6908,0.10601091
6909,0.13965698
6910,0.13961262
6911,0.10229338
6912,0.049008984
6913,0.0017169993
6914,0.02201526
6915,0.001628482
6916,0.046945695
6917,0.110331185
6918,0.15881361
6919,0.16763662
6920,0.12981784
6921,0.06511635
6922,0.00644855
6923,0.02342501
6924,0.009944466
6925,0.040045045
6926,0.11074634
6927,0.16331428
6928,0.18348223
6929,0.15117675
6930,0.08418921
6931,0.009534459
6932,0.027305366
6933,0.0145951975
6934,0.03675641
6935,0.11414211
6936,0.17595063
6937,0.19773811
6938,0.16248694
6939,0.09555404
6940,0.0204458
6941,0.022473374
6942,0.01740173
6943,0.03125626
6944,0.10967634
6945,0.17682917
6946,0.19511831
6947,0.1670692
6948,0.099949665
6949,0.02255437
6950,0.020160971
6951,0.012872988
6952,0.037025683
6953,0.11365227
6954,0.17358012
6955,0.19408138
6956,0.15231399
6957,0.08488266
6958,0.015555687
6959,0.021812573
6960,0.008406055
6961,0.04428105
6962,0.119873166
6963,0.17771849
6964,0.18977308
6965,0.1509138
6966,0.079255804
6967,0.010756807
6968,0.017127825
6969,-0.00069495465
6970,0.052436717
6971,0.119664334
6972,0.16432631
6973,0.1662848
6974,0.12613535
6975,0.06226721
6976,0.0046009496
6977,0.017602297
6978,-0.0013743641
6979,0.053573914
6980,0.11770115
6981,0.15615444
6982,0.1534522
6983,0.118312985
6984,0.0521949
6985,0.0029799195
6986,0.021854877
6987,0.0011196332
6988,0.050545104
6989,0.11751106
6990,0.16593602
6991,0.17475672
6992,0.13911718
6993,0.07462538
6994,0.008570052
6995,0.02518616
6996,0.01631209
6997,0.03188494
6998,0.10584216
6999,0.1700088
7000,0.19797592
7001,0.17271705
7002,0.104377314
7003,0.026889721
7004,0.020279378
7005,0.020913146
7006,0.02655984
7007,0.10395011
7008,0.1746223
7009,0.20278834
7010,0.16824573
7011,0.10565401
7012,0.026328858
7013,0.02183825
7014,0.017705234
7015,0.030826122
7016,0.109450735
7017,0.17577343
7018,0.19951244
7019,0.17058474
7020,0.10110803
7021,0.024157654
7022,0.021635642
7023,0.020210633
7024,0.025734732
7025,0.10093289
7026,0.16995345
7027,0.19931296
7028,0.17358878
7029,0.11077413
7030,0.032592274
7031,0.018372748
7032,0.019249659
7033,0.026270008
7034,0.10503225
7035,0.1744854
7036,0.20108645
7037,0.17349315
7038,0.1042326
7039,0.020529078
7040,0.022363514
7041,0.017905118
7042,0.0298937
7043,0.10337074
7044,0.15967885
7045,0.17665613
7046,0.1456787
7047,0.070335194
7048,0.00096125784
7049,0.035800144
7050,0.01877433
7051,0.039788097
7052,0.12617396
7053,0.19615586
7054,0.21707518
7055,0.18669121
7056,0.109599
7057,0.021875296
7058,0.025119575
7059,0.019068133
7060,0.03166775
7061,0.11172584
7062,0.18351075
7063,0.20002244
7064,0.16534565
7065,0.09105056
7066,0.009334406
7067,0.025955748
7068,0.013578111
7069,0.042481612
7070,0.12329569
7071,0.18818909
7072,0.20369229
7073,0.1643239
7074,0.08459134
7075,0.013521918
7076,0.0224027
7077,0.00906569
7078,0.041985333
7079,0.11560618
7080,0.17195609
7081,0.18743162
7082,0.15264916
7083,0.08553159
7084,0.014936411
7085,0.0220971
7086,0.014057198
7087,0.036505073
7088,0.11327666
7089,0.17387533
7090,0.19333139
7091,0.16063146
7092,0.092043914
7093,0.01893783
7094,0.02076622
7095,0.012414454
7096,0.037550278
7097,0.11124961
7098,0.1704648
7099,0.18861634
7100,0.15643011
7101,0.08766815
7102,0.016085861
7103,0.020841694
7104,0.011618495
7105,0.037925553
7106,0.11141302
7107,0.17356452
7108,0.18624204
7109,0.15302388
7110,0.0836729
7111,0.013155547
7112,0.022394178
7113,0.009075212
7114,0.043250583
7115,0.11877457
7116,0.17661369
7117,0.1885835
7118,0.1486012
7119,0.07872513
7120,0.010759413
7121,0.018829383
7122,0.003113451
7123,0.04846519
7124,0.119292945
7125,0.17029901
7126,0.17719421
7127,0.13598357
7128,0.06804803
7129,0.004714689
7130,0.01932402
7131,0.0016244303
7132,0.048240155
7133,0.11364935
7134,0.16147041
7135,0.16522838
7136,0.12466175
7137,0.05615689
7138,0.0008972795
7139,0.030186076
7140,0.011523413
7141,0.041406296
7142,0.11928098
7143,0.18039952
7144,0.1966394
7145,0.16264132
7146,0.087740324
7147,0.017246718
7148,0.02642468
7149,0.0220355
7150,0.026778638
7151,0.10781877
7152,0.17798415
7153,0.20534027
7154,0.18090405
7155,0.11035882
7156,0.030573271
7157,0.022593537
7158,0.023982085
7159,0.021278664
7160,0.1028394
7161,0.1766691
7162,0.20254017
7163,0.17839742
7164,0.11696284
7165,0.034677446
7166,0.016246192
7167,0.017375749
7168,0.03107348
7169,0.108733006
7170,0.17456962
7171,0.19330573
7172,0.1654153
7173,0.09423757
7174,0.018979078
7175,0.020665694
7176,0.012899785
7177,0.038473707
7178,0.11484598
7179,0.1745426
7180,0.18558612
7181,0.15004997
7182,0.08720502
7183,0.013899408
7184,0.026034646
7185,0.016789021
7186,0.035093293
7187,0.113771155
7188,0.17835103
7189,0.2007663
7190,0.170591
7191,0.099675044
7192,0.022155298
7193,0.0264521
7194,0.02133308
7195,0.025974303
7196,0.10440465
7197,0.17378066
7198,0.19924319
7199,0.17157237
7200,0.10788652
