step,reward
1,0.0010208334
2,0.00058373704
3,0.0020226706
4,0.00029244815
5,0.0005348148
6,0.0012330705
7,0.0016329484
8,0.0016084481
9,0.0120266825
10,0.00048
11,0.00059853337
12,0.00015112592
13,0.0046542264
14,0.015052802
15,0.023296537
16,0.020663125
17,3e-05
18,0.00046151484
19,0.00045111479
20,0.00719717
21,0.0016526815
22,0.0019845334
23,0.0023232002
24,0.002195926
25,0.0016182258
26,0.0008427
27,0.0033496334
28,4.0333334e-06
29,0.00037218147
30,0.0009038371
31,0.0012848927
32,0.012013337
33,0.018171204
34,0.0103664035
35,0.00023707037
36,0.008046949
37,0.001957515
38,0.01943956
39,0.0023822372
40,0.016442405
41,0.001024726
42,0.0035497816
43,7.2592593e-07
44,0.0011739593
45,0.0072385343
46,0.017056728
47,0.022889616
48,0.018352134
49,0.0068907263
50,1.9737035e-05
51,0.006780033
52,0.002190226
53,0.0027075
54,0.028933425
55,0.055670854
56,0.05328463
57,0.00014520001
58,0.00012
59,0.0030401333
60,0.0109443
61,0.0014008334
62,0.0016084481
63,0.016913962
64,0.0017125926
65,0.009481482
66,0.009900834
67,2.1392592e-05
68,0.00058373704
69,0.009600371
70,0.024864003
71,0.0015123001
72,0.00090018153
73,0.0063948
74,0.0068000923
75,0.0013200332
76,0.0017125926
77,0.015247561
78,0.0022417926
79,0.018500835
80,0.0017125926
81,0.009269348
82,0.009564626
83,2.3703706e-05
84,0.00058963336
85,0.0012980149
86,0.016116282
87,0.0021788483
88,0.015428449
89,0.021924032
90,0.00010083333
91,0.00030083334
92,0.0041929483
93,0.0011781335
94,0.013132183
95,0.027927836
96,0.029474227
97,0.00012951484
98,8.112593e-05
99,0.00034003335
100,0.0062016146
101,0.0015408334
102,0.016023705
103,0.032802135
104,0.033555925
105,0.00012813334
106,0.00012675927
107,0.0024600928
108,0.0092459265
109,0.01898406
110,0.0012718369
111,0.009792134
112,0.0009709037
113,0.00046675923
114,0.0021392591
115,8.333334e-07
116,0.0013736334
117,0.0077227256
118,0.0175692
119,0.023111125
120,0.018253334
121,5.9259264e-06
122,0.00017925927
123,0.0005320037
124,0.0084224595
125,0.023129633
126,0.0017941332
127,0.0134832
128,0.023166671
129,0.018352134
130,1.1614815e-05
131,0.0005292
132,0.0011823149
133,0.0019737037
134,0.002675926
135,0.026621336
136,0.046203792
137,0.0008321334
138,0.0011991148
139,5.6033343e-05
140,0.0029601331
141,0.0011244481
142,0.0015938372
143,0.001962904
144,0.0018881336
145,0.01414117
146,0.016882315
147,0.00587067
148,0.00070083333
149,0.014228148
150,0.035226133
151,0.043930136
152,0.0006317371
153,6.4533335e-05
154,5.925926e-08
155,0.0005152926
156,0.0041850703
157,0.0010640593
158,0.012013337
159,0.0017025335
160,0.012403334
161,0.0007871149
162,0.002588504
163,0.0008965335
164,0.0006880038
165,0.0091875
166,0.0017429481
167,0.0017327999
168,0.015488981
169,0.023203734
170,0.013553961
171,0.00023894814
172,0.008534533
173,0.025268683
174,0.038092036
175,0.03600713
176,0.02024535
177,0.0039751707
178,0.0009408001
179,0.001814815
180,0.0213867
181,0.047494676
182,0.05808
183,0.0010680334
184,0.0038988001
185,0.0044896337
186,0.0014237036
187,0.0004082371
188,0.00821156
189,0.0018565333
190,0.018467737
191,0.03686676
192,0.0012075593
193,0.0044327257
194,0.0034632927
195,0.00013511482
196,0.0008181482
197,0.013006949
198,0.031752534
199,0.039821632
200,0.00059259264
201,0.0012033334
202,1.4814816e-06
203,0.00092222594
204,0.0056764595
205,0.01484446
206,0.0013067999
207,0.010665959
208,0.019034406
209,0.0003490704
210,0.00034228148
211,0.000108299995
212,0.0005691259
213,0.0092459265
214,0.024102226
215,0.03216596
216,0.0005749482
217,8.112593e-05
218,0.000107037034
219,0.000108299995
220,0.0005432926
221,0.0012075593
222,0.0018775705
223,0.019609634
224,0.0019467594
225,0.00096711493
226,0.0051570376
227,0.0034561334
228,0.00022595927
229,0.00679006
230,0.020072533
231,0.0014237036
232,0.00090018153
233,0.00061653333
234,0.00024083335
235,0.0004306704
236,0.00013653334
237,0.0043200003
238,0.014271738
239,0.02243156
240,0.020176135
241,3.272593e-05
242,0.00011472593
243,0.00043319998
244,0.0010092
245,0.013810227
246,0.032714013
247,0.0017226816
248,0.009840371
249,0.00055183703
250,0.0015600036
251,0.00027401483
252,0.0013872002
253,0.0103664035
254,0.02348268
255,0.0012980149
256,0.0007600333
257,0.00051253336
258,0.00018418148
259,0.00023707037
260,0.00017120372
261,0.004754403
262,0.015157515
263,0.023333704
264,0.0005778704
265,0.00012
266,7.1703707e-06
267,0.00021511482
268,0.0004382815
269,0.0010325334
270,0.001682504
271,0.0178608
272,0.0018044591
273,0.009985792
274,0.00030720004
275,0.00017601483
276,0.0006225926
277,0.0008391704
278,0.0014191149
279,0.015488981
280,0.0016035704
281,0.008921127
282,0.0092459265
283,0.0020611703
284,0.0014887259
285,0.0019467594
286,0.0026133335
287,0.026068185
288,0.045318533
289,0.0008146704
290,0.0011739593
291,2.3114815e-05
292,0.00055183703
293,0.009564626
294,0.0018775705
295,0.0165675
296,0.0015938372
297,0.008681336
298,0.008909633
299,0.00192
300,0.0015696336
301,0.016039116
302,0.0024120333
303,0.0021561817
304,0.0020117373
305,0.015022948
306,0.0006378704
307,2.8033332e-05
308,0.00022595927
309,0.003586134
310,0.011695293
311,0.0189003
312,0.0005292
313,0.0017429481
314,0.00095579255
315,0.00010957038
316,0.0007939593
317,0.0118405325
318,0.0021168
319,0.0020008332
320,0.0018881336
321,0.0013872002
322,0.0006944037
323,0.0025576334
324,0.00056044816
325,0.0005015704
326,0.009071205
327,0.021798061
328,0.0009482815
329,0.00031795923
330,7.5737036e-05
331,3.7925927e-06
332,0.00027603333
333,0.0008533334
334,0.011682134
335,0.026068185
336,0.02833613
337,0.015368034
338,0.0001617815
339,0.0064337924
340,0.019763332
341,0.0018565333
342,0.016116282
343,0.031904537
344,0.0010561333
345,0.003906404
346,0.0029667593
347,0.000112133326
348,0.00071053335
349,0.010868033
350,0.027280724
351,0.035248984
352,0.0005778704
353,0.0012805335
354,5.333334e-07
355,0.0008427
356,0.0054405336
357,0.014534673
358,0.023277957
359,0.024405517
360,0.015808728
361,5.633333e-06
362,0.00030083334
363,0.0050786706
364,0.0012848927
365,0.0145493485
366,0.0023056336
367,0.0021000335
368,0.0019683002
369,0.014681783
370,0.017585339
371,1.3333334e-07
372,0.0023703706
373,0.0011449482
374,0.0016526815
375,0.017504727
376,0.0017684482
377,0.009792134
378,0.00029872594
379,4.4814817e-07
380,0.00096711493
381,0.00072684826
382,0.001245926
383,0.0016280335
384,0.0148592945
385,0.022376904
386,0.00012813334
387,9.840371e-05
388,0.0033005036
389,0.012349171
390,0.0014237036
391,0.0013467001
392,0.0013244592
393,0.0009595593
394,0.0004382815
395,0.0012718369
396,3.3425924e-05
397,0.0027776149
398,0.0012631703
399,0.0015028483
400,0.0014840333
401,0.0010840038
402,0.00050978153
403,0.0016182258
404,4.32e-05
405,0.0029469037
406,0.011303738
407,0.0011081814
408,0.00080083334
409,0.00055183703
410,0.0027456335
411,6.259259e-07
412,0.0010960593
413,0.0007939593
414,0.0013200332
415,0.014534673
416,0.026720727
417,0.022140836
418,3.5592593e-06
419,0.0027840333
420,0.01170846
421,0.0015648151
422,0.01493357
423,0.00192
424,0.0013826704
425,0.0009785037
426,0.0054315585
427,4.0059258e-05
428,0.0001393926
429,0.0040445374
430,0.013497339
431,0.0011614816
432,0.00080083334
433,0.005768533
434,0.0060397373
435,0.0010561333
436,0.0018881336
437,0.001753126
438,0.019797573
439,0.04004053
440,0.0013156149
441,0.0048556486
442,0.0038760337
443,9.840371e-05
444,0.0044165333
445,0.0013917371
446,0.0018200038
447,0.018933782
448,0.0018881336
449,0.010416033
450,0.00032450372
451,3.3333336e-08
452,0.00019934814
453,0.00071053335
454,0.0013156149
455,0.0145493485
456,0.02678045
457,0.022195203
458,3.5592593e-06
459,0.0005070371
460,0.0011573371
461,0.015368034
462,0.0024843
463,0.02050596
464,0.0018775705
465,0.0009038371
466,0.004754403
467,0.0030603004
468,6.533333e-06
469,0.0064729033
470,0.02206845
471,0.032978725
472,0.027785635
473,0.01118757
474,0.00019422593
475,0.0015408334
476,0.0026133335
477,0.029348984
478,0.0038684597
479,0.003114404
480,0.0027968925
481,0.020873617
482,0.025832895
483,1.2892592e-05
484,0.0019521335
485,0.0011000925
486,0.013188035
487,0.0018565333
488,0.013384447
489,0.019101636
490,8.112593e-05
491,0.00012951484
492,0.0037408334
493,0.013370372
494,0.0014606816
495,0.0013601334
496,0.012335648
497,0.01853396
498,9.363332e-05
499,0.00011084815
500,0.0034776332
501,0.0011739593
502,0.0016280335
503,0.017232034
504,0.031105202
505,0.025462536
506,0.007489201
507,0.00039361484
508,0.0024000928
509,0.028418152
510,0.059318535
511,0.06461974
512,0.040211204
513,0.0098766275
514,0.00048803337
515,0.018122016
516,0.04596863
517,0.06126107
518,0.0015841334
519,0.008388981
520,0.0007367259
521,0.003860893
522,0.0033778707
523,0.00019763334
524,0.00075333705
525,0.0016378704
526,0.002346726
527,0.0027011705
528,0.0025208336
529,0.0018617813
530,0.0009937927
531,0.00028623705
532,0.0003333334
533,0.00037689265
534,0.0007301334
535,0.0010840038
536,0.0011285334
537,0.008411292
538,0.00029662595
539,0.00019084814
540,0.0002187
541,0.0008042815
542,0.011213333
543,0.001697515
544,0.0012892594
545,0.009398701
546,0.00034228148
547,3.703704e-07
548,0.0007600333
549,0.0056124483
550,0.0011203705
551,0.010779393
552,0.019831836
553,0.016395615
554,0.004546904
555,0.0006848149
556,0.013300093
557,0.034138132
558,0.04651829
559,0.0011244481
560,0.0004306704
561,0.0028746703
562,4.8981477e-05
563,5.244815e-05
564,0.0023763
565,0.010071116
566,0.020158846
567,0.0010443002
568,0.0062496336
569,0.0084672
570,1.00148145e-05
571,0.00018583704
572,0.0006721334
573,0.0013691259
574,0.0020501334
575,0.021120531
576,0.0020722374
577,0.001024726
578,0.0055306815
579,0.0038231702
580,8.533334e-06
581,0.001136726
582,0.0019521335
583,0.0023349482
584,0.0022130706
585,0.016551837
586,0.020072533
587,1.9592594e-06
588,0.00045630004
589,0.008255738
590,0.0017125926
591,0.0017327999
592,0.0016675593
593,0.0012202814
594,0.00059259264
595,0.00011342594
596,1.7633334e-05
597,0.001753126
598,0.0008077371
599,0.0010720148
600,0.0011041333
601,0.00080083334
602,0.004304015
603,0.002675926
604,0.00024653334
605,0.0069311997
606,0.02026267
607,0.0014237036
608,0.00903646
609,0.012471205
610,3.0670373e-05
611,0.00016333334
612,0.0042008334
613,0.0143883005
614,0.0014981332
615,0.0013691259
616,0.012403334
617,0.018633515
618,9.481482e-05
619,0.00011084815
620,0.0034704595
621,0.0011739593
622,0.0133281825
623,0.028377127
624,0.0010443002
625,0.004052282
626,5.0700004e-05
627,0.00011867038
628,0.0004382815
629,0.0076267603
630,0.020856032
631,0.028933425
632,0.0005691259
633,9.245926e-05
634,0.00014520001
635,0.00018253335
636,0.003666759
637,0.0011531999
638,0.013062534
639,0.027866848
640,0.001028626
641,0.0003114815
642,0.0011823149
643,0.00018253335
644,0.0014329037
645,0.0011490704
646,0.0017176333
647,0.018122016
648,0.032582056
649,0.02660148
650,3.5592593e-06
651,0.003046848
652,0.012512015
653,0.0016133332
654,0.015202505
655,0.0019413929
656,0.013724537
657,0.019473517
658,0.010615737
659,0.00027000002
660,0.0012718369
661,0.0021224038
662,0.023876004
663,0.047282707
664,0.0014746704
665,0.00040578152
666,0.0016428002
667,6.8481486e-06
668,0.00032450372
669,0.0064337924
670,0.0014793482
671,0.0015696336
672,0.0015265334
673,0.011381515
674,0.013272034
675,0.0041223145
676,0.00070083333
677,0.0018565333
678,0.02169037
679,0.043675397
680,0.043472134
681,0.00014667037
682,0.0001808926
683,0.00041070004
684,0.0069717923
685,0.020141572
686,0.03125565
687,0.030848134
688,0.0002503704
689,0.00019253335
690,2.4903706e-05
691,0.0017838371
692,0.008112594
693,0.018089259
694,0.025793782
695,0.024748985
696,0.00019763334
697,1.2000002e-06
698,0.0001253926
699,0.0002561815
700,0.0007367259
701,0.010982534
702,0.0020062816
703,0.017376136
704,0.030167837
705,0.024083333
706,7.1703707e-06
707,0.00056333333
708,0.0012330705
709,0.0020336334
710,0.023000235
711,0.045760095
712,0.0014467594
713,0.0003984593
714,0.000105781495
715,3.8533333e-05
716,0.0008892593
717,0.0068302373
718,0.0012718369
719,0.011867037
720,0.0012160332
721,0.00059853337
722,0.0002187
723,5.0703707e-06
724,0.0001337037
725,0.0038533336
726,0.001132626
727,0.0013200332
728,0.0121471165
729,0.0008533334
730,0.00019422593
731,0.00023520003
732,0.0003628482
733,0.00075333705
734,0.0013422371
735,0.001727737
736,0.015686532
737,0.023613425
738,0.013853171
739,0.00023520003
740,0.0012718369
741,0.016913962
742,0.0026633483
743,0.021726234
744,0.001962904
745,0.010578148
746,0.00032669998
747,0.00020453705
748,0.00022231482
749,0.005485515
750,0.016724536
751,0.0012761814
752,0.0008391704
753,0.0060208333
754,0.0063462257
755,0.0011614816
756,0.0007137815
757,0.0016925039
758,0.020020833
759,0.04074996
760,0.0013467001
761,0.004983704
762,7.053334e-05
763,7.25926e-05
764,0.00041564813
765,0.0074366266
766,0.0015987
767,0.0016477371
768,0.0015938372
769,0.01189357
770,0.0004720334
771,8.181482e-06
772,0.00046151484
773,0.00059853337
774,0.008681336
775,0.020436302
776,0.0008820149
777,0.00029244815
778,0.0010960593
779,1.9737035e-05
780,0.0020281484
781,0.0009595593
782,0.0014560336
783,0.01574757
784,0.028706132
785,0.02365085
786,0.006941337
787,0.00040578152
788,0.0023114816
789,0.0033285336
790,0.03481614
791,0.0038760337
792,0.025423706
793,0.035500806
794,0.020366762
795,0.00028213335
796,0.0015075706
797,0.0024120333
798,0.026541958
799,0.051778223
800,0.050129782
801,0.00014667037
802,0.00026403333
803,0.0033285336
804,0.00096711493
805,0.01189357
806,0.0020391261
807,0.017456448
808,0.030231293
809,0.024083333
810,0.0067200335
811,0.0008533334
812,0.016085392
813,0.0029008337
814,0.0029403002
815,0.0031895703
816,0.002927115
817,0.0021675
818,0.0011907001
819,0.0053155697
820,3.5592593e-06
821,0.00027401483
822,0.0007701334
823,0.0011490704
824,0.0011865038
825,0.0008604593
826,0.0046875
827,0.0030401333
828,5.9259264e-06
829,0.0011285334
830,0.0019093482
831,0.0022939595
832,0.02034939
833,0.030507041
834,0.00020280002
835,9.600371e-05
836,0.0005152926
837,0.0011697926
838,0.0018356149
839,0.0022130706
840,0.0021056149
841,0.01574757
842,0.019000834
843,0.006941337
844,0.0006976148
845,0.0019683002
846,0.022834403
847,0.0028227004
848,0.019304035
849,0.0012033334
850,0.00029453338
851,0.0005662259
852,8.112593e-05
853,0.0006912
854,0.0013156149
855,0.014564034
856,0.0015312927
857,0.00076675933
858,0.003921633
859,0.0022765037
860,7.894814e-05
861,0.001136726
862,0.0018775705
863,0.002259115
864,0.0021505335
865,0.016069962
866,0.01943956
867,1.337037e-06
868,0.00046151484
869,0.0011408334
870,0.014578726
871,0.031234136
872,0.03282418
873,0.00014228148
874,8.222593e-05
875,0.002190226
876,0.0008568927
877,0.0014329037
878,0.017264005
879,0.035868682
880,0.0012373483
881,0.0003605333
882,0.0014237036
883,0.00030507034
884,0.00039361484
885,0.007970701
886,0.02194206
887,0.030316005
888,0.0005866815
889,9.245926e-05
890,1.9592594e-06
891,9.0133326e-05
892,0.002953515
893,0.011420504
894,0.021726234
895,0.0010403704
896,0.006087126
897,0.008189516
898,8.533334e-06
899,0.0007905334
900,0.0056581334
901,0.0012160332
902,0.0015792927
903,0.016756035
904,0.0017075593
905,0.00944596
906,0.0002841815
907,8.333334e-07
908,0.00021690372
909,0.0050267596
910,0.0012936335
911,0.0014375147
912,0.0014191149
913,0.0010325334
914,0.00048
915,7.25926e-05
916,2.3703706e-05
917,0.0022302817
918,0.0009148482
919,0.009828299
920,0.018600302
921,0.01565606
922,0.004424626
923,0.00051805936
924,0.013681794
925,0.036053333
926,0.0023644485
927,0.016364459
928,0.0014421332
929,0.00067845924
930,0.00025813334
931,1.1203704e-05
932,0.0003605333
933,0.0041379593
934,0.0010364482
935,0.0103788
936,0.0011122372
937,0.00055183703
938,0.0026382816
939,1.8148148e-07
940,0.0011573371
941,0.0071250712
942,0.0012245373
943,0.011368534
944,0.0011739593
945,0.0005778704
946,0.00020628147
947,0.00030933708
948,0.00015717038
949,0.0045715594
950,0.0012588482
951,0.0014145334
952,0.012951483
953,0.0009075
954,0.00021333335
955,2.7e-06
956,0.0005691259
957,0.0006225926
958,0.0011490704
959,0.0015312927
960,0.0015217816
961,0.0011122372
962,0.0005292
963,0.0017075593
964,0.00015870002
965,0.0022073481
966,0.012200834
967,0.022816017
968,0.022797633
969,7.4681484e-05
970,7.3633346e-05
971,0.00035822592
972,0.006453333
973,0.019135293
974,0.030231293
975,0.0010482371
976,0.0054136333
977,0.0070227003
978,3.3333336e-06
979,0.00020628147
980,0.0047292598
981,0.01553446
982,0.026403332
983,0.028172458
984,0.00030294814
985,0.00039361484
986,7.1703707e-06
987,0.0002780593
988,0.0008251259
989,0.011960033
990,0.0021168
991,0.0020008332
992,0.01764996
993,0.0012288002
994,0.00032013337
995,2.0281483e-05
996,9.245926e-05
997,0.0032309485
998,0.011603335
999,0.0010920333
1000,0.0076373927
1001,0.00046939263
1002,0.0013200332
1003,2.1392592e-05
1004,0.00038640367
1005,0.0010014815
1006,0.0016477371
1007,0.0020336334
1008,0.018220462
1009,0.02734107
1010,0.0001728
1011,0.00012675927
1012,0.0033778707
1013,0.0011408334
1014,0.0015889816
1015,0.001957515
1016,0.0175692
1017,0.026363794
1018,0.015625617
1019,0.00023520003
1020,0.008760904
1021,0.025891613
1022,0.038856003
1023,0.036517035
1024,0.020384135
1025,4.7292593e-05
1026,0.0005208334
1027,0.007510282
1028,0.0015938372
1029,0.0168507
1030,0.03719467
1031,0.0017735704
1032,0.009792134
1033,0.0005376334
1034,8.112593e-05
1035,3.3333336e-06
1036,0.0012502259
1037,0.0008604593
1038,0.0013872002
1039,0.015157515
1040,0.027745074
1041,0.02292646
1042,0.006730016
1043,0.0004082371
1044,0.015717037
1045,0.0031484596
1046,0.0031895703
1047,0.0034204484
1048,0.02943245
1049,0.043853637
1050,0.0003333334
1051,1.7633334e-05
1052,0.00047733705
1053,0.008344448
1054,0.022376904
1055,0.0014375147
1056,0.0008784038
1057,0.00059853337
1058,0.0030200335
1059,0.0015075706
1060,0.00029662595
1061,0.0072800154
1062,0.0016477371
1063,0.015127559
1064,0.0014887259
1065,0.0007301334
1066,0.00028829998
1067,1.7125927e-05
1068,0.00028623705
1069,0.0005348148
1070,0.0010680334
1071,0.0122412015
1072,0.023000235
1073,0.00046151484
1074,1.3333334e-05
1075,6.650371e-05
1076,0.00042814814
1077,0.0010482371
1078,0.0017025335
1079,0.018056534
1080,0.0018200038
1081,0.010071116
1082,0.0003114815
1083,1.8148148e-07
1084,0.00093334814
1085,0.00071703707
1086,0.0012416334
1087,0.013810227
1088,0.025540285
1089,0.021244537
1090,0.0062208
1091,0.00075333705
1092,0.014652302
1093,0.0027265332
1094,0.024768136
1095,0.0028162373
1096,0.0018934261
1097,0.01375307
1098,0.00056333333
1099,0.0008042815
1100,0.00012951484
1101,0.0006816333
1102,0.009973634
1103,0.0015744594
1104,0.011748005
1105,0.016882315
1106,6.7500005e-05
1107,0.0001337037
1108,0.003793126
1109,0.013469071
1110,0.0014653371
1111,0.0122412015
1112,0.0012033334
1113,0.00058373704
1114,0.0028227004
1115,0.0013200332
1116,0.00034228148
1117,0.00798157
1118,0.02228596
1119,0.030890903
1120,0.024787292
1121,0.009316281
1122,5.422593e-05
1123,0.0015075706
1124,0.0025208336
1125,0.028479736
1126,0.058992893
1127,0.0640332
1128,0.0397488
1129,2.5514819e-05
1130,0.0006286815
1131,0.008772301
1132,0.0017480336
1133,0.018007502
1134,0.0026257925
1135,0.021173634
1136,0.03575352
1137,0.0006075001
1138,1.6133334e-05
1139,6.551482e-05
1140,0.00042563336
1141,0.0075737042
1142,0.0016133332
1143,0.0016625925
1144,0.0016035704
1145,0.0011739593
1146,0.0005662259
1147,0.0018881336
1148,0.00022963336
1149,0.0005489815
1150,0.009339793
1151,0.02217707
1152,0.025152726
1153,0.014228148
1154,0.00013090372
1155,0.0057131997
1156,0.018154802
1157,0.0017941332
1158,0.015808728
1159,0.031492803
1160,0.031817637
1161,0.00011342594
1162,7.3633346e-05
1163,0.0003651704
1164,0.0065416335
1165,0.019304035
1166,0.030400833
1167,0.0010482371
1168,0.00050978153
1169,0.00032890373
1170,9.245926e-05
1171,5.0703707e-06
1172,0.00023894814
1173,0.00077351485
1174,0.010868033
1175,0.024576949
1176,0.027020006
1177,0.00014083333
1178,3.9292594e-05
1179,0.00030720004
1180,0.00587067
1181,0.017925927
1182,0.0016182258
1183,0.012813333
1184,0.0223587
1185,0.00039603334
1186,5.348148e-06
1187,0.00030294814
1188,0.00047733705
1189,0.0010760038
1190,0.001727737
1191,0.0021112037
1192,0.018833425
1193,0.028254237
1194,0.00018253335
1195,8.4448155e-05
1196,0.0005015704
1197,0.0011531999
1198,0.014652302
1199,0.0020391261
1200,0.014578726
1201,0.020750703
1202,0.011446534
1203,0.0005152926
1204,0.0015552
1205,0.021906015
1206,0.0032656335
1207,0.0027648
1208,0.023744533
1209,0.0016428002
1210,0.00046939263
1211,0.0012980149
1212,3.272593e-05
1213,0.0028097813
1214,0.0012718369
1215,0.0015123001
1216,0.0014887259
1217,0.011110459
1218,0.00043319998
1219,0.00048
1220,0.00016645927
1221,0.00073342596
1222,0.010515649
1223,0.02397013
1224,0.026502317
1225,0.00014228148
1226,3.9292594e-05
1227,0.0017025335
1228,0.0007905334
1229,0.0013781481
1230,0.0020446258
1231,0.0024120333
1232,0.0022765037
1233,0.01702495
1234,0.0007466704
1235,0.0013467001
1236,8.783704e-05
1237,0.00061653333
1238,0.009292801
1239,0.021744182
1240,0.024538804
1241,0.013795926
1242,0.0015408334
1243,0.0032935147
1244,0.02169037
1245,0.04324403
1246,0.0021112037
1247,0.013624905
1248,0.0011991148
1249,0.00056044816
1250,0.00019592591
1251,0.00027401483
1252,0.00029872594
1253,0.0007367259
1254,0.0103788
1255,0.0016084481
1256,0.011933426
1257,0.0171363
1258,6.951483e-05
1259,0.0001323
1260,0.0037856335
1261,0.013469071
1262,0.024140034
1263,0.026900092
1264,0.0003311148
1265,0.00051805936
1266,1.3781483e-05
1267,0.0012718369
1268,0.00071703707
1269,0.0100467
1270,0.025288032
1271,0.0014981332
1272,0.0008820149
1273,0.0062592602
1274,0.006630534
1275,0.0012588482
1276,0.001753126
1277,0.0017838371
1278,0.0024120333
1279,0.024291558
1280,0.0023290704
1281,0.0011490704
1282,0.0005208334
1283,8.557037e-05
1284,8.181482e-06
1285,0.0020117373
1286,0.0090596145
1287,0.001028626
1288,0.0075313933
1289,0.0004720334
1290,0.0013467001
1291,0.00018750002
1292,0.0015456147
1293,0.0011907001
1294,0.014300834
1295,0.0019737037
1296,0.01414117
1297,0.020124301
1298,0.0110592
1299,0.0002680037
1300,0.008681336
1301,0.0020501334
1302,0.0023408332
1303,0.023426762
1304,0.0022533333
1305,0.012335648
1306,0.00040578152
1307,0.0003605333
1308,0.00018917037
1309,0.0007701334
1310,0.010868033
1311,0.02461513
1312,0.027060032
1313,0.01484446
1314,0.00015112592
1315,0.00093334814
1316,0.01299307
1317,0.0023644485
1318,0.021906015
1319,0.042312592
1320,0.0013024037
1321,0.0046459264
1322,0.0036080335
1323,0.00014963334
1324,0.0035715702
1325,0.0174243
1326,0.032626018
1327,0.035730503
1328,0.00038640367
1329,0.00051805936
1330,2.8033332e-05
1331,0.00027603333
1332,0.005768533
1333,0.017844537
1334,0.0016280335
1335,0.012896133
1336,0.0012373483
1337,0.0005955593
1338,0.00021690372
1339,4.8000006e-06
1340,0.00013511482
1341,0.00059853337
1342,0.0011781335
1343,0.0015648151
1344,0.014359115
1345,0.0010092
1346,0.00024653334
1347,0.0004033333
1348,0.00014373705
1349,0.004424626
1350,0.0012416334
1351,0.0014053927
1352,0.012854701
1353,0.019354803
1354,0.011097634
1355,0.00023894814
1356,0.008178503
1357,0.0019845334
1358,0.0022939595
1359,0.0026133335
1360,0.022908034
1361,0.034250673
1362,0.020768238
1363,0.0021112037
1364,0.0017941332
1365,0.025813332
1366,0.0037185336
1367,0.0030670373
1368,0.026087837
1369,0.038760092
1370,0.0002780593
1371,6.7500005e-05
1372,0.00046939263
1373,0.0011081814
1374,0.0017684482
1375,0.0021505335
1376,0.0020501334
1377,0.0015123001
1378,0.008955648
1379,0.0001393926
1380,6.7500005e-05
1381,0.00049613335
1382,0.007938134
1383,0.0192027
1384,0.0008604593
1385,0.00363
1386,0.0028681483
1387,7.680001e-05
1388,0.003586134
1389,0.016771793
1390,0.031234136
1391,0.0013112037
1392,0.0071147997
1393,0.00038163335
1394,0.0009370704
1395,4.0833336e-05
1396,0.00047468152
1397,0.0011865038
1398,0.0018617813
1399,0.019473517
1400,0.034793425
1401,0.02829517
1402,0.0083667
1403,0.00037218147
1404,0.017248016
1405,0.045786135
1406,0.0028291706
1407,0.0019467594
1408,0.016834904
1409,0.02507557
1410,0.014681783
1411,0.0010720148
1412,0.0016133332
1413,0.023055648
1414,0.050840836
1415,0.0022533333
1416,0.0011122372
1417,0.0007466704
1418,0.0039368924
1419,1.2033334e-05
1420,0.00073342596
1421,0.005842726
1422,0.015202505
1423,0.0010720148
1424,0.007012504
1425,0.00041564813
1426,0.0011041333
1427,9.245926e-05
1428,0.00045630004
1429,0.008523293
1430,0.0017582261
1431,0.015778134
1432,0.0015360593
1433,0.008400134
1434,0.008579572
1435,2.933704e-05
1436,0.0005955593
1437,0.009708004
1438,0.0018775705
1439,0.0018408335
1440,0.0017582261
1441,0.013104301
1442,0.015519292
1443,0.0052008326
1444,0.00070083333
1445,0.01405446
1446,0.03481614
1447,0.0018723003
1448,0.0107163
1449,0.0006015148
1450,9.961482e-05
1451,5.633333e-06
1452,0.00024462593
1453,0.0007803
1454,0.0013962816
1455,0.0017838371
1456,0.01617815
1457,0.024310533
1458,0.00014667037
1459,0.00016333334
1460,0.0005376334
1461,0.008760904
1462,0.001753126
1463,0.015671294
1464,0.0015217816
1465,0.008333335
1466,0.008500834
1467,2.933704e-05
1468,0.0005955593
1469,0.009720001
1470,0.025094848
1471,0.033200134
1472,0.025540285
1473,5.0703707e-06
1474,0.00023333704
1475,0.0043681334
1476,0.013824534
1477,0.024596034
1478,0.029704534
1479,0.024748985
1480,0.000108299995
1481,5.633333e-06
1482,0.00043319998
1483,0.0028227004
1484,0.00078370364
1485,0.0013112037
1486,0.001962904
1487,0.020384135
1488,0.0020117373
1489,0.0110848155
1490,0.00035363334
1491,0.0002561815
1492,0.00047733705
1493,0.0008216334
1494,0.0014145334
1495,0.015443572
1496,0.028254237
1497,0.0005489815
1498,1.8670371e-05
1499,5.8800008e-05
1500,0.0024540594
1501,0.010230534
1502,0.020332035
1503,0.0010403704
1504,0.0062208
1505,0.0084224595
1506,0.0038156484
1507,1.3781483e-05
1508,0.0072075003
1509,0.0021280148
1510,0.002478237
1511,0.0027904592
1512,0.0243675
1513,0.001697515
1514,0.000490726
1515,0.0013962816
1516,5.422593e-05
1517,0.0026633483
1518,0.0012718369
1519,0.013090371
1520,0.023988985
1521,0.00046413334
1522,0.0005720334
1523,8.557037e-05
1524,0.0005376334
1525,0.0012033334
1526,0.0018723003
1527,0.0022475594
1528,0.0021336332
1529,0.015977517
1530,0.0006912
1531,0.0011781335
1532,1.8148148e-07
1533,0.0037037039
1534,0.014637571
1535,0.0013511705
1536,0.0009296334
1537,0.006710059
1538,0.00021155925
1539,5.7870373e-05
1540,0.0009633334
1541,0.0073216152
1542,0.0013244592
1543,0.0013872002
1544,0.012648534
1545,0.019034406
1546,9.840371e-05
1547,0.00010957038
1548,0.0005432926
1549,0.008944133
1550,0.02350134
1551,0.0014653371
1552,0.0008820149
1553,0.0062881815
1554,0.00019084814
1555,3.557037e-05
1556,0.0002780593
1557,0.0008748
1558,0.0015075706
1559,0.0018934261
1560,0.017088534
1561,0.0011949037
1562,0.004448949
1563,0.0023408332
1564,0.0001226815
1565,0.007701348
1566,0.0018881336
1567,0.017120373
1568,0.030041128
1569,0.0005432926
1570,1.4700002e-05
1571,6.551482e-05
1572,0.00042814814
1573,0.0010482371
1574,0.013624905
1575,0.02953695
1576,0.031341784
1577,0.00014228148
1578,5.3333337e-05
1579,0.00032231485
1580,0.0060397373
1581,0.0015217816
1582,0.0018934261
1583,0.0022360333
1584,0.019866135
1585,0.0013872002
1586,0.0003792593
1587,3.3425924e-05
1588,0.00015413333
1589,0.0031827001
1590,0.0009785037
1591,0.010132282
1592,0.0011000925
1593,0.0005489815
1594,0.0026133335
1595,0.0011531999
1596,0.00031795923
1597,0.0010680334
1598,0.0017378703
1599,0.018418148
1600,0.0018512926
1601,0.0009185334
1602,0.00039120376
1603,4.4003707e-05
1604,0.000102059275
1605,0.00045630004
1606,0.0074051702
1607,0.0012980149
1608,0.0010443002
1609,0.0076161334
1610,0.0002561815
1611,1.2000002e-06
1612,0.0010325334
1613,0.0007400333
1614,0.0012588482
1615,0.0016378704
1616,0.0016133332
1617,0.0011823149
1618,0.0067700157
1619,0.0051570376
1620,0.0001337037
1621,0.0011285334
1622,0.0019953926
1623,0.0023822372
1624,0.021085173
1625,0.03155764
1626,0.00021333335
1627,7.7870376e-05
1628,0.0030000003
1629,0.0011041333
1630,0.012813333
1631,0.0017992925
1632,0.013020833
1633,0.018583706
1634,7.7870376e-05
1635,0.00035822592
1636,0.00059853337
1637,0.0012416334
1638,0.015473839
1639,0.032780092
1640,0.034138132
1641,0.00014228148
1642,9.481482e-05
1643,0.0003559259
1644,0.006385071
1645,0.018967297
1646,0.0016526815
1647,0.012937633
1648,0.022486283
1649,0.017958535
1650,0.0047712033
1651,0.0006721334
1652,0.0021000335
1653,0.0030401333
1654,0.0037408334
1655,0.0039751707
1656,0.03395846
1657,0.0023585334
1658,0.009660093
1659,0.000103292594
1660,9.840371e-05
1661,0.0005489815
1662,0.008512059
1663,0.0014191149
1664,0.0011203705
1665,0.0007905334
1666,0.004232448
1667,0.0026009039
1668,0.0002503704
1669,0.0010208334
1670,0.0016925039
1671,0.0020777816
1672,0.0019899593
1673,0.0014653371
1674,0.008658671
1675,0.007176533
1676,0.00014228148
1677,0.0009370704
1678,0.01279956
1679,0.028172458
1680,0.030231293
1681,0.016193634
1682,0.0016280335
1683,0.0040290705
1684,0.0025947
1685,0.027704537
1686,0.0036520334
1687,0.027866848
1688,0.0023881816
1689,0.001136726
1690,0.006192034
1691,5.5125933e-05
1692,0.00032890373
1693,0.0043923
1694,0.0011000925
1695,0.010918849
1696,0.020158846
1697,0.00039361484
1698,7.5e-06
1699,8.0033344e-05
1700,0.00045630004
1701,0.0010880148
1702,0.0017429481
1703,0.018418148
1704,0.03308934
1705,0.0006256333
1706,2.3703706e-05
1707,5.3333337e-05
1708,0.0023408332
1709,0.009961481
1710,0.020020833
1711,0.0010403704
1712,0.0062496336
1713,0.00035363334
1714,3.9292594e-05
1715,3.0670373e-05
1716,0.00034680005
1717,0.00665037
1718,0.018933782
1719,0.0013333336
1720,0.008500834
1721,0.0005015704
1722,7.680001e-05
1723,1.1614815e-05
1724,0.0014145334
1725,0.0075208335
1726,0.01702495
1727,0.02243156
1728,0.017795796
1729,6.2259264e-06
1730,0.0001744037
1731,0.0005264037
1732,0.008344448
1733,0.0018096336
1734,0.01797485
1735,0.0022417926
1736,0.0015792927
1737,0.0011203705
1738,0.0063365335
1739,0.0046875
1740,0.00019084814
1741,0.0009785037
1742,0.013160094
1743,0.02878868
1744,0.0010880148
1745,0.00033555928
1746,8.222593e-05
1747,8.181482e-06
1748,0.0002680037
1749,0.0008427
1750,0.011590227
1751,0.0017378703
1752,0.0127445385
1753,0.00081120007
1754,0.0026948482
1755,0.0009709037
1756,0.00036750003
1757,0.001136726
1758,0.001814815
1759,0.002195926
1760,0.0020944595
1761,0.01565606
1762,0.0006721334
1763,0.0011244481
1764,0.000103292594
1765,0.0006409481
1766,0.0012416334
1767,0.0016280335
1768,0.0016084481
1769,0.012000001
1770,0.014083334
1771,1.4814816e-06
1772,0.0025947
1773,0.011734815
1774,0.0014981332
1775,0.012813333
1776,0.022705838
1777,0.00041564813
1778,6.8481486e-06
1779,0.00027000002
1780,0.00046675923
1781,0.0010680334
1782,0.0017176333
1783,0.018187616
1784,0.0018304038
1785,0.010120033
1786,0.00031363333
1787,1.3333334e-07
1788,0.00092592597
1789,0.0061442372
1790,0.0011490704
1791,0.010893427
1792,0.0011408334
1793,0.0063074995
1794,0.006192034
1795,0.0009709037
1796,0.0007566815
1797,0.013048626
1798,0.0023232002
1799,0.019660803
1800,0.0018200038
1801,0.0098766275
1802,0.00029872594
1803,5.333334e-07
1804,0.00021155925
1805,0.00073342596
1806,0.0013377817
1807,0.001727737
1808,0.015701784
1809,0.023613425
1810,0.0001393926
1811,0.0001728
1812,0.0005404593
1813,0.008783704
1814,0.001753126
1815,0.001753126
1816,0.015686532
1817,0.02350134
1818,0.01375307
1819,0.00023707037
1820,0.0085570365
1821,0.0020501334
1822,0.020158846
1823,0.0024480335
1824,0.016803334
1825,0.023725783
1826,0.013174059
1827,0.00070729264
1828,0.006600833
1829,0.030698674
1830,0.0029469037
1831,0.0022997928
1832,0.019831836
1833,0.0013691259
1834,0.00036983704
1835,0.0008748
1836,4.0333334e-06
1837,0.0035425334
1838,0.013853171
1839,0.0012892594
1840,0.00090018153
1841,0.0064827004
1842,0.0069311997
1843,2.933704e-05
1844,0.00056333333
1845,0.0012588482
1846,0.0157323
1847,0.033244506
1848,0.034544133
1849,0.00014373705
1850,9.72e-05
1851,0.00035822592
1852,0.0064142817
1853,0.019017613
1854,0.0016526815
1855,0.012937633
1856,0.0012373483
1857,0.00059259264
1858,0.00021511482
1859,0.00033555928
1860,0.00022963336
1861,0.0007235704
1862,0.010316893
1863,0.023557352
1864,0.0009633334
1865,0.00030933708
1866,0.0011865038
1867,0.00018418148
1868,0.00041070004
1869,0.0011244481
1870,0.01444676
1871,0.0020226706
1872,0.014476032
1873,0.0009148482
1874,0.003114404
1875,0.0012631703
1876,0.0004720334
1877,0.008749516
1878,0.023426762
1879,0.0014840333
1880,0.0008965335
1881,0.0063948
1882,0.0068000923
1883,3.0670373e-05
1884,0.0005662259
1885,0.009375116
1886,0.024424534
1887,0.0014981332
1888,0.0008965335
1889,0.006365634
1890,0.006760004
1891,3.134815e-05
1892,0.0005662259
1893,0.0012631703
1894,0.0019413929
1895,0.0023114816
1896,0.002190226
1897,0.016395615
1898,0.0007137815
1899,0.001245926
1900,9.481482e-05
1901,0.003921633
1902,0.013525635
1903,0.0011865038
1904,0.008090682
1905,0.00049342593
1906,7.5737036e-05
1907,1.337037e-06
1908,0.0013067999
1909,0.0077548483
1910,0.0012761814
1911,0.0013288924
1912,0.0013156149
1913,0.009804182
1914,0.011213333
1915,0.0031827001
1916,0.00089289254
1917,0.001957515
1918,0.022541072
1919,0.045059796
1920,0.04459593
1921,0.021924032
1922,0.0002903704
1923,0.009469633
1924,0.0020888927
1925,0.002496448
1926,0.026920063
1927,0.0031621335
1928,0.021244537
1929,0.0013156149
1930,0.0003311148
1931,0.0007040593
1932,3.2033335e-05
1933,0.0006721334
1934,0.0013067999
1935,0.014490683
1936,0.026700838
1937,0.022140836
1938,0.006502315
1939,0.00076675933
1940,0.0020117373
1941,0.023988985
1942,0.051253334
1943,0.057290707
1944,0.036796685
1945,1.2892592e-05
1946,0.0032240332
1947,0.01118757
1948,0.02080333
1949,0.02740148
1950,0.0009595593
1951,0.0006976148
1952,0.0007301334
1953,0.005404682
1954,0.0056489813
1955,0.00093334814
1956,0.0019683002
1957,0.015217516
1958,0.03229707
1959,0.03785485
1960,0.0261075
1961,0.007744133
1962,7.3633346e-05
1963,0.0017735704
1964,0.0027265332
1965,0.0036153484
1966,0.037218153
1967,0.069504544
1968,0.0019146705
1969,0.0064729033
1970,9.72e-05
1971,4.1614818e-05
1972,0.002195926
1973,0.0009633334
1974,0.011682134
1975,0.02559867
1976,0.0009861334
1977,0.00030720004
1978,0.0011614816
1979,0.0001728
1980,0.0014513928
1981,0.0011490704
1982,0.013924894
1983,0.0019413929
1984,0.0014237036
1985,0.0103664035
1986,0.0003888
1987,0.00037689265
1988,0.00018253335
1989,0.0007566815
1990,0.0013736334
1991,0.0017633336
1992,0.015992904
1993,0.0011203705
1994,0.0041223145
1995,0.0020777816
1996,0.00030933708
1997,0.00768
1998,0.021726234
1999,0.0014653371
2000,0.0009075
2001,0.00061955926
2002,0.0031552927
2003,3.1148147e-06
2004,0.00095579255
2005,0.0065317936
2006,0.016085392
2007,0.022213338
2008,0.018253334
2009,1.1203704e-05
2010,0.0006848149
2011,0.004304015
2012,0.011734815
2013,0.020575738
2014,0.025462536
2015,0.022140836
2016,0.011920135
2017,0.0020888927
2018,0.0005547001
2019,0.0012848927
2020,0.0020446258
2021,0.0029008337
2022,0.030869516
2023,0.0035280597
2024,0.0023290704
2025,0.016945634
2026,0.020453705
2027,2.1333335e-06
2028,0.0022475594
2029,0.011046404
2030,0.02255935
2031,0.02714018
2032,0.0004033333
2033,4.0059258e-05
2034,1.00148145e-05
2035,0.00058373704
2036,0.0006075001
2037,0.009210848
2038,0.0017889815
2039,0.015870001
2040,0.027866848
2041,0.00050430006
2042,1.2033334e-05
2043,0.00020453705
2044,0.0004433926
2045,0.0010443002
2046,0.013553961
2047,0.0019306814
2048,0.0014237036
2049,0.0103788
2050,0.00039120376
2051,0.0003792593
2052,0.00018253335
2053,0.005018133
2054,0.015793426
2055,0.0012502259
2056,0.0008356483
2057,0.0005720334
2058,0.0028616334
2059,0.0013736334
2060,0.00030294814
2061,0.007332033
2062,0.020908799
2063,0.0014329037
2064,0.00089289254
2065,0.006385071
2066,0.00679006
2067,0.0013200332
2068,0.0007137815
2069,0.0017075593
2070,0.0024300003
2071,0.024519736
2072,0.0428652
2073,0.034408536
2074,0.010230534
2075,0.0009899593
2076,0.01875
2077,0.045292627
2078,0.0026009039
2079,0.0017735704
2080,0.015428449
2081,0.023000235
2082,0.013356299
2083,0.0008748
2084,0.0059925327
2085,0.02953695
2086,0.0029403002
2087,0.021798061
2088,0.0018987261
2089,0.010132282
2090,0.00030507034
2091,0.00016803335
2092,0.00023148149
2093,0.005594226
2094,0.016945634
2095,0.02517203
2096,0.021565072
2097,0.008875201
2098,0.00014814816
2099,0.0013156149
2100,0.0183027
2101,0.042663835
2102,0.0024180147
2103,0.0016675593
2104,0.014578726
2105,0.021762135
2106,0.012552894
2107,0.00076339254
2108,0.0060113934
2109,0.029099291
2110,0.0028812
2111,0.0022765037
2112,0.0020944595
2113,0.015610405
2114,0.018800035
2115,0.0068302373
2116,0.00070083333
2117,0.014490683
2118,0.035822593
2119,0.044570222
2120,0.0006378704
2121,0.0012373483
2122,1.6333332e-06
2123,0.00019253335
2124,0.0044570705
2125,0.014888983
2126,0.025676623
2127,0.027704537
2128,0.018220462
2129,0.004957959
2130,0.00019592591
2131,0.009985792
2132,0.028561959
2133,0.0022649036
2134,0.0020446258
2135,0.0023349482
2136,0.0022073481
2137,0.0016231261
2138,0.009708004
2139,0.008355571
2140,0.0007871149
2141,0.0039751707
2142,0.0021505335
2143,0.02073317
2144,0.0019953926
2145,0.010918849
2146,0.011564034
2147,0.0029733926
2148,0.0007701334
2149,0.0018987261
2150,0.02205037
2151,0.044288013
2152,0.0014191149
2153,0.0051920596
2154,0.0041772006
2155,0.0002561815
2156,0.0033355595
2157,0.0017735704
2158,0.019270224
2159,0.038856003
2160,0.038976062
2161,0.00013653334
2162,0.00016333334
2163,0.00039603334
2164,0.00094453717
2165,0.013160094
2166,0.0022475594
2167,0.018950533
2168,0.0017633336
2169,0.0095527265
2170,0.0002841815
2171,9.4814817e-07
2172,0.0010208334
2173,0.0064337924
2174,0.015671294
2175,0.021600837
2176,0.00045111479
2177,7.5737036e-05
2178,9.840371e-05
2179,0.00010957038
2180,0.0005461334
2181,0.008955648
2182,0.0017786999
2183,0.015854672
2184,0.027866848
2185,0.00050430006
2186,1.2459259e-05
2187,0.00020453705
2188,0.003033426
2189,0.010855348
2190,0.020401513
2191,0.0009861334
2192,0.005814848
2193,0.00032450372
2194,3.272593e-05
2195,4.8981477e-05
2196,0.0021056149
2197,0.009269348
2198,0.0012805335
2199,0.011394504
2200,0.020540833
2201,0.01678756
2202,7.837038e-06
2203,0.0027075
2204,0.011316682
2205,0.022852799
2206,0.029809518
2207,0.026304536
2208,0.01414117
2209,0.0024721816
2210,0.0006286815
2211,0.010691115
2212,0.02738134
2213,0.039627563
2214,0.03912037
2215,0.026304536
2216,0.009840371
2217,0.00041564813
2218,0.0036593927
2219,0.0016378704
2220,0.018122016
2221,0.0028356484
2222,0.024940833
2223,0.047044802
2224,0.0013826704
2225,0.0003605333
2226,0.0013917371
2227,1.1614815e-05
2228,0.00034453702
2229,0.006690133
2230,0.019034406
2231,0.02716024
2232,0.022486283
2233,0.0088293925
2234,8.898148e-05
2235,0.0013872002
2236,0.0023881816
2237,0.027260626
2238,0.003666759
2239,0.028090801
2240,0.04607307
2241,0.035432037
2242,9.633333e-06
2243,0.004021348
2244,0.015142534
2245,0.0017480336
2246,0.0018460593
2247,0.0021675
2248,0.0020667
2249,0.0015170372
2250,0.009013333
2251,0.00014083333
2252,6.4533335e-05
2253,0.002855126
2254,0.0009937927
2255,0.0012160332
2256,0.011329633
2257,0.017104447
2258,0.009672059
2259,0.00041070004
2260,0.0014191149
2261,0.0025637925
2262,0.028070405
2263,0.0544428
2264,0.0016231261
2265,0.00043319998
2266,0.00011867038
2267,1.4814816e-06
2268,0.00021155925
2269,0.004949393
2270,0.0012848927
2271,0.012444034
2272,0.0012848927
2273,0.0070942817
2274,0.0070942817
2275,3.8533333e-05
2276,0.0006045037
2277,0.009792134
2278,0.02524934
2279,0.0015217816
2280,0.009199171
2281,0.012512015
2282,0.0061537824
2283,0.0002903704
2284,0.0081565045
2285,0.0019360333
2286,0.019185837
2287,0.038092036
2288,0.037949633
2289,0.00012813334
2290,0.0001808926
2291,0.0027904592
2292,0.009840371
2293,0.019575559
2294,0.026068185
2295,0.023819614
2296,0.013440834
2297,0.0026508
2298,0.00055183703
2299,0.009816238
2300,0.0019683002
2301,0.0023526258
2302,0.025637634
2303,0.050102536
2304,0.048668988
2305,0.00014373705
2306,0.000105781495
2307,0.0028227004
2308,0.01042846
2309,0.02073317
2310,0.02732095
2311,0.00075000006
2312,0.0036520334
2313,0.004637634
2314,3.7037038e-09
2315,0.0010640593
2316,0.0007203
2317,0.010181348
2318,0.02559867
2319,0.033377793
2320,0.00056333333
2321,7.3633346e-05
2322,8.222593e-05
2323,0.00029453338
2324,0.0005691259
2325,0.0012075593
2326,0.0018723003
2327,0.019592596
2328,0.034952536
2329,0.028438672
2330,0.008411292
2331,0.00036983704
2332,0.017280001
2333,0.0034489816
2334,0.030464534
2335,0.0033005036
2336,0.0021618372
2337,0.015701784
2338,0.018800035
2339,5.333334e-07
2340,0.0023408332
2341,0.0011449482
2342,0.013469071
2343,0.0018775705
2344,0.0013826704
2345,0.0009785037
2346,0.00044595927
2347,0.0013112037
2348,5.8800008e-05
2349,0.0032102258
2350,0.01189357
2351,0.019986406
2352,0.00058373704
2353,0.00014228148
2354,1.2459259e-05
2355,0.00014814816
2356,0.0027011705
2357,0.0009709037
2358,0.011564034
2359,0.02530739
2360,0.027300837
2361,0.014681783
2362,0.0014513928
2363,0.0012245373
2364,0.01853396
2365,0.04362453
2366,0.0024721816
2367,0.001697515
2368,0.01484446
2369,0.022140836
2370,0.01279956
2371,0.00079739257
2372,0.0060113934
2373,0.0028421334
2374,0.0032725928
2375,0.03153602
2376,0.0029008337
2377,0.015778134
2378,0.0005575704
2379,0.00070729264
2380,9.840371e-05
2381,0.004746015
2382,0.0013511705
2383,0.013104301
2384,0.023763292
2385,0.019490505
2386,0.0055035595
2387,0.0005152926
2388,0.0021336332
2389,0.025540285
2390,0.0035352926
2391,0.027300837
2392,0.0449307
2393,0.034634683
2394,0.009636182
2395,0.0005404593
2396,0.020314682
2397,0.051778223
2398,0.066677965
2399,0.0013024037
2400,0.004830237
2401,0.00019763334
2402,0.0002903704
2403,9.0133326e-05
2404,0.0032586816
2405,0.012322134
2406,0.0014282999
2407,0.012106904
2408,0.02152934
2409,0.00039361484
2410,5.9259264e-06
2411,8.4448155e-05
2412,0.002887737
2413,0.01127787
2414,0.0013736334
2415,0.0013244592
2416,0.012066761
2417,0.018138405
2418,0.010304533
2419,0.00048267035
2420,0.0014467594
2421,0.020663125
2422,0.046256136
2423,0.053453345
2424,0.03556963
2425,0.009912948
2426,0.00015564814
2427,0.014505339
2428,0.003114404
2429,0.0033566817
2430,0.034521516
2431,0.064898506
2432,0.0018200038
2433,0.00046151484
2434,0.00192
2435,3.1148147e-06
2436,0.0015360593
2437,0.008167501
2438,0.018122016
2439,0.0010640593
2440,0.00065644813
2441,0.0046625338
2442,0.0046791704
2443,0.0006045037
2444,0.0007137815
2445,0.0016378704
2446,0.019490505
2447,0.039821632
2448,0.0401868
2449,0.00014520001
2450,0.00014963334
2451,0.00039361484
2452,0.006780033
2453,0.0016084481
2454,0.016536182
2455,0.0021224038
2456,0.014874134
2457,0.02110285
2458,0.011603335
2459,0.0005264037
2460,0.0015696336
2461,0.02205037
2462,0.0032795595
2463,0.02585246
2464,0.042890407
2465,0.00070729264
2466,0.0008748
2467,5.333334e-07
2468,0.00058080006
2469,0.009708004
2470,0.0018828483
2471,0.016598849
2472,0.0015938372
2473,0.008692682
2474,0.008921127
2475,0.001925337
2476,0.00076339254
2477,0.0018252002
2478,0.021333337
2479,0.04304178
2480,0.042890407
2481,0.021262279
2482,0.0017582261
2483,0.0057040043
2484,0.03112667
2485,0.0033566817
2486,0.0029800336
2487,0.0032033334
2488,0.027643792
2489,0.04121813
2490,0.025346134
2491,0.00023148149
2492,0.0014840333
2493,0.0023881816
2494,0.0031076148
2495,0.030337198
2496,0.0028162373
2497,0.0013826704
2498,0.0077655716
2499,9.840371e-05
2500,8.898148e-05
2501,0.0032795595
2502,0.011774405
2503,0.019643737
2504,0.018550536
2505,4.32e-05
2506,9.12926e-05
2507,0.0024843
2508,0.0009185334
2509,0.011668981
2510,0.0020281484
2511,0.017408237
2512,0.0016477371
2513,0.008955648
2514,0.0002600926
2515,2.1333335e-06
2516,0.0011041333
2517,0.0007566815
2518,0.010022315
2519,0.022760894
2520,0.025210671
2521,0.00013511482
2522,3.9292594e-05
2523,0.0016925039
2524,0.0007871149
2525,0.0013736334
2526,0.0020446258
2527,0.021067498
2528,0.0020667
2529,0.011381515
2530,0.012133704
2531,1.2459259e-05
2532,0.0005691259
2533,0.009469633
2534,0.0018512926
2535,0.016364459
2536,0.0015744594
2537,0.008602134
2538,0.00881796
2539,0.0018881336
2540,0.0015841334
2541,0.016039116
2542,0.035432037
2543,0.041863125
2544,0.028871346
2545,0.0085683
2546,6.850371e-05
2547,0.011827293
2548,0.03481614
2549,0.051225785
2550,0.0016428002
2551,0.00097470003
2552,0.00881796
2553,0.0006105038
2554,0.00011734816
2555,4.7292593e-05
2556,0.00023707037
2557,0.0055125924
2558,0.0013736334
2559,0.0014934259
2560,0.0014653371
2561,0.0010680334
2562,0.0060397373
2563,0.0043923
2564,4.7292593e-05
2565,0.0056124483
2566,0.021798061
2567,0.0017941332
2568,0.0011531999
2569,0.008300033
2570,0.00028623705
2571,0.00016803335
2572,0.0006225926
2573,0.006502315
2574,0.017248016
2575,0.024272595
2576,0.00051253336
2577,0.0013962816
2578,0.0006105038
2579,0.00019253335
2580,0.0051047257
2581,0.016630227
2582,0.027846536
2583,0.029244814
2584,0.018650135
2585,8.892593e-06
2586,0.00034680005
2587,0.00076675933
2588,0.0014282999
2589,0.0022417926
2590,0.0029469037
2591,0.028954137
2592,0.049912006
2593,0.039700285
2594,2.9037037e-06
2595,0.0037482816
2596,0.014622849
2597,0.027441796
2598,0.0014700001
2599,0.0011163
2600,0.0011000925
2601,0.008167501
2602,0.009117634
2603,0.0022707
2604,0.0012075593
2605,0.0149931265
2606,0.0024060593
2607,0.0021788483
2608,0.019051202
2609,0.028459199
2610,0.016929792
2611,0.0014375147
2612,0.005824134
2613,0.03125565
2614,0.05492668
2615,0.0018460593
2616,0.008863737
2617,0.011264949
2618,0.0050786706
2619,7.2592593e-07
2620,0.007744133
2621,0.0023232002
2622,0.022889616
2623,0.04451885
2624,0.043396033
2625,0.020961635
2626,0.0015648151
2627,0.0017480336
2628,0.024500683
2629,0.054698702
2630,0.06589454
2631,0.04958623
2632,0.020540833
2633,0.0015028483
2634,0.0045797927
2635,0.0023881816
2636,0.024998534
2637,0.0035280597
2638,0.029557869
2639,0.0031621335
2640,0.02083846
2641,0.029099291
2642,0.016380034
2643,0.0011081814
2644,0.00665037
2645,0.0031827001
2646,0.003586134
2647,0.03418313
2648,0.05808
2649,0.045760095
2650,0.013681794
2651,0.0011865038
2652,0.02205037
2653,0.051833633
2654,0.06440334
2655,0.049830463
2656,0.021404507
2657,0.00024272593
2658,0.0009823148
2659,0.012160533
2660,0.029203203
2661,0.040676285
2662,0.038976062
2663,0.025481962
2664,0.009152534
2665,0.00029244815
2666,0.003921633
2667,0.0016182258
2668,0.017844537
2669,0.0028033333
2670,0.024691572
2671,0.046649635
2672,0.0013736334
2673,0.0047964593
2674,5.9737034e-05
2675,0.000102059275
2676,0.0027201816
2677,0.0010169483
2678,0.012013337
2679,0.0017226816
2680,0.0012892594
2681,0.0009111704
2682,0.0050009037
2683,3.0670373e-05
2684,0.00015262594
2685,0.004232448
2686,0.0011949037
2687,0.0013646259
2688,0.0013556482
2689,0.010107794
2690,0.011603335
2691,0.0033566817
2692,0.0007040593
2693,0.013497339
2694,0.033489075
2695,0.0018200038
2696,0.010478238
2697,0.014083334
2698,0.006961634
2699,5.694815e-05
2700,0.0014282999
2701,0.0024843
2702,0.027300837
2703,0.003217126
2704,0.021582946
2705,0.030294817
2706,0.0001617815
2707,0.000108299995
2708,0.0034776332
2709,0.01279956
2710,0.023426762
2711,0.026502317
2712,0.018253334
2713,0.0053868005
2714,9.12926e-05
2715,0.0014375147
2716,0.018567115
2717,0.0029866816
2718,0.026166534
2719,0.002907393
2720,0.019405637
2721,0.02720037
2722,0.015247561
2723,0.0009633334
2724,0.0017226816
2725,0.003033426
2726,0.03236273
2727,0.061623115
2728,0.0017684482
2729,0.0061061336
2730,0.004940833
2731,9.12926e-05
2732,0.0044570705
2733,0.0014053927
2734,0.015277635
2735,0.03173085
2736,0.0011122372
2737,0.004232448
2738,0.003314504
2739,0.00010453333
2740,0.004424626
2741,0.0013826704
2742,0.0150677385
2743,0.0020062816
2744,0.014228148
2745,0.020228036
2746,8.898148e-05
2747,0.00012675927
2748,0.0037185336
2749,0.0133281825
2750,0.024007838
2751,0.0010521815
2752,0.0005749482
2753,0.0003792593
2754,0.00011734816
2755,6.0681483e-05
2756,0.00022595927
2757,0.0053868005
2758,0.016442405
2759,0.0012631703
2760,0.00828895
2761,0.00049613335
2762,0.0014008334
2763,0.00020803335
2764,0.00043573702
2765,0.0084224595
2766,0.001753126
2767,0.0017684482
2768,0.015778134
2769,0.02366957
2770,0.00013795926
2771,0.00017763334
2772,0.0036153484
2773,0.0011449482
2774,0.0015889816
2775,0.0019521335
2776,0.0018828483
2777,0.0013826704
2778,0.008101633
2779,0.0065712007
2780,0.00015262594
2781,0.0061537824
2782,0.019017613
2783,0.02800926
2784,0.023632137
2785,2.1392592e-05
2786,0.00015870002
2787,0.0034347004
2788,0.0010640593
2789,0.012827116
2790,0.0021392591
2791,0.018138405
2792,0.001697515
2793,0.009210848
2794,0.00951707
2795,0.002144893
2796,0.0014700001
2797,0.016069962
2798,0.035914797
2799,0.042613573
2800,0.029453335
2801,0.008783704
2802,6.25926e-05
2803,0.011906848
2804,0.035134815
2805,0.0516675
2806,0.0016526815
2807,0.00097470003
2808,0.0088293925
2809,0.0006105038
2810,0.0019467594
2811,0.00050430006
2812,0.0003984593
2813,0.0011490704
2814,0.0018252002
2815,0.0022016333
2816,0.019609634
2817,0.0013691259
2818,0.0052184043
2819,1.6133334e-05
2820,0.0007400333
2821,0.00072684826
2822,0.0012675
2823,0.0016477371
2824,0.015037871
2825,0.022632534
2826,0.013216004
2827,0.00023520003
2828,0.008444815
2829,0.0020336334
2830,0.020038063
2831,0.0024360039
2832,0.016740281
2833,0.023632137
2834,0.013118238
2835,0.00027401483
2836,0.009094404
2837,0.026403332
2838,0.03926495
2839,0.0011490704
2840,0.0054495153
2841,0.0068806265
2842,0.0027712039
2843,0.00010957038
2844,0.0077120336
2845,0.024348505
2846,0.0020281484
2847,0.015232534
2848,0.025911205
2849,0.020384135
2850,0.0054136333
2851,0.00081120007
2852,0.015172504
2853,0.0027776149
2854,0.025094848
2855,0.0475212
2856,0.0014008334
2857,0.004898149
2858,6.25926e-05
2859,9.600371e-05
2860,0.002682226
2861,0.010578148
2862,0.020558283
2863,0.02446259
2864,0.017730903
2865,9.25926e-08
2866,0.0012075593
2867,0.0057777814
2868,0.0010364482
2869,0.0118803
2870,0.028172458
2871,0.0015408334
2872,0.009024894
2873,0.01217396
2874,0.0058986815
2875,1.7633334e-05
2876,0.0072075003
2877,0.026621336
2878,0.0023644485
2879,0.017617634
2880,0.0015792927
2881,0.0084672
2882,0.00023894814
2883,7.155926e-05
2884,0.00026403333
2885,0.005936133
2886,0.0014282999
2887,0.013497339
2888,0.0013646259
2889,0.0006721334
2890,0.0033496334
2891,0.0017633336
2892,0.00018917037
2893,0.001136726
2894,0.0018512926
2895,0.0022302817
2896,0.0021224038
2897,0.0015600036
2898,0.009304538
2899,0.00015112592
2900,6.0681483e-05
2901,0.00046413334
2902,0.0010092
2903,0.0013962816
2904,0.012937633
2905,0.0009111704
2906,0.003217126
2907,0.0013691259
2908,0.00034003335
2909,0.007862403
2910,0.0017176333
2911,0.0155952005
2912,0.027542701
2913,0.022231482
2914,6.533333e-06
2915,0.0005376334
2916,0.0011991148
2917,0.015762849
2918,0.036354408
2919,0.043700833
2920,0.030507041
2921,0.0092459265
2922,4.4003707e-05
2923,0.011906848
2924,0.035500806
2925,0.052333638
2926,0.050238848
2927,0.031752534
2928,0.010490701
2929,0.00032231485
2930,0.006921071
2931,0.0013691259
2932,0.014490683
2933,0.033756893
2934,0.044211205
2935,0.0010130705
2936,0.004288059
2937,0.005209615
2938,0.0018512926
2939,0.00026403333
2940,0.00791646
2941,0.0019093482
2942,0.019034406
2943,0.037878532
2944,0.037760183
2945,0.018716682
2946,0.0002561815
2947,0.008512059
2948,0.024329519
2949,0.037476897
2950,0.038832016
2951,0.0273612
2952,3.272593e-05
2953,0.00020280002
2954,0.00018750002
2955,0.0034133336
2956,0.01153787
2957,0.0014053927
2958,0.013511483
2959,0.0017838371
2960,0.012772035
2961,0.018187616
2962,0.009852448
2963,0.00034003335
2964,0.0065909484
2965,0.028500285
2966,0.04781352
2967,0.0015696336
2968,0.0006944037
2969,0.0047628004
2970,0.000121337056
2971,2.0281483e-05
2972,0.00031579257
2973,0.0062592602
2974,0.018138405
2975,0.026245346
2976,0.0005691259
2977,0.0015987
2978,8.333334e-07
2979,0.0006256333
2980,0.00058963336
2981,0.0089671705
2982,0.023333704
2983,0.0014467594
2984,0.00087120367
2985,0.006211204
2986,0.0065712007
2987,3.272593e-05
2988,0.0005691259
2989,0.009410503
2990,0.0018408335
2991,0.0018200038
2992,0.016193634
2993,0.024253631
2994,0.00014373705
2995,9.481482e-05
2996,0.0005208334
2997,0.008681336
2998,0.022981783
2999,0.031062286
3000,0.024424534
3001,7.837038e-06
3002,0.0009976333
3003,0.0053689484
3004,0.0133281825
3005,0.021924032
3006,0.025911205
3007,0.021672452
3008,0.011161837
3009,0.0017429481
3010,0.001136726
3011,0.011420504
3012,0.0019413929
3013,0.019185837
3014,0.0027201816
3015,0.0023526258
3016,0.0021731704
3017,0.016224626
3018,0.019626683
3019,0.0072488924
3020,0.0006976148
3021,0.014578726
3022,0.036053333
3023,0.00192
3024,0.01093157
3025,0.014637571
3026,0.0072696335
3027,7.053334e-05
3028,0.00725926
3029,0.027866848
3030,0.04524083
3031,0.043930136
3032,0.00030083334
3033,3.0000004e-07
3034,0.0001808926
3035,0.0002780593
3036,0.0053067002
3037,0.016614534
3038,0.027441796
3039,0.0010403704
3040,0.0005320037
3041,0.00034680005
3042,0.00010083333
3043,3.272593e-05
3044,0.00092222594
3045,0.006900834
3046,0.017072627
3047,0.0011163
3048,0.0071250712
3049,0.009828299
3050,1.7125927e-05
3051,0.0001744037
3052,0.0006533334
3053,0.010120033
3054,0.025774239
3055,0.03377926
3056,0.0005749482
3057,0.0013200332
3058,2.3703704e-07
3059,0.0001744037
3060,0.004208726
3061,0.014329959
3062,0.0014934259
3063,0.0123086255
3064,0.0012075593
3065,0.00658107
3066,0.0064729033
3067,0.0010521815
3068,0.0007600333
3069,0.013146134
3070,0.03236273
3071,0.040651735
3072,0.0006045037
3073,6.4533335e-05
3074,3.3333336e-08
3075,0.00011734816
3076,0.0033708
3077,0.012416894
3078,0.022852799
3079,0.026028892
3080,0.00034228148
3081,0.0005866815
3082,6.951483e-05
3083,0.00092592597
3084,0.0068806265
3085,0.017714702
3086,0.0014421332
3087,0.011394504
3088,0.0011122372
3089,0.0005348148
3090,0.00018583704
3091,0.00024083335
3092,0.00017120372
3093,0.004746015
3094,0.015142534
3095,0.023315115
3096,0.0005778704
3097,0.0017684482
3098,0.0009408001
3099,0.0001253926
3100,0.0008042815
3101,0.011933426
3102,0.029307293
3103,0.03719467
3104,0.027482133
3105,1.337037e-06
3106,0.0014560336
3107,0.0066801817
3108,0.015127559
3109,0.0012980149
3110,0.0014008334
3111,0.0017429481
3112,0.015793426
3113,0.0011081814
3114,0.00028009262
3115,0.0005208334
3116,0.00010083333
3117,0.0043842373
3118,0.0012761814
3119,0.012525634
3120,0.022834403
3121,0.018800035
3122,0.005297837
3123,0.00072684826
3124,0.0018987261
3125,0.022908034
3126,0.04931556
3127,0.05555604
3128,0.0005866815
3129,0.00077351485
3130,8.557037e-05
3131,0.0002780593
3132,0.0059173927
3133,0.018220462
3134,0.02943245
3135,0.030020034
3136,0.00027603333
3137,0.0002720037
3138,3.134815e-05
3139,0.0016035704
3140,0.007457634
3141,0.001245926
3142,0.0015504037
3143,0.0019040334
3144,0.0018408335
3145,0.0013511705
3146,0.0006752926
3147,0.0024480335
3148,0.0005015704
3149,0.0014981332
3150,0.0112004485
3151,0.0014421332
3152,0.0010760038
3153,0.007808534
3154,0.008613426
3155,0.0020391261
3156,0.00071053335
3157,0.013048626
3158,0.0023526258
3159,0.0021845335
3160,0.019135293
3161,0.028582536
3162,0.00018253335
3163,8.557037e-05
3164,0.00050430006
3165,0.008489615
3166,0.02261423
3167,0.0014421332
3168,0.008898149
3169,0.01217396
3170,0.005983115
3171,2.4903706e-05
3172,0.0013601334
3173,0.0023763
3174,0.026304536
3175,0.051418804
3176,0.0015600036
3177,0.0055578705
3178,0.004481482
3179,9.363332e-05
3180,0.00071053335
3181,0.0014421332
3182,0.017472534
3183,0.03628482
3184,0.001245926
3185,0.004712534
3186,6.4533335e-05
3187,5.3333337e-05
3188,0.0024120333
3189,0.0009976333
3190,0.011960033
3191,0.026068185
3192,0.0009976333
3193,0.0039368924
3194,0.0030872927
3195,9.481482e-05
3196,0.0035934262
3197,0.001682504
3198,0.0021788483
3199,0.022140836
3200,0.0021505335
3201,0.01181406
3202,0.012634848
3203,0.0034275707
3204,0.0010092
3205,0.0160083
3206,0.037736535
3207,0.0019093482
3208,0.0010208334
3209,0.0072075003
3210,0.00023148149
3211,2.7e-06
3212,0.001136726
3213,0.0067700157
3214,0.016100835
3215,0.0010403704
3216,0.0006658371
3217,0.00045111479
3218,0.0021224038
3219,7.2592593e-07
3220,0.0013556482
3221,0.0008427
3222,0.0013601334
3223,0.014903837
3224,0.02734107
3225,0.022595925
3226,3.5592593e-06
3227,0.00051253336
3228,0.0085683
3229,0.0018565333
3230,0.0021505335
3231,0.0024721816
3232,0.0023232002
3233,0.01739218
3234,0.00076675933
3235,0.0014099594
3236,1.08e-05
3237,0.0006752926
3238,0.010440893
3239,0.024064451
3240,0.0009899593
3241,0.0040368
3242,5.422593e-05
3243,0.00010453333
3244,0.0027075
3245,0.0010092
3246,0.011960033
3247,0.026028892
3248,0.027927836
3249,0.0001323
3250,4.8981477e-05
3251,0.0003114815
3252,0.0008391704
3253,0.0015696336
3254,0.018683393
3255,0.0024240036
3256,0.016882315
3257,0.0010600927
3258,0.00024844817
3259,0.0004008926
3260,0.00018253335
3261,0.004779615
3262,0.0012761814
3263,0.012416894
3264,0.02261423
3265,0.018600302
3266,5.9259264e-06
3267,0.0027265332
3268,0.011433516
3269,0.0015408334
3270,0.0147704035
3271,0.030146703
3272,0.030955113
3273,0.00012
3274,6.650371e-05
3275,0.0021675
3276,0.0088293925
3277,0.01878335
3278,0.02600926
3279,0.02444356
3280,0.0001808926
3281,0.000105781495
3282,7.155926e-05
3283,0.0019899593
3284,0.008255738
3285,0.017925927
3286,0.025288032
3287,0.024158949
3288,0.00019084814
3289,0.0001337037
3290,4.32e-05
3291,0.0017735704
3292,0.00080083334
3293,0.0013872002
3294,0.0020556482
3295,0.0024180147
3296,0.0213867
3297,0.03201333
3298,0.019304035
3299,0.0018565333
3300,0.0017480336
3301,0.025152726
3302,0.054869637
3303,0.061592907
3304,0.039554905
3305,0.010316893
3306,0.00030507034
3307,0.016771793
3308,0.044262405
3309,0.0028942816
3310,0.0023290704
3311,0.022816017
3312,0.039870232
3313,0.03199156
3314,3.7925927e-06
3315,0.0006105038
3316,0.0013024037
3317,0.0021112037
3318,0.023725783
3319,0.002887737
3320,0.019643737
3321,0.027664037
3322,0.00014228148
3323,0.00022963336
3324,0.0039598374
3325,0.013286061
3326,0.023464033
3327,0.02600926
3328,0.017617634
3329,1.7925927e-06
3330,0.0015696336
3331,0.0006689815
3332,0.0090828
3333,0.0018565333
3334,0.018236892
3335,0.036354408
3336,0.036400832
3337,0.0001253926
3338,8.0033344e-05
3339,0.0024000928
3340,0.009422315
3341,0.0013333336
3342,0.013300093
3343,0.027724799
3344,0.0009976333
3345,0.00029662595
3346,0.0011000925
3347,0.00014520001
3348,0.0004181333
3349,0.008112594
3350,0.0017125926
3351,0.0017378703
3352,0.015549634
3353,0.023315115
3354,0.00013511482
3355,0.00018253335
3356,0.0005432926
3357,0.00881796
3358,0.023203734
3359,0.031234136
3360,0.024481636
3361,7.5e-06
3362,0.0010169483
3363,0.0054225926
3364,0.0010364482
3365,0.0015028483
3366,0.0021618372
3367,0.022104625
3368,0.0021505335
3369,0.011827293
3370,0.012662225
3371,0.0034347004
3372,0.001005337
3373,0.0020833337
3374,0.02366957
3375,0.047018405
3376,0.0014746704
3377,0.005333334
3378,7.680001e-05
3379,6.1633335e-05
3380,0.00041070004
3381,0.001024726
3382,0.013398534
3383,0.0019146705
3384,0.0014145334
3385,0.010316893
3386,0.01181406
3387,6.2259264e-06
3388,0.00051805936
3389,0.0012075593
3390,0.0018775705
3391,0.0022533333
3392,0.020038063
3393,0.0014008334
3394,0.00038401483
3395,3.484815e-05
3396,0.00014814816
3397,0.00048
3398,0.0076267603
3399,0.018567115
3400,0.0008427
3401,0.00028623705
3402,0.0010680334
3403,0.0001337037
3404,0.0015504037
3405,0.010218226
3406,0.022632534
3407,0.0012416334
3408,0.0074261334
3409,0.010071116
3410,0.0047376333
3411,1.4814815e-08
3412,0.007176533
3413,0.025501395
3414,0.0022475594
3415,0.016819116
3416,0.0015217816
3417,0.008167501
3418,0.00022595927
3419,4.8000006e-06
3420,0.0002503704
3421,0.0007939593
3422,0.0014099594
3423,0.015428449
3424,0.028213337
3425,0.0005489815
3426,0.00073342596
3427,3.7925927e-06
3428,0.003033426
3429,0.012979201
3430,0.024748985
3431,0.028377127
3432,0.00036983704
3433,2.8033332e-05
3434,3.3333336e-08
3435,0.00077351485
3436,0.0006286815
3437,0.009328035
3438,0.023988985
3439,0.031861074
3440,0.024672447
3441,0.008806533
3442,1.3781483e-05
3443,0.008444815
3444,0.029203203
3445,0.04670223
3446,0.04794668
3447,0.032538135
3448,2.0281483e-05
3449,0.0004181333
3450,0.0022360333
3451,0.0061442372
3452,0.012281634
3453,0.018816726
3454,0.021996183
3455,0.01875
3456,0.0100467
3457,3.484815e-05
3458,0.0022360333
3459,0.008068801
3460,0.016348893
3461,0.0012502259
3462,0.0013288924
3463,0.014315395
3464,0.026265074
3465,0.0217083
3466,4.0333334e-06
3467,0.0005070371
3468,0.008489615
3469,0.023426762
3470,0.03483885
3471,0.0010600927
3472,0.00047733705
3473,0.00030294814
3474,0.0012631703
3475,1.2892592e-05
3476,0.0018565333
3477,0.008978699
3478,0.019068003
3479,0.023988985
3480,0.00040578152
3481,0.0009148482
3482,0.00025813334
3483,0.00056044816
3484,0.0062208
3485,0.0014191149
3486,0.01484446
3487,0.030741341
3488,0.031774223
3489,0.016348893
3490,0.00020628147
3491,0.0073424596
3492,0.021762135
3493,0.0019360333
3494,0.016458016
3495,0.0020008332
3496,0.0014145334
3497,0.0009976333
3498,0.0055669486
3499,0.003906404
3500,0.0002097926
3501,0.0009937927
3502,0.0016675593
3503,0.017763335
3504,0.0017992925
3505,0.0099372
3506,0.010440893
3507,0.0025269485
3508,0.0012980149
3509,0.015977517
3510,0.03642406
3511,0.043548305
3512,0.0005691259
3513,4.645926e-05
3514,1.6333332e-06
3515,0.0006533334
3516,0.0046459264
3517,0.013202014
3518,0.0012805335
3519,0.010703704
3520,0.019185837
3521,0.0155952005
3522,9.25926e-06
3523,0.0026948482
3524,0.0010920333
3525,0.0016925039
3526,0.0023703706
3527,0.023951294
3528,0.0022997928
3529,0.012621171
3530,0.0004181333
3531,0.0003888
3532,0.00031363333
3533,0.0056398376
3534,0.0165675
3535,0.024424534
3536,0.020856032
3537,0.008545782
3538,0.0002903704
3539,0.0010880148
3540,0.014490683
3541,0.034929782
3542,0.046203792
3543,0.0010640593
3544,0.004481482
3545,0.0054315585
3546,1.4814815e-08
3547,0.0011163
3548,0.006551482
3549,0.016333334
3550,0.0013422371
3551,0.010741514
3552,0.019068003
3553,0.015413335
3554,0.0040600337
3555,0.0006848149
3556,0.014373705
3557,0.03668003
3558,0.0023349482
3559,0.0016875002
3560,0.0148148155
3561,0.022122726
3562,0.01279956
3563,0.00079739257
3564,0.0060019596
3565,0.029203203
3566,0.050484683
3567,0.001697515
3568,0.00821156
3569,0.010465781
3570,1.1614815e-05
3571,0.00020107038
3572,0.0006976148
3573,0.0106032
3574,0.0019683002
3575,0.017120373
3576,0.029767502
3577,0.0005320037
3578,0.00063480006
3579,8.557037e-05
3580,0.003342593
3581,0.0011739593
3582,0.013370372
3583,0.028479736
3584,0.030020034
3585,0.0001323
3586,8.112593e-05
3587,0.0021561817
3588,0.00867
3589,0.018434672
3590,0.025637634
3591,0.024196802
3592,0.014126699
3593,0.0030000003
3594,0.0006045037
3595,0.0014237036
3596,0.017698504
3597,0.040823705
3598,0.0023232002
3599,0.015473839
3600,0.0013556482
3601,0.00063480006
3602,0.0031076148
3603,0.0015504037
3604,0.00029662595
3605,0.0073112035
3606,0.020891206
3607,0.02949513
3608,0.00059853337
3609,0.0015938372
3610,0.00073342596
3611,0.00018917037
3612,0.0007701334
3613,0.011433516
3614,0.028315648
3615,0.036215294
3616,0.0005749482
3617,0.001245926
3618,8.333334e-07
3619,0.00018253335
3620,0.0043200003
3621,0.014578726
3622,0.025326762
3623,0.027502315
3624,0.018204033
3625,0.0050095157
3626,0.00017925927
3627,0.009864533
3628,0.0022649036
3629,0.0026633483
3630,0.028418152
3631,0.054812633
3632,0.05252873
3633,0.00014520001
3634,0.00011867038
3635,0.00045890373
3636,0.0010443002
3637,0.0141701335
3638,0.0023526258
3639,0.019677872
3640,0.03362285
3641,0.026561795
3642,0.007415649
3643,0.0009038371
3644,0.016929792
3645,0.0415152
3646,0.05404593
3647,0.0011490704
3648,0.00039361484
3649,0.0026009039
3650,0.0022302817
3651,4.2403703e-05
3652,0.0007235704
3653,0.011682134
3654,0.029120062
3655,0.037218153
3656,0.0005866815
3657,0.0012631703
3658,0.0004306704
3659,0.0002187
3660,0.0053957365
3661,0.01721606
3662,0.0016182258
3663,0.012923794
3664,0.022577632
3665,0.018056534
3666,1.00148145e-05
3667,0.002907393
3668,0.0011408334
3669,0.013838849
3670,0.032209635
3671,0.039458133
3672,0.028172458
3673,0.008863737
3674,0.00056044816
3675,0.011511738
3676,0.0022417926
3677,0.02194206
3678,0.045916446
3679,0.0019737037
3680,0.00097470003
3681,0.0068302373
3682,0.00021333335
3683,4.281482e-06
3684,0.0012160332
3685,0.0007769037
3686,0.0012936335
3687,0.014286281
3688,0.02632428
3689,0.021834014
3690,0.0063948
3691,0.00076339254
3692,0.01484446
3693,0.0027520151
3694,0.024940833
3695,0.04730917
3696,0.045292627
3697,0.0001226815
3698,0.00029872594
3699,0.00045890373
3700,0.007415649
3701,0.020996893
3702,0.032122318
3703,0.031298704
3704,0.018401636
3705,2.6133332e-05
3706,0.0026320333
3707,0.009292801
3708,0.018105634
3709,0.025094848
3710,0.026048535
3711,0.019541517
3712,0.008886671
3713,0.0009370704
3714,0.0006015148
3715,0.009696014
3716,0.025133427
3717,0.037077393
3718,0.03745333
3719,0.025891613
3720,2.6133332e-05
3721,0.0002277926
3722,0.00019253335
3723,0.0034489816
3724,0.0010403704
3725,0.0015889816
3726,0.018683393
3727,0.03832996
3728,0.038832016
3729,0.00014228148
3730,0.00014083333
3731,0.002607115
3732,0.0095527265
3733,0.019354803
3734,0.0012675
3735,0.0010680334
3736,0.0010680334
3737,0.007938134
3738,0.0088293925
3739,0.0021505335
3740,0.0012588482
3741,0.0018723003
3742,0.0025514816
3743,0.002887737
3744,0.002675926
3745,0.020055294
3746,0.024729835
3747,0.009925071
3748,3.2033335e-05
3749,0.014329959
3750,0.0032586816
3751,0.0273612
3752,0.0024360039
3753,0.0011739593
3754,0.0005348148
3755,9.0133326e-05
3756,2.7392594e-05
3757,0.0003559259
3758,0.0008676149
3759,0.001245926
3760,0.011695293
3761,0.017682316
3762,8.898148e-05
3763,0.000112133326
3764,0.0034776332
3765,0.0011739593
3766,0.0016280335
3767,0.0019899593
3768,0.017844537
3769,0.0012502259
3770,0.0046791704
3771,0.0025330705
3772,9.0133326e-05
3773,0.0012075593
3774,0.015808728
3775,0.0021788483
3776,0.015458701
3777,0.021978134
3778,0.012187392
3779,0.0006015148
3780,0.0015889816
3781,0.022340506
3782,0.003314504
3783,0.0027968925
3784,0.023988985
3785,0.035684507
3786,0.021636626
3787,0.0022475594
3788,0.0018252002
3789,0.026265074
3790,0.0037632005
3791,0.0030940594
3792,0.026344037
3793,0.03912037
3794,0.00028213335
3795,4.0833336e-05
3796,0.00049342593
3797,0.0084672
3798,0.001727737
3799,0.0017378703
3800,0.015549634
3801,0.0010840038
3802,0.003952182
3803,0.0019360333
3804,0.00031579257
3805,0.0077120336
3806,0.0017125926
3807,0.015564815
3808,0.027502315
3809,0.0005015704
3810,1.2459259e-05
3811,0.00020107038
3812,0.0004408334
3813,0.0075737042
3814,0.020698136
3815,0.0013781481
3816,0.008647349
3817,0.0005070371
3818,7.680001e-05
3819,1.6333332e-06
3820,0.0002841815
3821,0.0060113934
3822,0.0014282999
3823,0.0015360593
3824,0.0014981332
3825,0.011174701
3826,0.00043573702
3827,0.00048803337
3828,0.0001648926
3829,0.00073342596
3830,0.010490701
3831,0.02393246
3832,0.0264627
3833,0.014608134
3834,0.0015600036
3835,0.0011823149
3836,0.018089259
3837,0.042814817
3838,0.054613337
3839,0.043930136
3840,0.00011734816
3841,3.2033335e-05
3842,0.00015112592
3843,0.003114404
3844,0.0109443
3845,0.0013872002
3846,0.0015938372
3847,0.0019360333
3848,0.01739218
3849,0.0261075
3850,0.0001617815
3851,0.00014228148
3852,0.0034489816
3853,0.0011408334
3854,0.013006949
3855,0.027785635
3856,0.02941157
3857,0.015519292
3858,0.0014606816
3859,0.0012980149
3860,0.002478237
3861,0.003384948
3862,0.004067793
3863,0.0042721336
3864,0.0038307
3865,0.002848626
3866,0.0016378704
3867,0.007970701
3868,0.004957959
3869,2.7e-06
3870,0.0012502259
3871,0.0018044591
3872,0.016411204
3873,0.0011531999
3874,0.00029662595
3875,0.00058373704
3876,7.155926e-05
3877,0.0006880038
3878,0.0013112037
3879,0.0145493485
3880,0.02678045
3881,0.022213338
3882,3.5592593e-06
3883,0.0027840333
3884,0.0011408334
3885,0.013853171
3886,0.032275204
3887,0.0016775148
3888,0.009576534
3889,0.0005348148
3890,0.0015028483
3891,0.00024653334
3892,0.00043319998
3893,0.0084224595
3894,0.0017582261
3895,0.015778134
3896,0.027805924
3897,0.022395113
3898,0.0062785344
3899,0.0005264037
3900,0.016193634
3901,0.042037632
3902,0.0559872
3903,0.0012288002
3904,0.004932282
3905,0.00021511482
3906,8.533334e-06
3907,0.00021511482
3908,0.0004408334
3909,0.0075525343
3910,0.0016035704
3911,0.014622849
3912,0.025989635
3913,0.021049839
3914,0.0058986815
3915,0.00078370364
3916,0.0020062816
3917,0.02397013
3918,0.05119824
3919,0.057232447
3920,0.036773335
3921,0.009612301
3922,0.00029662595
3923,0.015962133
3924,0.04238774
3925,0.058197394
3926,0.0016084481
3927,0.008772301
3928,0.00077351485
3929,0.00035363334
3930,0.0014793482
3931,0.0003490704
3932,0.00038401483
3933,0.007884005
3934,0.02178009
3935,0.0014421332
3936,0.0089902375
3937,0.012335648
3938,0.0060966257
3939,0.00028623705
3940,0.008079737
3941,0.023725783
3942,0.0019093482
3943,0.014329959
3944,0.024500683
3945,0.000420626
3946,0.00042312598
3947,0.000103292594
3948,0.0005662259
3949,0.0012416334
3950,0.01553446
3951,0.032890372
3952,0.034250673
3953,0.017779559
3954,0.0016477371
3955,0.004596282
3956,0.026840236
3957,0.0031008334
3958,0.025540285
3959,0.04744163
3960,0.0013646259
3961,0.0046875
3962,0.0035934262
3963,0.000108299995
3964,0.0007203
3965,0.011008061
3966,0.0020172002
3967,0.017488627
3968,0.0016576335
3969,0.009013333
3970,0.009292801
3971,0.0020611703
3972,0.00076675933
3973,0.013767349
3974,0.0024300003
3975,0.020436302
3976,0.034861572
3977,0.0006045037
3978,0.0007367259
3979,7.5e-06
3980,0.0031758372
3981,0.0012761814
3982,0.0017582261
3983,0.018401636
3984,0.0018460593
3985,0.0009148482
3986,0.0003888
3987,0.0010403704
3988,7.5737036e-05
3989,0.0005662259
3990,0.0011490704
3991,0.013048626
3992,0.024329519
3993,0.020314682
3994,3.5592593e-06
3995,0.0026696336
3996,0.0011122372
3997,0.0017125926
3998,0.0023941335
3999,0.0027392595
4000,0.02397013
4001,0.035822593
4002,0.021798061
4003,0.00023333704
4004,0.009493337
4005,0.027765349
4006,0.041094672
4007,0.0011781335
4008,0.0055035595
4009,0.0002680037
4010,1.814815e-05
4011,0.000121337056
4012,0.0025761332
4013,0.010071116
4014,0.0012805335
4015,0.011239125
4016,0.0011408334
4017,0.0062688924
4018,0.006134701
4019,0.0009482815
4020,0.0021561817
4021,0.0018044591
4022,0.020141572
4023,0.040578146
4024,0.0013244592
4025,0.00037218147
4026,9.481482e-05
4027,4.8000006e-06
4028,0.00023707037
4029,0.00077351485
4030,0.010842672
4031,0.024538804
4032,0.0009861334
4033,0.003982848
4034,0.0031689818
4035,0.00010957038
4036,0.00079739257
4037,0.0016725332
4038,0.0023881816
4039,0.0027328925
4040,0.0025514816
4041,0.0018828483
4042,0.011459561
4043,0.0103292605
4044,9.961482e-05
4045,0.0056489813
4046,0.018171204
4047,0.0014008334
4048,0.0009148482
4049,0.0006286815
4050,0.0032033334
4051,0.0016625925
4052,0.00021155925
4053,0.001132626
4054,0.0147852
4055,0.03170917
4056,0.033311114
4057,0.017456448
4058,0.00019763334
4059,0.0010880148
4060,0.014608134
4061,0.002545337
4062,0.0026382816
4063,0.0029139596
4064,0.0027011705
4065,0.0019953926
4066,0.012214281
4067,0.0112004485
4068,0.0016133332
4069,0.0011203705
4070,0.0021731704
4071,0.022486283
4072,0.002190226
4073,0.0010840038
4074,0.00048534822
4075,7.3633346e-05
4076,2.2533332e-05
4077,0.0003984593
4078,0.0009296334
4079,0.010995292
4080,0.0012245373
4081,0.0068806265
4082,0.0068806265
4083,0.0012117926
4084,0.0019467594
4085,0.015946759
4086,0.0339809
4087,0.0016035704
4088,0.008898149
4089,0.01181406
4090,0.0056215706
4091,7.1703707e-06
4092,0.0013691259
4093,0.018800035
4094,0.04246295
4095,0.049721837
4096,0.033600535
4097,0.009636182
4098,0.000108299995
4099,0.0021112037
4100,0.025540285
4101,0.055470005
4102,0.06583206
4103,0.048964806
4104,6.4533335e-05
4105,0.00029872594
4106,0.0020556482
4107,0.0005320037
4108,0.0009861334
4109,0.001727737
4110,0.0024240036
4111,0.02444356
4112,0.042739294
4113,0.034295738
4114,0.010205926
4115,0.00033779262
4116,0.0189003
4117,0.050102536
4118,0.0030200335
4119,0.0020336334
4120,0.017520832
4121,0.026068185
4122,0.0153228
4123,0.0011656334
4124,0.00592676
4125,0.0030200335
4126,0.030020034
4127,0.056825515
4128,0.0016329484
4129,0.00042312598
4130,0.00011342594
4131,1.9592594e-06
4132,0.00021690372
4133,0.005018133
4134,0.0012936335
4135,0.0014329037
4136,0.013090371
4137,0.0009185334
4138,0.0032378708
4139,0.0013781481
4140,0.00034003335
4141,0.0011203705
4142,0.0017992925
4143,0.018950533
4144,0.0018934261
4145,0.0009408001
4146,0.0050009037
4147,0.0033005036
4148,0.00022963336
4149,0.006820181
4150,0.020124301
4151,0.0014237036
4152,0.0090596145
4153,0.0005348148
4154,0.0015408334
4155,0.00027000002
4156,0.0013872002
4157,0.010354016
4158,0.023426762
4159,0.02949513
4160,0.00047468152
4161,5.6033343e-05
4162,3.8533333e-05
4163,0.00042312598
4164,0.004424626
4165,0.0011531999
4166,0.012827116
4167,0.0273612
4168,0.028954137
4169,0.00012951484
4170,7.7870376e-05
4171,0.0021168
4172,0.008590848
4173,0.018352134
4174,0.02559867
4175,0.0007871149
4176,0.0040136334
4177,0.005174534
4178,0.0019683002
4179,0.00019934814
4180,0.0075313933
4181,0.023000235
4182,0.035615563
4183,0.034498908
4184,0.020003615
4185,0.004208726
4186,0.00074334815
4187,0.013300093
4188,0.032978725
4189,0.045682017
4190,0.0428652
4191,0.027040016
4192,0.009094404
4193,0.00016645927
4194,0.004712534
4195,0.001697515
4196,0.0183027
4197,0.041094672
4198,0.051474016
4199,0.041070003
4200,0.000107037034
4201,5.157037e-05
4202,0.001024726
4203,0.0043681334
4204,0.010906133
4205,0.018850137
4206,0.023557352
4207,0.020873617
4208,0.011564034
4209,0.0021731704
4210,0.0007803
4211,0.010416033
4212,0.02600926
4213,0.037571207
4214,0.03735917
4215,0.00049884815
4216,0.0016428002
4217,5.6033343e-05
4218,3.3333336e-06
4219,0.0007466704
4220,0.004940833
4221,0.013624905
4222,0.0012805335
4223,0.010653393
4224,0.0010720148
4225,0.0058613485
4226,0.0001393926
4227,3.703704e-07
4228,0.00032669998
4229,0.0009296334
4230,0.0015696336
4231,0.001957515
4232,0.017585339
4233,0.026403332
4234,0.01565606
4235,0.0012502259
4236,0.005814848
4237,0.030507041
4238,0.0030940594
4239,0.022889616
4240,0.001979115
4241,0.0009408001
4242,0.0049665337
4243,0.0032586816
4244,1.2000002e-06
4245,0.0063462257
4246,0.02205037
4247,0.0016925039
4248,0.01083
4249,0.0149633335
4250,4.4814817e-05
4251,0.00051253336
4252,0.0006317371
4253,0.009564626
4254,0.024538804
4255,0.032450374
4256,0.025017781
4257,0.008875201
4258,1.1203704e-05
4259,0.008590848
4260,0.02949513
4261,0.047018405
4262,0.0017327999
4263,0.010490701
4264,0.0009370704
4265,0.0049665337
4266,0.004604537
4267,0.00048267035
4268,0.0007566815
4269,0.012703349
4270,0.031363335
4271,0.001727737
4272,0.010010133
4273,0.0134832
4274,0.0066404487
4275,4.32e-05
4276,0.0072178366
4277,0.0024360039
4278,0.02412113
4279,0.046649635
4280,0.04524083
4281,0.021726234
4282,0.00031579257
4283,0.0014145334
4284,0.0022360333
4285,0.025696134
4286,0.05407423
4287,0.0022533333
4288,0.011577127
4289,0.00061351486
4290,0.0017480336
4291,1.2892592e-05
4292,0.0019413929
4293,0.009257633
4294,0.019473517
4295,0.024291558
4296,0.01831917
4297,1.7925927e-06
4298,0.00020803335
4299,0.0005778704
4300,0.008909633
4301,0.0018775705
4302,0.0021561817
4303,0.021816036
4304,0.038449205
4305,0.030997962
4306,3.5592593e-06
4307,0.0033075
4308,0.013286061
4309,0.025657127
4310,0.032056905
4311,0.0007566815
4312,0.0033991258
4313,0.004208726
4314,0.0014282999
4315,0.00034003335
4316,0.0011081814
4317,0.0149931265
4318,0.034998063
4319,0.0017838371
4320,0.010071116
4321,0.013454949
4322,0.0065712007
4323,3.703704e-05
4324,0.007290404
4325,0.0273612
4326,0.044211205
4327,0.042915616
4328,0.024481636
4329,4.5633336e-05
4330,0.003586134
4331,0.0010092
4332,0.0014981332
4333,0.01853396
4334,0.0412923
4335,0.048186854
4336,0.032538135
4337,2.7e-06
4338,0.000420626
4339,0.0065317936
4340,0.01831917
4341,0.02953695
4342,0.0013067999
4343,0.008898149
4344,0.015519292
4345,0.012389781
4346,1.4237037e-05
4347,0.0026696336
4348,0.011033615
4349,0.022340506
4350,0.029307293
4351,0.026028892
4352,0.00014963334
4353,7.2592593e-07
4354,0.00028009262
4355,0.00030507034
4356,0.0055669486
4357,0.017120373
4358,0.027988894
4359,0.028933425
4360,0.018187616
4361,1.08e-05
4362,0.0020944595
4363,0.0080251265
4364,0.0165675
4365,0.0012761814
4366,0.011511738
4367,0.024083333
4368,0.00089289254
4369,0.0002680037
4370,5.5125933e-05
4371,2.7e-06
4372,0.0015408334
4373,0.008200534
4374,0.0012761814
4375,0.0013112037
4376,0.012013337
4377,0.018089259
4378,9.12926e-05
4379,0.0002720037
4380,0.00056333333
4381,0.0089671705
4382,0.0017684482
4383,0.0017633336
4384,0.015762849
4385,0.023632137
4386,0.00013795926
4387,0.00017925927
4388,0.0005404593
4389,0.008806533
4390,0.0017582261
4391,0.015701784
4392,0.02762356
4393,0.022231482
4394,0.006230404
4395,0.0005320037
4396,0.0022881336
4397,0.0032725928
4398,0.0039751707
4399,0.037712894
4400,0.06369486
4401,0.050020833
4402,0.015008034
4403,0.00027000002
4404,0.022908034
4405,0.06054019
4406,0.07779218
4407,0.0014467594
4408,0.0051308484
4409,0.005842726
4410,0.0019899593
4411,0.00034680005
4412,0.00791646
4413,0.022908034
4414,0.03481614
4415,0.0010920333
4416,0.0053778705
4417,0.0068705333
4418,0.0028033333
4419,9.961482e-05
4420,0.0012117926
4421,0.0020944595
4422,0.0028097813
4423,0.0031280038
4424,0.027120132
4425,0.0018881336
4426,0.00056044816
4427,0.001727737
4428,4.1614818e-05
4429,0.00049884815
4430,0.008036033
4431,0.019422594
4432,0.0008676149
4433,0.0036520334
4434,4.645926e-05
4435,6.25926e-05
4436,0.00042814814
4437,0.0076055145
4438,0.02083846
4439,0.028954137
4440,0.0005720334
4441,0.0014887259
4442,0.0006533334
4443,0.00025813334
4444,0.0008181482
4445,0.0015504037
4446,0.0022417926
4447,0.022834403
4448,0.0022130706
4449,0.0121471165
4450,0.0130347265
4451,0.0035934262
4452,0.0009595593
4453,0.0160083
4454,0.002675926
4455,0.022014238
4456,0.037218153
4457,0.029203203
4458,7.837038e-06
4459,0.0035352926
4460,0.0012936335
4461,0.0018775705
4462,0.021404507
4463,0.042991295
4464,0.04276446
4465,0.021138228
4466,0.001727737
4467,0.005740834
4468,0.0031280038
4469,0.032035116
4470,0.06431071
4471,0.068163335
4472,0.041168727
4473,0.00951707
4474,0.00071053335
4475,0.019609634
4476,0.047893398
4477,0.002887737
4478,0.02080333
4479,0.038473073
4480,0.001132626
4481,0.0039368924
4482,0.002907393
4483,5.3333337e-05
4484,0.0008216334
4485,0.012882316
4486,0.031449612
4487,0.039458133
4488,0.028747395
4489,0.00935156
4490,3.3333336e-06
4491,0.010478238
4492,0.0027392595
4493,0.02678045
4494,0.05455646
4495,0.0591408
4496,0.0005489815
4497,0.00058373704
4498,2.3703706e-05
4499,0.0002720037
4500,0.0054585035
4501,0.017040834
4502,0.0015889816
4503,0.012689633
4504,0.022213338
4505,0.017795796
4506,0.004746015
4507,0.00074334815
4508,0.014126699
4509,0.035776533
4510,0.048160132
4511,0.040922135
4512,0.00015717038
4513,5.333334e-07
4514,0.00058080006
4515,0.0035208336
4516,0.010120033
4517,0.018716682
4518,0.024272595
4519,0.0006816333
4520,0.0033920333
4521,0.00016803335
4522,4.5370375e-06
4523,0.00027603333
4524,0.0033005036
4525,0.0010130705
4526,0.011774405
4527,0.02561815
4528,0.027502315
4529,0.00013090372
4530,6.1633335e-05
4531,0.0019899593
4532,0.008344448
4533,0.018122016
4534,0.025501395
4535,0.00079739257
4536,0.0040833335
4537,0.005280133
4538,0.0020226706
4539,0.00018917037
4540,0.0075208335
4541,0.023055648
4542,0.035730503
4543,0.034634683
4544,0.020072533
4545,3.272593e-05
4546,0.0029337038
4547,0.0100467
4548,0.0012373483
4549,0.0015792927
4550,0.018434672
4551,0.0023881816
4552,0.001682504
4553,0.012281634
4554,0.014344536
4555,0.004596282
4556,0.00070729264
4557,0.013939259
4558,0.002496448
4559,0.0022939595
4560,0.0021336332
4561,0.015916033
4562,0.019219572
4563,1.0703704e-06
4564,0.0022823147
4565,0.011097634
4566,0.0014887259
4567,0.0014375147
4568,0.013020833
4569,0.019558534
4570,0.0112004485
4571,0.00059259264
4572,0.0014793482
4573,0.02115593
4574,0.04720334
4575,0.0021505335
4576,0.011485634
4577,0.015097633
4578,0.0074051702
4579,6.551482e-05
4580,0.0074471254
4581,0.02833613
4582,0.0025086263
4583,0.0019737037
4584,0.017232034
4585,0.0011907001
4586,0.0044165333
4587,0.0023056336
4588,0.00013090372
4589,0.007744133
4590,0.023352304
4591,0.0331558
4592,0.026920063
4593,0.010292182
4594,9.12926e-05
4595,0.007938134
4596,0.029348984
4597,0.047920033
4598,0.0018096336
4599,0.010982534
4600,0.018269781
4601,0.01414117
4602,1.814815e-05
4603,0.0029601331
4604,0.001132626
4605,0.013696034
4606,0.031948037
4607,0.0016675593
4608,0.0009185334
4609,0.0064925044
4610,0.00019934814
4611,4.32e-05
4612,0.00027401483
4613,0.0060113934
4614,0.017763335
4615,0.025950404
4616,0.02194206
4617,0.008852283
4618,0.0001226815
4619,0.0065712007
4620,0.025774239
4621,0.0025269485
4622,0.0023408332
4623,0.023166671
4624,0.04050463
4625,0.032494236
4626,3.5592593e-06
4627,0.00061351486
4628,0.00976806
4629,0.025989635
4630,0.0018987261
4631,0.013953634
4632,0.0012848927
4633,0.006921071
4634,0.0068302373
4635,0.0011656334
4636,0.0020117373
4637,0.016100835
4638,0.002259115
4639,0.0020226706
4640,0.017747115
4641,0.0012330705
4642,0.0045880335
4643,8.533334e-06
4644,0.0008748
4645,0.0063462257
4646,0.015931392
4647,0.022195203
4648,0.00046939263
4649,0.0012761814
4650,0.0
4651,0.0007235704
4652,0.0050613377
4653,0.0139968
4654,0.022889616
4655,0.0009075
4656,0.005052681
4657,0.006690133
4658,0.0028162373
4659,0.00029453338
4660,0.007415649
4661,0.0017941332
4662,0.0021280148
4663,0.021600837
4664,0.038092036
4665,0.030741341
4666,3.5592593e-06
4667,0.0032935147
4668,0.013244004
4669,0.0255792
4670,0.0014467594
4671,0.010403615
4672,0.018089259
4673,0.00031795923
4674,0.00027401483
4675,0.00011734816
4676,0.00058373704
4677,0.009398701
4678,0.024405517
4679,0.032450374
4680,0.025114138
4681,0.0089671705
4682,1.4700002e-05
4683,0.008523293
4684,0.029453335
4685,0.047044802
4686,0.0017378703
4687,0.010528133
4688,0.017585339
4689,0.013639115
4690,0.0032517372
4691,0.0007040593
4692,0.0017684482
4693,0.021582946
4694,0.04693926
4695,0.053397074
4696,0.035020836
4697,0.00951707
4698,0.00020628147
4699,0.0148148155
4700,0.0031008334
4701,0.0033355595
4702,0.034295738
4703,0.0038156484
4704,0.025017781
4705,0.034929782
4706,0.020020833
4707,0.0016526815
4708,0.0018934261
4709,0.0033215152
4710,0.035043616
4711,0.066113435
4712,0.0018565333
4713,0.0063365335
4714,9.481482e-05
4715,3.6300004e-05
4716,0.0022707
4717,0.009925071
4718,0.0013288924
4719,0.01170846
4720,0.021032182
4721,0.0171363
4722,0.004670848
4723,0.0007137815
4724,0.013710283
4725,0.034952536
4726,0.04733565
4727,0.0011244481
4728,0.004804893
4729,0.00021690372
4730,0.00036750003
4731,4.8981477e-05
4732,0.0031758372
4733,0.012525634
4734,0.02350134
4735,0.026920063
4736,0.0003559259
4737,0.00061653333
4738,8.0033344e-05
4739,0.00090018153
4740,0.00685037
4741,0.0013781481
4742,0.014300834
4743,0.02972552
4744,0.030848134
4745,0.015946759
4746,0.0014053927
4747,0.0044733374
4748,0.02561815
4749,0.04821357
4750,0.0021392591
4751,0.013398534
4752,0.0011656334
4753,0.0061633335
4754,0.00592676
4755,0.00086403335
4756,0.0022533333
4757,0.016162671
4758,0.0334668
4759,0.03854473
4760,0.00046939263
4761,0.00075000006
4762,9.633333e-06
4763,0.00022595927
4764,0.0048896335
4765,0.015824035
4766,0.026700838
4767,0.02829517
4768,0.018269781
4769,6.8481486e-06
4770,0.0003311148
4771,0.0007466704
4772,0.010703704
4773,0.027603336
4774,0.0019306814
4775,0.0014981332
4776,0.0014329037
4777,0.010665959
4778,0.012335648
4779,4.5370375e-06
4780,0.0027265332
4781,0.01198667
4782,0.023389515
4783,0.02738134
4784,0.019371737
4785,5.925926e-08
4786,0.0014099594
4787,0.0063559264
4788,0.014505339
4789,0.022632534
4790,0.025793782
4791,0.020961635
4792,0.010490701
4793,0.0015028483
4794,0.0012675
4795,0.01153787
4796,0.026621336
4797,0.03705396
4798,0.03603023
4799,0.024158949
4800,1.814815e-05
4801,0.00028213335
4802,0.001727737
4803,0.005297837
4804,0.011433516
4805,0.018434672
4806,0.0009937927
4807,0.0008427
4808,0.007927293
4809,0.01198667
4810,4.32e-05
4811,0.00042814814
4812,0.0044896337
4813,0.013696034
4814,0.023277957
4815,0.025288032
4816,0.016866505
4817,2.9037037e-06
4818,0.00028829998
4819,0.004940833
4820,0.015008034
4821,0.025911205
4822,0.03048578
4823,0.024787292
4824,0.012160533
4825,0.0016477371
4826,0.0015217816
4827,0.012979201
4828,0.02897485
4829,0.039168537
4830,0.036983706
4831,0.024007838
4832,0.008590848
4833,0.0002680037
4834,0.00086403335
4835,0.012133704
4836,0.029662596
4837,0.0415152
4838,0.0013377817
4839,0.008090682
4840,0.0007566815
4841,0.00035363334
4842,0.0014793482
4843,0.0003490704
4844,0.0011041333
4845,0.0011408334
4846,0.014068893
4847,0.030125573
4848,0.0011041333
4849,0.0003333334
4850,0.0012936335
4851,1.3781483e-05
4852,0.0018881336
4853,0.009071205
4854,0.0013067999
4855,0.0013156149
4856,0.012040033
4857,0.018122016
4858,0.010304533
4859,0.00023894814
4860,0.008079737
4861,0.024083333
4862,0.03668003
4863,0.001136726
4864,0.00051253336
4865,0.0035064039
4866,7.155926e-05
4867,3.778148e-05
4868,0.002190226
4869,0.009660093
4870,0.0013156149
4871,0.011616448
4872,0.020891206
4873,0.0003888
4874,0.0004181333
4875,8.0033344e-05
4876,0.00059259264
4877,0.0095527265
4878,0.024729835
4879,0.032780092
4880,0.0005749482
4881,0.0013601334
4882,0.0005264037
4883,0.00020628147
4884,0.00078370364
4885,0.011590227
4886,0.028603116
4887,0.036493782
4888,0.027100096
4889,1.6333332e-06
4890,0.0014099594
4891,0.0006721334
4892,0.009175838
4893,0.024291558
4894,0.03531757
4895,0.0010325334
4896,0.00045630004
4897,0.003114404
4898,5.7870373e-05
4899,6.551482e-05
4900,0.0024060593
4901,0.010022315
4902,0.0013112037
4903,0.0115248
4904,0.020715648
4905,0.00038640367
4906,5.9259264e-06
4907,8.4448155e-05
4908,0.00046675923
4909,0.008036033
4910,0.0016725332
4911,0.015112595
4912,0.0014840333
4913,0.00072684826
4914,0.0036741337
4915,0.0020501334
4916,0.00012
4917,0.0072488924
4918,0.02217707
4919,0.031861074
4920,0.026166534
4921,0.010169071
4922,0.00010957038
4923,0.0076161334
4924,0.028664906
4925,0.04725624
4926,0.04931556
4927,0.0338688
4928,0.01271707
4929,0.0002523
4930,0.0062496336
4931,0.016708802
4932,0.02618623
4933,0.030062228
4934,0.0008077371
4935,0.0050960337
4936,0.009292801
4937,0.00017120372
4938,8.898148e-05
4939,0.00040578152
4940,0.0046791704
4941,0.014300834
4942,0.024102226
4943,0.025930801
4944,0.017088534
4945,4.0333334e-06
4946,0.00029872594
4947,0.0007040593
4948,0.010242849
4949,0.026720727
4950,0.0019040334
4951,0.013910533
4952,0.0012805335
4953,0.0068806265
4954,0.00679006
4955,0.0011490704
4956,0.00076339254
4957,0.0017633336
4958,0.020698136
4959,0.0026195594
4960,0.018072894
4961,0.025520831
4962,0.00012675927
4963,0.000116033334
4964,0.0035788487
4965,0.013020833
4966,0.02366957
4967,0.026621336
4968,0.018253334
4969,1.0703704e-06
4970,0.0015360593
4971,0.0006658371
4972,0.0090596145
4973,0.0018565333
4974,0.018220462
4975,0.036354408
4976,0.036400832
4977,0.018122016
4978,0.00024844817
4979,0.00828895
4980,0.023819614
4981,0.0020117373
4982,0.016819116
4983,0.0020226706
4984,0.014083334
4985,0.019917635
4986,0.010855348
4987,0.0002720037
4988,0.0012805335
4989,0.016961483
4990,0.038688235
4991,0.045994725
4992,0.03166584
4993,0.009375116
4994,6.7500005e-05
4995,0.0020008332
4996,0.024500683
4997,0.053650502
4998,0.0026948482
4999,0.016945634
5000,0.027441796
5001,0.00042814814
5002,0.00037689265
5003,0.0001253926
5004,0.00061653333
5005,0.009780092
5006,0.025133427
5007,0.0015170372
5008,0.009152534
5009,0.0005264037
5010,8.112593e-05
5011,3.5592593e-06
5012,0.00028009262
5013,0.0059643
5014,0.0014237036
5015,0.0015312927
5016,0.013867501
5017,0.02083846
5018,0.012040033
5019,0.00070729264
5020,0.0015123001
5021,0.0027265332
5022,0.02959974
5023,0.0034275707
5024,0.022816017
5025,0.031969793
5026,0.0001744037
5027,0.00018583704
5028,0.0038006261
5029,0.013132183
5030,0.023445394
5031,0.026166534
5032,0.017812034
5033,0.0051570376
5034,0.00045630004
5035,0.0012675
5036,0.016209127
5037,0.0027075
5038,0.0027520151
5039,0.0030133482
5040,0.0027840333
5041,0.020820895
5042,0.025774239
5043,0.010478238
5044,1.7125927e-05
5045,0.014300834
5046,0.042287562
5047,0.055728298
5048,0.0412923
5049,2.9037037e-06
5050,0.0018723003
5051,0.0007939593
5052,0.0013333336
5053,0.016945634
5054,0.038449205
5055,0.045604005
5056,0.031363335
5057,0.009269348
5058,7.053334e-05
5059,0.0019899593
5060,0.024386503
5061,0.053453345
5062,0.06397162
5063,0.04808004
5064,7.155926e-05
5065,0.0002503704
5066,0.0018828483
5067,0.005814848
5068,0.01225467
5069,0.0011000925
5070,0.010590672
5071,0.022687502
5072,0.024405517
5073,0.000116033334
5074,6.551482e-05
5075,0.001979115
5076,0.0008251259
5077,0.0014053927
5078,0.0169932
5079,0.002259115
5080,0.0016133332
5081,0.011761201
5082,0.01366756
5083,2.314815e-06
5084,0.0026570708
5085,0.0011781335
5086,0.0016725332
5087,0.017666133
5088,0.031817637
5089,0.02600926
5090,0.007658682
5091,0.00039120376
5092,0.016630227
5093,0.04413446
5094,0.058933783
5095,0.0012805335
5096,0.0004382815
5097,0.0029008337
5098,0.0025637925
5099,8.670001e-05
5100,0.003217126
5101,0.015671294
5102,0.02985156
5103,0.033400033
5104,0.022322314
5105,0.0062592602
5106,0.0005575704
5107,0.010868033
5108,0.028213337
5109,0.040823705
5110,0.04011363
5111,0.026760532
5112,1.6133334e-05
5113,7.894814e-05
5114,0.0015170372
5115,0.0005404593
5116,0.001028626
5117,0.013953634
5118,0.032956626
5119,0.04052913
5120,0.0005749482
5121,0.0011081814
5122,2.7e-06
5123,0.0009823148
5124,0.005842726
5125,0.0150677385
5126,0.023632137
5127,0.024424534
5128,0.015580004
5129,0.003998226
5130,0.00028009262
5131,0.0014008334
5132,0.017828282
5133,0.0028942816
5134,0.025501395
5135,0.048026673
5136,0.045734063
5137,0.02152934
5138,0.0014467594
5139,0.0018460593
5140,0.025481962
5141,0.056477867
5142,0.0028291706
5143,0.01764996
5144,0.028438672
5145,0.021565072
5146,1.814815e-05
5147,0.0006075001
5148,0.0012848927
5149,0.0020888927
5150,0.0027968925
5151,0.003114404
5152,0.027020006
5153,0.04030889
5154,0.024748985
5155,0.002848626
5156,0.0055669486
5157,0.034702674
5158,0.06244162
5159,0.062411204
5160,0.035730503
5161,0.0073424596
5162,0.0011244481
5163,0.019866135
5164,0.046177633
5165,0.059170406
5166,0.050621517
5167,0.028274704
5168,0.0075313933
5169,7.837038e-06
5170,0.0012033334
5171,0.0018565333
5172,0.021582946
5173,0.0032517372
5174,0.027866848
5175,0.0516675
5176,0.048588466
5177,0.022522798
5178,0.0014375147
5179,0.0072075003
5180,0.035066403
5181,0.0034920042
5182,0.02746196
5183,0.0029205335
5184,0.019304035
5185,0.026960015
5186,0.0150677385
5187,0.00028009262
5188,0.009481482
5189,0.0021845335
5190,0.0024480335
5191,0.0027520151
5192,0.024064451
5193,0.03596095
5194,0.00025423706
5195,7.053334e-05
5196,0.0028746703
5197,0.011394504
5198,0.0013872002
5199,0.011946727
5200,0.021315558
5201,0.00039361484
5202,5.9259264e-06
5203,8.4448155e-05
5204,0.00046675923
5205,0.0011000925
5206,0.0017582261
5207,0.0021392591
5208,0.019084813
5209,0.028603116
5210,0.017088534
5211,0.0014840333
5212,0.005768533
5213,0.031212624
5214,0.0031895703
5215,0.02353867
5216,0.038712185
5217,0.029788502
5218,0.008101633
5219,0.00061955926
5220,0.0192027
5221,0.048561633
5222,0.0028421334
5223,0.00192
5224,0.01658317
5225,0.024691572
5226,0.014432134
5227,0.0010325334
5228,0.0016035704
5229,0.002887737
5230,0.031083738
5231,0.059496537
5232,0.056535743
5233,0.026561795
5234,0.0018987261
5235,0.0021168
5236,0.028726762
5237,0.0041693375
5238,0.0342732
5239,0.061774287
5240,0.0016428002
5241,0.0054225926
5242,0.0041929483
5243,0.00022413337
5244,0.0035280597
5245,0.0017992925
5246,0.019422594
5247,0.039096303
5248,0.039168537
5249,0.0195075
5250,0.00025813334
5251,0.008624727
5252,0.02461513
5253,0.037807498
5254,0.0014375147
5255,0.009117634
5256,0.0155952005
5257,0.012295127
5258,0.0029469037
5259,0.0008892593
5260,0.013924894
5261,0.034544133
5262,0.046334703
5263,0.03940979
5264,0.019524502
5265,0.000107037034
5266,0.004546904
5267,0.0011203705
5268,0.01271707
5269,0.030698674
5270,0.041416064
5271,0.035845637
5272,0.00016023703
5273,4.0333334e-06
5274,0.00040578152
5275,0.0030872927
5276,0.000846237
5277,0.0013736334
5278,0.016661635
5279,0.0022245373
5280,0.015686532
5281,0.022267794
5282,0.000103292594
5283,0.000121337056
5284,0.0005720334
5285,0.0092459265
5286,0.024083333
5287,0.0014840333
5288,0.0008892593
5289,0.006317171
5290,0.00019084814
5291,3.6300004e-05
5292,0.0010800001
5293,0.0075737042
5294,0.018122016
5295,0.024253631
5296,0.00046413334
5297,0.0011739593
5298,2.3703704e-07
5299,0.00079739257
5300,0.0006256333
5301,0.009269348
5302,0.0017889815
5303,0.015870001
5304,0.0015360593
5305,0.008388981
5306,0.0085683
5307,0.0017941332
5308,0.0016280335
5309,0.00192
5310,0.0025761332
5311,0.025696134
5312,0.04472454
5313,0.03579956
5314,0.010653393
5315,0.0003311148
5316,0.019304035
5317,0.0038231702
5318,0.033266705
5319,0.0035280597
5320,0.0022881336
5321,0.016598849
5322,0.019986406
5323,1.4814816e-06
5324,0.0022765037
5325,0.011110459
5326,0.0014934259
5327,0.012882316
5328,0.0012718369
5329,0.00061955926
5330,0.003033426
5331,0.0014934259
5332,0.0002720037
5333,0.001136726
5334,0.014755615
5335,0.031644184
5336,0.0011490704
5337,0.0044570705
5338,0.0035643002
5339,0.00016333334
5340,0.0034418372
5341,0.0017176333
5342,0.0022302817
5343,0.022577632
5344,0.03972454
5345,0.03199156
5346,0.009481482
5347,0.0003559259
5348,0.0027011705
5349,0.03153602
5350,0.0041301334
5351,0.031083738
5352,0.050512034
5353,0.038568627
5354,0.010728904
5355,0.0005432926
5356,0.021547202
5357,0.0039905333
5358,0.034228146
5359,0.062228896
5360,0.0016725332
5361,0.0004082371
5362,0.000107037034
5363,3.8533333e-05
5364,0.0008892593
5365,0.0068302373
5366,0.0012718369
5367,0.0013511705
5368,0.0013377817
5369,0.00097470003
5370,0.0054136333
5371,0.003755737
5372,0.00021333335
5373,0.006670237
5374,0.0016035704
5375,0.014874134
5376,0.026482506
5377,0.021457959
5378,0.0060492004
5379,0.0005152926
5380,0.0022417926
5381,0.026621336
5382,0.056044817
5383,0.061683565
5384,0.038856003
5385,0.009780092
5386,0.00040578152
5387,0.017264005
5388,0.044544533
5389,0.06006196
5390,0.05320037
5391,0.030698674
5392,0.008624727
5393,5.333334e-07
5394,0.00719717
5395,0.022779258
5396,0.03593787
5397,0.0015504037
5398,0.011485634
5399,0.023148151
5400,0.024064451
5401,9.72e-05
5402,0.00011084815
5403,0.00034228148
5404,0.0062016146
5405,0.018567115
5406,0.02959974
5407,0.029914683
5408,0.018335648
5409,1.564815e-05
5410,0.0022939595
5411,0.008500834
5412,0.017152237
5413,0.02444356
5414,0.025970018
5415,0.019883294
5416,0.009281071
5417,0.0010640593
5418,0.0015987
5419,0.01189357
5420,0.026344037
5421,0.0017838371
5422,0.0016477371
5423,0.017040834
5424,0.030656032
5425,0.00058080006
5426,1.9737035e-05
5427,0.00013795926
5428,0.0027075
5429,0.010341633
5430,0.0012892594
5431,0.011252034
5432,0.02024535
5433,0.016520534
5434,0.004481482
5435,0.0007040593
5436,0.0018252002
5437,0.022158949
5438,0.047973342
5439,0.054357633
5440,0.03547787
5441,0.0095408335
5442,0.0002277926
5443,0.015097633
5444,0.040946756
5445,0.05699974
5446,0.0016231261
5447,0.008944133
5448,0.014829634
5449,0.011420504
5450,0.0025761332
5451,0.0010208334
5452,0.0017941332
5453,0.021582946
5454,0.046807505
5455,0.05322845
5456,0.0348843
5457,0.009469633
5458,0.00020803335
5459,0.0022302817
5460,0.0032102258
5461,0.004098904
5462,0.041440833
5463,0.07647384
5464,0.0020446258
5465,0.006810134
5466,0.000103292594
5467,3.9292594e-05
5468,0.0021561817
5469,0.0095408335
5470,0.019541517
5471,0.024064451
5472,0.0003888
5473,0.0008356483
5474,3.7925927e-06
5475,0.0009899593
5476,0.005833426
5477,0.015022948
5478,0.0013024037
5479,0.010615737
5480,0.018917039
5481,0.01533787
5482,0.004052282
5483,0.0006752926
5484,0.014300834
5485,0.03656357
5486,0.049288537
5487,0.041813336
5488,0.02050596
5489,0.0027968925
5490,0.0021618372
5491,0.0020556482
5492,0.022963336
5493,0.05004806
5494,0.0025514816
5495,0.0016725332
5496,0.0015552
5497,0.001132626
5498,0.006453333
5499,6.551482e-05
5500,0.00011342594
5501,0.0036520334
5502,0.012634848
5503,0.001132626
5504,0.0007939593
5505,0.0057131997
5506,0.00016645927
5507,1.0403704e-05
5508,0.0014329037
5509,0.0008216334
5510,0.0013333336
5511,0.014622849
5512,0.026880134
5513,0.022249632
5514,0.0065219593
5515,0.00041317038
5516,0.015504135
5517,0.0031076148
5518,0.0031552927
5519,0.030337198
5520,0.05194454
5521,0.04111935
5522,0.0122412015
5523,0.0011081814
5524,0.0027392595
5525,0.0036963
5526,0.004376182
5527,0.041094672
5528,0.0036593927
5529,0.019780448
5530,0.022213338
5531,0.0077548483
5532,0.0007905334
5533,0.015946759
5534,0.0027584038
5535,0.022742536
5536,0.038377635
5537,0.030083334
5538,0.008444815
5539,0.00051805936
5540,0.018716682
5541,0.048160132
5542,0.062807135
5543,0.050594136
5544,0.00012813334
5545,7.053334e-05
5546,0.00017601483
5547,0.003384948
5548,0.0010403704
5549,0.0126075
5550,0.0021168
5551,0.0019845334
5552,0.017488627
5553,0.02614685
5554,0.015443572
5555,0.00023707037
5556,0.008783704
5557,0.025911205
5558,0.038880005
5559,0.0011573371
5560,0.0055216337
5561,0.006981959
5562,0.0028291706
5563,0.000102059275
5564,0.0076906714
5565,0.024386503
5566,0.0020391261
5567,0.015292681
5568,0.0014008334
5569,0.007541959
5570,0.00020280002
5571,3.4133336e-05
5572,0.0011203705
5573,0.0077120336
5574,0.0183027
5575,0.0243675
5576,0.01933787
5577,0.007145634
5578,0.00033555928
5579,0.008046949
5580,0.02261423
5581,0.035066403
5582,0.0013872002
5583,0.0009482815
5584,0.0009482815
5585,0.0006816333
5586,0.0035425334
5587,0.001962904
5588,0.00027401483
5589,0.0071250712
5590,0.020575738
5591,0.029224005
5592,0.023951294
5593,0.009281071
5594,8.4448155e-05
5595,0.007332033
5596,0.027502315
5597,0.045578018
5598,0.047973342
5599,0.033311114
5600,0.0127445385
5601,0.00061955926
5602,0.0041614817
5603,0.019490505
5604,0.035546683
5605,0.0018096336
5606,0.0136107
5607,0.026820298
5608,0.027260626
5609,0.013767349
5610,0.0010482371
5611,0.0045551155
5612,0.002496448
5613,0.026522135
5614,0.054869637
5615,0.059942704
5616,0.0005691259
5617,1.814815e-05
5618,1.3781483e-05
5619,0.00020107038
5620,0.0045223148
5621,0.015008034
5622,0.025774239
5623,0.027745074
5624,0.018204033
5625,4.8000006e-06
5626,0.0018044591
5627,0.0007137815
5628,0.00944596
5629,0.024768136
5630,0.035730503
5631,0.033045072
5632,0.0183027
5633,0.0034561334
5634,0.00071703707
5635,0.0015889816
5636,0.0023822372
5637,0.0032517372
5638,0.034003336
5639,0.0038006261
5640,0.024979295
5641,0.0015360593
5642,0.0004033333
5643,3.9292594e-05
5644,0.0001253926
5645,0.00046939263
5646,0.0075313933
5647,0.018385127
5648,0.0008391704
5649,0.003557037
5650,0.0028033333
5651,6.850371e-05
5652,0.0036080335
5653,0.0016477371
5654,0.017925927
5655,0.036470536
5656,0.036913514
5657,0.018583706
5658,0.0015648151
5659,0.0015360593
5660,0.0027968925
5661,0.03114815
5662,0.0040445374
5663,0.030443296
5664,0.049532034
5665,0.037878532
5666,0.010528133
5667,0.0005461334
5668,0.021351118
5669,0.054215845
5670,0.06931214
5671,0.0544428
5672,0.023725783
5673,0.0021505335
5674,0.0013872002
5675,0.019253334
5676,0.043548305
5677,0.055584732
5678,0.0013826704
5679,0.007394701
5680,0.012403334
5681,0.009624237
5682,2.1392592e-05
5683,0.002675926
5684,0.010918849
5685,0.02206845
5686,0.0013736334
5687,0.010242849
5688,0.01799117
5689,0.014432134
5690,1.2033334e-05
5691,0.0027328925
5692,0.01127787
5693,0.02272418
5694,0.029641632
5695,0.026166534
5696,0.00014667037
5697,2.8681483e-05
5698,0.0002187
5699,0.002514726
5700,0.000828626
5701,0.010703704
5702,0.026344037
5703,0.03391362
5704,0.025501395
5705,2.5037036e-06
5706,0.0012761814
5707,0.0061633335
5708,0.014402905
5709,0.022742536
5710,0.026048535
5711,0.021244537
5712,0.010653393
5713,5.694815e-05
5714,0.0027776149
5715,0.009328035
5716,0.01787707
5717,0.0012545333
5718,0.011136133
5719,0.023333704
5720,0.024748985
5721,0.013090371
5722,0.0011656334
5723,0.003921633
5724,0.022816017
5725,0.04387913
5726,0.05043
5727,0.037618402
5728,0.015778134
5729,0.0012160332
5730,0.003557037
5731,0.0019953926
5732,0.002607115
5733,0.0034561334
5734,0.03579956
5735,0.06715024
5736,0.06271566
5737,0.028871346
5738,0.0019306814
5739,0.008355571
5740,0.003906404
5741,0.038258504
5742,0.07466704
5743,0.07691204
5744,0.0005691259
5745,3.7925927e-06
5746,3.557037e-05
5747,0.0014793482
5748,0.007002315
5749,0.016380034
5750,0.024291558
5751,0.0008321334
5752,0.0044165333
5753,0.00022963336
5754,1.3333334e-05
5755,0.00015717038
5756,0.0027648
5757,0.0103788
5758,0.019969199
5759,0.0009937927
5760,0.00592676
5761,0.008014226
5762,0.0035934262
5763,2.2533332e-05
5764,0.0072178366
5765,0.024424534
5766,0.038808037
5767,0.03785485
5768,0.021906015
5769,3.6300004e-05
5770,0.00049884815
5771,0.0009633334
5772,0.0016576335
5773,0.020193428
5774,0.044339262
5775,0.050978154
5776,0.033846408
5777,0.009410503
5778,0.00076675933
5779,0.014286281
5780,0.03515764
5781,0.04808004
5782,0.0014145334
5783,0.008134534
5784,0.0007466704
5785,0.003952182
5786,0.0034920042
5787,8.0033344e-05
5788,0.003982848
5789,0.014490683
5790,0.025793782
5791,0.0010880148
5792,0.00605867
5793,0.00032890373
5794,3.2033335e-05
5795,5.0700004e-05
5796,0.0003628482
5797,0.0068000923
5798,0.0015170372
5799,0.014083334
5800,0.025152726
5801,0.020453705
5802,6.533333e-06
5803,0.0028812
5804,0.0118803
5805,0.02365085
5806,0.030464534
5807,0.026541958
5808,0.0001393926
5809,1.814815e-05
5810,0.00026205927
5811,0.0026382816
5812,0.000828626
5813,0.0013736334
5814,0.0020336334
5815,0.0024000928
5816,0.021226801
5817,0.031774223
5818,0.019152133
5819,0.00023333704
5820,0.0013736334
5821,0.018023837
5822,0.0027776149
5823,0.022468036
5824,0.0020172002
5825,0.010855348
5826,0.011420504
5827,0.0028942816
5828,0.00077351485
5829,0.014213634
5830,0.034793425
5831,0.0018512926
5832,0.0010169483
5833,0.0006912
5834,0.0035788487
5835,0.0019953926
5836,0.00027401483
5837,0.0071250712
5838,0.020575738
5839,0.029224005
5840,0.023951294
5841,0.009281071
5842,0.00035363334
5843,0.0012202814
5844,0.0019953926
5845,0.002848626
5846,0.030443296
5847,0.0034920042
5848,0.023166671
5849,0.03242845
5850,0.018500835
5851,0.00028009262
5852,0.009949338
5853,0.028520834
5854,0.0021280148
5855,0.0016477371
5856,0.014564034
5857,0.0010092
5858,0.0036226707
5859,0.0016675593
5860,0.00029662595
5861,0.008277871
5862,0.0018252002
5863,0.0018408335
5864,0.016395615
5865,0.024557874
5866,0.00014667037
5867,0.00016645927
5868,0.0035643002
5869,0.0011449482
5870,0.01299307
5871,0.027785635
5872,0.001028626
5873,0.0003114815
5874,7.25926e-05
5875,1.7925927e-06
5876,0.00028009262
5877,0.0059737037
5878,0.01760148
5879,0.02573517
5880,0.02178009
5881,0.008806533
5882,0.00030720004
5883,0.00791646
5884,0.022468036
5885,0.035020836
5886,0.0369369
5887,0.026621336
5888,0.011033615
5889,0.0008042815
5890,0.0028356484
5891,0.0016182258
5892,0.018286237
5893,0.041366532
5894,0.05194454
5895,0.041490402
5896,0.0189003
5897,0.0020226706
5898,0.0010640593
5899,0.0155952005
5900,0.036703352
5901,0.0023290704
5902,0.017682316
5903,0.033734538
5904,0.03308934
5905,0.000102059275
5906,0.00021690372
5907,0.00040578152
5908,0.006860449
5909,0.0016182258
5910,0.0165675
5911,0.033712182
5912,0.0342732
5913,0.017344061
5914,0.0014560336
5915,0.004923737
5916,0.0027840333
5917,0.0034347004
5918,0.03547787
5919,0.06661512
5920,0.062228896
5921,0.028664906
5922,0.00192
5923,0.008311126
5924,0.040480133
5925,0.0685452
5926,0.069376245
5927,0.044441838
5928,0.014490683
5929,0.00045890373
5930,0.009339793
5931,0.0016775148
5932,0.01678756
5933,0.037807498
5934,0.04794668
5935,0.038952034
5936,0.00011734816
5937,2.3114815e-05
5938,0.0007871149
5939,0.0004181333
5940,0.006630534
5941,0.01923645
5942,0.030146703
5943,0.030062228
5944,0.0002561815
5945,0.00021690372
5946,1.4700002e-05
5947,0.001697515
5948,0.007992448
5949,0.018056534
5950,0.025891613
5951,0.024921617
5952,0.0147852
5953,0.0032656335
5954,0.0005404593
5955,0.0014421332
5956,0.017942227
5957,0.0028942816
5958,0.0028746703
5959,0.0031280038
5960,0.0028746703
5961,0.02152934
5962,0.026700838
5963,0.010982534
5964,7.5e-06
5965,0.014271738
5966,0.042638704
5967,0.056391124
5968,0.0008820149
5969,0.0019146705
5970,2.3703704e-07
5971,0.00072684826
5972,0.00061653333
5973,0.0092225345
5974,0.023819614
5975,0.0014606816
5976,0.008909633
5977,0.0121471165
5978,0.0059549036
5979,2.2533332e-05
5980,0.0013601334
5981,0.018816726
5982,0.04253823
5983,0.049830463
5984,0.00059853337
5985,4.0833336e-05
5986,6.2259264e-06
5987,0.0006378704
5988,0.004983704
5989,0.014112239
5990,0.0013333336
5991,0.010995292
5992,0.019592596
5993,0.015885336
5994,0.004232448
5995,0.0006976148
5996,0.0018096336
5997,0.021978134
5998,0.047653962
5999,0.05407423
6000,0.03534045
6001,8.533334e-06
6002,0.00049342593
6003,0.007332033
6004,0.019952003
6005,0.0017327999
6006,0.015008034
6007,0.0018775705
6008,0.01323
6009,0.018766671
6010,0.010181348
6011,0.00036750003
6012,0.0015123001
6013,0.021226801
6014,0.04722978
6015,0.05432926
6016,0.03593787
6017,0.009912948
6018,0.0001744037
6019,0.0022533333
6020,0.0032517372
6021,0.0041301334
6022,0.04176357
6023,0.077013336
6024,0.0706969
6025,0.031882804
6026,0.0020062816
6027,0.009410503
6028,0.044339262
6029,0.0041067
6030,0.031062286
6031,0.05555604
6032,0.050923202
6033,0.00010453333
6034,0.000490726
6035,0.004224533
6036,0.012214281
6037,0.021672452
6038,0.026740627
6039,0.0006627
6040,0.0031212
6041,0.003914015
6042,0.0013156149
6043,0.00035363334
6044,0.007658682
6045,0.022195203
6046,0.033936035
6047,0.0010840038
6048,0.0053778705
6049,0.0068907263
6050,0.0028162373
6051,0.00030720004
6052,0.0075949044
6053,0.0018200038
6054,0.018269781
6055,0.0022765037
6056,0.015824035
6057,0.022376904
6058,0.012376238
6059,0.0002720037
6060,0.0013200332
6061,0.017360093
6062,0.0027075
6063,0.0023881816
6064,0.02073317
6065,0.030912302
6066,0.01853396
6067,0.0017025335
6068,0.0017327999
6069,0.024864003
6070,0.0036080335
6071,0.0029933373
6072,0.025540285
6073,0.037949633
6074,0.023111125
6075,0.00023520003
6076,0.009696014
6077,0.028274704
6078,0.04166413
6079,0.03832996
6080,0.02083846
6081,5.9737034e-05
6082,0.0036741337
6083,0.011721633
6084,0.020996893
6085,0.0012936335
6086,0.0012848927
6087,0.0016182258
6088,0.014740833
6089,0.02217707
6090,0.012923794
6091,0.0008356483
6092,0.0059080343
6093,0.029099291
6094,0.050484683
6095,0.05043
6096,0.00036983704
6097,0.0002277926
6098,3.4133336e-05
6099,0.00033779262
6100,0.0062688924
6101,0.0015552
6102,0.00192
6103,0.019763332
6104,0.0019521335
6105,0.0107541345
6106,0.00034003335
6107,0.00023148149
6108,0.00051805936
6109,0.000828626
6110,0.011174701
6111,0.025037041
6112,0.02734107
6113,0.0001393926
6114,4.4003707e-05
6115,0.0018617813
6116,0.008112594
6117,0.0012805335
6118,0.013062534
6119,0.027421633
6120,0.028768033
6121,0.015037871
6122,0.0013556482
6123,0.004240371
6124,0.024596034
6125,0.046728536
6126,0.052892003
6127,0.038736135
6128,0.015778134
6129,0.0010640593
6130,0.0039598374
6131,0.0020446258
6132,0.02194206
6133,0.047840133
6134,0.0024721816
6135,0.015870001
6136,0.0013601334
6137,0.0071868487
6138,0.00018583704
6139,1.00148145e-05
6140,0.00027603333
6141,0.005787038
6142,0.0013962816
6143,0.0015075706
6144,0.013681794
6145,0.00095579255
6146,0.0034062262
6147,0.0015075706
6148,0.0003559259
6149,0.0011991148
6150,0.0018934261
6151,0.019797573
6152,0.0352947
6153,0.028685516
6154,0.008489615
6155,0.00036750003
6156,0.017360093
6157,0.04607307
6158,0.061230958
6159,0.0013024037
6160,0.0050960337
6161,0.0060302825
6162,0.0021731704
6163,0.0003333334
6164,0.0011163
6165,0.015082683
6166,0.03515764
6167,0.0017889815
6168,0.00096711493
6169,0.0068403
6170,0.007332033
6171,2.7392594e-05
6172,0.0032240332
6173,0.012965337
6174,0.024310533
6175,0.027704537
6176,0.00035822592
6177,0.0006045037
6178,1.08e-05
6179,0.0012075593
6180,0.0064337924
6181,0.015793426
6182,0.024083333
6183,0.0008604593
6184,0.0046127997
6185,0.00024272593
6186,1.564815e-05
6187,5.6033343e-05
6188,0.0023881816
6189,0.0009899593
6190,0.0118803
6191,0.0017176333
6192,0.012512015
6193,0.01789335
6194,0.009708004
6195,0.0003333334
6196,0.0014840333
6197,0.020856032
6198,0.046544537
6199,0.053678703
6200,0.035615563
6201,0.009888726
6202,0.00079739257
6203,0.0019521335
6204,0.022908034
6205,0.050320726
6206,0.06075
6207,0.0010720148
6208,0.0038006261
6209,0.0043280036
6210,1.4814816e-06
6211,0.0012936335
6212,0.0069921343
6213,0.0012675
6214,0.0015889816
6215,0.01678756
6216,0.030337198
6217,0.024864003
6218,0.0073008006
6219,0.0004008926
6220,0.016317781
6221,0.043294672
6222,0.0027075
6223,0.018171204
6224,0.029746506
6225,0.022797633
6226,0.0058986815
6227,0.00076675933
6228,0.017520832
6229,0.043675397
6230,0.056854535
6231,0.046256136
6232,0.021368904
6233,0.0024000928
6234,0.0011449482
6235,0.0021112037
6236,0.024177868
6237,0.0035280597
6238,0.029662596
6239,0.05449962
6240,0.050785966
6241,0.023315115
6242,0.0014375147
6243,0.007563115
6244,0.036215294
6245,0.061955925
6246,0.063817784
6247,0.04198774
6248,0.0143883005
6249,0.0003888
6250,0.008388981
6251,0.021014536
6252,0.0016231261
6253,0.014534673
6254,0.031948037
6255,0.038115796
6256,0.026680948
6257,2.3703704e-07
6258,0.00032890373
6259,0.005485515
6260,0.0013422371
6261,0.0149931265
6262,0.002346726
6263,0.0021280148
6264,0.0019899593
6265,0.01484446
6266,0.017812034
6267,0.0063268477
6268,0.00028623705
6269,0.014593427
6270,0.038976062
6271,0.049694702
6272,0.036099575
6273,0.011695293
6274,5.333334e-07
6275,0.0020667
6276,0.0031348146
6277,0.03409317
6278,0.068640836
6279,0.002588504
6280,0.012648534
6281,0.016193634
6282,3.557037e-05
6283,0.00018253335
6284,0.0044896337
6285,0.015037871
6286,0.025891613
6287,0.027927836
6288,0.01831917
6289,4.8000006e-06
6290,0.00031579257
6291,0.005280133
6292,0.0157323
6293,0.026700838
6294,0.0013024037
6295,0.009152534
6296,0.016023705
6297,0.00028213335
6298,0.00022595927
6299,0.00021690372
6300,0.00061653333
6301,0.009624237
6302,0.024787292
6303,0.032780092
6304,0.02524934
6305,0.008944133
6306,1.1203704e-05
6307,0.008647349
6308,0.029662596
6309,0.04720334
6310,0.0482403
6311,0.032582056
6312,0.011960033
6313,0.00045111479
6314,0.0045141336
6315,0.0018670369
6316,0.0024180147
6317,0.027180301
6318,0.05656468
6319,0.061834805
6320,0.038688235
6321,2.1392592e-05
6322,0.0036963
6323,0.0123086255
6324,0.0013781481
6325,0.013767349
6326,0.03112667
6327,0.037760183
6328,0.026820298
6329,0.008377838
6330,2.5514819e-05
6331,0.010628283
6332,0.032670002
6333,0.049288537
6334,0.0016625925
6335,0.009804182
6336,0.016364459
6337,0.012689633
6338,0.0029733926
6339,0.0009520334
6340,0.014329959
6341,0.03518046
6342,0.0022016333
6343,0.015202505
6344,0.025384903
6345,0.019712033
6346,0.0050873477
6347,0.0007600333
6348,0.016348893
6349,0.040971395
6350,0.05390454
6351,0.044441838
6352,0.020961635
6353,0.00015112592
6354,0.005485515
6355,0.0012502259
6356,0.013710283
6357,0.0324723
6358,0.043067034
6359,0.036656726
6360,0.00014814816
6361,9.633333e-06
6362,0.0005404593
6363,0.0031552927
6364,0.009316281
6365,0.017763335
6366,0.023613425
6367,0.021888005
6368,0.012662225
6369,0.0026382816
6370,0.00050430006
6371,0.0092225345
6372,0.024500683
6373,0.036656726
6374,0.037429783
6375,0.02614685
6376,0.0103788
6377,0.00016961481
6378,0.0047041816
6379,0.013454949
6380,0.02255935
6381,0.0012631703
6382,0.0012288002
6383,0.0015600036
6384,0.014257201
6385,0.021475794
6386,0.012471205
6387,0.00077351485
6388,0.0015217816
6389,0.0027520151
6390,0.0034920042
6391,0.033645168
6392,0.0030737817
6393,0.0015075706
6394,0.0085683
6395,0.007002315
6396,0.0004485333
6397,0.0045223148
6398,0.021726234
6399,0.036215294
6400,0.032582056
6401,0.014300834
6402,0.00056044816
6403,0.0015938372
6404,0.021888005
6405,0.04958623
6406,0.060840037
6407,0.046886533
6408,0.020158846
6409,0.001727737
6410,0.0038912038
6411,0.022340506
6412,0.04201268
6413,0.049207505
6414,0.040333338
6415,0.022158949
6416,0.00592676
6417,5.348148e-06
6418,0.0009899593
6419,0.0015987
6420,0.019168982
6421,0.043446764
6422,0.0023881816
6423,0.015701784
6424,0.02585246
6425,0.019883294
6426,0.005052681
6427,0.0008321334
6428,0.01533787
6429,0.038163334
6430,0.050539393
6431,0.001132626
6432,0.0004082371
6433,0.0027075
6434,0.002346726
6435,5.694815e-05
6436,0.0007235704
6437,0.011721633
6438,0.029203203
6439,0.0016526815
6440,0.0009408001
6441,0.0066801817
6442,0.007145634
6443,0.0014513928
6444,0.0016329484
6445,0.015232534
6446,0.03344454
6447,0.0016329484
6448,0.009152534
6449,0.00050430006
6450,0.0013826704
6451,0.00019422593
6452,0.0015504037
6453,0.0106032
6454,0.02348268
6455,0.029244814
6456,0.021672452
6457,0.0072281817
6458,2.9037037e-06
6459,0.00867
6460,0.028356628
6461,0.04472454
6462,0.045786135
6463,0.031191127
6464,2.1392592e-05
6465,0.00037689265
6466,0.00023333704
6467,0.0038760337
6468,0.012498405
6469,0.022889616
6470,0.028418152
6471,0.024348505
6472,0.0127445385
6473,0.0020833337
6474,0.001132626
6475,0.012053393
6476,0.0020446258
6477,0.0023585334
6478,0.025637634
6479,0.0500753
6480,0.048615295
6481,0.023408134
6482,0.0017786999
6483,0.0018828483
6484,0.0261075
6485,0.0038988001
6486,0.0324723
6487,0.058992893
6488,0.0015938372
6489,0.0053155697
6490,6.7500005e-05
6491,8.783704e-05
6492,0.0026382816
6493,0.010528133
6494,0.020540833
6495,0.024500683
6496,0.017795796
6497,0.005740834
6498,2.2533332e-05
6499,0.0013601334
6500,0.017942227
6501,0.002927115
6502,0.025793782
6503,0.048508007
6504,0.0014099594
6505,0.0003651704
6506,9.0133326e-05
6507,1.6133334e-05
6508,0.0010561333
6509,0.0072075003
6510,0.017344061
6511,0.023426762
6512,0.018850137
6513,8.533334e-06
6514,0.00017120372
6515,0.0005208334
6516,0.0011244481
6517,0.0149633335
6518,0.0024360039
6519,0.020228036
6520,0.03443112
6521,0.00059259264
6522,0.00071703707
6523,8.222593e-05
6524,0.0005376334
6525,0.008909633
6526,0.023464033
6527,0.03153602
6528,0.024672447
6529,0.008944133
6530,2.3114815e-05
6531,0.0015360593
6532,0.020297341
6533,0.0032033334
6534,0.027684284
6535,0.051474016
6536,0.048481204
6537,0.022522798
6538,0.0014513928
6539,0.0071662264
6540,0.03497529
6541,0.060420446
6542,0.06277663
6543,0.0417387
6544,0.0145493485
6545,0.00037218147
6546,0.008167501
6547,0.020610668
6548,0.0016084481
6549,0.014476032
6550,0.0021675
6551,0.018023837
6552,0.0016775148
6553,0.009094404
6554,0.00026601483
6555,1.7925927e-06
6556,0.0010880148
6557,0.00075333705
6558,0.009985792
6559,0.0015456147
6560,0.0011865038
6561,0.008658671
6562,0.00030507034
6563,0.00020453705
6564,0.0005461334
6565,0.0008251259
6566,0.011110459
6567,0.0016775148
6568,0.012335648
6569,0.017682316
6570,0.009612301
6571,0.00032450372
6572,0.0065416335
6573,0.028213337
6574,0.04738863
6575,0.046728536
6576,0.026920063
6577,4.5633336e-05
6578,0.0037333926
6579,0.012053393
6580,0.021547202
6581,0.0013112037
6582,0.011123294
6583,0.0014934259
6584,0.0011163
6585,0.008123559
6586,0.009013333
6587,0.0022073481
6588,0.001245926
6589,0.0150677385
6590,0.034566764
6591,0.04171384
6592,0.029286461
6593,0.0089671705
6594,3.6300004e-05
6595,0.0018723003
6596,0.0028616334
6597,0.03157926
6598,0.06431071
6599,0.06870463
6600,0.04178845
6601,0.009792134
6602,0.0011081814
6603,0.018616905
6604,0.043396033
6605,0.056188986
6606,0.04877645
6607,0.00036750003
6608,4.4003707e-05
6609,1.4700002e-05
6610,3.1148147e-06
6611,0.0008784038
6612,0.0054405336
6613,0.014432134
6614,0.023074131
6615,0.0008892593
6616,0.0004720334
6617,0.00030720004
6618,0.0012805335
6619,0.00024653334
6620,0.0012718369
6621,0.009756034
6622,0.022468036
6623,0.0012761814
6624,0.0077120336
6625,0.010478238
6626,0.004983704
6627,1.337037e-06
6628,0.007155926
6629,0.002259115
6630,0.022468036
6631,0.04387913
6632,0.042890407
6633,0.00013090372
6634,0.00022963336
6635,0.0030805336
6636,0.0009408001
6637,0.011682134
6638,0.0020172002
6639,0.017328035
6640,0.030041128
6641,0.023951294
6642,0.0066801817
6643,0.00084978144
6644,0.016039116
6645,0.039700285
6646,0.05222232
6647,0.04316814
6648,0.00013795926
6649,1.564815e-05
6650,0.00080083334
6651,0.0039751707
6652,0.010578148
6653,0.018850137
6654,0.02393246
6655,0.021422315
6656,0.011946727
6657,0.0022881336
6658,0.0007566815
6659,0.010478238
6660,0.026265074
6661,0.037949633
6662,0.037665635
6663,0.02559867
6664,0.00976806
6665,0.00046413334
6666,0.0008604593
6667,0.012322134
6668,0.030083334
6669,0.0021000335
6670,0.016645927
6671,0.0019737037
6672,0.0013917371
6673,0.010107794
6674,0.01153787
6675,0.0033005036
6676,0.00070729264
6677,0.013539792
6678,0.033555925
6679,0.0018252002
6680,0.010490701
6681,0.014083334
6682,3.4133336e-05
6683,0.00016803335
6684,0.004280093
6685,0.014564034
6686,0.025365515
6687,0.027603336
6688,0.018286237
6689,0.0050440338
6690,0.00049342593
6691,0.009756034
6692,0.0019899593
6693,0.020038063
6694,0.042714138
6695,0.048588466
6696,0.032056905
6697,0.008795115
6698,0.0007466704
6699,0.013910533
6700,0.0025208336
6701,0.023894815
6702,0.0031621335
6703,0.0026320333
6704,0.022595925
6705,0.033645168
6706,0.02028
6707,0.0020062816
6708,0.005740834
6709,0.032868303
6710,0.058344305
6711,0.058226757
6712,0.033422284
6713,5.694815e-05
6714,0.0044733374
6715,0.013853171
6716,0.023744533
6717,0.029203203
6718,0.027120132
6719,0.00035363334
6720,0.0012373483
6721,0.0013826704
6722,1.3333334e-05
6723,0.0014467594
6724,0.0071868487
6725,0.016898133
6726,0.024960058
6727,0.0008427
6728,0.000420626
6729,0.0028942816
6730,0.002588504
6731,9.600371e-05
6732,0.0007203
6733,0.0015600036
6734,0.018683393
6735,0.038425334
6736,0.038976062
6737,0.00014520001
6738,0.00013795926
6739,0.002588504
6740,0.0095408335
6741,0.01933787
6742,0.0012675
6743,0.0097440155
6744,0.017280001
6745,0.013968017
6746,0.0036007261
6747,0.0006689815
6748,0.01279956
6749,0.002478237
6750,0.0026320333
6751,0.02585246
6752,0.04482756
6753,0.03579956
6754,0.010615737
6755,0.00034228148
6756,0.0028746703
6757,0.033311114
6758,0.06790935
6759,0.07225885
6760,0.043649964
6761,0.010095559
6762,0.0007301334
6763,0.020418903
6764,0.049640447
6765,0.06431071
6766,0.05484113
6767,0.030188981
6768,7.5e-06
6769,0.0016477371
6770,0.0051308484
6771,0.00065644813
6772,0.001024726
6773,0.013781635
6774,0.032604035
6775,0.040162407
6776,0.02878868
6777,0.009117634
6778,1.4237037e-05
6779,0.010868033
6780,0.033667505
6781,0.0026696336
6782,0.020856032
6783,0.039240837
6784,0.037807498
6785,0.000105781495
6786,0.00027000002
6787,0.00043319998
6788,0.007145634
6789,0.020471115
6790,0.001697515
6791,0.0014237036
6792,0.0013781481
6793,0.01025517
6794,0.011800835
6795,0.0034489816
6796,0.0007040593
6797,0.0018252002
6798,0.021368904
6799,0.0026885336
6800,0.018467737
6801,0.026068185
6802,0.014637571
6803,0.00027401483
6804,0.009304538
6805,0.026960015
6806,0.03991885
6807,0.03705396
6808,0.020384135
6809,0.003793126
6810,0.0007871149
6811,0.0017075593
6812,0.020436302
6813,0.0031484596
6814,0.027180301
6815,0.050621517
6816,0.0477603
6817,0.00011867038
6818,0.0003559259
6819,0.003666759
6820,0.011355559
6821,0.020944018
6822,0.026541958
6823,0.023333704
6824,0.012634848
6825,0.0022533333
6826,0.0009296334
6827,0.011355559
6828,0.027542701
6829,0.038928017
6830,0.03792593
6831,0.02530739
6832,0.009398701
6833,0.00037689265
6834,0.0036153484
6835,0.016598849
6836,0.0019413929
6837,0.0021280148
6838,0.023426762
6839,0.046334703
6840,0.045474134
6841,0.00014228148
6842,0.0002187
6843,0.0030670373
6844,0.010391204
6845,0.020158846
6846,0.026363794
6847,0.023763292
6848,0.013202014
6849,0.0025086263
6850,0.0008146704
6851,0.0014237036
6852,0.017520832
6853,0.040431175
6854,0.05139121
6855,0.041490402
6856,0.019168982
6857,0.0021505335
6858,0.0027520151
6859,0.0020777816
6860,0.0027520151
6861,0.030294817
6862,0.06201654
6863,0.0024360039
6864,0.0121471165
6865,0.015640834
6866,3.4133336e-05
6867,0.0006595704
6868,0.0054585035
6869,0.0012373483
6870,0.0016084481
6871,0.01700907
6872,0.03072
6873,0.025152726
6874,0.007394701
6875,0.000828626
6876,0.015946759
6877,0.039603338
6878,0.0521667
6879,0.0011449482
6880,0.0046542264
6881,0.00020280002
6882,7.1703707e-06
6883,0.00023333704
6884,0.0004485333
6885,0.0076161334
6886,0.020768238
6887,0.02878868
6888,0.023222284
6889,0.008795115
6890,5.244815e-05
6891,0.007489201
6892,0.027441796
6893,0.045163207
6894,0.04738863
6895,0.032890372
6896,2.7392594e-05
6897,0.00034003335
6898,0.00022963336
6899,0.0038382371
6900,0.0010920333
6901,0.0016329484
6902,0.019084813
6903,0.039000094
6904,0.03938563
6905,0.00014373705
6906,0.00014667037
6907,0.002644537
6908,0.009624237
6909,0.0013112037
6910,0.013020833
6911,0.027220452
6912,0.0009861334
6913,0.0038006261
6914,0.0029205335
6915,6.951483e-05
6916,0.0037037039
6917,0.017056728
6918,0.03155764
6919,0.034498908
6920,0.022504538
6921,0.0060397373
6922,0.0002187
6923,0.011420504
6924,0.031948037
6925,0.0024060593
6926,0.018950533
6927,0.03607645
6928,0.035226133
6929,0.01702495
6930,0.00026601483
6931,0.008456005
6932,0.0019306814
6933,0.0023644485
6934,0.025754703
6935,0.050320726
6936,0.0015312927
6937,0.0054585035
6938,7.7870376e-05
6939,5.9737034e-05
6940,0.0024480335
6941,0.0009976333
6942,0.011946727
6943,0.026028892
6944,0.027968537
6945,0.014978226
6946,0.00016803335
6947,0.006502315
6948,0.019900458
6949,0.03256009
6950,0.035776533
6951,0.026860185
6952,0.011774405
6953,0.0010840038
6954,0.0024120333
6955,0.015112595
6956,0.030890903
6957,0.039651792
6958,0.03603023
6959,0.022577632
6960,0.00768
6961,0.00015717038
6962,0.0008533334
6963,0.01189357
6964,0.029120062
6965,0.0020556482
6966,0.0164268
6967,0.031969793
6968,0.031817637
6969,0.000105781495
6970,0.00018253335
6971,0.0027201816
6972,0.00089289254
6973,0.011329633
6974,0.027522506
6975,0.035020836
6976,0.026028892
6977,0.008738134
6978,5.925926e-08
6979,0.009493337
6980,0.0026009039
6981,0.025774239
6982,0.052892003
6983,0.057757784
6984,0.036261637
6985,0.009071205
6986,0.00041564813
6987,0.016614534
6988,0.0031895703
6989,0.0033637371
6990,0.003982848
6991,0.0041850703
6992,0.035638534
6993,0.053004034
6994,0.0331558
6995,0.0045223148
6996,0.0021392591
6997,0.030955113
6998,0.0658633
6999,0.07183414
7000,0.044441838
7001,2.933704e-05
7002,0.004296033
7003,0.0011781335
7004,0.013356299
7005,0.031948037
7006,0.042663835
7007,0.036540303
7008,0.00015413333
7009,7.2592593e-07
7010,0.00046939263
7011,0.0032378708
7012,0.009780092
7013,0.0012075593
7014,0.0014421332
7015,0.015413335
7016,0.0281112
7017,0.023148151
7018,3.7925927e-06
7019,0.0028681483
7020,0.0011573371
7021,0.014011204
7022,0.032538135
7023,0.039773077
7024,0.0005575704
7025,5.3333337e-05
7026,2.8033332e-05
7027,0.00047468152
7028,0.0045715594
7029,0.013710283
7030,0.023166671
7031,0.0009520334
7032,0.0005152926
7033,0.00033779262
7034,9.72e-05
7035,4.281482e-06
7036,0.0011449482
7037,0.0007600333
7038,0.0012718369
7039,0.0016526815
7040,0.0016231261
7041,0.0011907001
7042,0.0068302373
7043,0.0052184043
7044,0.00014228148
7045,0.0052008326
7046,0.0020008332
7047,0.0021336332
7048,0.01886685
7049,0.0013156149
7050,0.00035134816
7051,0.00080083334
7052,1.2459259e-05
7053,0.0006595704
7054,0.0012980149
7055,0.014432134
7056,0.0015170372
7057,0.0084672
7058,0.008715393
7059,0.0018617813
7060,0.0007600333
7061,0.001814815
7062,0.021226801
7063,0.042840004
7064,0.042739294
7065,0.021191347
7066,0.00027603333
7067,0.009117634
7068,0.02571565
7069,0.03904818
7070,0.039845925
7071,0.027562905
7072,0.0107163
7073,0.0005662259
7074,0.0034561334
7075,0.016961483
7076,0.032056905
7077,0.001753126
7078,0.013568133
7079,0.026920063
7080,0.027421633
7081,0.013896183
7082,0.0010760038
7083,0.0012936335
7084,0.0024300003
7085,0.027745074
7086,0.057757784
7087,0.0023408332
7088,0.0118803
7089,0.0006225926
7090,0.0017838371
7091,1.2033334e-05
7092,0.0003605333
7093,0.0068705333
7094,0.019405637
7095,0.027542701
7096,0.022687502
7097,0.008840834
7098,0.00033779262
7099,0.008388981
7100,0.023445394
7101,0.036053333
7102,0.0013962816
7103,0.0089671705
7104,0.015413335
7105,0.012187392
7106,0.0029337038
7107,0.0008820149
7108,0.013838849
7109,0.0025269485
7110,0.002644537
7111,0.025970018
7112,0.045008138
7113,0.03593787
7114,0.010653393
7115,0.0010208334
7116,0.019253334
7117,0.0033005036
7118,0.028768033
7119,0.053368952
7120,0.050102536
7121,0.000121337056
7122,0.00038163335
7123,0.0038006261
7124,0.011590227
7125,0.021173634
7126,0.026641203
7127,0.0006848149
7128,0.0032656335
7129,0.0041223145
7130,0.0014191149
7131,0.00032450372
7132,0.0076373927
7133,0.001814815
7134,0.018187616
7135,0.036447294
7136,0.03656357
7137,0.018253334
7138,0.00024653334
7139,0.008277871
7140,0.023819614
7141,0.0020172002
7142,0.016819116
7143,0.03291245
7144,0.0010680334
7145,0.003906404
7146,0.0029469037
7147,6.551482e-05
7148,0.0008146704
7149,0.01279956
7150,0.031298704
7151,0.0017125926
7152,0.009912948
7153,0.013342238
7154,0.006551482
7155,3.9292594e-05
7156,0.0072178366
7157,0.02720037
7158,0.044057783
7159,0.042840004
7160,0.024481636
7161,0.0049922997
7162,0.0008391704
7163,0.0018304038
7164,0.021654533
7165,0.048026673
7166,0.058609206
7167,0.04513734
7168,0.019456532
7169,0.0016875002
7170,0.0037482816
7171,0.0217083
7172,0.041070003
7173,0.048454404
7174,0.04001618
7175,0.022213338
7176,0.0060681487
7177,0.00032669998
7178,0.0062592602
7179,0.016317781
7180,0.025423706
7181,0.029265637
7182,0.025832895
7183,0.016614534
7184,0.006172893
7185,0.00024653334
7186,0.0026382816
7187,0.01271707
7188,0.02524934
7189,0.0015841334
7190,0.012979201
7191,0.02618623
7192,0.027000003
7193,0.013853171
7194,0.0011285334
7195,0.004360093
7196,0.024253631
7197,0.045682017
7198,0.0516675
7199,0.037902225
7200,5.244815e-05
7201,0.00022413337
7202,0.001697515
7203,0.00049342593
7204,0.007104538
7205,0.020038063
7206,0.0016576335
7207,0.012840903
7208,0.022267794
7209,0.017747115
7210,0.0046958374
7211,0.0006816333
7212,0.015277635
7213,0.038832016
7214,0.051805932
7215,0.043345336
7216,0.020856032
7217,0.002682226
7218,0.0024120333
7219,0.018950533
7220,0.03912037
7221,0.048561633
7222,0.04171384
7223,0.024064451
7224,1.3333334e-07
7225,0.0009185334
7226,0.0033778707
7227,0.007541959
7228,0.013216004
7229,0.018700033
7230,0.020856032
7231,0.00047733705
7232,0.0022881336
7233,0.0028746703
7234,2.1333335e-06
7235,0.00023520003
7236,0.0050440338
7237,0.0013917371
7238,0.0017941332
7239,0.018700033
7240,0.03344454
7241,0.0006286815
7242,0.0008604593
7243,1.4814815e-08
7244,0.00056333333
7245,0.00951707
7246,0.024787292
7247,0.032934535
7248,0.00058080006
7249,0.0013781481
7250,0.0005376334
7251,0.00020628147
7252,0.005271293
7253,0.0014606816
7254,0.015519292
7255,0.032035116
7256,0.032956626
7257,0.016882315
7258,0.0014700001
7259,0.0046958374
7260,0.026621336
7261,0.003046848
7262,0.025133427
7263,0.0027648
7264,0.018451199
7265,0.02585246
7266,0.014417515
7267,0.00084978144
7268,0.00665037
7269,0.03157926
7270,0.0030401333
7271,0.0023585334
7272,0.0021561817
7273,0.016100835
7274,0.0006944037
7275,0.0011907001
7276,3.3333336e-08
7277,0.0006944037
7278,0.010528133
7279,0.024177868
7280,0.026800372
7281,0.014829634
7282,0.0016084481
7283,0.0035352926
7284,0.022816017
7285,0.0028616334
7286,0.02423468
7287,0.04552606
7288,0.04342139
7289,0.020471115
7290,0.0013646259
7291,0.0017889815
7292,0.024768136
7293,0.05512654
7294,0.06623867
7295,0.049748983
7296,7.155926e-05
7297,0.0002680037
7298,0.001962904
7299,0.0059549036
7300,0.0008784038
7301,0.01025517
7302,0.02507557
7303,0.032384627
7304,0.024500683
7305,3.1148147e-06
7306,0.00024272593
7307,0.0044652
7308,0.014011204
7309,0.0015170372
7310,0.014097781
7311,0.028768033
7312,0.001005337
7313,0.0038081335
7314,0.002907393
7315,6.551482e-05
7316,0.0037408334
7317,0.017120373
7318,0.03157926
7319,0.0013067999
7320,0.0070635593
7321,0.0003792593
7322,4.2403703e-05
7323,2.3703706e-05
7324,0.00034003335
7325,0.0065909484
7326,0.018800035
7327,0.0013288924
7328,0.000846237
7329,0.0060492004
7330,0.006385071
7331,0.0011739593
7332,0.0007137815
7333,0.012648534
7334,0.0022881336
7335,0.0021392591
7336,0.01875
7337,0.02800926
7338,0.016645927
7339,0.0013962816
7340,0.005824134
7341,0.031105202
7342,0.054613337
7343,0.0018408335
7344,0.00881796
7345,0.011213333
7346,0.005052681
7347,8.333334e-07
7348,0.007744133
7349,0.026840236
7350,0.04238774
7351,0.04072539
7352,0.02309263
7353,0.0046210703
7354,0.0009520334
7355,0.0019521335
7356,0.022779258
7357,0.05004806
7358,0.0025699593
7359,0.016380034
7360,0.026680948
7361,0.020366762
7362,1.7125927e-05
7363,0.0005866815
7364,0.009375116
7365,0.02517203
7366,0.036610138
7367,0.03391362
7368,0.018766671
7369,0.0035425334
7370,0.0010092
7371,0.013896183
7372,0.0330672
7373,0.044982318
7374,0.04178845
7375,0.026205927
7376,4.281482e-06
7377,0.0005866815
7378,0.002607115
7379,0.0065613366
7380,0.012512015
7381,0.01866676
7382,0.021511482
7383,0.00051805936
7384,0.0025025331
7385,0.0031621335
7386,0.0009861334
7387,0.00029872594
7388,0.0009823148
7389,0.013696034
7390,0.03256009
7391,0.040235616
7392,0.028892035
7393,0.0091875
7394,1.2033334e-05
7395,0.010842672
7396,0.0027520151
7397,0.0031280038
7398,0.0037781487
7399,0.03600713
7400,0.060990244
7401,0.047973342
7402,2.7e-06
7403,0.0041693375
7404,0.015870001
7405,0.029099291
7406,0.03468
7407,0.00072684826
7408,0.0030670373
7409,0.003711115
7410,0.0011697926
7411,0.00042814814
7412,0.0010880148
7413,0.014696535
7414,0.034385957
7415,0.0017684482
7416,0.010010133
7417,0.0005575704
7418,0.0015792927
7419,0.00028213335
7420,0.0013736334
7421,0.010354016
7422,0.02348268
7423,0.029578803
7424,0.022104625
7425,0.0074681477
7426,6.259259e-07
7427,0.008613426
7428,0.0024060593
7429,0.024253631
7430,0.050320726
7431,0.05552735
7432,0.00055183703
7433,0.0006595704
7434,4.4003707e-05
7435,0.0011697926
7436,0.0075949044
7437,0.018616905
7438,0.027482133
7439,0.026740627
7440,0.015931392
7441,0.0035497816
7442,0.0005376334
7443,0.0110592
7444,0.0021845335
7445,0.021493634
7446,0.045163207
7447,0.050731115
7448,0.032978725
7449,0.008806533
7450,0.00024083335
7451,0.01452
7452,0.03940979
7453,0.055155117
7454,0.050758533
7455,0.030677352
7456,0.009410503
7457,4.8133337e-05
7458,0.006211204
7459,0.021565072
7460,0.03540913
7461,0.0016084481
7462,0.0120266825
7463,0.024102226
7464,0.024902405
7465,0.012813333
7466,0.0010169483
7467,0.004224533
7468,0.023352304
7469,0.044211205
7470,0.050348032
7471,0.037265126
7472,5.694815e-05
7473,0.00018917037
7474,0.0015744594
7475,0.0052271998
7476,0.011603335
7477,0.018850137
7478,0.022779258
7479,0.019797573
7480,0.010792035
7481,0.0019467594
7482,0.00050430006
7483,0.008978699
7484,0.023913635
7485,0.03596095
7486,0.036960304
7487,0.02600926
7488,0.010440893
7489,0.0006533334
7490,0.0030401333
7491,0.015916033
7492,0.030933706
7493,0.0017633336
7494,0.0015504037
7495,0.0018617813
7496,0.016756035
7497,0.025152726
7498,0.00015262594
7499,0.00015413333
7500,0.0035064039
7501,0.0011408334
7502,0.01299307
7503,0.027785635
7504,0.0293907
7505,0.015519292
7506,0.0014606816
7507,0.0041614817
7508,0.0025637925
7509,0.0273612
7510,0.0036226707
7511,0.027664037
7512,0.0023763
7513,0.012648534
7514,0.013511483
7515,0.003755737
7516,0.0009408001
7517,0.016131736
7518,0.038401484
7519,0.0465708
7520,0.032604035
7521,2.3703704e-07
7522,0.0003745333
7523,0.0008181482
7524,0.0014887259
7525,0.0023056336
7526,0.0030133482
7527,0.003314504
7528,0.028623704
7529,0.04268898
7530,0.02632428
7531,0.00023148149
7532,0.009973634
7533,0.0290163
7534,0.042563334
7535,0.038952034
7536,0.021014536
7537,0.0037259592
7538,0.0012761814
7539,0.015610405
7540,0.035822593
7541,0.0022417926
7542,0.0018987261
7543,0.019168982
7544,0.034048237
7545,0.027603336
7546,0.008090682
7547,0.0008784038
7548,0.0022417926
7549,0.026225634
7550,0.055183705
7551,0.060780007
7552,0.038377635
7553,0.009696014
7554,0.00039361484
7555,0.0024600928
7556,0.0034275707
7557,0.004304015
7558,0.004940833
7559,0.045838244
7560,0.07637291
7561,0.059437178
7562,0.01789335
7563,0.00023707037
7564,0.02517203
7565,0.06642676
7566,0.0037259592
7567,0.0023526258
7568,0.019969199
7569,0.029620681
7570,0.00018917037
7571,0.00011734816
7572,0.0005264037
7573,0.008715393
7574,0.023037173
7575,0.031083738
7576,0.024424534
7577,7.837038e-06
7578,0.001005337
7579,0.0053778705
7580,0.0010364482
7581,0.011960033
7582,0.028377127
7583,0.035592597
7584,0.0261075
7585,0.008590848
7586,2.5037036e-06
7587,0.0016775148
7588,0.021493634
7589,0.048320536
7590,0.0025576334
7591,0.016473634
7592,0.026880134
7593,0.020558283
7594,1.6625927e-05
7595,0.0033920333
7596,0.013132183
7597,0.025152726
7598,0.031428035
7599,0.0007466704
7600,0.0033778707
7601,0.0041850703
7602,0.0014191149
7603,0.00030720004
7604,0.001028626
7605,0.014184627
7606,0.0023644485
7607,0.019746227
7608,0.0018200038
7609,0.009852448
7610,0.01025517
7611,0.0024300003
7612,0.0013556482
7613,0.016069962
7614,0.036400832
7615,0.043396033
7616,0.030062228
7617,6.259259e-07
7618,0.0020501334
7619,0.0007939593
7620,0.010205926
7621,0.026205927
7622,0.03719467
7623,0.0010325334
7624,0.004821782
7625,0.00605867
7626,0.0023408332
7627,0.0001617815
7628,0.0077227256
7629,0.0019737037
7630,0.019660803
7631,0.038976062
7632,0.038712185
7633,0.00012813334
7634,0.00018750002
7635,0.00040578152
7636,0.0068907263
7637,0.019969199
7638,0.031062286
7639,0.03072
7640,0.018385127
7641,0.0041457927
7642,0.00061351486
7643,0.011072003
7644,0.028356628
7645,0.0020888927
7646,0.016803334
7647,0.032648
7648,0.03242845
7649,0.015992904
7650,0.0011739593
7651,0.0051657814
7652,0.02720037
7653,0.0030066706
7654,0.024672447
7655,0.045994725
7656,0.0013333336
7657,0.00034228148
7658,0.0013024037
7659,0.00023520003
7660,0.00040578152
7661,0.008036033
7662,0.02205037
7663,0.0014467594
7664,0.009001782
7665,0.0005236149
7666,0.0014934259
7667,0.00024653334
7668,0.0014329037
7669,0.010416033
7670,0.023445394
7671,0.02941157
7672,0.021924032
7673,0.0073842374
7674,1.2000002e-06
7675,0.0014934259
7676,0.019575559
7677,0.003114404
7678,0.027060032
7679,0.050484683
7680,0.047707118
7681,0.00012
7682,0.00035134816
7683,0.0036520334
7684,0.011316682
7685,0.020926403
7686,0.026541958
7687,0.0006912
7688,0.0033215152
7689,0.0042008334
7690,9.25926e-08
7691,0.00022595927
7692,0.0007301334
7693,0.01093157
7694,0.0020008332
7695,0.017360093
7696,0.0016477371
7697,0.0089671705
7698,0.009234225
7699,0.0020391261
7700,0.0015170372
7701,0.0019521335
7702,0.021960093
7703,0.04387913
7704,0.043497518
7705,0.021404507
7706,0.001727737
7707,0.0058520334
7708,0.031514402
7709,0.056709513
7710,0.0022823147
7711,0.013639115
7712,0.022195203
7713,0.016913962
7714,1.9200002e-05
7715,0.003217126
7716,0.0011865038
7717,0.014184627
7718,0.03282418
7719,0.03999184
7720,0.028397633
7721,0.008863737
7722,2.3703706e-05
7723,0.010995292
7724,0.033667505
7725,0.050512034
7726,0.049288537
7727,0.03173085
7728,0.010817338
7729,0.0002277926
7730,0.005209615
7731,0.020540833
7732,0.035386227
7733,0.040627204
7734,0.03377926
7735,0.0002680037
7736,4.32e-05
7737,0.00022413337
7738,1.564815e-05
7739,0.0008892593
7740,0.0007301334
7741,0.0103788
7742,0.026028892
7743,0.03382402
7744,0.0005662259
7745,0.0012761814
7746,0.00045890373
7747,0.00021333335
7748,0.0053244485
7749,0.017088534
7750,0.0016133332
7751,0.01290996
7752,0.02255935
7753,0.0004008926
7754,0.00041070004
7755,8.783704e-05
7756,0.003711115
7757,0.013639115
7758,0.024634227
7759,0.0010720148
7760,0.0060492004
7761,0.008057871
7762,0.003557037
7763,0.00029453338
7764,0.0076267603
7765,0.022522798
7766,0.034566764
7767,0.03344454
7768,0.019405637
7769,3.134815e-05
7770,0.00045630004
7771,0.006820181
7772,0.01886685
7773,0.030083334
7774,0.032978725
7775,0.024998534
7776,0.01118757
7777,0.0011163
7778,0.00073342596
7779,0.0014746704
7780,0.018072894
7781,0.0029008337
7782,0.025501395
7783,0.048000004
7784,0.045708034
7785,0.021511482
7786,0.0014421332
7787,0.006740004
7788,0.033533636
7789,0.0034133336
7790,0.0029733926
7791,0.028520834
7792,0.048964806
7793,0.038856003
7794,0.011511738
7795,0.00033555928
7796,0.0030133482
7797,0.03468
7798,0.070341356
7799,0.07436801
7800,0.04459593
7801,0.010144536
7802,0.0008042815
7803,0.021049839
7804,0.0506489
7805,0.06511574
7806,0.05512654
7807,0.030083334
7808,9.25926e-06
7809,0.0017226816
7810,0.0004485333
7811,0.0057131997
7812,0.0013156149
7813,0.014667036
7814,0.033400033
7815,0.001682504
7816,0.009528949
7817,0.01271707
7818,0.0061633335
7819,2.2533332e-05
7820,0.007290404
7821,0.0023941335
7822,0.0027520151
7823,0.027020006
7824,0.04675485
7825,0.037265126
7826,0.0110848155
7827,0.0003311148
7828,0.019746227
7829,0.05222232
7830,0.06822691
7831,0.054613337
7832,0.0243675
7833,0.0024240036
7834,0.0038533336
7835,0.024007838
7836,0.045552038
7837,0.052948005
7838,0.042663835
7839,0.022779258
7840,0.0057131997
7841,3.6300004e-05
7842,0.0066206264
7843,0.019746227
7844,0.031234136
7845,0.0348843
7846,0.029140834
7847,0.017264005
7848,0.005548801
7849,5.8800008e-05
7850,0.0036153484
7851,0.0013200332
7852,0.015022948
7853,0.03518046
7854,0.045890372
7855,0.038306136
7856,0.00013653334
7857,4.0333334e-06
7858,0.0006440333
7859,0.0036226707
7860,0.010181348
7861,0.018650135
7862,0.024102226
7863,0.021798061
7864,0.012281634
7865,2.8033332e-05
7866,0.0022417926
7867,0.0007600333
7868,0.0012675
7869,0.0162867
7870,0.0025699593
7871,0.021067498
7872,0.0357075
7873,0.028050017
7874,0.007819292
7875,0.0005376334
7876,0.018171204
7877,0.04670223
7878,0.06111054
7879,0.04950495
7880,0.02261423
7881,0.0024480335
7882,0.0012245373
7883,0.0175692
7884,0.040480133
7885,0.052668303
7886,0.046282317
7887,0.00037689265
7888,0.0007803
7889,0.0006721334
7890,1.2459259e-05
7891,0.0015170372
7892,0.008444815
7893,0.0014237036
7894,0.014344536
7895,0.029662596
7896,0.0010443002
7897,0.00030720004
7898,0.0011531999
7899,1.814815e-05
7900,0.0019953926
7901,0.009328035
7902,0.0013156149
7903,0.011695293
7904,0.021049839
7905,0.017168185
7906,7.837038e-06
7907,0.000490726
7908,0.008255738
7909,0.022944896
7910,0.034318287
7911,0.032670002
7912,0.01866676
7913,0.0038081335
7914,0.0006816333
7915,0.011800835
7916,0.029746506
7917,0.0021336332
7918,0.016961483
7919,0.03284624
7920,0.032538135
7921,0.0160083
7922,0.0011656334
7923,0.0052008326
7924,0.0027265332
7925,0.028479736
7926,0.003711115
7927,0.028192896
7928,0.04615148
7929,0.0007466704
7930,0.0009111704
7931,9.25926e-08
7932,0.0030401333
7933,0.013286061
7934,0.025365515
7935,0.0011614816
7936,0.0006378704
7937,0.004481482
7938,0.00011084815
7939,1.9592594e-06
7940,0.0017125926
7941,0.00881796
7942,0.019101636
7943,0.02423468
7944,0.01853396
7945,0.0064827004
7946,3.3333336e-08
7947,0.007510282
7948,0.02571565
7949,0.041813336
7950,0.044057783
7951,0.030976532
7952,0.012160533
7953,0.0006816333
7954,0.0036815153
7955,0.0017889815
7956,0.019609634
7957,0.0029933373
7958,0.025989635
7959,0.002887737
7960,0.019253334
7961,0.026980003
7962,0.015112595
7963,0.00094453717
7964,0.006630534
7965,0.031969793
7966,0.0544428
7967,0.0017633336
7968,0.0007600333
7969,0.0052184043
7970,0.0053067002
7971,4.5633336e-05
7972,0.0034776332
7973,0.013454949
7974,0.0015265334
7975,0.0127445385
7976,0.022504538
7977,0.018122016
7978,0.0049066707
7979,0.00074334815
7980,0.0019040334
7981,0.022944896
7982,0.04936964
7983,0.0021505335
7984,0.01127787
7985,0.0006015148
7986,0.0017226816
7987,0.00034680005
7988,0.0012718369
7989,0.010230534
7990,0.02353867
7991,0.029830536
7992,0.022376904
7993,0.0076161334
7994,9.25926e-08
7995,0.008590848
7996,0.028520834
7997,0.04518907
7998,0.046308506
7999,0.0006105038
8000,0.0018987261
8001,6.25926e-05
8002,1.2033334e-05
8003,0.00061955926
8004,0.0050267596
8005,0.014286281
8006,0.02348268
8007,0.00093334814
8008,0.0051570376
8009,0.0068302373
8010,3.7925927e-06
8011,0.0008820149
8012,0.005889338
8013,0.015504135
8014,0.0013467001
8015,0.0012075593
8016,0.011046404
8017,0.016630227
8018,7.894814e-05
8019,0.00030507034
8020,0.004098904
8021,0.013244004
8022,0.023111125
8023,0.0009899593
8024,0.0055851266
8025,0.0074471254
8026,0.0032309485
8027,4.5633336e-05
8028,0.007332033
8029,0.02421574
8030,0.0382347
8031,0.03719467
8032,0.021511482
8033,0.0045059593
8034,0.00078370364
8035,0.013982404
8036,0.034340836
8037,0.047071204
8038,0.043675397
8039,0.0004408334
8040,8.4448155e-05
8041,3.8533333e-05
8042,2.1392592e-05
8043,0.00013653334
8044,0.0037632005
8045,0.013370372
8046,0.024007838
8047,0.02678045
8048,0.018187616
8049,0.005244815
8050,0.00046413334
8051,0.0012848927
8052,0.016395615
8053,0.038449205
8054,0.04958623
8055,0.040627204
8056,0.019168982
8057,0.0023056336
8058,0.0025025331
8059,0.018517394
8060,0.037902225
8061,0.04709762
8062,0.0011907001
8063,0.0006816333
8064,0.0064045377
8065,0.009660093
8066,0.004983704
8067,1.8670371e-05
8068,0.006365634
8069,0.02423468
8070,0.040064897
8071,0.039894536
8072,0.00030933708
8073,0.00021511482
8074,2.6759259e-05
8075,0.0018617813
8076,0.008322226
8077,0.018385127
8078,0.02600926
8079,0.024787292
8080,0.014578726
8081,0.0031552927
8082,0.0005404593
8083,0.009828299
8084,0.0019737037
8085,0.019866135
8086,0.0424128
8087,0.048293784
8088,0.03192628
8089,5.633333e-06
8090,0.0025947
8091,0.0008892593
8092,0.010995292
8093,0.0020667
8094,0.019660803
8095,0.0386643
8096,0.0382347
8097,0.01878335
8098,0.0014421332
8099,0.005576033
8100,0.029578803
8101,0.05348149
8102,0.057904128
8103,0.0008042815
8104,0.0024903703
8105,8.333335e-05
8106,9.4814817e-07
8107,0.0006256333
8108,0.0045633335
8109,0.013104301
8110,0.021996183
8111,0.0009148482
8112,0.005174534
8113,0.00028009262
8114,2.3114815e-05
8115,8.898148e-05
8116,0.0023881816
8117,0.009756034
8118,0.019473517
8119,0.023688298
8120,0.017553072
8121,0.005842726
8122,9.25926e-06
8123,0.0013288924
8124,0.017682316
8125,0.04121813
8126,0.052500837
8127,0.042362686
8128,0.0195075
8129,0.0021675
8130,0.0028291706
8131,0.0195075
8132,0.039000094
8133,0.0021056149
8134,0.0155952005
8135,0.030083334
8136,0.029935736
8137,0.0147852
8138,0.0010600927
8139,0.0013826704
8140,0.020055294
8141,0.0032378708
8142,0.0031416332
8143,0.0033708
8144,0.0030737817
8145,0.0022765037
8146,0.01414117
8147,0.00032890373
8148,1.4237037e-05
8149,0.0017633336
8150,0.008145514
8151,0.00096711493
8152,0.0007466704
8153,0.00051805936
8154,0.0025330705
8155,0.0011041333
8156,0.00032013337
8157,0.0074366266
8158,0.021067498
8159,0.02959974
8160,0.0005955593
8161,0.0015744594
8162,3.703704e-07
8163,0.00015262594
8164,0.003921633
8165,0.013696034
8166,0.024329519
8167,0.0010443002
8168,0.0058800005
8169,0.007819292
8170,0.0034275707
8171,3.484815e-05
8172,0.007332033
8173,0.02444356
8174,0.0386643
8175,0.0012416334
8176,0.006087126
8177,0.0077763004
8178,0.0032586816
8179,0.00030933708
8180,0.0011244481
8181,0.0019306814
8182,0.022086535
8183,0.0442368
8184,0.043853637
8185,0.021600837
8186,0.001753126
8187,0.0017327999
8188,0.02444356
8189,0.054641783
8190,0.0658633
8191,0.0011285334
8192,0.0038912038
8193,0.004376182
8194,0.0013333336
8195,0.00034003335
8196,0.007563115
8197,0.0017889815
8198,0.01799117
8199,0.036099575
8200,0.0011907001
8201,0.004408448
8202,0.0034418372
8203,0.00010453333
8204,0.004448949
8205,0.015580004
8206,0.027020006
8207,0.029078534
8208,0.01898406
8209,0.0050873477
8210,0.00021690372
8211,0.010354016
8212,0.029286461
8213,0.043599118
8214,0.04319343
8215,0.0005348148
8216,0.0016182258
8217,5.0700004e-05
8218,3.3333336e-06
8219,0.00071703707
8220,0.00063480006
8221,0.009434134
8222,0.02423468
8223,0.032100506
8224,0.0005662259
8225,0.0013377817
8226,0.0005152926
8227,0.00035363334
8228,0.0058986815
8229,0.017698504
8230,0.028500285
8231,0.0010325334
8232,0.0054405336
8233,0.007104538
8234,3.7925927e-06
8235,0.0008965335
8236,0.0059549036
8237,0.0012288002
8238,0.013104301
8239,0.027684284
8240,0.0010130705
8241,0.003921633
8242,0.003046848
8243,8.557037e-05
8244,0.0036446815
8245,0.017056728
8246,0.0316875
8247,0.0013200332
8248,0.007145634
8249,0.009410503
8250,0.0042483
8251,7.5e-06
8252,0.007415649
8253,0.025443114
8254,0.040406704
8255,0.0012892594
8256,0.0062688924
8257,0.00798157
8258,0.0033637371
8259,5.6033343e-05
8260,0.007669338
8261,0.0021112037
8262,0.002442015
8263,0.0027520151
8264,0.024064451
8265,0.03596095
8266,0.021888005
8267,0.002317337
8268,0.0018252002
8269,0.026304536
8270,0.057086952
8271,0.06366413
8272,0.00063480006
8273,0.00076675933
8274,6.850371e-05
8275,0.0011081814
8276,0.0008784038
8277,0.01189357
8278,0.028892035
8279,0.036540303
8280,0.026940035
8281,0.008932626
8282,7.2592593e-07
8283,0.009840371
8284,0.031752534
8285,0.048964806
8286,0.048830226
8287,0.00058080006
8288,0.0016675593
8289,0.0017176333
8290,1.4700002e-05
8291,0.0015408334
8292,0.007489201
8293,0.017312014
8294,0.0013200332
8295,0.010403615
8296,0.0010325334
8297,0.0056215706
8298,0.00013090372
8299,5.925926e-08
8300,0.0003333334
8301,0.006630534
8302,0.0015075706
8303,0.0140256155
8304,0.02507557
8305,0.020401513
8306,6.533333e-06
8307,0.0005152926
8308,0.008579572
8309,0.023613425
8310,0.034998063
8311,0.0010600927
8312,0.0051483
8313,0.0065416335
8314,0.0026195594
8315,0.00012
8316,0.007648034
8317,0.024045574
8318,0.0020062816
8319,0.015097633
8320,0.02571565
8321,0.0004382815
8322,0.0004485333
8323,7.680001e-05
8324,0.0036815153
8325,0.0012588482
8326,0.0017125926
8327,0.01797485
8328,0.03229707
8329,0.026383558
8330,0.0077655716
8331,0.00084978144
8332,0.016317781
8333,0.040382236
8334,0.002442015
8335,0.016442405
8336,0.02714018
8337,0.020908799
8338,0.0053868005
8339,0.00077351485
8340,0.0022939595
8341,0.026840236
8342,0.056333337
8343,0.061834805
8344,0.038880005
8345,0.0097440155
8346,0.0004181333
8347,0.017344061
8348,0.044647347
8349,0.060091794
8350,0.05320037
8351,0.030656032
8352,1.337037e-06
8353,0.0013067999
8354,0.0043842373
8355,0.008909633
8356,0.014359115
8357,0.019068003
8358,0.0008042815
8359,0.0059925327
8360,0.0006440333
8361,0.0003114815
8362,0.0012588482
8363,1.3781483e-05
8364,0.0018775705
8365,0.00093334814
8366,0.0115248
8367,0.025365515
8368,0.027421633
8369,0.014800004
8370,0.0014793482
8371,0.0038307
8372,0.0024721816
8373,0.026641203
8374,0.0552123
8375,0.0022533333
8376,0.011485634
8377,0.0006045037
8378,0.0017125926
8379,0.00034228148
8380,0.0012848927
8381,0.01025517
8382,0.0016625925
8383,0.0016231261
8384,0.014564034
8385,0.021852003
8386,0.012675927
8387,0.0007939593
8388,0.0059549036
8389,0.02903704
8390,0.05026613
8391,0.050157033
8392,0.029099291
8393,0.0061537824
8394,0.00089289254
8395,0.016866505
8396,0.040480133
8397,0.0025269485
8398,0.018850137
8399,0.03552374
8400,0.034498908
8401,0.01658317
8402,0.0011081814
8403,0.0056398376
8404,0.028561959
8405,0.05128089
8406,0.0021224038
8407,0.012965337
8408,0.021297794
8409,0.00033779262
8410,0.0002600926
8411,0.00020280002
8412,0.0042166263
8413,0.01414117
8414,0.0014700001
8415,0.0121471165
8416,0.021457959
8417,0.017312014
8418,0.0046542264
8419,0.0006409481
8420,0.014903837
8421,0.0028421334
8422,0.025696134
8423,0.0028942816
8424,0.019388681
8425,0.027180301
8426,0.015247561
8427,0.0002780593
8428,0.009469633
8429,0.02734107
8430,0.040357783
8431,0.03731214
8432,0.020436302
8433,5.6033343e-05
8434,0.0035425334
8435,0.011407499
8436,0.02062815
8437,0.026840236
8438,0.00093334814
8439,0.0062881815
8440,0.011355559
8441,0.009257633
8442,0.0021845335
8443,0.0008748
8444,0.012471205
8445,0.031212624
8446,0.042638704
8447,0.037124284
8448,0.00016803335
8449,5.633333e-06
8450,0.00039603334
8451,0.0030737817
8452,0.009624237
8453,0.01853396
8454,0.024557874
8455,0.022577632
8456,0.012896133
8457,0.0026133335
8458,0.0006752926
8459,0.010528133
8460,0.0020172002
8461,0.02008978
8462,0.042714138
8463,0.048534814
8464,0.03199156
8465,6.2259264e-06
8466,0.0026257925
8467,0.00089289254
8468,0.0014099594
8469,0.017666133
8470,0.002713837
8471,0.021996183
8472,0.037077393
8473,0.0290163
8474,8.533334e-06
8475,0.0035497816
8476,0.013810227
8477,0.026205927
8478,0.0014421332
8479,0.010304533
8480,0.017925927
8481,0.014286281
8482,0.0036153484
8483,0.0007769037
8484,0.0019146705
8485,0.023018703
8486,0.0032725928
8487,0.0255792
8488,0.0424128
8489,0.0006976148
8490,0.0008533334
8491,1.2000002e-06
8492,0.0030805336
8493,0.013272034
8494,0.02524934
8495,0.02885067
8496,0.019900458
8497,0.005889338
8498,8.557037e-05
8499,0.009564626
8500,0.028747395
8501,0.04387913
8502,0.044160035
8503,0.02972552
8504,1.814815e-05
8505,0.0003888
8506,0.0021168
8507,0.0005070371
8508,0.007104538
8509,0.019986406
8510,0.030741341
8511,0.0010208334
8512,0.0052008326
8513,0.0067200335
8514,0.0027520151
8515,9.840371e-05
8516,0.007541959
8517,0.024045574
8518,0.037524033
8519,0.036308005
8520,0.020926403
8521,3.6300004e-05
8522,0.00048803337
8523,0.007176533
8524,0.0015552
8525,0.0020117373
8526,0.022541072
8527,0.0027712039
8528,0.018933782
8529,0.026680948
8530,0.015008034
8531,0.00094453717
8532,0.0065613366
8533,0.0030737817
8534,0.030231293
8535,0.05711604
8536,0.053989355
8537,0.02519135
8538,0.0017176333
8539,0.0020667
8540,0.028070405
8541,0.061230958
8542,0.0029601331
8543,0.0018408335
8544,0.015870001
8545,0.023613425
8546,0.013724537
8547,0.00092222594
8548,0.0015792927
8549,0.022595925
8550,0.0499392
8551,0.056970686
8552,0.037265126
8553,0.0100833345
8554,0.00021690372
8555,0.015488981
8556,0.0032033334
8557,0.029662596
8558,0.0037037039
8559,0.027927836
8560,0.045682017
8561,0.035043616
8562,0.009696014
8563,0.00056044816
8564,0.020575738
8565,0.05222232
8566,0.06708717
8567,0.053060096
8568,0.023370905
8569,0.0022073481
8570,0.0039445334
8571,0.023819614
8572,0.044904906
8573,0.052138906
8574,0.042062595
8575,0.022541072
8576,6.2259264e-06
8577,0.0012761814
8578,0.0041614817
8579,0.008489615
8580,0.0008391704
8581,0.009328035
8582,0.023055648
8583,0.0013781481
8584,0.008400134
8585,0.011446534
8586,0.005539737
8587,1.08e-05
8588,0.0071250712
8589,0.02614685
8590,0.04223752
8591,0.0013646259
8592,0.0006105038
8593,0.0041850703
8594,9.840371e-05
8595,2.8033332e-05
8596,0.00033779262
8597,0.0065416335
8598,0.018716682
8599,0.026820298
8600,0.0005720334
8601,0.0015744594
8602,0.0007400333
8603,0.0002097926
8604,0.0054585035
8605,0.017456448
8606,0.02880934
8607,0.029830536
8608,0.00028829998
8609,0.00031363333
8610,1.4814815e-08
8611,0.0014467594
8612,0.007669338
8613,0.0013244592
8614,0.0136107
8615,0.028438672
8616,0.029662596
8617,0.015428449
8618,0.00019084814
8619,0.0010364482
8620,0.0017941332
8621,0.021565072
8622,0.046807505
8623,0.05322845
8624,0.00058080006
8625,0.0008077371
8626,1.2033334e-05
8627,0.0012936335
8628,0.006700093
8629,0.016193634
8630,0.0013067999
8631,0.010453334
8632,0.018616905
8633,0.0150677385
8634,0.0039598374
8635,0.0006880038
8636,0.014257201
8637,0.036377616
8638,0.0023232002
8639,0.015992904
8640,0.02660148
8641,0.0205932
8642,0.005333334
8643,0.00075333705
8644,0.016661635
8645,0.04171384
8646,0.05475565
8647,0.0011781335
8648,0.00040578152
8649,0.00024653334
8650,5.6033343e-05
8651,1.7925927e-06
8652,0.0015123001
8653,0.008145514
8654,0.018138405
8655,0.02350134
8656,0.00042563336
8657,5.8800008e-05
8658,5.925926e-08
8659,0.00050978153
8660,0.0041614817
8661,0.012512015
8662,0.021547202
8663,0.0238572
8664,0.016271172
8665,0.0047292598
8666,0.00011342594
8667,0.0013601334
8668,0.0022188004
8669,0.0255792
8670,0.05390454
8671,0.0022475594
8672,0.0010760038
8673,0.0075313933
8674,0.00024462593
8675,1.9592594e-06
8676,0.0010840038
8677,0.0066206264
8678,0.015900683
8679,0.021744182
8680,0.017779559
8681,0.006860449
8682,3.3425924e-05
8683,0.0064142817
8684,0.024007838
8685,0.0023526258
8686,0.019677872
8687,0.037760183
8688,0.036913514
8689,0.01787707
8690,0.0012718369
8691,0.0056948145
8692,0.002907393
8693,0.029998949
8694,0.0038457816
8695,0.0030805336
8696,0.02614685
8697,0.038832016
8698,0.023688298
8699,0.00023520003
8700,0.00976806
8701,0.028438672
8702,0.041863125
8703,0.038473073
8704,0.020873617
8705,6.1633335e-05
8706,0.0037037039
8707,0.011774405
8708,0.0013112037
8709,0.013244004
8710,0.0021000335
8711,0.017682316
8712,0.0016576335
8713,0.009001782
8714,0.009269348
8715,0.0020501334
8716,0.0015123001
8717,0.0019521335
8718,0.021978134
8719,0.043930136
8720,0.043522906
8721,0.021422315
8722,0.001727737
8723,0.0058520334
8724,0.03153602
8725,0.0033778707
8726,0.0029866816
8727,0.028623704
8728,0.0026570708
8729,0.0013024037
8730,0.00725926
8731,0.005594226
8732,0.00018917037
8733,0.0050960337
8734,0.0020281484
8735,0.0021618372
8736,0.01911846
8737,0.028623704
8738,0.017072627
8739,0.0014700001
8740,0.0057963002
8741,0.0031280038
8742,0.031083738
8743,0.058638673
8744,0.05532676
8745,0.025774239
8746,0.001753126
8747,0.0076055145
8748,0.037524033
8749,0.06443422
8750,0.06620735
8751,0.04326935
8752,0.014622849
8753,0.00028623705
8754,0.0068403
8755,0.025754703
8756,0.0421875
8757,0.045760095
8758,0.035592597
8759,0.01875
8760,0.0047292598
8761,0.00031363333
8762,0.005842726
8763,0.015383126
8764,0.024348505
8765,0.0012416334
8766,0.010181348
8767,0.0013872002
8768,0.010181348
8769,0.014578726
8770,0.007701348
8771,0.00026601483
8772,0.008068801
8773,0.0238572
8774,0.036308005
8775,0.034702674
8776,0.0198147
8777,3.778148e-05
8778,0.003046848
8779,0.0009111704
8780,0.011097634
8781,0.0020722374
8782,0.019677872
8783,0.0386643
8784,0.038258504
8785,0.01878335
8786,0.0014375147
8787,0.0016035704
8788,0.022760894
8789,0.051474016
8790,0.06283763
8791,0.0011203705
8792,0.0039905333
8793,0.00015564814
8794,0.00018418148
8795,0.000105781495
8796,0.0034632927
8797,0.012772035
8798,0.023408134
8799,0.026502317
8800,0.018253334
8801,0.0053957365
8802,0.00045111479
8803,0.009281071
8804,0.024960058
8805,0.03740624
8806,0.038115796
8807,0.026502317
8808,0.010416033
8809,0.00017601483
8810,0.0048133335
8811,0.01366756
8812,0.022797633
8813,0.0012631703
8814,0.010565634
8815,0.02206845
8816,0.000828626
8817,0.0032378708
8818,0.0024000928
8819,2.0833337e-05
8820,0.003914015
8821,0.016945634
8822,0.030869516
8823,0.033533636
8824,0.021816036
8825,0.005824134
8826,0.00022963336
8827,0.011290802
8828,0.031514402
8829,0.0023822372
8830,0.0020944595
8831,0.020926403
8832,0.036913514
8833,0.029767502
8834,3.7925927e-06
8835,0.00058963336
8836,0.009469633
8837,0.025404302
8838,0.03686676
8839,0.03409317
8840,0.018816726
8841,0.0035280597
8842,0.001028626
8843,0.0017633336
8844,0.020785782
8845,0.046387114
8846,0.05699974
8847,0.044313636
8848,9.12926e-05
8849,0.00011867038
8850,0.00018583704
8851,0.0034704595
8852,0.011695293
8853,0.022014238
8854,0.02794818
8855,0.024386503
8856,0.013048626
8857,0.0022533333
8858,0.0010169483
8859,0.0014606816
8860,0.017714702
8861,0.040700838
8862,0.051612183
8863,0.041564815
8864,0.019135293
8865,0.0021224038
8866,0.0010561333
8867,0.01553446
8868,0.0026133335
8869,0.024348505
8870,0.049803294
8871,0.054613337
8872,0.034566764
8873,1.6133334e-05
8874,0.0032586816
8875,0.0009976333
8876,0.0118803
8877,0.0021561817
8878,0.02028
8879,0.039651792
8880,0.0012502259
8881,0.0045141336
8882,0.0035064039
8883,0.00013795926
8884,0.003586134
8885,0.017376136
8886,0.032450374
8887,0.0013511705
8888,0.007290404
8889,0.009600371
8890,0.004352059
8891,0.00030083334
8892,0.007927293
8893,0.0018828483
8894,0.01878335
8895,0.037429783
8896,0.037382696
8897,0.018567115
8898,0.00025423706
8899,0.008444815
8900,0.024177868
8901,0.0020281484
8902,0.016882315
8903,0.033000838
8904,0.0010680334
8905,0.00029662595
8906,0.0010840038
8907,2.0281483e-05
8908,0.00037218147
8909,0.007012504
8910,0.0015504037
8911,0.014300834
8912,0.025501395
8913,0.020698136
8914,6.533333e-06
8915,0.0029008337
8916,0.011933426
8917,0.023725783
8918,0.030507041
8919,0.026561795
8920,0.014040034
8921,5.157037e-05
8922,0.00045890373
8923,0.0009038371
8924,0.0123086255
8925,0.0022707
8926,0.021191347
8927,0.0025086263
8928,0.017120373
8929,0.024102226
8930,0.013398534
8931,0.00027603333
8932,0.0013467001
8933,0.017666133
8934,0.0027392595
8935,0.0024120333
8936,0.0022245373
8937,0.016614534
8938,0.020141572
8939,0.007510282
8940,0.00016645927
8941,0.014505339
8942,0.03999184
8943,0.051529262
8944,0.037665635
8945,1.2000002e-06
8946,0.0018775705
8947,0.0007871149
8948,0.010205926
8949,0.026245346
8950,0.037218153
8951,0.033846408
8952,0.018352134
8953,0.0032935147
8954,0.001136726
8955,0.0141991265
8956,0.033200134
8957,0.0021618372
8958,0.01678756
8959,0.03236273
8960,0.032035116
8961,0.0157323
8962,0.0011285334
8963,0.0014467594
8964,0.020785782
8965,0.047733705
8966,0.05922964
8967,0.046203792
8968,0.020210724
8969,0.0018565333
8970,0.0012117926
8971,0.0171363
8972,0.039554905
8973,0.0024120333
8974,0.0019845334
8975,0.019883294
8976,0.03518046
8977,0.028459199
8978,0.008344448
8979,0.00089289254
8980,0.017040834
8981,0.003026726
8982,0.026860185
8983,0.050348032
8984,0.047733705
8985,0.022322314
8986,0.0014793482
8987,0.006981959
8988,0.0344763
8989,0.059853334
8990,0.062472038
8991,0.04171384
8992,0.014652302
8993,0.0004008926
8994,0.0013556482
8995,0.0021845335
8996,0.024768136
8997,0.053509634
8998,0.06360273
8999,0.0475212
9000,0.019558534
9001,0.0013872002
9002,0.0045141336
9003,0.02348268
9004,0.04276446
9005,0.049126536
9006,0.039627563
9007,0.021440133
9008,0.0055851266
9009,1.4237037e-05
9010,0.005983115
9011,0.018583706
9012,0.030146703
9013,0.034385957
9014,0.029265637
9015,0.017698504
9016,0.0058800005
9017,9.245926e-05
9018,0.0034704595
9019,0.014228148
9020,0.0264627
9021,0.0015360593
9022,0.012416894
9023,0.0015938372
9024,0.0011739593
9025,0.008523293
9026,0.00029872594
9027,0.00019084814
9028,0.0005720334
9029,0.0063753487
9030,0.017120373
9031,0.024272595
9032,0.020158846
9033,0.007959837
9034,0.00030720004
9035,0.0077655716
9036,0.022104625
9037,0.034566764
9038,0.03663343
9039,0.026541958
9040,0.0110848155
9041,0.0008356483
9042,0.0027648
9043,0.015610405
9044,0.0020226706
9045,0.019000834
9046,0.040357783
9047,0.0460992
9048,0.0005264037
9049,3.0670373e-05
9050,5.9259264e-06
9051,0.0008251259
9052,0.005174534
9053,0.013939259
9054,0.022595925
9055,0.023951294
9056,0.015717037
9057,4.281482e-06
9058,0.0016428002
9059,0.0006752926
9060,0.009117634
9061,0.02412113
9062,0.0017941332
9063,0.013384447
9064,0.022963336
9065,0.018171204
9066,0.0047628004
9067,0.00070729264
9068,0.01553446
9069,0.03933734
9070,0.05227796
9071,0.043573707
9072,0.020856032
9073,0.0026382816
9074,0.0024721816
9075,0.0021224038
9076,0.023445394
9077,0.050840836
9078,0.0025699593
9079,0.0016725332
9080,0.014593427
9081,0.021744182
9082,0.012539258
9083,0.0007566815
9084,0.0060208333
9085,0.029099291
9086,0.050211575
9087,0.05004806
9088,0.02899557
9089,0.0061061336
9090,0.00090018153
9091,0.016866505
9092,0.040431175
9093,0.05353779
9094,0.04757428
9095,0.02794818
9096,0.008222593
9097,1.4700002e-05
9098,0.0061633335
9099,0.02073317
9100,0.03391362
9101,0.03806828
9102,0.031428035
9103,0.00025423706
9104,4.4003707e-05
9105,0.00023333704
9106,1.814815e-05
9107,0.00087120367
9108,0.006134701
9109,0.016131736
9110,0.025152726
9111,0.025657127
9112,0.016100835
9113,0.0039905333
9114,0.0005070371
9115,0.0013067999
9116,0.016536182
9117,0.038712185
9118,0.049830463
9119,0.04074996
9120,0.0001253926
9121,2.0833337e-05
9122,0.000828626
9123,0.004005926
9124,0.010578148
9125,0.01878335
9126,0.023838406
9127,0.021333337
9128,0.011906848
9129,0.0022823147
9130,0.00075333705
9131,0.010453334
9132,0.026225634
9133,0.037902225
9134,0.0013244592
9135,0.0008676149
9136,0.0080251265
9137,0.0005575704
9138,0.0017327999
9139,0.00038640367
9140,0.0011781335
9141,0.009985792
9142,0.023296537
9143,0.0013244592
9144,0.007970701
9145,0.010817338
9146,0.005174534
9147,3.3333336e-06
9148,0.007155926
9149,0.025872033
9150,0.0022881336
9151,0.017120373
9152,0.02885067
9153,0.02255935
9154,0.0060302825
9155,0.0006627
9156,0.016945634
9157,0.042940836
9158,0.0026009039
9159,0.017376136
9160,0.028500285
9161,0.021870002
9162,0.0056306995
9163,0.00077351485
9164,0.0023408332
9165,0.0273612
9166,0.057232447
9167,0.0626547
9168,0.039240837
9169,0.009756034
9170,0.0004433926
9171,0.01760148
9172,0.045059796
9173,0.06045038
9174,0.05331273
9175,0.030592136
9176,0.008512059
9177,0.0004306704
9178,0.0080251265
9179,0.019952003
9180,0.0015600036
9181,0.01414117
9182,0.031298704
9183,0.0015648151
9184,0.008875201
9185,0.0118803
9186,0.005685634
9187,1.00148145e-05
9188,0.007290404
9189,0.026581636
9190,0.04276446
9191,0.041540004
9192,0.0002903704
9193,0.00015262594
9194,6.7500005e-05
9195,0.0021000335
9196,0.008624727
9197,0.018484281
9198,0.025754703
9199,0.024348505
9200,0.014213634
9201,0.003026726
9202,0.0006015148
9203,0.010728904
9204,0.02762356
9205,0.03999184
9206,0.0013736334
9207,0.008456005
9208,0.014490683
9209,0.00024462593
9210,0.00016023703
9211,0.00013511482
9212,0.003921633
9213,0.013824534
9214,0.0014840333
9215,0.012335648
9216,0.0012117926
9217,0.006610726
9218,0.006502315
9219,0.0010640593
9220,0.0007600333
9221,0.001753126
9222,0.020575738
9223,0.04171384
9224,0.04176357
9225,0.02080333
9226,0.0002680037
9227,0.008944133
9228,0.025346134
9229,0.038640372
9230,0.039603338
9231,0.027522506
9232,2.8033332e-05
9233,0.00024083335
9234,0.0016428002
9235,0.005209615
9236,0.0008391704
9237,0.0012805335
9238,0.015686532
9239,0.0330672
9240,0.0011739593
9241,0.0044896337
9242,0.0035788487
9243,0.00016333334
9244,0.0034561334
9245,0.017168185
9246,0.032340836
9247,0.035615563
9248,0.023333704
9249,0.006317171
9250,0.00020628147
9251,0.011577127
9252,0.03242845
9253,0.04733565
9254,0.045760095
9255,0.02949513
9256,0.010156801
9257,0.00023520003
9258,0.0010443002
9259,0.01405446
9260,0.033288904
9261,0.002190226
9262,0.0169932
9263,0.032714013
9264,0.03231895
9265,0.015854672
9266,0.001132626
9267,0.0052271998
9268,0.027280724
9269,0.049667574
9270,0.0021112037
9271,0.013020833
9272,0.021440133
9273,0.016473634
9274,0.0040290705
9275,0.0008892593
9276,0.01565606
9277,0.038616452
9278,0.05086828
9279,0.0011244481
9280,0.004604537
9281,0.0055306815
9282,0.0019737037
9283,0.0002523
9284,0.008014226
9285,0.023800833
9286,0.036308005
9287,0.034748036
9288,0.00024272593
9289,0.0001253926
9290,7.680001e-05
9291,0.0020944595
9292,0.008534533
9293,0.018286237
9294,0.025540285
9295,0.0007905334
9296,0.0040290705
9297,0.0051920596
9298,0.001979115
9299,0.00019763334
9300,0.0075313933
9301,0.023018703
9302,0.0019146705
9303,0.014490683
9304,0.024787292
9305,0.019575559
9306,0.0051920596
9307,0.0006816333
9308,0.015946759
9309,0.0029866816
9310,0.026720727
9311,0.050184302
9312,0.047653962
9313,0.022322314
9314,0.00035134816
9315,0.010528133
9316,0.0022188004
9317,0.021978134
9318,0.0460992
9319,0.051612183
9320,0.033422284
9321,0.008852283
9322,0.00025813334
9323,0.0147704035
9324,0.039845925
9325,0.05555604
9326,0.050923202
9327,0.030656032
9328,0.009328035
9329,0.00036750003
9330,0.0073528923
9331,0.0014099594
9332,0.0147852
9333,0.0342732
9334,0.04467307
9335,0.037382696
9336,0.018220462
9337,0.0024360039
9338,0.0020556482
9339,0.016945634
9340,0.035914797
9341,0.045760095
9342,0.04045565
9343,0.024177868
9344,0.007510282
9345,4.7292593e-05
9346,0.0050095157
9347,0.0016084481
9348,0.017344061
9349,0.039313197
9350,0.049748983
9351,0.040162407
9352,0.018616905
9353,0.0021112037
9354,0.0026570708
9355,0.018700033
9356,0.0024661333
9357,0.0025947
9358,0.027664037
9359,0.053453345
9360,0.05139121
9361,0.02444356
9362,0.00035363334
9363,0.010792035
9364,0.029286461
9365,0.042890407
9366,0.042162508
9367,0.02794818
9368,0.010132282
9369,0.00022963336
9370,0.005576033
9371,0.0012033334
9372,0.0016378704
9373,0.0024360039
9374,0.026680948
9375,0.05200004
9376,0.0015696336
9377,0.005576033
9378,0.0044896337
9379,0.00030507034
9380,0.0032935147
9381,0.0017992925
9382,0.019541517
9383,0.039361484
9384,0.03940979
9385,0.00013653334
9386,8.222593e-05
9387,0.0024360039
9388,0.0009148482
9389,0.011668981
9390,0.028192896
9391,0.0015648151
9392,0.00089289254
9393,0.0006045037
9394,0.0030603004
9395,0.0015408334
9396,0.0002503704
9397,0.0076906714
9398,0.022158949
9399,0.0015075706
9400,0.0009296334
9401,0.00665037
9402,0.00020803335
9403,5.3333337e-05
9404,0.0009861334
9405,0.0073737823
9406,0.017958535
9407,0.024253631
9408,0.019456532
9409,0.0073112035
9410,2.4903706e-05
9411,0.006961634
9412,0.0022417926
9413,0.023222284
9414,0.04869584
9415,0.054215845
9416,0.034793425
9417,0.0090828
9418,0.00029662595
9419,0.015428449
9420,0.041070003
9421,0.056738507
9422,0.05150164
9423,0.030634727
9424,0.009129259
9425,0.00038163335
9426,0.007510282
9427,0.019000834
9428,0.028438672
9429,0.031234136
9430,0.00076339254
9431,0.0046625338
9432,0.008545782
9433,0.00015870002
9434,7.4681484e-05
9435,0.0004382815
9436,0.0006317371
9437,0.009600371
9438,0.0018408335
9439,0.016224626
9440,0.028418152
9441,0.022797633
9442,0.006385071
9443,0.0005348148
9444,0.016380034
9445,0.042437874
9446,0.056391124
9447,0.046597067
9448,0.021960093
9449,0.0026382816
9450,0.0011285334
9451,0.016598849
9452,0.038688235
9453,0.05095067
9454,0.045370374
9455,0.026920063
9456,0.008112594
9457,2.8033332e-05
9458,0.0057500587
9459,0.019917635
9460,0.033133633
9461,0.03768926
9462,0.031514402
9463,0.018451199
9464,0.005740834
9465,0.00021690372
9466,0.004746015
9467,0.0010680334
9468,0.0015170372
9469,0.018650135
9470,0.041490402
9471,0.048374064
9472,0.032604035
9473,0.009316281
9474,0.000116033334
9475,0.013342238
9476,0.03792593
9477,0.054386012
9478,0.05095067
9479,0.031384896
9480,0.009912948
9481,0.0003490704
9482,0.00719717
9483,0.018434672
9484,0.02788717
9485,0.030955113
9486,0.026284803
9487,0.016162671
9488,5.348148e-06
9489,6.3559266e-05
9490,0.0012848927
9491,0.0005015704
9492,0.0073528923
9493,0.02062815
9494,0.03153602
9495,0.030784033
9496,0.018154802
9497,0.0039675003
9498,0.0006256333
9499,0.011174701
9500,0.028541394
9501,0.040971395
9502,0.04001618
9503,0.026561795
9504,0.009720001
9505,0.0003559259
9506,0.003883615
9507,0.017312014
9508,0.03179593
9509,0.038473073
9510,0.03362285
9511,0.020453705
9512,0.006700093
9513,9.12926e-05
9514,0.0039751707
9515,0.0157323
9516,0.028418152
9517,0.034770727
9518,0.031169636
9519,0.019712033
9520,0.006951481
9521,0.00019084814
9522,0.0033496334
9523,0.014652302
9524,0.027603336
9525,0.03465734
9526,0.03170917
9527,0.020418903
9528,0.0073737823
9529,0.0001728
9530,0.00061351486
9531,0.008322226
9532,0.021798061
9533,0.033111483
9534,0.03468
9535,0.0005489815
9536,0.0020172002
9537,0.002317337
9538,0.0005432926
9539,0.0007235704
9540,0.00798157
9541,0.0016428002
9542,0.0019521335
9543,0.0022881336
9544,0.02028
9545,0.030358406
9546,0.018220462
9547,0.0016725332
9548,0.005740834
9549,0.031774223
9550,0.0032656335
9551,0.024045574
9552,0.039458133
9553,0.030337198
9554,1.1203704e-05
9555,0.0006627
9556,0.010279837
9557,0.027020006
9558,0.03849695
9559,0.034952536
9560,0.00019763334
9561,4.2403703e-05
9562,0.0002097926
9563,0.0025699593
9564,0.0090596145
9565,0.018385127
9566,0.025017781
9567,0.023352304
9568,0.0001728
9569,9.840371e-05
9570,4.8981477e-05
9571,0.0018460593
9572,0.0080251265
9573,0.0012675
9574,0.01299307
9575,0.0017633336
9576,0.012689633
9577,0.0008042815
9578,0.0026508
9579,0.00093334814
9580,0.0006627
9581,0.009140893
9582,0.023408134
9583,0.031105202
9584,0.024158949
9585,5.9259264e-06
9586,0.00022050373
9587,0.0041929483
9588,0.013426727
9589,0.024158949
9590,0.02943245
9591,0.024710702
9592,0.012621171
9593,0.001925337
9594,0.0012805335
9595,0.012471205
9596,0.0020446258
9597,0.019883294
9598,0.042162508
9599,0.0018775705
9600,0.0100467
9601,0.013216004
9602,0.0063462257
9603,2.2533332e-05
9604,0.0074366266
9605,0.027441796
9606,0.044083335
9607,0.042638704
9608,0.024253631
9609,0.0048896335
9610,0.00095579255
9611,0.015564815
9612,0.03714774
9613,0.0023763
9614,0.018007502
9615,0.034250673
9616,0.03351135
9617,0.016255649
9618,0.0002561815
9619,0.0011865038
9620,0.0155952005
9621,0.0026508
9622,0.0238572
9623,0.0027265332
9624,0.0018408335
9625,0.013370372
9626,0.015762849
9627,0.005271293
9628,0.0004408334
9629,0.0021168
9630,0.02461513
9631,0.048830226
9632,0.047920033
9633,0.023315115
9634,0.0018512926
9635,0.0018460593
9636,0.025774239
9637,0.05711604
9638,0.06819512
9639,0.050785966
9640,0.020663125
9641,0.00029662595
9642,0.0010720148
9643,0.0016133332
9644,0.01923645
9645,0.043548305
9646,0.0543009
9647,0.042940836
9648,0.01923645
9649,0.0019360333
9650,0.0031552927
9651,0.020210724
9652,0.039554905
9653,0.0477603
9654,0.040260036
9655,0.022852799
9656,0.0064925044
9657,1.4814816e-06
9658,0.00097470003
9659,0.012772035
9660,0.030613428
9661,0.042287562
9662,0.04008926
9663,0.025793782
9664,0.009024894
9665,0.00023333704
9666,0.00075000006
9667,0.0097440155
9668,0.024557874
9669,0.0018775705
9670,0.015564815
9671,0.0019040334
9672,0.013342238
9673,0.0189003
9674,7.7870376e-05
9675,0.0003651704
9676,0.0044165333
9677,0.013781635
9678,0.0013872002
9679,0.0012805335
9680,0.011682134
9681,0.0175692
9682,8.670001e-05
9683,0.0002841815
9684,0.0040290705
9685,0.013160094
9686,0.0013826704
9687,0.011577127
9688,0.0011531999
9689,0.00056044816
9690,0.002675926
9691,0.0011949037
9692,0.00031579257
9693,0.0074366266
9694,0.021085173
9695,0.029641632
9696,0.024083333
9697,0.0092225345
9698,7.053334e-05
9699,0.007499737
9700,0.027765349
9701,0.045760095
9702,0.047973342
9703,0.033200134
9704,2.6759259e-05
9705,0.0003559259
9706,0.0020611703
9707,0.0059080343
9708,0.012106904
9709,0.018816726
9710,0.02217707
9711,0.019000834
9712,0.010230534
9713,0.0017889815
9714,0.0008604593
9715,0.010156801
9716,0.025056303
9717,0.036238458
9718,0.036261637
9719,0.024979295
9720,2.5514819e-05
9721,0.00022231482
9722,0.0015552
9723,0.0050440338
9724,0.011239125
9725,0.018434672
9726,0.022504538
9727,0.019729128
9728,0.010868033
9729,0.0020172002
9730,0.0007803
9731,0.010144536
9732,0.025365515
9733,0.036820035
9734,0.0013067999
9735,0.008255738
9736,0.014257201
9737,0.011303738
9738,0.002675926
9739,0.0009038371
9740,0.013525635
9741,0.033555925
9742,0.04518907
9743,0.038688235
9744,0.019320948
9745,0.0027840333
9746,0.0009111704
9747,0.014184627
9748,0.03418313
9749,0.04651829
9750,0.042991295
9751,0.026720727
9752,0.008760904
9753,0.000121337056
9754,0.0049066707
9755,0.018766671
9756,0.032538135
9757,0.037997074
9758,0.032384627
9759,0.0002903704
9760,5.6033343e-05
9761,0.00030720004
9762,5.633333e-06
9763,0.00094453717
9764,0.0056215706
9765,0.0011531999
9766,0.0124848
9767,0.026621336
9768,0.028213337
9769,0.014918702
9770,0.0013917371
9771,0.0012675
9772,0.018967297
9773,0.0031280038
9774,0.0030737817
9775,0.02953695
9776,0.0506489
9777,0.040162407
9778,0.011933426
9779,0.0010960593
9780,0.020488536
9781,0.04874957
9782,0.0027075
9783,0.01753695
9784,0.028541394
9785,0.0004485333
9786,0.00041317038
9787,0.00010453333
9788,0.00061351486
9789,0.00976806
9790,0.025133427
9791,0.0331558
9792,0.025481962
9793,0.009001782
9794,1.00148145e-05
9795,0.008738134
9796,0.02985156
9797,0.0026009039
9798,0.020873617
9799,0.039458133
9800,0.038115796
9801,0.018220462
9802,0.00028829998
9803,0.0012936335
9804,0.016661635
9805,0.0027648
9806,0.024634227
9807,0.046649635
9808,0.044647347
9809,0.021138228
9810,0.0014467594
9811,0.0065712007
9812,0.032978725
9813,0.05787485
9814,0.061020307
9815,0.0007769037
9816,0.0022302817
9817,0.0023056336
9818,0.00045890373
9819,0.0008784038
9820,0.008456005
9821,0.021672452
9822,0.0316875
9823,0.0009709037
9824,0.0047964593
9825,0.006134701
9826,0.0024300003
9827,0.0001393926
9828,0.0076055145
9829,0.023725783
9830,0.036843393
9831,0.035615563
9832,0.0002561815
9833,0.00014520001
9834,6.1633335e-05
9835,0.0020336334
9836,0.0084672
9837,0.0012892594
9838,0.013076448
9839,0.02740148
9840,0.028726762
9841,0.0001226815
9842,5.694815e-05
9843,0.0020117373
9844,0.008456005
9845,0.0183027
9846,0.025696134
9847,0.024405517
9848,0.014315395
9849,0.0030805336
9850,0.00058373704
9851,0.010691115
9852,0.02762356
9853,0.040064897
9854,0.039530702
9855,0.026522135
9856,0.009888726
9857,0.0004082371
9858,0.0037185336
9859,0.017072627
9860,0.001979115
9861,0.018335648
9862,0.03904818
9863,0.04482756
9864,0.029998949
9865,0.008444815
9866,0.0006880038
9867,0.0017378703
9868,0.020856032
9869,0.046649635
9870,0.0024843
9871,0.016069962
9872,0.0013826704
9873,0.0073008006
9874,0.0072281817
9875,0.0012848927
9876,0.0019413929
9877,0.016162671
9878,0.0022939595
9879,0.01875
9880,0.001727737
9881,0.009328035
9882,0.009648133
9883,0.002190226
9884,0.0014560336
9885,0.016085392
9886,0.03600713
9887,0.04276446
9888,0.029557869
9889,0.00881796
9890,6.25926e-05
9891,0.011920135
9892,0.03518046
9893,0.05172285
9894,0.0016526815
9895,0.00097470003
9896,0.0088293925
9897,0.013244004
9898,0.007176533
9899,0.00014963334
9900,0.0062496336
9901,0.02585246
9902,0.04342139
9903,0.04321873
9904,0.02530739
9905,0.0054495153
9906,0.0007701334
9907,0.015142534
9908,0.037124284
9909,0.0024240036
9910,0.018418148
9911,0.034952536
9912,0.03409317
9913,0.016489258
9914,0.0011285334
9915,0.005539737
9916,0.02829517
9917,0.050978154
9918,0.05544134
9919,0.0007939593
9920,0.002514726
9921,0.0027201816
9922,0.0006378704
9923,0.0007367259
9924,0.008322226
9925,0.021924032
9926,0.03236273
9927,0.030784033
9928,0.017682316
9929,0.0036373371
9930,0.00075333705
9931,0.012552894
9932,0.03114815
9933,0.043573707
9934,0.041440833
9935,0.00046413334
9936,0.000102059275
9937,4.8981477e-05
9938,4.8133337e-05
9939,0.0001226815
9940,0.0036007261
9941,0.013006949
9942,0.0014467594
9943,0.0013511705
9944,0.012281634
9945,0.018451199
9946,0.01050317
9947,0.00050430006
9948,0.0060492004
9949,0.0026633483
9950,0.026641203
9951,0.05111565
9952,0.0015170372
9953,0.0053244485
9954,7.3633346e-05
9955,7.053334e-05
9956,0.0025208336
9957,0.0103292605
9958,0.0013244592
9959,0.0013067999
9960,0.011920135
9961,0.017925927
9962,0.010181348
9963,0.00046675923
9964,0.0060492004
9965,0.02762356
9966,0.047282707
9967,0.047176894
9968,0.027482133
9969,0.0058613485
9970,0.0008321334
9971,0.016100835
9972,0.039024137
9973,0.0024843
9974,0.01866676
9975,0.0352947
9976,0.034340836
9977,0.016536182
9978,0.0011163
9979,0.0015265334
9980,0.02169037
9981,0.04942374
9982,0.06081002
9983,0.04699202
9984,0.02026267
9985,0.0017633336
9986,0.003860893
9987,0.022322314
9988,0.042037632
9989,0.049288537
9990,0.040406704
9991,0.022213338
9992,0.0059455154
9993,5.348148e-06
9994,0.00592676
9995,0.01875
9996,0.03054957
9997,0.0014606816
9998,0.011316682
9999,0.023074131
10000,0.024140034
10001,0.0125801815
10002,0.0010443002
10003,0.0040445374
10004,0.002346726
10005,0.025326762
10006,0.052864015
10007,0.058226757
10008,0.036843393
10009,0.00935156
10010,0.0003745333
10011,0.016504895
10012,0.042991295
10013,0.058491398
10014,0.052333638
10015,0.00042563336
10016,5.6033343e-05
10017,0.00028213335
10018,3.557037e-05
10019,0.00079739257
10020,0.0060397373
10021,0.016162671
10022,0.0013962816
10023,0.011226227
10024,0.019866135
10025,0.016039116
10026,0.004240371
10027,0.0006752926
10028,0.014564034
10029,0.037218153
10030,0.050020833
10031,0.042262536
10032,0.00015413333
10033,1.4700002e-05
10034,0.0006533334
10035,0.0034848147
10036,0.0008251259
10037,0.0013288924
10038,0.016209127
10039,0.034003336
10040,0.0011949037
10041,0.00035363334
10042,8.783704e-05
10043,1.4237037e-05
10044,0.0010760038
10045,0.0008391704
10046,0.0013781481
10047,0.0017582261
10048,0.015931392
10049,0.023951294
10050,0.014068893
10051,0.001005337
10052,0.0058613485
10053,0.02968356
10054,0.051750533
10055,0.051695175
10056,0.029977873
10057,0.0063268477
10058,0.0009482815
10059,0.0020446258
10060,0.02370704
10061,0.05172285
10062,0.06201654
10063,0.0010720148
10064,0.00030933708
10065,0.001979115
10066,0.0015408334
10067,0.00011342594
10068,0.00065644813
10069,0.0013601334
10070,0.01669307
10071,0.034952536
10072,0.03600713
10073,0.018484281
10074,0.0016675593
10075,0.004821782
10076,0.027724799
10077,0.05158453
10078,0.057028804
10079,0.0008391704
10080,0.0027011705
10081,0.0029469037
10082,0.00072684826
10083,0.0006912
10084,0.008322226
10085,0.022140836
10086,0.032736033
10087,0.03112667
10088,0.0178608
10089,0.003666759
10090,0.00076339254
10091,0.012662225
10092,0.0023114816
10093,0.02228596
10094,0.046439562
10095,0.051778223
10096,0.033377793
10097,0.008783704
10098,0.00027401483
10099,0.014888983
10100,0.03994317
10101,0.055584732
10102,0.05086828
10103,0.030570848
10104,0.009281071
10105,3.8533333e-05
10106,0.0063074995
10107,0.021654533
10108,0.03540913
10109,0.039458133
10110,0.03216596
10111,0.00024462593
10112,0.0005404593
10113,9.633333e-06
10114,2.3114815e-05
10115,0.0012416334
10116,0.0006912
10117,0.009780092
10118,0.024768136
10119,0.0014840333
10120,0.008955648
10121,0.01217396
10122,0.0059549036
10123,2.195926e-05
10124,0.0071250712
10125,0.026522135
10126,0.042940836
10127,0.041863125
10128,0.024045574
10129,0.004957959
10130,0.0008820149
10131,0.001979115
10132,0.023129633
10133,0.050703708
10134,0.061080445
10135,0.046387114
10136,7.680001e-05
10137,6.4533335e-05
10138,0.0013872002
10139,0.0053600334
10140,0.0123086255
10141,0.020003615
10142,0.023876004
10143,0.020401513
10144,0.010868033
10145,0.0018512926
10146,0.00094453717
10147,0.010691115
10148,0.025950404
10149,0.03705396
10150,0.03663343
10151,0.024921617
10152,2.1392592e-05
10153,6.25926e-05
10154,0.0013024037
10155,0.005122134
10156,0.011973349
10157,0.019729128
10158,0.023800833
10159,0.0005955593
10160,0.0028616334
10161,0.00013653334
10162,0.00016803335
10163,0.00018917037
10164,0.0005662259
10165,0.009094404
10166,0.023744533
10167,0.031774223
10168,0.024748985
10169,0.008921127
10170,1.9200002e-05
10171,0.0015408334
10172,0.002545337
10173,0.028706132
10174,0.05934819
10175,0.06437246
10176,0.039894536
10177,2.6133332e-05
10178,0.0006317371
10179,0.00881796
10180,0.001753126
10181,0.0021675
10182,0.0028356484
10183,0.027968537
10184,0.048320536
10185,0.03849695
10186,3.1148147e-06
10187,0.0036889038
10188,0.01444676
10189,0.02720037
10190,0.033266705
10191,0.027522506
10192,0.013653334
10193,0.0019146705
10194,0.0015600036
10195,0.013710283
10196,0.030464534
10197,0.04074996
10198,0.0012330705
10199,0.0074051702
10200,0.012772035
10201,0.010120033
10202,1.7633334e-05
10203,0.0026009039
10204,0.0107541345
10205,0.0014746704
10206,0.0016875002
10207,0.017633792
10208,0.0316875
10209,0.025872033
10210,0.0075949044
10211,0.0003984593
10212,0.016630227
10213,0.044083335
10214,0.05884517
10215,0.048588466
10216,0.022779258
10217,0.0026948482
10218,0.0011739593
10219,0.017120373
10220,0.039676033
10221,0.051916804
10222,0.045916446
10223,0.026980003
10224,0.00798157
10225,1.6625927e-05
10226,0.005936133
10227,0.020176135
10228,0.033266705
10229,0.037642013
10230,0.03132024
10231,0.00026205927
10232,0.0006409481
10233,0.0006015148
10234,1.2033334e-05
10235,0.0014421332
10236,0.00089289254
10237,0.0015265334
10238,0.018171204
10239,0.03745333
10240,0.038115796
10241,0.00014373705
10242,7.25926e-05
10243,0.0022939595
10244,0.00089289254
10245,0.011472593
10246,0.027866848
10247,0.035386227
10248,0.026245346
10249,0.008783704
10250,1.8148148e-07
10251,0.009576534
10252,0.031191127
10253,0.048374064
10254,0.048481204
10255,0.032122318
10256,0.011459561
10257,0.00035363334
10258,0.0047712033
10259,0.020038063
10260,0.03534045
10261,0.041070003
10262,0.03443112
10263,0.019917635
10264,0.0059925327
10265,1.9200002e-05
10266,0.004530504
10267,0.01630224
10268,0.028438672
10269,0.0015028483
10270,0.0013556482
10271,0.014432134
10272,0.026423115
10273,0.021798061
10274,0.0063365335
10275,0.00043573702
10276,0.015488981
10277,0.0030872927
10278,0.027724799
10279,0.05194454
10280,0.049126536
10281,0.00012403334
10282,0.00035134816
10283,0.00048267035
10284,0.007648034
10285,0.021475794
10286,0.032604035
10287,0.0010443002
10288,0.0052184043
10289,0.006690133
10290,0.0027201816
10291,0.00030507034
10292,0.0075525343
10293,0.022267794
10294,0.034228146
10295,0.0331558
10296,0.019304035
10297,0.0040911147
10298,0.00070729264
10299,0.012923794
10300,0.032275204
10301,0.044982318
10302,0.0013962816
10303,0.008244681
10304,0.014011204
10305,0.00023333704
10306,0.00014083333
10307,0.0003311148
10308,0.004546904
10309,0.0012288002
10310,0.0016378704
10311,0.017312014
10312,0.031212624
10313,0.025540285
10314,0.007510282
10315,0.00039603334
10316,0.016504895
10317,0.04380267
10318,0.058550283
10319,0.0012761814
10320,0.0050873477
10321,0.0060492004
10322,0.002195926
10323,0.00022413337
10324,0.0012117926
10325,0.0162867
10326,0.03745333
10327,0.044853333
10328,0.03114815
10329,0.00935156
10330,0.000647126
10331,0.0127445385
10332,0.03216596
10333,0.045059796
10334,0.04268898
10335,0.027240535
10336,0.009316281
10337,0.00019934814
10338,0.0009861334
10339,0.013384447
10340,0.03199156
10341,0.043853637
10342,0.041094672
10343,0.0004408334
10344,0.0012160332
10345,0.0012288002
10346,1.9200002e-05
10347,0.0015792927
10348,0.0075313933
10349,0.017328035
10350,0.025229998
10351,0.024634227
10352,0.01484446
10353,0.0033920333
10354,0.0005208334
10355,0.009648133
10356,0.025462536
10357,0.037760183
10358,0.03813956
10359,0.0005264037
10360,0.0017582261
10361,0.0019360333
10362,0.00038163335
10363,0.0008568927
10364,0.008090682
10365,0.020873617
10366,0.030826764
10367,0.029516036
10368,0.0171363
10369,0.0036080335
10370,0.0006816333
10371,0.012080134
10372,0.030422058
10373,0.042940836
10374,0.041193426
10375,0.026740627
10376,0.009434134
10377,0.00026403333
10378,0.004232448
10379,0.0178608
10380,0.032122318
10381,0.038377635
10382,0.033244506
10383,0.020055294
10384,0.006502315
10385,0.00021690372
10386,0.004864133
10387,0.013539792
10388,0.022468036
10389,0.001245926
10390,0.010453334
10391,0.021888005
10392,0.023352304
10393,0.000105781495
10394,7.894814e-05
10395,0.0020446258
10396,0.0083667
10397,0.018040182
10398,0.025326762
10399,0.02412113
10400,0.014213634
10401,0.0030872927
10402,0.00056333333
10403,0.010578148
10404,0.027441796
10405,0.03991885
10406,0.039482314
10407,0.026561795
10408,0.0099372
10409,0.0004181333
10410,0.0036889038
10411,0.017040834
10412,0.0316875
10413,0.038592532
10414,0.0338912
10415,0.020698136
10416,0.006820181
10417,9.840371e-05
10418,0.0039751707
10419,0.015808728
10420,0.028561959
10421,0.034907043
10422,0.03127717
10423,0.019746227
10424,0.0069311997
10425,0.00018583704
10426,0.0033778707
10427,0.014696535
10428,0.02762356
10429,0.0015938372
10430,0.0127445385
10431,0.025676623
10432,0.026482506
10433,0.013596503
10434,0.0011000925
10435,0.0043280036
10436,0.0240267
10437,0.045318533
10438,0.051336035
10439,0.037736535
10440,0.015504135
10441,0.00021690372
10442,0.0060208333
10443,0.016411204
10444,0.025970018
10445,0.0012848927
10446,0.010391204
10447,0.0014008334
10448,0.01025517
10449,0.014667036
10450,0.007744133
10451,0.00015413333
10452,0.0066206264
10453,0.027020006
10454,0.044904906
10455,0.044262405
10456,0.00032013337
10457,0.00018750002
10458,4.645926e-05
10459,0.0020117373
10460,0.0085570365
10461,0.01853396
10462,0.025950404
10463,0.024576949
10464,0.014359115
10465,0.0030670373
10466,0.0006015148
10467,0.010779393
10468,0.027745074
10469,0.04013802
10470,0.039530702
10471,0.0005015704
10472,0.0015744594
10473,0.0016875002
10474,0.00028623705
10475,0.00095579255
10476,0.0081565045
10477,0.0015744594
10478,0.0018723003
10479,0.019287128
10480,0.034385957
10481,0.027927836
10482,0.008233634
10483,0.00038401483
10484,0.01721606
10485,0.045604005
10486,0.06063006
10487,0.0012936335
10488,0.0050873477
10489,0.0060208333
10490,0.0021675
10491,0.00023333704
10492,0.008134534
10493,0.024291558
10494,0.036983706
10495,0.03527184
10496,0.020072533
10497,0.004052282
10498,0.0008568927
10499,0.0017838371
10500,0.0025947
10501,0.0034632927
10502,0.0041457927
10503,0.0043360153
10504,0.036820035
10505,0.054727174
10506,0.0004433926
10507,3.3333336e-08
10508,0.0022823147
10509,0.010906133
10510,0.022158949
10511,0.026680948
10512,0.0003984593
10513,0.0007939593
10514,0.0001728
10515,0.00070083333
10516,0.0008181482
10517,0.011485634
10518,0.028233781
10519,0.03598403
10520,0.026740627
10521,0.0089671705
10522,3.7037038e-09
10523,0.009648133
10524,0.031428035
10525,0.048722703
10526,0.04877645
10527,0.032253336
10528,0.011459561
10529,0.00034228148
10530,0.004830237
10531,0.020158846
10532,0.035432037
10533,0.04111935
10534,0.00097470003
10535,0.0055216337
10536,0.009720001
10537,0.0077870376
10538,0.0016925039
10539,0.001005337
10540,0.012214281
10541,0.0022073481
10542,0.020645635
10543,0.0024540594
10544,0.016819116
10545,0.023688298
10546,0.00011084815
10547,0.000121337056
10548,0.0036520334
10549,0.013174059
10550,0.023838406
10551,0.0010521815
10552,0.0059643
10553,0.007959837
10554,0.0035064039
10555,3e-05
10556,0.0073112035
10557,0.024500683
10558,0.038808037
10559,0.037736535
10560,0.021798061
10561,0.0045551155
10562,0.00079739257
10563,0.014126699
10564,0.034612034
10565,0.0023114816
10566,0.017795796
10567,0.034003336
10568,0.0010680334
10569,0.0038307
10570,4.0833336e-05
10571,0.0001648926
10572,0.003046848
10573,0.011136133
10574,0.020926403
10575,0.024424534
10576,0.00034680005
10577,0.00065022596
10578,0.000103292594
10579,0.00024462593
10580,0.0054675005
10581,0.017248016
10582,0.0016133332
10583,0.012854701
10584,0.0012373483
10585,0.006710059
10586,0.0066206264
10587,4.32e-05
10588,0.0036080335
10589,0.013853171
10590,0.025288032
10591,0.028254237
10592,0.00034453702
10593,0.0005404593
10594,1.3781483e-05
10595,0.0012718369
10596,0.006600833
10597,0.0160083
10598,0.0013024037
10599,0.010440893
10600,0.018600302
10601,0.0150677385
10602,1.0403704e-05
10603,0.0027011705
10604,0.0010920333
10605,0.013398534
10606,0.031428035
10607,0.038736135
10608,0.027846536
10609,0.008863737
10610,1.2892592e-05
10611,0.0106032
10612,0.033000838
10613,0.04996641
10614,0.049072597
10615,0.031861074
10616,8.892593e-06
10617,0.0006075001
10618,0.00028009262
10619,0.004296033
10620,0.013370372
10621,0.023819614
10622,0.028954137
10623,0.024348505
10624,0.012457616
10625,0.0019093482
10626,0.0012588482
10627,0.012322134
10628,0.028459199
10629,0.039168537
10630,0.03745333
10631,0.024576949
10632,0.008921127
10633,0.00020280002
10634,0.0050267596
10635,0.0140256155
10636,0.023129633
10637,0.027988894
10638,0.025891613
10639,0.017456448
10640,0.006921071
10641,0.00040578152
10642,0.0006256333
10643,0.009600371
10644,0.024787292
10645,0.036610138
10646,0.037077393
10647,0.02573517
10648,0.010132282
10649,0.0005749482
10650,0.0031758372
10651,0.016039116
10652,0.030869516
10653,0.038449205
10654,0.034340836
10655,0.021297794
10656,0.0071868487
10657,0.0001337037
10658,0.0038912038
10659,0.015854672
10660,0.028871346
10661,0.0015841334
10662,0.0014237036
10663,0.015022948
10664,0.02738134
10665,0.0005264037
10666,0.0006848149
10667,8.533334e-06
10668,0.003114404
10669,0.013062534
10670,0.024729835
10671,0.028274704
10672,0.019541517
10673,0.005805571
10674,0.00046939263
10675,0.009624237
10676,0.025676623
10677,0.0020117373
10678,0.016551837
10679,0.032340836
10680,0.032253336
10681,0.000108299995
10682,8.0033344e-05
10683,0.0023822372
10684,0.00935156
10685,0.019422594
10686,0.026423115
10687,0.024481636
10688,0.013968017
10689,2.8033332e-05
10690,0.0023644485
10691,0.008523293
10692,0.017040834
10693,0.02421574
10694,0.02573517
10695,0.019729128
10696,0.009234225
10697,0.0010720148
10698,0.00058963336
10699,0.0012718369
10700,0.0020226706
10701,0.023688298
10702,0.0033215152
10703,0.025872033
10704,0.042814817
10705,0.033111483
10706,0.009210848
10707,0.0005432926
10708,0.019848986
10709,0.0506489
10710,0.0654267
10711,0.052111123
10712,0.023203734
10713,0.0022881336
10714,0.0013112037
10715,0.018467737
10716,0.0029337038
10717,0.026581636
10718,0.053453345
10719,0.057699297
10720,0.035845637
10721,2.3114815e-05
10722,0.00058080006
10723,0.008255738
10724,0.02178009
10725,0.033200134
10726,0.03481614
10727,0.025210671
10728,0.010578148
10729,0.00081120007
10730,0.0026320333
10731,0.015052802
10732,0.030167837
10733,0.03849695
10734,0.035020836
10735,0.00037218147
10736,0.0010640593
10737,0.0010880148
10738,1.9737035e-05
10739,0.0015648151
10740,0.0074786707
10741,0.0012631703
10742,0.013062534
10743,0.02746196
10744,0.028830001
10745,0.015097633
10746,0.0013646259
10747,0.004232448
10748,0.02461513
10749,0.04675485
10750,0.052948005
10751,0.038784057
10752,5.157037e-05
10753,0.00023894814
10754,0.0017582261
10755,0.00049884815
10756,0.0071353484
10757,0.02008978
10758,0.030890903
10759,0.030358406
10760,0.018056534
10761,0.004021348
10762,0.0005749482
10763,0.011946727
10764,0.0023056336
10765,0.0026320333
10766,0.0281112
10767,0.05424418
10768,0.052083332
10769,0.024729835
10770,0.0018096336
10771,0.0019899593
10772,0.027280724
10773,0.059853334
10774,0.07072926
10775,0.001132626
10776,0.0037185336
10777,0.0040911147
10778,0.0011823149
10779,0.00034453702
10780,0.007563115
10781,0.0017838371
10782,0.0021112037
10783,0.021440133
10784,0.03785485
10785,0.030570848
10786,0.00903646
10787,0.00036750003
10788,0.017942227
10789,0.0475212
10790,0.06283763
10791,0.05114317
10792,0.023464033
10793,0.0025761332
10794,0.0012502259
10795,0.017942227
10796,0.041193426
10797,0.053368952
10798,0.046675924
10799,0.027040016
10800,0.0077763004
10801,5.0703707e-06
10802,0.006230404
10803,0.020540833
10804,0.03344454
10805,0.037524033
10806,0.00087120367
10807,0.005018133
10808,0.0089902375
10809,0.0072800154
10810,0.0015744594
10811,0.0009976333
10812,0.011906848
10813,0.029348984
10814,0.0401868
10815,0.03531757
10816,0.018352134
10817,0.0029469037
10818,0.0014700001
10819,0.015277635
10820,0.034318287
10821,0.04524083
10822,0.04104534
10823,0.02519135
10824,0.008145514
10825,9.481482e-05
10826,0.004804893
10827,0.0016378704
10828,0.0021505335
10829,0.024672447
10830,0.0521667
10831,0.05793343
10832,0.036960304
10833,0.009528949
10834,0.0003333334
10835,0.016271172
10836,0.04276446
10837,0.058461964
10838,0.0015987
10839,0.008704035
10840,0.00076675933
10841,0.0040290705
10842,0.0035643002
10843,8.0033344e-05
10844,0.003982848
10845,0.014490683
10846,0.025813332
10847,0.028377127
10848,0.0003311148
10849,0.00048534822
10850,2.8681483e-05
10851,0.0011041333
10852,0.007176533
10853,0.017844537
10854,0.026720727
10855,0.02632428
10856,0.015916033
10857,0.0036593927
10858,0.00047468152
10859,0.010779393
10860,0.028438672
10861,0.04139129
10862,0.04074996
10863,0.02716024
10864,0.009985792
10865,0.00037689265
10866,0.003914015
10867,0.017520832
10868,0.032144133
10869,0.0017075593
10870,0.013174059
10871,0.026225634
10872,0.0009038371
10873,0.00025813334
10874,0.0009038371
10875,6.850371e-05
10876,0.0017786999
10877,0.010553126
10878,0.022705838
10879,0.028029634
10880,0.020680629
10881,0.006860449
10882,5.633333e-06
10883,0.008523293
10884,0.027805924
10885,0.043930136
10886,0.045163207
10887,0.030933706
10888,0.011682134
10889,0.0005236149
10890,0.001005337
10891,0.013982404
10892,0.033266705
10893,0.04521495
10894,0.04193787
10895,0.026245346
10896,0.008726761
10897,0.00014228148
10898,0.0047041816
10899,0.018368628
10900,0.032144133
10901,0.037831176
10902,0.0324723
10903,0.019456532
10904,0.0062688924
10905,6.850371e-05
10906,0.003952182
10907,0.0014099594
10908,0.015793426
10909,0.0025823151
10910,0.023203734
10911,0.044288013
10912,0.042739294
10913,0.020401513
10914,0.00030933708
10915,0.009612301
10916,0.026680948
10917,0.0021224038
10918,0.017312014
10919,0.03357823
10920,0.0010760038
10921,0.003906404
10922,0.0029403002
10923,6.25926e-05
10924,0.003793126
10925,0.017264005
10926,0.0019360333
10927,0.015564815
10928,0.026820298
10929,0.021280035
10930,9.633333e-06
10931,0.0031076148
10932,0.012471205
10933,0.024386503
10934,0.030955113
10935,0.026641203
10936,0.013881838
10937,0.0022417926
10938,0.0012202814
10939,0.012772035
10940,0.029641632
10941,0.040578146
10942,0.038473073
10943,0.024921617
10944,0.008840834
10945,0.00025813334
10946,0.0039598374
10947,0.016961483
10948,0.030955113
10949,0.037476897
10950,0.032934535
10951,0.020193428
10952,0.006740004
10953,0.000112133326
10954,0.0038081335
10955,0.0014329037
10956,0.0019737037
10957,0.023055648
10958,0.04934259
10959,0.05544134
10960,0.035845637
10961,1.08e-05
10962,0.0030805336
10963,0.01083
10964,0.020366762
10965,0.027080063
10966,0.026960015
10967,0.019354803
10968,3.778148e-05
10969,6.850371e-05
10970,0.00092592597
10971,0.0039445334
10972,0.010156801
10973,0.001132626
10974,0.011264949
10975,0.024045574
10976,0.025696134
10977,0.013696034
10978,0.0012761814
10979,0.003883615
10980,0.023055648
10981,0.0444675
10982,0.05111565
10983,0.0008568927
10984,0.0030401333
10985,0.0034489816
10986,0.0009709037
10987,0.0005547001
10988,0.008178503
10989,0.022413334
10990,0.033489075
10991,0.031948037
10992,0.018352134
10993,0.0037781487
10994,0.00076675933
10995,0.0016775148
10996,0.002478237
10997,0.02794818
10998,0.05799203
10999,0.06314312
11000,0.039313197
11001,2.3703706e-05
11002,0.0038156484
11003,0.012593838
11004,0.022468036
11005,0.028541394
11006,0.0009296334
11007,0.0061251707
11008,0.011033615
11009,0.0089902375
11010,0.0021000335
11011,0.00089289254
11012,0.012403334
11013,0.030976532
11014,0.042312592
11015,0.036890138
11016,0.018917039
11017,0.002927115
11018,0.0016182258
11019,0.015946759
11020,0.035226133
11021,0.0021505335
11022,0.016411204
11023,0.031644184
11024,0.031363335
11025,0.015428449
11026,0.0011041333
11027,0.0051308484
11028,0.002682226
11029,0.028050017
11030,0.05743646
11031,0.06216818
11032,0.03854473
11033,0.009386904
11034,0.00050430006
11035,0.0025086263
11036,0.028830001
11037,0.06111054
11038,0.07082641
11039,0.051253334
11040,0.019986406
11041,0.0010880148
11042,0.0014700001
11043,0.019473517
11044,0.043675397
11045,0.0025208336
11046,0.018385127
11047,0.034612034
11048,0.03362285
11049,0.01617815
11050,0.0010760038
11051,0.0055669486
11052,0.028192896
11053,0.050703708
11054,0.05512654
11055,0.038784057
11056,0.014888983
11057,0.0007367259
11058,0.0046542264
11059,0.021582946
11060,0.038640372
11061,0.0018723003
11062,0.0015312927
11063,0.015885336
11064,0.028747395
11065,0.0005489815
11066,0.00071703707
11067,5.633333e-06
11068,0.0030805336
11069,0.013048626
11070,0.0015600036
11071,0.013104301
11072,0.02309263
11073,0.018600302
11074,0.005052681
11075,0.00075000006
11076,0.001925337
11077,0.023129633
11078,0.049721837
11079,0.055929616
11080,0.0005866815
11081,0.00076675933
11082,8.222593e-05
11083,0.0010325334
11084,0.007394701
11085,0.018600302
11086,0.027724799
11087,0.027120132
11088,0.016224626
11089,1.9200002e-05
11090,0.0022765037
11091,0.0007803
11092,0.00999796
11093,0.0019521335
11094,0.0022016333
11095,0.0025208336
11096,0.022158949
11097,0.033133633
11098,0.020038063
11099,0.0019845334
11100,0.005685634
11101,0.032626018
11102,0.05796273
11103,0.0019521335
11104,0.009316281
11105,0.011827293
11106,0.0053689484
11107,3.3333336e-08
11108,0.0077655716
11109,0.0023585334
11110,0.023203734
11111,0.045033958
11112,0.043828152
11113,0.021138228
11114,0.0015696336
11115,0.0062016146
11116,0.03216596
11117,0.0033708
11118,0.026940035
11119,0.049450796
11120,0.046334703
11121,0.0213867
11122,0.0013112037
11123,0.0071250712
11124,0.034295738
11125,0.059170406
11126,0.061623115
11127,0.04111935
11128,0.01444676
11129,0.0003984593
11130,0.0060302825
11131,0.024102226
11132,0.040651735
11133,0.04508564
11134,0.035822593
11135,0.019354803
11136,0.0051047257
11137,8.533334e-06
11138,0.0008965335
11139,0.011761201
11140,0.028623704
11141,0.040235616
11142,0.038880005
11143,0.025637634
11144,0.009316281
11145,0.00032669998
11146,0.0038307
11147,0.0169932
11148,0.03125565
11149,0.037973348
11150,0.03335556
11151,0.020418903
11152,0.006780033
11153,0.000105781495
11154,0.003883615
11155,0.0155952005
11156,0.028356628
11157,0.034793425
11158,0.0009823148
11159,0.0060113934
11160,0.010678534
11161,0.008613426
11162,0.0019521335
11163,0.00094453717
11164,0.012416894
11165,0.030741341
11166,0.04191295
11167,0.036517035
11168,0.018733338
11169,8.333335e-05
11170,0.003998226
11171,0.0010443002
11172,0.0015217816
11173,0.018716682
11174,0.04161446
11175,0.048481204
11176,0.032670002
11177,0.009316281
11178,0.00011734816
11179,0.013384447
11180,0.037997074
11181,0.0544428
11182,0.050978154
11183,0.00049342593
11184,0.0011739593
11185,0.0011000925
11186,8.783704e-05
11187,0.00033555928
11188,0.0066801817
11189,0.019848986
11190,0.031169636
11191,0.031019393
11192,0.018650135
11193,0.0042483
11194,0.0005292
11195,0.011933426
11196,0.030912302
11197,0.044057783
11198,0.042362686
11199,0.02746196
11200,0.009624237
11201,0.00025813334
11202,0.0009709037
11203,0.0133281825
11204,0.0023114816
11205,0.022122726
11206,0.04607307
11207,0.0019683002
11208,0.010354016
11209,0.013539792
11210,0.0064827004
11211,0.0003114815
11212,0.008545782
11213,0.024748985
11214,0.03714774
11215,0.035089202
11216,0.019780448
11217,0.0038988001
11218,0.0009148482
11219,0.013896183
11220,0.03351135
11221,0.045760095
11222,0.042488035
11223,0.026581636
11224,4.0333334e-06
11225,0.00061351486
11226,0.002675926
11227,0.006670237
11228,0.012593838
11229,0.018683393
11230,0.021475794
11231,0.018122016
11232,0.009636182
11233,0.0016378704
11234,0.00088563334
11235,0.00999796
11236,0.024576949
11237,0.035615563
11238,0.035776533
11239,0.024787292
11240,2.6759259e-05
11241,0.00020453705
11242,0.0014934259
11243,0.00046151484
11244,0.006810134
11245,0.019456532
11246,0.03025246
11247,0.030020034
11248,0.018056534
11249,1.9737035e-05
11250,0.0024180147
11251,0.008783704
11252,0.017472534
11253,0.024672447
11254,0.025989635
11255,0.019746227
11256,0.009140893
11257,0.0010208334
11258,0.0016378704
11259,0.011933426
11260,0.026304536
11261,0.03593787
11262,0.0011823149
11263,0.0074051702
11264,0.012896133
11265,0.010292182
11266,0.0024000928
11267,0.0009185334
11268,0.013118238
11269,0.032516185
11270,0.04398117
11271,0.037902225
11272,0.01911846
11273,0.0028227004
11274,0.0008892593
11275,0.013924894
11276,0.033689838
11277,0.04602084
11278,0.042739294
11279,0.00043573702
11280,0.0011490704
11281,0.0011285334
11282,0.000107037034
11283,0.0012160332
11284,0.00828895
11285,0.020107038
11286,0.029120062
11287,0.027745074
11288,0.00020628147
11289,0.00012403334
11290,6.25926e-05
11291,0.0019737037
11292,0.00828895
11293,0.018040182
11294,0.0012892594
11295,0.010071116
11296,0.01787707
11297,0.0144613935
11298,0.003755737
11299,0.00067845924
11300,0.012951483
11301,0.03333334
11302,0.045656007
11303,0.03950651
11304,0.019952003
11305,0.0029667593
11306,0.0009148482
11307,0.014300834
11308,0.03443112
11309,0.0022707
11310,0.017504727
11311,0.0020336334
11312,0.014040034
11313,0.019831836
11314,0.010792035
11315,0.00027401483
11316,0.008715393
11317,0.025462536
11318,0.038163334
11319,0.0011408334
11320,0.0054675005
11321,0.006921071
11322,0.0027968925
11323,0.00010453333
11324,0.0076906714
11325,0.024329519
11326,0.037831176
11327,0.036470536
11328,0.020944018
11329,0.004312004
11330,0.0008216334
11331,0.013939259
11332,0.034048237
11333,0.046649635
11334,0.043294672
11335,0.026980003
11336,0.008886671
11337,0.00012951484
11338,0.0049066707
11339,0.018833425
11340,0.032670002
11341,0.038163334
11342,0.032494236
11343,0.019320948
11344,0.006134701
11345,5.5125933e-05
11346,0.0040290705
11347,0.015458701
11348,0.027785635
11349,0.034025785
11350,0.030634727
11351,0.019524502
11352,0.006981959
11353,0.00021333335
11354,0.0007400333
11355,0.010678534
11356,0.026820298
11357,0.038640372
11358,0.038163334
11359,0.025774239
11360,0.009732004
11361,0.00019253335
11362,0.0049665337
11363,0.013953634
11364,0.023074131
11365,0.027988894
11366,0.025950404
11367,0.00034453702
11368,0.0012330705
11369,0.0013917371
11370,0.00022050373
11371,0.0009633334
11372,0.007894815
11373,0.020020833
11374,0.029578803
11375,0.028479736
11376,0.01669307
11377,0.0035934262
11378,0.0006256333
11379,0.011695293
11380,0.0022360333
11381,0.021816036
11382,0.045682017
11383,0.05114317
11384,0.033133633
11385,0.008795115
11386,0.00025423706
11387,0.014667036
11388,0.039627563
11389,0.05532676
11390,0.050813396
11391,0.030634727
11392,2.3703704e-07
11393,0.00017120372
11394,0.00034680005
11395,0.0053600334
11396,0.015762849
11397,0.026621336
11398,0.030805392
11399,0.024691572
11400,0.01189357
11401,0.0015265334
11402,0.0016329484
11403,0.013160094
11404,0.0020172002
11405,0.019490505
11406,0.041416064
11407,0.04720334
11408,0.03125565
11409,0.008636033
11410,0.0001728
11411,0.013511483
11412,0.037642013
11413,0.0026885336
11414,0.020488536
11415,0.0022881336
11416,0.015549634
11417,0.021870002
11418,9.72e-05
11419,0.00032231485
11420,0.004296033
11421,0.01366756
11422,0.023594726
11423,0.025793782
11424,0.017280001
11425,2.7e-06
11426,0.0016182258
11427,0.0068302373
11428,0.015052802
11429,0.022963336
11430,0.02573517
11431,0.020645635
11432,8.112593e-05
11433,3.703704e-07
11434,9.245926e-05
11435,0.0023881816
11436,0.009281071
11437,0.01923645
11438,0.026205927
11439,0.00077351485
11440,0.0003628482
11441,0.0024721816
11442,0.0021112037
11443,3.134815e-05
11444,0.0034347004
11445,0.01565606
11446,0.029307293
11447,0.03256009
11448,0.021672452
11449,0.0060302825
11450,0.0001617815
11451,0.0107541345
11452,0.030848134
11453,0.045760095
11454,0.0449307
11455,0.0005320037
11456,0.0015456147
11457,0.0016035704
11458,0.00024462593
11459,0.0010208334
11460,0.0082668
11461,0.020680629
11462,0.030210137
11463,0.02878868
11464,0.01667735
11465,0.0034992
11466,0.0006848149
11467,0.011933426
11468,0.030062228
11469,0.042513132
11470,0.040922135
11471,0.02666107
11472,0.009469633
11473,0.0002780593
11474,0.0041614817
11475,0.0016675593
11476,0.018204033
11477,0.040996037
11478,0.051446404
11479,0.04111935
11480,0.01875
11481,0.0020172002
11482,0.0028681483
11483,0.019287128
11484,0.038449205
11485,0.0020777816
11486,0.015443572
11487,0.02985156
11488,0.029767502
11489,0.014726061
11490,0.00022413337
11491,0.0074786707
11492,0.02194206
11493,0.034770727
11494,0.037077393
11495,0.026980003
11496,0.011316682
11497,0.0008676149
11498,0.0027648
11499,0.0157323
11500,0.0020336334
11501,0.01911846
11502,0.040553633
11503,0.0018200038
11504,0.009816238
11505,0.012937633
11506,2.5514819e-05
11507,0.0006752926
11508,0.0054315585
11509,0.015097633
11510,0.024348505
11511,0.025481962
11512,0.016395615
11513,6.533333e-06
11514,0.0018044591
11515,0.00725926
11516,0.0011041333
11517,0.012187392
11518,0.028623704
11519,0.035684507
11520,0.026048535
11521,0.008500834
11522,4.8000006e-06
11523,0.001682504
11524,0.02152934
11525,0.048347294
11526,0.059288897
11527,0.0010880148
11528,0.0039675003
11529,0.0045551155
11530,0.0014513928
11531,0.0004008926
11532,0.0011531999
11533,0.015428449
11534,0.002496448
11535,0.0205932
11536,0.034998063
11537,0.027542701
11538,8.181482e-06
11539,0.0034347004
11540,0.0134832
11541,0.0016576335
11542,0.0017992925
11543,0.018550536
11544,0.0331558
11545,0.026980003
11546,0.007927293
11547,0.00086403335
11548,0.016536182
11549,0.040823705
11550,0.053397074
11551,0.04387913
11552,0.02062815
11553,0.0024540594
11554,0.002682226
11555,0.019575559
11556,0.039603338
11557,0.048588466
11558,0.041366532
11559,0.02366957
11560,0.006780033
11561,3.1148147e-06
11562,0.0056306995
11563,0.018816726
11564,0.031234136
11565,0.035868682
11566,0.030464534
11567,0.018269781
11568,0.005936133
11569,0.00019592591
11570,0.0044977926
11571,0.012758281
11572,0.021565072
11573,0.026840236
11574,0.025540285
11575,0.017747115
11576,0.0073424596
11577,0.0005264037
11578,0.0021280148
11579,0.0012892594
11580,0.015292681
11581,0.0025576334
11582,0.023111125
11583,0.044185616
11584,0.042663835
11585,0.020401513
11586,0.0014375147
11587,0.0062688924
11588,0.031948037
11589,0.056535743
11590,0.06006196
11591,0.040946756
11592,0.014903837
11593,0.0005292
11594,0.0012980149
11595,0.017152237
11596,0.039216727
11597,0.051060624
11598,0.04511148
11599,0.026541958
11600,0.0
11601,0.0009370704
11602,0.0034704595
11603,0.007701348
11604,0.013384447
11605,0.018800035
11606,0.020856032
11607,0.0004720334
11608,0.0022533333
11609,0.0028291706
11610,2.314815e-06
11611,0.0011907001
11612,0.0007301334
11613,0.010242849
11614,0.025696134
11615,0.03344454
11616,0.025404302
11617,0.00881796
11618,3.7925927e-06
11619,0.008944133
11620,0.030083334
11621,0.04746815
11622,0.0017176333
11623,0.0103788
11624,0.017328035
11625,0.013440834
11626,0.0031895703
11627,0.0009296334
11628,0.0145493485
11629,0.035845637
11630,0.0022360333
11631,0.015383126
11632,0.0013646259
11633,0.0072696335
11634,0.0072075003
11635,0.0012848927
11636,0.0019360333
11637,0.016131736
11638,0.034408536
11639,0.04008926
11640,0.02740148
11641,0.008003333
11642,0.00061351486
11643,0.012000001
11644,0.030592136
11645,0.043370686
11646,0.04166413
11647,0.027040016
11648,0.009528949
11649,0.00026403333
11650,0.004288059
11651,0.018007502
11652,0.0019737037
11653,0.0021224038
11654,0.023370905
11655,0.046229962
11656,0.045396302
11657,0.022122726
11658,0.00030294814
11659,0.009684034
11660,0.0021168
11661,0.021226801
11662,0.04482756
11663,0.050512034
11664,0.032956626
11665,8.181482e-06
11666,0.0027968925
11667,0.010107794
11668,0.01943956
11669,0.026403332
11670,0.02678045
11671,0.019575559
11672,4.32e-05
11673,2.2533332e-05
11674,0.0007400333
11675,0.0036889038
11676,0.010058904
11677,0.018286237
11678,0.023632137
11679,0.0006658371
11680,0.0033355595
11681,0.0001648926
11682,4.281482e-06
11683,0.00028009262
11684,0.00046413334
11685,0.0010600927
11686,0.013738802
11687,0.029704534
11688,0.0011041333
11689,0.00033779262
11690,0.0013112037
11691,0.00024462593
11692,0.0012980149
11693,0.009864533
11694,0.02261423
11695,0.02878868
11696,0.021726234
11697,2.314815e-06
11698,0.0011408334
11699,0.0056948145
11700,0.013710283
11701,0.0012805335
11702,0.012000001
11703,0.025094848
11704,0.0264627
11705,0.013910533
11706,0.0012373483
11707,0.004067793
11708,0.023613425
11709,0.04511148
11710,0.05150164
11711,0.00084978144
11712,0.0029733926
11713,0.0033566817
11714,0.00092592597
11715,0.0005720334
11716,0.008189516
11717,0.0017582261
11718,0.017520832
11719,0.035226133
11720,0.03547787
11721,0.017779559
11722,0.0014467594
11723,0.0051308484
11724,0.0028356484
11725,0.02953695
11726,0.06006196
11727,0.06449604
11728,0.039579116
11729,0.009457794
11730,0.0005778704
11731,0.0025761332
11732,0.02943245
11733,0.06213784
11734,0.07176891
11735,0.051695175
11736,0.020003615
11737,0.0010482371
11738,0.005740834
11739,0.026284803
11740,0.045552038
11741,0.05040267
11742,0.0009899593
11743,0.0050786706
11744,0.008806533
11745,0.006981959
11746,0.0014329037
11747,0.0005461334
11748,0.0014191149
11749,0.002259115
11750,0.02507557
11751,0.049288537
11752,0.048053347
11753,0.023240834
11754,0.0017941332
11755,0.0064142817
11756,0.033712182
11757,0.059674807
11758,0.06299028
11759,0.0007939593
11760,0.0022533333
11761,0.0023232002
11762,0.00045630004
11763,0.00088563334
11764,0.008489615
11765,0.0217083
11766,0.03173085
11767,0.030062228
11768,0.01721606
11769,0.0035280597
11770,0.00075333705
11771,0.012403334
11772,0.030784033
11773,0.043142848
11774,0.04114404
11775,0.026561795
11776,8.892593e-06
11777,0.00047468152
11778,0.0023114816
11779,0.006172893
11780,0.012200834
11781,0.018633515
11782,0.02178009
11783,0.018583706
11784,0.00999796
11785,0.0017429481
11786,0.0008568927
11787,0.0100467
11788,0.024806459
11789,0.03596095
11790,0.036099575
11791,0.024940833
11792,0.009792134
11793,0.00016803335
11794,0.00065022596
11795,0.008726761
11796,0.022595925
11797,0.03395846
11798,0.03518046
11799,0.025133427
11800,0.0103664035
11801,0.00073342596
11802,0.0027648
11803,0.0015648151
11804,0.017795796
11805,0.040480133
11806,0.05111565
11807,0.041070003
11808,0.01888357
11809,0.0020833337
11810,0.0010482371
11811,0.015428449
11812,0.036400832
11813,0.048615295
11814,0.044057783
11815,0.026720727
11816,0.008400134
11817,6.551482e-05
11818,0.0053155697
11819,0.019304035
11820,0.032780092
11821,0.037807498
11822,0.03192628
11823,0.0002780593
11824,0.00070083333
11825,0.0006689815
11826,2.0833337e-05
11827,0.00031795923
11828,0.006317171
11829,0.0015744594
11830,0.016317781
11831,0.03333334
11832,0.034003336
11833,0.017264005
11834,0.0014606816
11835,0.004872626
11836,0.02720037
11837,0.05043
11838,0.0021731704
11839,0.0013781481
11840,0.01217396
11841,0.018187616
11842,0.010279837
11843,0.00046675923
11844,0.0061156475
11845,0.0026508
11846,0.026502317
11847,0.05086828
11848,0.0015123001
11849,0.0053067002
11850,0.0042166263
11851,0.00024844817
11852,0.0033991258
11853,0.017585339
11854,0.03335556
11855,0.0014008334
11856,0.0075525343
11857,0.009949338
11858,0.0045387005
11859,2.5037036e-06
11860,0.007415649
11861,0.025754703
11862,0.040946756
11863,0.039676033
11864,0.022742536
11865,0.0046625338
11866,0.0008676149
11867,0.014726061
11868,0.035638534
11869,0.048293784
11870,0.044262405
11871,0.02714018
11872,1.7925927e-06
11873,0.0001337037
11874,0.002144893
11875,0.0070431144
11876,0.0009976333
11877,0.011174701
11878,0.026720727
11879,0.0338912
11880,0.02519135
11881,1.6333332e-06
11882,0.0013377817
11883,0.006317171
11884,0.014593427
11885,0.022871207
11886,0.026068185
11887,0.02115593
11888,0.010553126
11889,0.0014981332
11890,0.0012936335
11891,0.011629572
11892,0.026760532
11893,0.0018565333
11894,0.0150677385
11895,0.029746506
11896,0.030020034
11897,0.015052802
11898,0.0011573371
11899,0.004804893
11900,0.025891613
11901,0.002927115
11902,0.024253631
11903,0.045344453
11904,0.04316814
11905,0.000112133326
11906,0.00031579257
11907,0.00045890373
11908,0.007415649
11909,0.020996893
11910,0.032122318
11911,0.03127717
11912,0.018385127
11913,0.0039905333
11914,0.0006378704
11915,0.012322134
11916,0.031234136
11917,0.044032242
11918,0.042037632
11919,0.027080063
11920,0.009422315
11921,0.00023520003
11922,0.00440037
11923,0.018187616
11924,0.03242845
11925,0.038473073
11926,0.033133633
11927,0.019883294
11928,0.0063948
11929,0.0002187
11930,0.004872626
11931,0.013553961
11932,0.022468036
11933,0.027441796
11934,0.025657127
11935,0.017488627
11936,0.0070635593
11937,0.00045111479
11938,0.0022475594
11939,0.012362699
11940,0.025481962
11941,0.03395846
11942,0.032494236
11943,0.021816036
11944,0.008333335
11945,0.00039603334
11946,0.0030200335
11947,0.014755615
11948,0.028582536
11949,0.036192138
11950,0.033045072
11951,0.00036750003
11952,0.0011041333
11953,0.0011531999
11954,0.00012951484
11955,0.0011285334
11956,0.008090682
11957,0.019917635
11958,0.029099291
11959,0.027866848
11960,0.0162867
11961,0.0034776332
11962,0.00063480006
11963,0.011603335
11964,0.029516036
11965,0.0021336332
11966,0.01702495
11967,0.032956626
11968,0.032648
11969,0.016054533
11970,0.0011656334
11971,0.005209615
11972,0.02734107
11973,0.04985763
11974,0.05475565
11975,0.038880005
11976,0.015127559
11977,0.00026205927
11978,0.0009185334
11979,0.011446534
11980,0.027826227
11981,0.039289072
11982,0.038210906
11983,0.025404302
11984,0.009375116
11985,0.0003628482
11986,0.0036741337
11987,0.016708802
11988,0.031040832
11989,0.03792593
11990,0.033489075
11991,0.0205932
11992,0.0068806265
11993,0.000116033334
11994,0.003860893
11995,0.015610405
11996,0.0017633336
11997,0.016661635
11998,0.0024300003
11999,0.0021561817
12000,0.018850137
12001,0.028131617
12002,0.016724536
12003,0.0014053927
12004,0.005833426
12005,0.0031076148
12006,0.003557037
12007,0.0339809
12008,0.057757784
12009,0.04552606
12010,0.0136107
12011,0.00029244815
12012,0.021834014
12013,0.004288059
12014,0.036703352
12015,0.06630134
12016,0.060570136
12017,0.02714018
12018,0.0015696336
12019,0.008795115
12020,0.04074996
12021,0.06800454
12022,0.0023703706
12023,0.013314134
12024,0.021368904
12025,0.016131736
12026,0.0038006261
12027,0.0009899593
12028,0.015931392
12029,0.038736135
12030,0.0023349482
12031,0.015824035
12032,0.026245346
12033,0.00042563336
12034,0.0004008926
12035,0.000105781495
12036,0.0038457816
12037,0.013867501
12038,0.024825636
12039,0.027502315
12040,0.01853396
12041,0.005271293
12042,0.00013511482
12043,0.009624237
12044,0.0022707
12045,0.022705838
12046,0.04746815
12047,0.052892003
12048,0.0005461334
12049,0.0006944037
12050,5.9737034e-05
12051,0.00028213335
12052,0.00592676
12053,0.018220462
12054,0.02941157
12055,0.029998949
12056,0.00027603333
12057,0.0002720037
12058,3.134815e-05
12059,0.0016035704
12060,0.007457634
12061,0.017072627
12062,0.024902405
12063,0.0008251259
12064,0.00041070004
12065,0.0028227004
12066,0.0025025331
12067,8.222593e-05
12068,0.0032102258
12069,0.015610405
12070,0.0018565333
12071,0.015202505
12072,0.026344037
12073,0.02097926
12074,0.0057131997
12075,0.0006075001
12076,0.016100835
12077,0.0030603004
12078,0.02734107
12079,0.051253334
12080,0.048508007
12081,0.022650847
12082,0.0014981332
12083,0.0019306814
12084,0.026403332
12085,0.003921633
12086,0.032604035
12087,0.059200015
12088,0.0015987
12089,0.0053244485
12090,0.0041223145
12091,0.00010453333
12092,0.00072684826
12093,0.0110848155
12094,0.027704537
12095,0.035661515
12096,0.026720727
12097,0.0090828
12098,7.2592593e-07
12099,0.009457794
12100,0.031212624
12101,0.0026257925
12102,0.020908799
12103,0.039433964
12104,0.03804454
12105,0.018154802
12106,0.00028829998
12107,0.0012936335
12108,0.016661635
12109,0.03904818
12110,0.050211575
12111,0.0010680334
12112,0.004288059
12113,0.005122134
12114,0.0017735704
12115,0.00029662595
12116,0.0011656334
12117,0.015701784
12118,0.0363312
12119,0.0437772
12120,0.030592136
12121,0.009292801
12122,4.1614818e-05
12123,0.0019306814
12124,0.023876004
12125,0.05255663
12126,0.063173704
12127,0.047707118
12128,0.019900458
12129,0.0015028483
12130,0.004344034
12131,0.023259392
12132,0.042714138
12133,0.04931556
12134,0.0010680334
12135,0.0056489813
12136,0.0097440155
12137,0.0077120336
12138,0.0016280335
12139,0.0010600927
12140,0.012349171
12141,0.030083334
12142,0.040872905
12143,0.035638534
12144,0.01831917
12145,0.0028616334
12146,0.0015600036
12147,0.0018408335
12148,0.021209074
12149,0.04699202
12150,0.05746563
12151,0.0010600927
12152,0.003883615
12153,0.004481482
12154,0.0014191149
12155,0.00040578152
12156,0.008200534
12157,0.023259392
12158,0.034998063
12159,0.03335556
12160,0.019068003
12161,0.003883615
12162,0.00081120007
12163,0.013258016
12164,0.032516185
12165,0.0022188004
12166,0.017296005
12167,0.033266705
12168,0.03282418
12169,0.016069962
12170,0.0011449482
12171,0.0052889823
12172,0.027522506
12173,0.050020833
12174,0.054812633
12175,0.038856003
12176,0.0150677385
12177,0.0007939593
12178,0.0011781335
12179,0.0020172002
12180,0.0028162373
12181,0.031040832
12182,0.004021348
12183,0.0032033334
12184,0.02714018
12185,0.0018723003
12186,0.0074261334
12187,0.0049922997
12188,4.645926e-05
12189,0.0061633335
12190,0.023389515
12191,0.0018670369
12192,0.0011823149
12193,0.008512059
12194,0.009469633
12195,0.0023881816
12196,0.0011781335
12197,0.015082683
12198,0.034861572
12199,0.0421875
12200,0.02968356
12201,0.009106015
12202,0.0006045037
12203,0.0016329484
12204,0.0024480335
12205,0.027664037
12206,0.0037037039
12207,0.02829517
12208,0.0024240036
12209,0.01290996
12210,0.013810227
12211,0.003883615
12212,0.0009075
12213,0.0021336332
12214,0.024272595
12215,0.04808004
12216,0.04715046
12217,0.022944896
12218,0.0018096336
12219,0.0062592602
12220,0.0033005036
12221,0.0334668
12222,0.0667094
12223,0.07021229
12224,0.042037632
12225,0.0095408335
12226,0.0007939593
12227,0.02026267
12228,0.04891095
12229,0.06326552
12230,0.054017637
12231,0.029830536
12232,6.533333e-06
12233,0.0015938372
12234,0.0050095157
12235,0.009636182
12236,0.0008568927
12237,0.009292801
12238,0.022908034
12239,0.030041128
12240,0.023148151
12241,0.00821156
12242,7.1703707e-06
12243,0.008255738
12244,0.028397633
12245,0.045552038
12246,0.04699202
12247,0.032144133
12248,2.2533332e-05
12249,0.00038163335
12250,0.0021224038
12251,0.005983115
12252,0.0121471165
12253,0.01878335
12254,0.022104625
12255,0.0005432926
12256,0.002644537
12257,0.0033496334
12258,0.0010720148
12259,0.0004181333
12260,0.0075949044
12261,0.021654533
12262,0.033045072
12263,0.03201333
12264,0.018683393
12265,2.8681483e-05
12266,0.0027265332
12267,0.00951707
12268,0.018385127
12269,0.025288032
12270,0.026087837
12271,0.019456532
12272,0.008783704
12273,8.333335e-05
12274,0.0030940594
12275,0.009949338
12276,0.01853396
12277,0.025017781
12278,0.025520831
12279,0.018917039
12280,4.8133337e-05
12281,3.2033335e-05
12282,0.0007367259
12283,0.00039361484
12284,0.006365634
12285,0.018700033
12286,0.029557869
12287,0.029746506
12288,0.018154802
12289,1.6625927e-05
12290,0.0023114816
12291,0.008534533
12292,0.017184133
12293,0.02446259
12294,0.025970018
12295,0.019866135
12296,0.009257633
12297,0.0010600927
12298,0.0016035704
12299,0.01189357
12300,0.0018460593
12301,0.018154802
12302,0.03914445
12303,0.04518907
12304,0.0005348148
12305,0.0008251259
12306,0.00013090372
12307,0.00086403335
12308,0.007012504
12309,0.018269781
12310,0.027724799
12311,0.027421633
12312,0.01658317
12313,1.7633334e-05
12314,0.0022360333
12315,0.008311126
12316,0.016866505
12317,0.024196802
12318,0.02585246
12319,0.019917635
12320,0.009363333
12321,0.0011041333
12322,0.0015552
12323,0.011827293
12324,0.02632428
12325,0.0017889815
12326,0.014564034
12327,0.028892035
12328,0.029286461
12329,0.0147704035
12330,0.0011490704
12331,0.0046958374
12332,0.025501395
12333,0.04738863
12334,0.052948005
12335,0.03832996
12336,0.015352949
12337,0.0009595593
12338,0.0041067
12339,0.020645635
12340,0.0023408332
12341,0.020908799
12342,0.043396033
12343,0.0018723003
12344,0.009925071
12345,0.013006949
12346,0.006211204
12347,1.7633334e-05
12348,0.0014145334
12349,0.019388681
12350,0.043548305
12351,0.050758533
12352,0.03411565
12353,0.009684034
12354,0.00012403334
12355,0.013824534
12356,0.039024137
12357,0.05555604
12358,0.0516675
12359,0.031514402
12360,0.009792134
12361,6.3559266e-05
12362,0.0062016146
12363,0.021798061
12364,0.035868682
12365,0.04001618
12366,0.032604035
12367,0.018418148
12368,0.0053689484
12369,5.9259264e-06
12370,0.0008146704
12371,0.0110592
12372,0.0273612
12373,0.039024137
12374,0.038258504
12375,0.025637634
12376,0.009564626
12377,0.0003984593
12378,0.0036080335
12379,0.01667735
12380,0.03112667
12381,0.038115796
12382,0.033667505
12383,0.020698136
12384,0.006910948
12385,0.00011472593
12386,0.003883615
12387,0.0014560336
12388,0.016224626
12389,0.03740624
12390,0.048000004
12391,0.039361484
12392,0.018633515
12393,0.0022707
12394,0.0024120333
12395,0.018072894
12396,0.037218153
12397,0.0020944595
12398,0.0157323
12399,0.030400833
12400,0.03025246
12401,9.961482e-05
12402,0.00018418148
12403,0.0027011705
12404,0.009576534
12405,0.019185837
12406,0.025754703
12407,0.02370704
12408,0.0134832
12409,0.002713837
12410,0.0007040593
12411,0.010868033
12412,0.027441796
12413,0.039458133
12414,0.0013467001
12415,0.008322226
12416,0.014286281
12417,0.00024272593
12418,0.00015717038
12419,0.00013511482
12420,0.003921633
12421,0.001245926
12422,0.013896183
12423,0.029328132
12424,0.03072
12425,0.016039116
12426,0.0014700001
12427,0.004352059
12428,0.025384903
12429,0.0029733926
12430,0.024748985
12431,0.046229962
12432,0.043904625
12433,0.020610668
12434,0.0003333334
12435,0.00999796
12436,0.027482133
12437,0.040872905
12438,0.040872905
12439,0.027643792
12440,0.0103788
12441,0.0004485333
12442,0.0037781487
12443,0.017440371
12444,0.03231895
12445,0.039168537
12446,0.03418313
12447,0.020698136
12448,0.0067200335
12449,8.222593e-05
12450,0.0040833335
12451,0.015946759
12452,0.028623704
12453,0.034861572
12454,0.03112667
12455,0.019609634
12456,0.0068705333
12457,0.0001808926
12458,0.0033778707
12459,0.0014008334
12460,0.015885336
12461,0.036820035
12462,0.047494676
12463,0.03914445
12464,0.01866676
12465,0.0023232002
12466,0.0023349482
12467,0.01787707
12468,0.03705396
12469,0.04646579
12470,0.0012033334
12471,0.006760004
12472,0.011603335
12473,0.009140893
12474,0.0020226706
12475,0.0010092
12476,0.012896133
12477,0.03157926
12478,0.04268898
12479,0.036890138
12480,0.018716682
12481,0.0028162373
12482,0.0017025335
12483,0.016116282
12484,0.0024240036
12485,0.022541072
12486,0.0465708
12487,0.051695175
12488,0.033200134
12489,0.00867
12490,0.00029244815
12491,0.0022016333
12492,0.026028892
12493,0.05621784
12494,0.06642676
12495,0.049153514
12496,0.019883294
12497,0.0013067999
12498,0.0013736334
12499,0.018583706
12500,0.04208756
12501,0.05404593
12502,0.04686018
12503,0.026860185
12504,8.333334e-07
12505,0.0011203705
12506,0.0038912038
12507,0.008233634
12508,0.013795926
12509,0.01886685
12510,0.020575738
12511,0.016756035
12512,0.008636033
12513,0.0013467001
12514,0.0009785037
12515,0.0011991148
12516,0.015037871
12517,0.0357075
12518,0.04678117
12519,0.03907224
12520,0.0001393926
12521,4.281482e-06
12522,0.0006533334
12523,0.0036520334
12524,0.0008568927
12525,0.010615737
12526,0.026028892
12527,0.0334668
12528,0.02519135
12529,0.008613426
12530,7.2592593e-07
12531,0.0016084481
12532,0.020873617
12533,0.04720334
12534,0.058256134
12535,0.045318533
12536,0.019780448
12537,0.0018044591
12538,0.0011949037
12539,0.016929792
12540,0.03914445
12541,0.051253334
12542,0.045448188
12543,0.026820298
12544,0.008003333
12545,2.1392592e-05
12546,0.005824134
12547,0.019986406
12548,0.033111483
12549,0.037594803
12550,0.031384896
12551,0.018368628
12552,0.0057131997
12553,3.703704e-05
12554,0.0040136334
12555,0.015172504
12556,0.02720037
12557,0.033422284
12558,0.03025246
12559,0.01943956
12560,0.0070329043
12561,0.00016333334
12562,0.0041850703
12563,0.01217396
12564,0.02097926
12565,0.001245926
12566,0.0106408335
12567,0.02228596
12568,0.023744533
12569,0.000107037034
12570,7.894814e-05
12571,0.00032450372
12572,0.0008533334
12573,0.012227737
12574,0.029788502
12575,0.037571207
12576,0.027603336
12577,9.4814817e-07
12578,0.0014981332
12579,0.0068000923
12580,0.0152625935
12581,0.023408134
12582,0.0010720148
12583,0.007701348
12584,0.013781635
12585,0.01118757
12586,0.0027584038
12587,0.00061653333
12588,0.011800835
12589,0.030912302
12590,0.04311757
12591,0.03804454
12592,0.00018253335
12593,1.2033334e-05
12594,0.00034680005
12595,0.0029667593
12596,0.00084978144
12597,0.010792035
12598,0.026442904
12599,0.03395846
12600,0.025481962
12601,0.008681336
12602,4.4814817e-07
12603,0.009199171
12604,0.030422058
12605,0.047653962
12606,0.048133425
12607,0.03216596
12608,0.0116427
12609,0.00039603334
12610,0.0046293484
12611,0.019866135
12612,0.03527184
12613,0.041193426
12614,0.034634683
12615,0.02008978
12616,0.00605867
12617,2.0833337e-05
12618,0.0045387005
12619,0.016364459
12620,0.0017176333
12621,0.016131736
12622,0.03515764
12623,0.0016775148
12624,0.009316281
12625,0.012389781
12626,0.005936133
12627,1.4237037e-05
12628,0.0073424596
12629,0.026900092
12630,0.0023703706
12631,0.017633792
12632,0.0015792927
12633,0.00075000006
12634,0.0038156484
12635,0.0021788483
12636,9.600371e-05
12637,0.007145634
12638,0.022158949
12639,0.032035116
12640,0.026403332
12641,0.010316893
12642,0.00012
12643,0.0015265334
12644,0.02050596
12645,0.046728536
12646,0.05796273
12647,0.045292627
12648,0.019883294
12649,0.0018565333
12650,0.0035280597
12651,0.0022188004
12652,0.0238572
12653,0.05139121
12654,0.0612912
12655,0.04612534
12656,0.0192027
12657,0.0002503704
12658,0.006951481
12659,0.018451199
12660,0.02829517
12661,0.03157926
12662,0.026840236
12663,0.016458016
12664,0.0056672934
12665,0.0001253926
12666,0.0030737817
12667,0.013300093
12668,0.025443114
12669,0.032714013
12670,0.03072
12671,0.020418903
12672,0.0077548483
12673,0.0003559259
12674,0.0029205335
12675,0.014228148
12676,0.027704537
12677,0.035386227
12678,0.032648
12679,0.02110285
12680,0.0076373927
12681,0.00017763334
12682,0.0044733374
12683,0.012813333
12684,0.0217083
12685,0.027020006
12686,0.025696134
12687,0.017812034
12688,2.7392594e-05
12689,9.961482e-05
12690,0.00014228148
12691,0.0029205335
12692,0.010453334
12693,0.020558283
12694,0.0012848927
12695,0.009696014
12696,0.017168185
12697,0.013853171
12698,0.0035497816
12699,0.00074334815
12700,0.0139968
12701,0.035454948
12702,0.04781352
12703,0.040700838
12704,0.020107038
12705,0.0028033333
12706,0.0009633334
12707,0.014755615
12708,0.03527184
12709,0.047600836
12710,0.043599118
12711,0.02678045
12712,0.008602134
12713,9.245926e-05
12714,0.005113426
12715,0.019051202
12716,0.0019306814
12717,0.0175692
12718,0.002496448
12719,0.020176135
12720,0.03418313
12721,0.026860185
12722,8.533334e-06
12723,0.0034275707
12724,0.013454949
12725,0.02571565
12726,0.03199156
12727,0.026980003
12728,0.013710283
12729,0.0020667
12730,0.0013826704
12731,0.013202014
12732,0.0021168
12733,0.020384135
12734,0.042991295
12735,0.0018934261
12736,0.010095559
12737,0.013258016
12738,0.0063559264
12739,2.2533332e-05
12740,0.0074471254
12741,0.02746196
12742,0.04413446
12743,0.042663835
12744,0.024253631
12745,0.0048896335
12746,0.0009595593
12747,0.015580004
12748,0.037171204
12749,0.049721837
12750,0.0013962816
12751,0.007884005
12752,0.0133281825
12753,0.010403615
12754,0.0023408332
12755,0.0010014815
12756,0.013469071
12757,0.032956626
12758,0.0020944595
12759,0.014652302
12760,0.02461513
12761,0.019185837
12762,0.004957959
12763,0.00075333705
12764,0.016131736
12765,0.0029667593
12766,0.026522135
12767,0.04988482
12768,0.04736213
12769,0.022213338
12770,0.0014840333
12771,0.006910948
12772,0.0342732
12773,0.059615348
12774,0.062320016
12775,0.041688986
12776,0.014681783
12777,0.00041070004
12778,0.00605867
12779,0.024291558
12780,0.040946756
12781,0.045370374
12782,0.03596095
12783,0.019354803
12784,0.0050786706
12785,1.0403704e-05
12786,0.0054585035
12787,0.017280001
12788,0.028623704
12789,0.03333334
12790,0.02899557
12791,0.00029662595
12792,7.053334e-05
12793,0.00040578152
12794,0.00010453333
12795,0.00059853337
12796,0.0057040043
12797,0.016069962
12798,0.0014375147
12799,0.011590227
12800,0.020453705
12801,0.00036983704
12802,0.00036750003
12803,0.000108299995
12804,0.00059853337
12805,0.009588449
12806,0.024787292
12807,0.03282418
12808,0.0005749482
12809,7.894814e-05
12810,9.961482e-05
12811,0.00025813334
12812,0.00056333333
12813,0.0012075593
12814,0.015157515
12815,0.032231484
12816,0.033667505
12817,0.01753695
12818,0.0016428002
12819,0.0045223148
12820,0.026541958
12821,0.04996641
12822,0.055814534
12823,0.00084978144
12824,0.0002277926
12825,0.0001253926
12826,0.00033779262
12827,2.8033332e-05
12828,0.0028421334
12829,0.01181406
12830,0.022760894
12831,0.026561795
12832,0.018800035
12833,0.005814848
12834,4.7292593e-05
12835,0.00881796
12836,0.027421633
12837,0.04268898
12838,0.0015792927
12839,0.0097440155
12840,0.016458016
12841,0.012868504
12842,0.0030670373
12843,0.0009111704
12844,0.014242671
12845,0.035203293
12846,0.04699202
12847,0.0010920333
12848,0.0046210703
12849,0.0056124483
12850,0.0020446258
12851,0.00032231485
12852,0.0075737042
12853,0.0018044591
12854,0.018122016
12855,0.036354408
12856,0.036493782
12857,0.018220462
12858,0.0014746704
12859,0.0052360045
12860,0.028541394
12861,0.052194502
12862,0.057086952
12863,0.0401868
12864,3.3425924e-05
12865,0.00041070004
12866,0.0023056336
12867,0.0063365335
12868,0.012566533
12869,0.0010640593
12870,0.0012245373
12871,0.013398534
12872,0.024787292
12873,0.0205932
12874,0.0059925327
12875,0.00043573702
12876,0.0150677385
12877,0.03999184
12878,0.05407423
12879,0.045500092
12880,0.02194206
12881,0.002848626
12882,0.0024661333
12883,0.019541517
12884,0.040162407
12885,0.04958623
12886,0.042287562
12887,0.024140034
12888,5.333334e-07
12889,0.0001648926
12890,0.0024721816
12891,0.007744133
12892,0.001024726
12893,0.0014099594
12894,0.016882315
12895,0.03515764
12896,0.0012160332
12897,0.0046127997
12898,0.0036815153
12899,0.00017601483
12900,0.0034418372
12901,0.0017327999
12902,0.018800035
12903,0.03804454
12904,0.0012588482
12905,0.0046625338
12906,0.0036889038
12907,0.0001728
12908,0.0034776332
12909,0.017296005
12910,0.032582056
12911,0.035822593
12912,0.023426762
12913,5.9259264e-06
12914,0.00037218147
12915,0.0059455154
12916,0.017120373
12917,0.0016329484
12918,0.014578726
12919,0.02941157
12920,0.030083334
12921,0.015292681
12922,0.00020803335
12923,0.0072488924
12924,0.021493634
12925,0.034318287
12926,0.036843393
12927,0.027000003
12928,0.011433516
12929,0.00014228148
12930,0.0043923
12931,0.012854701
12932,0.0013200332
12933,0.013132183
12934,0.029893637
12935,0.036586847
12936,0.026245346
12937,0.008311126
12938,1.6625927e-05
12939,0.010292182
12940,0.032035116
12941,0.048722703
12942,0.048160132
12943,0.03153602
12944,0.0110592
12945,0.00029662595
12946,0.0010840038
12947,0.014593427
12948,0.034340836
12949,0.046203792
12950,0.0424128
12951,0.026225634
12952,0.008534533
12953,0.00010957038
12954,0.004898149
12955,0.018616905
12956,0.032253336
12957,0.037712894
12958,0.032231484
12959,0.019253334
12960,0.006172893
12961,6.3559266e-05
12962,0.003952182
12963,0.01533787
12964,0.027704537
12965,0.034025785
12966,0.03072
12967,0.019609634
12968,0.0070227003
12969,0.0002187
12970,0.0032240332
12971,0.01444676
12972,0.02746196
12973,0.03468
12974,0.031861074
12975,0.00036750003
12976,0.0011449482
12977,0.0012160332
12978,0.00014963334
12979,0.00031579257
12980,0.006502315
12981,0.0195075
12982,0.0016925039
12983,0.0014375147
12984,0.012923794
12985,0.019388681
12986,0.0110848155
12987,0.0005749482
12988,0.0060397373
12989,0.0027075
12990,0.027060032
12991,0.051833633
12992,0.049667574
12993,0.02353867
12994,0.0016775148
12995,0.0068806265
12996,0.034861572
12997,0.060870063
12998,0.002317337
12999,0.0013691259
13000,0.012013337
13001,0.017925927
13002,0.010107794
13003,0.0004433926
13004,0.006134701
13005,0.027745074
13006,0.04730917
13007,0.0015938372
13008,0.007744133
13009,0.009888726
13010,0.004360093
13011,0.00031579257
13012,0.008145514
13013,0.02370704
13014,0.0018934261
13015,0.014228148
13016,0.024329519
13017,0.0192027
13018,0.00507
13019,0.0006912
13020,0.015854672
13021,0.0401868
13022,0.05328463
13023,0.0442368
13024,0.00014373705
13025,1.3781483e-05
13026,0.0007939593
13027,0.00043573702
13028,0.006820181
13029,0.0015938372
13030,0.016333334
13031,0.033311114
13032,0.033936035
13033,0.01721606
13034,0.0014513928
13035,0.0048811254
13036,0.02720037
13037,0.05040267
13038,0.055757035
13039,0.039773077
13040,0.01553446
13041,0.0008533334
13042,0.004530504
13043,0.021636626
13044,0.03904818
13045,0.04524083
13046,0.037241638
13047,0.02083846
13048,0.005833426
13049,9.25926e-08
13050,0.0009185334
13051,0.012093516
13052,0.029307293
13053,0.040971395
13054,0.03933734
13055,0.02571565
13056,0.0092225345
13057,0.0002187
13058,0.0052889823
13059,0.014578726
13060,0.023744533
13061,0.028377127
13062,0.025950404
13063,0.017280001
13064,0.006740004
13065,0.0003605333
13066,0.0024240036
13067,0.012593838
13068,0.025501395
13069,0.0016231261
13070,0.013258016
13071,0.0016775148
13072,0.01198667
13073,0.017040834
13074,0.009140893
13075,0.00027000002
13076,0.008377838
13077,0.024634227
13078,0.03719467
13079,0.03527184
13080,0.019952003
13081,0.0039675003
13082,0.00089289254
13083,0.013881838
13084,0.03357823
13085,0.045890372
13086,0.042613573
13087,0.026641203
13088,0.008840834
13089,0.0001393926
13090,0.0047964593
13091,0.0016875002
13092,0.018171204
13093,0.0408483
13094,0.051225785
13095,0.040946756
13096,0.018683393
13097,0.00016023703
13098,0.0054315585
13099,0.015352949
13100,0.024960058
13101,0.02953695
13102,0.026581636
13103,0.017360093
13104,0.0065613366
13105,0.00029244815
13106,0.0026195594
13107,0.01290996
13108,0.025696134
13109,0.033600535
13110,0.031817637
13111,0.021191347
13112,0.008036033
13113,0.00015870002
13114,0.004232448
13115,0.012335648
13116,0.021209074
13117,0.026720727
13118,0.025676623
13119,0.01799117
13120,0.0075208335
13121,0.0005662259
13122,0.0020888927
13123,0.01225467
13124,0.025657127
13125,0.034408536
13126,0.033000838
13127,0.022140836
13128,0.008433634
13129,0.00039603334
13130,0.0030737817
13131,0.01493357
13132,0.02880934
13133,0.036354408
13134,0.0010521815
13135,0.0064240335
13136,0.011303738
13137,0.0090596145
13138,0.0020611703
13139,0.00094453717
13140,0.012634848
13141,0.03125565
13142,0.0020391261
13143,0.014402905
13144,0.024272595
13145,0.01898406
13146,0.0049152006
13147,0.00074334815
13148,0.0021788483
13149,0.02571565
13150,0.05432926
13151,0.06006196
13152,0.03806828
13153,0.009696014
13154,0.00036983704
13155,0.016819116
13156,0.0437772
13157,0.002848626
13158,0.020996893
13159,0.038976062
13160,0.037288625
13161,0.017617634
13162,0.00029453338
13163,0.009001782
13164,0.025268683
13165,0.038425334
13166,0.0014282999
13167,0.00094453717
13168,0.008658671
13169,0.013020833
13170,0.0070533343
13171,0.00014228148
13172,0.0062400145
13173,0.02573517
13174,0.04321873
13175,0.04304178
13176,0.00032669998
13177,0.00021690372
13178,4.4814817e-05
13179,0.0018512926
13180,0.008079737
13181,0.0178608
13182,0.025423706
13183,0.024405517
13184,0.014476032
13185,0.003196448
13186,0.0005376334
13187,0.010553126
13188,0.027562905
13189,0.04013802
13190,0.039700285
13191,0.026700838
13192,0.009973634
13193,0.00020453705
13194,0.0051832926
13195,0.0011531999
13196,0.012840903
13197,0.030869516
13198,0.0415152
13199,0.035868682
13200,0.018236892
13201,0.0027584038
13202,0.0016526815
13203,0.0018565333
13204,0.021262279
13205,0.047071204
13206,0.057524007
13207,0.0444675
13208,0.019270224
13209,0.0017075593
13210,0.0036373371
13211,0.021368904
13212,0.0025514816
13213,0.002607115
13214,0.027704537
13215,0.053509634
13216,0.051418804
13217,0.02446259
13218,0.0017941332
13219,0.0069311997
13220,0.035432037
13221,0.06186507
13222,0.002346726
13223,0.013639115
13224,0.02205037
13225,0.016724536
13226,0.004005926
13227,0.0009520334
13228,0.0160083
13229,0.03912037
13230,0.051225785
13231,0.042337637
13232,0.020107038
13233,0.002478237
13234,0.0025086263
13235,0.018917039
13236,0.038736135
13237,0.0021392591
13238,0.015916033
13239,0.030656032
13240,0.030422058
13241,0.0149931265
13242,0.0010680334
13243,0.0050440338
13244,0.026403332
13245,0.048374064
13246,0.053453345
13247,0.038282316
13248,0.015112595
13249,0.00024844817
13250,0.006453333
13251,0.017248016
13252,0.026860185
13253,0.030570848
13254,0.026541958
13255,0.01667735
13256,0.0059737037
13257,0.00018418148
13258,0.0028616334
13259,0.013076448
13260,0.025443114
13261,0.032978725
13262,0.03112667
13263,0.020750703
13264,0.007894815
13265,0.00015413333
13266,0.0041457927
13267,0.012133704
13268,0.02097926
13269,0.026561795
13270,0.025657127
13271,0.018056534
13272,0.0075949044
13273,0.0005866815
13274,0.0020556482
13275,0.012214281
13276,0.025676623
13277,0.0344763
13278,0.03308934
13279,0.022195203
13280,0.008456005
13281,0.0003984593
13282,0.0030805336
13283,0.0149633335
13284,0.02885067
13285,0.036377616
13286,0.033111483
13287,0.021067498
13288,0.0074261334
13289,0.00020453705
13290,0.0035280597
13291,0.015292681
13292,0.028500285
13293,0.03540913
13294,0.03201333
13295,0.020332035
13296,0.0071868487
13297,0.00020280002
13298,0.0034133336
13299,0.014918702
13300,0.02800926
13301,0.035020836
13302,0.031882804
13303,0.020418903
13304,0.0073008006
13305,0.00022595927
13306,0.0033355595
13307,0.014829634
13308,0.027988894
13309,0.035112005
13310,0.03201333
13311,0.020523394
13312,0.0073424596
13313,0.0002277926
13314,0.003342593
13315,0.014874134
13316,0.028070405
13317,0.03518046
13318,0.0010208334
13319,0.0006658371
13320,0.0006944037
13321,0.0051395707
13322,0.0053155697
13323,0.0008216334
13324,0.0020611703
13325,0.015232534
13326,0.032056905
13327,0.0015170372
13328,0.00081120007
13329,0.0057131997
13330,0.0059455154
13331,0.0010092
13332,0.0019360333
13333,0.001753126
13334,0.019763332
13335,0.039967503
13336,0.04008926
13337,0.020003615
13338,0.0016625925
13339,0.0054495153
13340,0.029914683
13341,0.054471202
13342,0.0022475594
13343,0.013596503
13344,0.022195203
13345,0.016961483
13346,0.0041301334
13347,0.0009075
13348,0.015931392
13349,0.03914445
13350,0.0023763
13351,0.016085392
13352,0.026621336
13353,0.020558283
13354,1.4700002e-05
13355,0.0033075
13356,0.012923794
13357,0.024902405
13358,0.03127717
13359,0.026641203
13360,0.013724537
13361,0.002144893
13362,0.0012892594
13363,0.012923794
13364,0.02972552
13365,0.04050463
13366,0.038282316
13367,0.024748985
13368,0.008760904
13369,0.0002503704
13370,0.0039598374
13371,0.016929792
13372,0.030869516
13373,0.037382696
13374,0.032868303
13375,0.020176135
13376,0.006740004
13377,0.00020453705
13378,0.0047292598
13379,0.013286061
13380,0.022195203
13381,0.027280724
13382,0.025657127
13383,0.0003559259
13384,0.0013156149
13385,0.0014981332
13386,0.0002600926
13387,0.0009148482
13388,0.007873201
13389,0.020141572
13390,0.029809518
13391,0.028726762
13392,0.016834904
13393,0.0036226707
13394,0.0006015148
13395,0.0107541345
13396,0.027664037
13397,0.04004053
13398,0.0013736334
13399,0.0008820149
13400,0.008134534
13401,0.0122412015
13402,0.0065712007
13403,0.00010453333
13404,0.0062688924
13405,0.025404302
13406,0.042513132
13407,0.042337637
13408,0.024825636
13409,0.0053689484
13410,0.00075000006
13411,0.014903837
13412,0.036703352
13413,0.04985763
13414,0.045578018
13415,0.027745074
13416,0.008738134
13417,7.155926e-05
13418,0.0054585035
13419,0.019780448
13420,0.033422284
13421,0.038306136
13422,0.032122318
13423,0.018816726
13424,0.005842726
13425,3.6300004e-05
13426,0.0041067
13427,0.015428449
13428,0.027542701
13429,0.033667505
13430,0.030337198
13431,0.019371737
13432,0.006961634
13433,0.00016645927
13434,0.0042166263
13435,0.0010092
13436,0.011682134
13437,0.028768033
13438,0.03950651
13439,0.034861572
13440,0.018220462
13441,0.0029733926
13442,0.0014191149
13443,0.0150677385
13444,0.034025785
13445,0.0021392591
13446,0.016489258
13447,0.031817637
13448,0.03153602
13449,0.015519292
13450,0.0011163
13451,0.0051308484
13452,0.026880134
13453,0.049126536
13454,0.05410254
13455,0.038568627
13456,3.8533333e-05
13457,0.0003311148
13458,0.0020501334
13459,0.00051805936
13460,0.0072281817
13461,0.02024535
13462,0.031019393
13463,0.030400833
13464,0.018023837
13465,0.003982848
13466,0.0005866815
13467,0.01198667
13468,0.030698674
13469,0.043599118
13470,0.041888036
13471,0.02716024
13472,0.0095527265
13473,0.0002600926
13474,0.004312004
13475,0.018089259
13476,0.03240653
13477,0.038568627
13478,0.033288904
13479,0.019986406
13480,0.0064337924
13481,6.951483e-05
13482,0.0040445374
13483,0.015686532
13484,0.028192896
13485,0.03443112
13486,0.030890903
13487,0.00033779262
13488,0.0010169483
13489,0.0010680334
13490,0.00010957038
13491,0.00031579257
13492,0.0064435597
13493,0.019354803
13494,0.030677352
13495,0.030741341
13496,0.018633515
13497,0.0043200003
13498,0.000490726
13499,0.011748005
13500,0.0023290704
13501,0.022669174
13502,0.047176894
13503,0.052500837
13504,0.033756893
13505,0.008840834
13506,0.00028829998
13507,0.015082683
13508,0.04030889
13509,0.055900835
13510,0.051033124
13511,0.03054957
13512,0.0092225345
13513,0.00037218147
13514,0.0074051702
13515,0.01878335
13516,0.028213337
13517,0.031105202
13518,0.026265074
13519,0.016054533
13520,0.0055125924
13521,0.00012
13522,0.003026726
13523,0.013118238
13524,0.02517203
13525,0.032450374
13526,0.030613428
13527,0.020436302
13528,0.007819292
13529,0.0003745333
13530,0.0028746703
13531,0.0141556505
13532,0.027684284
13533,0.035432037
13534,0.032714013
13535,0.021173634
13536,1.08e-05
13537,0.00031579257
13538,0.0017889815
13539,0.005342226
13540,0.011420504
13541,0.018335648
13542,0.022140836
13543,0.019320948
13544,0.0106032
13545,0.0019521335
13546,0.00078370364
13547,0.010058904
13548,0.025133427
13549,0.036540303
13550,0.03663343
13551,0.02524934
13552,2.5514819e-05
13553,5.7870373e-05
13554,0.001245926
13555,0.004983704
13556,0.011800835
13557,0.019592596
13558,0.023782061
13559,0.0006015148
13560,0.002907393
13561,0.0036741337
13562,0.0012202814
13563,0.0003745333
13564,0.0076055145
13565,0.021960093
13566,0.0017889815
13567,0.013624905
13568,0.023445394
13569,0.018583706
13570,0.0049152006
13571,0.0006848149
13572,0.0155952005
13573,0.039603338
13574,0.052640375
13575,0.043853637
13576,0.00014520001
13577,1.9737035e-05
13578,0.0007466704
13579,0.0037408334
13580,0.010156801
13581,0.018418148
13582,0.02370704
13583,0.021457959
13584,0.012120301
13585,0.0023881816
13586,0.0007040593
13587,0.010354016
13588,0.0019737037
13589,0.0023408332
13590,0.025501395
13591,0.04988482
13592,0.0015217816
13593,0.0054315585
13594,0.004360093
13595,0.00028213335
13596,0.0033285336
13597,0.01753695
13598,0.03344454
13599,0.036913514
13600,0.024158949
13601,0.0065317936
13602,0.0002097926
13603,0.0118405325
13604,0.033045072
13605,0.048026673
13606,0.046203792
13607,0.02959974
13608,0.010095559
13609,0.00021155925
13610,0.004932282
13611,0.019592596
13612,0.0020336334
13613,0.018368628
13614,0.038952034
13615,0.044621635
13616,0.00051805936
13617,0.0007803
13618,0.00011084815
13619,0.0009075
13620,0.0070737926
13621,0.018269781
13622,0.02762356
13623,0.027280724
13624,0.016473634
13625,0.0037781487
13626,0.00048803337
13627,0.011020834
13628,0.028954137
13629,0.041962802
13630,0.041070003
13631,0.027220452
13632,1.4237037e-05
13633,0.00039120376
13634,0.0020888927
13635,0.0058613485
13636,0.011960033
13637,0.018616905
13638,0.022014238
13639,0.0005489815
13640,0.002675926
13641,0.0033920333
13642,0.0010920333
13643,0.00041070004
13644,0.0075842994
13645,0.02169037
13646,0.033111483
13647,0.032100506
13648,0.018733338
13649,0.003998226
13650,0.0006816333
13651,0.012634848
13652,0.03170917
13653,0.044416185
13654,0.0013962816
13655,0.0008568927
13656,0.007894815
13657,0.0005461334
13658,0.0016925039
13659,1.1614815e-05
13660,0.0018828483
13661,0.0009408001
13662,0.0014467594
13663,0.0018200038
13664,0.016442405
13665,0.024729835
13666,0.00014963334
13667,0.00015870002
13668,0.0035280597
13669,0.012539258
13670,0.022816017
13671,0.025813332
13672,0.017828282
13673,0.0052889823
13674,8.783704e-05
13675,0.0089902375
13676,0.027220452
13677,0.042062595
13678,0.042890407
13679,0.029369839
13680,0.011148983
13681,0.0005152926
13682,0.0038457816
13683,0.018007502
13684,0.033288904
13685,0.04008926
13686,0.034702674
13687,0.020768238
13688,0.006600833
13689,0.00023333704
13690,0.0051047257
13691,0.014040034
13692,0.023018703
13693,0.027785635
13694,0.000846237
13695,0.0006015148
13696,0.005814848
13697,0.0088293925
13698,0.0044977926
13699,6.2259264e-06
13700,0.006365634
13701,0.023800833
13702,0.039216727
13703,0.0013288924
13704,0.006610726
13705,0.008478405
13706,0.0036520334
13707,3.6300004e-05
13708,0.0076161334
13709,0.02519135
13710,0.039530702
13711,0.038163334
13712,0.021834014
13713,0.0044733374
13714,0.0008568927
13715,0.014373705
13716,0.034907043
13717,0.047494676
13718,0.043751743
13719,0.027040016
13720,0.008760904
13721,0.000105781495
13722,0.0010208334
13723,0.013596503
13724,0.0023290704
13725,0.022231482
13726,0.046256136
13727,0.051556893
13728,0.033244506
13729,0.008749516
13730,0.00027401483
13731,0.01484446
13732,0.039870232
13733,0.055470005
13734,0.050785966
13735,0.03054957
13736,0.009281071
13737,3.9292594e-05
13738,0.0062881815
13739,0.0018565333
13740,0.019320948
13741,0.04276446
13742,0.05292
13743,0.041688986
13744,0.018650135
13745,0.0018670369
13746,0.0031076148
13747,0.019848986
13748,0.038928017
13749,0.04715046
13750,0.0011408334
13751,0.0006440333
13752,0.0060776332
13753,0.009175838
13754,2.43e-05
13755,0.00014963334
13756,0.0039751707
13757,0.013867501
13758,0.024576949
13759,0.027120132
13760,0.018236892
13761,0.0051570376
13762,0.00014083333
13763,0.009576534
13764,0.028090801
13765,0.042638704
13766,0.042940836
13767,0.029057782
13768,0.01083
13769,0.00045111479
13770,0.003982848
13771,0.0017378703
13772,0.01898406
13773,0.04246295
13774,0.052836042
13775,0.041838225
13776,0.000102059275
13777,6.7500005e-05
13778,0.0011163
13779,0.004530504
13780,0.0110592
13781,0.01888357
13782,0.0010680334
13783,0.008145514
13784,0.014696535
13785,0.0002720037
13786,0.00022595927
13787,0.0002097926
13788,0.0041379593
13789,0.013910533
13790,0.0014513928
13791,0.012053393
13792,0.021333337
13793,0.0003888
13794,5.348148e-06
13795,0.00029662595
13796,0.0034275707
13797,0.001024726
13798,0.011867037
13799,0.001697515
13800,0.012389781
13801,0.017698504
13802,0.009600371
13803,0.00032013337
13804,0.0065613366
13805,0.028254237
13806,0.04741513
13807,0.046728536
13808,0.026900092
13809,0.0055851266
13810,0.0009111704
13811,0.016255649
13812,0.038952034
13813,0.05186135
13814,0.04646579
13815,0.02762356
13816,0.008333335
13817,3e-05
13818,0.0058613485
13819,0.02026267
13820,0.0019360333
13821,0.01739218
13822,0.03714774
13823,0.0017176333
13824,0.009398701
13825,0.012444034
13826,0.0059455154
13827,1.3333334e-05
13828,0.0073737823
13829,0.026980003
13830,0.043345336
13831,0.04198774
13832,0.023951294
13833,0.004864133
13834,0.000828626
13835,0.013896183
13836,0.03391362
13837,0.04646579
13838,0.04316814
13839,0.026940035
13840,0.008886671
13841,0.0001337037
13842,0.0048811254
13843,0.01878335
13844,0.032626018
13845,0.03813956
13846,0.032516185
13847,0.01933787
13848,1.2000002e-06
13849,0.0005348148
13850,0.00024272593
13851,0.0038988001
13852,0.012525634
13853,0.022871207
13854,0.028377127
13855,0.024291558
13856,0.01271707
13857,0.0020722374
13858,0.001132626
13859,0.012040033
13860,0.02829517
13861,0.039289072
13862,0.037760183
13863,0.00045630004
13864,0.0014053927
13865,0.0014887259
13866,0.00022413337
13867,0.00032013337
13868,0.006660301
13869,0.019866135
13870,0.03125565
13871,0.0010640593
13872,0.0054585035
13873,0.0070635593
13874,0.0029337038
13875,8.112593e-05
13876,0.0075313933
13877,0.02423468
13878,0.03792593
13879,0.036703352
13880,0.021138228
13881,0.0043842373
13882,0.0008042815
13883,0.013924894
13884,0.0024903703
13885,0.023632137
13886,0.0031348146
13887,0.0026133335
13888,0.022468036
13889,0.03344454
13890,0.020158846
13891,0.0019845334
13892,0.005740834
13893,0.0033355595
13894,0.033000838
13895,0.061895356
13896,0.058021355
13897,0.026820298
13898,0.0017889815
13899,0.007938134
13900,0.0037333926
13901,0.036843393
13902,0.07225885
13903,0.0026195594
13904,0.012566533
13905,0.015992904
13906,0.007658682
13907,5.6033343e-05
13908,0.007808534
13909,0.029203203
13910,0.046728536
13911,0.044776037
13912,0.025114138
13913,0.0049066707
13914,0.0010800001
13915,0.016333334
13916,0.038306136
13917,0.0506489
13918,0.045292627
13919,0.026980003
13920,0.008200534
13921,0.00032669998
13922,0.006630534
13923,0.017200094
13924,0.026482506
13925,0.030020034
13926,0.026068185
13927,0.016442405
13928,0.005936133
13929,0.00019422593
13930,0.0027904592
13931,0.012896133
13932,0.02524934
13933,0.032868303
13934,0.03114815
13935,0.020820895
13936,0.007959837
13937,0.00038163335
13938,0.0029139596
13939,0.0014237036
13940,0.016333334
13941,0.037736535
13942,0.048454404
13943,0.039700285
13944,0.01875
13945,0.00013511482
13946,0.0007235704
13947,0.009576534
13948,0.024291558
13949,0.035730503
13950,0.036215294
13951,0.00051805936
13952,0.0017838371
13953,6.3559266e-05
13954,1.6625927e-05
13955,0.00058373704
13956,0.004932282
13957,0.014184627
13958,0.023445394
13959,0.025037041
13960,0.016458016
13961,4.281482e-06
13962,0.0016775148
13963,0.0006848149
13964,0.009199171
13965,0.024272595
13966,0.035248984
13967,0.032802135
13968,0.018286237
13969,4.32e-05
13970,0.0030872927
13971,0.010316893
13972,0.019304035
13973,0.025891613
13974,0.02614685
13975,0.01911846
13976,0.0084224595
13977,0.0007871149
13978,0.0018723003
13979,0.012187392
13980,0.02614685
13981,0.03531757
13982,0.03391362
13983,0.022669174
13984,0.0085683
13985,0.00038401483
13986,0.0031895703
13987,0.0014981332
13988,0.016945634
13989,0.038832016
13990,0.049477875
13991,0.0401868
13992,0.018766671
13993,0.0021845335
13994,0.0010130705
13995,0.015082683
13996,0.03575352
13997,0.0022997928
13998,0.017585339
13999,0.033600535
14000,0.03302295
14001,0.016069962
14002,0.0011244481
14003,0.0053689484
14004,0.027684284
14005,0.050184302
14006,0.054869637
14007,0.038808037
14008,0.015022948
14009,0.0007803
14010,0.0045633335
14011,0.021457959
14012,0.038592532
14013,0.04472454
14014,0.036890138
14015,0.020715648
14016,6.259259e-07
14017,0.0008676149
14018,0.0032033334
14019,0.00725926
14020,0.012937633
14021,0.01853396
14022,0.020891206
14023,0.017440371
14024,0.009210848
14025,3.557037e-05
14026,0.0021845335
14027,0.00791646
14028,0.016131736
14029,0.023408134
14030,0.025365515
14031,0.00049884815
14032,0.0021675
14033,0.002644537
14034,0.00072684826
14035,0.0005778704
14036,0.0077334265
14037,0.021209074
14038,0.031969793
14039,0.030869516
14040,0.00023333704
14041,0.00014667037
14042,4.645926e-05
14043,0.0018408335
14044,0.0080251265
14045,0.017763335
14046,0.025326762
14047,0.0008077371
14048,0.0041772006
14049,0.005404682
14050,0.0020944595
14051,0.00017763334
14052,0.007510282
14053,0.023129633
14054,0.035891738
14055,0.034793425
14056,0.020176135
14057,0.004240371
14058,0.0007466704
14059,0.013384447
14060,0.0024360039
14061,0.023259392
14062,0.0031076148
14063,0.024177868
14064,0.0021224038
14065,0.011355559
14066,0.012000001
14067,0.0031212
14068,0.0011203705
14069,0.016116282
14070,0.037500463
14071,0.04513734
14072,0.031449612
14073,0.0095052
14074,0.000647126
14075,0.012758281
14076,0.032209635
14077,0.04511148
14078,0.042739294
14079,0.027240535
14080,0.009316281
14081,0.00019934814
14082,0.0045880335
14083,0.018484281
14084,0.032626018
14085,0.0016576335
14086,0.012689633
14087,0.025365515
14088,0.026068185
14089,0.00010083333
14090,0.0001253926
14091,0.0023526258
14092,0.0008568927
14093,0.011072003
14094,0.027080063
14095,0.034634683
14096,0.025872033
14097,0.008749516
14098,5.925926e-08
14099,0.009363333
14100,0.002588504
14101,0.02571565
14102,0.052808058
14103,0.057699297
14104,0.036261637
14105,0.009071205
14106,0.00041317038
14107,0.01658317
14108,0.0428652
14109,0.05813869
14110,0.05194454
14111,0.030358406
14112,0.008749516
14113,6.2259264e-06
14114,0.0068403
14115,0.022249632
14116,0.03556963
14117,0.0015648151
14118,0.0116427
14119,0.0014793482
14120,0.010691115
14121,0.015247561
14122,0.008068801
14123,0.00017601483
14124,0.0066404487
14125,0.027300837
14126,0.045396302
14127,0.04472454
14128,0.025813332
14129,0.0053868005
14130,0.0008748
14131,0.01574757
14132,0.037973348
14133,0.05089574
14134,0.045916446
14135,0.00041070004
14136,0.00094453717
14137,0.00086403335
14138,4.2403703e-05
14139,0.0013872002
14140,0.008400134
14141,0.0198147
14142,0.028459199
14143,0.027040016
14144,0.015717037
14145,0.003314504
14146,0.0006533334
14147,0.011472593
14148,0.029120062
14149,0.0021112037
14150,0.016898133
14151,0.032736033
14152,0.032494236
14153,0.015992904
14154,0.0011697926
14155,0.0014513928
14156,0.020908799
14157,0.047973342
14158,0.059466854
14159,0.046334703
14160,0.020228036
14161,0.0018460593
14162,0.003666759
14163,0.021834014
14164,0.0026009039
14165,0.023000235
14166,0.046965633
14167,0.051750533
14168,0.0005208334
14169,0.0006317371
14170,4.0059258e-05
14171,0.0011656334
14172,0.0075525343
14173,0.01853396
14174,0.02738134
14175,0.02666107
14176,0.015916033
14177,0.003557037
14178,0.0005320037
14179,0.011020834
14180,0.0021788483
14181,0.021475794
14182,0.045163207
14183,0.050731115
14184,0.032978725
14185,0.008806533
14186,0.00023894814
14187,0.01452
14188,0.03938563
14189,0.055155117
14190,0.050758533
14191,0.030677352
14192,0.009410503
14193,4.8133337e-05
14194,0.006211204
14195,0.021565072
14196,0.03540913
14197,0.039554905
14198,0.00088563334
14199,0.0005236149
14200,0.0050786706
14201,0.0077120336
14202,0.0038231702
14203,0.00024653334
14204,0.0069717923
14205,0.021173634
14206,0.0018044591
14207,0.013838849
14208,0.023838406
14209,0.0189003
14210,0.005018133
14211,0.0006752926
14212,0.015671294
14213,0.039845925
14214,0.052948005
14215,0.044083335
14216,0.021049839
14217,0.0026382816
14218,0.0025208336
14219,0.0021392591
14220,0.023594726
14221,0.05108814
14222,0.06114063
14223,0.04615148
14224,0.019304035
14225,0.0014746704
14226,0.0041929483
14227,0.022669174
14228,0.041888036
14229,0.048642132
14230,0.039676033
14231,0.021726234
14232,0.005787038
14233,6.2259264e-06
14234,0.0058520334
14235,0.018500835
14236,0.030231293
14237,0.0014560336
14238,0.011316682
14239,0.023055648
14240,0.024140034
14241,0.0125801815
14242,0.0010443002
14243,0.0040368
14244,0.002346726
14245,0.003026726
14246,0.0037037039
14247,0.035386227
14248,0.060032137
14249,0.04725624
14250,2.7e-06
14251,0.0041379593
14252,0.015762849
14253,0.028954137
14254,0.034566764
14255,0.00072684826
14256,0.00027401483
14257,0.00016333334
14258,2.43e-05
14259,6.850371e-05
14260,0.0022302817
14261,0.009457794
14262,0.019219572
14263,0.023613425
14264,0.017633792
14265,0.0059549036
14266,4.8000006e-06
14267,0.00768
14268,0.02555974
14269,0.041242853
14270,0.0016133332
14271,0.010132282
14272,0.017120373
14273,0.013384447
14274,0.0032240332
14275,0.00089289254
14276,0.0143883005
14277,0.035638534
14278,0.04754774
14279,0.0401868
14280,0.019712033
14281,0.002682226
14282,0.0021112037
14283,0.017682316
14284,0.03733565
14285,0.002144893
14286,0.0161472
14287,0.0018987261
14288,0.013202014
14289,0.01866676
14290,0.010095559
14291,0.00035363334
14292,0.006660301
14293,0.02878868
14294,0.0482403
14295,0.04741513
14296,0.02720037
14297,0.0056033335
14298,0.0009482815
14299,0.016489258
14300,0.039313197
14301,0.0521667
14302,0.0465708
14303,0.0003984593
14304,0.0008748
14305,0.0007769037
14306,2.6759259e-05
14307,0.0014467594
14308,0.0084224595
14309,0.019694949
14310,0.028213337
14311,0.026800372
14312,0.015564815
14313,0.0032865335
14314,0.0005778704
14315,0.010354016
14316,0.026860185
14317,0.039168537
14318,0.038952034
14319,0.026383558
14320,2.0281483e-05
14321,0.00029662595
14322,0.0018044591
14323,0.0054405336
14324,0.011603335
14325,0.01853396
14326,0.0009861334
14327,0.0075313933
14328,0.013681794
14329,0.0002561815
14330,7.2592593e-07
14331,0.00010957038
14332,0.0032517372
14333,0.0121471165
14334,0.02255935
14335,0.02585246
14336,0.018056534
14337,0.0054675005
14338,6.850371e-05
14339,0.008863737
14340,0.027180301
14341,0.042162508
14342,0.04311757
14343,0.029578803
14344,0.011252034
14345,0.0005264037
14346,0.0038533336
14347,0.018056534
14348,0.0020722374
14349,0.019017613
14350,0.0401868
14351,0.045838244
14352,0.030422058
14353,4.8000006e-06
14354,0.0024661333
14355,0.009257633
14356,0.018368628
14357,0.02561815
14358,0.02660148
14359,0.019883294
14360,0.008978699
14361,0.00092222594
14362,0.0017786999
14363,0.012227737
14364,0.026502317
14365,0.035891738
14366,0.03443112
14367,0.022944896
14368,0.008613426
14369,0.0001744037
14370,0.0045633335
14371,0.013048626
14372,0.022032302
14373,0.027280724
14374,0.025793782
14375,0.017763335
14376,0.00725926
14377,0.00049342593
14378,0.002195926
14379,0.0012892594
14380,0.015292681
14381,0.03593787
14382,0.046807505
14383,0.038904004
14384,0.01875
14385,0.0024240036
14386,0.0022188004
14387,0.01760148
14388,0.036820035
14389,0.046439562
14390,0.040627204
14391,0.0240267
14392,0.0073112035
14393,3.134815e-05
14394,0.0051570376
14395,0.01831917
14396,0.031169636
14397,0.036308005
14398,0.0009148482
14399,0.0054405336
14400,0.009696014
14401,0.007840834
14402,0.0017327999
14403,0.00097470003
14404,0.0015408334
14405,0.01898406
14406,0.002848626
14407,0.022871207
14408,0.038377635
14409,0.029956805
14410,0.008344448
14411,0.0005404593
14412,0.018816726
14413,0.04821357
14414,0.06274613
14415,0.0012761814
14416,0.004864133
14417,0.0056948145
14418,0.0019953926
14419,0.0002720037
14420,0.008189516
14421,0.024140034
14422,0.0019306814
14423,0.014476032
14424,0.024710702
14425,0.019490505
14426,0.0051483
14427,0.0006880038
14428,0.015962133
14429,0.040431175
14430,0.05353779
14431,0.044416185
14432,0.021085173
14433,0.0026009039
14434,0.0025947
14435,0.019524502
14436,0.039773077
14437,0.048937872
14438,0.04171384
14439,0.0238572
14440,0.006820181
14441,2.9037037e-06
14442,0.0056764595
14443,0.018933782
14444,0.031363335
14445,0.0015123001
14446,0.0116427
14447,0.023594726
14448,0.024576949
14449,0.0127445385
14450,0.0010443002
14451,0.004114504
14452,0.02309263
14453,0.043930136
14454,0.0020336334
14455,0.01299307
14456,0.021565072
14457,0.01667735
14458,0.0041301334
14459,0.0008533334
14460,0.0155952005
14461,0.038640372
14462,0.051033124
14463,0.042437874
14464,0.00014228148
14465,1.00148145e-05
14466,0.0007466704
14467,0.0038684597
14468,0.010465781
14469,0.018816726
14470,0.024007838
14471,0.021547202
14472,0.012053393
14473,0.0023232002
14474,0.0007466704
14475,0.010490701
14476,0.0019737037
14477,0.0023349482
14478,0.025462536
14479,0.049803294
14480,0.048400838
14481,0.023315115
14482,0.00032669998
14483,0.010230534
14484,0.028090801
14485,0.04161446
14486,0.04139129
14487,0.027826227
14488,0.0103292605
14489,0.00041564813
14490,0.0038988001
14491,0.017666133
14492,0.032494236
14493,0.039192628
14494,0.034070704
14495,0.020558283
14496,0.0066404487
14497,7.5737036e-05
14498,0.004098904
14499,0.015931392
14500,0.028561959
14501,0.034770727
14502,0.031040832
14503,0.0003333334
14504,0.0009937927
14505,0.0010325334
14506,1.9200002e-05
14507,0.0015456147
14508,0.007415649
14509,0.017152237
14510,0.025094848
14511,0.024576949
14512,0.014874134
14513,0.0034275707
14514,0.00046151484
14515,0.010354016
14516,0.027502315
14517,0.040357783
14518,0.04008926
14519,0.027020006
14520,1.8670371e-05
14521,0.00032669998
14522,0.0018987261
14523,0.0055851266
14524,0.011734815
14525,0.018567115
14526,0.022195203
14527,0.019185837
14528,0.00011342594
14529,2.6759259e-05
14530,6.3559266e-05
14531,0.0020336334
14532,0.0008391704
14533,0.011020834
14534,0.001962904
14535,0.0169932
14536,0.02953695
14537,0.0005264037
14538,1.2892592e-05
14539,0.00019934814
14540,0.0030066706
14541,0.01083
14542,0.020384135
14543,0.023894815
14544,0.0171363
14545,0.0054136333
14546,3.6300004e-05
14547,0.008189516
14548,0.025989635
14549,0.04111935
14550,0.04268898
14551,0.0006015148
14552,0.0019953926
14553,0.002190226
14554,0.00046413334
14555,0.0008077371
14556,0.0081565045
14557,0.021209074
14558,0.031341784
14559,0.029935736
14560,0.017328035
14561,0.00363
14562,0.0006317371
14563,0.011110459
14564,0.028377127
14565,0.0020833337
14566,0.016771793
14567,0.032582056
14568,0.03236273
14569,0.015962133
14570,0.0011739593
14571,0.0051570376
14572,0.02716024
14573,0.049640447
14574,0.0021168
14575,0.013076448
14576,0.02152934
14577,0.016536182
14578,0.0040445374
14579,0.0008892593
14580,0.015686532
14581,0.0386643
14582,0.05095067
14583,0.042287562
14584,0.020210724
14585,0.0025392002
14586,0.002442015
14587,0.01878335
14588,0.038640372
14589,0.048000004
14590,0.041317042
14591,0.02393246
14592,0.007012504
14593,1.00148145e-05
14594,0.0054765036
14595,0.018700033
14596,0.031298704
14597,0.036099575
14598,0.03072
14599,0.018434672
14600,0.0059925327
14601,0.00019763334
14602,0.004530504
14603,0.012827116
14604,0.021654533
14605,0.026900092
14606,0.02555974
14607,0.017714702
14608,0.0073216152
14609,0.0005208334
14610,0.0021392591
14611,0.01225467
14612,0.025540285
14613,0.03418313
14614,0.032802135
14615,0.022032302
14616,0.008411292
14617,0.0004008926
14618,0.003046848
14619,0.0148592945
14620,0.028726762
14621,0.036308005
14622,0.033111483
14623,0.02110285
14624,8.181482e-06
14625,0.00035822592
14626,0.0019146705
14627,0.0055216337
14628,0.011564034
14629,0.018352134
14630,0.021996183
14631,0.00056333333
14632,0.0002600926
14633,0.0017480336
14634,0.0013288924
14635,5.633333e-06
14636,0.0039751707
14637,0.01574757
14638,0.028315648
14639,0.030912302
14640,0.020332035
14641,0.0055306815
14642,0.00019592591
14643,0.010615737
14644,0.030146703
14645,0.04472454
14646,0.044057783
14647,0.029078534
14648,0.010440893
14649,0.0003333334
14650,0.004352059
14651,0.001753126
14652,0.018967297
14653,0.04238774
14654,0.05272419
14655,0.0417387
14656,0.01878335
14657,0.001925337
14658,0.0010840038
14659,0.0019953926
14660,0.0028097813
14661,0.030933706
14662,0.06314312
14663,0.06765585
14664,0.0412923
14665,0.009756034
14666,0.0006286815
14667,0.019219572
14668,0.0475212
14669,0.062380802
14670,0.0539328
14671,0.030210137
14672,0.0080251265
14673,9.25926e-06
14674,0.0077227256
14675,0.023277957
14676,0.03596095
14677,0.038616452
14678,0.030656032
14679,0.0169932
14680,0.004838701
14681,1.2000002e-06
14682,0.0043681334
14683,0.0013333336
14684,0.014888983
14685,0.03481614
14686,0.045474134
14687,0.037997074
14688,0.018484281
14689,0.0024480335
14690,0.0021056149
14691,0.017184133
14692,0.036261637
14693,0.046046954
14694,0.040553633
14695,0.024158949
14696,0.0074471254
14697,4.0833336e-05
14698,0.00507
14699,0.018253334
14700,0.031191127
14701,0.03642406
14702,0.03127717
14703,0.01886685
14704,0.0061824587
14705,8.333335e-05
14706,0.0037408334
14707,0.014948449
14708,0.02734107
14709,0.0338912
14710,0.030826764
14711,0.019831836
14712,0.007176533
14713,0.00016645927
14714,0.00059853337
14715,0.008178503
14716,0.021493634
14717,0.032802135
14718,0.034521516
14719,0.02507557
14720,0.010578148
14721,0.0008321334
14722,0.0025761332
14723,0.01493357
14724,0.030062228
14725,0.038473073
14726,0.035043616
14727,0.022122726
14728,0.007648034
14729,0.00017763334
14730,0.0038156484
14731,0.015992904
14732,0.0018200038
14733,0.017120373
14734,0.0369369
14735,0.042966057
14736,0.029161615
14737,0.0084224595
14738,0.000103292594
14739,0.012295127
14740,0.03547787
14741,0.05163984
14742,0.049234502
14743,0.00051253336
14744,0.0013112037
14745,0.0012805335
14746,0.00013795926
14747,0.0011907001
14748,0.008388981
14749,0.020418903
14750,0.02953695
14751,0.028070405
14752,0.016240135
14753,0.0033991258
14754,0.0006816333
14755,0.011774405
14756,0.02968356
14757,0.042112533
14758,0.040651735
14759,0.026581636
14760,0.00951707
14761,0.00029662595
14762,0.0040911147
14763,0.0016625925
14764,0.018187616
14765,0.040996037
14766,0.051418804
14767,0.04111935
14768,0.018766671
14769,0.0020172002
14770,0.0010561333
14771,0.015488981
14772,0.036493782
14773,0.04869584
14774,0.044108897
14775,0.026720727
14776,0.008377838
14777,6.3559266e-05
14778,0.005333334
14779,0.0017025335
14780,0.018154802
14781,0.04074996
14782,0.05108814
14783,0.040823705
14784,0.000108299995
14785,4.8133337e-05
14786,0.0010092
14787,0.0043360153
14788,0.010868033
14789,0.018833425
14790,0.023576036
14791,0.020926403
14792,0.011590227
14793,3.0670373e-05
14794,0.002259115
14795,0.008178503
14796,0.016536182
14797,0.023800833
14798,0.02555974
14799,0.019797573
14800,0.009386904
14801,0.0011408334
14802,0.0015028483
14803,0.011695293
14804,0.026205927
14805,0.03607645
14806,0.03497529
14807,0.02348268
14808,0.008898149
14809,0.0004033333
14810,0.00081120007
14811,0.01170846
14812,0.028892035
14813,0.040799115
14814,0.039458133
14815,0.025970018
14816,0.009410503
14817,0.00032013337
14818,0.0038988001
14819,0.017184133
14820,0.031492803
14821,0.03813956
14822,0.033400033
14823,0.020366762
14824,0.0067200335
14825,9.840371e-05
14826,0.003914015
14827,0.015625617
14828,0.02833613
14829,0.0015600036
14830,0.012403334
14831,0.025056303
14832,0.025930801
14833,0.013356299
14834,0.0010880148
14835,0.004264182
14836,0.023744533
14837,0.044904906
14838,0.05100564
14839,0.037618402
14840,0.015519292
14841,0.0011122372
14842,0.0037259592
14843,0.0020008332
14844,0.021618728
14845,0.04730917
14846,0.05743646
14847,0.044185616
14848,0.019034406
14849,0.0016477371
14850,0.0036889038
14851,0.0213867
14852,0.040578146
14853,0.048000004
14854,0.03979735
14855,0.022213338
14856,0.0061251707
14857,2.3703704e-07
14858,0.0056672934
14859,0.0015600036
14860,0.016661635
14861,0.037949633
14862,0.048374064
14863,0.03940979
14864,0.018500835
14865,0.002190226
14866,0.0024903703
14867,0.018220462
14868,0.03731214
14869,0.04646579
14870,0.040284462
14871,0.023594726
14872,0.0070840325
14873,2.195926e-05
14874,0.005209615
14875,0.018269781
14876,0.030955113
14877,0.03603023
14878,0.030912302
14879,0.01866676
14880,0.006134701
14881,8.670001e-05
14882,0.0036889038
14883,0.0148148155
14884,0.02720037
14885,0.03380163
14886,0.0009861334
14887,0.0061251707
14888,0.010880726
14889,0.008783704
14890,0.0020062816
14891,0.00093334814
14892,0.012457616
14893,0.030912302
14894,0.042112533
14895,0.03668003
14896,0.01878335
14897,8.333335e-05
14898,0.004021348
14899,0.0010482371
14900,0.0015217816
14901,0.01875
14902,0.04166413
14903,0.048534814
14904,0.032692008
14905,0.009316281
14906,0.00011867038
14907,0.013398534
14908,0.0380208
14909,0.054471202
14910,0.05100564
14911,0.000490726
14912,0.0011739593
14913,0.0011000925
14914,8.783704e-05
14915,0.0012936335
14916,0.008444815
14917,0.020228036
14918,0.029120062
14919,0.02762356
14920,0.015977517
14921,0.003342593
14922,0.0006752926
14923,0.011655838
14924,0.029453335
14925,0.041863125
14926,0.040480133
14927,0.00048267035
14928,0.0014421332
14929,0.0015123001
14930,0.00022413337
14931,0.001028626
14932,0.0009785037
14933,0.013020833
14934,0.0022073481
14935,0.01866676
14936,0.032100506
14937,0.025443114
14938,0.007104538
14939,0.0005376334
14940,0.017296005
14941,0.044621635
14942,0.058815654
14943,0.04808004
14944,0.02228596
14945,0.0025392002
14946,0.003026726
14947,0.021138228
14948,0.041888036
14949,0.05043
14950,0.0011739593
14951,0.0062978375
14952,0.010766759
14953,0.0084672
14954,2.0281483e-05
14955,0.0025392002
14956,0.010515649
14957,0.021547202
14958,0.028582536
14959,0.02571565
14960,0.01414117
14961,3.8533333e-05
14962,0.0026570708
14963,0.009199171
14964,0.0178608
14965,0.024787292
14966,0.025813332
14967,0.01943956
14968,0.008898149
14969,0.0009595593
14970,0.0016775148
14971,0.011933426
14972,0.026166534
14973,0.035684507
14974,0.034453705
14975,0.02309263
14976,0.008738134
14977,0.00039603334
14978,0.0032240332
14979,0.015413335
14980,0.029453335
14981,0.036843393
14982,0.033244506
14983,0.020961635
14984,0.0072800154
14985,0.00017763334
14986,0.0036226707
14987,0.015383126
14988,0.028500285
14989,0.0352947
14990,0.03183935
14991,0.020210724
14992,0.0071353484
14993,0.00019934814
14994,0.0033991258
14995,0.0014191149
14996,0.016085392
14997,0.03719467
14998,0.047866758
14999,0.03933734
15000,0.01866676
15001,0.0022939595
15002,0.0023822372
15003,0.018007502
15004,0.037171204
15005,0.04651829
15006,0.04045565
15007,0.023782061
15008,0.0071662264
15009,2.43e-05
15010,0.0052008326
15011,0.0183027
15012,0.0018252002
15013,0.016771793
15014,0.03614584
15015,0.042137515
15016,0.028685516
15017,0.008322226
15018,9.600371e-05
15019,0.012093516
15020,0.035066403
15021,0.051225785
15022,0.04901868
15023,0.030976532
15024,0.010267501
15025,0.0001617815
15026,0.0054136333
15027,0.020610668
15028,0.035134815
15029,0.04011363
15030,0.033288904
15031,0.019152133
15032,0.005731615
15033,1.6133334e-05
15034,0.004424626
15035,0.015931392
15036,0.027927836
15037,0.033689838
15038,0.030083334
15039,0.019051202
15040,0.006760004
15041,0.00019592591
15042,0.003217126
15043,0.014271738
15044,0.027120132
15045,0.0015889816
15046,0.0014560336
15047,0.01533787
15048,0.02788717
15049,0.02292646
15050,0.0066801817
15051,0.00042563336
15052,0.015824035
15053,0.041863125
15054,0.0562467
15055,0.04686018
15056,0.022304133
15057,0.0027648
15058,0.002675926
15059,0.020228036
15060,0.040996037
15061,0.050102536
15062,0.042312592
15063,0.023913635
15064,0.0066801817
15065,5.925926e-08
15066,0.0059080343
15067,0.019219572
15068,0.031514402
15069,0.035891738
15070,0.030273639
15071,0.018023837
15072,1.6333332e-06
15073,0.00047468152
15074,0.0021845335
15075,0.0058520334
15076,0.0008216334
15077,0.009696014
15078,0.024007838
15079,0.031341784
15080,0.023988985
15081,0.0084224595
15082,5.0703707e-06
15083,0.008534533
15084,0.029057782
15085,0.0025514816
15086,0.020540833
15087,0.038952034
15088,0.037712894
15089,0.018072894
15090,0.0012330705
15091,0.0058986815
15092,0.029935736
15093,0.053397074
15094,0.057407293
15095,0.039773077
15096,0.014888983
15097,0.00063480006
15098,0.0050613377
15099,0.02243156
15100,0.03940979
15101,0.0449307
15102,0.0009899593
15103,0.0053868005
15104,0.009410503
15105,0.0001617815
15106,6.650371e-05
15107,0.0004720334
15108,0.004872626
15109,0.014490683
15110,0.0013917371
15111,0.011459561
15112,0.020332035
15113,0.0164268
15114,0.0043842373
15115,0.0006533334
15116,0.014637571
15117,0.037500463
15118,0.05040267
15119,0.04253823
15120,0.02073317
15121,0.0027712039
15122,0.002259115
15123,0.018484281
15124,0.038592532
15125,0.048267044
15126,0.0012245373
15127,0.00679006
15128,0.011603335
15129,0.009129259
15130,1.9737035e-05
15131,0.0025761332
15132,0.010653393
15133,0.021744182
15134,0.0013691259
15135,0.010267501
15136,0.0010014815
15137,0.0054225926
15138,0.0001226815
15139,1.0703704e-06
15140,0.001697515
15141,0.008840834
15142,0.019168982
15143,0.024329519
15144,0.0004181333
15145,0.0009595593
15146,1.9592594e-06
15147,0.0009148482
15148,0.0056215706
15149,0.014755615
15150,0.023389515
15151,0.0243675
15152,0.015671294
15153,0.0040833335
15154,0.0002561815
15155,0.009564626
15156,0.026980003
15157,0.040651735
15158,0.04102068
15159,0.027988894
15160,0.010615737
15161,0.000490726
15162,0.003711115
15163,0.017440371
15164,0.032450374
15165,0.03940979
15166,0.034385957
15167,0.02080333
15168,0.006740004
15169,8.0033344e-05
15170,0.004114504
15171,0.016023705
15172,0.028726762
15173,0.034907043
15174,0.03112667
15175,0.019575559
15176,0.00685037
15177,0.00017601483
15178,0.0033920333
15179,0.014667036
15180,0.027542701
15181,0.034566764
15182,0.031600893
15183,0.02034939
15184,0.0073528923
15185,0.00024462593
15186,0.0032586816
15187,0.014696535
15188,0.027907502
15189,0.035134815
15190,0.032122318
15191,0.02062815
15192,9.633333e-06
15193,0.00032231485
15194,0.0018044591
15195,0.0053511267
15196,0.0008251259
15197,0.009864533
15198,0.0243675
15199,0.03173085
15200,0.02421574
15201,0.008456005
15202,4.0333334e-06
15203,0.008636033
15204,0.029265637
15205,0.046492033
15206,0.0017125926
15207,0.010391204
15208,0.017376136
15209,0.00028213335
15210,0.00019763334
15211,0.0002600926
15212,0.0006256333
15213,0.009708004
15214,0.024921617
15215,0.03291245
15216,0.02530739
15217,5.0703707e-06
15218,0.0011408334
15219,0.005787038
15220,0.013910533
15221,0.022376904
15222,0.02600926
15223,0.00058373704
15224,0.0026570708
15225,0.0033005036
15226,0.001024726
15227,0.00030294814
15228,0.006910948
15229,0.020645635
15230,0.032275204
15231,0.031861074
15232,0.018967297
15233,2.3703706e-05
15234,0.002588504
15235,0.0008391704
15236,0.01050317
15237,0.026700838
15238,0.037618402
15239,0.0339809
15240,0.018286237
15241,0.0032240332
15242,0.0011907001
15243,0.014359115
15244,0.03333334
15245,0.044801794
15246,0.0412923
15247,0.02571565
15248,0.008512059
15249,0.00013090372
15250,0.004670848
15251,0.018187616
15252,0.03183935
15253,0.037547614
15254,0.03231895
15255,0.01943956
15256,0.0063074995
15257,0.0002097926
15258,0.0047376333
15259,0.013286061
15260,0.0013156149
15261,0.012979201
15262,0.02959974
15263,0.036261637
15264,0.026068185
15265,0.00828895
15266,1.5170371e-05
15267,0.010205926
15268,0.031882804
15269,0.048561633
15270,0.04810673
15271,0.0005662259
15272,0.0016133332
15273,0.0016576335
15274,0.0002561815
15275,0.0010208334
15276,0.008322226
15277,0.02080333
15278,0.030358406
15279,0.028892035
15280,0.016708802
15281,0.0034848147
15282,0.0006944037
15283,0.01198667
15284,0.030125573
15285,0.042563334
15286,0.040922135
15287,0.026641203
15288,0.00944596
15289,0.00027603333
15290,0.0041693375
15291,0.017730903
15292,0.032035116
15293,0.038353797
15294,0.033288904
15295,0.020107038
15296,0.0065416335
15297,8.112593e-05
15298,0.0008077371
15299,0.011252034
15300,0.027846536
15301,0.039603338
15302,0.0386643
15303,0.025754703
15304,0.00951707
15305,0.00037218147
15306,0.0037037039
15307,0.016834904
15308,0.03125565
15309,0.038115796
15310,0.03357823
15311,0.0205932
15312,0.00685037
15313,0.0002097926
15314,0.004830237
15315,0.013511483
15316,0.022449793
15317,0.027441796
15318,0.025676623
15319,0.01753695
15320,0.0070840325
15321,0.00045370375
15322,0.0022417926
15323,0.012376238
15324,0.025520831
15325,0.0339809
15326,0.032516185
15327,0.021816036
15328,0.008333335
15329,0.00039603334
15330,0.003026726
15331,0.0147704035
15332,0.0018408335
15333,0.017553072
15334,0.037807498
15335,0.043828152
15336,0.02959974
15337,0.008478405
15338,0.00011342594
15339,0.012525634
15340,0.035914797
15341,0.05205556
15342,0.04942374
15343,0.030976532
15344,0.010120033
15345,0.00013511482
15346,0.0055669486
15347,0.020820895
15348,0.035226133
15349,0.04004053
15350,0.00092222594
15351,0.0052360045
15352,0.009281071
15353,0.0074681477
15354,0.0016133332
15355,0.0010092
15356,0.012053393
15357,0.029620681
15358,0.040480133
15359,0.03547787
15360,0.018368628
15361,0.002927115
15362,0.0015028483
15363,0.015383126
15364,0.03443112
15365,0.045292627
15366,0.04102068
15367,0.025133427
15368,0.008101633
15369,9.12926e-05
15370,0.004821782
15371,0.018204033
15372,0.031600893
15373,0.037124284
15374,0.03192628
15375,0.00029662595
15376,6.0681483e-05
15377,0.00033555928
15378,6.3559266e-05
15379,0.0006976148
15380,0.00587067
15381,0.016100835
15382,0.025520831
15383,0.026245346
15384,0.016551837
15385,0.0041536335
15386,0.00032013337
15387,0.010205926
15388,0.028090801
15389,0.04166413
15390,0.0014560336
15391,0.008921127
15392,0.0151875
15393,0.011920135
15394,0.0028162373
15395,0.00092222594
15396,0.013867501
15397,0.0342732
15398,0.045942537
15399,0.03912037
15400,0.019388681
15401,0.0027328925
15402,0.0019683002
15403,0.017152237
15404,0.03668003
15405,0.04675485
15406,0.04121813
15407,0.0003605333
15408,0.0008356483
15409,0.00076675933
15410,2.933704e-05
15411,0.0014099594
15412,0.008322226
15413,0.019575559
15414,0.028131617
15415,0.026800372
15416,0.015610405
15417,0.003314504
15418,0.00063480006
15419,0.011368534
15420,0.028954137
15421,0.041416064
15422,0.04030889
15423,0.02660148
15424,0.009660093
15425,0.0003333334
15426,0.0039598374
15427,0.0016576335
15428,0.018204033
15429,0.04102068
15430,0.051474016
15431,0.04114404
15432,0.018766671
15433,0.0020172002
15434,0.0028681483
15435,0.019304035
15436,0.038473073
15437,0.047071204
15438,0.040162407
15439,0.023148151
15440,0.0067500006
15441,8.181482e-06
15442,0.0053778705
15443,0.018352134
15444,0.030805392
15445,0.035684507
15446,0.03054957
15447,0.018467737
15448,0.0060776332
15449,8.783704e-05
15450,0.0036446815
15451,0.014696535
15452,0.027040016
15453,0.033689838
15454,0.030784033
15455,0.019900458
15456,0.00725926
15457,0.00025813334
15458,0.0031416332
15459,0.014402905
15460,0.027562905
15461,0.034907043
15462,0.032100506
15463,0.00036983704
15464,0.0011449482
15465,3.557037e-05
15466,1.8148148e-07
15467,0.0008568927
15468,0.0055216337
15469,0.0011697926
15470,0.0015312927
15471,0.016333334
15472,0.029620681
15473,0.024329519
15474,0.0071353484
15475,0.0004033333
15476,0.016162671
15477,0.0428652
15478,0.05746563
15479,0.047707118
15480,0.02255935
15481,0.0027456335
15482,0.0027840333
15483,0.020610668
15484,0.041490402
15485,0.0022016333
15486,0.016131736
15487,0.030890903
15488,0.03054957
15489,0.0149931265
15490,0.0010521815
15491,0.0051047257
15492,0.026541958
15493,0.048481204
15494,0.053509634
15495,0.038258504
15496,0.0150677385
15497,0.0008604593
15498,0.004304015
15499,0.020926403
15500,0.0023290704
15501,0.020768238
15502,0.04311757
15503,0.048347294
15504,0.031492803
15505,0.008433634
15506,0.00023148149
15507,0.01405446
15508,0.03832996
15509,0.002682226
15510,0.020366762
15511,0.038163334
15512,0.03675
15513,0.017504727
15514,0.0011490704
15515,0.00592676
15516,0.02968356
15517,0.052836042
15518,0.056825515
15519,0.0007803
15520,0.0024060593
15521,0.0025699593
15522,0.0005720334
15523,0.00078370364
15524,0.0083667
15525,0.021834014
15526,0.032122318
15527,0.030528301
15528,0.00021690372
15529,3.0000004e-07
15530,0.00016803335
15531,0.0019146705
15532,0.0074051702
15533,0.016224626
15534,0.023426762
15535,0.023000235
15536,0.00020453705
15537,0.00018253335
15538,1.814815e-05
15539,0.0016725332
15540,0.007851616
15541,0.017812034
15542,0.025637634
15543,0.024787292
15544,0.0147704035
15545,0.0033005036
15546,0.00051805936
15547,0.010578148
15548,0.027724799
15549,0.0020888927
15550,0.016913962
15551,0.03284624
15552,0.032604035
15553,0.016069962
15554,0.0011823149
15555,0.005174534
15556,0.027280724
15557,0.049803294
15558,0.0021224038
15559,0.013090371
15560,0.02152934
15561,0.016551837
15562,0.0040445374
15563,0.0008892593
15564,0.015686532
15565,0.038688235
15566,0.05095067
15567,0.042312592
15568,0.020210724
15569,0.0025392002
15570,0.001028626
15571,0.015428449
15572,0.036470536
15573,0.04874957
15574,0.044185616
15575,0.026800372
15576,0.008411292
15577,0.00030507034
15578,0.006365634
15579,0.01669307
15580,0.025970018
15581,0.02972552
15582,0.026048535
15583,0.016598849
15584,0.006087126
15585,0.00022050373
15586,0.0027201816
15587,0.012840903
15588,0.02530739
15589,0.03302295
15590,0.0010521815
15591,0.006670237
15592,0.011800835
15593,0.0002097926
15594,0.00012675927
15595,0.00034228148
15596,0.0045387005
15597,0.014228148
15598,0.0014191149
15599,0.011721633
15600,0.020768238
15601,0.01678756
15602,0.0044896337
15603,0.000647126
15604,0.014740833
15605,0.03778384
15606,0.050758533
15607,0.042789634
15608,0.02080333
15609,0.00012675927
15610,0.0050267596
15611,0.014593427
15612,0.0014191149
15613,0.013738802
15614,0.030890903
15615,0.037429783
15616,0.026581636
15617,0.00828895
15618,0.0005461334
15619,0.01118757
15620,0.0290163
15621,0.041813336
15622,0.040799115
15623,0.026980003
15624,0.009792134
15625,0.00034003335
15626,0.003998226
15627,0.01760148
15628,0.032122318
15629,0.001697515
15630,0.0014746704
15631,0.015443572
15632,0.028050017
15633,0.0005376334
15634,0.00070083333
15635,6.8481486e-06
15636,0.0030940594
15637,0.013048626
15638,0.024748985
15639,0.028315648
15640,0.019575559
15641,0.005824134
15642,8.112593e-05
15643,0.009434134
15644,0.028459199
15645,0.043599118
15646,0.04398117
15647,0.02972552
15648,0.011033615
15649,0.00044595927
15650,0.004098904
15651,0.018451199
15652,0.033645168
15653,0.04013802
15654,0.0344763
15655,0.020488536
15656,0.0064435597
15657,0.00023520003
15658,0.0051047257
15659,0.014040034
15660,0.023000235
15661,0.027765349
15662,0.025696134
15663,0.017344061
15664,0.006900834
15665,0.0004082371
15666,0.002317337
15667,0.012430459
15668,0.025443114
15669,0.03380163
15670,0.03231895
15671,0.021672452
15672,0.008277871
15673,0.00039603334
15674,0.0030066706
15675,0.014696535
15676,0.028500285
15677,0.036122702
15678,0.03302295
15679,0.021120531
15680,0.007499737
15681,0.00022050373
15682,0.0034704595
15683,0.0014560336
15684,0.016395615
15685,0.037760183
15686,0.048400838
15687,0.039627563
15688,0.018683393
15689,0.0022533333
15690,0.0024540594
15691,0.018204033
15692,0.037382696
15693,0.046597067
15694,0.0011907001
15695,0.0066801817
15696,0.011472593
15697,0.009048034
15698,0.0019953926
15699,0.0005955593
15700,0.011252034
15701,0.02968356
15702,0.04178845
15703,0.037241638
15704,0.019575559
15705,0.0032448003
15706,0.0014329037
15707,0.015610405
15708,0.035203293
15709,0.046308506
15710,0.041813336
15711,0.025443114
15712,0.008101633
15713,7.680001e-05
15714,0.0049922997
15715,0.0016526815
15716,0.017763335
15717,0.04008926
15718,0.050484683
15719,0.040553633
15720,0.018650135
15721,0.0020611703
15722,0.0027520151
15723,0.018967297
15724,0.038092036
15725,0.0020777816
15726,0.015504135
15727,0.029956805
15728,0.00097470003
15729,0.0035497816
15730,0.0026195594
15731,3.2033335e-05
15732,0.003921633
15733,0.017200094
15734,0.031341784
15735,0.034003336
15736,0.02206845
15737,0.0058613485
15738,0.00023707037
15739,0.011420504
15740,0.031752534
15741,0.046360906
15742,0.0449565
15743,0.029140834
15744,0.010144536
15745,0.00026403333
15746,0.0060681487
15747,0.016209127
15748,0.025540285
15749,0.02953695
15750,0.02614685
15751,0.016819116
15752,0.0062400145
15753,0.00024653334
15754,0.0026696336
15755,0.012827116
15756,0.025384903
15757,0.0015841334
15758,0.012979201
15759,0.02618623
15760,0.026980003
15761,0.000105781495
15762,0.00012
15763,0.0023349482
15764,0.0008568927
15765,0.0110848155
15766,0.027100096
15767,0.03465734
15768,0.025891613
15769,0.008749516
15770,5.925926e-08
15771,0.0016428002
15772,0.021226801
15773,0.047866758
15774,0.058874696
15775,0.045629997
15776,0.019797573
15777,0.0017684482
15778,0.0036889038
15779,0.021726234
15780,0.041267574
15781,0.048722703
15782,0.040235616
15783,0.022322314
15784,0.0060776332
15785,1.6333332e-06
15786,0.0057963002
15787,0.0015648151
15788,0.01669307
15789,0.037997074
15790,0.048400838
15791,0.03940979
15792,0.018500835
15793,0.0021845335
15794,0.002496448
15795,0.018236892
15796,0.03731214
15797,0.04646579
15798,0.040260036
15799,0.023594726
15800,3.3333336e-08
15801,0.00014083333
15802,0.00030507034
15803,0.0048896335
15804,0.0147852
15805,0.025540285
15806,0.030146703
15807,0.024634227
15808,0.012160533
15809,0.0016775148
15810,0.0014793482
15811,0.012854701
15812,0.02885067
15813,0.03912037
15814,0.037030533
15815,0.024102226
15816,1.1203704e-05
15817,0.0003745333
15818,0.0020008332
15819,0.0056948145
15820,0.011761201
15821,0.018484281
15822,0.021996183
15823,0.019017613
15824,0.010341633
15825,0.0018565333
15826,0.0008181482
15827,0.010058904
15828,0.024998534
15829,0.03628482
15830,0.0012980149
15831,0.008222593
15832,0.0007803
15833,0.0041929483
15834,7.894814e-05
15835,3.484815e-05
15836,0.002190226
15837,0.009696014
15838,0.019797573
15839,0.024310533
15840,0.018089259
15841,0.0060681487
15842,5.9259264e-06
15843,0.0013422371
15844,0.01789335
15845,0.041639294
15846,0.052892003
15847,0.042563334
15848,0.019524502
15849,0.00016333334
15850,0.0055578705
15851,0.015640834
15852,0.02530739
15853,0.029767502
15854,0.02666107
15855,0.00031579257
15856,0.0010443002
15857,0.0011408334
15858,0.0001393926
15859,0.0010760038
15860,0.0079489825
15861,0.019746227
15862,0.02899557
15863,0.02788717
15864,0.016364459
15865,2.43e-05
15866,0.0024360039
15867,0.008772301
15868,0.0011739593
15869,0.012525634
15870,0.029099291
15871,0.03603023
15872,0.02614685
15873,0.008444815
15874,8.181482e-06
15875,0.010022315
15876,0.0316875
15877,0.048534814
15878,0.0482403
15879,0.03173085
15880,0.0112004485
15881,0.0002780593
15882,0.0063948
15883,0.016929792
15884,0.026344037
15885,0.030083334
15886,0.026265074
15887,0.0002903704
15888,0.00092222594
15889,0.0009899593
15890,9.72e-05
15891,0.0011490704
15892,0.007959837
15893,0.019558534
15894,0.028623704
15895,0.027522506
15896,0.016162671
15897,0.0034920042
15898,0.0006075001
15899,0.011446534
15900,0.029286461
15901,0.0021336332
15902,0.0019093482
15903,0.019354803
15904,0.034385957
15905,0.027866848
15906,0.008178503
15907,0.00039361484
15908,0.017264005
15909,0.045629997
15910,0.060600094
15911,0.049667574
15912,0.023037173
15913,0.0026320333
15914,0.0030940594
15915,0.021618728
15916,0.042663835
15917,0.05114317
15918,0.042437874
15919,0.02348268
15920,0.0063074995
15921,4.281482e-06
15922,0.0061633335
15923,0.019422594
15924,0.031406462
15925,0.035500806
15926,0.029830536
15927,0.017730903
15928,1.4814816e-06
15929,0.00046939263
15930,0.0021618372
15931,0.005814848
15932,0.011734815
15933,0.018253334
15934,0.021654533
15935,0.0005461334
15936,0.0026885336
15937,0.0034204484
15938,0.0011081814
15939,0.0004033333
15940,0.0075737042
15941,0.0217083
15942,0.0331558
15943,0.032144133
15944,0.01875
15945,0.004005926
15946,0.0006816333
15947,0.012634848
15948,0.03173085
15949,0.044441838
15950,0.0421875
15951,0.027020006
15952,0.009304538
15953,0.00021333335
15954,0.0044896337
15955,0.018286237
15956,0.03242845
15957,0.0016576335
15958,0.0014329037
15959,0.015097633
15960,0.027482133
15961,0.02261423
15962,0.00658107
15963,0.0004306704
15964,0.0157323
15965,0.041639294
15966,0.055958405
15967,0.046675924
15968,0.022249632
15969,0.0027712039
15970,0.0026508
15971,0.020141572
15972,0.04089752
15973,0.050020833
15974,0.042312592
15975,0.0003114815
15976,0.0006015148
15977,8.892593e-06
15978,5.7870373e-05
15979,0.0014191149
15980,0.00658107
15981,0.0011656334
15982,0.012335648
15983,0.026265074
15984,0.027846536
15985,0.014726061
15986,0.0013691259
15987,0.004067793
15988,0.024045574
15989,0.04602084
15990,0.052417204
15991,0.038616452
15992,0.015885336
15993,0.0011203705
15994,0.0038457816
15995,0.020314682
15996,0.037997074
15997,0.04508564
15998,0.0010680334
15999,0.00592676
16000,0.010279837
16001,0.0001744037
16002,7.894814e-05
16003,0.0004408334
16004,0.004804893
16005,0.01444676
16006,0.024177868
16007,0.0009709037
16008,0.0053689484
16009,0.007104538
16010,0.003026726
16011,6.25926e-05
16012,0.0073737823
16013,0.024064451
16014,0.0020556482
16015,0.015473839
16016,0.0014191149
16017,0.0076373927
16018,0.007658682
16019,0.0014467594
16020,0.0018304038
16021,0.016100835
16022,0.03468
16023,0.040602673
16024,0.027826227
16025,0.008167501
16026,8.333335e-05
16027,0.0018512926
16028,0.02292646
16029,0.050785966
16030,0.061472137
16031,0.0010840038
16032,0.0038533336
16033,0.0043842373
16034,1.4814816e-06
16035,0.0012892594
16036,0.0069921343
16037,0.016866505
16038,0.02519135
16039,0.024998534
16040,0.015307739
16041,0.0036153484
16042,0.000420626
16043,0.010316893
16044,0.027664037
16045,0.040700838
16046,0.04045565
16047,0.027240535
16048,0.010169071
16049,0.00042563336
16050,0.0037781487
16051,0.017344061
16052,0.032100506
16053,0.038928017
16054,0.034025785
16055,0.020645635
16056,0.006730016
16057,8.670001e-05
16058,0.0040445374
16059,0.0014560336
16060,0.016209127
16061,0.03731214
16062,0.047920033
16063,0.039313197
16064,0.018616905
16065,0.0022707
16066,0.0024060593
16067,0.018040182
16068,0.037171204
16069,0.046492033
16070,0.0011949037
16071,0.0006912
16072,0.0064729033
16073,0.00976806
16074,0.005052681
16075,2.1392592e-05
16076,0.006365634
16077,0.002190226
16078,0.022104625
16079,0.04332
16080,0.042488035
16081,0.020680629
16082,0.0015792927
16083,0.0059737037
16084,0.031428035
16085,0.05621784
16086,0.060121637
16087,0.041242853
16088,0.015142534
16089,0.0005720334
16090,0.0054675005
16091,0.023352304
16092,0.040382236
16093,0.045474134
16094,0.036517035
16095,0.019934816
16096,0.005342226
16097,4.281482e-06
16098,0.0054136333
16099,0.017408237
16100,0.028933425
16101,0.033712182
16102,0.029286461
16103,0.018105634
16104,0.0062208
16105,0.00013795926
16106,0.0033075
16107,0.014126699
16108,0.02660148
16109,0.033645168
16110,0.0010130705
16111,0.0063268477
16112,0.011213333
16113,0.00903646
16114,0.0020777816
16115,0.0009296334
16116,0.0016182258
16117,0.002442015
16118,0.026760532
16119,0.052138906
16120,0.05040267
16121,0.024158949
16122,0.0018200038
16123,0.006730016
16124,0.03483885
16125,0.061170723
16126,0.06406401
16127,0.042814817
16128,0.015008034
16129,0.00040578152
16130,0.0062592602
16131,0.024844816
16132,0.0023941335
16133,0.020645635
16134,0.042638704
16135,0.047733705
16136,0.031083738
16137,0.008322226
16138,0.00023333704
16139,0.013953634
16140,0.03806828
16141,0.053678703
16142,0.049830463
16143,0.0004720334
16144,0.0011122372
16145,0.0010364482
16146,7.4681484e-05
16147,0.0013156149
16148,0.008433634
16149,0.020124301
16150,0.028954137
16151,0.027482133
16152,0.015916033
16153,0.0033355595
16154,0.0006721334
16155,0.011616448
16156,0.029369839
16157,0.0021168
16158,0.016898133
16159,0.032758065
16160,0.032494236
16161,0.015992904
16162,0.0011656334
16163,0.0051920596
16164,0.027260626
16165,0.0030066706
16166,0.024672447
16167,0.0027201816
16168,0.0018200038
16169,0.013216004
16170,0.015549634
16171,0.005174534
16172,0.00045890373
16173,0.0147852
16174,0.0027968925
16175,0.023296537
16176,0.03933734
16177,0.030848134
16178,0.008704035
16179,0.0005015704
16180,0.0027075
16181,0.031384896
16182,0.06446513
16183,0.06915201
16184,0.042212505
16185,0.009973634
16186,0.00063480006
16187,0.0195075
16188,0.048160132
16189,0.063051395
16190,0.05432926
16191,0.030316005
16192,0.007970701
16193,1.3781483e-05
16194,0.007862403
16195,0.023464033
16196,0.001957515
16197,0.017104447
16198,0.036447294
16199,0.042162508
16200,0.028541394
16201,0.008189516
16202,0.000112133326
16203,0.012214281
16204,0.03515764
16205,0.05119824
16206,0.048884038
16207,0.030848134
16208,4.281482e-06
16209,0.0007203
16210,0.0030133482
16211,0.007176533
16212,0.013076448
16213,0.01888357
16214,0.021315558
16215,0.017747115
16216,0.009316281
16217,0.0015312927
16218,0.0009296334
16219,0.010010133
16220,0.024405517
16221,0.03531757
16222,0.0012675
16223,0.008101633
16224,0.014040034
16225,0.011161837
16226,0.0026508
16227,0.0008965335
16228,0.013440834
16229,0.0024540594
16230,0.022595925
16231,0.043472134
16232,0.042162508
16233,0.02026267
16234,0.0014560336
16235,0.001727737
16236,0.024177868
16237,0.05407423
16238,0.06530224
16239,0.049288537
16240,0.02050596
16241,0.0015265334
16242,0.0044896337
16243,0.0238572
16244,0.043573707
16245,0.04999362
16246,0.0401868
16247,0.021600837
16248,0.005539737
16249,2.1392592e-05
16250,0.0061442372
16251,0.018816726
16252,0.030316005
16253,0.034385957
16254,0.00084978144
16255,0.0005404593
16256,0.005244815
16257,0.007970701
16258,0.003982848
16259,3.3333336e-08
16260,0.0064142817
16261,0.0020722374
16262,0.020996893
16263,0.041416064
16264,0.04089752
16265,0.020038063
16266,0.0015552
16267,0.005768533
16268,0.030656032
16269,0.055155117
16270,0.05934819
16271,0.040996037
16272,0.015217516
16273,0.00061955926
16274,0.0052889823
16275,0.0021561817
16276,0.022504538
16277,0.048668988
16278,0.058550283
16279,0.04459593
16280,0.018950533
16281,0.0015456147
16282,0.0038912038
16283,0.021816036
16284,0.040922135
16285,0.0020391261
16286,0.014874134
16287,0.028768033
16288,0.0009408001
16289,0.0002600926
16290,0.0009111704
16291,7.053334e-05
16292,0.0017786999
16293,0.0011490704
16294,0.013767349
16295,0.02943245
16296,0.031019393
16297,0.016317781
16298,0.0015408334
16299,0.004280093
16300,0.025365515
16301,0.0029933373
16302,0.0248832
16303,0.046439562
16304,0.0013467001
16305,0.0046542264
16306,0.0035715702
16307,0.00013653334
16308,0.0036446815
16309,0.017553072
16310,0.032692008
16311,0.0357075
16312,0.023240834
16313,0.0062016146
16314,0.00023148149
16315,0.01170846
16316,0.03256009
16317,0.04733565
16318,0.045629997
16319,0.029348984
16320,0.0100833345
16321,0.00022595927
16322,0.0010403704
16323,0.014040034
16324,0.033244506
16325,0.04508564
16326,0.04178845
16327,0.00042814814
16328,0.0011408334
16329,0.0011285334
16330,0.000108299995
16331,0.0012075593
16332,0.008277871
16333,0.020072533
16334,0.029099291
16335,0.027745074
16336,0.016131736
16337,0.0034133336
16338,0.00065644813
16339,0.011629572
16340,0.029474227
16341,0.041962802
16342,0.040602673
16343,0.026641203
16344,0.009564626
16345,0.00030720004
16346,0.0040600337
16347,0.017585339
16348,0.031969793
16349,0.038425334
16350,0.033422284
16351,0.02024535
16352,0.006600833
16353,8.4448155e-05
16354,0.003982848
16355,0.015686532
16356,0.028315648
16357,0.034634683
16358,0.031083738
16359,0.019677872
16360,0.006951481
16361,0.00019422593
16362,0.0033285336
16363,0.014608134
16364,0.027562905
16365,0.03465734
16366,0.03173085
16367,0.020453705
16368,0.007394701
16369,0.00024653334
16370,0.0032656335
16371,0.014740833
16372,0.027968537
16373,0.03518046
16374,0.032144133
16375,0.020610668
16376,0.007394701
16377,0.00023148149
16378,0.003342593
16379,0.014903837
16380,0.0281112
16381,0.035248984
16382,0.032100506
16383,0.020523394
16384,0.007332033
16385,0.00022231482
16386,0.0033637371
16387,0.0014329037
16388,0.016193634
16389,0.037429783
16390,0.04808004
16391,0.039458133
16392,0.018683393
16393,0.0022765037
16394,0.0024120333
16395,0.018089259
16396,0.037265126
16397,0.046544537
16398,0.04045565
16399,0.023744533
16400,0.007145634
16401,2.3114815e-05
16402,0.005209615
16403,0.01831917
16404,0.0018252002
16405,0.016756035
16406,0.036122702
16407,0.042112533
16408,0.028664906
16409,0.008322226
16410,9.600371e-05
16411,0.012093516
16412,0.035043616
16413,0.051225785
16414,0.04901868
16415,0.030997962
16416,0.010267501
16417,0.00016333334
16418,0.0054136333
16419,0.020610668
16420,0.035134815
16421,0.04011363
16422,0.033288904
16423,0.00026403333
16424,0.0006015148
16425,0.0005432926
16426,5.348148e-06
16427,0.0015028483
16428,0.00821156
16429,0.019051202
16430,0.0273612
16431,0.026166534
16432,0.01533787
16433,0.0033005036
16434,0.0006015148
16435,0.011123294
16436,0.028582536
16437,0.041094672
16438,0.040162407
16439,0.02666107
16440,0.009756034
16441,0.0003559259
16442,0.0038988001
16443,0.017360093
16444,0.031861074
16445,0.03852083
16446,0.033645168
16447,0.020436302
16448,0.006690133
16449,9.0133326e-05
16450,0.0039905333
16451,0.01574757
16452,0.028418152
16453,0.034748036
16454,0.03114815
16455,0.019694949
16456,0.006941337
16457,0.00019084814
16458,0.0033496334
16459,0.014652302
16460,0.027583113
16461,0.03465734
16462,0.03170917
16463,0.0003628482
16464,0.0011203705
16465,0.0011907001
16466,0.00014228148
16467,0.0011000925
16468,0.008057871
16469,0.019934816
16470,0.029161615
16471,0.027968537
16472,0.016348893
16473,0.0034992
16474,0.00063480006
16475,0.011616448
16476,0.029557869
16477,0.042112533
16478,0.04077454
16479,0.026740627
16480,0.009600371
16481,0.00030507034
16482,0.00407556
16483,0.017633792
16484,0.032035116
16485,0.038473073
16486,0.03344454
16487,0.020228036
16488,0.00658107
16489,0.00021690372
16490,0.004872626
16491,0.0010880148
16492,0.0123086255
16493,0.029893637
16494,0.040578146
16495,0.035386227
16496,0.018220462
16497,0.002855126
16498,0.0015408334
16499,0.015458701
16500,0.03443112
16501,0.04518907
16502,0.04089752
16503,0.025037041
16504,0.008068801
16505,0.00027000002
16506,0.0058520334
16507,0.01565606
16508,0.024825636
16509,0.02899557
16510,0.025950404
16511,0.016898133
16512,1.3781483e-05
16513,0.00019253335
16514,0.0013556482
16515,0.0046127997
16516,0.010703704
16517,0.018056534
16518,0.022468036
16519,0.020020833
16520,0.01118757
16521,0.0021561817
16522,0.0007235704
16523,0.010071116
16524,0.025443114
16525,0.037077393
16526,0.03714774
16527,0.025520831
16528,0.009912948
16529,0.00051805936
16530,0.0032725928
16531,0.016131736
16532,0.030826764
16533,0.038258504
16534,0.0010561333
16535,0.0006595704
16536,0.0062592602
16537,0.009457794
16538,0.004872626
16539,1.564815e-05
16540,0.0012160332
16541,0.01721606
16542,0.039530702
16543,0.047044802
16544,0.03236273
16545,0.009564626
16546,6.7500005e-05
16547,0.012730801
16548,0.037124284
16549,0.0539328
16550,0.051033124
16551,0.00050978153
16552,0.0012502259
16553,0.0011949037
16554,0.00011084815
16555,0.001245926
16556,0.008433634
16557,0.02034939
16558,0.029348984
16559,0.027846536
16560,0.016116282
16561,0.0033708
16562,0.0006816333
16563,0.011721633
16564,0.029557869
16565,0.04198774
16566,0.040553633
16567,0.00048
16568,0.0014329037
16569,0.0014981332
16570,0.00022050373
16571,0.0010325334
16572,0.008200534
16573,0.020488536
16574,0.029956805
16575,0.028603116
16576,0.016614534
16577,0.0035064039
16578,0.0006721334
16579,0.011853782
16580,0.029935736
16581,0.002144893
16582,0.017040834
16583,0.032956626
16584,0.032648
16585,0.016039116
16586,0.0011614816
16587,0.0052184043
16588,0.02734107
16589,0.04985763
16590,0.054727174
16591,0.038856003
16592,0.015127559
16593,0.00026205927
16594,0.006660301
16595,0.017682316
16596,0.02732095
16597,0.030848134
16598,0.026561795
16599,0.0002780593
16600,0.0008568927
16601,0.00090018153
16602,7.3633346e-05
16603,0.0011991148
16604,0.00798157
16605,0.01943956
16606,0.028377127
16607,0.027280724
16608,0.016023705
16609,0.0034632927
16610,0.0006045037
16611,0.011381515
16612,0.029161615
16613,0.04176357
16614,0.040602673
16615,0.02678045
16616,0.009684034
16617,0.00032669998
16618,0.0009296334
16619,0.012951483
16620,0.031234136
16621,0.043142848
16622,0.04072539
16623,0.026068185
16624,0.009013333
16625,0.00021333335
16626,0.0043280036
16627,0.017795796
16628,0.031817637
16629,0.037949633
16630,0.032868303
16631,0.019866135
16632,0.0064729033
16633,8.222593e-05
16634,0.0039292593
16635,0.015504135
16636,0.028050017
16637,0.0015504037
16638,0.012335648
16639,0.024940833
16640,0.025832895
16641,0.0133281825
16642,0.0010880148
16643,0.0042483
16644,0.023688298
16645,0.044853333
16646,0.05095067
16647,0.037618402
16648,0.01553446
16649,0.00021155925
16650,0.0059549036
16651,0.016271172
16652,0.025832895
16653,0.029956805
16654,0.026482506
16655,0.016977338
16656,0.0062592602
16657,0.00023707037
16658,0.0027265332
16659,0.012951483
16660,0.025540285
16661,0.033266705
16662,0.031471208
16663,0.02097926
16664,1.7125927e-05
16665,0.00022963336
16666,0.0015265334
16667,0.004949393
16668,0.0110848155
16669,0.018269781
16670,0.022413334
16671,0.019746227
16672,0.01093157
16673,0.0020501334
16674,0.0007600333
16675,0.0012892594
16676,0.016131736
16677,0.037878532
16678,0.048937872
16679,0.040235616
16680,0.019068003
16681,0.0023349482
16682,0.0024360039
16683,0.0183027
16684,0.037642013
16685,0.04693926
16686,0.040651735
16687,0.023763292
16688,0.0070942817
16689,1.8670371e-05
16690,0.00097470003
16691,0.012868504
16692,0.030869516
16693,0.042588446
16694,0.040284462
16695,0.02585246
16696,0.009001782
16697,0.00022413337
16698,0.004240371
16699,0.0016428002
16700,0.017942227
16701,0.04050463
16702,0.0022649036
16703,0.015082683
16704,0.024998534
16705,0.019320948
16706,0.0049152006
16707,0.0007939593
16708,0.016364459
16709,0.04077454
16710,0.0024721816
16711,0.016645927
16712,0.027421633
16713,0.021120531
16714,1.4700002e-05
16715,0.0033566817
16716,0.013076448
16717,0.025094848
16718,0.031406462
16719,0.00075000006
16720,0.0033920333
16721,0.0042008334
16722,0.0014282999
16723,0.00033779262
16724,0.0077334265
16725,0.022522798
16726,0.034385957
16727,0.03317796
16728,0.0192027
16729,0.0040290705
16730,0.0007367259
16731,0.013006949
16732,0.03231895
16733,0.0449565
16734,0.04238774
16735,0.026940035
16736,0.009164182
16737,0.00018917037
16738,0.0045880335
16739,0.018401636
16740,0.032450374
16741,0.038306136
16742,0.032868303
16743,0.019660803
16744,0.0062978375
16745,6.4533335e-05
16746,0.004021348
16747,0.015564815
16748,0.027988894
16749,0.034250673
16750,0.030784033
16751,0.019575559
16752,0.006961634
16753,0.00020628147
16754,0.00074334815
16755,0.0013826704
16756,0.017120373
16757,0.03972454
16758,0.050731115
16759,0.041168727
16760,0.019152133
16761,0.0022016333
16762,0.0026633483
16763,0.018933782
16764,0.038306136
16765,0.04722978
16766,0.04052913
16767,0.023464033
16768,0.0068907263
16769,1.08e-05
16770,0.0053778705
16771,0.018434672
16772,0.030976532
16773,0.035868682
16774,0.030677352
16775,0.018500835
16776,0.0060681487
16777,8.333335e-05
16778,0.0036741337
16779,0.014740833
16780,0.027080063
16781,0.033689838
16782,0.030762685
16783,0.019866135
16784,0.0072385343
16785,0.00025423706
16786,0.0031416332
16787,0.014402905
16788,0.027542701
16789,0.0348843
16790,0.0320787
16791,0.020715648
16792,0.007510282
16793,0.00025423706
16794,0.0032865335
16795,0.0014329037
16796,0.016271172
16797,0.037571207
16798,0.0482403
16799,0.039554905
16800,0.018700033
16801,0.0022707
16802,0.0024300003
16803,0.018138405
16804,0.03731214
16805,0.046597067
16806,0.04045565
16807,0.023725783
16808,0.0071250712
16809,0.00029453338
16810,0.0060302825
16811,0.015931392
16812,0.02507557
16813,0.029099291
16814,0.025891613
16815,0.016771793
16816,0.0062978375
16817,0.0002680037
16818,0.0025947
16819,0.012703349
16820,0.02530739
16821,0.033222314
16822,0.031600893
16823,0.02115593
16824,0.008090682
16825,0.0003888
16826,0.0029469037
16827,0.014476032
16828,0.0018200038
16829,0.0174243
16830,0.037594803
16831,0.043649964
16832,0.02953695
16833,0.008489615
16834,0.00010957038
16835,0.012471205
16836,0.03579956
16837,0.05197228
16838,0.04942374
16839,0.030997962
16840,0.010144536
16841,0.00013795926
16842,0.0055578705
16843,0.0018512926
16844,0.0195075
16845,0.04319343
16846,0.053368952
16847,0.04198774
16848,0.018716682
16849,0.0018512926
16850,0.0031621335
16851,0.019986406
16852,0.03912037
16853,0.047282707
16854,0.03994317
16855,0.022779258
16856,0.0065219593
16857,3.1148147e-06
16858,0.0054585035
16859,0.018335648
16860,0.030634727
16861,0.035432037
16862,0.030316005
16863,0.018335648
16864,0.00605867
16865,9.0133326e-05
16866,0.0036007261
16867,0.014608134
16868,0.026940035
16869,0.033645168
16870,0.030784033
16871,0.019934816
16872,0.007290404
16873,0.00026205927
16874,0.0007367259
16875,0.010728904
16876,0.0020172002
16877,0.020020833
16878,0.042563334
16879,0.048400838
16880,0.03192628
16881,6.2259264e-06
16882,0.0004485333
16883,0.006810134
16884,0.0189003
16885,0.030146703
16886,0.033045072
16887,0.00059259264
16888,0.002346726
16889,0.0027712039
16890,0.0007466704
16891,0.00031363333
16892,0.006900834
16893,0.020558283
16894,0.032122318
16895,0.03173085
16896,0.0189003
16897,0.0042166263
16898,0.0005778704
16899,0.0122412015
16900,0.031363335
16901,0.044390537
16902,0.042437874
16903,0.02734107
16904,0.0095052
16905,0.00023520003
16906,0.004448949
16907,0.01831917
16908,0.032582056
16909,0.038616452
16910,0.03317796
16911,0.019848986
16912,0.0063559264
16913,6.4533335e-05
16914,0.0040600337
16915,0.015671294
16916,0.028131617
16917,0.034340836
16918,0.030826764
16919,0.019541517
16920,0.0069311997
16921,0.00019934814
16922,0.0032935147
16923,0.01452
16924,0.02746196
16925,0.034589395
16926,0.03173085
16927,0.020488536
16928,0.0074261334
16929,0.0002523
16930,0.0032517372
16931,0.014726061
16932,0.027988894
16933,0.035226133
16934,0.03216596
16935,0.020645635
16936,0.007394701
16937,0.00023148149
16938,0.0033496334
16939,0.014918702
16940,0.028131617
16941,0.035248984
16942,0.032100506
16943,0.020523394
16944,0.0073216152
16945,0.00017925927
16946,0.004448949
16947,0.012730801
16948,0.021618728
16949,0.026940035
16950,0.025657127
16951,0.017812034
16952,0.007363334
16953,0.0005264037
16954,0.0021392591
16955,0.012281634
16956,0.02559867
16957,0.034250673
16958,0.03282418
16959,0.022032302
16960,0.008400134
16961,0.0003984593
16962,0.0030603004
16963,0.014874134
16964,0.028726762
16965,0.036308005
16966,0.03308934
16967,0.021085173
16968,0.0074471254
16969,0.0002097926
16970,0.0035064039
16971,0.0152625935
16972,0.028500285
16973,0.035432037
16974,0.032056905
16975,0.020366762
16976,0.00719717
16977,0.00020280002
16978,0.0034133336
16979,0.01493357
16980,0.02800926
16981,0.035043616
16982,0.031882804
16983,0.020418903
16984,0.0073008006
16985,0.00022413337
16986,0.0033355595
16987,0.014829634
16988,0.027988894
16989,0.0016084481
16990,0.012854701
16991,0.02585246
16992,0.026621336
16993,0.013653334
16994,0.00018917037
16995,0.006740004
16996,0.020314682
16997,0.032956626
16998,0.03596095
16999,0.026820298
17000,5.5125933e-05
17001,8.0033344e-05
17002,0.0010443002
17003,0.0042483
17004,0.010578148
17005,0.018385127
17006,0.023166671
17007,0.02073317
17008,0.011603335
17009,0.0022360333
17010,0.0007301334
17011,0.01025517
17012,0.02585246
17013,0.037524033
17014,0.0013244592
17015,0.008311126
17016,0.014329959
17017,0.0113425935
17018,0.002682226
17019,0.0009075
17020,0.013553961
17021,0.033600535
17022,0.04524083
17023,0.0010800001
17024,0.004637634
17025,0.0056672934
17026,0.0020833337
17027,0.00022050373
17028,0.007905634
17029,0.023782061
17030,0.03642406
17031,0.0011408334
17032,0.005576033
17033,0.0071147997
17034,0.0029205335
17035,8.898148e-05
17036,0.0076373927
17037,0.024405517
17038,0.0380208
17039,0.0012033334
17040,0.0058800005
17041,0.007499737
17042,0.003114404
17043,7.3633346e-05
17044,0.007648034
17045,0.024653334
17046,0.038473073
17047,0.037124284
17048,0.021297794
17049,0.004376182
17050,0.0008321334
17051,0.0018408335
17052,0.021726234
17053,0.048186854
17054,0.058756623
17055,0.04521495
17056,0.019456532
17057,0.0016775148
17058,0.0037706709
17059,0.021762135
17060,0.04111935
17061,0.048481204
17062,0.03999184
17063,0.022195203
17064,0.0060492004
17065,1.4814816e-06
17066,0.005759293
17067,0.01853396
17068,0.030464534
17069,0.034929782
17070,0.029767502
17071,0.01799117
17072,2.7e-06
17073,0.00042563336
17074,0.0020501334
17075,0.0056672934
17076,0.011616448
17077,0.018236892
17078,0.02178009
17079,0.01888357
17080,0.010316893
17081,0.0018775705
17082,0.0007939593
17083,0.009973634
17084,0.024902405
17085,0.036238458
17086,0.0013024037
17087,0.008244681
17088,0.014257201
17089,0.011316682
17090,0.002682226
17091,0.00090018153
17092,0.013511483
17093,0.0024661333
17094,0.022669174
17095,0.043599118
17096,0.042262536
17097,0.020297341
17098,0.00030294814
17099,0.009481482
17100,0.026403332
17101,0.03972454
17102,0.040211204
17103,0.027562905
17104,0.010565634
17105,0.00051805936
17106,0.0035788487
17107,0.0171363
17108,0.032144133
17109,0.039240837
17110,0.03443112
17111,0.020944018
17112,0.0068403
17113,9.0133326e-05
17114,0.00407556
17115,0.0160083
17116,0.028768033
17117,0.035020836
17118,0.031234136
17119,0.019643737
17120,0.006860449
17121,0.00017601483
17122,0.0034062262
17123,0.014711292
17124,0.027583113
17125,0.034589395
17126,0.031622536
17127,0.02034939
17128,0.0073424596
17129,0.00024272593
17130,0.0032656335
17131,0.014711292
17132,0.027907502
17133,0.035112005
17134,0.032100506
17135,0.020610668
17136,0.007394701
17137,0.00023520003
17138,0.0033355595
17139,0.014888983
17140,0.0017838371
17141,0.01700907
17142,0.036820035
17143,0.042915616
17144,0.029182406
17145,0.008456005
17146,9.840371e-05
17147,0.01225467
17148,0.035432037
17149,0.05163984
17150,0.04926152
17151,0.031040832
17152,0.010230534
17153,0.00015112592
17154,0.005485515
17155,0.02073317
17156,0.035203293
17157,0.04011363
17158,0.033222314
17159,0.019068003
17160,0.0056948145
17161,1.4700002e-05
17162,0.0044327257
17163,0.015931392
17164,0.02788717
17165,0.033645168
17166,0.030041128
17167,0.019034406
17168,0.006760004
17169,0.00019763334
17170,0.0032102258
17171,0.014257201
17172,0.027100096
17173,0.034318287
17174,0.031644184
17175,0.020540833
17176,0.007510282
17177,0.00027000002
17178,0.003196448
17179,0.014667036
17180,0.027968537
17181,0.03527184
17182,0.0010325334
17183,0.006365634
17184,0.011239125
17185,0.00903646
17186,0.0020611703
17187,0.0009408001
17188,0.012593838
17189,0.031212624
17190,0.042437874
17191,0.03686676
17192,0.018833425
17193,0.0028812
17194,0.0016526815
17195,0.0160083
17196,0.0024300003
17197,0.022595925
17198,0.046675924
17199,0.051805932
17200,0.033266705
17201,0.00867
17202,0.00029453338
17203,0.0149931265
17204,0.04001618
17205,0.05555604
17206,0.050758533
17207,0.030464534
17208,0.0092225345
17209,3.6300004e-05
17210,0.0063074995
17211,0.021618728
17212,0.03534045
17213,0.03938563
17214,0.032144133
17215,0.018236892
17216,0.0053600334
17217,8.533334e-06
17218,0.0043842373
17219,0.0155952005
17220,0.0016576335
17221,0.015701784
17222,0.034408536
17223,0.0016625925
17224,0.009281071
17225,0.012349171
17226,0.00592676
17227,1.4237037e-05
17228,0.007332033
17229,0.026860185
17230,0.04321873
17231,0.04193787
17232,0.023951294
17233,0.0048811254
17234,0.0009148482
17235,0.015307739
17236,0.03675
17237,0.049396683
17238,0.044853333
17239,0.02720037
17240,0.008523293
17241,6.3559266e-05
17242,0.0054225926
17243,0.0017226816
17244,0.01831917
17245,0.04102068
17246,0.051336035
17247,0.040946756
17248,0.018650135
17249,0.0001617815
17250,0.0054585035
17251,0.015398227
17252,0.025017781
17253,0.029557869
17254,0.026581636
17255,0.017344061
17256,0.0065416335
17257,0.00028829998
17258,0.0026257925
17259,0.01290996
17260,0.025676623
17261,0.03357823
17262,0.03179593
17263,0.021173634
17264,0.008036033
17265,0.00036750003
17266,0.00075000006
17267,0.0014145334
17268,0.0021731704
17269,0.025114138
17270,0.053032063
17271,0.058756623
17272,0.03735917
17273,0.009576534
17274,0.0003490704
17275,0.016489258
17276,0.04316814
17277,0.05878614
17278,0.052612446
17279,0.030741341
17280,0.008840834
17281,5.633333e-06
17282,0.0012245373
17283,0.015443572
17284,0.035661515
17285,0.04730917
17286,0.0013333336
17287,0.0076373927
17288,0.012979201
17289,0.010169071
17290,0.0022939595
17291,0.0009899593
17292,0.0133281825
17293,0.032670002
17294,0.04395565
17295,0.037712894
17296,0.018950533
17297,0.0027648
17298,0.001814815
17299,0.016536182
17300,0.035845637
17301,0.046177633
17302,0.041070003
17303,0.024691572
17304,0.0077120336
17305,5.422593e-05
17306,0.005035393
17307,0.018368628
17308,0.031471208
17309,0.03675
17310,0.031492803
17311,0.00029244815
17312,0.00077351485
17313,0.00076339254
17314,3.703704e-05
17315,0.0013288924
17316,0.008123559
17317,0.019371737
17318,0.0014467594
17319,0.011174701
17320,0.019609634
17321,0.01574757
17322,0.004114504
17323,0.0007040593
17324,0.014593427
17325,0.0027456335
17326,0.024940833
17327,0.04733565
17328,0.045344453
17329,0.021475794
17330,0.0014793482
17331,0.006610726
17332,0.033222314
17333,0.0034062262
17334,0.027040016
17335,0.04958623
17336,0.046387114
17337,0.0213867
17338,0.0013024037
17339,0.007155926
17340,0.0033075
17341,0.0331558
17342,0.06605085
17343,0.06953663
17344,0.041688986
17345,0.009481482
17346,0.0007803
17347,0.020107038
17348,0.048615295
17349,0.06299028
17350,0.053848036
17351,0.029830536
17352,0.007744133
17353,2.0281483e-05
17354,0.007894815
17355,0.023370905
17356,0.035822593
17357,0.03832996
17358,0.030379618
17359,0.016834904
17360,0.004788033
17361,1.2000002e-06
17362,0.0043280036
17363,0.015097633
17364,0.026442904
17365,0.032253336
17366,0.029224005
17367,0.0189003
17368,0.006941337
17369,0.0002600926
17370,0.0029667593
17371,0.013867501
17372,0.026860185
17373,0.034385957
17374,0.03192628
17375,0.020856032
17376,0.00768
17377,0.00029244815
17378,0.0031827001
17379,0.014726061
17380,0.028152036
17381,0.035500806
17382,0.03242845
17383,0.020785782
17384,0.0074261334
17385,0.0002277926
17386,0.003384948
17387,0.015008034
17388,0.028233781
17389,0.03531757
17390,0.032100506
17391,0.020488536
17392,0.007290404
17393,0.00021690372
17394,0.003384948
17395,0.0014282999
17396,0.016193634
17397,0.037382696
17398,0.048053347
17399,0.039433964
17400,0.018683393
17401,0.0022823147
17402,0.0024060593
17403,0.018072894
17404,0.037241638
17405,0.046544537
17406,0.04045565
17407,0.023744533
17408,0.007145634
17409,2.3703706e-05
17410,0.005209615
17411,0.01831917
17412,0.031040832
17413,0.036122702
17414,0.030955113
17415,0.018683393
17416,0.006134701
17417,8.4448155e-05
17418,0.0037037039
17419,0.01484446
17420,0.02720037
17421,0.03380163
17422,0.030805392
17423,0.019848986
17424,0.0072075003
17425,0.00024844817
17426,0.0031621335
17427,0.014417515
17428,0.027542701
17429,0.034861572
17430,0.032035116
17431,0.020698136
17432,0.007489201
17433,0.0002523
17434,0.0032795595
17435,0.014829634
17436,0.0281112
17437,0.03531757
17438,0.032209635
17439,0.02062815
17440,0.007363334
17441,0.00022595927
17442,0.0033708
17443,0.014948449
17444,0.028131617
17445,0.035226133
17446,0.032056905
17447,0.020488536
17448,0.0073112035
17449,0.00022050373
17450,0.0033637371
17451,0.0014282999
17452,0.016193634
17453,0.0026320333
17454,0.002675926
17455,0.026205927
17456,0.045396302
17457,0.036215294
17458,0.010741514
17459,0.00034003335
17460,0.0195075
17461,0.051529262
17462,0.06743441
17463,0.05407423
17464,0.02421574
17465,0.002442015
17466,0.0037706709
17467,0.023763292
17468,0.04524083
17469,0.05275214
17470,0.001132626
17471,0.0058800005
17472,0.0100467
17473,0.007894815
17474,0.0016576335
17475,0.0010760038
17476,0.012498405
17477,0.030379618
17478,0.04114404
17479,0.035776533
17480,0.018335648
17481,0.0028356484
17482,0.0015889816
17483,0.015640834
17484,0.03465734
17485,0.045344453
17486,0.040922135
17487,0.024960058
17488,0.008003333
17489,8.333335e-05
17490,0.0048556486
17491,0.018204033
17492,0.03153602
17493,0.037030533
17494,0.031817637
17495,0.019185837
17496,0.0062496336
17497,8.0033344e-05
17498,0.0038231702
17499,0.015157515
17500,0.0017125926
17501,0.0162867
17502,0.03552374
17503,0.041688986
17504,0.028603116
17505,0.008400134
17506,0.0006256333
17507,0.012268149
17508,0.03114815
17509,0.04398117
17510,0.042037632
17511,0.027100096
17512,0.00944596
17513,0.00023894814
17514,0.0043923
17515,0.018171204
17516,0.03242845
17517,0.03849695
17518,0.03317796
17519,0.00030294814
17520,0.00078370364
17521,0.0007600333
17522,3.484815e-05
17523,0.0013467001
17524,0.008167501
17525,0.019405637
17526,0.0014421332
17527,0.011148983
17528,0.019592596
17529,0.015717037
17530,0.0041067
17531,0.00070729264
17532,0.014578726
17533,0.037077393
17534,0.049748983
17535,0.04201268
17536,0.020488536
17537,0.0027456335
17538,0.0022245373
17539,0.0183027
17540,0.038306136
17541,0.048026673
17542,0.041639294
17543,0.024272595
17544,0.0071868487
17545,1.5170371e-05
17546,0.0054495153
17547,0.018766671
17548,0.031492803
17549,0.036308005
17550,0.030890903
17551,0.018500835
17552,1.7925927e-06
17553,0.00047468152
17554,0.002190226
17555,0.00587067
17556,0.011800835
17557,0.018286237
17558,0.021654533
17559,0.018683393
17560,0.010169071
17561,0.0018304038
17562,0.0008077371
17563,0.009961481
17564,0.024806459
17565,0.036099575
17566,0.03628482
17567,0.00050430006
17568,0.0017176333
17569,0.0019093482
17570,0.00037689265
17571,0.0008533334
17572,0.008057871
17573,0.02080333
17574,0.030741341
17575,0.029453335
17576,0.017120373
17577,0.0036153484
17578,0.0006752926
17579,0.012053393
17580,0.030379618
17581,0.0021618372
17582,0.017120373
17583,0.03308934
17584,0.032736033
17585,0.016069962
17586,0.0011614816
17587,0.0052360045
17588,0.02740148
17589,0.0499392
17590,0.054784138
17591,0.038880005
17592,0.015112595
17593,0.0008042815
17594,0.0045141336
17595,0.0213867
17596,0.0023408332
17597,0.020785782
17598,0.043092303
17599,0.0018617813
17600,0.0098766275
17601,0.012965337
17602,0.0061824587
17603,1.7125927e-05
17604,0.0074681477
17605,0.02734107
17606,0.0024000928
17607,0.017779559
17608,0.029809518
17609,0.023240834
17610,0.006211204
17611,0.00087120367
17612,0.01617815
17613,0.03994317
17614,0.05238934
17615,0.04324403
17616,0.020453705
17617,0.0024903703
17618,0.0025823151
17619,0.019253334
17620,0.039216727
17621,0.048347294
17622,0.041341785
17623,0.023763292
17624,0.0068705333
17625,5.633333e-06
17626,0.0055669486
17627,0.018766671
17628,0.03125565
17629,0.03596095
17630,0.030570848
17631,0.018335648
17632,0.0059643
17633,0.00019763334
17634,0.0045141336
17635,0.012785792
17636,0.021600837
17637,0.026860185
17638,0.025540285
17639,0.017730903
17640,2.7392594e-05
17641,9.600371e-05
17642,0.0010208334
17643,0.0040833335
17644,0.01025517
17645,0.018023837
17646,0.02292646
17647,0.020698136
17648,0.011695293
17649,0.0023114816
17650,0.0006912
17651,0.010144536
17652,0.025774239
17653,0.037571207
17654,0.037571207
17655,0.02571565
17656,0.009925071
17657,0.0005015704
17658,0.003342593
17659,0.0162867
17660,0.0019683002
17661,0.018368628
17662,0.039168537
17663,0.044982318
17664,0.030104447
17665,0.0084672
17666,0.00014083333
17667,0.012923794
17668,0.036540303
17669,0.05255663
17670,0.04958623
17671,0.030869516
17672,0.009961481
17673,0.00011472593
17674,0.005685634
17675,0.020926403
17676,0.035226133
17677,0.03991885
17678,0.032934535
17679,0.01886685
17680,0.0056124483
17681,1.3333334e-05
17682,0.0044165333
17683,0.01583935
17684,0.027745074
17685,0.033533636
17686,0.029977873
17687,0.019034406
17688,0.006780033
17689,0.00020280002
17690,0.0031895703
17691,0.014228148
17692,0.027080063
17693,0.034318287
17694,0.03166584
17695,0.00037218147
17696,0.0011697926
17697,0.0012502259
17698,1.6133334e-05
17699,0.0015075706
17700,0.0073424596
17701,0.017072627
17702,0.02507557
17703,0.02461513
17704,0.01493357
17705,0.0034561334
17706,0.00045111479
17707,0.0103292605
17708,0.027522506
17709,0.040406704
17710,0.0014099594
17711,0.008692682
17712,0.01484446
17713,0.011695293
17714,0.0027584038
17715,0.0006533334
17716,0.012268149
17717,0.031861074
17718,0.044057783
17719,0.03854473
17720,0.019780448
17721,0.0030670373
17722,0.0016625925
17723,0.016395615
17724,0.03607645
17725,0.04675485
17726,0.04171384
17727,0.02507557
17728,0.007819292
17729,0.00028829998
17730,0.0060681487
17731,0.016069962
17732,0.025268683
17733,0.029244814
17734,0.025970018
17735,0.016771793
17736,0.0062688924
17737,0.00025813334
17738,0.0026195594
17739,0.0127445385
17740,0.025326762
17741,0.033200134
17742,0.03153602
17743,0.021120531
17744,0.008068801
17745,0.00038640367
17746,0.0029469037
17747,0.0144613935
17748,0.028131617
17749,0.03579956
17750,0.032890372
17751,0.021138228
17752,0.0075737042
17753,0.00023707037
17754,0.0034133336
17755,0.015142534
17756,0.028459199
17757,0.03552374
17758,0.032209635
17759,0.02050596
17760,8.181482e-06
17761,0.00034453702
17762,0.0018670369
17763,0.0054495153
17764,0.011485634
17765,0.01831917
17766,0.022032302
17767,0.019185837
17768,0.010515649
17769,0.001925337
17770,0.0007905334
17771,0.010034505
17772,0.025056303
17773,0.036447294
17774,0.03656357
17775,0.025210671
17776,0.009852448
17777,0.0005348148
17778,0.0031827001
17779,0.015931392
17780,0.030592136
17781,0.03813956
17782,0.034138132
17783,0.021226801
17784,0.00719717
17785,0.00014228148
17786,0.0038382371
17787,0.015762849
17788,0.02878868
17789,0.03534045
17790,0.03166584
17791,0.019969199
17792,0.0069921343
17793,0.00018253335
17794,0.0034347004
17795,0.01484446
17796,0.027805924
17797,0.034770727
17798,0.03170917
17799,0.02034939
17800,0.0073112035
17801,0.00023333704
17802,0.0033005036
17803,0.0014237036
17804,0.0161472
17805,0.03731214
17806,0.048000004
17807,0.03940979
17808,0.018683393
17809,0.0022881336
17810,0.0023941335
17811,0.018056534
17812,0.037218153
17813,0.046544537
17814,0.04045565
17815,0.023763292
17816,0.007155926
17817,2.3703706e-05
17818,0.005209615
17819,0.01831917
17820,0.031062286
17821,0.036122702
17822,0.030976532
17823,0.018683393
17824,0.006134701
17825,8.4448155e-05
17826,0.0037037039
17827,0.01484446
17828,0.027220452
17829,0.03380163
17830,0.030805392
17831,0.019848986
17832,1.08e-05
17833,6.4533335e-05
17834,0.00019592591
17835,0.0036446815
17836,0.012120301
17837,0.022541072
17838,0.02829517
17839,0.02446259
17840,0.012937633
17841,0.0021675
17842,0.0010800001
17843,0.011960033
17844,0.02833613
17845,0.039433964
17846,0.037973348
17847,0.025017781
17848,0.009129259
17849,0.00032669998
17850,0.0037333926
17851,0.01669307
17852,0.030869516
17853,0.037665635
17854,0.033266705
17855,0.020488536
17856,0.006860449
17857,0.00011867038
17858,0.0038231702
17859,0.01553446
17860,0.028356628
17861,0.0348843
17862,0.031384896
17863,0.00034228148
17864,0.0010325334
17865,0.0010800001
17866,0.000112133326
17867,0.0011490704
17868,0.008068801
17869,0.019797573
17870,0.028892035
17871,0.027704537
17872,0.016209127
17873,0.0034704595
17874,0.0006286815
17875,0.01153787
17876,0.02941157
17877,0.041962802
17878,0.040700838
17879,0.026740627
17880,0.009624237
17881,0.00031363333
17882,0.004052282
17883,0.01760148
17884,0.03201333
17885,0.03849695
17886,0.0334668
17887,0.02026267
17888,0.006600833
17889,8.333335e-05
17890,0.003998226
17891,0.015701784
17892,0.02833613
17893,0.034634683
17894,0.031062286
17895,0.00033779262
17896,0.0010169483
17897,0.0010640593
17898,0.000108299995
17899,0.0011531999
17900,0.008068801
17901,0.019763332
17902,0.02885067
17903,0.027664037
17904,0.016193634
17905,0.0034704595
17906,0.0006256333
17907,0.0115248
17908,0.0293907
17909,0.041962802
17910,0.040676285
17911,0.026740627
17912,0.009624237
17913,0.00031363333
17914,0.0040445374
17915,0.01760148
17916,0.03201333
17917,0.03849695
17918,0.033489075
17919,0.02026267
17920,2.1333335e-06
17921,0.00050978153
17922,0.0023056336
17923,0.0060681487
17924,0.000828626
17925,0.009708004
17926,0.024007838
17927,0.031341784
17928,0.02397013
17929,4.0333334e-06
17930,0.001132626
17931,0.005731615
17932,0.0010521815
17933,0.012040033
17934,0.028479736
17935,0.035661515
17936,0.026127174
17937,0.0085683
17938,0.00049884815
17939,0.010628283
17940,0.027927836
17941,0.040700838
17942,0.040211204
17943,0.026940035
17944,0.00999796
17945,0.0004008926
17946,0.0038006261
17947,0.017296005
17948,0.031969793
17949,0.038760092
17950,0.0010208334
17951,0.0060113934
17952,0.010565634
17953,0.0084672
17954,0.0018881336
17955,0.00097470003
17956,0.012444034
17957,0.030698674
17958,0.04176357
17959,0.036377616
17960,0.018650135
17961,0.002887737
17962,0.0016035704
17963,0.015808728
17964,0.03497529
17965,0.045656007
17966,0.041094672
17967,0.024998534
17968,0.007959837
17969,7.680001e-05
17970,0.0049066707
17971,0.018286237
17972,0.03157926
17973,0.037007116
17974,0.031774223
17975,0.00029453338
17976,0.0007803
17977,0.00076675933
17978,3.778148e-05
17979,0.0013288924
17980,0.008134534
17981,0.019371737
17982,0.028050017
17983,0.026860185
17984,0.00020628147
17985,0.0001337037
17986,5.244815e-05
17987,0.00192
17988,0.00821156
17989,0.01799117
17990,0.025481962
17991,0.0243675
17992,0.014402905
17993,0.0031552927
17994,0.00055183703
17995,0.010590672
17996,0.027562905
17997,0.04008926
17998,0.039627563
17999,0.026641203
18000,0.009949338
18001,0.00020453705
18002,0.005174534
18003,0.014402905
18004,0.023576036
18005,0.028315648
18006,0.025989635
18007,0.017376136
18008,0.006810134
18009,0.00012
18010,0.0034776332
18011,0.010665959
18012,0.019253334
18013,0.025384903
18014,0.025443114
18015,0.018550536
18016,4.2403703e-05
18017,4.4814817e-05
18018,0.00080083334
18019,0.0037037039
18020,0.009925071
18021,0.018007502
18022,0.023296537
18023,0.021209074
18024,0.00014814816
18025,7.053334e-05
18026,0.000105781495
18027,0.0021000335
18028,0.008333335
18029,0.017828282
18030,0.025017781
18031,0.0238572
18032,0.014083334
18033,0.0030737817
18034,0.00055183703
18035,0.0014099594
18036,0.017585339
18037,0.040651735
18038,0.0516675
18039,0.041688986
18040,0.01923645
18041,0.0021505335
18042,0.0027776149
18043,0.019253334
18044,0.038640372
18045,0.04741513
18046,0.04050463
18047,0.023333704
18048,0.00679006
18049,7.5e-06
18050,0.0054225926
18051,0.018467737
18052,0.030933706
18053,0.035776533
18054,0.030570848
18055,0.018434672
18056,0.0060492004
18057,8.333335e-05
18058,0.0036593927
18059,0.0013646259
18060,0.015443572
18061,0.03596095
18062,0.0021392591
18063,0.014637571
18064,0.02446259
18065,0.019000834
18066,0.004872626
18067,0.00077351485
18068,0.0161472
18069,0.040406704
18070,0.05322845
18071,0.044006698
18072,0.020820895
18073,0.0025392002
18074,0.0026133335
18075,0.019473517
18076,0.039603338
18077,0.048722703
18078,0.041540004
18079,0.023782061
18080,0.006820181
18081,3.5592593e-06
18082,0.0056398376
18083,0.01886685
18084,0.001814815
18085,0.016551837
18086,0.0357075
18087,0.04171384
18088,0.028459199
18089,0.008300033
18090,9.12926e-05
18091,0.01198667
18092,0.034861572
18093,0.051033124
18094,0.048937872
18095,0.030997962
18096,0.010316893
18097,0.00016961481
18098,0.0053778705
18099,0.020558283
18100,0.035112005
18101,0.04013802
18102,0.03333334
18103,0.019185837
18104,0.0057500587
18105,1.6625927e-05
18106,0.004424626
18107,0.015946759
18108,0.02794818
18109,0.033734538
18110,0.030083334
18111,0.019051202
18112,0.006760004
18113,0.00019592591
18114,0.0032240332
18115,0.014271738
18116,0.027120132
18117,0.034318287
18118,0.031622536
18119,0.020523394
18120,0.007499737
18121,0.00027000002
18122,0.003196448
18123,0.014667036
18124,0.027968537
18125,0.03527184
18126,0.032275204
18127,0.020715648
18128,0.0074366266
18129,0.00023520003
18130,0.0033566817
18131,0.014948449
18132,0.0017889815
18133,0.01702495
18134,0.036843393
18135,0.042915616
18136,0.029182406
18137,0.008444815
18138,9.961482e-05
18139,0.012268149
18140,0.035432037
18141,0.05163984
18142,0.04926152
18143,0.031040832
18144,3.7925927e-06
18145,0.0007367259
18146,0.0030535702
18147,0.0072385343
18148,0.013118238
18149,0.0189003
18150,0.021280035
18151,0.017682316
18152,0.009281071
18153,0.0015170372
18154,0.0009370704
18155,0.010010133
18156,0.024386503
18157,0.03527184
18158,0.035454948
18159,0.024596034
18160,0.009732004
18161,0.0001617815
18162,0.0044977926
18163,0.012979201
18164,0.022014238
18165,0.02732095
18166,0.025872033
18167,0.017828282
18168,0.0073008006
18169,0.00049613335
18170,0.0022016333
18171,0.012389781
18172,0.025657127
18173,0.034205634
18174,0.032736033
18175,0.021924032
18176,0.008355571
18177,0.00039120376
18178,0.0030603004
18179,0.01484446
18180,0.028685516
18181,0.036238458
18182,0.033045072
18183,0.021067498
18184,0.007457634
18185,0.00021155925
18186,0.0034992
18187,0.015247561
18188,0.028479736
18189,0.035432037
18190,0.032056905
18191,0.020384135
18192,0.0072075003
18193,0.00020453705
18194,0.0034133336
18195,0.01493357
18196,0.028029634
18197,0.035043616
18198,0.031904537
18199,0.020418903
18200,0.0073008006
18201,0.00017763334
18202,0.0044165333
18203,0.012675927
18204,0.021547202
18205,0.026900092
18206,0.025657127
18207,0.017844537
18208,0.007394701
18209,0.0005320037
18210,0.0021280148
18211,0.012268149
18212,0.02559867
18213,0.0342732
18214,0.032868303
18215,0.02205037
18216,0.008411292
18217,0.0003984593
18218,0.0030603004
18219,0.014888983
18220,0.028747395
18221,0.036308005
18222,0.0010521815
18223,0.0064337924
18224,0.011316682
18225,0.009071205
18226,0.0020667
18227,0.00094453717
18228,0.012634848
18229,0.03127717
18230,0.042513132
18231,0.036913514
18232,0.018816726
18233,0.0028746703
18234,0.0016576335
18235,0.016039116
18236,0.0352947
18237,0.045890372
18238,0.04114404
18239,0.024921617
18240,0.007884005
18241,6.850371e-05
18242,0.004957959
18243,0.018335648
18244,0.03157926
18245,0.0369369
18246,0.0316875
18247,0.019068003
18248,0.0062016146
18249,7.680001e-05
18250,0.0038231702
18251,0.015112595
18252,0.027502315
18253,0.0339809
18254,0.030805392
18255,0.019746227
18256,0.0071147997
18257,0.00023148149
18258,0.0032033334
18259,0.01444676
18260,0.027522506
18261,0.034770727
18262,0.031948037
18263,0.02062815
18264,0.0074681477
18265,0.0002523
18266,0.0032725928
18267,0.014800004
18268,0.028070405
18269,0.0352947
18270,0.032209635
18271,0.02062815
18272,0.0073737823
18273,0.0002277926
18274,0.0033637371
18275,0.01493357
18276,0.028131617
18277,0.035226133
18278,0.0320787
18279,0.02050596
18280,0.0073216152
18281,0.00022231482
18282,0.0033637371
18283,0.014903837
18284,0.028070405
18285,0.03515764
18286,0.03201333
18287,0.020488536
18288,9.25926e-06
18289,0.00032890373
18290,0.0018200038
18291,0.0053778705
18292,0.011433516
18293,0.0183027
18294,0.022086535
18295,0.0005691259
18296,0.0028097813
18297,0.0035715702
18298,0.0011823149
18299,0.00038163335
18300,0.0075737042
18301,0.021834014
18302,0.033377793
18303,0.03236273
18304,0.00024272593
18305,0.00015262594
18306,4.8981477e-05
18307,0.0019467594
18308,0.008322226
18309,0.018171204
18310,0.025637634
18311,0.02444356
18312,0.0143883005
18313,0.0031280038
18314,0.0005320037
18315,0.0013067999
18316,0.016536182
18317,0.038712185
18318,0.049803294
18319,0.04072539
18320,0.0001253926
18321,2.0281483e-05
18322,0.000828626
18323,0.004005926
18324,0.010565634
18325,0.01878335
18326,0.023838406
18327,0.021333337
18328,0.011906848
18329,0.0022823147
18330,0.00075333705
18331,0.0013422371
18332,0.01669307
18333,0.038928017
18334,0.0499392
18335,0.04074996
18336,0.01911846
18337,0.002259115
18338,0.0025637925
18339,0.0020446258
18340,0.022632534
18341,0.04934259
18342,0.059526224
18343,0.045344453
18344,0.01923645
18345,0.00023148149
18346,0.006660301
18347,0.0013872002
18348,0.014740833
18349,0.0342732
18350,0.04472454
18351,0.03745333
18352,0.018269781
18353,0.0024480335
18354,0.0020501334
18355,0.016945634
18356,0.0024180147
18357,0.022322314
18358,0.04612534
18359,0.051253334
18360,0.032978725
18361,0.008636033
18362,0.00028623705
18363,0.01484446
18364,0.0397488
18365,0.002713837
18366,0.020453705
18367,0.0382347
18368,0.036773335
18369,0.017488627
18370,0.0011408334
18371,0.0059455154
18372,0.02972552
18373,0.052864015
18374,0.056825515
18375,0.03940979
18376,2.7392594e-05
18377,0.00046675923
18378,0.0024480335
18379,0.0065317936
18380,0.01271707
18381,0.019084813
18382,0.021978134
18383,0.018500835
18384,0.009804182
18385,0.0016428002
18386,0.0009185334
18387,0.010169071
18388,0.024825636
18389,0.035822593
18390,0.035868682
18391,0.00049613335
18392,0.0016875002
18393,0.0018723003
18394,0.0003628482
18395,0.00086403335
18396,0.008057871
18397,0.020768238
18398,0.030677352
18399,0.0293907
18400,0.017088534
18401,0.0036153484
18402,0.0006752926
18403,0.012040033
18404,0.030337198
18405,0.042890407
18406,0.041193426
18407,0.00047468152
18408,0.0013872002
18409,0.0014375147
18410,1.6133334e-05
18411,0.0015408334
18412,0.007457634
18413,0.017248016
18414,0.025210671
18415,0.024653334
18416,0.00021155925
18417,0.00017601483
18418,2.3703706e-05
18419,0.001727737
18420,0.0079489825
18421,0.01787707
18422,0.025637634
18423,0.024710702
18424,0.014696535
18425,0.0032656335
18426,0.0005292
18427,0.010590672
18428,0.027704537
18429,0.040333338
18430,0.039870232
18431,0.026760532
18432,0.009973634
18433,0.00041070004
18434,0.0037482816
18435,0.017184133
18436,0.03183935
18437,0.038688235
18438,0.0338912
18439,0.020645635
18440,0.0067700157
18441,9.363332e-05
18442,0.003998226
18443,0.015808728
18444,0.028541394
18445,0.034861572
18446,0.031212624
18447,0.019712033
18448,0.006921071
18449,0.00018583704
18450,0.0033708
18451,0.014681783
18452,0.027603336
18453,0.03465734
18454,0.0010169483
18455,0.0062785344
18456,0.011110459
18457,0.008944133
18458,0.0020446258
18459,0.0009370704
18460,0.012552894
18461,0.031105202
18462,0.042337637
18463,0.036796685
18464,0.018816726
18465,0.002887737
18466,0.0016378704
18467,0.015977517
18468,0.035226133
18469,0.045864303
18470,0.041168727
18471,0.024960058
18472,0.007905634
18473,7.053334e-05
18474,0.004949393
18475,0.018335648
18476,0.03157926
18477,0.036960304
18478,0.03170917
18479,0.019068003
18480,0.0062016146
18481,7.680001e-05
18482,0.0038231702
18483,0.015127559
18484,0.027522506
18485,0.0339809
18486,0.030805392
18487,0.019746227
18488,0.0071147997
18489,0.00023148149
18490,0.0007400333
18491,0.0107163
18492,0.026920063
18493,0.038736135
18494,0.0382347
18495,0.025793782
18496,0.009720001
18497,0.00042814814
18498,0.0035425334
18499,0.0016182258
18500,0.017958535
18501,0.040651735
18502,0.0511707
18503,0.0010364482
18504,0.004067793
18505,0.004804893
18506,0.0016133332
18507,0.00033779262
18508,0.008068801
18509,0.023352304
18510,0.035386227
18511,0.03382402
18512,0.019371737
18513,0.0039675003
18514,0.0008042815
18515,0.013342238
18516,0.032736033
18517,0.0022245373
18518,0.017360093
18519,0.033377793
18520,0.03291245
18521,0.016085392
18522,0.0011449482
18523,0.005297837
18524,0.027562905
18525,0.0500753
18526,0.05484113
18527,0.038856003
18528,0.0150677385
18529,0.0007905334
18530,0.0045387005
18531,0.021440133
18532,0.038592532
18533,0.044776037
18534,0.0369369
18535,0.020750703
18536,0.0058613485
18537,0.00028829998
18538,0.005740834
18539,0.0152625935
18540,0.024291558
18541,0.028541394
18542,0.02573517
18543,0.016913962
18544,0.0064925044
18545,0.00031579257
18546,0.0024843
18547,0.0125801815
18548,0.025326762
18549,0.033400033
18550,0.03183935
18551,0.021351118
18552,0.008167501
18553,0.00039361484
18554,0.0029667593
18555,0.0145493485
18556,0.028274704
18557,0.0016675593
18558,0.013286061
18559,0.0016675593
18560,0.01189357
18561,0.016913962
18562,0.0090596145
18563,0.0002600926
18564,0.006630534
18565,0.02800926
18566,0.046807505
18567,0.04607307
18568,0.026522135
18569,0.0055035595
18570,0.0008784038
18571,0.014681783
18572,0.035500806
18573,0.04810673
18574,0.044108897
18575,0.027080063
18576,0.008681336
18577,9.12926e-05
18578,0.001028626
18579,0.01366756
18580,0.032450374
18581,0.0442368
18582,0.041242853
18583,0.02600926
18584,0.008783704
18585,0.00016645927
18586,0.0045387005
18587,0.018072894
18588,0.03192628
18589,0.03778384
18590,0.032582056
18591,0.019626683
18592,0.006365634
18593,7.680001e-05
18594,0.0039292593
18595,0.015428449
18596,0.027907502
18597,0.0342732
18598,0.030890903
18599,0.019677872
18600,0.0070227003
18601,0.00021155925
18602,0.0032656335
18603,0.0013962816
18604,0.015916033
18605,0.036890138
18606,0.047600836
18607,0.039216727
18608,0.01866676
18609,0.002317337
18610,0.002346726
18611,0.017909633
18612,0.037077393
18613,0.046492033
18614,0.040480133
18615,0.00034228148
18616,0.00077351485
18617,0.00070083333
18618,1.9737035e-05
18619,0.0014513928
18620,0.008322226
18621,0.019473517
18622,0.02794818
18623,0.02660148
18624,0.015519292
18625,0.0033005036
18626,0.0006286815
18627,0.011303738
18628,0.02885067
18629,0.041317042
18630,0.040260036
18631,0.000490726
18632,0.0014934259
18633,0.0015744594
18634,0.00024653334
18635,0.0010014815
18636,0.008178503
18637,0.020558283
18638,0.030104447
18639,0.028768033
18640,0.016708802
18641,0.0035208336
18642,0.0006721334
18643,0.01189357
18644,0.030020034
18645,0.04253823
18646,0.040946756
18647,0.026700838
18648,0.009493337
18649,0.00028213335
18650,0.0041614817
18651,0.017747115
18652,0.032056905
18653,0.038401484
18654,0.033311114
18655,0.020124301
18656,2.1333335e-06
18657,0.00050978153
18658,0.0023114816
18659,0.0060681487
18660,0.01198667
18661,0.0010364482
18662,0.010058904
18663,0.021744182
18664,0.023594726
18665,0.012758281
18666,0.0012160332
18667,0.0036446815
18668,0.021996183
18669,0.042890407
18670,0.049830463
18671,0.037571207
18672,0.015977517
18673,0.0013112037
18674,0.0033920333
18675,0.019354803
18676,0.03714774
18677,0.04482756
18678,0.03813956
18679,0.022086535
18680,0.0065416335
18681,1.3781483e-05
18682,0.00092592597
18683,0.012322134
18684,0.029788502
18685,0.0415152
18686,0.039676033
18687,0.025793782
18688,0.009164182
18689,0.0002720037
18690,0.004052282
18691,0.017344061
18692,0.031492803
18693,0.037949633
18694,0.033133633
18695,0.00031795923
18696,0.0008533334
18697,0.000846237
18698,5.244815e-05
18699,0.0012936335
18700,0.008145514
18701,0.019524502
18702,0.0014560336
18703,0.011252034
18704,0.019746227
18705,0.01583935
18706,0.0041457927
18707,0.0007040593
18708,0.014637571
18709,0.03719467
18710,0.04988482
18711,0.04208756
18712,0.020523394
18713,0.0027456335
18714,0.0022360333
18715,0.018335648
18716,0.038353797
18717,0.048053347
18718,0.041639294
18719,0.024272595
18720,0.007176533
18721,1.4700002e-05
18722,0.0054585035
18723,0.01878335
18724,0.031471208
18725,0.036308005
18726,0.030869516
18727,0.00028213335
18728,0.0007466704
18729,0.0007301334
18730,3.2033335e-05
18731,0.0013467001
18732,0.008112594
18733,0.0014282999
18734,0.0144613935
18735,0.029893637
18736,0.030912302
18737,0.015916033
18738,0.0013872002
18739,0.0045223148
18740,0.02571565
18741,0.048267044
18742,0.05410254
18743,0.03914445
18744,0.01565606
18745,0.00096711493
18746,0.0042008334
18747,0.020996893
18748,0.03852083
18749,0.04513734
18750,0.037476897
18751,0.021173634
18752,0.0060208333
18753,1.6333332e-06
18754,0.0052008326
18755,0.01753695
18756,0.029557869
18757,0.034566764
18758,0.029998949
18759,0.018434672
18760,0.0062592602
18761,0.0001226815
18762,0.0034347004
18763,0.014402905
18764,0.026900092
18765,0.03380163
18766,0.031062286
18767,0.020158846
18768,0.007394701
18769,0.0002720037
18770,0.0031348146
18771,0.014476032
18772,0.027704537
18773,0.035089202
18774,0.032209635
18775,0.020768238
18776,0.007499737
18777,0.00024653334
18778,0.003314504
18779,0.014903837
18780,0.028192896
18781,0.035363335
18782,0.032187797
18783,0.0003605333
18784,0.0010920333
18785,3.272593e-05
18786,9.4814817e-07
18787,0.00089289254
18788,0.005594226
18789,0.014740833
18790,0.023426762
18791,0.024424534
18792,0.0157323
18793,0.0041067
18794,0.00025423706
18795,0.009564626
18796,0.027020006
18797,0.0021618372
18798,0.01760148
18799,0.034070704
18800,0.033667505
18801,0.016520534
18802,0.0012033334
18803,0.0053155697
18804,0.027805924
18805,0.050566755
18806,0.05532676
18807,0.03912037
18808,0.015112595
18809,0.0007803
18810,0.004604537
18811,0.0020777816
18812,0.021996183
18813,0.047866758
18814,0.05787485
18815,0.0010403704
18816,0.003755737
18817,0.004304015
18818,0.0013333336
18819,0.00043319998
18820,0.008222593
18821,0.023148151
18822,0.034770727
18823,0.033111483
18824,0.018933782
18825,0.0038533336
18826,0.0008042815
18827,0.013188035
18828,0.032384627
18829,0.044801794
18830,0.042137515
18831,0.026700838
18832,0.0090596145
18833,0.0001808926
18834,0.0045880335
18835,0.018335648
18836,0.032340836
18837,0.038163334
18838,0.032780092
18839,0.019643737
18840,0.0063074995
18841,6.7500005e-05
18842,0.003998226
18843,0.015519292
18844,0.027968537
18845,0.034250673
18846,0.030805392
18847,0.019592596
18848,0.006981959
18849,0.00020803335
18850,0.0032656335
18851,0.014505339
18852,0.02746196
18853,0.034634683
18854,0.03179593
18855,0.0003651704
18856,0.001136726
18857,0.0012075593
18858,0.00014814816
18859,0.0010920333
18860,0.008057871
18861,0.019969199
18862,0.029224005
18863,0.02800926
18864,0.016380034
18865,0.0034992
18866,0.00063480006
18867,0.011629572
18868,0.029578803
18869,0.042137515
18870,0.040799115
18871,0.026740627
18872,0.009588449
18873,0.00030507034
18874,0.0040833335
18875,0.01764996
18876,0.032035116
18877,0.038473073
18878,0.03344454
18879,0.020228036
18880,2.1333335e-06
18881,0.00050978153
18882,0.0023114816
18883,0.0060681487
18884,0.01198667
18885,0.018385127
18886,0.021600837
18887,0.01853396
18888,0.010034505
18889,0.0017786999
18890,0.000828626
18891,0.009973634
18892,0.024748985
18893,0.03596095
18894,0.03614584
18895,0.025017781
18896,0.009840371
18897,0.00055183703
18898,0.0031212
18899,0.015762849
18900,0.030443296
18901,0.03806828
18902,0.0010640593
18903,0.0063753487
18904,0.01118757
18905,0.008944133
18906,0.0020226706
18907,0.0009595593
18908,0.012634848
18909,0.031191127
18910,0.0020336334
18911,0.014359115
18912,0.02421574
18913,0.00040578152
18914,0.00038401483
18915,0.00010957038
18916,0.0038457816
18917,0.0012545333
18918,0.014011204
18919,0.02953695
18920,0.030890903
18921,0.016116282
18922,0.0014746704
18923,0.0043681334
18924,0.025462536
18925,0.048160132
18926,0.054187506
18927,0.039361484
18928,0.015808728
18929,0.0010014815
18930,0.0041614817
18931,0.020996893
18932,0.038592532
18933,0.04524083
18934,0.037594803
18935,0.0002780593
18936,0.00056333333
18937,0.00047468152
18938,3.703704e-07
18939,0.0016035704
18940,0.008322226
18941,0.019017613
18942,0.02716024
18943,0.025872033
18944,0.015142534
18945,0.0032448003
18946,0.0006075001
18947,0.0110848155
18948,0.028438672
18949,0.040922135
18950,0.04004053
18951,0.02660148
18952,1.5170371e-05
18953,0.0003651704
18954,0.0020062816
18955,0.005740834
18956,0.011853782
18957,0.018583706
18958,0.02206845
18959,0.019017613
18960,0.010316893
18961,0.0018408335
18962,0.000828626
18963,0.010095559
18964,0.025017781
18965,0.0018828483
18966,0.015519292
18967,0.030592136
18968,0.030805392
18969,0.015398227
18970,0.0011823149
18971,0.0048811254
18972,0.026265074
18973,0.048481204
18974,0.05379156
18975,0.038640372
18976,4.2403703e-05
18977,0.00030507034
18978,0.0019683002
18979,0.005842726
18980,0.012133704
18981,0.018967297
18982,0.022395113
18983,0.019168982
18984,0.010304533
18985,0.0017992925
18986,0.00087120367
18987,0.010230534
18988,0.0018670369
18989,0.01878335
18990,0.040406704
18991,0.04646579
18992,0.031040832
18993,0.008715393
18994,0.00014373705
18995,0.013202014
18996,0.03719467
18997,0.05331273
18998,0.0500753
18999,0.030976532
19000,0.009888726
19001,9.840371e-05
19002,0.005814848
19003,0.021138228
19004,0.0020446258
19005,0.018220462
19006,0.038568627
19007,0.044211205
19008,0.029557869
19009,0.008311126
19010,0.00014228148
19011,0.01279956
19012,0.036192138
19013,0.052138906
19014,0.04931556
19015,0.030784033
19016,0.009985792
19017,0.00012403334
19018,0.0056124483
19019,0.020820895
19020,0.035134815
19021,0.039894536
19022,0.033000838
19023,0.018933782
19024,0.0056489813
19025,0.00024083335
19026,0.005052681
19027,0.013867501
19028,0.022760894
19029,0.027583113
19030,0.02559867
19031,0.017360093
19032,0.006951481
19033,0.00042563336
19034,0.0022823147
19035,0.012389781
19036,0.025443114
19037,0.03382402
19038,0.032384627
19039,0.021726234
19040,0.008311126
19041,0.0003984593
19042,0.0030066706
19043,0.014726061
19044,0.028520834
19045,0.03614584
19046,0.033045072
19047,0.021120531
19048,0.007499737
19049,0.0002187
19050,0.0034776332
19051,0.015232534
19052,0.028500285
19053,0.03547787
19054,0.032100506
19055,0.020418903
19056,0.0072178366
19057,0.00020453705
19058,0.0034204484
19059,0.014948449
19060,0.028050017
19061,0.035066403
19062,0.031904537
19063,0.020418903
19064,0.007290404
19065,0.00022413337
19066,0.00076339254
19067,0.010969782
19068,0.02740148
19069,0.039216727
19070,0.03849695
19071,0.00048803337
19072,0.0015504037
19073,0.0016675593
19074,1.2892592e-05
19075,0.0014840333
19076,0.0073216152
19077,0.017104447
19078,0.025133427
19079,0.024691572
19080,0.014978226
19081,0.0034704595
19082,0.0005152926
19083,0.009624237
19084,0.025423706
19085,0.037712894
19086,0.03813956
19087,0.02632428
19088,0.010242849
19089,0.0005461334
19090,0.0033215152
19091,0.0164268
19092,0.031298704
19093,0.038688235
19094,0.034340836
19095,0.02115593
19096,0.0070635593
19097,0.00011734816
19098,0.0039445334
19099,0.015900683
19100,0.02880934
19101,0.035226133
19102,0.031492803
19103,0.019831836
19104,0.0069311997
19105,0.0001808926
19106,0.0044327257
19107,0.012689633
19108,0.021547202
19109,0.026880134
19110,0.02561815
19111,0.017812034
19112,0.0073842374
19113,0.0005320037
19114,0.0021280148
19115,0.012268149
19116,0.02559867
19117,0.034250673
19118,0.03284624
19119,0.02205037
19120,0.008411292
19121,0.0003984593
19122,0.0030535702
19123,0.0014746704
19124,0.016740281
19125,0.038473073
19126,0.049153514
19127,0.04004053
19128,0.000121337056
19129,2.3114815e-05
19130,0.0008427
19131,0.004021348
19132,0.010578148
19133,0.018766671
19134,0.023800833
19135,0.021297794
19136,0.0118803
19137,0.0022823147
19138,0.00075333705
19139,0.010440893
19140,0.026205927
19141,0.037878532
19142,0.037618402
19143,0.02559867
19144,0.009780092
19145,0.00046939263
19146,0.0034062262
19147,0.016364459
19148,0.030955113
19149,0.038210906
19150,0.033936035
19151,0.020961635
19152,0.0070431144
19153,0.0001253926
19154,0.0038760337
19155,0.01574757
19156,0.028664906
19157,0.03515764
19158,0.031514402
19159,0.019883294
19160,7.1703707e-06
19161,0.00035134816
19162,0.0018775705
19163,0.0054495153
19164,0.011485634
19165,0.018286237
19166,0.021996183
19167,0.019168982
19168,0.01050317
19169,0.001925337
19170,0.000490726
19171,0.008783704
19172,0.0018304038
19173,0.018766671
19174,0.04050463
19175,0.046649635
19176,0.0005432926
19177,0.0008216334
19178,0.00012675927
19179,0.0008784038
19180,0.0070533343
19181,0.0014191149
19182,0.014667036
19183,0.030337198
19184,0.031363335
19185,0.0161472
19186,0.0014099594
19187,0.004546904
19188,0.025891613
19189,0.048588466
19190,0.054357633
19191,0.039289072
19192,0.015671294
19193,0.00095579255
19194,0.004240371
19195,0.021085173
19196,0.0023644485
19197,0.021049839
19198,0.043573707
19199,0.04874957
19200,0.03166584
19201,0.008444815
19202,0.00024272593
19203,0.0021112037
19204,0.025229998
19205,0.054784138
19206,0.06511574
19207,0.048534814
19208,0.019866135
19209,0.0013736334
19210,0.0046625338
19211,0.023951294
19212,0.0026195594
19213,0.022797633
19214,0.04646579
19215,0.05119824
19216,0.032692008
19217,0.008444815
19218,0.00031795923
19219,0.0149931265
19220,0.039821632
19221,0.055183705
19222,0.05043
19223,0.030273639
19224,0.0091875
19225,3.778148e-05
19226,0.0062592602
19227,0.021511482
19228,0.035226133
19229,0.039313197
19230,0.032122318
19231,0.018269781
19232,0.0053957365
19233,9.633333e-06
19234,0.004360093
19235,0.0013826704
19236,0.015352949
19237,0.035684507
19238,0.0021224038
19239,0.0015312927
19240,0.013553961
19241,0.02024535
19242,0.000107037034
19243,0.00024083335
19244,0.0038684597
19245,0.012979201
19246,0.023018703
19247,0.025657127
19248,0.017488627
19249,0.00507
19250,0.00011342594
19251,0.009129259
19252,0.027240535
19253,0.041863125
19254,0.042588446
19255,0.029120062
19256,0.011033615
19257,0.0005070371
19258,0.0038307
19259,0.017909633
19260,0.033133633
19261,0.039967503
19262,0.034612034
19263,0.00031579257
19264,0.00079739257
19265,0.00076675933
19266,3.484815e-05
19267,0.0013556482
19268,0.008189516
19269,0.01943956
19270,0.028090801
19271,0.0008820149
19272,0.0044570705
19273,0.005740834
19274,0.0022475594
19275,0.00015870002
19276,0.0075525343
19277,0.023408134
19278,0.0363312
19279,0.03518046
19280,0.02034939
19281,0.0042562373
19282,0.00076339254
19283,0.013511483
19284,0.03333334
19285,0.04602084
19286,0.043016538
19287,0.027040016
19288,0.00903646
19289,0.00015413333
19290,0.004779615
19291,0.018683393
19292,0.032626018
19293,0.038258504
19294,0.032670002
19295,0.019456532
19296,0.006192034
19297,5.7870373e-05
19298,0.0040290705
19299,0.015519292
19300,0.027866848
19301,0.03411565
19302,0.030698674
19303,0.00034003335
19304,0.0010364482
19305,0.0010920333
19306,0.00011734816
19307,0.001136726
19308,0.008046949
19309,0.019797573
19310,0.028912727
19311,0.027745074
19312,0.016240135
19313,0.0034848147
19314,0.0006256333
19315,0.01153787
19316,0.02943245
19317,0.04198774
19318,0.04072539
19319,0.026740627
19320,0.009624237
19321,0.0003114815
19322,0.004052282
19323,0.01760148
19324,0.03201333
19325,0.03849695
19326,0.0334668
19327,0.02026267
19328,0.0065909484
19329,8.333335e-05
19330,0.003998226
19331,0.015701784
19332,0.028315648
19333,0.034634683
19334,0.031062286
19335,0.019660803
19336,0.006941337
19337,0.00019422593
19338,0.0033285336
19339,0.014608134
19340,0.027562905
19341,0.03465734
19342,0.03173085
19343,0.020436302
19344,0.007394701
19345,0.00024653334
19346,0.0032656335
19347,0.014740833
19348,0.027968537
19349,0.03518046
19350,0.032144133
19351,0.02062815
19352,0.007394701
19353,0.00023148149
19354,0.003342593
19355,0.014903837
19356,0.0281112
19357,0.035248984
19358,0.032100506
19359,0.020523394
19360,0.007332033
19361,0.00022231482
19362,0.0033637371
19363,0.014903837
19364,0.028090801
19365,0.03518046
19366,0.032035116
19367,0.00035822592
19368,0.0010920333
19369,0.0011490704
19370,0.00013090372
19371,0.0011203705
19372,0.008068801
19373,0.019900458
19374,0.029078534
19375,0.027866848
19376,0.0162867
19377,0.0034848147
19378,0.00058963336
19379,0.010565634
19380,0.027300837
19381,0.039651792
19382,0.039240837
19383,0.026423115
19384,0.009912948
19385,0.00042312598
19386,0.0036593927
19387,0.016945634
19388,0.03157926
19389,0.03854473
19390,0.0338912
19391,0.020715648
19392,0.0068403
19393,0.000102059275
19394,0.0039598374
19395,0.015793426
19396,0.028582536
19397,0.034952536
19398,0.031298704
19399,0.019763332
19400,0.006941337
19401,0.00018583704
19402,0.0033778707
19403,0.014711292
19404,0.027643792
19405,0.03468
19406,0.0316875
19407,0.020384135
19408,0.0073528923
19409,0.00024083335
19410,0.0007566815
19411,0.01093157
19412,0.02732095
19413,0.03914445
19414,0.038473073
19415,0.025813332
19416,0.009648133
19417,0.00040578152
19418,0.0036153484
19419,0.016724536
19420,0.031212624
19421,0.038210906
19422,0.033734538
19423,0.020715648
19424,0.006900834
19425,0.000112133326
19426,0.0038988001
19427,0.015701784
19428,0.028541394
19429,0.03497529
19430,0.031384896
19431,0.019831836
19432,0.006981959
19433,0.00018917037
19434,0.0033778707
19435,0.014726061
19436,0.027684284
19437,0.0015938372
19438,0.012758281
19439,0.025696134
19440,0.026502317
19441,0.013596503
19442,0.0011000925
19443,0.0043280036
19444,0.024045574
19445,0.045344453
19446,0.051336035
19447,0.037736535
19448,0.015488981
19449,0.0010840038
19450,0.003793126
19451,0.020020833
19452,0.037524033
19453,0.044647347
19454,0.037618402
19455,0.021565072
19456,0.0062978375
19457,7.837038e-06
19458,0.0050613377
19459,0.017488627
19460,0.029704534
19461,0.0348843
19462,0.030294817
19463,0.018616905
19464,0.0063074995
19465,0.000121337056
19466,0.0034776332
19467,0.014505339
19468,0.027020006
19469,0.0338912
19470,0.031083738
19471,0.020141572
19472,0.0073528923
19473,0.00026403333
19474,0.0031552927
19475,0.014490683
19476,0.027704537
19477,0.035043616
19478,0.03216596
19479,0.02073317
19480,0.007489201
19481,0.00024653334
19482,0.003314504
19483,0.014888983
19484,0.028172458
19485,0.0016182258
19486,0.012923794
19487,0.025950404
19488,0.026700838
19489,0.013681794
19490,0.0011000925
19491,0.0043681334
19492,0.024158949
19493,0.045500092
19494,0.0020611703
19495,0.0130347265
19496,0.021600837
19497,0.01667735
19498,0.004114504
19499,0.00086403335
19500,0.015625617
19501,0.038688235
19502,0.051033124
19503,0.0424128
19504,0.02028
19505,0.0025514816
19506,0.002442015
19507,0.018800035
19508,0.038688235
19509,0.048053347
19510,0.041366532
19511,0.02393246
19512,0.007012504
19513,1.00148145e-05
19514,0.005485515
19515,0.018716682
19516,0.03132024
19517,0.036099575
19518,0.03072
19519,0.018418148
19520,0.0059925327
19521,7.3633346e-05
19522,0.0037259592
19523,0.0147852
19524,0.027060032
19525,0.03362285
19526,0.030677352
19527,0.019797573
19528,0.0072075003
19529,0.0002523
19530,0.0031348146
19531,0.014373705
19532,0.027502315
19533,0.034861572
19534,0.032056905
19535,0.02073317
19536,0.0075208335
19537,0.0001728
19538,0.00061653333
19539,0.0010840038
19540,0.014097781
19541,0.034048237
19542,0.04524083
19543,0.03832996
19544,0.018933782
19545,0.0026382816
19546,0.0009185334
19547,0.014184627
19548,0.03416063
19549,0.046492033
19550,0.042966057
19551,0.026700838
19552,0.008749516
19553,0.000121337056
19554,0.0049066707
19555,0.01875
19556,0.032516185
19557,0.037997074
19558,0.032384627
19559,0.019287128
19560,0.0061537824
19561,5.8800008e-05
19562,0.003998226
19563,0.015413335
19564,0.027745074
19565,0.034025785
19566,0.030677352
19567,0.019558534
19568,0.007002315
19569,0.00021511482
19570,0.0032309485
19571,0.014432134
19572,0.027421633
19573,0.034634683
19574,0.031817637
19575,0.020575738
19576,0.0074681477
19577,0.0002561815
19578,0.0032517372
19579,0.014755615
19580,0.028029634
19581,0.03527184
19582,0.032209635
19583,0.020645635
19584,0.007394701
19585,0.00022963336
19586,0.0033566817
19587,0.01493357
19588,0.028152036
19589,0.035248984
19590,0.0320787
19591,0.020523394
19592,0.0073216152
19593,0.00022050373
19594,0.0033708
19595,0.014903837
19596,0.028070405
19597,0.03515764
19598,0.03201333
19599,0.020488536
19600,0.0073216152
19601,0.00022413337
19602,0.0033566817
19603,0.014874134
19604,0.028050017
19605,0.03515764
19606,0.032035116
19607,0.02050596
19608,0.007332033
19609,0.00022595927
19610,0.0033496334
19611,0.0014282999
19612,0.016193634
19613,0.03740624
19614,0.04808004
19615,0.039458133
19616,0.018683393
19617,0.0022823147
19618,0.0024060593
19619,0.018089259
19620,0.037265126
19621,0.046544537
19622,0.04045565
19623,0.023744533
19624,0.007145634
19625,0.00029453338
19626,0.0060208333
19627,0.015931392
19628,0.02507557
19629,0.029099291
19630,0.025891613
19631,0.016771793
19632,0.0062978375
19633,0.0002680037
19634,0.0025947
19635,0.012703349
19636,0.02530739
19637,0.033222314
19638,0.031600893
19639,0.02115593
19640,0.008090682
19641,0.0003888
19642,0.0029469037
19643,0.014476032
19644,0.028152036
19645,0.035822593
19646,0.03291245
19647,0.021138228
19648,0.0075737042
19649,0.00023520003
19650,0.0034204484
19651,0.015157515
19652,0.0017992925
19653,0.017088534
19654,0.036960304
19655,0.043016538
19656,0.029224005
19657,0.008444815
19658,0.00065022596
19659,0.012593838
19660,0.03179593
19661,0.044647347
19662,0.0424128
19663,0.02714018
19664,7.1703707e-06
19665,0.0005264037
19666,0.0024600928
19667,0.006385071
19668,0.012376238
19669,0.01866676
19670,0.021672452
19671,0.018401636
19672,0.009840371
19673,0.001697515
19674,0.00087120367
19675,0.010034505
19676,0.024710702
19677,0.035822593
19678,0.03596095
19679,0.024864003
19680,0.009780092
19681,0.0005489815
19682,0.0031008334
19683,0.015717037
19684,0.030358406
19685,0.037973348
19686,0.03411565
19687,0.021315558
19688,0.0072696335
19689,0.00015112592
19690,0.0038006261
19691,0.01574757
19692,0.02880934
19693,0.03540913
19694,0.0009937927
19695,0.0060492004
19696,0.0006015148
19697,0.0032448003
19698,0.0027520151
19699,9.245926e-05
19700,0.0033285336
19701,0.016100835
19702,0.03048578
19703,0.0338912
19704,0.022504538
19705,0.006230404
19706,0.00016803335
19707,0.011046404
19708,0.031492803
19709,0.046492033
19710,0.045396302
19711,0.029578803
19712,0.0103788
19713,0.0002780593
19714,0.004637634
19715,0.019185837
19716,0.03391362
19717,0.0397488
19718,0.033734538
19719,0.019848986
19720,0.0061633335
19721,3.8533333e-05
19722,0.004280093
19723,0.0014375147
19724,0.015900683
19725,0.03675
19726,0.04733565
19727,0.038976062
19728,0.018567115
19729,0.0023056336
19730,0.0023349482
19731,0.017844537
19732,0.036960304
19733,0.046360906
19734,0.040431175
19735,0.023838406
19736,0.0072178366
19737,2.8033332e-05
19738,0.0051657814
19739,0.018286237
19740,0.0018304038
19741,0.001979115
19742,0.022014238
19743,0.043930136
19744,0.043472134
19745,0.021368904
19746,0.0017176333
19747,0.00587067
19748,0.03155764
19749,0.056709513
19750,0.06075
19751,0.0008077371
19752,0.0024000928
19753,0.0025208336
19754,0.0005404593
19755,0.0008181482
19756,0.008433634
19757,0.021852003
19758,0.032056905
19759,0.030422058
19760,0.017440371
19761,0.0035715702
19762,0.0007566815
19763,0.0124848
19764,0.030976532
19765,0.043345336
19766,0.0412923
19767,0.026581636
19768,0.009269348
19769,0.00024083335
19770,0.0056215706
19771,0.0152625935
19772,0.024481636
19773,0.0012631703
19774,0.010354016
19775,0.021618728
19776,0.023037173
19777,0.0122412015
19778,0.0010760038
19779,0.0038006261
19780,0.02206845
19781,0.042638704
19782,0.04934259
19783,0.037100833
19784,0.015762849
19785,0.0012805335
19786,0.003384948
19787,0.019219572
19788,0.036913514
19789,0.04459593
19790,0.0380208
19791,0.02206845
19792,0.0065712007
19793,1.6133334e-05
19794,0.0050009037
19795,0.0015360593
19796,0.016630227
19797,0.0026570708
19798,0.023688298
19799,0.045033958
19800,0.04332
19801,0.020610668
19802,0.0014282999
19803,0.0063948
19804,0.03231895
19805,0.056970686
19806,0.060360633
19807,0.04102068
19808,0.01484446
19809,0.00050978153
19810,0.0056215706
19811,0.023520002
19812,0.040357783
19813,0.04526673
19814,0.036261637
19815,0.019746227
19816,0.005280133
19817,4.8000006e-06
19818,0.0053868005
19819,0.017328035
19820,0.02880934
19821,0.033600535
19822,0.029224005
19823,0.018105634
19824,0.0062400145
19825,0.00014083333
19826,0.0032865335
19827,0.014097781
19828,0.0016925039
19829,0.016317781
19830,0.035638534
19831,0.041863125
19832,0.028706132
19833,0.008444815
19834,8.0033344e-05
19835,0.011920135
19836,0.034861572
19837,0.0511707
19838,0.04909956
19839,0.03112667
19840,0.0103664035
19841,0.00017120372
19842,0.0053868005
19843,0.02062815
19844,0.03518046
19845,0.040211204
19846,0.03335556
19847,0.00026403333
19848,0.0006015148
19849,0.0005432926
19850,5.0703707e-06
19851,0.0015028483
19852,0.00821156
19853,0.019051202
19854,0.0273612
19855,0.02614685
19856,0.01533787
19857,0.0033005036
19858,0.0006015148
19859,0.011123294
19860,0.028561959
19861,0.041094672
19862,0.040162407
19863,0.02666107
19864,0.009756034
19865,0.0003559259
19866,0.0038988001
19867,0.017360093
19868,0.031861074
19869,0.03852083
19870,0.0010130705
19871,0.0059643
19872,0.01050317
19873,0.00018418148
19874,9.363332e-05
19875,0.00040578152
19876,0.0047041816
19877,0.014359115
19878,0.024177868
19879,0.025989635
19880,0.017104447
19881,0.0046625338
19882,0.00019253335
19883,0.009624237
19884,0.027664037
19885,0.041813336
19886,0.04208756
19887,0.028541394
19888,0.0107163
19889,0.00046413334
19890,0.0009482815
19891,0.013300093
19892,0.002317337
19893,0.022195203
19894,0.046203792
19895,0.051529262
19896,0.033244506
19897,0.008749516
19898,0.0002720037
19899,0.014829634
19900,0.039845925
19901,0.055470005
19902,0.050813396
19903,0.03054957
19904,0.009292801
19905,4.0059258e-05
19906,0.0062785344
19907,0.021618728
19908,0.035386227
19909,0.039458133
19910,0.032187797
19911,0.018269781
19912,0.0053689484
19913,8.533334e-06
19914,0.0043923
19915,0.015625617
19916,0.0273612
19917,0.0331558
19918,0.029767502
19919,0.01898406
19920,0.0068302373
19921,0.0002187
19922,0.0031212
19923,0.014112239
19924,0.027020006
19925,0.034340836
19926,0.031752534
19927,0.020645635
19928,0.0075737042
19929,0.0002780593
19930,0.0031895703
19931,0.014681783
19932,0.028029634
19933,0.035363335
19934,0.032340836
19935,0.020750703
19936,0.0074261334
19937,0.00023148149
19938,0.0033637371
19939,0.0149633335
19940,0.028213337
19941,0.0352947
19942,0.032122318
19943,0.020523394
19944,0.0073112035
19945,0.0002187
19946,0.0033778707
19947,0.014918702
19948,0.028090801
19949,0.03515764
19950,0.03201333
19951,0.00035822592
19952,0.0010920333
19953,0.0011490704
19954,0.00013090372
19955,0.0011203705
19956,0.008068801
19957,0.019900458
19958,0.029078534
19959,0.027866848
19960,0.0162867
19961,0.0034848147
19962,0.0006317371
19963,0.011590227
19964,0.02949513
19965,0.042062595
19966,0.04074996
19967,0.026740627
19968,0.009600371
19969,0.00030933708
19970,0.004067793
19971,0.017617634
19972,0.032035116
19973,0.038473073
19974,0.0010014815
19975,0.005889338
19976,0.0103788
19977,0.008322226
19978,0.0018512926
19979,0.0009785037
19980,0.012376238
19981,0.030528301
19982,0.0020008332
19983,0.0141991265
19984,0.02397013
19985,0.0004033333
19986,0.00038163335
19987,0.00011084815
19988,0.0038457816
19989,0.013810227
19990,0.024729835
19991,0.027421633
19992,0.018484281
19993,0.0052624596
19994,0.0001337037
19995,0.009588449
19996,0.028213337
19997,0.042840004
19998,0.043142848
19999,0.029140834
20000,1.9200002e-05
