step,reward
1,0.0010208334
2,0.00058373704
3,0.00011342594
4,1.7633334e-05
5,0.0017480336
6,0.008036033
7,0.015398227
8,0.0161472
9,0.008411292
10,0.00014228148
11,0.00078370364
12,0.0014840333
13,0.0023056336
14,0.0030200335
15,0.029557869
16,0.0027520151
17,0.0149931265
18,0.016442405
19,0.0050786706
20,0.0006317371
21,0.0022188004
22,0.003026726
23,0.02968356
24,0.051060624
25,0.0009075
26,4.32e-05
27,4.2403703e-05
28,0.0021056149
29,0.009339793
30,0.019253334
31,0.0010364482
32,0.0063074995
33,0.008579572
34,0.003921633
35,9.633333e-06
36,0.001245926
37,0.0021788483
38,0.0029008337
39,0.028561959
40,0.049288537
41,0.039240837
42,0.01170846
43,0.00031363333
44,0.020193428
45,0.05348149
46,0.069729336
47,0.055584732
48,0.024653334
49,0.0023941335
50,0.0013872002
51,0.0024180147
52,0.027060032
53,0.0038081335
54,0.031514402
55,0.0033215152
56,0.021726234
57,0.030294817
58,0.00015717038
59,0.00021511482
60,0.0039292593
61,0.013300093
62,0.02353867
63,0.0010169483
64,0.0057500587
65,0.007658682
66,0.0033496334
67,0.00029244815
68,0.0010960593
69,0.0019040334
70,0.002607115
71,0.0029403002
72,0.02561815
73,0.038258504
74,0.0002780593
75,4.0833336e-05
76,0.00049342593
77,0.0011531999
78,0.014667036
79,0.0020391261
80,0.014593427
81,0.020768238
82,0.011446534
83,0.0002680037
84,0.0012892594
85,0.017040834
86,0.038832016
87,0.0018881336
88,0.010440893
89,0.013867501
90,0.0067700157
91,0.00030294814
92,0.0012330705
93,0.016411204
94,0.0026009039
95,0.0023232002
96,0.0021505335
97,0.016069962
98,0.019422594
99,1.337037e-06
100,0.00046151484
101,0.0011408334
102,0.014593427
103,0.03125565
104,0.001136726
105,0.00034453702
106,8.4448155e-05
107,7.1703707e-06
108,0.0002503704
109,0.0054495153
110,0.016442405
111,0.024519736
112,0.02110285
113,2.3114815e-05
114,0.00056333333
115,0.00047733705
116,0.0074471254
117,0.0016775148
118,0.0169932
119,0.0021561817
120,0.015097633
121,0.0213867
122,0.011774405
123,0.0005461334
124,0.0015744594
125,0.022158949
126,0.04901868
127,0.056016006
128,0.00061351486
129,0.0008568927
130,1.1203704e-05
131,0.00023894814
132,0.0007367259
133,0.0014467594
134,0.0021336332
135,0.002496448
136,0.021996183
137,0.03291245
138,0.019883294
139,0.00023333704
140,0.0013872002
141,0.0022765037
142,0.0029933373
143,0.029328132
144,0.0027328925
145,0.014903837
146,0.016333334
147,0.005035393
148,0.0006409481
149,0.016023705
150,0.0028681483
151,0.023613425
152,0.039773077
153,0.03112667
154,0.008760904
155,0.0005070371
156,0.019000834
157,0.04891095
158,0.06369486
159,0.0012892594
160,0.00041564813
161,0.0027201816
162,0.0023526258
163,9.12926e-05
164,0.0006378704
165,0.010071116
166,0.02573517
167,0.0015360593
168,0.0092225345
169,0.0005292
170,0.0014981332
171,1.7125927e-05
172,0.0003745333
173,0.0009861334
174,0.0130347265
175,0.0018828483
176,0.0136107
177,0.00086403335
178,0.002907393
179,0.0011122372
180,0.00055183703
181,0.008921127
182,0.023408134
183,0.0014606816
184,0.008955648
185,0.00051805936
186,0.0014653371
187,0.00023333704
188,0.00043319998
189,0.0011697926
190,0.014903837
191,0.031817637
192,0.0011531999
193,0.004448949
194,6.0681483e-05
195,9.12926e-05
196,0.00042563336
197,0.0010364482
198,0.013525635
199,0.0019306814
200,0.013896183
201,0.019831836
202,0.010893427
203,0.0002680037
204,0.0012718369
205,0.016866505
206,0.0026570708
207,0.0023585334
208,0.0021788483
209,0.0015987
210,0.0008321334
211,0.0032865335
212,4.5370375e-06
213,0.0019521335
214,0.0089902375
215,0.016882315
216,0.017344061
217,6.4533335e-05
218,6.0681483e-05
219,0.00032890373
220,0.00086403335
221,0.012335648
222,0.029977873
223,0.0016477371
224,0.0009296334
225,0.0006317371
226,0.00024653334
227,0.00045370375
228,0.0001337037
229,0.0045223148
230,0.014829634
231,0.023129633
232,0.02062815
233,0.008932626
234,0.00023148149
235,0.0056672934
236,0.024064451
237,0.0025086263
238,0.0023585334
239,0.0026382816
240,0.023111125
241,0.0016084481
242,0.0062785344
243,0.0039368924
244,2.3703704e-07
245,0.0012160332
246,0.016364459
247,0.034793425
248,0.0012373483
249,0.004746015
250,6.7500005e-05
251,7.5737036e-05
252,0.0025392002
253,0.0010014815
254,0.0014793482
255,0.015916033
256,0.02897485
257,0.0005575704
258,1.9200002e-05
259,5.8800008e-05
260,0.002442015
261,0.010205926
262,0.020297341
263,0.024500683
264,0.017958535
265,0.005889338
266,0.00038640367
267,0.0011823149
268,0.015368034
269,0.03656357
270,0.047786906
271,0.0010640593
272,0.00038640367
273,0.0025514816
274,3.8533333e-05
275,6.1633335e-05
276,0.00042312598
277,0.007541959
278,0.0016084481
279,0.0016576335
280,0.014903837
281,0.0223587
282,0.013006949
283,0.0008427
284,0.0015456147
285,0.0027904592
286,0.0035280597
287,0.0037856335
288,0.0034347004
289,0.002545337
290,0.015992904
291,0.015625617
292,5.244815e-05
293,0.0008427
294,0.011946727
295,0.026700838
296,0.02897485
297,0.015701784
298,0.00016333334
299,0.006512134
300,0.019969199
301,0.0018670369
302,0.0018512926
303,0.0021675
304,0.019253334
305,0.0013467001
306,0.0051047257
307,0.0028942816
308,4.5633336e-05
309,0.0012117926
310,0.015962133
311,0.03395846
312,0.035363335
313,0.018368628
314,0.00021155925
315,0.0076906714
316,0.0018356149
317,0.019152133
318,0.041317042
319,0.04746815
320,0.0005489815
321,3.272593e-05
322,6.259259e-07
323,0.00074334815
324,0.0006286815
325,0.009339793
326,0.0017992925
327,0.0017786999
328,0.015870001
329,0.0011041333
330,0.00028009262
331,1.2033334e-05
332,0.0003559259
333,0.0041223145
334,0.012430459
335,0.019371737
336,0.01753695
337,0.0077227256
338,0.00022413337
339,0.00094453717
340,0.0016725332
341,0.020384135
342,0.04467307
343,0.0020281484
344,0.010855348
345,0.014286281
346,3.134815e-05
347,0.0006409481
348,0.0006689815
349,0.0013024037
350,0.016069962
351,0.0021731704
352,0.0015648151
353,0.011407499
354,0.013216004
355,0.004067793
356,0.0006721334
357,0.0020336334
358,0.02350134
359,0.002887737
360,0.019677872
361,0.0012245373
362,0.00030083334
363,1.564815e-05
364,0.00030720004
365,0.0005432926
366,0.008189516
367,0.0013736334
368,0.010465781
369,0.0006752926
370,0.00013090372
371,7.3633346e-05
372,0.00022413337
373,0.0053778705
374,0.0013556482
375,0.012979201
376,0.0013244592
377,0.0006533334
378,0.0032378708
379,3.3333336e-06
380,0.00022231482
381,0.0051832926
382,0.015931392
383,0.0012416334
384,0.008189516
385,0.011407499
386,0.0056398376
387,1.9200002e-05
388,0.0013244592
389,0.0023290704
390,0.02585246
391,0.0030872927
392,0.0020833337
393,0.0151875
394,0.018138405
395,0.0064435597
396,0.0007040593
397,0.001962904
398,0.0027201816
399,0.027060032
400,0.046912894
401,0.0008427
402,0.0012202814
403,5.6033343e-05
404,0.00049613335
405,0.0011490704
406,0.001814815
407,0.002190226
408,0.019524502
409,0.0013646259
410,0.0051920596
411,0.0029667593
412,3.778148e-05
413,0.00725926
414,0.023333704
415,0.001682504
416,0.0010482371
417,0.0007203
418,0.00029662595
419,1.9737035e-05
420,0.00025813334
421,0.0005236149
422,0.0080251265
423,0.0013556482
424,0.0103664035
425,0.0149633335
426,0.008003333
427,0.00018418148
428,0.0014008334
429,0.019694949
430,0.044313636
431,0.0020667
432,0.0010521815
433,0.007415649
434,0.008046949
435,0.0017889815
436,0.0014560336
437,0.0018460593
438,0.0025086263
439,0.025152726
440,0.0024000928
441,0.0011823149
442,0.006502315
443,0.0048133335
444,0.00019084814
445,0.006512134
446,0.019626683
447,0.028500285
448,0.023800833
449,1.8670371e-05
450,0.00071053335
451,0.0005208334
452,0.0010600927
453,0.014271738
454,0.0023644485
455,0.019729128
456,0.033689838
457,0.00058373704
458,0.00070083333
459,1.1203704e-05
460,0.00058080006
461,0.0012980149
462,0.0019737037
463,0.002346726
464,0.020785782
465,0.0014513928
466,0.0004033333
467,4.0059258e-05
468,0.0001226815
469,0.00046675923
470,0.0075208335
471,0.0013067999
472,0.0010482371
473,0.0007400333
474,0.003921633
475,0.0023056336
476,0.0002600926
477,0.001028626
478,0.0017025335
479,0.018072894
480,0.0018200038
481,0.010071116
482,0.0003114815
483,1.8148148e-07
484,0.00020453705
485,0.004864133
486,0.0012718369
487,0.012362699
488,0.0012761814
489,0.0006317371
490,0.0031076148
491,0.0015552
492,0.00029662595
493,0.0010561333
494,0.013838849
495,0.029977873
496,0.0011122372
497,0.004344034
498,0.0034704595
499,0.00014963334
500,0.0034632927
501,0.017072627
502,0.0019899593
503,0.001753126
504,0.0016625925
505,0.012416894
506,0.014608134
507,9.4814817e-07
508,0.0025637925
509,0.011668981
510,0.02309263
511,0.001132626
512,0.0006440333
513,0.00042814814
514,0.0019845334
515,1.6333332e-06
516,0.0002903704
517,0.00086403335
518,0.011774405
519,0.0017582261
520,0.0013200332
521,0.009636182
522,0.00035363334
523,7.2592593e-07
524,0.0007301334
525,0.0055125924
526,0.014432134
527,0.020785782
528,0.017714702
529,0.0072281817
530,0.00026601483
531,0.0010092
532,0.013639115
533,0.03333334
534,0.0021112037
535,0.0015552
536,0.013767349
537,0.020575738
538,0.01181406
539,0.00024083335
540,0.0012373483
541,0.016551837
542,0.0026257925
543,0.0023349482
544,0.020314682
545,0.0014053927
546,0.0053689484
547,0.0031212
548,0.00027401483
549,0.0010880148
550,0.014228148
551,0.0020062816
552,0.0143883005
553,0.0009111704
554,0.0030940594
555,3.7037038e-09
556,0.0002780593
557,0.005889338
558,0.0014099594
559,0.0015217816
560,0.013795926
561,0.02073317
562,0.00011342594
563,0.00010453333
564,0.0005348148
565,0.0011949037
566,0.0018617813
567,0.0195075
568,0.03481614
569,0.0006533334
570,2.5514819e-05
571,0.000105781495
572,0.0025269485
573,0.0100467
574,0.0012892594
575,0.0012761814
576,0.0012631703
577,0.009410503
578,0.00034680005
579,0.00028829998
580,0.00019763334
581,0.0052008326
582,0.0161472
583,0.024386503
584,0.00058080006
585,0.001727737
586,0.00089289254
587,0.00014228148
588,0.0008077371
589,0.0015600036
590,0.018583706
591,0.0024180147
592,0.016834904
593,0.023838406
594,0.00011472593
595,0.00011867038
596,0.0005662259
597,0.0012373483
598,0.015488981
599,0.0021224038
600,0.0015312927
601,0.011174701
602,0.0004306704
603,0.0004720334
604,0.00016803335
605,0.0007367259
606,0.0013511705
607,0.0017429481
608,0.0017025335
609,0.0012502259
610,0.0006105038
611,0.00012
612,3.5592593e-06
613,0.0003333334
614,0.0008604593
615,0.010341633
616,0.0011656334
617,0.0065712007
618,0.00017120372
619,1.1614815e-05
620,0.0014793482
621,0.0077548483
622,0.017344061
623,0.022687502
624,0.00042312598
625,6.0681483e-05
626,1.4814815e-08
627,0.000116033334
628,0.0005264037
629,0.0011781335
630,0.0018460593
631,0.0022188004
632,0.0021168
633,0.015808728
634,0.019101636
635,0.006981959
636,0.00021333335
637,0.014534673
638,0.039530702
639,0.050703708
640,0.036983706
641,0.012053393
642,1.4814815e-08
643,0.012106904
644,0.037997074
645,0.002927115
646,0.022413334
647,0.0024600928
648,0.0165675
649,0.023240834
650,0.012827116
651,0.0002780593
652,0.009106015
653,0.026403332
654,0.0020336334
655,0.0149931265
656,0.025423706
657,0.019969199
658,0.0052624596
659,0.0006976148
660,0.01617815
661,0.04089752
662,0.05404593
663,0.04467307
664,0.021138228
665,0.00014963334
666,0.0054765036
667,0.015549634
668,0.0014560336
669,0.0016675593
670,0.019168982
671,0.0024540594
672,0.01702495
673,0.0010680334
674,0.0037259592
675,1.337037e-06
676,0.0002523
677,0.0055669486
678,0.0013691259
679,0.0014934259
680,0.013553961
681,0.020384135
682,0.00011084815
683,0.000105781495
684,0.003384948
685,0.012566533
686,0.023129633
687,0.0010482371
688,0.0060208333
689,0.0003311148
690,3.3425924e-05
691,4.645926e-05
692,0.0003605333
693,0.0067700157
694,0.019152133
695,0.0013377817
696,0.00084978144
697,0.00605867
698,0.0001808926
699,2.6133332e-05
700,0.0011490704
701,0.0077227256
702,0.018236892
703,0.0011285334
704,0.0007040593
705,0.00047468152
706,0.0001648926
707,3.703704e-07
708,0.00016961481
709,0.004360093
710,0.0012033334
711,0.0118803
712,0.0012416334
713,0.0068705333
714,0.00685037
715,0.0011865038
716,0.0019737037
717,0.0018356149
718,0.0024540594
719,0.0027904592
720,0.0025947
721,0.019422594
722,0.0008784038
723,0.0017633336
724,6.951483e-05
725,0.00065022596
726,0.0013467001
727,0.01493357
728,0.027441796
729,0.02272418
730,3.5592593e-06
731,0.00051253336
732,0.0011656334
733,0.015428449
734,0.0024903703
735,0.0022417926
736,0.0020888927
737,0.015580004
738,0.01878335
739,7.2592593e-07
740,0.0023056336
741,0.001136726
742,0.013426727
743,0.028726762
744,0.030337198
745,0.015977517
746,0.00018583704
747,0.006941337
748,0.0017226816
749,0.0022073481
750,0.024329519
751,0.04794668
752,0.04686018
753,0.00014373705
754,0.00010083333
755,0.0027328925
756,0.010218226
757,0.0013736334
758,0.013469071
759,0.027968537
760,0.029120062
761,0.000121337056
762,0.00010083333
763,0.0003490704
764,0.0062881815
765,0.01875
766,0.0016477371
767,0.01290996
768,0.0012330705
769,0.006690133
770,0.00016961481
771,1.2459259e-05
772,0.00028623705
773,0.0059080343
774,0.0014099594
775,0.0015170372
776,0.013767349
777,0.020680629
778,0.011946727
779,0.00023894814
780,0.0012373483
781,0.016520534
782,0.0026195594
783,0.021440133
784,0.036261637
785,0.028459199
786,0.0079489825
787,0.0005348148
788,0.0183027
789,0.0034704595
790,0.030443296
791,0.0032935147
792,0.0021561817
793,0.0015265334
794,0.009048034
795,0.00014228148
796,6.4533335e-05
797,0.002855126
798,0.010804682
799,0.0010680334
800,0.0007769037
801,0.005594226
802,0.005842726
803,0.0009861334
804,0.0019360333
805,0.0152625935
806,0.032494236
807,0.038115796
808,0.026284803
809,8.333334e-07
810,0.0019093482
811,0.007797782
812,0.0011573371
813,0.0015552
814,0.0022130706
815,0.022541072
816,0.0021845335
817,0.012013337
818,0.00039361484
819,0.0003333334
820,0.00019422593
821,0.0051832926
822,0.0013422371
823,0.0014793482
824,0.013454949
825,0.020228036
826,0.00010957038
827,0.00022963336
828,0.0005547001
829,0.008898149
830,0.023333704
831,0.0014560336
832,0.0008784038
833,0.00059853337
834,0.00022963336
835,0.00039361484
836,0.00014228148
837,0.00440037
838,0.0012373483
839,0.012160533
840,0.022231482
841,0.00042814814
842,9.25926e-06
843,0.00023333704
844,0.0031552927
845,0.011046404
846,0.0012848927
847,0.0012502259
848,0.0012416334
849,0.0092225345
850,0.010478238
851,0.002855126
852,0.0009937927
853,0.0019306814
854,0.02217707
855,0.0027520151
856,0.0018987261
857,0.013810227
858,0.016348893
859,9.25926e-08
860,0.00048534822
861,0.0011697926
862,0.0018408335
863,0.019287128
864,0.001925337
865,0.010615737
866,0.0003333334
867,0.0
868,0.00019422593
869,0.0007040593
870,0.010144536
871,0.023277957
872,0.025872033
873,0.00014083333
874,3.8533333e-05
875,0.0016775148
876,0.0076055145
877,0.0012502259
878,0.0015504037
879,0.016442405
880,0.029788502
881,0.0005691259
882,0.0007600333
883,7.3633346e-05
884,0.0031758372
885,0.0122412015
886,0.022908034
887,0.02632428
888,0.00035134816
889,2.8033332e-05
890,5.925926e-08
891,0.00016961481
892,0.0041693375
893,0.0012675
894,0.014011204
895,0.0019040334
896,0.013624905
897,0.0008604593
898,0.002887737
899,3.0000004e-07
900,0.00028829998
901,0.0060113934
902,0.017666133
903,0.0012936335
904,0.008388981
905,0.00049884815
906,0.0014053927
907,1.9200002e-05
908,0.0020944595
909,0.009624237
910,0.0013333336
911,0.011787615
912,0.021173634
913,0.017248016
914,7.837038e-06
915,0.0027456335
916,0.011420504
917,0.0015312927
918,0.014726061
919,0.030062228
920,0.030869516
921,0.00012
922,6.551482e-05
923,0.0021618372
924,0.0088293925
925,0.018766671
926,0.025989635
927,0.0007871149
928,0.0039905333
929,0.00020107038
930,0.00034228148
931,8.0033344e-05
932,0.0005070371
933,0.0011614816
934,0.0018252002
935,0.019168982
936,0.0342732
937,0.0006440333
938,0.0008892593
939,3.703704e-07
940,0.00056044816
941,0.0095052
942,0.024787292
943,0.032956626
944,0.025462536
945,0.009071205
946,0.00042814814
947,0.0013467001
948,0.017056728
949,0.03972454
950,0.0022939595
951,0.0016084481
952,0.01414117
953,0.021120531
954,0.012160533
955,0.00071053335
956,0.0060208333
957,0.02885067
958,0.049748983
959,0.0016725332
960,0.00074334815
961,0.005122134
962,0.00013653334
963,1.0703704e-06
964,0.00031795923
965,0.00092222594
966,0.012376238
967,0.027300837
968,0.0010482371
969,0.00032669998
970,7.894814e-05
971,8.533334e-06
972,0.0013200332
973,0.0007939593
974,0.0013067999
975,0.0143883005
976,0.026502317
977,0.00051805936
978,0.0006816333
979,7.7870376e-05
980,0.003217126
981,0.0011531999
982,0.0016182258
983,0.0019845334
984,0.017779559
985,0.001245926
986,0.0046625338
987,9.25926e-06
988,0.00021333335
989,0.0007466704
990,0.010615737
991,0.0016378704
992,0.012120301
993,0.01739218
994,0.009434134
995,0.00030933708
996,0.0014653371
997,0.020663125
998,0.0031212
999,0.024825636
1000,0.041366532
1001,0.0006880038
1002,2.0281483e-05
1003,5.9737034e-05
1004,0.00041317038
1005,0.001028626
1006,0.013426727
1007,0.00192
1008,0.0014145334
1009,0.001005337
1010,0.00046151484
1011,6.650371e-05
1012,3.4133336e-05
1013,0.002346726
1014,0.00092222594
1015,0.009864533
1016,0.0010880148
1017,0.0060776332
1018,0.0059455154
1019,0.00090018153
1020,0.0021788483
1021,0.0017941332
1022,0.0023881816
1023,0.0027265332
1024,0.0025392002
1025,0.019017613
1026,0.023370905
1027,0.009199171
1028,5.9737034e-05
1029,0.014373705
1030,0.041317042
1031,0.0024120333
1032,0.013853171
1033,0.00078370364
1034,0.00015112592
1035,1.8148148e-07
1036,0.00019253335
1037,0.0046958374
1038,0.01484446
1039,0.0012033334
1040,0.00081120007
1041,0.005824134
1042,0.00017120372
1043,1.8670371e-05
1044,0.00029244815
1045,0.0008892593
1046,0.0015265334
1047,0.0019093482
1048,0.01721606
1049,0.0012075593
1050,0.0044896337
1051,0.0023763
1052,0.00029872594
1053,0.0011000925
1054,0.014329959
1055,0.030848134
1056,0.032538135
1057,0.00014373705
1058,5.6033343e-05
1059,0.00032890373
1060,0.00086403335
1061,0.0016035704
1062,0.0022939595
1063,0.023296537
1064,0.04089752
1065,0.032934535
1066,0.009780092
1067,0.00034453702
1068,0.01853396
1069,0.049126536
1070,0.0029733926
1071,0.0020172002
1072,0.017376136
1073,0.02585246
1074,0.00015564814
1075,9.363332e-05
1076,0.0032309485
1077,0.0011408334
1078,0.0015987
1079,0.001962904
1080,0.0018934261
1081,0.0141556505
1082,0.00059259264
1083,0.0008965335
1084,2.933704e-05
1085,0.004208726
1086,0.015142534
1087,0.0013156149
1088,0.008863737
1089,0.0005376334
1090,0.0015696336
1091,1.5170371e-05
1092,0.00036750003
1093,0.00097470003
1094,0.0016182258
1095,0.017328035
1096,0.0017582261
1097,0.0008748
1098,0.00036750003
1099,0.00094453717
1100,5.925926e-08
1101,0.00063480006
1102,0.0012805335
1103,0.014300834
1104,0.0015075706
1105,0.008400134
1106,0.008647349
1107,0.0018356149
1108,0.0007600333
1109,0.013582315
1110,0.0024060593
1111,0.0022188004
1112,0.0020722374
1113,0.015473839
1114,0.0006627
1115,3.134815e-05
1116,0.00020107038
1117,0.00050978153
1118,0.0010443002
1119,0.012040033
1120,0.0013156149
1121,0.007363334
1122,0.0074366266
1123,3.557037e-05
1124,0.00059853337
1125,0.0013067999
1126,0.0019845334
1127,0.0205932
1128,0.0020281484
1129,0.011174701
1130,0.00035822592
1131,1.3333334e-07
1132,0.00080083334
1133,0.0057500587
1134,0.0011285334
1135,0.010817338
1136,0.001136726
1137,0.0062881815
1138,0.006172893
1139,4.645926e-05
1140,0.0036226707
1141,0.0012892594
1142,0.0017480336
1143,0.0021056149
1144,0.0020172002
1145,0.0014840333
1146,0.008760904
1147,0.0001337037
1148,6.850371e-05
1149,0.002927115
1150,0.010969782
1151,0.018766671
1152,0.018072894
1153,0.008590848
1154,0.00038401483
1155,0.0045223148
1156,0.021493634
1157,0.0024360039
1158,0.02083846
1159,0.039894536
1160,0.038784057
1161,0.00011472593
1162,9.72e-05
1163,0.00041317038
1164,0.007104538
1165,0.020471115
1166,0.031644184
1167,0.031083738
1168,0.00024844817
1169,0.00018253335
1170,2.933704e-05
1171,0.0018200038
1172,0.0081565045
1173,0.0012980149
1174,0.013216004
1175,0.027684284
1176,0.0010014815
1177,0.003860893
1178,4.5633336e-05
1179,6.551482e-05
1180,0.0026133335
1181,0.010653393
1182,0.0013511705
1183,0.011734815
1184,0.0011781335
1185,0.0064729033
1186,0.0063559264
1187,4.4814817e-05
1188,0.0006105038
1189,0.0013200332
1190,0.0020008332
1191,0.020715648
1192,0.036796685
1193,0.029809518
1194,3.3333336e-06
1195,0.0032240332
1196,0.001245926
1197,0.014755615
1198,0.0338912
1199,0.040996037
1200,0.028892035
1201,0.008898149
1202,0.00058963336
1203,0.011906848
1204,0.0022881336
1205,0.022267794
1206,0.0030200335
1207,0.02366957
1208,0.0020888927
1209,0.01118757
1210,0.011800835
1211,0.0030401333
1212,0.0011449482
1213,0.0020556482
1214,0.0027776149
1215,0.0030940594
1216,0.002855126
1217,0.0021112037
1218,0.0011531999
1219,0.005113426
1220,0.0024000928
1221,0.0003792593
1222,0.0011490704
1223,0.013202014
1224,0.0014191149
1225,0.007938134
1226,0.008112594
1227,0.0016428002
1228,0.0016875002
1229,0.015962133
1230,0.0023526258
1231,0.019304035
1232,0.0017735704
1233,0.009576534
1234,0.0002841815
1235,0.00013795926
1236,0.00024083335
1237,0.0056764595
1238,0.017120373
1239,0.0012892594
1240,0.0008427
1241,0.0005778704
1242,0.0002187
1243,5.348148e-06
1244,0.00048267035
1245,0.00059853337
1246,0.008658671
1247,0.020401513
1248,0.0008820149
1249,0.00029244815
1250,6.551482e-05
1251,5.925926e-08
1252,0.0013691259
1253,0.007862403
1254,0.017909633
1255,0.0010800001
1256,0.006760004
1257,0.009269348
1258,0.004344034
1259,0.0002841815
1260,0.0011163
1261,0.015157515
1262,0.0024721816
1263,0.020453705
1264,0.0018723003
1265,0.0009038371
1266,0.00038163335
1267,4.0833336e-05
1268,6.3559266e-05
1269,0.0027201816
1270,0.01042846
1271,0.018122016
1272,0.017682316
1273,4.9837035e-05
1274,7.7870376e-05
1275,0.0022881336
1276,0.009106015
1277,0.019068003
1278,0.0012936335
1279,0.009973634
1280,0.0009861334
1281,0.0053689484
1282,0.0050960337
1283,5.7870373e-05
1284,0.0006256333
1285,0.00999796
1286,0.02561815
1287,0.0015312927
1288,0.0092225345
1289,0.0005292
1290,8.222593e-05
1291,9.633333e-06
1292,0.00026403333
1293,0.0056306995
1294,0.016819116
1295,0.024902405
1296,0.021297794
1297,0.008738134
1298,0.00014083333
1299,0.006317171
1300,0.02519135
1301,0.0025086263
1302,0.02083846
1303,0.039651792
1304,0.0012075593
1305,0.00032013337
1306,0.0012033334
1307,0.00018750002
1308,0.0014237036
1309,0.010058904
1310,0.022669174
1311,0.0012588482
1312,0.0075737042
1313,0.010267501
1314,0.0048556486
1315,3.703704e-07
1316,0.0071662264
1317,0.02559867
1318,0.04114404
1319,0.04011363
1320,0.023111125
1321,0.0047964593
1322,0.0007871149
1323,0.001753126
1324,0.020891206
1325,0.003196448
1326,0.0030805336
1327,0.0033075
1328,0.003026726
1329,0.0022417926
1330,0.013896183
1331,0.013146134
1332,7.155926e-05
1333,0.0008676149
1334,0.012160533
1335,0.027060032
1336,0.0010521815
1337,0.00032890373
1338,8.0033344e-05
1339,6.533333e-06
1340,0.0011697926
1341,0.000846237
1342,0.0013826704
1343,0.015082683
1344,0.027643792
1345,0.022834403
1346,3.5592593e-06
1347,0.0005152926
1348,0.008590848
1349,0.0018565333
1350,0.018368628
1351,0.03663343
1352,0.0011991148
1353,0.00033779262
1354,8.0033344e-05
1355,6.533333e-06
1356,0.0011697926
1357,0.0074471254
1358,0.017553072
1359,0.023445394
1360,0.00045111479
1361,0.0011408334
1362,3.703704e-07
1363,0.0008042815
1364,0.005297837
1365,0.0011490704
1366,0.0015217816
1367,0.0018828483
1368,0.0018200038
1369,0.0013377817
1370,0.007797782
1371,0.000103292594
1372,0.00014228148
1373,0.0005348148
1374,0.0010920333
1375,0.0014793482
1376,0.0014746704
1377,0.0010800001
1378,0.006087126
1379,5.6033343e-05
1380,0.00032231485
1381,0.0006045037
1382,0.0011531999
1383,0.013048626
1384,0.024329519
1385,0.00048534822
1386,1.4700002e-05
1387,6.4533335e-05
1388,0.00042312598
1389,0.0075525343
1390,0.02073317
1391,0.02885067
1392,0.0005720334
1393,0.0014934259
1394,0.00065644813
1395,0.00019422593
1396,0.0051483
1397,0.0014467594
1398,0.015428449
1399,0.031882804
1400,0.0011122372
1401,0.00032450372
1402,7.680001e-05
1403,4.0333334e-06
1404,0.0012160332
1405,0.007541959
1406,0.017633792
1407,0.0010920333
1408,0.0006848149
1409,0.00046151484
1410,0.002190226
1411,4.4814817e-07
1412,0.00027603333
1413,0.0008427
1414,0.011577127
1415,0.0017378703
1416,0.012730801
1417,0.018220462
1418,7.5737036e-05
1419,0.0003605333
1420,0.0043681334
1421,0.0011781335
1422,0.013076448
1423,0.0018096336
1424,0.0013333336
1425,0.00094453717
1426,0.005209615
1427,3.557037e-05
1428,0.00046151484
1429,0.0006440333
1430,0.009210848
1431,0.021422315
1432,0.02412113
1433,0.00013795926
1434,3.484815e-05
1435,0.00027603333
1436,0.0007905334
1437,0.0015123001
1438,0.0022016333
1439,0.0025576334
1440,0.0024000928
1441,0.0017684482
1442,0.0009370704
1443,0.0038760337
1444,0.0014282999
1445,0.0006627
1446,0.0012588482
1447,0.0016477371
1448,0.015022948
1449,0.0010561333
1450,0.00026205927
1451,9.25926e-06
1452,0.0004008926
1453,0.004296033
1454,0.012689633
1455,0.019541517
1456,0.00050430006
1457,0.000108299995
1458,0.00021511482
1459,8.557037e-05
1460,0.0031280038
1461,0.01198667
1462,0.022504538
1463,0.025950404
1464,0.018220462
1465,1.8148148e-07
1466,0.0002600926
1467,0.0046293484
1468,0.0012288002
1469,0.001753126
1470,0.0024240036
1471,0.024405517
1472,0.04268898
1473,0.0342732
1474,0.010181348
1475,0.00034003335
1476,0.0189003
1477,0.0500753
1478,0.0030133482
1479,0.019729128
1480,0.0016526815
1481,0.0007701334
1482,0.00030720004
1483,0.0006816333
1484,0.000105781495
1485,0.00061955926
1486,0.0012117926
1487,0.013639115
1488,0.0014513928
1489,0.00072684826
1490,0.00028623705
1491,1.7125927e-05
1492,0.00028623705
1493,0.0038156484
1494,0.0010169483
1495,0.010304533
1496,0.0192027
1497,0.016023705
1498,5.9259264e-06
1499,0.00046151484
1500,0.007927293
1501,0.022267794
1502,0.0017735704
1503,0.0014560336
1504,0.0014053927
1505,0.010453334
1506,0.0003984593
1507,0.0004008926
1508,0.00017763334
1509,0.00075000006
1510,0.010678534
1511,0.024253631
1512,0.026740627
1513,0.00014228148
1514,3.703704e-05
1515,0.0017889815
1516,0.0008146704
1517,0.0014053927
1518,0.0020722374
1519,0.0024360039
1520,0.021511482
1521,0.0015028483
1522,0.000420626
1523,4.4814817e-05
1524,0.00010083333
1525,0.00045630004
1526,0.007415649
1527,0.018171204
1528,0.0008321334
1529,0.0002841815
1530,0.0010640593
1531,2.0833337e-05
1532,0.00037218147
1533,0.007002315
1534,0.0015504037
1535,0.0016182258
1536,0.0015648151
1537,0.011695293
1538,0.01366756
1539,2.1333335e-06
1540,0.0026257925
1541,0.0011739593
1542,0.0016675593
1543,0.017633792
1544,0.0017786999
1545,0.00088563334
1546,0.00037218147
1547,0.00096711493
1548,3.3333336e-08
1549,0.0006317371
1550,0.009816238
1551,0.022852799
1552,0.02561815
1553,0.014329959
1554,0.00013795926
1555,0.0058613485
1556,0.018467737
1557,0.0018044591
1558,0.0018252002
1559,0.002144893
1560,0.0020446258
1561,0.0015028483
1562,0.0007701334
1563,0.0029469037
1564,8.533334e-06
1565,0.0021112037
1566,0.009375116
1567,0.017296005
1568,0.0175692
1569,6.1633335e-05
1570,6.4533335e-05
1571,0.0020833337
1572,0.008602134
1573,0.018467737
1574,0.0012936335
1575,0.0011041333
1576,0.010156801
1577,0.015292681
1578,0.008500834
1579,0.00024272593
1580,0.007819292
1581,0.023389515
1582,0.035845637
1583,0.034498908
1584,0.00024653334
1585,4.4814817e-07
1586,0.00016333334
1587,0.00027000002
1588,0.0052360045
1589,0.0014008334
1590,0.0149931265
1591,0.0019899593
1592,0.0014375147
1593,0.010465781
1594,0.012000001
1595,0.003513615
1596,0.00070729264
1597,0.013596503
1598,0.033712182
1599,0.0018304038
1600,0.010515649
1601,0.00058963336
1602,9.72e-05
1603,1.6625927e-05
1604,0.0002600926
1605,0.0008356483
1606,0.0014653371
1607,0.015916033
1608,0.0290163
1609,0.023913635
1610,0.0070329043
1611,0.00080083334
1612,0.015519292
1613,0.038736135
1614,0.0023881816
1615,0.001697515
1616,0.0015938372
1617,0.0011614816
1618,0.0005575704
1619,0.0018460593
1620,0.00021155925
1621,0.00055183703
1622,0.00935156
1623,0.022195203
1624,0.02517203
1625,0.014228148
1626,0.0016329484
1627,0.0032656335
1628,0.021834014
1629,0.04362453
1630,0.05119824
1631,0.038784057
1632,7.053334e-05
1633,0.00014228148
1634,0.0014099594
1635,0.00047733705
1636,0.0009482815
1637,0.013132183
1638,0.0022360333
1639,0.0189003
1640,0.0324723
1641,0.0005662259
1642,1.4700002e-05
1643,0.00018253335
1644,0.0029337038
1645,0.0107163
1646,0.020297341
1647,0.023894815
1648,0.0003490704
1649,3.272593e-05
1650,3.7925927e-06
1651,0.00075000006
1652,0.0005866815
1653,0.0011865038
1654,0.0018408335
1655,0.019304035
1656,0.034498908
1657,0.028070405
1658,0.008300033
1659,0.00037218147
1660,0.017184133
1661,0.0034275707
1662,0.0034062262
1663,0.0036153484
1664,0.0032795595
1665,0.0024300003
1666,0.0013646259
1667,0.0063365335
1668,1.3333334e-05
1669,0.00023707037
1670,0.005035393
1671,0.0010364482
1672,0.0083667
1673,0.012227737
1674,0.0064045377
1675,7.5737036e-05
1676,0.0013156149
1677,0.0023526258
1678,0.0030805336
1679,0.030104447
1680,0.051750533
1681,0.041070003
1682,2.9037037e-06
1683,0.0006848149
1684,0.0014053927
1685,0.017844537
1686,0.0027392595
1687,0.02217707
1688,0.0019953926
1689,0.010728904
1690,0.01127787
1691,1.6625927e-05
1692,0.0032448003
1693,0.0012675
1694,0.0017378703
1695,0.018253334
1696,0.032758065
1697,0.00061955926
1698,2.3114815e-05
1699,5.422593e-05
1700,0.0023585334
1701,0.0009861334
1702,0.0014700001
1703,0.0018408335
1704,0.0017838371
1705,0.013356299
1706,0.015854672
1707,0.0053600334
1708,0.00041564813
1709,0.014667036
1710,0.0028097813
1711,0.0025576334
1712,0.022140836
1713,0.033000838
1714,0.019900458
1715,0.00023520003
1716,0.009328035
1717,0.027300837
1718,0.0020944595
1719,0.015352949
1720,0.0013962816
1721,0.0074786707
1722,0.0074786707
1723,0.0013826704
1724,0.00076339254
1725,0.0134126255
1726,0.032956626
1727,0.041267574
1728,0.0006075001
1729,0.0012202814
1730,0.00038163335
1731,0.0002277926
1732,0.0008077371
1733,0.011827293
1734,0.0021056149
1735,0.018040182
1736,0.031169636
1737,0.0005489815
1738,0.0006595704
1739,8.4448155e-05
1740,0.0005404593
1741,0.0012075593
1742,0.015202505
1743,0.03231895
1744,0.033756893
1745,0.0175692
1746,0.00020453705
1747,0.007457634
1748,0.0018044591
1749,0.0022707
1750,0.0029403002
1751,0.0032448003
1752,0.0029800336
1753,0.022304133
1754,0.027765349
1755,0.011550948
1756,0.0006944037
1757,0.015504135
1758,0.0382347
1759,0.047176894
1760,0.0334668
1761,0.0
1762,0.0003651704
1763,0.0059173927
1764,0.017088534
1765,0.0016329484
1766,0.0016875002
1767,0.0020172002
1768,0.018056534
1769,0.0012631703
1770,0.00033555928
1771,0.0007301334
1772,2.6133332e-05
1773,0.0006658371
1774,0.0013024037
1775,0.014476032
1776,0.026680948
1777,0.0005236149
1778,0.0006912
1779,7.680001e-05
1780,0.0005236149
1781,0.0011865038
1782,0.0149931265
1783,0.031948037
1784,0.0011531999
1785,0.004448949
1786,0.0035497816
1787,0.00016023703
1788,0.00081120007
1789,0.012937633
1790,0.0022823147
1791,0.019304035
1792,0.0017941332
1793,0.009720001
1794,0.00029244815
1795,0.00014814816
1796,0.00023707037
1797,0.000828626
1798,0.011459561
1799,0.001727737
1800,0.0013024037
1801,0.0095052
1802,0.010779393
1803,9.25926e-06
1804,0.0005264037
1805,0.0012160332
1806,0.0018881336
1807,0.019729128
1808,0.001957515
1809,0.010804682
1810,0.00034228148
1811,0.00023520003
1812,0.00050978153
1813,0.000828626
1814,0.0014145334
1815,0.015458701
1816,0.028254237
1817,0.0005489815
1818,0.0007301334
1819,7.4681484e-05
1820,0.0005208334
1821,0.0011823149
1822,0.0149633335
1823,0.0020722374
1824,0.0015028483
1825,0.010969782
1826,0.000420626
1827,4.0333334e-06
1828,0.00014963334
1829,0.0006256333
1830,0.0012117926
1831,0.0015987
1832,0.014637571
1833,0.02205037
1834,0.012854701
1835,0.000828626
1836,0.0059080343
1837,0.02903704
1838,0.0029008337
1839,0.0022939595
1840,0.019797573
1841,0.0013691259
1842,0.0051832926
1843,1.5170371e-05
1844,0.00019592591
1845,0.0048471703
1846,0.0012761814
1847,0.012416894
1848,0.0012805335
1849,0.0006317371
1850,0.003114404
1851,0.0015648151
1852,0.00029662595
1853,0.0010561333
1854,0.013838849
1855,0.0019683002
1856,0.01414117
1857,0.0008965335
1858,0.003033426
1859,3.3333336e-08
1860,0.00028009262
1861,0.0008533334
1862,0.011682134
1863,0.0017480336
1864,0.012785792
1865,0.0183027
1866,7.680001e-05
1867,0.00035822592
1868,0.0043681334
1869,0.013696034
1870,0.0013872002
1871,0.0012805335
1872,0.011682134
1873,0.0008146704
1874,0.00018253335
1875,0.00019934814
1876,0.00042312598
1877,0.00076339254
1878,0.0013467001
1879,0.0017327999
1880,0.0016925039
1881,0.012648534
1882,0.01493357
1883,7.2592593e-07
1884,0.000490726
1885,0.0011739593
1886,0.0018460593
1887,0.0022245373
1888,0.019763332
1889,0.0013826704
1890,0.0052624596
1891,0.003033426
1892,3.272593e-05
1893,0.0012117926
1894,0.016023705
1895,0.0022073481
1896,0.015640834
1897,0.0009861334
1898,0.00022595927
1899,3.7925927e-06
1900,0.0001393926
1901,0.0039445334
1902,0.01323
1903,0.02115593
1904,0.0005662259
1905,0.00012813334
1906,0.00029244815
1907,5.3333337e-05
1908,0.0005152926
1909,0.0011781335
1910,0.0018460593
1911,0.01933787
1912,0.001925337
1913,0.00095579255
1914,0.0050960337
1915,3.134815e-05
1916,0.00015413333
1917,0.004240371
1918,0.013924894
1919,0.021924032
1920,0.019780448
1921,3.272593e-05
1922,0.00011342594
1923,0.0028033333
1924,0.00096711493
1925,0.0015360593
1926,0.018187616
1927,0.03745333
1928,0.038092036
1929,0.019287128
1930,0.00024083335
1931,0.008300033
1932,0.001925337
1933,0.0023644485
1934,0.025754703
1935,0.0030603004
1936,0.020645635
1937,0.0012805335
1938,0.00032013337
1939,1.9200002e-05
1940,0.0002680037
1941,0.0037408334
1942,0.0010130705
1943,0.010279837
1944,0.0011081814
1945,0.0061633335
1946,0.00015413333
1947,1.5170371e-05
1948,0.00029662595
1949,0.00086403335
1950,0.0014934259
1951,0.016162671
1952,0.02943245
1953,0.0005662259
1954,0.00076339254
1955,7.3633346e-05
1956,0.0031689818
1957,0.0011490704
1958,0.0016133332
1959,0.001979115
1960,0.0019040334
1961,0.014242671
1962,0.0005955593
1963,2.195926e-05
1964,9.72e-05
1965,0.003314504
1966,0.0010561333
1967,0.01083
1968,0.0011614816
1969,0.0005778704
1970,0.00020803335
1971,0.0003114815
1972,0.00015564814
1973,0.0006976148
1974,0.010120033
1975,0.023240834
1976,0.02585246
1977,0.00014083333
1978,3.778148e-05
1979,0.0002841815
1980,0.0055851266
1981,0.017296005
1982,0.028274704
1983,0.029203203
1984,0.00028213335
1985,0.00030294814
1986,1.8148148e-07
1987,0.0014606816
1988,0.000828626
1989,0.0014421332
1990,0.017376136
1991,0.03607645
1992,0.0012416334
1993,0.0003628482
1994,0.0014329037
1995,1.0403704e-05
1996,0.00034003335
1997,0.0009370704
1998,0.012512015
1999,0.0018304038
2000,0.0013646259
2001,0.00096711493
2002,0.0004382815
2003,5.8800008e-05
2004,4.5633336e-05
2005,0.0024000928
2006,0.0009148482
2007,0.0011531999
2008,0.010817338
2009,0.0007600333
2010,0.0025823151
2011,0.0009111704
2012,0.0006658371
2013,0.0011949037
2014,0.0018460593
2015,0.0022188004
2016,0.0021112037
2017,0.0015552
2018,0.009257633
2019,0.00014963334
2020,5.244815e-05
2021,0.00048534822
2022,0.007851616
2023,0.019051202
2024,0.0008568927
2025,0.0036226707
2026,4.645926e-05
2027,0.00012813334
2028,0.0004382815
2029,0.0010521815
2030,0.013653334
2031,0.029578803
2032,0.031363335
2033,0.00014228148
2034,7.053334e-05
2035,0.00033779262
2036,0.0008748
2037,0.0016133332
2038,0.0023056336
2039,0.0026570708
2040,0.0024843
2041,0.018600302
2042,0.022797633
2043,0.008898149
2044,7.3633346e-05
2045,0.014402905
2046,0.0031689818
2047,0.026541958
2048,0.044544533
2049,0.00075333705
2050,2.6133332e-05
2051,5.244815e-05
2052,0.00039603334
2053,0.0072178366
2054,0.020072533
2055,0.028192896
2056,0.022981783
2057,0.008840834
2058,0.0003490704
2059,0.0012033334
2060,0.0019737037
2061,0.023240834
2062,0.0032725928
2063,0.02559867
2064,0.0424128
2065,0.03282418
2066,9.25926e-06
2067,0.0006721334
2068,0.010403615
2069,0.0020777816
2070,0.019917635
2071,0.0024060593
2072,0.0016675593
2073,0.012133704
2074,0.0141556505
2075,1.7925927e-06
2076,0.0026257925
2077,0.011800835
2078,0.0015028483
2079,0.012827116
2080,0.022742536
2081,0.00041564813
2082,0.0004485333
2083,9.840371e-05
2084,0.0005575704
2085,0.0012288002
2086,0.0018987261
2087,0.0022707
2088,0.020176135
2089,0.030231293
2090,0.00020107038
2091,8.112593e-05
2092,0.00049342593
2093,0.008388981
2094,0.022395113
2095,0.03048578
2096,0.0005720334
2097,0.0014329037
2098,1.4814815e-08
2099,0.0007301334
2100,0.00061351486
2101,0.009175838
2102,0.02370704
2103,0.031600893
2104,0.024538804
2105,6.2259264e-06
2106,0.00022050373
2107,0.004208726
2108,0.0011739593
2109,0.0017075593
2110,0.0023822372
2111,0.0240267
2112,0.0023056336
2113,0.012648534
2114,0.000420626
2115,0.00039120376
2116,0.00030933708
2117,0.0056306995
2118,0.0165675
2119,0.024424534
2120,0.020873617
2121,0.008545782
2122,0.0002903704
2123,0.0076373927
2124,0.021870002
2125,0.034363393
2126,0.036540303
2127,0.00058373704
2128,0.00018253335
2129,0.000102059275
2130,6.533333e-06
2131,0.0002187
2132,0.0004382815
2133,0.0075208335
2134,0.0015987
2135,0.0016477371
2136,0.014800004
2137,0.0010325334
2138,0.00025423706
2139,0.0004306704
2140,0.0001393926
2141,0.0006752926
2142,0.0012805335
2143,0.014228148
2144,0.026265074
2145,0.021816036
2146,0.0063948
2147,0.0007600333
2148,0.014829634
2149,0.0027520151
2150,0.024921617
2151,0.047282707
2152,0.04526673
2153,0.021440133
2154,0.0014793482
2155,0.0018252002
2156,0.0031552927
2157,0.0344763
2158,0.004360093
2159,0.032384627
2160,0.052333638
2161,0.000828626
2162,2.6133332e-05
2163,5.3333337e-05
2164,0.0023526258
2165,0.00999796
2166,0.0013200332
2167,0.011603335
2168,0.0011739593
2169,0.0064337924
2170,0.0063268477
2171,4.5633336e-05
2172,0.0036226707
2173,0.013867501
2174,0.025288032
2175,0.028233781
2176,0.00034453702
2177,2.195926e-05
2178,8.892593e-06
2179,0.00017763334
2180,0.0006317371
2181,0.009864533
2182,0.025288032
2183,0.0015170372
2184,0.009152534
2185,0.012444034
2186,0.0061061336
2187,0.0002903704
2188,0.008145514
2189,0.0019306814
2190,0.0022417926
2191,0.022577632
2192,0.039676033
2193,0.03192628
2194,3.3333336e-06
2195,0.0006045037
2196,0.009672059
2197,0.0019899593
2198,0.019304035
2199,0.03818712
2200,0.03792593
2201,0.0001253926
2202,8.557037e-05
2203,0.0024843
2204,0.00092222594
2205,0.011721633
2206,0.0020336334
2207,0.0019306814
2208,0.0018252002
2209,0.013639115
2210,0.00056333333
2211,0.0008181482
2212,4.8981477e-05
2213,0.0007301334
2214,0.010691115
2215,0.0016576335
2216,0.012268149
2217,0.01760148
2218,0.009564626
2219,0.00026403333
2220,0.0083667
2221,0.024653334
2222,0.001957515
2223,0.0015744594
2224,0.013982404
2225,0.020926403
2226,0.012053393
2227,0.00024083335
2228,0.008355571
2229,0.0020117373
2230,0.019866135
2231,0.0024180147
2232,0.016661635
2233,0.02350134
2234,0.013048626
2235,0.00027401483
2236,0.009071205
2237,0.0021168
2238,0.0023941335
2239,0.023894815
2240,0.0022881336
2241,0.0011285334
2242,0.0061633335
2243,5.5125933e-05
2244,0.0003311148
2245,0.00440037
2246,0.013272034
2247,0.0010800001
2248,0.0073216152
2249,0.0004433926
2250,0.0012117926
2251,2.5514819e-05
2252,0.0022188004
2253,0.009925071
2254,0.020228036
2255,0.024710702
2256,0.0183027
2257,7.2592593e-07
2258,0.00022050373
2259,0.0041772006
2260,0.0011656334
2261,0.0017025335
2262,0.0023763
2263,0.02397013
2264,0.04198774
2265,0.00076339254
2266,0.0010880148
2267,5.9737034e-05
2268,0.0030066706
2269,0.0011285334
2270,0.013048626
2271,0.02794818
2272,0.0010364482
2273,0.0040368
2274,5.0700004e-05
2275,0.00011867038
2276,0.0004382815
2277,0.0076267603
2278,0.02083846
2279,0.028912727
2280,0.023333704
2281,1.1614815e-05
2282,0.0008533334
2283,0.004923737
2284,0.0010092
2285,0.0014887259
2286,0.017666133
2287,0.0023232002
2288,0.0016477371
2289,0.012000001
2290,0.0139968
2291,0.0044327257
2292,0.00070729264
2293,0.0018775705
2294,0.021906015
2295,0.044032242
2296,0.0437772
2297,0.021618728
2298,0.00028213335
2299,0.0013422371
2300,0.01721606
2301,0.0028291706
2302,0.0028356484
2303,0.027542701
2304,0.0025761332
2305,0.0012631703
2306,0.0070227003
2307,7.680001e-05
2308,0.00022963336
2309,0.0005720334
2310,0.008602134
2311,0.020366762
2312,0.00088563334
2313,0.00029453338
2314,6.650371e-05
2315,1.8148148e-07
2316,0.0013511705
2317,0.00086403335
2318,0.011033615
2319,0.024576949
2320,0.0009709037
2321,0.00030720004
2322,7.053334e-05
2323,1.1203704e-05
2324,0.0014053927
2325,0.007489201
2326,0.0012075593
2327,0.011123294
2328,0.02024535
2329,0.016645927
2330,7.5e-06
2331,0.0026633483
2332,0.0112004485
2333,0.022705838
2334,0.029704534
2335,0.026284803
2336,0.0141701335
2337,4.5633336e-05
2338,0.0028162373
2339,0.0008533334
2340,0.0013556482
2341,0.0171363
2342,0.0026570708
2343,0.0023526258
2344,0.020436302
2345,0.030464534
2346,0.018236892
2347,0.0016526815
2348,0.005787038
2349,0.031882804
2350,0.056275573
2351,0.056160137
2352,0.032340836
2353,0.0067200335
2354,0.001024726
2355,0.0021618372
2356,0.024825636
2357,0.0035934262
2358,0.003342593
2359,0.0035425334
2360,0.003217126
2361,0.02412113
2362,0.030188981
2363,0.012882316
2364,0.0006944037
2365,0.01574757
2366,0.038832016
2367,0.04781352
2368,0.00065644813
2369,6.0681483e-05
2370,1.8148148e-07
2371,0.0005432926
2372,0.0005376334
2373,0.008433634
2374,0.02228596
2375,0.030231293
2376,0.0005662259
2377,0.0014099594
2378,0.0
2379,0.00016333334
2380,0.004067793
2381,0.0012545333
2382,0.0016875002
2383,0.017747115
2384,0.03192628
2385,0.026087837
2386,0.00768
2387,0.00039120376
2388,0.016661635
2389,0.044185616
2390,0.058992893
2391,0.0012805335
2392,0.0050873477
2393,0.0002187
2394,8.892593e-06
2395,0.00020803335
2396,0.0004382815
2397,0.0010364482
2398,0.0134832
2399,0.001925337
2400,0.013867501
2401,0.019797573
2402,0.010868033
2403,0.0002680037
2404,0.0012718369
2405,0.0021280148
2406,0.023894815
2407,0.04730917
2408,0.0014746704
2409,0.0053244485
2410,7.5737036e-05
2411,4.8981477e-05
2412,0.0023290704
2413,0.009961481
2414,0.0013200332
2415,0.0013112037
2416,0.0012936335
2417,0.0009408001
2418,0.0052008326
2419,3.557037e-05
2420,0.00014667037
2421,0.0041457927
2422,0.013710283
2423,0.02169037
2424,0.019660803
2425,0.00867
2426,0.00023894814
2427,0.006860449
2428,0.0016625925
2429,0.017698504
2430,0.038808037
2431,0.04524083
2432,0.0005489815
2433,3.778148e-05
2434,3.5592593e-06
2435,0.0006721334
2436,0.00061955926
2437,0.009292801
2438,0.023951294
2439,0.0014653371
2440,0.008932626
2441,0.0005152926
2442,0.0014513928
2443,0.00022595927
2444,0.00043573702
2445,0.0084224595
2446,0.022834403
2447,0.0014700001
2448,0.0090828
2449,0.012430459
2450,2.933704e-05
2451,0.0006045037
2452,0.0051657814
2453,0.0012075593
2454,0.0015889816
2455,0.0019467594
2456,0.0018775705
2457,0.014040034
2458,0.016740281
2459,0.005805571
2460,0.00035134816
2461,0.014622849
2462,0.038473073
2463,0.048803337
2464,0.00071703707
2465,0.0014375147
2466,0.00049884815
2467,0.00041317038
2468,0.006211204
2469,0.018204033
2470,0.028892035
2471,0.001024726
2472,0.0005070371
2473,0.00032669998
2474,0.0013962816
2475,0.00030933708
2476,0.0011573371
2477,0.009576534
2478,0.022449793
2479,0.028871346
2480,0.000490726
2481,6.25926e-05
2482,3.7037038e-09
2483,0.00049613335
2484,0.0005236149
2485,0.0011244481
2486,0.014329959
2487,0.0020062816
2488,0.014359115
2489,0.020471115
2490,0.011264949
2491,0.0002680037
2492,0.0012848927
2493,0.0169932
2494,0.0026696336
2495,0.021744182
2496,0.001962904
2497,0.010590672
2498,0.00032669998
2499,0.00020453705
2500,0.0005662259
2501,0.0064045377
2502,0.0013377817
2503,0.012552894
2504,0.022687502
2505,0.00042814814
2506,0.000490726
2507,5.0700004e-05
2508,0.0034776332
2509,0.013384447
2510,0.024596034
2511,0.0010920333
2512,0.00059853337
2513,0.0041850703
2514,9.961482e-05
2515,7.1703707e-06
2516,0.0018356149
2517,0.009048034
2518,0.019270224
2519,0.02423468
2520,0.018401636
2521,2.1333335e-06
2522,0.0010130705
2523,0.0005691259
2524,0.008222593
2525,0.0017633336
2526,0.017585339
2527,0.03534045
2528,0.035592597
2529,0.017828282
2530,0.00023894814
2531,0.0011823149
2532,0.015580004
2533,0.0026508
2534,0.002713837
2535,0.026502317
2536,0.045864303
2537,0.0008216334
2538,0.0011739593
2539,2.195926e-05
2540,0.002588504
2541,0.0012936335
2542,0.0018096336
2543,0.0021731704
2544,0.019354803
2545,0.02899557
2546,0.017344061
2547,0.0015217816
2548,0.005759293
2549,0.0031416332
2550,0.031234136
2551,0.058933783
2552,0.0016775148
2553,0.005768533
2554,8.222593e-05
2555,4.7292593e-05
2556,0.0023114816
2557,0.009912948
2558,0.019986406
2559,0.024348505
2560,0.00038163335
2561,4.1614818e-05
2562,1.2892592e-05
2563,0.00014814816
2564,0.00059853337
2565,0.0095408335
2566,0.024653334
2567,0.032692008
2568,0.025229998
2569,0.0089671705
2570,1.2892592e-05
2571,0.0015744594
2572,0.020645635
2573,0.04686018
2574,0.05796273
2575,0.04521495
2576,0.019797573
2577,0.0018304038
2578,0.0035497816
2579,0.0022188004
2580,0.002855126
2581,0.0037037039
2582,0.0043681334
2583,0.04104534
2584,0.0036520334
2585,0.019763332
2586,0.0007367259
2587,0.0011781335
2588,0.00010453333
2589,0.000647126
2590,0.009624237
2591,0.0223587
2592,0.02507557
2593,0.00014228148
2594,3.557037e-05
2595,0.0016280335
2596,0.0074786707
2597,0.017072627
2598,0.024864003
2599,0.024310533
2600,0.014696535
2601,0.003384948
2602,0.00046151484
2603,0.010292182
2604,0.02738134
2605,0.040211204
2606,0.03999184
2607,0.00051805936
2608,0.0016428002
2609,0.0017735704
2610,1.2033334e-05
2611,0.0014746704
2612,0.0073112035
2613,0.017104447
2614,0.0013200332
2615,0.0011531999
2616,0.0011449482
2617,0.008512059
2618,0.009564626
2619,0.0024540594
2620,0.0007040593
2621,0.0017735704
2622,0.02083846
2623,0.0421875
2624,0.0421875
2625,0.00014667037
2626,8.333335e-05
2627,0.0024721816
2628,0.009600371
2629,0.019729128
2630,0.02666107
2631,0.0007701334
2632,0.00035822592
2633,0.0024300003
2634,3.557037e-05
2635,0.00014083333
2636,0.00043573702
2637,0.0075842994
2638,0.0016084481
2639,0.0016576335
2640,0.0015987
2641,0.011946727
2642,0.0139968
2643,1.6333332e-06
2644,0.0026009039
2645,0.011748005
2646,0.0014981332
2647,0.012813333
2648,0.022705838
2649,0.018352134
2650,0.0050009037
2651,0.0006045037
2652,0.015127559
2653,0.038976062
2654,0.052250136
2655,0.0011823149
2656,0.00042563336
2657,0.0002600926
2658,0.001024726
2659,2.0833337e-05
2660,0.00036983704
2661,0.0009785037
2662,0.012937633
2663,0.028315648
2664,0.0010720148
2665,0.004224533
2666,0.0033708
2667,0.00010083333
2668,0.0006944037
2669,0.010728904
2670,0.0019899593
2671,0.017264005
2672,0.030020034
2673,0.02397013
2674,7.1703707e-06
2675,0.0031552927
2676,0.0012117926
2677,0.014432134
2678,0.002317337
2679,0.019320948
2680,0.033045072
2681,0.0261075
2682,0.0072800154
2683,0.0008965335
2684,0.016803334
2685,0.041242853
2686,0.053763337
2687,0.044006698
2688,0.0205932
2689,0.0024120333
2690,0.0027392595
2691,0.019712033
2692,0.03972454
2693,0.002144893
2694,0.0017480336
2695,0.0020446258
2696,0.0019521335
2697,0.014608134
2698,0.017504727
2699,9.25926e-08
2700,0.0004720334
2701,0.0084224595
2702,0.02261423
2703,0.030805392
2704,0.0005778704
2705,8.783704e-05
2706,0.00012951484
2707,0.00020628147
2708,0.003755737
2709,0.0011531999
2710,0.0130347265
2711,0.001814815
2712,0.013076448
2713,0.000828626
2714,0.0027520151
2715,6.259259e-07
2716,0.0014329037
2717,0.0079489825
2718,0.017909633
2719,0.0010720148
2720,0.006690133
2721,0.00038640367
2722,0.0009899593
2723,3.4133336e-05
2724,0.0023941335
2725,0.001024726
2726,0.0015123001
2727,0.0018828483
2728,0.016961483
2729,0.0011865038
2730,0.004408448
2731,6.8481486e-06
2732,0.0009111704
2733,0.006463115
2734,0.0012075593
2735,0.0113425935
2736,0.0011739593
2737,0.0005778704
2738,0.00020803335
2739,3.7925927e-06
2740,0.0001393926
2741,0.0039445334
2742,0.013216004
2743,0.021138228
2744,0.019320948
2745,0.008613426
2746,0.00026601483
2747,0.0052271998
2748,0.022963336
2749,0.0024661333
2750,0.020820895
2751,0.0024000928
2752,0.016333334
2753,0.022981783
2754,0.012689633
2755,0.0006409481
2756,0.0016231261
2757,0.022760894
2758,0.050157033
2759,0.0022245373
2760,0.011734815
2761,0.015383126
2762,0.0075313933
2763,0.00031363333
2764,0.0012718369
2765,0.016834904
2766,0.038425334
2767,0.0018775705
2768,0.010391204
2769,0.013810227
2770,0.006740004
2771,0.00030294814
2772,0.008478405
2773,0.0019845334
2774,0.019541517
2775,0.038688235
2776,0.038425334
2777,0.018950533
2778,0.0014840333
2779,0.0055216337
2780,0.029557869
2781,0.05353779
2782,0.0022130706
2783,0.0134126255
2784,0.021924032
2785,0.016771793
2786,0.0040833335
2787,0.0009075
2788,0.0020944595
2789,0.024729835
2790,0.0034347004
2791,0.002848626
2792,0.024348505
2793,0.036192138
2794,0.021960093
2795,0.0023056336
2796,0.0056948145
2797,0.03362285
2798,0.0034992
2799,0.0027011705
2800,0.02309263
2801,0.0015889816
2802,0.00045111479
2803,0.0012160332
2804,1.8670371e-05
2805,0.0029337038
2806,0.013174059
2807,0.0013333336
2808,0.009269348
2809,0.013090371
2810,0.006710059
2811,7.3633346e-05
2812,0.006780033
2813,0.026502317
2814,0.043599118
2815,0.042840004
2816,0.00030933708
2817,9.4814817e-07
2818,0.00014963334
2819,0.0018460593
2820,0.0007203
2821,0.009828299
2822,0.0018304038
2823,0.0017941332
2824,0.015992904
2825,0.0011122372
2826,0.00028213335
2827,1.2459259e-05
2828,0.00010957038
2829,0.0034920042
2830,0.0010840038
2831,0.0012805335
2832,0.0118405325
2833,0.0178608
2834,0.010156801
2835,0.00046675923
2836,0.0014375147
2837,0.020540833
2838,0.04602084
2839,0.053256538
2840,0.035454948
2841,0.009900834
2842,0.00015262594
2843,0.01444676
2844,0.0031076148
2845,0.029057782
2846,0.058109336
2847,0.0022533333
2848,0.0010403704
2849,0.0072385343
2850,0.00022963336
2851,8.0033344e-05
2852,0.00087120367
2853,0.0071250712
2854,0.0013244592
2855,0.0013962816
2856,0.01271707
2857,0.0008892593
2858,0.0031212
2859,1.4814815e-08
2860,0.0002720037
2861,0.0008391704
2862,0.0014653371
2863,0.0018512926
2864,0.0017992925
2865,0.0013200332
2866,0.00065644813
2867,0.0023526258
2868,1.9737035e-05
2869,0.0004382815
2870,0.0073737823
2871,0.018171204
2872,0.021297794
2873,0.012430459
2874,0.0014981332
2875,0.0028616334
2876,0.019900458
2877,0.040700838
2878,0.0020722374
2879,0.0014237036
2880,0.0013511705
2881,0.010058904
2882,0.00037689265
2883,0.00035363334
2884,0.00032890373
2885,0.0056489813
2886,0.0013333336
2887,0.012703349
2888,0.023000235
2889,0.018850137
2890,0.005280133
2891,0.0005320037
2892,0.0021056149
2893,0.0030670373
2894,0.0037706709
2895,0.03600713
2896,0.0032586816
2897,0.017698504
2898,0.019677872
2899,2.3703704e-07
2900,0.0005320037
2901,0.009129259
2902,0.024007838
2903,0.032187797
2904,0.0005778704
2905,0.0014008334
2906,1.4814815e-08
2907,0.0007600333
2908,0.00061955926
2909,0.009234225
2910,0.0017838371
2911,0.01583935
2912,0.0015360593
2913,0.008377838
2914,0.00023894814
2915,3.5592593e-06
2916,0.0011865038
2917,0.0069311997
2918,0.0011865038
2919,0.0110592
2920,0.020176135
2921,0.00038640367
2922,0.00042312598
2923,9.840371e-05
2924,0.0034776332
2925,0.012882316
2926,0.023594726
2927,0.02666107
2928,0.00034228148
2929,2.43e-05
2930,7.1703707e-06
2931,0.00017120372
2932,0.0006225926
2933,0.009756034
2934,0.02507557
2935,0.0015123001
2936,0.009129259
2937,0.0005264037
2938,8.112593e-05
2939,3.3333336e-06
2940,0.001245926
2941,0.0076373927
2942,0.017763335
2943,0.02353867
2944,0.01866676
2945,0.0068907263
2946,0.00032890373
2947,0.0011122372
2948,0.014696535
2949,0.03531757
2950,0.0021675
2951,0.01493357
2952,0.024940833
2953,0.019388681
2954,0.0049922997
2955,0.00081120007
2956,0.0020117373
2957,0.023951294
2958,0.0511707
2959,0.002190226
2960,0.0010680334
2961,0.0007137815
2962,0.00029244815
2963,0.0006317371
2964,4.8133337e-05
2965,0.0006721334
2966,0.0013024037
2967,0.0016925039
2968,0.015413335
2969,0.0010800001
2970,0.0002720037
2971,1.08e-05
2972,0.00011472593
2973,0.0035643002
2974,0.012376238
2975,0.02024535
2976,0.0005662259
2977,0.0001323
2978,0.00031363333
2979,7.155926e-05
2980,0.00048267035
2981,0.008255738
2982,0.001697515
2983,0.015307739
2984,0.0014981332
2985,0.00073342596
2986,0.00028829998
2987,1.7125927e-05
2988,9.72e-05
2989,0.0005264037
2990,0.0010880148
2991,0.012471205
2992,0.023370905
2993,0.00046939263
2994,1.3781483e-05
2995,6.551482e-05
2996,0.0025699593
2997,0.010515649
2998,0.0013422371
2999,0.011682134
3000,0.0011781335
3001,0.006453333
3002,0.00016333334
3003,7.1703707e-06
3004,0.0013691259
3005,0.00821156
3006,0.018683393
3007,0.024329519
3008,0.019000834
3009,4.8000006e-06
3010,0.00019084814
3011,0.0038006261
3012,0.0011122372
3013,0.01323
3014,0.0021788483
3015,0.018368628
3016,0.031600893
3017,0.02507557
3018,7.837038e-06
3019,0.0005778704
3020,0.009328035
3021,0.0019467594
3022,0.019000834
3023,0.0023290704
3024,0.016100835
3025,0.022742536
3026,0.0125801815
3027,0.00027401483
3028,0.0013244592
3029,0.002190226
3030,0.024481636
3031,0.0029601331
3032,0.020072533
3033,0.028233781
3034,0.00014667037
3035,0.00022413337
3036,0.0039368924
3037,0.0011781335
3038,0.013216004
3039,0.0281112
3040,0.029641632
3041,0.00013090372
3042,8.112593e-05
3043,0.0021505335
3044,0.00084978144
3045,0.011072003
3046,0.027120132
3047,0.03468
3048,0.025911205
3049,0.008772301
3050,0.00047468152
3051,0.010304533
3052,0.027300837
3053,0.040064897
3054,0.039845925
3055,0.0005152926
3056,0.0016428002
3057,5.422593e-05
3058,3.7925927e-06
3059,0.00076339254
3060,0.0049922997
3061,0.0011122372
3062,0.0122412015
3063,0.026245346
3064,0.027927836
3065,0.00012813334
3066,7.25926e-05
3067,0.0003311148
3068,0.00086403335
3069,0.0015987
3070,0.0022939595
3071,0.002644537
3072,0.023222284
3073,0.0016182258
3074,0.006317171
3075,0.0039751707
3076,5.333334e-07
3077,0.0012160332
3078,0.0020391261
3079,0.0024180147
3080,0.0213867
3081,0.0014934259
3082,0.0004181333
3083,0.0010720148
3084,7.5737036e-05
3085,0.0005720334
3086,0.0011531999
3087,0.013090371
3088,0.0014053927
3089,0.007840834
3090,0.007992448
3091,3.2033335e-05
3092,0.0005955593
3093,0.0013024037
3094,0.0019845334
3095,0.020558283
3096,0.036517035
3097,0.00067845924
3098,0.0009482815
3099,2.314815e-06
3100,0.0027904592
3101,0.012840903
3102,0.024998534
3103,0.0011739593
3104,0.0006533334
3105,0.0045797927
3106,0.0045715594
3107,0.0005691259
3108,0.00071703707
3109,0.012268149
3110,0.0022245373
3111,0.018967297
3112,0.0017684482
3113,0.009600371
3114,0.00028623705
3115,0.00014083333
3116,0.00023894814
3117,0.0056672934
3118,0.017088534
3119,0.0012892594
3120,0.008400134
3121,0.011655838
3122,0.005768533
3123,2.2533332e-05
3124,0.006951481
3125,0.026048535
3126,0.042362686
3127,0.0013781481
3128,0.0067200335
3129,0.00033779262
3130,0.0007600333
3131,4.7292593e-05
3132,0.0026382816
3133,0.010918849
3134,0.021351118
3135,0.0010600927
3136,0.0062496336
3137,0.008433634
3138,0.0038156484
3139,0.0002903704
3140,0.0011081814
3141,0.015052802
3142,0.0024600928
3143,0.020384135
3144,0.03468
3145,0.02732095
3146,0.0076267603
3147,0.0005348148
3148,0.017925927
3149,0.04612534
3150,0.0027712039
3151,0.018335648
3152,0.0015600036
3153,0.008244681
3154,0.008311126
3155,3.2033335e-05
3156,0.0034992
3157,0.013696034
3158,0.02519135
3159,0.02829517
3160,0.019253334
3161,0.0055669486
3162,0.00011342594
3163,0.009648133
3164,0.028582536
3165,0.043446764
3166,0.043649964
3167,0.0005575704
3168,0.00013795926
3169,0.0008356483
3170,0.00042563336
3171,0.0002503704
3172,0.0050095157
3173,0.0013736334
3174,0.0017786999
3175,0.018517394
3176,0.03317796
3177,0.0006256333
3178,0.0008533334
3179,6.951483e-05
3180,0.0031280038
3181,0.012133704
3182,0.022816017
3183,0.0010640593
3184,0.00059853337
3185,0.00039603334
3186,0.0017941332
3187,0.0005575704
3188,0.0008391704
3189,0.001136726
3190,0.0017582261
3191,0.018517394
3192,0.0018565333
3193,0.01025517
3194,0.00031795923
3195,9.25926e-08
3196,0.00020107038
3197,0.0048133335
3198,0.015112595
3199,0.023148151
3200,0.020384135
3201,2.8033332e-05
3202,0.00048
3203,0.0036889038
3204,0.010906133
3205,0.020003615
3206,0.0011823149
3207,0.008955648
3208,0.0008965335
3209,0.0048896335
3210,0.0045551155
3211,6.4533335e-05
3212,0.0038156484
3213,0.0141991265
3214,0.02555974
3215,0.02829517
3216,0.019000834
3217,0.0053689484
3218,0.00014228148
3219,0.0015028483
3220,0.019135293
3221,0.043751743
3222,0.0024180147
3223,0.015900683
3224,0.0013781481
3225,0.007290404
3226,0.0072281817
3227,0.0012892594
3228,0.00076675933
3229,0.013370372
3230,0.0023703706
3231,0.002195926
3232,0.0192027
3233,0.028685516
3234,0.017088534
3235,0.0014653371
3236,0.001682504
3237,0.024158949
3238,0.0035280597
3239,0.027522506
3240,0.045396302
3241,0.00074334815
3242,0.00092222594
3243,3.7037038e-09
3244,0.00058080006
3245,0.0013112037
3246,0.016240135
3247,0.002195926
3248,0.0015792927
3249,0.011498681
3250,0.00044595927
3251,0.00050978153
3252,0.00019422593
3253,0.0051483
3254,0.0013377817
3255,0.012868504
3256,0.023333704
3257,0.019135293
3258,0.0053868005
3259,0.0005236149
3260,0.0021168
3261,0.025365515
3262,0.053819794
3263,0.0022649036
3264,0.011668981
3265,0.0151875
3266,3.4133336e-05
3267,0.000647126
3268,0.0053957365
3269,0.0012288002
3270,0.013272034
3271,0.028050017
3272,0.02949513
3273,0.015458701
3274,0.0014145334
3275,0.0042483
3276,0.024844816
3277,0.047176894
3278,0.053368952
3279,0.039000094
3280,0.015824035
3281,0.0010521815
3282,0.001136726
3283,0.015808728
3284,0.036890138
3285,0.04891095
3286,0.044057783
3287,0.0004008926
3288,6.7500005e-05
3289,0.00036750003
3290,4.0333334e-06
3291,0.00017925927
3292,0.0042562373
3293,0.014432134
3294,0.025133427
3295,0.02740148
3296,0.018187616
3297,0.0050267596
3298,0.00048803337
3299,0.009696014
3300,0.0019845334
3301,0.019986406
3302,0.042638704
3303,0.048508007
3304,0.0005432926
3305,0.0007769037
3306,0.00010083333
3307,0.00027000002
3308,0.005814848
3309,0.0015170372
3310,0.0018987261
3311,0.019575559
3312,0.0019360333
3313,0.0009595593
3314,0.00041564813
3315,5.0700004e-05
3316,7.680001e-05
3317,0.0004408334
3318,0.0072696335
3319,0.017925927
3320,0.021049839
3321,0.0001393926
3322,9.25926e-06
3323,0.00026601483
3324,0.0054136333
3325,0.016977338
3326,0.0015889816
3327,0.0013962816
3328,0.012593838
3329,0.0008784038
3330,0.0030603004
3331,0.001245926
3332,0.00034680005
3333,0.007905634
3334,0.0017226816
3335,0.015610405
3336,0.027562905
3337,0.022231482
3338,0.0062496336
3339,0.0005208334
3340,0.0022823147
3341,0.0032725928
3342,0.0039751707
3343,0.037712894
3344,0.0033920333
3345,0.0016576335
3346,0.0095527265
3347,0.00015262594
3348,4.9837035e-05
3349,0.00048534822
3350,0.007840834
3351,0.019034406
3352,0.022086535
3353,0.00014083333
3354,1.2459259e-05
3355,0.0014840333
3356,0.0007803
3357,0.010615737
3358,0.001925337
3359,0.0018617813
3360,0.016536182
3361,0.0011490704
3362,0.00029453338
3363,0.0005749482
3364,0.000121337056
3365,0.0041301334
3366,0.013881838
3367,0.0011907001
3368,0.008068801
3369,0.011316682
3370,2.6759259e-05
3371,0.00058963336
3372,0.0006409481
3373,0.0012718369
3374,0.0019413929
3375,0.020158846
3376,0.0019953926
3377,0.0009899593
3378,0.0004306704
3379,0.0012245373
3380,2.43e-05
3381,0.0006045037
3382,0.009660093
3383,0.022650847
3384,0.00095579255
3385,0.0039445334
3386,5.244815e-05
3387,5.8800008e-05
3388,0.000420626
3389,0.007510282
3390,0.020663125
3391,0.028768033
3392,0.0005720334
3393,9.363332e-05
3394,1.9592594e-06
3395,0.00032669998
3396,0.0034920042
3397,0.011511738
3398,0.0012805335
3399,0.010969782
3400,0.019712033
3401,0.016069962
3402,0.0043280036
3403,0.0006317371
3404,0.001979115
3405,0.002907393
3406,0.0036153484
3407,0.03465734
3408,0.058904245
3409,0.046439562
3410,0.013910533
3411,0.0002841815
3412,0.022032302
3413,0.058256134
3414,0.0033708
3415,0.002195926
3416,0.0019953926
3417,0.014829634
3418,0.017779559
3419,0.0063074995
3420,0.00028829998
3421,0.014593427
3422,0.038976062
3423,0.049667574
3424,0.00073342596
3425,7.894814e-05
3426,2.3703704e-07
3427,0.000105781495
3428,0.003196448
3429,0.012000001
3430,0.022395113
3431,0.0010403704
3432,0.0005866815
3433,0.004114504
3434,9.72e-05
3435,9.25926e-06
3436,0.00035363334
3437,0.006810134
3438,0.019287128
3439,0.027421633
3440,0.0005720334
3441,9.961482e-05
3442,2.9037037e-06
3443,8.4448155e-05
3444,0.0028681483
3445,0.011226227
3446,0.021493634
3447,0.0010403704
3448,0.0061061336
3449,0.008222593
3450,8.892593e-06
3451,0.0007871149
3452,0.0056489813
3453,0.015217516
3454,0.0013511705
3455,0.011008061
3456,0.019558534
3457,0.015824035
3458,0.0041929483
3459,0.00070083333
3460,0.0018096336
3461,0.021978134
3462,0.047653962
3463,0.05407423
3464,0.03534045
3465,0.009528949
3466,0.00022050373
3467,0.0022533333
3468,0.0032378708
3469,0.03497529
3470,0.0043923
3471,0.03256009
3472,0.002713837
3473,0.0012848927
3474,0.0071250712
3475,0.0054405336
3476,0.00017763334
3477,0.0064142817
3478,0.019456532
3479,0.0014191149
3480,0.0009075
3481,0.0006225926
3482,0.0031621335
3483,3.1148147e-06
3484,0.00022231482
3485,0.00076339254
3486,0.0013736334
3487,0.0017633336
3488,0.0017226816
3489,0.012868504
3490,0.015217516
3491,0.005052681
3492,0.00046675923
3493,0.0020944595
3494,0.024329519
3495,0.0029733926
3496,0.0020281484
3497,0.0014421332
3498,0.008478405
3499,0.006981959
3500,0.00014520001
3501,0.0060966257
3502,0.0015600036
3503,0.0016625925
3504,0.0016084481
3505,0.012000001
3506,0.014068893
3507,0.0045059593
3508,0.00070083333
3509,0.0018723003
3510,0.0026257925
3511,0.02618623
3512,0.045552038
3513,0.03642406
3514,0.010855348
3515,0.00032669998
3516,0.019456532
3517,0.051556893
3518,0.0030805336
3519,0.020055294
3520,0.03236273
3521,0.0005015704
3522,6.533333e-06
3523,0.00029453338
3524,0.00047468152
3525,0.0010760038
3526,0.013881838
3527,0.029977873
3528,0.0011081814
3529,0.0043280036
3530,0.0034489816
3531,0.00014520001
3532,0.0034776332
3533,0.017088534
3534,0.032122318
3535,0.035363335
3536,0.023185201
3537,5.633333e-06
3538,0.0021336332
3539,0.0082668
3540,0.0011697926
3541,0.0015552
3542,0.018253334
3543,0.037524033
3544,0.038115796
3545,0.019270224
3546,0.0016725332
3547,0.0015600036
3548,0.02243156
3549,0.05095067
3550,0.062380802
3551,0.047866758
3552,0.020418903
3553,0.001697515
3554,0.0040600337
3555,0.022834403
3556,0.0026320333
3557,0.023055648
3558,0.04699202
3559,0.05172285
3560,0.032978725
3561,0.008489615
3562,0.00032669998
3563,0.015127559
3564,0.04008926
3565,0.05544134
3566,0.0015744594
3567,0.00088563334
3568,0.0008748
3569,0.0064827004
3570,0.00020453705
3571,4.8000006e-06
3572,0.00024844817
3573,0.0054405336
3574,0.0013467001
3575,0.012896133
3576,0.023352304
3577,0.0004433926
3578,9.633333e-06
3579,0.0002277926
3580,0.00045111479
3581,0.007658682
3582,0.020873617
3583,0.028892035
3584,0.0005691259
3585,0.0014746704
3586,1.3333334e-07
3587,0.00070083333
3588,0.0050009037
3589,0.001136726
3590,0.0124848
3591,0.026680948
3592,0.028315648
3593,0.0149931265
3594,0.00017601483
3595,0.0009937927
3596,0.0017480336
3597,0.002588504
3598,0.028070405
3599,0.05432926
3600,0.052250136
3601,0.024864003
3602,0.0003559259
3603,0.0015504037
3604,0.019270224
3605,0.003046848
3606,0.026522135
3607,0.049613334
3608,0.0014282999
3609,0.00036750003
3610,9.0133326e-05
3611,5.9259264e-06
3612,0.00024462593
3613,0.0007803
3614,0.0109443
3615,0.0016725332
3616,0.012322134
3617,0.0007871149
3618,0.0026009039
3619,1.337037e-06
3620,0.00030083334
3621,0.0061824587
3622,0.018007502
3623,0.0013067999
3624,0.0084224595
3625,0.011668981
3626,0.005759293
3627,0.00028213335
3628,0.0011573371
3629,0.0019845334
3630,0.02255935
3631,0.0027840333
3632,0.0019146705
3633,0.0013601334
3634,0.007927293
3635,0.006385071
3636,0.00015564814
3637,0.006192034
3638,0.019068003
3639,0.028050017
3640,0.02365085
3641,0.00951707
3642,0.0001393926
3643,0.0014053927
3644,0.0024240036
3645,0.003314504
3646,0.034612034
3647,0.06520896
3648,0.06114063
3649,0.00014814816
3650,0.00041070004
3651,0.004052282
3652,0.0010325334
3653,0.0123086255
3654,0.0020722374
3655,0.017666133
3656,0.0016625925
3657,0.0008077371
3658,0.00032890373
3659,0.00077351485
3660,9.72e-05
3661,0.0038006261
3662,0.013174059
3663,0.021315558
3664,0.00058080006
3665,0.0001337037
3666,0.00031363333
3667,4.32e-05
3668,0.0029866816
3669,0.0120266825
3670,0.022889616
3671,0.0010800001
3672,0.0006075001
3673,0.0042721336
3674,0.000103292594
3675,2.6133332e-05
3676,0.0018408335
3677,0.00090018153
3678,0.0013962816
3679,0.015202505
3680,0.027826227
3681,0.022963336
3682,3.5592593e-06
3683,0.0028421334
3684,0.011867037
3685,0.02370704
3686,0.0014237036
3687,0.0011285334
3688,0.010316893
3689,0.015504135
3690,0.008624727
3691,0.00024272593
3692,0.007840834
3693,0.00192
3694,0.0022417926
3695,0.0025637925
3696,0.022504538
3697,0.033667505
3698,0.020384135
3699,0.0020446258
3700,0.0017786999
3701,0.025637634
3702,0.055814534
3703,0.062472038
3704,0.0006317371
3705,2.6133332e-05
3706,8.892593e-06
3707,0.00017925927
3708,0.00063480006
3709,0.0013200332
3710,0.016271172
3711,0.002195926
3712,0.0015792927
3713,0.011498681
3714,0.0133281825
3715,0.0041223145
3716,0.0006595704
3717,0.0148592945
3718,0.0369369
3719,0.0019683002
3720,0.011161837
3721,0.0006225926
3722,0.0018304038
3723,1.0403704e-05
3724,0.00035363334
3725,0.0068000923
3726,0.0015265334
3727,0.0015987
3728,0.0015504037
3729,0.011590227
3730,0.00045630004
3731,0.0005404593
3732,0.00015870002
3733,0.0047376333
3734,0.0012892594
3735,0.0014421332
3736,0.013146134
3737,0.00092222594
3738,0.0032517372
3739,1.8148148e-07
3740,0.0012330705
3741,0.007394701
3742,0.017232034
3743,0.022981783
3744,0.018335648
3745,7.1703707e-06
3746,0.00079739257
3747,0.004637634
3748,0.0009785037
3749,0.0014653371
3750,0.0021224038
3751,0.02178009
3752,0.0021280148
3753,0.0010521815
3754,0.005685634
3755,0.003982848
3756,1.564815e-05
3757,0.001136726
3758,0.001957515
3759,0.020436302
3760,0.036354408
3761,0.00067845924
3762,0.0009482815
3763,2.5037036e-06
3764,0.0005575704
3765,0.00951707
3766,0.024806459
3767,0.032978725
3768,0.025501395
3769,0.0090828
3770,0.0004306704
3771,0.0097440155
3772,0.026225634
3773,0.0020556482
3774,0.0018987261
3775,0.019253334
3776,0.0018987261
3777,0.010465781
3778,0.011046404
3779,1.6625927e-05
3780,0.0032309485
3781,0.0012588482
3782,0.0017378703
3783,0.018220462
3784,0.032692008
3785,0.00061653333
3786,0.0008427
3787,3.3333336e-08
3788,0.0029139596
3789,0.012923794
3790,0.0248832
3791,0.0011573371
3792,0.0066206264
3793,0.0003651704
3794,0.00089289254
3795,3.9292594e-05
3796,0.0004306704
3797,0.0010600927
3798,0.0017176333
3799,0.018187616
3800,0.032692008
3801,0.026700838
3802,3.3333336e-06
3803,0.003046848
3804,0.012512015
3805,0.0016133332
3806,0.015202505
3807,0.0019413929
3808,0.0013962816
3809,0.0009861334
3810,0.0054765036
3811,0.0038231702
3812,1.00148145e-05
3813,0.005936133
3814,0.021870002
3815,0.033600535
3816,0.02880934
3817,3.2033335e-05
3818,0.00016333334
3819,0.00051805936
3820,0.008255738
3821,0.022797633
3822,0.0017838371
3823,0.013440834
3824,0.023129633
3825,0.0004008926
3826,4.8000006e-06
3827,8.898148e-05
3828,0.002953515
3829,0.011446534
3830,0.0013781481
3831,0.0118405325
3832,0.021138228
3833,0.00039120376
3834,0.00041317038
3835,8.333335e-05
3836,0.00059259264
3837,0.009564626
3838,0.024748985
3839,0.032802135
3840,0.0005749482
3841,0.0013601334
3842,0.0005264037
3843,0.00034680005
3844,0.0008251259
3845,0.0015456147
3846,0.018434672
3847,0.0024000928
3848,0.016740281
3849,0.0010521815
3850,0.0036593927
3851,1.0703704e-06
3852,0.0011408334
3853,0.007145634
3854,0.016945634
3855,0.022816017
3856,0.0004485333
3857,0.0011573371
3858,0.00043573702
3859,0.00020453705
3860,0.0007701334
3861,0.011433516
3862,0.028315648
3863,0.0016035704
3864,0.0009185334
3865,0.0065219593
3866,0.006951481
3867,0.0013781481
3868,0.0007137815
3869,0.012772035
3870,0.031752534
3871,0.001753126
3872,0.0009823148
3873,0.006961634
3874,0.007499737
3875,0.0015841334
3876,0.0007137815
3877,0.012882316
3878,0.03199156
3879,0.040382236
3880,0.029516036
3881,0.009648133
3882,1.7925927e-06
3883,0.010565634
3884,0.033555925
3885,0.051033124
3886,0.0017176333
3887,0.001028626
3888,0.009292801
3889,0.0006409481
3890,0.00012675927
3891,1.4814816e-06
3892,0.00021333335
3893,0.004957959
3894,0.0012848927
3895,0.0014282999
3896,0.013048626
3897,0.0009148482
3898,0.0032240332
3899,1.3333334e-07
3900,0.0012416334
3901,0.000828626
3902,0.010728904
3903,0.0016182258
3904,0.0012288002
3905,0.008978699
3906,0.00032013337
3907,5.925926e-08
3908,0.0008181482
3909,0.005805571
3910,0.014829634
3911,0.0010403704
3912,0.006810134
3913,0.0004033333
3914,0.0010600927
3915,3.0670373e-05
3916,0.0023349482
3917,0.010193635
3918,0.020540833
3919,0.0010600927
3920,0.0063462257
3921,0.008590848
3922,0.003914015
3923,0.00028829998
3924,0.0011081814
3925,0.00192
3926,0.021960093
3927,0.044006698
3928,0.0014099594
3929,0.00039361484
3930,0.000103292594
3931,3.484815e-05
3932,0.00024272593
3933,0.0008146704
3934,0.0014375147
3935,0.015671294
3936,0.028623704
3937,0.0005547001
3938,1.9200002e-05
3939,0.00014228148
3940,0.0004181333
3941,0.0010169483
3942,0.013300093
3943,0.028933425
3944,0.030826764
3945,0.00014228148
3946,5.157037e-05
3947,0.00031795923
3948,0.0060019596
3949,0.018171204
3950,0.029203203
3951,0.02972552
3952,0.018352134
3953,1.4237037e-05
3954,0.0022417926
3955,0.00078370364
3956,0.0100467
3957,0.001957515
3958,0.018933782
3959,0.037476897
3960,0.03731214
3961,0.018451199
3962,0.0014421332
3963,0.0054225926
3964,0.029057782
3965,0.0031758372
3966,0.025793782
3967,0.0028033333
3968,0.018683393
3969,0.026166534
3970,0.014593427
3971,0.00028009262
3972,0.0013826704
3973,0.002259115
3974,0.025133427
3975,0.049396683
3976,0.048160132
3977,0.023277957
3978,0.00032231485
3979,0.0014513928
3980,0.0183027
3981,0.04208756
3982,0.053116184
3983,0.0010680334
3984,0.0003559259
3985,0.00021333335
3986,0.00076675933
3987,3.2033335e-05
3988,0.0004008926
3989,0.007332033
3990,0.020332035
3991,0.028459199
3992,0.023129633
3993,0.008863737
3994,6.3559266e-05
3995,0.0014329037
3996,0.01933787
3997,0.04451885
3998,0.055814534
3999,0.044160035
4000,0.00010453333
4001,3.9292594e-05
4002,0.0001648926
4003,0.0032795595
4004,0.011303738
4005,0.021618728
4006,0.0012892594
4007,0.009612301
4008,0.0009482815
4009,0.00045370375
4010,0.00014520001
4011,0.00012403334
4012,0.0005662259
4013,0.0060208333
4014,0.0162867
4015,0.0011573371
4016,0.007510282
4017,0.00044595927
4018,0.0012075593
4019,0.00012951484
4020,0.0017075593
4021,0.010779393
4022,0.023408134
4023,0.001245926
4024,0.0007235704
4025,0.005113426
4026,0.0052184043
4027,4.5633336e-05
4028,0.0034632927
4029,0.0134126255
4030,0.0015217816
4031,0.0014145334
4032,0.012785792
4033,0.0192027
4034,0.010982534
4035,0.00056333333
4036,0.0014746704
4037,0.021049839
4038,0.0031758372
4039,0.02519135
4040,0.04191295
4041,0.0006944037
4042,0.0008568927
4043,7.680001e-05
4044,0.0032656335
4045,0.012457616
4046,0.0014467594
4047,0.0013646259
4048,0.0013377817
4049,0.0009709037
4050,0.0004433926
4051,0.0013024037
4052,3.9292594e-05
4053,0.0027328925
4054,0.0012631703
4055,0.01299307
4056,0.0013556482
4057,0.0075208335
4058,0.00020628147
4059,3.9292594e-05
4060,0.00028009262
4061,0.0060966257
4062,0.017925927
4063,0.026127174
4064,0.022014238
4065,0.008863737
4066,0.00011867038
4067,0.0013511705
4068,0.0023526258
4069,0.026920063
4070,0.0036373371
4071,0.027907502
4072,0.0023941335
4073,0.012772035
4074,0.013653334
4075,0.0038156484
4076,0.0007803
4077,0.001962904
4078,0.002713837
4079,0.0030401333
4080,0.0028097813
4081,0.0020777816
4082,0.001132626
4083,0.00035363334
4084,0.0005461334
4085,0.00016023703
4086,0.004408448
4087,0.0009823148
4088,0.008057871
4089,0.0005320037
4090,0.0016084481
4091,1.3333334e-05
4092,0.0019467594
4093,0.0009520334
4094,0.011682134
4095,0.025637634
4096,0.0009899593
4097,0.0039292593
4098,0.0030872927
4099,9.600371e-05
4100,0.003586134
4101,0.0016775148
4102,0.018253334
4103,0.037030533
4104,0.03740624
4105,0.01878335
4106,0.00024462593
4107,0.008300033
4108,0.023894815
4109,0.037030533
4110,0.038592532
4111,0.02734107
4112,0.011020834
4113,0.0007040593
4114,0.00086403335
4115,0.0016084481
4116,0.0023881816
4117,0.027060032
4118,0.056448955
4119,0.061774287
4120,0.038712185
4121,0.009636182
4122,0.0004382815
4123,0.0024903703
4124,0.028726762
4125,0.060990244
4126,0.07072926
4127,0.051225785
4128,4.8981477e-05
4129,0.00045111479
4130,0.00028009262
4131,0.004376182
4132,0.013568133
4133,0.024083333
4134,0.029161615
4135,0.024405517
4136,0.00010957038
4137,2.1333335e-06
4138,8.670001e-05
4139,0.0003651704
4140,0.0065416335
4141,0.0015841334
4142,0.0019413929
4143,0.0022823147
4144,0.020228036
4145,0.0014145334
4146,0.005404682
4147,1.8670371e-05
4148,0.0007040593
4149,0.00071703707
4150,0.0012588482
4151,0.0139968
4152,0.0014793482
4153,0.008244681
4154,0.008456005
4155,0.0017684482
4156,0.0016280335
4157,0.015962133
4158,0.035112005
4159,0.0016925039
4160,0.009422315
4161,0.012525634
4162,2.4903706e-05
4163,0.00017763334
4164,0.0043842373
4165,0.014800004
4166,0.02561815
4167,0.0010521815
4168,0.005805571
4169,0.0003114815
4170,2.8681483e-05
4171,3.9292594e-05
4172,0.0020722374
4173,0.0009370704
4174,0.0014282999
4175,0.015473839
4176,0.028254237
4177,0.0005461334
4178,0.00072684826
4179,7.5737036e-05
4180,0.0005208334
4181,0.008726761
4182,0.02309263
4183,0.031191127
4184,0.0005749482
4185,0.0014099594
4186,0.0005778704
4187,0.00030933708
4188,0.0008216334
4189,0.0118803
4190,0.029120062
4191,0.0369369
4192,0.027280724
4193,0.009071205
4194,3.703704e-07
4195,0.0098766275
4196,0.0026633483
4197,0.026245346
4198,0.053678703
4199,0.0021731704
4200,0.001028626
4201,0.0071868487
4202,0.0077334265
4203,0.0016675593
4204,0.00071703707
4205,0.012951483
4206,0.032144133
4207,0.040553633
4208,0.02959974
4209,0.009660093
4210,0.00055183703
4211,0.0115248
4212,0.0022533333
4213,0.0025947
4214,0.027745074
4215,0.053650502
4216,0.05158453
4217,0.024538804
4218,0.0018044591
4219,0.0019737037
4220,0.027120132
4221,0.059555933
4222,0.0029139596
4223,0.01799117
4224,0.02885067
4225,0.021816036
4226,0.0054675005
4227,0.00086403335
4228,0.01760148
4229,0.043294672
4230,0.0025514816
4231,0.016977338
4232,0.027866848
4233,0.021404507
4234,0.0054945336
4235,0.0008604593
4236,0.015854672
4237,0.039216727
4238,0.051612183
4239,0.042789634
4240,0.0001393926
4241,2.0833337e-05
4242,0.00075333705
4243,0.00041317038
4244,0.0009075
4245,0.01271707
4246,0.030677352
4247,0.038401484
4248,0.0005749482
4249,6.1633335e-05
4250,4.7292593e-05
4251,0.00039361484
4252,0.004352059
4253,0.0134832
4254,0.023129633
4255,0.025268683
4256,0.00030083334
4257,0.0004485333
4258,2.3114815e-05
4259,0.00026601483
4260,0.0056215706
4261,0.0014793482
4262,0.015625617
4263,0.032187797
4264,0.0330672
4265,0.016913962
4266,0.00021511482
4267,0.0011122372
4268,0.0148592945
4269,0.0025699593
4270,0.023315115
4271,0.002682226
4272,0.001814815
4273,0.0012848927
4274,0.0074471254
4275,0.0058613485
4276,0.00024272593
4277,0.0049152006
4278,0.021672452
4279,0.0019093482
4280,0.0124848
4281,0.017360093
4282,0.009164182
4283,0.00024272593
4284,0.0014934259
4285,0.020820895
4286,0.04641334
4287,0.05353779
4288,0.03552374
4289,5.348148e-06
4290,0.0004720334
4291,0.007104538
4292,0.019490505
4293,0.030784033
4294,0.033422284
4295,0.025094848
4296,5.694815e-05
4297,5.7870373e-05
4298,0.0009296334
4299,0.000420626
4300,0.00658107
4301,0.019101636
4302,0.029956805
4303,0.029935736
4304,0.018138405
4305,0.0041929483
4306,0.00048803337
4307,0.011577127
4308,0.030316005
4309,0.043497518
4310,0.042112533
4311,0.027502315
4312,1.1203704e-05
4313,0.00045370375
4314,0.0022707
4315,0.0061251707
4316,0.01217396
4317,0.018650135
4318,0.021852003
4319,0.0005376334
4320,0.00024462593
4321,0.00014814816
4322,1.9737035e-05
4323,4.5633336e-05
4324,0.00037689265
4325,0.007002315
4326,0.019626683
4327,0.027745074
4328,0.022760894
4329,0.00881796
4330,7.5737036e-05
4331,0.0014053927
4332,0.01911846
4333,0.044108897
4334,0.05544134
4335,0.04398117
4336,0.019763332
4337,0.0020117373
4338,0.001132626
4339,0.016348893
4340,0.0026948482
4341,0.002887737
4342,0.030316005
4343,0.057904128
4344,0.055069394
4345,0.025872033
4346,0.0018356149
4347,0.0020777816
4348,0.02829517
4349,0.061683565
4350,0.0029733926
4351,0.0018460593
4352,0.001697515
4353,0.0126075
4354,0.00050978153
4355,0.0006689815
4356,0.000102059275
4357,0.004712534
4358,0.015625617
4359,0.0012848927
4360,0.0085570365
4361,0.0005152926
4362,8.112593e-05
4363,3.7925927e-06
4364,0.0012373483
4365,0.0076161334
4366,0.0012761814
4367,0.011721633
4368,0.021226801
4369,0.017376136
4370,0.0047964593
4371,0.00071053335
4372,0.0018512926
4373,0.0027456335
4374,0.0034561334
4375,0.033311114
4376,0.003046848
4377,0.0165675
4378,0.018335648
4379,0.005936133
4380,0.00048803337
4381,0.0022823147
4382,0.026225634
4383,0.051612183
4384,0.050238848
4385,0.02423468
4386,0.0018775705
4387,0.00192
4388,0.0033075
4389,0.035914797
4390,0.0044896337
4391,0.0034920042
4392,0.0293907
4393,0.043573707
4394,0.02678045
4395,0.0032033334
4396,0.0055851266
4397,0.03575352
4398,0.06446513
4399,0.0021618372
4400,0.010181348
4401,0.0005070371
4402,6.850371e-05
4403,5.925926e-08
4404,0.0014329037
4405,0.0008748
4406,0.011123294
4407,0.0016526815
4408,0.0012502259
4409,0.009129259
4410,0.010304533
4411,0.0027584038
4412,0.0010364482
4413,0.0149931265
4414,0.0352947
4415,0.043016538
4416,0.00058963336
4417,0.0010920333
4418,3.3333336e-06
4419,0.00020280002
4420,0.0045797927
4421,0.015157515
4422,0.025950404
4423,0.02788717
4424,0.00030720004
4425,0.00041317038
4426,1.08e-05
4427,0.00027401483
4428,0.0057040043
4429,0.017682316
4430,0.02878868
4431,0.0010521815
4432,0.0055669486
4433,0.00029244815
4434,0.0006286815
4435,3.7037038e-09
4436,0.0005015704
4437,0.008783704
4438,0.023315115
4439,0.0014700001
4440,0.00903646
4441,0.012349171
4442,2.8681483e-05
4443,0.0006105038
4444,0.0051832926
4445,0.014726061
4446,0.024064451
4447,0.025404302
4448,0.016504895
4449,5.633333e-06
4450,0.001753126
4451,0.007145634
4452,0.015428449
4453,0.023203734
4454,0.02573517
4455,0.020471115
4456,0.00999796
4457,0.0013333336
4458,0.0013781481
4459,0.011629572
4460,0.0018828483
4461,0.018567115
4462,0.039894536
4463,0.045890372
4464,0.0005348148
4465,3.3425924e-05
4466,5.0703707e-06
4467,0.00079739257
4468,0.00059853337
4469,0.0089671705
4470,0.023296537
4471,0.031169636
4472,0.024329519
4473,0.008783704
4474,0.00040578152
4475,0.009363333
4476,0.0019845334
4477,0.0023881816
4478,0.0030535702
4479,0.02985156
4480,0.051308464
4481,0.04072539
4482,0.012160533
4483,0.00030933708
4484,0.0030872927
4485,0.004224533
4486,0.0048896335
4487,0.0050009037
4488,0.0044327257
4489,0.033244506
4490,0.042563334
4491,0.019848986
4492,0.00030507034
4493,0.013824534
4494,0.048186854
4495,0.06674084
4496,0.0011203705
4497,0.00015564814
4498,0.0003559259
4499,3.134815e-05
4500,0.00050978153
4501,0.008692682
4502,0.001753126
4503,0.0017582261
4504,0.0016875002
4505,0.0012330705
4506,0.0071147997
4507,8.333335e-05
4508,0.00020280002
4509,0.00056044816
4510,0.008500834
4511,0.020193428
4512,0.023074131
4513,0.0001393926
4514,1.8670371e-05
4515,0.00028009262
4516,0.0008042815
4517,0.01170846
4518,0.02878868
4519,0.0016133332
4520,0.00092222594
4521,0.0065317936
4522,0.0069717923
4523,0.0013826704
4524,0.0016775148
4525,0.0017992925
4526,0.0024360039
4527,0.024500683
4528,0.042814817
4529,0.034340836
4530,0.010205926
4531,0.0009899593
4532,0.0024843
4533,0.028582536
4534,0.059318535
4535,0.06446513
4536,0.04001618
4537,2.5514819e-05
4538,0.003914015
4539,0.0011081814
4540,0.0015987
4541,0.019490505
4542,0.0028942816
4543,0.0025025331
4544,0.021636626
4545,0.032231484
4546,0.019371737
4547,0.0018460593
4548,0.0017582261
4549,0.02524934
4550,0.055069394
4551,0.061774287
4552,0.0006286815
4553,2.6759259e-05
4554,1.4814816e-06
4555,0.00088563334
4556,0.005548801
4557,0.0011614816
4558,0.0015265334
4559,0.016255649
4560,0.02949513
4561,0.0005662259
4562,0.0007566815
4563,7.3633346e-05
4564,0.0005208334
4565,0.008715393
4566,0.023074131
4567,0.0014560336
4568,0.008955648
4569,0.012227737
4570,0.0060113934
4571,2.5514819e-05
4572,0.0070840325
4573,0.0023585334
4574,0.023445394
4575,0.045552038
4576,0.044313636
4577,0.021368904
4578,0.0015889816
4579,0.0017786999
4580,0.0031008334
4581,0.034003336
4582,0.004312004
4583,0.032100506
4584,0.05194454
4585,0.039579116
4586,0.010995292
4587,0.0011739593
4588,0.021280035
4589,0.050157033
4590,0.0027392595
4591,0.0018200038
4592,0.015762849
4593,0.0010840038
4594,0.0039445334
4595,3.1148147e-06
4596,0.00023894814
4597,0.0053957365
4598,0.016395615
4599,0.024500683
4600,0.0005720334
4601,0.001682504
4602,0.0008533334
4603,0.00017763334
4604,0.00075333705
4605,0.01127787
4606,0.028029634
4607,0.0015987
4608,0.009434134
4609,0.012758281
4610,2.8681483e-05
4611,0.00016961481
4612,0.004288059
4613,0.014578726
4614,0.025384903
4615,0.0010482371
4616,0.00056044816
4617,0.0038988001
4618,0.0037632005
4619,6.4533335e-05
4620,0.0036815153
4621,0.0012761814
4622,0.001727737
4623,0.018138405
4624,0.03256009
4625,0.026581636
4626,3.5592593e-06
4627,0.0030535702
4628,0.012525634
4629,0.02461513
4630,0.03127717
4631,0.026900092
4632,0.0001323
4633,9.633333e-06
4634,0.0003114815
4635,0.0027776149
4636,0.009164182
4637,0.0012160332
4638,0.01225467
4639,0.025891613
4640,0.0009595593
4641,0.0037259592
4642,4.32e-05
4643,6.7500005e-05
4644,0.002644537
4645,0.010728904
4646,0.020944018
4647,0.024921617
4648,0.018023837
4649,0.0057777814
4650,0.0004008926
4651,0.008681336
4652,0.023800833
4653,0.0019521335
4654,0.0162867
4655,0.0019737037
4656,0.013781635
4657,0.0008604593
4658,0.00018418148
4659,0.00020280002
4660,0.0004181333
4661,0.0056215706
4662,0.0012761814
4663,0.012187392
4664,0.022158949
4665,0.018204033
4666,0.0050873477
4667,0.0007203
4668,0.013924894
4669,0.035432037
4670,0.047866758
4671,0.04077454
4672,0.020176135
4673,0.0028162373
4674,0.0020501334
4675,0.017682316
4676,0.037547614
4677,0.04754774
4678,0.041589636
4679,0.024500683
4680,0.0073737823
4681,2.4903706e-05
4682,0.0009937927
4683,0.013090371
4684,0.03127717
4685,0.043016538
4686,0.0013333336
4687,0.0008216334
4688,0.0076055145
4689,0.011446534
4690,0.0060776332
4691,0.00024653334
4692,0.0074366266
4693,0.022376904
4694,0.034612034
4695,0.033645168
4696,0.019609634
4697,3.0670373e-05
4698,0.0028356484
4699,0.009804182
4700,0.0012288002
4701,0.012827116
4702,0.029578803
4703,0.036447294
4704,0.026304536
4705,0.0084224595
4706,1.1614815e-05
4707,0.010169071
4708,0.03192628
4709,0.04869584
4710,0.048267044
4711,0.031644184
4712,0.011123294
4713,0.00030507034
4714,0.004872626
4715,0.020055294
4716,0.03515764
4717,0.04077454
4718,0.03416063
4719,0.019763332
4720,0.0059549036
4721,0.00024653334
4722,0.0051832926
4723,0.0011244481
4724,0.0015648151
4725,0.0023585334
4726,0.0030670373
4727,0.029956805
4728,0.05150164
4729,0.04089752
4730,0.012214281
4731,0.0011000925
4732,0.020645635
4733,0.049072597
4734,0.06165334
4735,0.048347294
4736,0.000102059275
4737,0.00012
4738,0.00019084814
4739,0.0035352926
4740,0.0118405325
4741,0.022195203
4742,0.0012848927
4743,0.0010364482
4744,0.009564626
4745,0.0006658371
4746,0.00013511482
4747,8.333334e-07
4748,0.00020453705
4749,0.0007203
4750,0.0013244592
4751,0.0017125926
4752,0.0016775148
4753,0.0012288002
4754,0.0006015148
4755,0.000116033334
4756,1.6625927e-05
4757,0.001727737
4758,0.0008042815
4759,0.0010680334
4760,0.010095559
4761,0.015277635
4762,0.008534533
4763,0.00028829998
4764,0.006087126
4765,0.026541958
4766,0.04508564
4767,0.045033958
4768,0.026344037
4769,0.0056672934
4770,0.0007871149
4771,0.015549634
4772,0.037997074
4773,0.05119824
4774,0.046334703
4775,0.027866848
4776,0.008579572
4777,4.7292593e-05
4778,0.0057040043
4779,0.020124301
4780,0.0019467594
4781,0.01753695
4782,0.03740624
4783,0.04319343
4784,0.029120062
4785,0.008311126
4786,0.0006595704
4787,0.0016925039
4788,0.020418903
4789,0.045838244
4790,0.0024600928
4791,0.015992904
4792,0.026225634
4793,0.0004181333
4794,0.0003745333
4795,0.000112133326
4796,0.0036963
4797,0.013384447
4798,0.024158949
4799,0.027000003
4800,0.018368628
4801,0.0053067002
4802,0.00046675923
4803,0.0012936335
4804,0.016442405
4805,0.03854473
4806,0.049667574
4807,0.0010640593
4808,0.0003745333
4809,0.0024661333
4810,0.0020833337
4811,2.7392594e-05
4812,0.0034776332
4813,0.015717037
4814,0.0018096336
4815,0.0147704035
4816,0.025637634
4817,0.020453705
4818,9.25926e-06
4819,0.003033426
4820,0.01225467
4821,0.024102226
4822,0.0014145334
4823,0.0103292605
4824,0.018056534
4825,0.014432134
4826,1.2459259e-05
4827,0.0027584038
4828,0.0011000925
4829,0.0016925039
4830,0.0023703706
4831,0.023951294
4832,0.041962802
4833,0.033712182
4834,0.010022315
4835,0.00034228148
4836,0.0027776149
4837,0.03231895
4838,0.06620735
4839,0.070761636
4840,0.042966057
4841,0.0100467
4842,0.00067845924
4843,0.019952003
4844,0.04891095
4845,0.06369486
4846,0.0015600036
4847,0.0008042815
4848,0.0073528923
4849,0.0005070371
4850,0.0015312927
4851,0.00028009262
4852,0.0013467001
4853,0.010230534
4854,0.0016378704
4855,0.0015987
4856,0.014373705
4857,0.0010014815
4858,0.0036007261
4859,0.0016526815
4860,0.00030083334
4861,0.00828895
4862,0.023315115
4863,0.032253336
4864,0.00061653333
4865,9.72e-05
4866,0.00015870002
4867,0.00016645927
4868,0.0036080335
4869,0.01271707
4870,0.023018703
4871,0.001024726
4872,0.0058613485
4873,0.00783006
4874,0.0034489816
4875,0.00029244815
4876,0.0075737042
4877,0.022395113
4878,0.0018408335
4879,0.013982404
4880,0.024007838
4881,0.00041564813
4882,5.633333e-06
4883,0.00029872594
4884,0.0034418372
4885,0.011498681
4886,0.020873617
4887,0.00096711493
4888,0.0005489815
4889,0.0038533336
4890,0.003711115
4891,0.0003333334
4892,0.0026508
4893,0.015473839
4894,0.030869516
4895,0.035226133
4896,0.023876004
4897,0.0068705333
4898,0.00011472593
4899,0.010969782
4900,0.031948037
4901,0.04744163
4902,0.046360906
4903,0.0005348148
4904,0.0015075706
4905,4.4003707e-05
4906,3.703704e-07
4907,0.00079739257
4908,0.0006440333
4909,0.009481482
4910,0.024291558
4911,0.032144133
4912,0.024806459
4913,0.00881796
4914,0.00042312598
4915,0.0013288924
4916,0.016882315
4917,0.03940979
4918,0.050512034
4919,0.0010640593
4920,0.004264182
4921,0.0050786706
4922,0.0017480336
4923,0.00032450372
4924,0.0010800001
4925,0.014696535
4926,0.034453705
4927,0.04201268
4928,0.029746506
4929,0.009234225
4930,2.4903706e-05
4931,0.011368534
4932,0.034612034
4933,0.05158453
4934,0.04996641
4935,0.031904537
4936,0.0107163
4937,0.00019422593
4938,0.0053957365
4939,0.02083846
4940,0.035592597
4941,0.040627204
4942,0.0009370704
4943,0.00055183703
4944,0.00058963336
4945,0.004344034
4946,0.004352059
4947,0.00051805936
4948,0.0023703706
4949,0.015307739
4950,0.031298704
4951,0.036122702
4952,0.024672447
4953,0.0071868487
4954,9.600371e-05
4955,0.011008061
4956,0.0025823151
4957,0.0029469037
4958,0.0036007261
4959,0.034498908
4960,0.0031416332
4961,0.017056728
4962,0.018917039
4963,5.333334e-07
4964,0.0027904592
4965,0.012444034
4966,0.024177868
4967,0.0281112
4968,0.019729128
4969,1.8148148e-07
4970,0.0014700001
4971,0.0065219593
4972,0.014740833
4973,0.0012761814
4974,0.011800835
4975,0.024691572
4976,0.026068185
4977,0.013710283
4978,0.0012202814
4979,0.0040368
4980,0.023426762
4981,0.04482756
4982,0.051253334
4983,0.037973348
4984,5.7870373e-05
4985,0.00019422593
4986,0.0015938372
4987,0.005271293
4988,0.0008604593
4989,0.010218226
4990,0.0018252002
4991,0.015977517
4992,0.0015408334
4993,0.00075000006
4994,0.00029662595
4995,0.0006440333
4996,4.4003707e-05
4997,0.003982848
4998,0.014286281
4999,0.023074131
5000,0.021067498
5001,0.009386904
5002,0.00030933708
5003,0.0012330705
5004,0.017633792
5005,0.0415152
5006,0.0023881816
5007,0.015931392
5008,0.0013872002
5009,0.00065022596
5010,0.003196448
5011,2.9037037e-06
5012,0.00096711493
5013,0.0065712007
5014,0.0012033334
5015,0.011290802
5016,0.0011697926
5017,0.006463115
5018,0.006365634
5019,0.001024726
5020,0.0020888927
5021,0.0160083
5022,0.033645168
5023,0.039024137
5024,0.026621336
5025,1.6333332e-06
5026,0.0020117373
5027,0.008068801
5028,0.0011697926
5029,0.0015600036
5030,0.0022188004
5031,0.022577632
5032,0.002190226
5033,0.0120266825
5034,0.012896133
5035,0.0035352926
5036,0.0009785037
5037,0.0020944595
5038,0.023800833
5039,0.04722978
5040,0.04641334
5041,0.00014667037
5042,0.00021690372
5043,0.0030670373
5044,0.010403615
5045,0.0013244592
5046,0.013020833
5047,0.0017480336
5048,0.012552894
5049,0.0007939593
5050,0.002607115
5051,0.0009075
5052,0.00037218147
5053,0.008057871
5054,0.022304133
5055,0.030805392
5056,0.024653334
5057,0.009234225
5058,4.9837035e-05
5059,0.007851616
5060,0.028438672
5061,0.046360906
5062,0.048186854
5063,0.0330672
5064,2.3703706e-05
5065,0.00038640367
5066,0.002144893
5067,0.0005152926
5068,0.007176533
5069,0.0016084481
5070,0.016411204
5071,0.0021056149
5072,0.0147852
5073,0.00092592597
5074,0.00020628147
5075,0.00026601483
5076,0.00032231485
5077,0.0007466704
5078,0.010453334
5079,0.0016182258
5080,0.011973349
5081,0.00076675933
5082,0.002514726
5083,1.7925927e-06
5084,0.0015217816
5085,0.0008820149
5086,0.0013962816
5087,0.0017735704
5088,0.016069962
5089,0.024158949
5090,0.0141991265
5091,0.00023520003
5092,0.008579572
5093,0.025404302
5094,0.0020062816
5095,0.014903837
5096,0.025346134
5097,0.0004306704
5098,0.00043319998
5099,8.333335e-05
5100,0.0037185336
5101,0.013696034
5102,0.024748985
5103,0.027583113
5104,0.00033779262
5105,2.1392592e-05
5106,2.7e-06
5107,0.0009038371
5108,0.005548801
5109,0.014608134
5110,0.023240834
5111,0.0008892593
5112,0.004872626
5113,0.0064337924
5114,0.0026696336
5115,0.00029453338
5116,0.0010680334
5117,0.014637571
5118,0.0024120333
5119,0.020072533
5120,0.0018460593
5121,0.0008892593
5122,0.004670848
5123,0.0029800336
5124,1.00148145e-05
5125,0.001136726
5126,0.0019146705
5127,0.020020833
5128,0.035684507
5129,0.02899557
5130,0.008590848
5131,0.0003651704
5132,0.0174243
5133,0.0034776332
5134,0.030677352
5135,0.056709513
5136,0.052948005
5137,0.024348505
5138,0.0003984593
5139,0.0115248
5140,0.030762685
5141,0.044390537
5142,0.043016538
5143,0.02800926
5144,0.009888726
5145,0.0002780593
5146,0.0043923
5147,0.0017176333
5148,0.002259115
5149,0.0030940594
5150,0.0037856335
5151,0.036122702
5152,0.06120083
5153,0.048133425
5154,0.014432134
5155,0.00027603333
5156,0.022449793
5157,0.05934819
5158,0.076406546
5159,0.0014375147
5160,0.00042312598
5161,0.0027456335
5162,0.0023763
5163,9.12926e-05
5164,0.0039751707
5165,0.0013024037
5166,0.014432134
5167,0.0019467594
5168,0.0014191149
5169,0.0010014815
5170,0.00046151484
5171,0.0013826704
5172,5.694815e-05
5173,0.0026195594
5174,0.0012631703
5175,0.0015123001
5176,0.013795926
5177,0.00096711493
5178,0.00023333704
5179,4.8000006e-06
5180,0.00013511482
5181,0.0038684597
5182,0.013048626
5183,0.0011408334
5184,0.0007939593
5185,0.0005461334
5186,0.00020280002
5187,0.00029872594
5188,0.00027000002
5189,0.0050873477
5190,0.0012675
5191,0.012268149
5192,0.022340506
5193,0.018385127
5194,6.2259264e-06
5195,0.0027201816
5196,0.011407499
5197,0.0015360593
5198,0.0017327999
5199,0.018023837
5200,0.03231895
5201,0.0006075001
5202,0.0008216334
5203,2.3703704e-07
5204,0.00056333333
5205,0.0012848927
5206,0.015977517
5207,0.033712182
5208,0.034952536
5209,0.018056534
5210,0.0016576335
5211,0.0046791704
5212,0.0027968925
5213,0.0034704595
5214,0.035776533
5215,0.003952182
5216,0.025832895
5217,0.03603023
5218,0.020698136
5219,0.001753126
5220,0.00192
5221,0.026960015
5222,0.05813869
5223,0.002442015
5224,0.012525634
5225,0.0162867
5226,3.8533333e-05
5227,0.0006256333
5228,0.0053511267
5229,0.015082683
5230,0.02446259
5231,0.0009408001
5232,0.0051395707
5233,0.006780033
5234,3.3333336e-06
5235,0.00020280002
5236,0.0006944037
5237,0.010565634
5238,0.001962904
5239,0.0018987261
5240,0.016819116
5241,0.02519135
5242,0.014829634
5243,0.0011081814
5244,0.0058800005
5245,0.030167837
5246,0.052668303
5247,0.05255663
5248,0.030400833
5249,0.006385071
5250,0.00096711493
5251,0.0020667
5252,0.0029008337
5253,0.031817637
5254,0.0040911147
5255,0.0032448003
5256,0.027482133
5257,0.040799115
5258,0.00029872594
5259,3.3425924e-05
5260,0.0028227004
5261,0.0011285334
5262,0.013104301
5263,0.0018356149
5264,0.0013511705
5265,0.009864533
5266,0.011226227
5267,7.837038e-06
5268,0.0028356484
5269,0.012214281
5270,0.0015075706
5271,0.01279956
5272,0.022650847
5273,0.0183027
5274,8.533334e-06
5275,0.002848626
5276,0.011721633
5277,0.0015504037
5278,0.0017378703
5279,0.018056534
5280,0.03236273
5281,0.026383558
5282,0.0077548483
5283,0.00039603334
5284,0.01678756
5285,0.0033355595
5286,0.029641632
5287,0.05504084
5288,0.051612183
5289,0.00012403334
5290,0.00013511482
5291,0.0032309485
5292,0.011381515
5293,0.0014191149
5294,0.0016182258
5295,0.016961483
5296,0.0017176333
5297,0.0008533334
5298,0.0044652
5299,1.9200002e-05
5300,0.0006256333
5301,0.0054945336
5302,0.014755615
5303,0.0213867
5304,0.00048803337
5305,0.0014099594
5306,3.0000004e-07
5307,0.00015112592
5308,0.0038912038
5309,0.013624905
5310,0.024253631
5311,0.0010443002
5312,0.0005691259
5313,0.0039675003
5314,0.0038457816
5315,0.0003651704
5316,0.0026009039
5317,0.0016477371
5318,0.018335648
5319,0.03735917
5320,0.0012502259
5321,0.0046542264
5322,0.0036963
5323,0.00010083333
5324,0.0044165333
5325,0.015519292
5326,0.026980003
5327,0.029078534
5328,0.019000834
5329,0.0051047257
5330,0.00021333335
5331,0.010341633
5332,0.029286461
5333,0.043599118
5334,0.0015075706
5335,0.009140893
5336,0.015473839
5337,0.0002561815
5338,0.00016961481
5339,0.0002903704
5340,0.004440834
5341,0.014242671
5342,0.024424534
5343,0.026482506
5344,0.0175692
5345,3.5592593e-06
5346,0.001697515
5347,0.0070329043
5348,0.0153228
5349,0.0012718369
5350,0.0013736334
5351,0.014726061
5352,0.026940035
5353,0.022231482
5354,0.0064827004
5355,0.00042563336
5356,0.015580004
5357,0.0412923
5358,0.055584732
5359,0.04646579
5360,0.022213338
5361,0.00014814816
5362,0.00080083334
5363,0.0013200332
5364,0.0020501334
5365,0.023951294
5366,0.050978154
5367,0.05694164
5368,0.00058373704
5369,0.0007301334
5370,6.650371e-05
5371,0.0010840038
5372,0.0074786707
5373,0.0014145334
5374,0.001727737
5375,0.018023837
5376,0.03236273
5377,0.026383558
5378,0.0077655716
5379,0.00084978144
5380,0.0021845335
5381,0.025696134
5382,0.054272532
5383,0.0022649036
5384,0.011655838
5385,0.015172504
5386,0.0073528923
5387,5.6033343e-05
5388,0.0014840333
5389,0.0025576334
5390,0.02794818
5391,0.0032725928
5392,0.002190226
5393,0.015946759
5394,0.019135293
5395,0.006951481
5396,0.00022595927
5397,0.014637571
5398,0.039676033
5399,0.0022302817
5400,0.012758281
5401,0.00071703707
5402,0.002195926
5403,5.348148e-06
5404,0.001697515
5405,0.008647349
5406,0.01875
5407,0.023876004
5408,0.00041564813
5409,0.0009595593
5410,0.00028829998
5411,0.0005236149
5412,0.00081120007
5413,0.011550948
5414,0.028397633
5415,0.0015987
5416,0.0009148482
5417,0.0064827004
5418,0.006900834
5419,0.0013601334
5420,0.0016925039
5421,0.0017941332
5422,0.020332035
5423,0.04102068
5424,0.04102068
5425,0.020401513
5426,0.00026601483
5427,0.0012848927
5428,0.0020888927
5429,0.002953515
5430,0.0036520334
5431,0.0038912038
5432,0.033311114
5433,0.049559124
5434,0.030869516
5435,0.004052282
5436,0.0020777816
5437,0.030041128
5438,0.064156465
5439,0.07024454
5440,0.043700833
5441,0.010728904
5442,0.00050430006
5443,0.019185837
5444,0.0035280597
5445,0.03170917
5446,0.06225926
5447,0.06539557
5448,0.039240837
5449,0.008944133
5450,0.0010880148
5451,0.0023408332
5452,0.026502317
5453,0.056709513
5454,0.06664654
5455,0.049072597
5456,5.8800008e-05
5457,0.00034228148
5458,0.002190226
5459,0.0062785344
5460,0.012648534
5461,0.019304035
5462,0.022413334
5463,0.018917039
5464,0.010022315
5465,3.778148e-05
5466,0.0022997928
5467,0.00821156
5468,0.016520534
5469,0.023725783
5470,0.0009976333
5471,0.0007701334
5472,0.0073008006
5473,0.011046404
5474,3.703704e-05
5475,0.00046151484
5476,0.0045880335
5477,0.0011656334
5478,0.0015696336
5479,0.01667735
5480,0.030188981
5481,0.024748985
5482,3.5592593e-06
5483,0.002953515
5484,0.0011781335
5485,0.0141991265
5486,0.032868303
5487,0.0016925039
5488,0.00092592597
5489,0.0065416335
5490,0.00020107038
5491,5.633333e-06
5492,0.0012675
5493,0.007145634
5494,0.01658317
5495,0.02217707
5496,0.017812034
5497,0.006700093
5498,0.00030933708
5499,0.0075842994
5500,0.021618728
5501,0.0339809
5502,0.036192138
5503,0.00058373704
5504,0.0021561817
5505,0.002478237
5506,0.0006045037
5507,0.0006912
5508,0.007992448
5509,0.021333337
5510,0.0016675593
5511,0.012703349
5512,0.022014238
5513,0.017504727
5514,1.1203704e-05
5515,0.002927115
5516,0.0118803
5517,0.023557352
5518,0.0014053927
5519,0.010316893
5520,0.018040182
5521,0.01444676
5522,0.0036889038
5523,0.0007566815
5524,0.00192
5525,0.02309263
5526,0.049613334
5527,0.05584329
5528,0.03614584
5529,0.009576534
5530,0.0008568927
5531,0.0020281484
5532,0.023613425
5533,0.051612183
5534,0.06192564
5535,0.046807505
5536,7.4681484e-05
5537,6.850371e-05
5538,0.0014375147
5539,0.0054765036
5540,0.0009296334
5541,0.010868033
5542,0.0018987261
5543,0.016458016
5544,0.028685516
5545,0.022944896
5546,7.5e-06
5547,0.0031008334
5548,0.012512015
5549,0.0015987
5550,0.0017684482
5551,0.0183027
5552,0.0018304038
5553,0.010095559
5554,0.0106032
5555,0.0025947
5556,0.0012761814
5557,0.0020008332
5558,0.0027011705
5559,0.026820298
5560,0.0025330705
5561,0.013838849
5562,0.0150677385
5563,0.0044733374
5564,0.00075333705
5565,0.0160083
5566,0.03912037
5567,0.047920033
5568,0.033756893
5569,0.010403615
5570,0.0006627
5571,0.0017582261
5572,0.002588504
5573,0.028954137
5574,0.05973428
5575,0.064681634
5576,0.03999184
5577,2.6759259e-05
5578,0.0039675003
5579,0.012937633
5580,0.022889616
5581,0.028830001
5582,0.027300837
5583,0.0003745333
5584,0.0013467001
5585,0.0015217816
5586,0.00026205927
5587,0.00092222594
5588,0.007905634
5589,0.0015456147
5590,0.015625617
5591,0.0020226706
5592,0.0014513928
5593,0.010553126
5594,0.012120301
5595,0.0035643002
5596,0.0007939593
5597,0.014918702
5598,0.036308005
5599,0.044776037
5600,0.0006256333
5601,5.9737034e-05
5602,2.3703704e-07
5603,0.00012403334
5604,0.0005404593
5605,0.0011991148
5606,0.015112595
5607,0.032144133
5608,0.033600535
5609,0.017504727
5610,0.0016428002
5611,0.0014099594
5612,0.002644537
5613,0.029767502
5614,0.06126107
5615,0.066082135
5616,0.040676285
5617,0.00976806
5618,0.00056333333
5619,0.018700033
5620,0.046728536
5621,0.061774287
5622,0.053763337
5623,0.030358406
5624,0.008178503
5625,4.281482e-06
5626,0.0075842994
5627,0.0018881336
5628,0.0192027
5629,0.04238774
5630,0.052445073
5631,0.041366532
5632,0.01853396
5633,0.0018670369
5634,0.0010800001
5635,0.015701784
5636,0.0026257925
5637,0.024424534
5638,0.049912006
5639,0.054698702
5640,0.034589395
5641,1.6625927e-05
5642,0.0032656335
5643,0.0009976333
5644,0.0015028483
5645,0.018567115
5646,0.0028033333
5647,0.022577632
5648,0.03792593
5649,0.0006409481
5650,0.0007769037
5651,5.0703707e-06
5652,0.00058080006
5653,0.009672059
5654,0.0018775705
5655,0.0018460593
5656,0.016411204
5657,0.024576949
5658,0.00014667037
5659,0.00016645927
5660,0.0005376334
5661,0.008783704
5662,0.023148151
5663,0.031191127
5664,0.02446259
5665,0.008909633
5666,2.4903706e-05
5667,0.008167501
5668,0.002496448
5669,0.0029733926
5670,0.03125565
5671,0.0035497816
5672,0.023520002
5673,0.032890372
5674,0.01878335
5675,0.00028009262
5676,0.00999796
5677,0.028644297
5678,0.041863125
5679,0.038282316
5680,0.020680629
5681,0.0036741337
5682,0.0008251259
5683,0.001753126
5684,0.020891206
5685,0.046649635
5686,0.057290707
5687,0.044493176
5688,9.12926e-05
5689,0.000121337056
5690,0.00018750002
5691,0.0034848147
5692,0.011721633
5693,0.02205037
5694,0.027968537
5695,0.024386503
5696,0.0130347265
5697,0.0022475594
5698,0.0010208334
5699,0.01181406
5700,0.0020501334
5701,0.020107038
5702,0.042638704
5703,0.048374064
5704,0.031861074
5705,0.008715393
5706,0.00019084814
5707,0.0020944595
5708,0.025133427
5709,0.003666759
5710,0.030698674
5711,0.056131296
5712,0.0015408334
5713,0.00038163335
5714,0.0014934259
5715,9.633333e-06
5716,0.0017786999
5717,0.0009185334
5718,0.0014237036
5719,0.0017992925
5720,0.001753126
5721,0.0012848927
5722,0.00063480006
5723,0.0022360333
5724,2.2533332e-05
5725,0.00044595927
5726,0.0074681477
5727,0.018352134
5728,0.021475794
5729,0.012512015
5730,0.0015028483
5731,0.002887737
5732,0.020003615
5733,0.0026696336
5734,0.023111125
5735,0.043828152
5736,0.042162508
5737,0.020055294
5738,0.0013781481
5739,0.006317171
5740,0.031861074
5741,0.0562467
5742,0.05973428
5743,0.04072539
5744,0.014829634
5745,0.00032669998
5746,0.0075737042
5747,0.0014746704
5748,0.0153228
5749,0.035248984
5750,0.045629997
5751,0.03785485
5752,0.00013090372
5753,5.9259264e-06
5754,0.0001226815
5755,0.0027904592
5756,0.010218226
5757,0.02034939
5758,0.0012892594
5759,0.0010680334
5760,0.009840371
5761,0.0006848149
5762,0.0022649036
5763,0.0006976148
5764,0.00038163335
5765,0.008090682
5766,0.022322314
5767,0.030784033
5768,0.024596034
5769,0.009199171
5770,4.8133337e-05
5771,0.007862403
5772,0.002496448
5773,0.0029866816
5774,0.031363335
5775,0.0035643002
5776,0.023557352
5777,0.032956626
5778,0.018816726
5779,0.0014746704
5780,0.00658107
5781,0.0339809
5782,0.0033285336
5783,0.0025576334
5784,0.0023232002
5785,0.017344061
5786,0.00076339254
5787,0.0013962816
5788,9.25926e-06
5789,0.0033708
5790,0.014286281
5791,0.024310533
5792,0.022834403
5793,0.010528133
5794,0.00046151484
5795,0.0052271998
5796,0.024196802
5797,0.043522906
5798,0.048293784
5799,0.00076339254
5800,0.002644537
5801,0.0029667593
5802,5.0703707e-06
5803,0.0013646259
5804,0.0071147997
5805,0.016929792
5806,0.025133427
5807,0.024844816
5808,0.015172504
5809,0.003557037
5810,0.0005152926
5811,0.009636182
5812,0.001957515
5813,0.019763332
5814,0.0027904592
5815,0.0024060593
5816,0.0022188004
5817,0.0016280335
5818,0.0097440155
5819,0.0001648926
5820,5.422593e-05
5821,0.0026696336
5822,0.00096711493
5823,0.010181348
5824,0.0011122372
5825,0.0062016146
5826,0.006087126
5827,0.0009408001
5828,0.002144893
5829,0.0017992925
5830,0.02008978
5831,0.04050463
5832,0.04050463
5833,0.0001393926
5834,0.00016961481
5835,0.0027648
5836,0.0009148482
5837,0.0115248
5838,0.027866848
5839,0.0015552
5840,0.009152534
5841,0.012362699
5842,2.6759259e-05
5843,0.00017120372
5844,0.004312004
5845,0.0012936335
5846,0.014242671
5847,0.029893637
5848,0.031169636
5849,0.016209127
5850,0.0014653371
5851,0.0013556482
5852,0.020038063
5853,0.046439562
5854,0.0025514816
5855,0.016645927
5856,0.027220452
5857,0.0004306704
5858,0.00039361484
5859,0.00011084815
5860,0.0036815153
5861,0.013356299
5862,0.02412113
5863,0.0010600927
5864,0.0059925327
5865,0.00032669998
5866,0.0007600333
5867,8.892593e-06
5868,0.0023232002
5869,0.011550948
5870,0.023426762
5871,0.027968537
5872,0.02008978
5873,0.006365634
5874,0.0004382815
5875,0.0012805335
5876,0.016364459
5877,0.038425334
5878,0.049559124
5879,0.040627204
5880,0.019168982
5881,0.0023114816
5882,0.0010092
5883,0.015097633
5884,0.035845637
5885,0.04810673
5886,0.0013736334
5887,0.007851616
5888,0.013300093
5889,0.0002187
5890,3.3333336e-08
5891,0.00056044816
5892,0.0005489815
5893,0.008545782
5894,0.0017075593
5895,0.01533787
5896,0.027060032
5897,0.00049342593
5898,0.00058373704
5899,2.8681483e-05
5900,0.0033496334
5901,0.0133281825
5902,0.024768136
5903,0.02800926
5904,0.00035363334
5905,0.00058080006
5906,1.2033334e-05
5907,0.0012288002
5908,0.0064925044
5909,0.015870001
5910,0.02412113
5911,0.0008568927
5912,0.004596282
5913,0.00024083335
5914,1.5170371e-05
5915,5.694815e-05
5916,0.0023941335
5917,0.0100833345
5918,0.020158846
5919,0.024405517
5920,0.017942227
5921,5.333334e-07
5922,0.0011449482
5923,0.00059259264
5924,0.008433634
5925,0.022852799
5926,0.0338688
5927,0.032100506
5928,0.0183027
5929,3.557037e-05
5930,0.002887737
5931,0.0008820149
5932,0.010842672
5933,0.02732095
5934,0.03818712
5935,0.001024726
5936,0.0004306704
5937,0.002907393
5938,0.002588504
5939,9.363332e-05
5940,0.0031827001
5941,0.015625617
5942,0.02985156
5943,0.0013024037
5944,0.0071868487
5945,0.009528949
5946,1.2033334e-05
5947,0.0007701334
5948,0.0056489813
5949,0.0012202814
5950,0.0015889816
5951,0.016819116
5952,0.0017075593
5953,0.009469633
5954,0.0098766275
5955,0.0023056336
5956,0.0013872002
5957,0.0019737037
5958,0.022267794
5959,0.0444675
5960,0.044006698
5961,0.021618728
5962,0.0017429481
5963,0.0059080343
5964,0.031752534
5965,0.0033920333
5966,0.02716024
5967,0.0029139596
5968,0.00192
5969,0.013953634
5970,0.0005720334
5971,0.0008321334
5972,4.5633336e-05
5973,0.004352059
5974,0.015292681
5975,0.024291558
5976,0.021852003
5977,3.557037e-05
5978,0.0004306704
5979,0.0035425334
5980,0.00092592597
5981,0.011381515
5982,0.001979115
5983,0.017040834
5984,0.02959974
5985,0.023632137
5986,0.0065909484
5987,0.0005404593
5988,0.016708802
5989,0.0032033334
5990,0.028479736
5991,0.053088136
5992,0.04999362
5993,0.023222284
5994,0.0015123001
5995,0.0072800154
5996,0.03556963
5997,0.061321348
5998,0.063541345
5999,0.042062595
6000,0.014564034
6001,0.00038163335
6002,0.008300033
6003,0.020856032
6004,0.0016182258
6005,0.014505339
6006,0.03192628
6007,0.0015792927
6008,0.008921127
6009,0.011906848
6010,0.0056948145
6011,0.00029872594
6012,0.008189516
6013,0.0019360333
6014,0.019168982
6015,0.03806828
6016,0.0012330705
6017,0.0045059593
6018,0.0035208336
6019,0.00014373705
6020,0.003557037
6021,0.001727737
6022,0.0022302817
6023,0.022595925
6024,0.0397488
6025,0.03201333
6026,0.009481482
6027,0.0009520334
6028,0.0024000928
6029,0.027765349
6030,0.0037333926
6031,0.003033426
6032,0.025813332
6033,0.038353797
6034,0.00027401483
6035,4.4814817e-05
6036,0.00049613335
6037,0.008489615
6038,0.001727737
6039,0.015519292
6040,0.0273612
6041,0.02205037
6042,0.0061824587
6043,0.0005292
6044,0.0022765037
6045,0.0032656335
6046,0.0039675003
6047,0.037642013
6048,0.06357204
6049,0.0010960593
6050,0.0016526815
6051,0.00011472593
6052,0.002195926
6053,0.0013244592
6054,0.01533787
6055,0.032144133
6056,0.03333334
6057,0.017232034
6058,0.0015600036
6059,0.004604537
6060,0.0027328925
6061,0.02880934
6062,0.058874696
6063,0.063480005
6064,0.039168537
6065,0.009457794
6066,0.0005404593
6067,0.002545337
6068,0.0034992
6069,0.03731214
6070,0.074069574
6071,0.0027075
6072,0.0011823149
6073,0.00078370364
6074,0.0041693375
6075,0.0025330705
6076,4.32e-05
6077,0.006810134
6078,0.022032302
6079,0.03236273
6080,0.026960015
6081,0.010691115
6082,0.00015262594
6083,0.0015265334
6084,0.020610668
6085,0.0032517372
6086,0.0031416332
6087,0.0033637371
6088,0.02899557
6089,0.04321873
6090,0.00032669998
6091,1.9737035e-05
6092,0.002682226
6093,0.011459561
6094,0.0014421332
6095,0.012376238
6096,0.022014238
6097,0.0004033333
6098,0.00043319998
6099,7.4681484e-05
6100,0.0036226707
6101,0.013525635
6102,0.024596034
6103,0.027542701
6104,0.018716682
6105,0.005404682
6106,0.000116033334
6107,0.00951707
6108,0.028213337
6109,0.042991295
6110,0.0015408334
6111,0.0009785037
6112,0.008921127
6113,0.013398534
6114,0.007290404
6115,0.00024462593
6116,0.007648034
6117,0.0018775705
6118,0.018816726
6119,0.037524033
6120,0.037476897
6121,0.018616905
6122,0.0014840333
6123,0.0015696336
6124,0.022413334
6125,0.050840836
6126,0.002675926
6127,0.017088534
6128,0.027765349
6129,0.021173634
6130,0.0053600334
6131,0.000828626
6132,0.0023232002
6133,0.027080063
6134,0.056709513
6135,0.0023290704
6136,0.011853782
6137,0.015383126
6138,3.4133336e-05
6139,0.00017925927
6140,0.0044327257
6141,0.014918702
6142,0.025754703
6143,0.027826227
6144,0.0183027
6145,0.004983704
6146,0.00019592591
6147,0.010010133
6148,0.028603116
6149,0.0022649036
6150,0.0020446258
6151,0.020540833
6152,0.0020062816
6153,0.011008061
6154,0.011695293
6155,0.003026726
6156,0.0007701334
6157,0.0019040334
6158,0.022086535
6159,0.044339262
6160,0.044006698
6161,0.0217083
6162,0.0017735704
6163,0.005842726
6164,0.03166584
6165,0.05699974
6166,0.061080445
6167,0.041888036
6168,2.3114815e-05
6169,0.0001226815
6170,0.0020722374
6171,0.006910948
6172,0.0009937927
6173,0.011174701
6174,0.0019146705
6175,0.016551837
6176,0.02880934
6177,0.023037173
6178,0.0064142817
6179,0.0005461334
6180,0.0023349482
6181,0.0033285336
6182,0.034770727
6183,0.06552014
6184,0.061411794
6185,0.028397633
6186,0.001925337
6187,0.008167501
6188,0.04004053
6189,0.06803628
6190,0.06902404
6191,0.00075333705
6192,0.0018617813
6193,4.7292593e-05
6194,3.0000004e-07
6195,0.00081120007
6196,0.000647126
6197,0.00951707
6198,0.024348505
6199,0.032209635
6200,0.024844816
6201,0.00881796
6202,0.00042563336
6203,0.009636182
6204,0.025970018
6205,0.0020446258
6206,0.016756035
6207,0.032670002
6208,0.032516185
6209,0.016085392
6210,0.0011949037
6211,0.0051308484
6212,0.0027265332
6213,0.0033637371
6214,0.03481614
6215,0.0038684597
6216,0.025346134
6217,0.035386227
6218,0.020297341
6219,0.0002841815
6220,0.010230534
6221,0.029224005
6222,0.042513132
6223,0.0011739593
6224,0.005404682
6225,0.0067500006
6226,1.4814816e-06
6227,0.0010014815
6228,0.0007203
6229,0.010218226
6230,0.0018934261
6231,0.0165675
6232,0.028912727
6233,0.023148151
6234,0.0064729033
6235,0.0005348148
6236,0.016504895
6237,0.042739294
6238,0.056709513
6239,0.046807505
6240,0.00014373705
6241,2.3703706e-05
6242,0.00089289254
6243,0.0041850703
6244,0.0008676149
6245,0.0106032
6246,0.025930801
6247,0.03335556
6248,0.025094848
6249,0.008579572
6250,0.00045630004
6251,0.010010133
6252,0.026700838
6253,0.039458133
6254,0.039482314
6255,0.0005236149
6256,0.0016925039
6257,0.0018408335
6258,0.00034003335
6259,0.00032231485
6260,0.00096711493
6261,0.013469071
6262,0.032144133
6263,0.039821632
6264,0.0005778704
6265,0.001136726
6266,0.0003311148
6267,0.00022963336
6268,0.0054945336
6269,0.0014840333
6270,0.0018723003
6271,0.019388681
6272,0.034566764
6273,0.028090801
6274,0.008277871
6275,0.0003792593
6276,0.0025269485
6277,0.029704534
6278,0.061592907
6279,0.06664654
6280,0.04111935
6281,0.0099372
6282,0.0005489815
6283,0.018733338
6284,0.04693926
6285,0.06207717
6286,0.053989355
6287,0.030464534
6288,3.5592593e-06
6289,0.00023520003
6290,0.0032309485
6291,0.009339793
6292,0.017056728
6293,0.023203734
6294,0.024158949
6295,0.018401636
6296,5.694815e-05
6297,1.2033334e-05
6298,0.00059259264
6299,0.0003792593
6300,0.0062785344
6301,0.0015265334
6302,0.015870001
6303,0.0020611703
6304,0.014534673
6305,0.02062815
6306,0.011329633
6307,0.00049613335
6308,0.0015552
6309,0.021888005
6310,0.048508007
6311,0.05552735
6312,0.036517035
6313,0.009973634
6314,0.00019592591
6315,0.015112595
6316,0.041341785
6317,0.05767006
6318,0.0016378704
6319,0.009024894
6320,0.0007939593
6321,0.0041772006
6322,7.680001e-05
6323,3.8533333e-05
6324,0.0022245373
6325,0.009756034
6326,0.0013200332
6327,0.011629572
6328,0.0011781335
6329,0.006463115
6330,0.0063559264
6331,0.0010208334
6332,0.0021000335
6333,0.016039116
6334,0.033667505
6335,0.039024137
6336,0.02660148
6337,0.0077334265
6338,0.0006015148
6339,0.01181406
6340,0.030210137
6341,0.042966057
6342,0.0014008334
6343,0.0084224595
6344,0.014344536
6345,0.011264949
6346,0.0026257925
6347,0.0009408001
6348,0.013653334
6349,0.033667505
6350,0.04521495
6351,0.038616452
6352,0.00015564814
6353,1.00148145e-05
6354,9.961482e-05
6355,0.0024540594
6356,0.009410503
6357,0.019354803
6358,0.026265074
6359,0.024291558
6360,0.013867501
6361,0.0028033333
6362,0.00070083333
6363,0.0014329037
6364,0.017714702
6365,0.040823705
6366,0.051805932
6367,0.04171384
6368,0.0192027
6369,0.0021280148
6370,0.0010600927
6371,0.015580004
6372,0.0026133335
6373,0.0028291706
6374,0.029809518
6375,0.0034204484
6376,0.02272418
6377,0.031817637
6378,0.018122016
6379,0.0013736334
6380,0.00658107
6381,0.033600535
6382,0.0032865335
6383,0.0025269485
6384,0.021672452
6385,0.032209635
6386,0.01933787
6387,0.0018356149
6388,0.0017582261
6389,0.025268683
6390,0.055069394
6391,0.0023703706
6392,0.012281634
6393,0.016023705
6394,3.8533333e-05
6395,0.0001744037
6396,0.0006595704
6397,0.010218226
6398,0.025970018
6399,0.0015360593
6400,0.0092225345
6401,0.012525634
6402,2.8681483e-05
6403,0.00061955926
6404,0.0006533334
6405,0.009720001
6406,0.024806459
6407,0.032692008
6408,0.025114138
6409,0.008863737
6410,9.25926e-06
6411,0.0015744594
6412,0.020645635
6413,0.0032378708
6414,0.02788717
6415,0.003046848
6416,0.0020117373
6417,0.014637571
6418,0.017408237
6419,0.0060776332
6420,0.00032669998
6421,0.014711292
6422,0.038904004
6423,0.049396683
6424,0.035776533
6425,0.01153787
6426,1.4814816e-06
6427,0.012053393
6428,0.037524033
6429,0.055757035
6430,0.05334083
6431,0.0005404593
6432,9.600371e-05
6433,0.0005376334
6434,9.4814817e-07
6435,0.0001617815
6436,0.004021348
6437,0.001245926
6438,0.0016775148
6439,0.017682316
6440,0.0017838371
6441,0.00088563334
6442,0.00037218147
6443,0.00096711493
6444,8.112593e-05
6445,0.0005778704
6446,0.0011614816
6447,0.0015504037
6448,0.014228148
6449,0.021457959
6450,0.012471205
6451,0.00023707037
6452,0.008344448
6453,0.024806459
6454,0.037571207
6455,0.035638534
6456,0.020158846
6457,0.004005926
6458,0.00090018153
6459,0.013982404
6460,0.033756893
6461,0.0022475594
6462,0.0019360333
6463,0.0195075
6464,0.00192
6465,0.010553126
6466,0.0003311148
6467,0.00021511482
6468,0.0005461334
6469,0.0063559264
6470,0.017184133
6471,0.0011991148
6472,0.0077334265
6473,0.010691115
6474,0.0051920596
6475,6.2259264e-06
6476,0.0013067999
6477,0.0022939595
6478,0.025520831
6479,0.050102536
6480,0.04874957
6481,0.02353867
6482,0.0018096336
6483,0.0064925044
6484,0.034025785
6485,0.0035280597
6486,0.027927836
6487,0.050978154
6488,0.0475212
6489,0.021798061
6490,0.0013112037
6491,0.0019306814
6492,0.026304536
6493,0.05793343
6494,0.0688323
6495,0.051033124
6496,6.3559266e-05
6497,0.00033779262
6498,0.002195926
6499,0.0063074995
6500,0.012703349
6501,0.019371737
6502,0.022449793
6503,0.018933782
6504,0.010010133
6505,0.0016775148
6506,0.00050430006
6507,0.008875201
6508,0.02365085
6509,0.035661515
6510,0.0013511705
6511,0.00867
6512,0.014948449
6513,0.0118405325
6514,0.0028356484
6515,0.00088563334
6516,0.0017941332
6517,0.021654533
6518,0.04699202
6519,0.0020833337
6520,0.0110592
6521,0.014505339
6522,0.0070533343
6523,4.8133337e-05
6524,0.0074681477
6525,0.028090801
6526,0.002478237
6527,0.01831917
6528,0.030656032
6529,0.00050978153
6530,0.0005432926
6531,4.7292593e-05
6532,0.0035425334
6533,0.0012675
6534,0.014242671
6535,0.0019360333
6536,0.013838849
6537,0.019694949
6538,8.557037e-05
6539,0.00012813334
6540,0.0037333926
6541,0.0012117926
6542,0.013624905
6543,0.0018723003
6544,0.013440834
6545,0.019152133
6546,0.010453334
6547,0.00040578152
6548,0.0015170372
6549,0.021333337
6550,0.04744163
6551,0.0021505335
6552,0.0010800001
6553,0.0075842994
6554,0.008255738
6555,0.0018723003
6556,0.0014145334
6557,0.015202505
6558,0.034205634
6559,0.040922135
6560,0.028582536
6561,0.00867
6562,4.645926e-05
6563,0.011446534
6564,0.0342732
6565,0.05086828
6566,0.049207505
6567,0.031449612
6568,5.9259264e-06
6569,0.0006752926
6570,0.0029008337
6571,0.0005547001
6572,0.0073737823
6573,0.020418903
6574,0.031105202
6575,0.030358406
6576,0.00023894814
6577,1.6333332e-06
6578,3.557037e-05
6579,0.00025423706
6580,0.0051832926
6581,0.016442405
6582,0.0015648151
6583,0.012593838
6584,0.02206845
6585,0.017714702
6586,0.0047292598
6587,0.0006533334
6588,0.015127559
6589,0.0028681483
6590,0.025872033
6591,0.048857123
6592,0.0465708
6593,0.02194206
6594,0.00034228148
6595,0.010304533
6596,0.028172458
6597,0.0021788483
6598,0.0175692
6599,0.033936035
6600,0.033533636
6601,0.0164268
6602,0.0011907001
6603,0.0053155697
6604,0.027765349
6605,0.050457336
6606,0.0021280148
6607,0.013090371
6608,0.001132626
6609,0.0059925327
6610,0.005731615
6611,0.0008042815
6612,0.00076339254
6613,0.013020833
6614,0.002317337
6615,0.019609634
6616,0.033600535
6617,0.026581636
6618,7.5e-06
6619,0.003342593
6620,0.0012502259
6621,0.0147852
6622,0.03391362
6623,0.0017176333
6624,0.009696014
6625,0.012951483
6626,0.0062881815
6627,2.6759259e-05
6628,0.007290404
6629,0.027120132
6630,0.043751743
6631,0.0013962816
6632,0.006730016
6633,0.008545782
6634,0.0036446815
6635,0.00031363333
6636,0.0079489825
6637,0.0018775705
6638,0.018716682
6639,0.03731214
6640,0.037288625
6641,0.018517394
6642,0.0014793482
6643,0.0053511267
6644,0.028954137
6645,0.0031758372
6646,0.0028616334
6647,0.02762356
6648,0.04754774
6649,0.037807498
6650,0.0112004485
6651,0.0010561333
6652,0.0026195594
6653,0.02987259
6654,0.061562702
6655,0.06642676
6656,0.040872905
6657,0.009828299
6658,0.0005662259
6659,0.018766671
6660,0.046886533
6661,0.06192564
6662,0.053848036
6663,0.030379618
6664,3.5592593e-06
6665,0.0014560336
6666,0.0047208923
6667,0.0006378704
6668,0.007797782
6669,0.021085173
6670,0.031644184
6671,0.030528301
6672,0.017795796
6673,0.003793126
6674,0.0006317371
6675,0.0014840333
6676,0.0022707
6677,0.02600926
6678,0.054613337
6679,0.060151484
6680,0.037997074
6681,0.009612301
6682,0.0003888
6683,0.016913962
6684,0.043853637
6685,0.05937784
6686,0.052836042
6687,0.030656032
6688,8.333334e-07
6689,0.0012545333
6690,0.0042721336
6691,0.00061955926
6692,0.007701348
6693,0.020944018
6694,0.03153602
6695,0.0010092
6696,0.0050613377
6697,0.006502315
6698,0.0026257925
6699,0.00011342594
6700,0.0075737042
6701,0.02393246
6702,0.037288625
6703,0.036053333
6704,0.020785782
6705,0.0043200003
6706,0.0007939593
6707,0.013767349
6708,0.03380163
6709,0.04646579
6710,0.04324403
6711,0.027040016
6712,0.008944133
6713,0.00013795926
6714,0.004864133
6715,0.0017025335
6716,0.018286237
6717,0.04104534
6718,0.0022765037
6719,0.015112595
6720,0.024998534
6721,0.019304035
6722,0.0049152006
6723,0.00079739257
6724,0.0022130706
6725,0.025989635
6726,0.054812633
6727,0.0022823147
6728,0.01170846
6729,0.00061955926
6730,0.0017684482
6731,0.00037218147
6732,0.0012416334
6733,0.010181348
6734,0.023557352
6735,0.029914683
6736,0.022468036
6737,0.007669338
6738,0.00042312598
6739,0.0012980149
6740,0.016551837
6741,0.038760092
6742,0.04988482
6743,0.040799115
6744,0.019185837
6745,0.0022881336
6746,0.0025392002
6747,0.018633515
6748,0.002496448
6749,0.022669174
6750,0.046597067
6751,0.001957515
6752,0.010242849
6753,0.013370372
6754,0.006385071
6755,2.1392592e-05
6756,0.0014282999
6757,0.019558534
6758,0.04387913
6759,0.0020446258
6760,0.011046404
6761,0.0006015148
6762,9.72e-05
6763,1.6133334e-05
6764,0.0010680334
6765,0.0072696335
6766,0.017440371
6767,0.02350134
6768,0.01888357
6769,0.007104538
6770,2.3114815e-05
6771,0.00685037
6772,0.024998534
6773,0.04171384
6774,0.044621635
6775,0.031752534
6776,0.012662225
6777,0.0007701334
6778,0.0009823148
6779,0.013896183
6780,0.0023941335
6781,0.0026633483
6782,0.003314504
6783,0.032035116
6784,0.05475565
6785,0.04332
6786,0.012951483
6787,0.00029662595
6788,0.003196448
6789,0.036586847
6790,0.07367259
6791,0.07728379
6792,0.045890372
6793,0.010230534
6794,0.0009111704
6795,0.0029469037
6796,0.032692008
6797,0.067782536
6798,0.003033426
6799,0.018056534
6800,0.028706132
6801,0.021565072
6802,0.0053244485
6803,0.0008965335
6804,0.016240135
6805,0.03994317
6806,0.0024120333
6807,0.016255649
6808,0.026860185
6809,0.020715648
6810,1.4700002e-05
6811,0.0005778704
6812,0.0012502259
6813,0.016255649
6814,0.037265126
6815,0.044544533
6816,0.030912302
6817,0.009269348
6818,5.422593e-05
6819,0.012160533
6820,0.03593787
6821,0.05272419
6822,0.050375354
6823,0.0316875
6824,0.0103788
6825,0.00014520001
6826,0.0056306995
6827,0.02110285
6828,0.035615563
6829,0.0016675593
6830,0.012457616
6831,0.024844816
6832,0.025540285
6833,0.013062534
6834,0.00018750002
6835,0.006610726
6836,0.0016625925
6837,0.017763335
6838,0.038952034
6839,0.045396302
6840,0.030741341
6841,0.008840834
6842,0.000107037034
6843,0.012758281
6844,0.036586847
6845,0.052892003
6846,0.05004806
6847,0.00050430006
6848,0.0012502259
6849,0.0011991148
6850,2.195926e-05
6851,0.0016428002
6852,0.0077120336
6853,0.017553072
6854,0.025384903
6855,0.024653334
6856,0.00020453705
6857,0.0001617815
6858,3.0670373e-05
6859,0.00030720004
6860,0.005889338
6861,0.017958535
6862,0.02899557
6863,0.0010482371
6864,0.0005208334
6865,0.0036080335
6866,0.0034133336
6867,0.00025813334
6868,0.0027840333
6869,0.015519292
6870,0.030613428
6871,0.034793425
6872,0.000420626
6873,0.0006533334
6874,7.7870376e-05
6875,0.0002600926
6876,0.0056672934
6877,0.017666133
6878,0.028830001
6879,0.029662596
6880,0.018517394
6881,0.0045551155
6882,0.00036750003
6883,0.011097634
6884,0.029935736
6885,0.0022475594
6886,0.0020008332
6887,0.020141572
6888,0.035638534
6889,0.028830001
6890,0.0084672
6891,0.0003888
6892,0.01753695
6893,0.0034704595
6894,0.030613428
6895,0.05659363
6896,0.052836042
6897,0.024291558
6898,0.0003984593
6899,0.011511738
6900,0.03072
6901,0.044364892
6902,0.042991295
6903,0.02800926
6904,0.009888726
6905,0.00028009262
6906,0.0043842373
6907,0.018401636
6908,0.03291245
6909,0.0016875002
6910,0.0014513928
6911,0.0152625935
6912,0.0015648151
6913,0.0007803
6914,0.004005926
6915,0.0023526258
6916,0.00026205927
6917,0.0070533343
6918,0.020488536
6919,0.029182406
6920,0.02397013
6921,0.009316281
6922,8.898148e-05
6923,0.0014467594
6924,0.019575559
6925,0.0031348146
6926,0.027260626
6927,0.050813396
6928,0.047973342
6929,0.022340506
6930,0.0014513928
6931,0.0070840325
6932,0.034702674
6933,0.0034776332
6934,0.02740148
6935,0.0029139596
6936,0.019270224
6937,0.026940035
6938,0.015052802
6939,0.0009296334
6940,0.006670237
6941,0.0030872927
6942,0.030337198
6943,0.05726158
6944,0.05410254
6945,0.02524934
6946,0.0003888
6947,0.011459561
6948,0.030677352
6949,0.044339262
6950,0.043016538
6951,0.0005015704
6952,0.0014560336
6953,0.0015075706
6954,0.00021690372
6955,0.0010482371
6956,0.0009785037
6957,0.0130347265
6958,0.031062286
6959,0.038616452
6960,0.027968537
6961,3.0000004e-07
6962,0.00030294814
6963,0.0052008326
6964,0.015580004
6965,0.0015792927
6966,0.0016675593
6967,0.0020008332
6968,0.017909633
6969,0.026880134
6970,0.015962133
6971,0.00023520003
6972,0.008806533
6973,0.0021000335
6974,0.020558283
6975,0.002478237
6976,0.01700907
6977,0.02397013
6978,0.0133281825
6979,0.00072684826
6980,0.006600833
6981,0.030805392
6982,0.052250136
6983,0.051336035
6984,0.00035134816
6985,0.00017763334
6986,6.551482e-05
6987,0.0021561817
6988,0.008806533
6989,0.01875
6990,0.025989635
6991,0.02444356
6992,0.00018253335
6993,0.000107037034
6994,7.053334e-05
6995,0.0019845334
6996,0.0008216334
6997,0.010855348
6998,0.026700838
6999,0.034318287
7000,0.025754703
7001,0.008772301
7002,5.333334e-07
7003,0.0016329484
7004,0.0026257925
7005,0.003513615
7006,0.036377616
7007,0.06813156
7008,0.06351068
7009,0.029182406
7010,0.0019413929
7011,0.008456005
7012,0.0039368924
7013,0.03849695
7014,0.07503334
7015,0.07724996
7016,0.044982318
7017,0.009612301
7018,0.0010960593
7019,0.0029601331
7020,0.0038760337
7021,0.0047376333
7022,0.005342226
7023,0.0053957365
7024,0.04526673
7025,0.06715024
7026,0.042588446
7027,0.0065317936
7028,0.0051920596
7029,0.04161446
7030,0.07745307
7031,0.07745307
7032,0.00050978153
7033,0.00023894814
7034,6.25926e-05
7035,0.0022881336
7036,0.0009038371
7037,0.0014840333
7038,0.0021561817
7039,0.02205037
7040,0.038904004
7041,0.00071703707
7042,3e-05
7043,8.670001e-05
7044,0.0024120333
7045,0.009864533
7046,0.019643737
7047,0.023838406
7048,0.01760148
7049,6.259259e-07
7050,0.0011122372
7051,0.0055216337
7052,0.001024726
7053,0.01181406
7054,0.028070405
7055,0.0352947
7056,0.025970018
7057,9.4814817e-07
7058,0.00027603333
7059,0.004864133
7060,0.014874134
7061,0.025774239
7062,0.030422058
7063,0.0006595704
7064,0.0002600926
7065,0.0017176333
7066,0.0012892594
7067,8.181482e-06
7068,0.004021348
7069,0.015778134
7070,0.0017025335
7071,0.013867501
7072,0.024158949
7073,0.019320948
7074,0.0052184043
7075,0.0006286815
7076,0.015610405
7077,0.039967503
7078,0.053256538
7079,0.0011865038
7080,0.004838701
7081,0.005805571
7082,5.925926e-08
7083,0.0011244481
7084,0.0065909484
7085,0.016411204
7086,0.024960058
7087,0.025094848
7088,0.00023333704
7089,0.00023148149
7090,6.2259264e-06
7091,0.0015696336
7092,0.0008216334
7093,0.011020834
7094,0.027120132
7095,0.0015456147
7096,0.009164182
7097,0.012403334
7098,2.7392594e-05
7099,0.0006286815
7100,0.005253634
7101,0.014829634
7102,0.024140034
7103,0.025423706
7104,0.016458016
7105,5.9259264e-06
7106,0.00030720004
7107,0.0051657814
7108,0.015473839
7109,0.0015696336
7110,0.014300834
7111,0.029057782
7112,0.0010092
7113,0.0038006261
7114,4.32e-05
7115,0.00014963334
7116,0.0029601331
7117,0.010995292
7118,0.020820895
7119,0.024405517
7120,0.00035134816
7121,0.0006658371
7122,0.00011084815
7123,0.0008077371
7124,0.006660301
7125,0.017633792
7126,0.027100096
7127,0.0009370704
7128,0.0049152006
7129,0.00025423706
7130,0.00050978153
7131,7.837038e-06
7132,0.0027904592
7133,0.0011865038
7134,0.0016725332
7135,0.0020391261
7136,0.018236892
7137,0.0012761814
7138,0.0047964593
7139,1.08e-05
7140,0.0008251259
7141,0.0062016146
7142,0.01574757
7143,0.022086535
7144,0.018368628
7145,0.00725926
7146,5.7870373e-05
7147,0.0062881815
7148,0.024064451
7149,0.0023822372
7150,0.019934816
7151,0.0023114816
7152,0.0015889816
7153,0.011564034
7154,0.0134126255
7155,0.0041536335
7156,0.0006533334
7157,0.0148592945
7158,0.036983706
7159,0.0019683002
7160,0.0010720148
7161,0.00072684826
7162,0.0038231702
7163,0.0022130706
7164,0.00026601483
7165,0.0070635593
7166,0.020471115
7167,0.029140834
7168,0.02393246
7169,0.009304538
7170,0.00035134816
7171,0.00867
7172,0.024064451
7173,0.036726672
7174,0.037973348
7175,0.026760532
7176,3.272593e-05
7177,0.00019084814
7178,0.0014700001
7179,0.004940833
7180,0.01118757
7181,0.018484281
7182,0.022632534
7183,0.00059259264
7184,0.002927115
7185,0.00014228148
7186,0.00018418148
7187,0.00017120372
7188,0.0037333926
7189,0.0011781335
7190,0.013258016
7191,0.028233781
7192,0.029767502
7193,0.01565606
7194,0.0014606816
7195,0.0042166263
7196,0.0248832
7197,0.04733565
7198,0.053565968
7199,0.0008533334
7200,0.00023894814
7201,0.0001337037
7202,0.00037689265
7203,1.6625927e-05
7204,0.000490726
7205,0.008523293
7206,0.022742536
7207,0.0014513928
7208,0.008944133
7209,0.00051805936
7210,0.0014700001
7211,0.00023520003
7212,0.0014560336
7213,0.010453334
7214,0.023445394
7215,0.029369839
7216,0.021870002
7217,1.337037e-06
7218,0.0012202814
7219,0.0059173927
7220,0.0139968
7221,0.0012805335
7222,0.0014099594
7223,0.015082683
7224,0.0015600036
7225,0.008658671
7226,0.008932626
7227,0.0019413929
7228,0.0015456147
7229,0.015977517
7230,0.0024120333
7231,0.019780448
7232,0.033667505
7233,0.026522135
7234,0.0073737823
7235,0.00055183703
7236,0.017730903
7237,0.045578018
7238,0.059793796
7239,0.048642132
7240,0.0001337037
7241,3.3425924e-05
7242,0.0009633334
7243,0.00045370375
7244,0.0009482815
7245,0.0016875002
7246,0.019780448
7247,0.040260036
7248,0.04050463
7249,0.02026267
7250,0.0017176333
7251,0.0054225926
7252,0.029998949
7253,0.05467024
7254,0.059318535
7255,0.0412923
7256,0.015504135
7257,0.0006752926
7258,0.0012718369
7259,0.0021224038
7260,0.024196802
7261,0.05252873
7262,0.0026320333
7263,0.0165675
7264,0.026900092
7265,0.000420626
7266,0.00036750003
7267,0.00012951484
7268,0.0039675003
7269,0.014011204
7270,0.0014981332
7271,0.0013781481
7272,0.0013467001
7273,0.010022315
7274,0.00037689265
7275,1.6333332e-06
7276,0.0006658371
7277,0.0006533334
7278,0.009152534
7279,0.021262279
7280,0.00090018153
7281,0.00029453338
7282,0.0011081814
7283,0.00014963334
7284,0.0015123001
7285,0.010169071
7286,0.022632534
7287,0.028418152
7288,0.021226801
7289,1.4814816e-06
7290,0.00023333704
7291,0.0043360153
7292,0.0011907001
7293,0.0017176333
7294,0.0023941335
7295,0.024140034
7296,0.04223752
7297,0.0007701334
7298,3.3425924e-05
7299,7.25926e-05
7300,0.0023232002
7301,0.00095579255
7302,0.01153787
7303,0.025326762
7304,0.02734107
7305,0.014740833
7306,0.0014606816
7307,0.0038382371
7308,0.02350134
7309,0.045500092
7310,0.052250136
7311,0.038760092
7312,0.016085392
7313,0.0011823149
7314,0.0011081814
7315,0.0155952005
7316,0.0025947
7317,0.024196802
7318,0.0031758372
7319,0.0026320333
7320,0.022632534
7321,0.033689838
7322,0.020314682
7323,0.0020117373
7324,0.005740834
7325,0.032890372
7326,0.0033991258
7327,0.024940833
7328,0.0021336332
7329,0.0010092
7330,0.0053957365
7331,0.0036741337
7332,3.5592593e-06
7333,0.001136726
7334,0.015549634
7335,0.03335556
7336,0.034929782
7337,0.018253334
7338,0.00020628147
7339,0.0075737042
7340,0.022340506
7341,0.03534045
7342,0.037571207
7343,0.027220452
7344,0.011329633
7345,0.0008391704
7346,0.002848626
7347,0.0016378704
7348,0.018467737
7349,0.04171384
7350,0.052250136
7351,0.04166413
7352,0.018917039
7353,0.00016645927
7354,0.0007939593
7355,0.0013067999
7356,0.0020391261
7357,0.002887737
7358,0.0035934262
7359,0.034453705
7360,0.058550283
7361,0.046177633
7362,0.013824534
7363,0.0002841815
7364,0.021960093
7365,0.05808
7366,0.075
7367,0.058904245
7368,0.025481962
7369,0.0022533333
7370,0.004546904
7371,0.026127174
7372,0.048000004
7373,0.054471202
7374,0.042840004
7375,0.022213338
7376,0.0052360045
7377,8.670001e-05
7378,0.0010640593
7379,0.0016526815
7380,0.019626683
7381,0.044262405
7382,0.0024060593
7383,0.015778134
7384,0.0013646259
7385,0.0006378704
7386,0.0031212
7387,2.5037036e-06
7388,0.0009899593
7389,0.0066404487
7390,0.016240135
7391,0.022304133
7392,0.018253334
7393,0.0070533343
7394,3.778148e-05
7395,0.0012502259
7396,0.002195926
7397,0.025423706
7398,0.053622313
7399,0.059318535
7400,0.037642013
7401,1.6625927e-05
7402,0.0034347004
7403,0.011695293
7404,0.0013511705
7405,0.013639115
7406,0.030912302
7407,0.037594803
7408,0.02678045
7409,0.008388981
7410,2.3114815e-05
7411,0.010565634
7412,0.0026570708
7413,0.026028892
7414,0.0033991258
7415,0.026127174
7416,0.043067034
7417,0.033222314
7418,0.009210848
7419,0.0005547001
7420,0.019952003
7421,0.050813396
7422,0.065551296
7423,0.052138906
7424,0.00011867038
7425,0.00010453333
7426,0.0013691259
7427,0.000490726
7428,0.007176533
7429,0.02026267
7430,0.0016725332
7431,0.012896133
7432,0.022376904
7433,0.017812034
7434,0.004712534
7435,0.0006816333
7436,0.015292681
7437,0.0028746703
7438,0.025911205
7439,0.04891095
7440,0.046623353
7441,0.02194206
7442,0.0014887259
7443,0.00679006
7444,0.0338688
7445,0.059111208
7446,0.061955925
7447,0.041589636
7448,0.014726061
7449,0.0003559259
7450,0.0010720148
7451,0.012965337
7452,0.030634727
7453,0.0020722374
7454,0.0018304038
7455,0.018633515
7456,0.033222314
7457,0.00061955926
7458,0.0008356483
7459,1.3333334e-07
7460,0.00056333333
7461,0.009528949
7462,0.024787292
7463,0.032956626
7464,0.025462536
7465,0.009071205
7466,1.4237037e-05
7467,0.008624727
7468,0.029704534
7469,0.04733565
7470,0.048374064
7471,0.032670002
7472,1.8670371e-05
7473,9.72e-05
7474,0.0017429481
7475,0.0061633335
7476,0.0009595593
7477,0.010995292
7478,0.0264627
7479,0.033712182
7480,0.025152726
7481,0.008489615
7482,3.7037038e-09
7483,0.0092459265
7484,0.030358406
7485,0.0025761332
7486,0.0022881336
7487,0.022650847
7488,0.039627563
7489,0.03183935
7490,0.009375116
7491,0.0009520334
7492,0.018072894
7493,0.0031552927
7494,0.027745074
7495,0.051750533
7496,0.048830226
7497,0.02272418
7498,0.0014793482
7499,0.007155926
7500,0.0033920333
7501,0.03395846
7502,0.0042008334
7503,0.031234136
7504,0.0026195594
7505,0.0012373483
7506,0.0068302373
7507,7.155926e-05
7508,0.0002523
7509,0.0040445374
7510,0.0010840038
7511,0.010842672
7512,0.02008978
7513,0.01669307
7514,0.0046791704
7515,0.0006848149
7516,0.0018044591
7517,0.021996183
7518,0.04768054
7519,0.05410254
7520,0.03534045
7521,8.533334e-06
7522,0.00049342593
7523,0.007332033
7524,0.019952003
7525,0.03127717
7526,0.033712182
7527,0.025114138
7528,0.010969782
7529,0.0009976333
7530,0.0023232002
7531,0.01452
7532,0.02987259
7533,0.038688235
7534,0.001136726
7535,0.006860449
7536,0.011946727
7537,0.00951707
7538,0.0021731704
7539,0.00059853337
7540,0.011355559
7541,0.029914683
7542,0.042037632
7543,0.03740624
7544,0.019609634
7545,0.0032309485
7546,0.0014560336
7547,0.0018934261
7548,0.021744182
7549,0.048000004
7550,0.058432534
7551,0.0449565
7552,0.01933787
7553,0.0016625925
7554,0.003755737
7555,0.021672452
7556,0.040996037
7557,0.0020556482
7558,0.015008034
7559,0.02899557
7560,0.0009482815
7561,0.0034632927
7562,0.0025392002
7563,2.5514819e-05
7564,0.0039598374
7565,0.017184133
7566,0.031234136
7567,0.0012718369
7568,0.0068705333
7569,0.00903646
7570,0.0040445374
7571,0.00030083334
7572,0.007840834
7573,0.023037173
7574,0.03515764
7575,0.0011081814
7576,0.0054495153
7577,0.006961634
7578,0.002848626
7579,9.481482e-05
7580,0.0076267603
7581,0.024291558
7582,0.0020391261
7583,0.0016477371
7584,0.014593427
7585,0.021816036
7586,0.000121337056
7587,0.00021155925
7588,0.003755737
7589,0.012840903
7590,0.0013962816
7591,0.0013067999
7592,0.0012892594
7593,0.009588449
7594,0.0003559259
7595,8.333334e-07
7596,0.0007203
7597,0.0054765036
7598,0.0011163
7599,0.0107541345
7600,0.019797573
7601,0.016380034
7602,0.0045387005
7603,0.00056044816
7604,0.0141701335
7605,0.0027712039
7606,0.025268683
7607,0.047920033
7608,0.045864303
7609,0.02169037
7610,0.0014934259
7611,0.006660301
7612,0.0334668
7613,0.058609206
7614,0.0022649036
7615,0.013356299
7616,0.021672452
7617,0.016504895
7618,0.0039675003
7619,0.0009370704
7620,0.0020888927
7621,0.02461513
7622,0.05230579
7623,0.058197394
7624,0.03719467
7625,0.009612301
7626,0.00032450372
7627,0.016271172
7628,0.003217126
7629,0.02959974
7630,0.058874696
7631,0.06259379
7632,0.038115796
7633,0.008955648
7634,0.0006256333
7635,0.0183027
7636,0.045396302
7637,0.0028162373
7638,0.020540833
7639,0.002259115
7640,0.0015408334
7641,0.011174701
7642,0.012896133
7643,0.003914015
7644,0.00071053335
7645,0.014888983
7646,0.036726672
7647,0.045500092
7648,0.0324723
7649,0.010218226
7650,0.0006225926
7651,0.0126075
7652,0.031969793
7653,0.0449307
7654,0.0014145334
7655,0.0083667
7656,0.014213634
7657,0.011136133
7658,0.0025761332
7659,0.0006440333
7660,0.012106904
7661,0.031492803
7662,0.043675397
7663,0.0011081814
7664,0.0049066707
7665,0.00605867
7666,0.0022939595
7667,0.00031795923
7668,0.0076055145
7669,0.022304133
7670,0.034205634
7671,0.033111483
7672,0.019253334
7673,3.0670373e-05
7674,0.00045111479
7675,0.0067700157
7676,0.01878335
7677,0.029977873
7678,0.0013024037
7679,0.00094453717
7680,0.008715393
7681,0.013118238
7682,0.0071250712
7683,0.00024462593
7684,0.0076055145
7685,0.0018723003
7686,0.0022016333
7687,0.0025269485
7688,0.0023703706
7689,0.0017480336
7690,0.010553126
7691,0.009292801
7692,0.0010403704
7693,0.0036815153
7694,0.002190226
7695,0.0024000928
7696,0.021085173
7697,0.03153602
7698,0.018967297
7699,0.0017941332
7700,0.005731615
7701,0.032144133
7702,0.05694164
7703,0.056883562
7704,0.032758065
7705,5.422593e-05
7706,0.004360093
7707,0.013596503
7708,0.023445394
7709,0.02899557
7710,0.027080063
7711,0.018286237
7712,0.0072178366
7713,0.00041317038
7714,0.0024480335
7715,0.01290996
7716,0.0261075
7717,0.0016428002
7718,0.013370372
7719,0.026840236
7720,0.027522506
7721,0.01405446
7722,0.0011285334
7723,0.004448949
7724,0.024557874
7725,0.0460992
7726,0.05194454
7727,0.000828626
7728,0.002848626
7729,0.000105781495
7730,7.7870376e-05
7731,0.0003559259
7732,0.004360093
7733,0.013696034
7734,0.0013872002
7735,0.0115248
7736,0.020488536
7737,0.0003745333
7738,0.00038163335
7739,0.00010453333
7740,0.003557037
7741,0.0011991148
7742,0.013553961
7743,0.02878868
7744,0.030273639
7745,0.0001323
7746,8.4448155e-05
7747,0.0021788483
7748,0.008715393
7749,0.0012892594
7750,0.0015552
7751,0.016458016
7752,0.029809518
7753,0.02444356
7754,0.0071662264
7755,0.00040578152
7756,0.016209127
7757,0.042991295
7758,0.057582404
7759,0.047786906
7760,0.00014963334
7761,2.0281483e-05
7762,0.00087120367
7763,0.0041536335
7764,0.00087120367
7765,0.010628283
7766,0.025989635
7767,0.0014887259
7768,0.008875201
7769,0.012040033
7770,0.0058520334
7771,1.7633334e-05
7772,0.0013601334
7773,0.018800035
7774,0.0029008337
7775,0.023333704
7776,0.03914445
7777,0.030528301
7778,0.008523293
7779,0.0005320037
7780,0.0027075
7781,0.031298704
7782,0.004098904
7783,0.030848134
7784,0.050157033
7785,0.00080083334
7786,2.4903706e-05
7787,0.00011867038
7788,0.0026195594
7789,0.010218226
7790,0.019934816
7791,0.0010092
7792,0.0060302825
7793,0.0081565045
7794,0.0036741337
7795,1.8670371e-05
7796,0.0072075003
7797,0.024481636
7798,0.038976062
7799,0.037997074
7800,0.021996183
7801,0.0046127997
7802,0.0007871149
7803,0.0141556505
7804,0.034725346
7805,0.0475212
7806,0.0014053927
7807,0.0008321334
7808,0.0008356483
7809,0.00059853337
7810,0.00023148149
7811,0.0003984593
7812,0.0001744037
7813,0.004712534
7814,0.015022948
7815,0.0012202814
7816,0.008145514
7817,0.000490726
7818,0.0013872002
7819,0.00020280002
7820,0.0015170372
7821,0.010515649
7822,0.023408134
7823,0.0012761814
7824,0.0075949044
7825,0.010279837
7826,0.0048556486
7827,3.0000004e-07
7828,0.0013067999
7829,0.018023837
7830,0.040971395
7831,0.001962904
7832,0.0107541345
7833,0.014257201
7834,0.0069717923
7835,4.9837035e-05
7836,0.0014421332
7837,0.0025025331
7838,0.027441796
7839,0.05334083
7840,0.0015987
7841,0.0056581334
7842,8.222593e-05
7843,5.244815e-05
7844,0.0023941335
7845,0.0009976333
7846,0.011933426
7847,0.026028892
7848,0.027968537
7849,0.0149931265
7850,0.00016803335
7851,0.0064925044
7852,0.0016576335
7853,0.0021505335
7854,0.0238572
7855,0.047124036
7856,0.046203792
7857,0.00014373705
7858,0.00022413337
7859,0.0030940594
7860,0.00094453717
7861,0.0014934259
7862,0.017795796
7863,0.036773335
7864,0.037500463
7865,0.019051202
7866,0.0016725332
7867,0.0050440338
7868,0.002907393
7869,0.0035643002
7870,0.0042166263
7871,0.03972454
7872,0.0035497816
7873,0.019219572
7874,0.02152934
7875,0.0074261334
7876,0.00030083334
7877,0.016054533
7878,0.04238774
7879,0.0022997928
7880,0.012965337
7881,0.017328035
7882,0.008795115
7883,0.0001648926
7884,0.0015265334
7885,0.002644537
7886,0.028768033
7887,0.0033496334
7888,0.022376904
7889,0.031363335
7890,0.00016961481
7891,0.00019253335
7892,0.0005691259
7893,0.0012245373
7894,0.015352949
7895,0.032582056
7896,0.03395846
7897,0.01764996
7898,0.0016428002
7899,0.0045551155
7900,0.026700838
7901,0.050184302
7902,0.0022016333
7903,0.013639115
7904,0.0011781335
7905,0.0062208
7906,0.0060019596
7907,5.0700004e-05
7908,0.0037037039
7909,0.014040034
7910,0.0015552
7911,0.0014282999
7912,0.012882316
7913,0.019354803
7914,0.011072003
7915,0.00024083335
7916,0.008200534
7917,0.024386503
7918,0.001957515
7919,0.014652302
7920,0.024979295
7921,0.00042814814
7922,5.9259264e-06
7923,0.00029453338
7924,0.0034204484
7925,0.011472593
7926,0.020856032
7927,0.023913635
7928,0.00032669998
7929,2.6759259e-05
7930,3.7037038e-09
7931,0.0007803
7932,0.005280133
7933,0.0011573371
7934,0.0125801815
7935,0.026840236
7936,0.028438672
7937,0.015022948
7938,0.0014008334
7939,0.0041067
7940,0.024272595
7941,0.04641334
7942,0.05278009
7943,0.038808037
7944,0.015885336
7945,0.0011000925
7946,0.0038988001
7947,0.0020391261
7948,0.021960093
7949,0.047893398
7950,0.05796273
7951,0.0010443002
7952,0.00031579257
7953,0.0020336334
7954,0.0016035704
7955,1.8148148e-07
7956,0.0038081335
7957,0.0014981332
7958,0.016411204
7959,0.03380163
7960,0.034589395
7961,0.017633792
7962,0.0015265334
7963,0.0048471703
7964,0.0027904592
7965,0.0034489816
7966,0.035615563
7967,0.0039368924
7968,0.025754703
7969,0.0015792927
7970,0.00587067
7971,0.0034920042
7972,0.0002680037
7973,0.0074786707
7974,0.021511482
7975,0.0014700001
7976,0.009234225
7977,0.012703349
7978,0.006317171
7979,0.0002841815
7980,0.0011823149
7981,0.0020117373
7982,0.022852799
7983,0.04552606
7984,0.0014421332
7985,0.0052271998
7986,0.0042008334
7987,0.00025813334
7988,0.003342593
7989,0.0017786999
7990,0.019287128
7991,0.038904004
7992,0.0012761814
7993,0.0047208923
7994,0.0037408334
7995,0.00017925927
7996,0.0008216334
7997,0.013104301
7998,0.031969793
7999,0.04004053
8000,0.029099291
8001,0.009422315
8002,4.281482e-06
8003,0.0018096336
8004,0.0028162373
8005,0.003711115
8006,0.03804454
8007,0.0041536335
8008,0.002675926
8009,0.019456532
8010,0.023763292
8011,0.009328035
8012,5.8800008e-05
8013,0.0023526258
8014,0.027745074
8015,0.0033215152
8016,0.022340506
8017,0.031363335
8018,0.01787707
8019,0.0013467001
8020,0.006551482
8021,0.033377793
8022,0.057407293
8023,0.0018565333
8024,0.008749516
8025,0.011046404
8026,1.2892592e-05
8027,0.0008321334
8028,0.0058986815
8029,0.015686532
8030,0.0013646259
8031,0.0012202814
8032,0.011161837
8033,0.01678756
8034,0.00944596
8035,0.0003792593
8036,0.0060966257
8037,0.0025823151
8038,0.025832895
8039,0.049748983
8040,0.047893398
8041,0.022834403
8042,0.00033555928
8043,0.010316893
8044,0.028254237
8045,0.0417387
8046,0.041465614
8047,0.0005264037
8048,0.0016329484
8049,0.0017429481
8050,0.00030083334
8051,0.0009482815
8052,0.008178503
8053,0.020750703
8054,0.030464534
8055,0.029099291
8056,0.016882315
8057,0.0035497816
8058,0.0006816333
8059,0.012000001
8060,0.030210137
8061,0.0021505335
8062,0.017072627
8063,0.033000838
8064,0.032670002
8065,0.016039116
8066,0.00024272593
8067,0.007938134
8068,0.023000235
8069,0.03596095
8070,0.037831176
8071,0.02714018
8072,3.9292594e-05
8073,0.00015717038
8074,0.0001744037
8075,0.00048
8076,0.0077870376
8077,0.021834014
8078,0.03302295
8079,0.03183935
8080,0.018484281
8081,0.003906404
8082,0.0007040593
8083,0.012648534
8084,0.0023408332
8085,0.02255935
8086,0.046912894
8087,0.052194502
8088,0.03357823
8089,0.008795115
8090,0.0008216334
8091,0.0019521335
8092,0.022871207
8093,0.05026613
8094,0.060690016
8095,0.046203792
8096,0.019541517
8097,0.0015648151
8098,0.004052282
8099,0.0022707
8100,0.024083333
8101,0.051695175
8102,0.061502315
8103,0.0010443002
8104,0.00363
8105,0.0040911147
8106,0.0012202814
8107,0.00048267035
8108,0.008300033
8109,0.023074131
8110,0.034498908
8111,0.0010600927
8112,0.0051920596
8113,0.00025813334
8114,0.00050978153
8115,8.181482e-06
8116,0.0028033333
8117,0.0011865038
8118,0.013696034
8119,0.0018934261
8120,0.013582315
8121,0.0008604593
8122,0.0028812
8123,0.0010960593
8124,0.00056044816
8125,0.008944133
8126,0.023408134
8127,0.031406462
8128,0.024557874
8129,6.8481486e-06
8130,0.0010364482
8131,0.0054765036
8132,0.013469071
8133,0.022032302
8134,0.025930801
8135,0.0005955593
8136,0.0027456335
8137,0.00012675927
8138,0.00014228148
8139,0.00011084815
8140,0.003513615
8141,0.012868504
8142,0.0014467594
8143,0.012160533
8144,0.021582946
8145,0.017456448
8146,8.892593e-06
8147,0.0005015704
8148,0.0011408334
8149,0.015202505
8150,0.03531757
8151,0.04276446
8152,0.030062228
8153,0.0092225345
8154,3.4133336e-05
8155,0.0018987261
8156,0.0029008337
8157,0.03192628
8158,0.064898506
8159,0.06918402
8160,0.0005866815
8161,0.0005292
8162,4.281482e-06
8163,0.0015123001
8164,0.0008892593
8165,0.0015170372
8166,0.018056534
8167,0.037265126
8168,0.03792593
8169,0.01923645
8170,0.001682504
8171,0.0015504037
8172,0.0223587
8173,0.0034992
8174,0.029830536
8175,0.054898147
8176,0.051225785
8177,0.00011867038
8178,0.0001393926
8179,0.000490726
8180,0.0010880148
8181,0.014608134
8182,0.034228146
8183,0.0417387
8184,0.029578803
8185,3.7037038e-09
8186,0.0018408335
8187,0.0007566815
8188,0.009900834
8189,0.025657127
8190,0.03663343
8191,0.033533636
8192,0.018335648
8193,0.0033566817
8194,0.0010800001
8195,0.0139968
8196,0.0023644485
8197,0.022449793
8198,0.046597067
8199,0.051833633
8200,0.03335556
8201,0.008738134
8202,0.0002841815
8203,0.0022016333
8204,0.026068185
8205,0.056304455
8206,0.0027520151
8207,0.017120373
8208,0.02762356
8209,0.020961635
8210,0.005244815
8211,0.0008568927
8212,0.017264005
8213,0.04253823
8214,0.0025269485
8215,0.016834904
8216,0.027684284
8217,0.0004433926
8218,0.0004181333
8219,0.000108299995
8220,0.0036520334
8221,0.013286061
8222,0.024045574
8223,0.026940035
8224,0.018368628
8225,1.4814816e-06
8226,0.0015744594
8227,0.0067500006
8228,0.014978226
8229,0.022944896
8230,0.025793782
8231,0.02073317
8232,0.010230534
8233,0.0014099594
8234,0.0013288924
8235,0.011590227
8236,0.026561795
8237,0.036843393
8238,0.035776533
8239,0.023988985
8240,0.00903646
8241,0.0003984593
8242,0.000828626
8243,0.0118803
8244,0.029224005
8245,0.04114404
8246,0.0013422371
8247,0.008145514
8248,0.00076339254
8249,0.004067793
8250,0.00363
8251,0.0002523
8252,0.0029733926
8253,0.016131736
8254,0.031406462
8255,0.03534045
8256,0.023613425
8257,0.006630534
8258,0.00014814816
8259,0.0112004485
8260,0.032122318
8261,0.0024540594
8262,0.01933787
8263,0.0022130706
8264,0.0015265334
8265,0.0110848155
8266,0.012785792
8267,0.0038684597
8268,0.0007203
8269,0.014888983
8270,0.036656726
8271,0.0019413929
8272,0.010995292
8273,0.014711292
8274,0.0073008006
8275,7.155926e-05
8276,0.0072696335
8277,0.027907502
8278,0.045318533
8279,0.04398117
8280,0.025037041
8281,4.8133337e-05
8282,0.0005720334
8283,0.0010561333
8284,0.0017633336
8285,0.021209074
8286,0.0030737817
8287,0.024310533
8288,0.04052913
8289,0.031492803
8290,8.892593e-06
8291,0.0037333926
8292,0.014329959
8293,0.026880134
8294,0.032868303
8295,0.027240535
8296,0.013553961
8297,0.0019146705
8298,0.0015312927
8299,0.013582315
8300,0.030294817
8301,0.040627204
8302,0.037949633
8303,0.000420626
8304,0.0012117926
8305,0.001245926
8306,0.00014667037
8307,0.0011244481
8308,0.008178503
8309,0.0015123001
8310,0.015247561
8311,0.03125565
8312,0.032100506
8313,0.016411204
8314,0.00021155925
8315,0.007457634
8316,0.0017941332
8317,0.018800035
8318,0.04074996
8319,0.046965633
8320,0.031428035
8321,0.008852283
8322,0.00071053335
8323,0.013469071
8324,0.033533636
8325,0.04641334
8326,0.04342139
8327,0.00045111479
8328,0.0011949037
8329,0.0011823149
8330,0.00012
8331,0.00032669998
8332,0.006630534
8333,0.019746227
8334,0.031105202
8335,0.030997962
8336,0.01866676
8337,0.004264182
8338,0.0005208334
8339,0.011906848
8340,0.0023349482
8341,0.022669174
8342,0.047176894
8343,0.0020008332
8344,0.010478238
8345,0.013696034
8346,0.0065712007
8347,2.7392594e-05
8348,0.007510282
8349,0.0024540594
8350,0.02421574
8351,0.046807505
8352,0.045318533
8353,0.021744182
8354,0.00031795923
8355,0.0014145334
8356,0.017925927
8357,0.04139129
8358,0.052445073
8359,0.042162508
8360,0.01933787
8361,0.0021168
8362,0.0028681483
8363,0.019524502
8364,0.0025208336
8365,0.022687502
8366,0.046597067
8367,0.051529262
8368,0.033000838
8369,1.2459259e-05
8370,0.0005015704
8371,0.0009785037
8372,0.013062534
8373,0.032122318
8374,0.043370686
8375,0.0010561333
8376,0.00041070004
8377,0.0027456335
8378,0.0024000928
8379,6.551482e-05
8380,0.0032865335
8381,0.01565606
8382,0.029662596
8383,0.0012848927
8384,0.0070840325
8385,0.009386904
8386,0.0042562373
8387,6.533333e-06
8388,0.0012892594
8389,0.017698504
8390,0.04030889
8391,0.047653962
8392,0.032582056
8393,0.0095408335
8394,8.112593e-05
8395,0.012951483
8396,0.002953515
8397,0.028090801
8398,0.05659363
8399,0.0022245373
8400,0.0010364482
8401,0.0072178366
8402,0.00022963336
8403,7.894814e-05
8404,0.0008748
8405,0.0071250712
8406,0.017763335
8407,0.024272595
8408,0.019626683
8409,0.0074681477
8410,3.4133336e-05
8411,0.0068705333
8412,0.02530739
8413,0.0024180147
8414,0.020038063
8415,0.038306136
8416,0.03731214
8417,0.018007502
8418,0.0012631703
8419,0.0057777814
8420,0.029620681
8421,0.053060096
8422,0.057232447
8423,0.03979735
8424,2.8033332e-05
8425,0.00010453333
8426,0.00026403333
8427,0.0006225926
8428,0.00935156
8429,0.024940833
8430,0.036215294
8431,0.03357823
8432,0.018616905
8433,4.645926e-05
8434,0.00049613335
8435,0.0072488924
8436,0.019729128
8437,0.030997962
8438,0.03351135
8439,0.025037041
8440,5.5125933e-05
8441,6.3559266e-05
8442,0.00014083333
8443,0.0004382815
8444,0.0073424596
8445,0.001682504
8446,0.017056728
8447,0.034521516
8448,0.034929782
8449,0.01760148
8450,0.0014560336
8451,0.0050267596
8452,0.027745074
8453,0.05111565
8454,0.056275573
8455,0.0008251259
8456,0.0026508
8457,0.002887737
8458,0.0007040593
8459,0.00070083333
8460,0.008322226
8461,0.02206845
8462,0.032648
8463,0.031040832
8464,0.00022050373
8465,3.0000004e-07
8466,4.4003707e-05
8467,0.0016182258
8468,0.007363334
8469,0.016834904
8470,0.024596034
8471,0.024140034
8472,0.014667036
8473,0.0034062262
8474,0.0004408334
8475,0.010193635
8476,0.027240535
8477,0.04013802
8478,0.0014099594
8479,0.008715393
8480,0.00081120007
8481,0.0043360153
8482,0.003914015
8483,0.00031579257
8484,0.0028616334
8485,0.016131736
8486,0.0316875
8487,0.035776533
8488,0.02397013
8489,0.006760004
8490,0.00058080006
8491,0.011316682
8492,0.029140834
8493,0.0021336332
8494,0.017072627
8495,0.0330672
8496,0.032758065
8497,0.016100835
8498,0.0011697926
8499,0.0052184043
8500,0.0027392595
8501,0.0033708
8502,0.0348843
8503,0.06558246
8504,0.061411794
8505,0.02833613
8506,0.0019093482
8507,0.008200534
8508,0.04008926
8509,0.06803628
8510,0.0024240036
8511,0.0013691259
8512,0.012000001
8513,0.01789335
8514,0.010071116
8515,0.00024462593
8516,0.008123559
8517,0.024158949
8518,0.03675
8519,0.035089202
8520,0.019986406
8521,0.0040445374
8522,0.00084978144
8523,0.013724537
8524,0.033422284
8525,0.045838244
8526,0.04268898
8527,0.026760532
8528,0.008909633
8529,0.00014667037
8530,0.0047712033
8531,0.0016875002
8532,0.018204033
8533,0.040922135
8534,0.0022707
8535,0.0015744594
8536,0.013853171
8537,0.020698136
8538,0.0118803
8539,0.0006721334
8540,0.0060397373
8541,0.0027712039
8542,0.027664037
8543,0.0031689818
8544,0.021138228
8545,0.029620681
8546,0.016771793
8547,0.0011781335
8548,0.0017735704
8549,0.0031212
8550,0.003860893
8551,0.036796685
8552,0.062289633
8553,0.048937872
8554,0.014681783
8555,0.0002720037
8556,0.022632534
8557,0.059883118
8558,0.077013336
8559,0.0014421332
8560,0.00042312598
8561,0.0002503704
8562,0.0009633334
8563,2.3114815e-05
8564,0.0020944595
8565,0.009564626
8566,0.0013244592
8567,0.011721633
8568,0.021067498
8569,0.00039361484
8570,0.00042312598
8571,7.680001e-05
8572,0.00058963336
8573,0.0095527265
8574,0.024729835
8575,0.0015075706
8576,0.009129259
8577,0.012430459
8578,0.0061061336
8579,2.7392594e-05
8580,0.0071147997
8581,0.026621336
8582,0.04316814
8583,0.0013917371
8584,0.006740004
8585,0.00033779262
8586,0.0007566815
8587,7.1703707e-06
8588,0.0023585334
8589,0.011616448
8590,0.02350134
8591,0.027988894
8592,0.020055294
8593,0.0063462257
8594,2.933704e-05
8595,0.008909633
8596,0.028029634
8597,0.0023763
8598,0.01923645
8599,0.036773335
8600,0.03593787
8601,0.01739218
8602,0.0012202814
8603,0.0015600036
8604,0.022158949
8605,0.050320726
8606,0.0026570708
8607,0.01700907
8608,0.027643792
8609,0.02110285
8610,0.005342226
8611,0.0008251259
8612,0.017168185
8613,0.042488035
8614,0.055355396
8615,0.045163207
8616,0.020996893
8617,0.0024060593
8618,0.0028616334
8619,0.020193428
8620,0.002607115
8621,0.023370905
8622,0.047733705
8623,0.05252873
8624,0.033422284
8625,0.008579572
8626,0.00033555928
8627,0.015307739
8628,0.003046848
8629,0.028315648
8630,0.0035715702
8631,0.02714018
8632,0.04451885
8633,0.0007203
8634,0.00087120367
8635,9.4814817e-07
8636,0.0030872927
8637,0.013314134
8638,0.025326762
8639,0.028912727
8640,0.019934816
8641,0.0058986815
8642,0.00048
8643,0.00976806
8644,0.025989635
8645,0.0020226706
8646,0.016598849
8647,0.0019899593
8648,0.013867501
8649,0.019609634
8650,8.222593e-05
8651,0.0003559259
8652,0.0043842373
8653,0.01375307
8654,0.023576036
8655,0.025696134
8656,0.00030083334
8657,0.0004433926
8658,2.0833337e-05
8659,0.001132626
8660,0.007176533
8661,0.017763335
8662,0.0014053927
8663,0.011072003
8664,0.0010840038
8665,0.0059080343
8666,0.0057040043
8667,0.0008077371
8668,0.0022823147
8669,0.0017838371
8670,0.019866135
8671,0.04008926
8672,0.04013802
8673,0.019986406
8674,0.0016526815
8675,0.0016280335
8676,0.023203734
8677,0.0035934262
8678,0.030422058
8679,0.0032517372
8680,0.021368904
8681,0.0013067999
8682,0.004712534
8683,0.0025025331
8684,0.000103292594
8685,0.0076906714
8686,0.02350134
8687,0.0016378704
8688,0.010230534
8689,0.01405446
8690,0.007104538
8691,7.7870376e-05
8692,0.0070227003
8693,0.027260626
8694,0.0024721816
8695,0.018385127
8696,0.0016378704
8697,0.008772301
8698,0.0002503704
8699,8.670001e-05
8700,0.00087120367
8701,0.007155926
8702,0.0178608
8703,0.024386503
8704,0.019712033
8705,0.007489201
8706,3.4133336e-05
8707,0.0068907263
8708,0.025365515
8709,0.042337637
8710,0.0017125926
8711,0.0107541345
8712,0.018072894
8713,0.014097781
8714,1.7125927e-05
8715,0.002907393
8716,0.011695293
8717,0.023203734
8718,0.029935736
8719,0.02618623
8720,0.013939259
8721,0.0023763
8722,0.0010880148
8723,0.012376238
8724,0.029244814
8725,0.0020062816
8726,0.0160083
8727,0.031212624
8728,0.0010208334
8729,0.0037333926
8730,0.0027904592
8731,4.8133337e-05
8732,0.0038457816
8733,0.01721606
8734,0.03153602
8735,0.034318287
8736,0.022304133
8737,0.005936133
8738,0.00023333704
8739,0.011459561
8740,0.031882804
8741,0.046544537
8742,0.04511148
8743,0.00051253336
8744,0.0014467594
8745,4.1614818e-05
8746,5.925926e-08
8747,0.0008181482
8748,0.0006440333
8749,0.009481482
8750,0.024291558
8751,0.0014746704
8752,0.008944133
8753,0.012187392
8754,0.0059643
8755,2.2533332e-05
8756,0.0071147997
8757,0.026502317
8758,0.042940836
8759,0.0013826704
8760,0.00061653333
8761,0.004240371
8762,0.0041379593
8763,0.0004408334
8764,0.0025086263
8765,0.015488981
8766,0.03127717
8767,0.0014282999
8768,0.007938134
8769,0.00043319998
8770,0.0011244481
8771,2.933704e-05
8772,0.0023114816
8773,0.010144536
8774,0.020488536
8775,0.024864003
8776,0.0183027
8777,5.333334e-07
8778,0.0011573371
8779,0.0056489813
8780,0.013568133
8781,0.021924032
8782,0.025657127
8783,0.0005866815
8784,0.0027011705
8785,0.0033566817
8786,0.0010521815
8787,0.00030294814
8788,0.006921071
8789,0.020663125
8790,0.03229707
8791,0.031882804
8792,0.018967297
8793,0.004224533
8794,0.00058373704
8795,0.012281634
8796,0.031428035
8797,0.0444675
8798,0.04246295
8799,0.02734107
8800,0.009481482
8801,0.00023148149
8802,0.0009785037
8803,0.013342238
8804,0.0023114816
8805,0.022122726
8806,0.0029933373
8807,0.02348268
8808,0.03912037
8809,0.030400833
8810,0.008433634
8811,0.0005575704
8812,0.019051202
8813,0.048668988
8814,0.0028681483
8815,0.01875
8816,0.030443296
8817,0.023203734
8818,0.0059643
8819,0.0007905334
8820,0.017779559
8821,0.04413446
8822,0.057290707
8823,0.046439562
8824,0.021351118
8825,0.0023644485
8826,0.003046848
8827,0.02080333
8828,0.04111935
8829,0.04958623
8830,0.041540004
8831,0.023296537
8832,0.0064435597
8833,0.0003333334
8834,0.0064337924
8835,0.0012805335
8836,0.0016925039
8837,0.020297341
8838,0.0029733926
8839,0.02365085
8840,0.0021000335
8841,0.011252034
8842,0.01189357
8843,0.0030805336
8844,0.001132626
8845,0.016100835
8846,0.037429783
8847,0.045033958
8848,0.031363335
8849,3.703704e-07
8850,0.0020611703
8851,0.00080083334
8852,0.010267501
8853,0.02632428
8854,0.03731214
8855,0.0338688
8856,0.018335648
8857,0.0032795595
8858,0.0011490704
8859,0.014228148
8860,0.033222314
8861,0.0021618372
8862,0.016771793
8863,0.032340836
8864,0.0010364482
8865,0.00028213335
8866,0.0010169483
8867,0.000108299995
8868,0.00042563336
8869,0.008167501
8870,0.022249632
8871,0.03054957
8872,0.024329519
8873,0.0090596145
8874,4.2403703e-05
8875,0.007873201
8876,0.02833613
8877,0.04615148
8878,0.0017582261
8879,0.010766759
8880,0.0009633334
8881,0.0050960337
8882,0.004746015
8883,0.0005208334
8884,0.002588504
8885,0.0161472
8886,0.0324723
8887,0.036983706
8888,0.024902405
8889,0.0070942817
8890,0.00012675927
8891,0.0017582261
8892,0.021834014
8893,0.048722703
8894,0.059526224
8895,0.0010800001
8896,0.003921633
8897,0.0044977926
8898,0.0014191149
8899,0.0003333334
8900,0.0075208335
8901,0.021996183
8902,0.03377926
8903,0.032758065
8904,0.019101636
8905,2.933704e-05
8906,0.00044595927
8907,0.0008965335
8908,0.012214281
8909,0.030507041
8910,0.04178845
8911,0.03656357
8912,0.018833425
8913,0.002953515
8914,0.0008427
8915,0.013454949
8916,0.0023941335
8917,0.022852799
8918,0.04736213
8919,0.0020008332
8920,0.010453334
8921,0.0005547001
8922,0.0015456147
8923,0.00026205927
8924,0.00043319998
8925,0.008444815
8926,0.022871207
8927,0.031234136
8928,0.024729835
8929,9.25926e-06
8930,0.0009709037
8931,0.0052889823
8932,0.0010325334
8933,0.0014981332
8934,0.017779559
8935,0.0023290704
8936,0.016317781
8937,0.023111125
8938,0.012854701
8939,0.00067845924
8940,0.006551482
8941,0.030400833
8942,0.05158453
8943,0.050731115
8944,0.02897485
8945,0.0059080343
8946,0.0010169483
8947,0.017344061
8948,0.040922135
8949,0.053735115
8950,0.04741513
8951,0.027664037
8952,0.008046949
8953,9.25926e-06
8954,0.0011163
8955,0.0017889815
8956,0.020961635
8957,0.04670223
8958,0.05726158
8959,0.044416185
8960,0.019354803
8961,0.0017480336
8962,0.0035715702
8963,0.021262279
8964,0.040602673
8965,0.0020667
8966,0.015112595
8967,0.029203203
8968,0.029140834
8969,9.72e-05
8970,7.7870376e-05
8971,0.0023349482
8972,0.0092459265
8973,0.019270224
8974,0.02632428
8975,0.02446259
8976,0.014011204
8977,0.0028616334
8978,0.0006848149
8979,0.010982534
8980,0.027805924
8981,0.03994317
8982,0.039168537
8983,0.02618623
8984,0.009708004
8985,0.00020453705
8986,0.00071703707
8987,0.009398701
8988,0.0018096336
8989,0.018418148
8990,0.039845925
8991,0.0018304038
8992,0.009949338
8993,0.013146134
8994,0.0063268477
8995,2.3703706e-05
8996,0.0014145334
8997,0.019405637
8998,0.043599118
8999,0.050813396
9000,0.034138132
9001,0.009696014
9002,0.00012403334
9003,0.013838849
9004,0.03904818
9005,0.055584732
9006,0.0016526815
9007,0.009257633
9008,0.01533787
9009,0.0118405325
9010,0.0026948482
9011,0.001005337
9012,0.0018200038
9013,0.021816036
9014,0.04725624
9015,0.053650502
9016,0.00058373704
9017,0.00080083334
9018,0.00010083333
9019,0.0009709037
9020,0.0072696335
9021,0.018517394
9022,0.0014746704
9023,0.0012631703
9024,0.011472593
9025,0.017232034
9026,0.009720001
9027,0.0004082371
9028,0.006087126
9029,0.02738134
9030,0.046728536
9031,0.046597067
9032,0.02716024
9033,0.0057963002
9034,0.0008251259
9035,0.015977517
9036,0.038760092
9037,0.051916804
9038,0.0014375147
9039,0.0080251265
9040,0.013469071
9041,0.010490701
9042,0.0023526258
9043,0.0010130705
9044,0.013539792
9045,0.0024120333
9046,0.022213338
9047,0.042789634
9048,0.041589636
9049,0.0001226815
9050,0.00024653334
9051,0.00043319998
9052,0.0071662264
9053,0.02050596
9054,0.031622536
9055,0.031019393
9056,0.00024653334
9057,0.00017925927
9058,3.134815e-05
9059,0.0018304038
9060,0.008167501
9061,0.018105634
9062,0.025754703
9063,0.024653334
9064,0.00019592591
9065,0.00013653334
9066,4.5633336e-05
9067,0.0018670369
9068,0.008112594
9069,0.017909633
9070,0.025443114
9071,0.024405517
9072,0.0144613935
9073,0.0031895703
9074,0.0005404593
9075,0.0014282999
9076,0.017779559
9077,0.040996037
9078,0.05200004
9079,0.041863125
9080,0.00011472593
9081,4.1614818e-05
9082,0.0009785037
9083,0.0004485333
9084,0.0068705333
9085,0.019694949
9086,0.0016576335
9087,0.012868504
9088,0.022340506
9089,0.017812034
9090,0.0047208923
9091,0.00067845924
9092,0.015277635
9093,0.038880005
9094,0.0024300003
9095,0.016536182
9096,0.02732095
9097,0.021085173
9098,0.0054495153
9099,0.00076339254
9100,0.016882315
9101,0.0421875
9102,0.055240907
9103,0.04526673
9104,0.0001337037
9105,2.8681483e-05
9106,0.0009185334
9107,0.0042166263
9108,0.01083
9109,0.018933782
9110,0.023800833
9111,0.02115593
9112,0.011721633
9113,0.0022130706
9114,0.0007769037
9115,0.010478238
9116,0.02614685
9117,0.037736535
9118,0.037476897
9119,0.025501395
9120,0.0097440155
9121,0.00046939263
9122,0.0033920333
9123,0.01630224
9124,0.030890903
9125,0.038163334
9126,0.033936035
9127,0.02097926
9128,0.0070533343
9129,0.00012675927
9130,0.0008146704
9131,0.011407499
9132,0.028192896
9133,0.03999184
9134,0.038904004
9135,0.025813332
9136,0.009481482
9137,0.00035363334
9138,0.00089289254
9139,0.0125801815
9140,0.030528301
9141,0.042437874
9142,0.0013422371
9143,0.0008356483
9144,0.0077227256
9145,0.0005348148
9146,0.0016477371
9147,0.00034003335
9148,0.0012502259
9149,0.0011865038
9150,0.0144613935
9151,0.030784033
9152,0.032275204
9153,0.016882315
9154,0.0015792927
9155,0.004408448
9156,0.0026885336
9157,0.0033637371
9158,0.0040290705
9159,0.038163334
9160,0.06437246
9161,0.050512034
9162,0.015157515
9163,0.0002680037
9164,0.023037173
9165,0.060870063
9166,0.07816607
9167,0.060870063
9168,0.025989635
9169,0.0021731704
9170,0.0048896335
9171,0.027120132
9172,0.049153514
9173,0.0022188004
9174,0.015443572
9175,0.02941157
9176,0.029120062
9177,0.014300834
9178,0.0009861334
9179,0.0050009037
9180,0.002588504
9181,0.027220452
9182,0.056016006
9183,0.060930137
9184,0.037997074
9185,0.009363333
9186,0.00046413334
9187,0.017376136
9188,0.044364892
9189,0.059555933
9190,0.052668303
9191,0.0004082371
9192,0.00077351485
9193,1.1614815e-05
9194,4.8133337e-05
9195,0.0013646259
9196,0.006502315
9197,0.01553446
9198,0.0012631703
9199,0.010193635
9200,0.018220462
9201,0.0147852
9202,0.003883615
9203,0.0006880038
9204,0.014126699
9205,0.036099575
9206,0.048722703
9207,0.041416064
9208,0.00015870002
9209,6.259259e-07
9210,0.0005866815
9211,0.00041317038
9212,0.006660301
9213,0.019354803
9214,0.030294817
9215,0.030188981
9216,0.0002561815
9217,0.00021511482
9218,3.703704e-05
9219,0.001697515
9220,0.0076906714
9221,0.0012588482
9222,0.012951483
9223,0.027260626
9224,0.0009937927
9225,0.0038457816
9226,0.0029733926
9227,7.680001e-05
9228,0.0036815153
9229,0.0016775148
9230,0.018171204
9231,0.036890138
9232,0.0012330705
9233,0.0045797927
9234,0.0036153484
9235,0.0001617815
9236,0.0034992
9237,0.017280001
9238,0.0324723
9239,0.0013601334
9240,0.007363334
9241,0.009696014
9242,0.00440037
9243,4.5370375e-06
9244,0.007415649
9245,0.02561815
9246,0.040700838
9247,0.0012980149
9248,0.0062978375
9249,0.0080251265
9250,0.0033778707
9251,5.5125933e-05
9252,0.007669338
9253,0.0021112037
9254,0.02097926
9255,0.041242853
9256,0.040651735
9257,0.00012951484
9258,0.00020803335
9259,0.002953515
9260,0.010144536
9261,0.019866135
9262,0.02618623
9263,0.023744533
9264,0.00015564814
9265,5.9737034e-05
9266,0.0001323
9267,0.0003311148
9268,0.0060302825
9269,0.0015123001
9270,0.0018828483
9271,0.019473517
9272,0.03468
9273,0.028172458
9274,0.008311126
9275,0.0003792593
9276,0.017264005
9277,0.045760095
9278,0.06081002
9279,0.0012936335
9280,0.0050873477
9281,0.0060208333
9282,0.0021675
9283,0.00023333704
9284,0.008145514
9285,0.024291558
9286,0.036983706
9287,0.03527184
9288,0.020072533
9289,0.004052282
9290,0.0008568927
9291,0.0017838371
9292,0.021173634
9293,0.04715046
9294,0.057757784
9295,0.04472454
9296,0.019422594
9297,0.0017327999
9298,0.00363
9299,0.021422315
9300,0.040799115
9301,0.048320536
9302,0.040064897
9303,0.022340506
9304,0.0061442372
9305,4.4814817e-07
9306,0.0057131997
9307,0.0015648151
9308,0.0020281484
9309,0.023520002
9310,0.050129782
9311,0.056131296
9312,0.03614584
9313,1.2033334e-05
9314,0.0031484596
9315,0.011008061
9316,0.020575738
9317,0.027220452
9318,0.026980003
9319,0.019304035
9320,0.008233634
9321,0.0006752926
9322,0.0020722374
9323,0.0125801815
9324,0.026423115
9325,0.03527184
9326,0.033600535
9327,0.022322314
9328,0.0083667
9329,0.00035822592
9330,0.003217126
9331,0.0151875
9332,0.0290163
9333,0.0016625925
9334,0.0014934259
9335,0.01565606
9336,0.028397633
9337,0.023315115
9338,0.0068000923
9339,0.00079739257
9340,0.0020667
9341,0.0029866816
9342,0.03166584
9343,0.060360633
9344,0.0017378703
9345,0.0060113934
9346,0.004864133
9347,0.00036983704
9348,0.0032378708
9349,0.017747115
9350,0.03409317
9351,0.037665635
9352,0.024672447
9353,0.006670237
9354,0.0002097926
9355,0.01198667
9356,0.033422284
9357,0.048454404
9358,0.046492033
9359,0.02968356
9360,0.010058904
9361,0.00028623705
9362,0.006365634
9363,0.01678756
9364,0.02614685
9365,0.029914683
9366,0.02618623
9367,0.016645927
9368,0.0060681487
9369,0.00021333335
9370,0.0027520151
9371,0.012896133
9372,0.025346134
9373,0.03302295
9374,0.031298704
9375,0.0003984593
9376,0.0013288924
9377,4.4814817e-05
9378,5.348148e-06
9379,0.0008146704
9380,0.0051483
9381,0.0011203705
9382,0.012268149
9383,0.0017176333
9384,0.0012805335
9385,0.009316281
9386,0.010528133
9387,0.002855126
9388,0.00070729264
9389,0.013370372
9390,0.0331558
9391,0.04166413
9392,0.030273639
9393,0.009804182
9394,3.5592593e-06
9395,0.010855348
9396,0.03418313
9397,0.0516675
9398,0.050484683
9399,0.0324723
9400,6.8481486e-06
9401,0.0006721334
9402,0.00029244815
9403,0.0044165333
9404,0.0136107
9405,0.024083333
9406,0.029120062
9407,0.024348505
9408,0.012376238
9409,0.0018670369
9410,0.0012936335
9411,0.012403334
9412,0.028500285
9413,0.03914445
9414,0.0012545333
9415,0.007669338
9416,0.013244004
9417,0.010490701
9418,0.0024360039
9419,0.00093334814
9420,0.013272034
9421,0.032802135
9422,0.044262405
9423,0.0380208
9424,0.01911846
9425,9.600371e-05
9426,0.004296033
9427,0.01299307
9428,0.0013556482
9429,0.0134126255
9430,0.030400833
9431,0.0015648151
9432,0.008978699
9433,0.012040033
9434,0.0057963002
9435,1.3333334e-05
9436,0.0013691259
9437,0.018850137
9438,0.042563334
9439,0.049830463
9440,0.033667505
9441,2.7e-06
9442,0.0024661333
9443,0.009339793
9444,0.018550536
9445,0.025832895
9446,0.026740627
9447,0.019917635
9448,0.008955648
9449,0.0009038371
9450,0.0018044591
9451,0.012281634
9452,0.026541958
9453,0.035891738
9454,0.034385957
9455,0.022889616
9456,1.6625927e-05
9457,0.00027401483
9458,0.0016875002
9459,0.0052184043
9460,0.011355559
9461,0.018385127
9462,0.02228596
9463,0.0005778704
9464,0.002848626
9465,0.00363
9466,0.0012075593
9467,0.00029872594
9468,0.006921071
9469,0.020680629
9470,0.032340836
9471,0.0010800001
9472,0.005485515
9473,0.00028009262
9474,0.00058373704
9475,1.0703704e-06
9476,0.0026508
9477,0.011933426
9478,0.023464033
9479,0.001132626
9480,0.0065909484
9481,0.008852283
9482,1.08e-05
9483,0.00076675933
9484,0.0056033335
9485,0.0151875
9486,0.024253631
9487,0.0009185334
9488,0.0049922997
9489,0.0065712007
9490,0.0027328925
9491,9.0133326e-05
9492,0.0074051702
9493,0.023782061
9494,0.037288625
9495,0.0011949037
9496,0.005889338
9497,0.0075313933
9498,0.0031348146
9499,7.053334e-05
9500,0.0076267603
9501,0.024634227
9502,0.03849695
9503,0.03714774
9504,0.021315558
9505,0.0043842373
9506,0.0008321334
9507,0.014097781
9508,0.034385957
9509,0.04699202
9510,0.043497518
9511,0.027020006
9512,3.1148147e-06
9513,0.0006627
9514,0.00028213335
9515,0.004280093
9516,0.0133281825
9517,0.023763292
9518,0.028912727
9519,0.024329519
9520,0.012471205
9521,0.00192
9522,0.0012502259
9523,0.0123086255
9524,0.028438672
9525,0.039168537
9526,0.037476897
9527,0.024596034
9528,0.008921127
9529,0.00030720004
9530,0.0037259592
9531,0.016551837
9532,0.0019093482
9533,0.017828282
9534,0.03818712
9535,0.044057783
9536,0.029662596
9537,0.008433634
9538,0.00012403334
9539,0.012648534
9540,0.0028291706
9541,0.027020006
9542,0.0034776332
9543,0.026561795
9544,0.043700833
9545,0.033645168
9546,0.009328035
9547,0.0010600927
9548,0.019405637
9549,0.0033075
9550,0.028747395
9551,0.05331273
9552,0.05004806
9553,0.00012
9554,0.00038163335
9555,0.0038006261
9556,0.011590227
9557,0.021173634
9558,0.026641203
9559,0.023277957
9560,0.012539258
9561,0.0022016333
9562,0.0009595593
9563,0.0014191149
9564,0.0021561817
9565,0.0030133482
9566,0.031861074
9567,0.06066004
9568,0.05743646
9569,0.00014667037
9570,0.00035822592
9571,0.0038081335
9572,0.011695293
9573,0.0013511705
9574,0.012979201
9575,0.026980003
9576,0.028192896
9577,0.014681783
9578,0.0012892594
9579,0.0042562373
9580,0.02446259
9581,0.046387114
9582,0.05252873
9583,0.03849695
9584,0.015717037
9585,0.0010720148
9586,0.003914015
9587,0.020401513
9588,0.037997074
9589,0.001925337
9590,0.014300834
9591,0.027907502
9592,0.0281112
9593,0.014068893
9594,0.0002097926
9595,0.007145634
9596,0.021209074
9597,0.03395846
9598,0.03656357
9599,0.026900092
9600,0.011459561
9601,0.0009408001
9602,0.0026382816
9603,0.015488981
9604,0.031105202
9605,0.0018200038
9606,0.014228148
9607,0.028070405
9608,0.028438672
9609,0.014329959
9610,0.0011000925
9611,0.0013244592
9612,0.019422594
9613,0.045163207
9614,0.002514726
9615,0.0017075593
9616,0.014888983
9617,0.022213338
9618,0.012840903
9619,0.0008042815
9620,0.0060113934
9621,0.029244814
9622,0.050566755
9623,0.05040267
9624,0.029182406
9625,0.0061442372
9626,0.0009075
9627,0.016945634
9628,0.040602673
9629,0.053706907
9630,0.047653962
9631,0.00039603334
9632,5.6033343e-05
9633,0.0002903704
9634,3.9292594e-05
9635,0.0007803
9636,0.0060208333
9637,0.0161472
9638,0.0014008334
9639,0.011252034
9640,0.0011081814
9641,0.0060397373
9642,0.0058520334
9643,0.0008568927
9644,0.0007566815
9645,0.01299307
9646,0.03201333
9647,0.040284462
9648,0.029348984
9649,0.0095527265
9650,2.7e-06
9651,0.010590672
9652,0.033533636
9653,0.0026948482
9654,0.021120531
9655,0.039676033
9656,0.0011865038
9657,0.0041693375
9658,0.0031348146
9659,0.00011342594
9660,0.0045551155
9661,0.015778134
9662,0.027220452
9663,0.029182406
9664,0.018967297
9665,0.0050440338
9666,0.00022963336
9667,0.010440893
9668,0.029369839
9669,0.04362453
9670,0.043142848
9671,0.028664906
9672,0.010416033
9673,0.0003651704
9674,0.0041850703
9675,0.0017327999
9676,0.018850137
9677,0.0421875
9678,0.05255663
9679,0.0010364482
9680,0.0039905333
9681,0.0046791704
9682,0.0015408334
9683,0.0003605333
9684,0.008101633
9685,0.023296537
9686,0.0018565333
9687,0.0139968
9688,0.02397013
9689,0.018950533
9690,0.0050009037
9691,0.0006912
9692,0.015762849
9693,0.039967503
9694,0.053032063
9695,0.0011739593
9696,0.004779615
9697,0.005722404
9698,0.0020667
9699,0.00023894814
9700,0.008036033
9701,0.001957515
9702,0.019405637
9703,0.03852083
9704,0.038306136
9705,0.00012813334
9706,0.00018418148
9707,0.0028097813
9708,0.009888726
9709,0.0013067999
9710,0.0015408334
9711,0.016333334
9712,0.029578803
9713,0.024272595
9714,3.7925927e-06
9715,0.0005320037
9716,0.008795115
9717,0.024045574
9718,0.035454948
9719,0.033311114
9720,0.01875
9721,0.0036815153
9722,0.00090018153
9723,0.0134832
9724,0.032626018
9725,0.044801794
9726,0.041888036
9727,0.026442904
9728,5.348148e-06
9729,0.0005662259
9730,0.00026205927
9731,0.004114504
9732,0.012979201
9733,0.023389515
9734,0.028706132
9735,0.024329519
9736,0.0125801815
9737,0.0019845334
9738,0.00061955926
9739,0.010403615
9740,0.026740627
9741,0.038904004
9742,0.038640372
9743,0.02618623
9744,0.009925071
9745,0.00045370375
9746,0.0035425334
9747,0.0016280335
9748,0.018089259
9749,0.04089752
9750,0.05139121
9751,0.04114404
9752,0.018816726
9753,0.00016023703
9754,0.0007803
9755,0.010144536
9756,0.025346134
9757,0.036796685
9758,0.036843393
9759,0.02530739
9760,0.009840371
9761,0.00051805936
9762,0.0032448003
9763,0.016039116
9764,0.030698674
9765,0.038163334
9766,0.03409317
9767,0.021173634
9768,0.007155926
9769,0.00013653334
9770,0.0038457816
9771,0.015762849
9772,0.0017838371
9773,0.016834904
9774,0.036447294
9775,0.0017176333
9776,0.009457794
9777,0.012539258
9778,0.0060113934
9779,1.564815e-05
9780,0.007363334
9781,0.0023881816
9782,0.023613425
9783,0.045786135
9784,0.044493176
9785,0.021422315
9786,0.0015841334
9787,0.0062688924
9788,0.0324723
9789,0.0033920333
9790,0.027040016
9791,0.049613334
9792,0.0013917371
9793,0.0003490704
9794,0.0013333336
9795,0.0002503704
9796,0.0012980149
9797,0.009888726
9798,0.022669174
9799,0.028830001
9800,0.021762135
9801,0.0074681477
9802,1.4814815e-08
9803,0.0083667
9804,0.02800926
9805,0.044621635
9806,0.0016725332
9807,0.010267501
9808,0.00092592597
9809,0.0049152006
9810,0.000103292594
9811,1.0403704e-05
9812,0.0019146705
9813,0.0092225345
9814,0.019456532
9815,0.024329519
9816,0.018368628
9817,1.7925927e-06
9818,0.0010325334
9819,0.0053244485
9820,0.013118238
9821,0.021600837
9822,0.02561815
9823,0.021511482
9824,0.011161837
9825,0.0017735704
9826,0.0011000925
9827,0.0013691259
9828,0.016724536
9829,0.038856003
9830,0.0022533333
9831,0.0015889816
9832,0.0139968
9833,0.020908799
9834,0.012013337
9835,0.0006912
9836,0.0015170372
9837,0.021654533
9838,0.048160132
9839,0.055269517
9840,0.036447294
9841,0.00999796
9842,0.00018583704
9843,0.015022948
9844,0.0031552927
9845,0.003384948
9846,0.034770727
9847,0.0038533336
9848,0.02524934
9849,0.0015504037
9850,0.005740834
9851,2.0833337e-05
9852,0.00018583704
9853,0.004712534
9854,0.014948449
9855,0.023018703
9856,0.0005720334
9857,0.001753126
9858,0.00092592597
9859,0.00012813334
9860,0.0051483
9861,0.017264005
9862,0.0290163
9863,0.030337198
9864,0.0192027
9865,0.0048556486
9866,0.00031795923
9867,0.011046404
9868,0.030167837
9869,0.044083335
9870,0.043092303
9871,0.028315648
9872,1.2459259e-05
9873,0.00045111479
9874,0.0022707
9875,0.0005152926
9876,0.0071353484
9877,0.020020833
9878,0.030741341
9879,0.030210137
9880,0.01799117
9881,0.004005926
9882,0.0005691259
9883,0.01189357
9884,0.030592136
9885,0.0022016333
9886,0.017440371
9887,0.03362285
9888,0.03317796
9889,0.016240135
9890,0.0011656334
9891,0.0053067002
9892,0.027643792
9893,0.050238848
9894,0.05501228
9895,0.038952034
9896,0.015082683
9897,0.0007871149
9898,0.0045633335
9899,0.021493634
9900,0.0023408332
9901,0.020768238
9902,0.0027968925
9903,0.0023822372
9904,0.020645635
9905,0.0014282999
9906,0.0054585035
9907,0.003196448
9908,2.0833337e-05
9909,0.0071250712
9910,0.023352304
9911,0.034205634
9912,0.028315648
9913,0.011136133
9914,0.00015262594
9915,0.0077763004
9916,0.029620681
9917,0.0027456335
9918,0.0024600928
9919,0.02412113
9920,0.04201268
9921,0.03362285
9922,0.009925071
9923,0.0003605333
9924,0.018850137
9925,0.0037185336
9926,0.00363
9927,0.034295738
9928,0.058168035
9929,0.045760095
9930,0.013653334
9931,0.00029662595
9932,0.021960093
9933,0.05793343
9934,0.07473357
9935,0.0014191149
9936,0.0051047257
9937,0.0058520334
9938,0.0020117373
9939,0.00034453702
9940,0.007884005
9941,0.022852799
9942,0.034748036
9943,0.033400033
9944,0.00024083335
9945,0.0001337037
9946,6.551482e-05
9947,0.00032890373
9948,0.0060966257
9949,0.018368628
9950,0.02941157
9951,0.029830536
9952,0.018352134
9953,1.5170371e-05
9954,0.0022707
9955,0.008444815
9956,0.017088534
9957,0.024405517
9958,0.025970018
9959,0.00048534822
9960,0.0020611703
9961,0.0024843
9962,0.0006533334
9963,0.00061955926
9964,0.0010169483
9965,0.013738802
9966,0.0022997928
9967,0.019304035
9968,0.0017889815
9969,0.009684034
9970,0.010058904
9971,0.0023526258
9972,0.0013826704
9973,0.016069962
9974,0.0024903703
9975,0.020418903
9976,0.0018617813
9977,0.010058904
9978,0.010490701
9979,0.0025208336
9980,0.0013200332
9981,0.0020062816
9982,0.0026948482
9983,0.02678045
9984,0.04646579
9985,0.037100833
9986,0.0110592
9987,0.00032450372
9988,0.019643737
9989,0.003883615
9990,0.033734538
9991,0.061592907
9992,0.056854535
9993,0.0001226815
9994,0.00047733705
9995,0.0042483
9996,0.0010364482
9997,0.012295127
9998,0.029120062
9999,0.036400832
10000,0.026581636
10001,0.008681336
10002,0.00050978153
10003,0.010779393
10004,0.028254237
10005,0.04104534
10006,0.040406704
10007,0.026960015
10008,0.0099372
10009,0.00038163335
10010,0.003860893
10011,0.01739218
10012,0.03201333
10013,0.038736135
10014,0.03380163
10015,0.020523394
10016,0.006700093
10017,8.670001e-05
10018,0.0040136334
10019,0.015808728
10020,0.028479736
10021,0.034793425
10022,0.03114815
10023,0.019677872
10024,0.006921071
10025,0.00017763334
10026,0.0043681334
10027,0.012552894
10028,0.021404507
10029,0.02678045
10030,0.02561815
10031,0.0178608
10032,0.0074261334
10033,0.0005461334
10034,0.0021112037
10035,0.0122412015
10036,0.02559867
10037,0.034295738
10038,0.03291245
10039,0.022086535
10040,1.8670371e-05
10041,0.00023520003
10042,0.0015600036
10043,0.0050095157
10044,0.011161837
10045,0.01831917
10046,0.022413334
10047,0.019694949
10048,0.010880726
10049,3e-05
10050,0.0021788483
10051,0.007970701
10052,0.016255649
10053,0.023576036
10054,0.025481962
10055,0.019866135
10056,6.7500005e-05
10057,5.633333e-06
10058,0.0005404593
10059,0.0032240332
10060,0.009481482
10061,0.01797485
10062,0.023782061
10063,0.02194206
10064,0.012621171
10065,0.0025947
10066,0.00063480006
10067,0.010279837
10068,0.026383558
10069,0.0019953926
10070,0.0162867
10071,0.03183935
10072,0.031817637
10073,0.000107037034
10074,0.00017601483
10075,0.002682226
10076,0.009576534
10077,0.0012936335
10078,0.012882316
10079,0.026980003
10080,0.0009823148
10081,0.0037856335
10082,4.4003707e-05
10083,0.00014373705
10084,0.0004485333
10085,0.0077227256
10086,0.021032182
10087,0.029078534
10088,0.0005691259
10089,0.0014746704
10090,0.0006409481
10091,0.00019592591
10092,0.0051570376
10093,0.016756035
10094,0.02800926
10095,0.029348984
10096,0.018650135
10097,0.0047628004
10098,0.0005461334
10099,0.0103788
10100,0.0020611703
10101,0.020558283
10102,0.043573707
10103,0.04931556
10104,0.0005404593
10105,0.00075333705
10106,9.0133326e-05
10107,0.0009823148
10108,0.0072488924
10109,0.018418148
10110,0.02762356
10111,0.0009185334
10112,0.004754403
10113,0.0061633335
10114,0.002478237
10115,0.0001253926
10116,0.007510282
10117,0.023632137
10118,0.036843393
10119,0.035684507
10120,0.02062815
10121,0.004312004
10122,0.00077351485
10123,0.013639115
10124,0.033600535
10125,0.046282317
10126,0.04316814
10127,0.00044595927
10128,0.0011781335
10129,0.0011656334
10130,0.00011472593
10131,0.0012033334
10132,0.008300033
10133,0.020158846
10134,0.029203203
10135,0.027826227
10136,0.016162671
10137,0.0034133336
10138,0.0006627
10139,0.011668981
10140,0.02953695
10141,0.04198774
10142,0.040627204
10143,0.026641203
10144,1.2033334e-05
10145,0.00041564813
10146,0.002144893
10147,0.0059455154
10148,0.012013337
10149,0.0010561333
10150,0.010230534
10151,0.02206845
10152,0.023876004
10153,0.012882316
10154,0.00015112592
10155,0.0059549036
10156,0.018600302
10157,0.0018044591
10158,0.01583935
10159,0.031514402
10160,0.0010521815
10161,0.0038988001
10162,0.0029667593
10163,6.850371e-05
10164,0.0037482816
10165,0.001682504
10166,0.0021731704
10167,0.02206845
10168,0.038904004
10169,0.031363335
10170,3.3333336e-06
10171,0.0033215152
10172,0.0012675
10173,0.014948449
10174,0.034228146
10175,0.0412923
10176,0.0290163
10177,0.008898149
10178,3.6300004e-05
10179,0.011394504
10180,0.034363393
10181,0.05111565
10182,0.04950495
10183,0.031644184
10184,0.010653393
10185,0.00019934814
10186,0.005333334
10187,0.020680629
10188,0.035432037
10189,0.04050463
10190,0.033600535
10191,0.019287128
10192,0.005740834
10193,1.3781483e-05
10194,0.0044896337
10195,0.016054533
10196,0.028029634
10197,0.033756893
10198,0.030062228
10199,0.00032450372
10200,0.0009861334
10201,2.933704e-05
10202,2.7e-06
10203,0.00018917037
10204,0.004408448
10205,0.0147704035
10206,0.025540285
10207,0.02762356
10208,0.0003114815
10209,0.00043319998
10210,1.564815e-05
10211,0.0011781335
10212,0.0072696335
10213,0.017844537
10214,0.026561795
10215,0.026087837
10216,0.01574757
10217,0.0036080335
10218,0.00048267035
10219,0.010741514
10220,0.02833613
10221,0.041242853
10222,0.0014099594
10223,0.008636033
10224,0.014726061
10225,0.011590227
10226,0.0027201816
10227,0.00065022596
10228,0.0122412015
10229,0.031774223
10230,0.04398117
10231,0.03852083
10232,0.019780448
10233,8.670001e-05
10234,0.0006225926
10235,0.0085683
10236,0.0017176333
10237,0.017779559
10238,0.0026009039
10239,0.021032182
10240,0.035546683
10241,0.027866848
10242,0.007744133
10243,0.00055183703
10244,0.0025823151
10245,0.030020034
10246,0.06204685
10247,0.066992626
10248,0.041242853
10249,0.009912948
10250,0.0005662259
10251,0.01886685
10252,0.047124036
10253,0.002907393
10254,0.021049839
10255,0.038928017
10256,0.03714774
10257,0.017504727
10258,0.0010960593
10259,0.0061156475
10260,0.030083334
10261,0.05320037
10262,0.05694164
10263,0.03933734
10264,0.014667036
10265,0.00061351486
10266,0.0050613377
10267,0.022322314
10268,0.039192628
10269,0.04472454
10270,0.03642406
10271,0.020193428
10272,0.0055851266
10273,1.3333334e-07
10274,0.0052271998
10275,0.017264005
10276,0.02899557
10277,0.03395846
10278,0.00089289254
10279,0.0054315585
10280,0.009756034
10281,0.00791646
10282,1.7125927e-05
10283,0.0023644485
10284,0.0100467
10285,0.020944018
10286,0.0013646259
10287,0.010304533
10288,0.018138405
10289,0.014578726
10290,0.003755737
10291,0.00073342596
10292,0.014257201
10293,0.036122702
10294,0.048588466
10295,0.001132626
10296,0.0047712033
10297,0.005787038
10298,0.0021224038
10299,0.00022050373
10300,0.0079489825
10301,0.023913635
10302,0.036610138
10303,0.035089202
10304,0.020072533
10305,3.703704e-05
10306,0.00048267035
10307,0.0071147997
10308,0.019473517
10309,0.03072
10310,0.03335556
10311,0.00058373704
10312,0.0022765037
10313,0.002675926
10314,0.00070083333
10315,0.00031363333
10316,0.0009861334
10317,0.013710283
10318,0.032604035
10319,0.040260036
10320,0.028912727
10321,9.25926e-08
10322,0.0017125926
10323,0.0073737823
10324,0.016039116
10325,0.02397013
10326,0.026344037
10327,0.020715648
10328,7.25926e-05
10329,4.5370375e-06
10330,0.0005320037
10331,0.0032102258
10332,0.009493337
10333,0.018007502
10334,0.023819614
10335,0.021978134
10336,0.012634848
10337,0.0025947
10338,0.00050978153
10339,0.009269348
10340,0.024596034
10341,0.03675
10342,0.037500463
10343,0.02614685
10344,0.010354016
10345,0.0006045037
10346,0.0031689818
10347,0.0161472
10348,0.0019899593
10349,0.018600302
10350,0.039603338
10351,0.045396302
10352,0.030294817
10353,0.008489615
10354,0.00014814816
10355,0.013048626
10356,0.03675
10357,0.05275214
10358,0.049667574
10359,0.030848134
10360,0.009912948
10361,0.0003311148
10362,0.0069717923
10363,0.01797485
10364,0.02740148
10365,0.030656032
10366,0.026265074
10367,0.01630224
10368,0.005731615
10369,0.00015413333
10370,0.0029205335
10371,0.0130347265
10372,0.02524934
10373,0.032692008
10374,0.030869516
10375,0.00039361484
10376,0.00010957038
10377,0.0006658371
10378,0.0002903704
10379,0.0001728
10380,0.0046127997
10381,0.0013556482
10382,0.0017735704
10383,0.018517394
10384,0.0018512926
10385,0.010230534
10386,0.010766759
10387,0.0026570708
10388,0.00076675933
10389,0.0140256155
10390,0.034385957
10391,0.042814817
10392,0.030805392
10393,1.8148148e-07
10394,0.0017684482
10395,0.007563115
10396,0.01630224
10397,0.02421574
10398,0.026442904
10399,0.020663125
10400,0.009852448
10401,7.053334e-05
10402,0.0029667593
10403,0.009708004
10404,0.0011907001
10405,0.0124848
10406,0.028933425
10407,0.035845637
10408,0.02600926
10409,0.008400134
10410,8.181482e-06
10411,0.009985792
10412,0.031600893
10413,0.048427615
10414,0.048160132
10415,0.0316875
10416,0.011213333
10417,0.00032231485
10418,0.0048133335
10419,0.0018512926
10420,0.019763332
10421,0.043751743
10422,0.053989355
10423,0.042337637
10424,0.018800035
10425,0.0018304038
10426,0.0032309485
10427,0.020193428
10428,0.03933734
10429,0.0020611703
10430,0.015232534
10431,0.02943245
10432,0.0009595593
10433,0.00026403333
10434,0.0009296334
10435,7.680001e-05
10436,0.0017480336
10437,0.010515649
10438,0.022705838
10439,0.028090801
10440,0.020750703
10441,0.0068907263
10442,5.0703707e-06
10443,0.008523293
10444,0.027826227
10445,0.0024120333
10446,0.019609634
10447,0.037429783
10448,0.036493782
10449,0.017617634
10450,0.0012288002
10451,0.0057131997
10452,0.029265637
10453,0.05252873
10454,0.056796506
10455,0.039603338
10456,0.0149633335
10457,0.00028829998
10458,0.0070431144
10459,0.018418148
10460,0.028090801
10461,0.0012892594
10462,0.010169071
10463,0.02115593
10464,0.022522798
10465,0.011960033
10466,0.0010403704
10467,0.0037781487
10468,0.0022707
10469,0.024691572
10470,0.051778223
10471,0.057290707
10472,0.036447294
10473,0.009339793
10474,0.00034680005
10475,0.016209127
10476,0.04253823
10477,0.058109336
10478,0.052194502
10479,0.030634727
10480,0.008898149
10481,0.0004008926
10482,0.007701348
10483,0.019354803
10484,0.02878868
10485,0.031449612
10486,0.026284803
10487,0.015885336
10488,0.0053600334
10489,0.00015870002
10490,0.0038760337
10491,0.011420504
10492,0.020038063
10493,0.025813332
10494,0.025384903
10495,0.018187616
10496,0.007851616
10497,9.245926e-05
10498,0.0031552927
10499,0.010022315
10500,0.018567115
10501,0.024998534
10502,0.025462536
10503,0.018850137
10504,0.0084672
10505,0.00084978144
10506,0.0017480336
10507,0.011906848
10508,0.025891613
10509,0.0017378703
10510,0.014184627
10511,0.028254237
10512,0.028768033
10513,0.014564034
10514,0.0011449482
10515,0.0046127997
10516,0.025210671
10517,0.047018405
10518,0.052668303
10519,0.0382347
10520,0.015398227
10521,0.0009861334
10522,0.0040445374
10523,0.020540833
10524,0.037949633
10525,0.0019093482
10526,0.0141701335
10527,0.0017125926
10528,0.012080134
10529,0.017120373
10530,0.009175838
10531,0.0002680037
10532,0.00665037
10533,0.0026133335
10534,0.025970018
10535,0.04988482
10536,0.047973342
10537,0.022834403
10538,0.0016428002
10539,0.006690133
10540,0.03411565
10541,0.0034920042
10542,0.02762356
10543,0.050484683
10544,0.04709762
10545,0.021636626
10546,0.0013024037
10547,0.0072696335
10548,0.0033355595
10549,0.033377793
10550,0.0041457927
10551,0.030869516
10552,0.0025947
10553,0.01375307
10554,0.0148148155
10555,0.004304015
10556,0.00081120007
10557,0.016162671
10558,0.03912037
10559,0.0477603
10560,0.033533636
10561,1.3333334e-07
10562,0.0020833337
10563,0.0084224595
10564,0.0174243
10565,0.025056303
10566,0.0010325334
10567,0.0072075003
10568,0.01290996
10569,0.00023520003
10570,0.00016803335
10571,0.00027603333
10572,0.004352059
10573,0.014068893
10574,0.024272595
10575,0.026423115
10576,0.017585339
10577,0.0048811254
10578,0.00016645927
10579,0.009576534
10580,0.027805924
10581,0.0022475594
10582,0.018204033
10583,0.035020836
10584,0.0344763
10585,0.016819116
10586,0.0012033334
10587,0.0054315585
10588,0.028233781
10589,0.05111565
10590,0.055728298
10591,0.00080083334
10592,0.0025392002
10593,0.0027520151
10594,0.00065022596
10595,0.0007301334
10596,0.008322226
10597,0.021960093
10598,0.03242845
10599,0.030826764
10600,0.017698504
10601,0.0036373371
10602,0.00075333705
10603,0.012566533
10604,0.0022997928
10605,0.022231482
10606,0.046334703
10607,0.0516675
10608,0.03335556
10609,0.008783704
10610,0.0002720037
10611,0.0148592945
10612,0.003033426
10613,0.02829517
10614,0.056738507
10615,0.06081002
10616,0.037382696
10617,0.008955648
10618,0.0009899593
10619,0.016977338
10620,0.040235616
10621,0.053060096
10622,0.047044802
10623,0.02762356
10624,0.008134534
10625,1.4700002e-05
10626,0.0060966257
10627,0.020558283
10628,0.033689838
10629,0.03792593
10630,0.031384896
10631,0.018171204
10632,0.0055578705
10633,2.6133332e-05
10634,0.004098904
10635,0.015217516
10636,0.02714018
10637,0.033244506
10638,0.030083334
10639,0.019320948
10640,0.007002315
10641,0.00023707037
10642,0.003114404
10643,0.0141991265
10644,0.02720037
10645,0.034566764
10646,0.031904537
10647,0.020698136
10648,0.007563115
10649,0.00027000002
10650,0.0032240332
10651,0.014755615
10652,0.0017941332
10653,0.017104447
10654,0.037007116
10655,0.0017327999
10656,0.009528949
10657,0.012634848
10658,0.00605867
10659,1.6625927e-05
10660,0.007363334
10661,0.0023941335
10662,0.02365085
10663,0.045864303
10664,0.044544533
10665,0.021440133
10666,0.0015841334
10667,0.0062785344
10668,0.0032102258
10669,0.032604035
10670,0.0040911147
10671,0.030528301
10672,0.04958623
10673,0.03785485
10674,0.01050317
10675,0.0005547001
10676,0.021404507
10677,0.054272532
10678,0.06931214
10679,0.0544428
10680,0.00010957038
10681,5.9737034e-05
10682,0.0013377817
10683,0.005244815
10684,0.0009185334
10685,0.010817338
10686,0.026225634
10687,0.033533636
10688,0.025114138
10689,0.008523293
10690,9.25926e-08
10691,0.009164182
10692,0.0025514816
10693,0.025443114
10694,0.052333638
10695,0.057290707
10696,0.03607645
10697,0.009071205
10698,0.0003984593
10699,0.016458016
10700,0.0031758372
10701,0.029203203
10702,0.058168035
10703,0.061986223
10704,0.037831176
10705,3.0670373e-05
10706,0.003982848
10707,0.012923794
10708,0.022816017
10709,0.0013377817
10710,0.0012936335
10711,0.0016231261
10712,0.0015938372
10713,0.011920135
10714,0.013968017
10715,0.0044570705
10716,0.00070083333
10717,0.013838849
10718,0.034295738
10719,0.042915616
10720,0.030997962
10721,0.009949338
10722,5.633333e-06
10723,0.011148983
10724,0.034793425
10725,0.0027392595
10726,0.021333337
10727,0.03994317
10728,0.038377635
10729,0.018220462
10730,0.0011949037
10731,0.006087126
10732,0.030400833
10733,0.05390454
10734,0.0021675
10735,0.013048626
10736,0.021351118
10737,0.016333334
10738,1.8670371e-05
10739,0.0031621335
10740,0.012403334
10741,0.024140034
10742,0.030613428
10743,0.026383558
10744,0.0001323
10745,1.08e-05
10746,0.00029872594
10747,0.0003605333
10748,0.006230404
10749,0.018550536
10750,0.029516036
10751,0.029809518
10752,0.018253334
10753,1.6133334e-05
10754,0.0022881336
10755,0.0007905334
10756,0.010107794
10757,0.0019683002
10758,0.018967297
10759,0.037547614
10760,0.03735917
10761,0.018467737
10762,0.0014421332
10763,0.0054315585
10764,0.029099291
10765,0.0031758372
10766,0.025793782
10767,0.0028097813
10768,0.018683393
10769,0.026166534
10770,0.00012675927
10771,0.00026205927
10772,0.0040911147
10773,0.0011823149
10774,0.0016084481
10775,0.0019683002
10776,0.017682316
10777,0.026522135
10778,0.0157323
10779,0.0012631703
10780,0.005814848
10781,0.03054957
10782,0.053565968
10783,0.05353779
10784,0.030955113
10785,0.006502315
10786,0.0009482815
10787,0.002317337
10788,0.026403332
10789,0.05659363
10790,0.066552304
10791,0.049072597
10792,0.019729128
10793,0.0012588482
10794,0.004940833
10795,0.024500683
10796,0.0437772
10797,0.049613334
10798,0.03950651
10799,0.021067498
10800,0.005333334
10801,2.8033332e-05
10802,0.0061251707
10803,0.018633515
10804,0.029977873
10805,0.034070704
10806,0.02897485
10807,0.01753695
10808,0.005833426
10809,9.481482e-05
10810,0.0034275707
10811,0.014126699
10812,0.026344037
10813,0.033200134
10814,0.030677352
10815,0.00036750003
10816,0.0011865038
10817,0.0012805335
10818,0.0001728
10819,0.0010482371
10820,0.0009482815
10821,0.012703349
10822,0.030443296
10823,0.0380208
10824,0.027684284
10825,0.0089902375
10826,4.5370375e-06
10827,0.010279837
10828,0.03256009
10829,0.002644537
10830,0.020820895
10831,0.039216727
10832,0.037807498
10833,0.018040182
10834,0.00028829998
10835,0.008955648
10836,0.025210671
10837,0.038377635
10838,0.0014329037
10839,0.00903646
10840,0.0008427
10841,0.0045059593
10842,0.0041067
10843,0.0003605333
10844,0.00075333705
10845,0.012552894
10846,0.030997962
10847,0.039192628
10848,0.028726762
10849,0.009434134
10850,1.2000002e-06
10851,0.0103292605
10852,0.033000838
10853,0.05040267
10854,0.049748983
10855,0.03236273
10856,9.25926e-06
10857,0.0006075001
10858,0.0027456335
10859,0.00685037
10860,0.012840903
10861,0.0189003
10862,0.0009075
10863,0.0007600333
10864,0.0072488924
10865,0.010969782
10866,0.005814848
10867,5.9737034e-05
10868,0.0062785344
10869,0.024787292
10870,0.041317042
10871,0.041168727
10872,0.02421574
10873,0.005271293
10874,0.0007803
10875,0.013454949
10876,0.033133633
10877,0.045734063
10878,0.042789634
10879,0.026940035
10880,0.009024894
10881,0.0002680037
10882,0.0059549036
10883,0.015916033
10884,0.02517203
10885,0.029244814
10886,0.026048535
10887,0.016866505
10888,0.006317171
10889,0.0002680037
10890,0.0026133335
10891,0.012758281
10892,0.025384903
10893,0.0015938372
10894,0.013020833
10895,0.026265074
10896,0.027060032
10897,0.013881838
10898,0.00019084814
10899,0.00679006
10900,0.0016925039
10901,0.01799117
10902,0.002644537
10903,0.021351118
10904,0.03603023
10905,0.0006105038
10906,1.6133334e-05
10907,0.0001728
10908,0.002887737
10909,0.0106408335
10910,0.02024535
10911,0.023894815
10912,0.017232034
10913,0.0054945336
10914,0.00039120376
10915,0.0011781335
10916,0.0019360333
10917,0.0027904592
10918,0.02985156
10919,0.057319835
10920,0.054698702
10921,0.025813332
10922,0.0018617813
10923,0.0073008006
10924,0.036890138
10925,0.0036889038
10926,0.0031484596
10927,0.003342593
10928,0.02880934
10929,0.042915616
10930,0.00032231485
10931,2.0833337e-05
10932,0.0026948482
10933,0.011472593
10934,0.022395113
10935,0.0010920333
10936,0.006385071
10937,0.008590848
10938,0.0038912038
10939,1.2892592e-05
10940,0.0072488924
10941,0.0021392591
10942,0.021351118
10943,0.04193787
10944,0.041242853
10945,0.020141572
10946,0.0015456147
10947,0.005842726
10948,0.030869516
10949,0.055412684
10950,0.059496537
10951,0.040996037
10952,0.015172504
10953,0.0006045037
10954,0.005333334
10955,0.023111125
10956,0.0401868
10957,0.045396302
10958,0.036610138
10959,0.020038063
10960,1.9592594e-06
10961,0.00015717038
10962,0.0023703706
10963,0.007510282
10964,0.014918702
10965,0.021762135
10966,0.023988985
10967,0.0192027
10968,7.7870376e-05
10969,5.925926e-08
10970,0.000420626
10971,0.0003628482
10972,0.00086403335
10973,0.0015938372
10974,0.0189003
10975,0.038736135
10976,0.039216727
10977,0.019763332
10978,0.0017025335
10979,0.005253634
10980,0.029348984
10981,0.053819794
10982,0.05869764
10983,0.041094672
10984,0.015564815
10985,0.00071703707
10986,0.005035393
10987,0.022705838
10988,0.04001618
10989,0.045604005
10990,0.036983706
10991,0.020366762
10992,0.005539737
10993,0.00030083334
10994,0.0007803
10995,0.0012675
10996,0.015900683
10997,0.03740624
10998,0.048481204
10999,0.03999184
11000,0.019051202
11001,0.00013090372
11002,0.004949393
11003,0.014359115
11004,0.023894815
11005,0.0012936335
11006,0.010691115
11007,0.022249632
11008,0.023613425
11009,0.0124848
11010,0.0010920333
11011,0.0038684597
11012,0.0223587
11013,0.043092303
11014,0.049694702
11015,0.00084978144
11016,0.0030535702
11017,0.0034848147
11018,0.0009937927
11019,0.0005404593
11020,0.008145514
11021,0.022413334
11022,0.033533636
11023,0.03201333
11024,0.018401636
11025,0.003793126
11026,0.00076339254
11027,0.012840903
11028,0.03179593
11029,0.044262405
11030,0.041863125
11031,0.026740627
11032,0.009175838
11033,0.00020453705
11034,0.0044733374
11035,0.018187616
11036,0.032275204
11037,0.0016526815
11038,0.01271707
11039,0.0015987
11040,0.011420504
11041,0.016255649
11042,0.00867
11043,0.00022595927
11044,0.0066404487
11045,0.027745074
11046,0.046256136
11047,0.045552038
11048,0.026245346
11049,0.0054585035
11050,0.0008965335
11051,0.015977517
11052,0.038401484
11053,0.05128089
11054,0.04612534
11055,0.0004082371
11056,0.00092222594
11057,0.0008391704
11058,3.703704e-05
11059,0.0014053927
11060,0.008411292
11061,0.0014513928
11062,0.014637571
11063,0.030167837
11064,0.03112667
11065,0.015992904
11066,0.0013826704
11067,0.0045633335
11068,0.02585246
11069,0.048454404
11070,0.0021392591
11071,0.013356299
11072,0.0011614816
11073,0.0061442372
11074,0.0059080343
11075,0.0008568927
11076,0.002259115
11077,0.016162671
11078,0.03344454
11079,0.03852083
11080,0.026127174
11081,0.0075313933
11082,0.000108299995
11083,0.0017992925
11084,0.022304133
11085,0.049613334
11086,0.060360633
11087,0.046229962
11088,0.019729128
11089,0.0016428002
11090,0.0039368924
11091,0.022267794
11092,0.0417387
11093,0.048857123
11094,0.040064897
11095,0.02205037
11096,0.00592676
11097,4.281482e-06
11098,0.0058613485
11099,0.018616905
11100,0.0017429481
11101,0.015992904
11102,0.034725346
11103,0.040799115
11104,0.028050017
11105,0.008277871
11106,0.00061351486
11107,0.012080134
11108,0.030784033
11109,0.043599118
11110,0.041813336
11111,0.027080063
11112,9.633333e-06
11113,0.00047733705
11114,0.0023232002
11115,0.006192034
11116,0.0008427
11117,0.009828299
11118,0.02421574
11119,0.03153602
11120,0.024064451
11121,0.008411292
11122,4.0333334e-06
11123,0.008602134
11124,0.029182406
11125,0.046360906
11126,0.04746815
11127,0.03216596
11128,0.01189357
11129,0.0002503704
11130,0.0008391704
11131,0.0106408335
11132,0.026284803
11133,0.037712894
11134,0.03731214
11135,0.025326762
11136,0.009648133
11137,0.00045630004
11138,0.0033991258
11139,0.0162867
11140,0.030805392
11141,0.03804454
11142,0.033846408
11143,0.020944018
11144,0.0070533343
11145,0.00012951484
11146,0.0038457816
11147,0.015701784
11148,0.0017735704
11149,0.016771793
11150,0.0024360039
11151,0.019848986
11152,0.033712182
11153,0.026522135
11154,0.0073528923
11155,0.0005575704
11156,0.017763335
11157,0.0033708
11158,0.029662596
11159,0.054983735
11160,0.05150164
11161,0.023782061
11162,0.0015170372
11163,0.0020226706
11164,0.02746196
11165,0.06006196
11166,0.07085881
11167,0.05205556
11168,0.020715648
11169,0.0012545333
11170,0.005342226
11171,0.025793782
11172,0.045448188
11173,0.050785966
11174,0.039870232
11175,0.02083846
11176,8.892593e-06
11177,0.0012980149
11178,0.0041772006
11179,0.008478405
11180,0.0008356483
11181,0.009292801
11182,0.023000235
11183,0.030210137
11184,0.023277957
11185,0.008255738
11186,7.837038e-06
11187,0.008277871
11188,0.028479736
11189,0.0025269485
11190,0.020471115
11191,0.038832016
11192,0.037642013
11193,0.018056534
11194,0.0012373483
11195,0.0058800005
11196,0.02987259
11197,0.05334083
11198,0.057378143
11199,0.039773077
11200,0.014903837
11201,0.00029662595
11202,0.007155926
11203,0.018650135
11204,0.0015456147
11205,0.0141991265
11206,0.031471208
11207,0.03778384
11208,0.02660148
11209,0.008178503
11210,3.703704e-05
11211,0.010792035
11212,0.0026570708
11213,0.025950404
11214,0.053060096
11215,0.057816304
11216,0.036215294
11217,0.009013333
11218,0.00042814814
11219,0.0023822372
11220,0.027664037
11221,0.059081614
11222,0.06899206
11223,0.050375354
11224,5.422593e-05
11225,0.0003984593
11226,0.0002680037
11227,0.0042562373
11228,0.0133281825
11229,0.023819614
11230,0.02899557
11231,0.024405517
11232,0.012498405
11233,0.001925337
11234,0.0012545333
11235,0.012335648
11236,0.028500285
11237,0.039216727
11238,0.0012588482
11239,0.007701348
11240,0.013300093
11241,0.010540627
11242,0.0024480335
11243,0.0006225926
11244,0.011787615
11245,0.030826764
11246,0.042991295
11247,0.037949633
11248,0.019694949
11249,0.0031552927
11250,0.0015504037
11251,0.016039116
11252,0.0024721816
11253,0.022963336
11254,0.04733565
11255,0.052361485
11256,0.03351135
11257,0.008692682
11258,0.00030933708
11259,0.015172504
11260,0.04030889
11261,0.05578579
11262,0.050840836
11263,0.030422058
11264,0.009164182
11265,0.00037218147
11266,0.0073842374
11267,0.01875
11268,0.028172458
11269,0.031083738
11270,0.026265074
11271,0.016054533
11272,0.0055216337
11273,0.0001226815
11274,0.0030200335
11275,0.013104301
11276,0.02517203
11277,0.0324723
11278,0.030613428
11279,0.020453705
11280,0.007819292
11281,0.0003745333
11282,0.0028746703
11283,0.0141556505
11284,0.027684284
11285,0.0016526815
11286,0.013258016
11287,0.026561795
11288,0.027240535
11289,0.013910533
11290,0.00019422593
11291,0.00685037
11292,0.020575738
11293,0.033266705
11294,0.03614584
11295,0.026840236
11296,0.011590227
11297,0.001005337
11298,0.0025269485
11299,0.015307739
11300,0.030976532
11301,0.039554905
11302,0.035822593
11303,0.00036983704
11304,0.0010325334
11305,0.0010443002
11306,9.481482e-05
11307,0.0012033334
11308,0.008167501
11309,0.019848986
11310,0.02885067
11311,0.027583113
11312,0.016100835
11313,2.5514819e-05
11314,0.0024480335
11315,0.008783704
11316,0.0174243
11317,0.024557874
11318,0.025872033
11319,0.019694949
11320,0.009117634
11321,0.0010208334
11322,0.0005955593
11323,0.009660093
11324,0.025094848
11325,0.03705396
11326,0.03745333
11327,0.025911205
11328,0.010144536
11329,0.0005575704
11330,0.0032378708
11331,0.016193634
11332,0.031019393
11333,0.03852083
11334,0.0010600927
11335,0.0063074995
11336,0.0110592
11337,0.008840834
11338,1.7633334e-05
11339,0.002478237
11340,0.010391204
11341,0.021404507
11342,0.028520834
11343,0.02573517
11344,0.0141991265
11345,0.0026570708
11346,0.00059853337
11347,0.010391204
11348,0.026840236
11349,0.039096303
11350,0.038832016
11351,0.026304536
11352,0.009949338
11353,0.0004485333
11354,0.0035643002
11355,0.01678756
11356,0.031449612
11357,0.03852083
11358,0.0010364482
11359,0.006134701
11360,0.010779393
11361,0.008624727
11362,0.0019306814
11363,0.0009709037
11364,0.012512015
11365,0.0022707
11366,0.02115593
11367,0.041070003
11368,0.040211204
11369,0.0195075
11370,0.0014467594
11371,0.00587067
11372,0.0030401333
11373,0.03114815
11374,0.06274613
11375,0.06677228
11376,0.040553633
11377,3.557037e-05
11378,0.004288059
11379,0.0011656334
11380,0.01323
11381,0.03170917
11382,0.0424128
11383,0.036400832
11384,0.018352134
11385,9.12926e-05
11386,0.0041301334
11387,0.0126075
11388,0.021924032
11389,0.0012892594
11390,0.0012631703
11391,0.013653334
11392,0.025152726
11393,0.020856032
11394,0.00605867
11395,0.00075000006
11396,0.014578726
11397,0.036820035
11398,0.0023232002
11399,0.015946759
11400,0.026502317
11401,0.020523394
11402,0.0053067002
11403,0.0007566815
11404,0.0022649036
11405,0.02660148
11406,0.055872068
11407,0.061472137
11408,0.038712185
11409,1.9737035e-05
11410,0.0036153484
11411,0.012120301
11412,0.021924032
11413,0.028172458
11414,0.027180301
11415,0.018933782
11416,0.007797782
11417,0.0005461334
11418,0.0006440333
11419,0.009925071
11420,0.025481962
11421,0.03735917
11422,0.037524033
11423,0.025813332
11424,0.010022315
11425,0.00017763334
11426,0.0047964593
11427,0.0136107
11428,0.02272418
11429,0.0012631703
11430,0.010553126
11431,0.0014282999
11432,0.0010800001
11433,0.007851616
11434,0.00867
11435,0.0020667
11436,0.00071053335
11437,0.001753126
11438,0.020645635
11439,0.041863125
11440,0.04191295
11441,0.020873617
11442,0.0017480336
11443,0.005576033
11444,0.030656032
11445,0.05561343
11446,0.060032137
11447,0.041564815
11448,0.015458701
11449,0.00063480006
11450,0.0053244485
11451,0.023240834
11452,0.04045565
11453,0.045682017
11454,0.036773335
11455,0.02008978
11456,0.0053957365
11457,4.0333334e-06
11458,0.0054405336
11459,0.017488627
11460,0.0016875002
11461,0.015671294
11462,0.0023114816
11463,0.019000834
11464,0.03242845
11465,0.02559867
11466,8.533334e-06
11467,0.0033285336
11468,0.013174059
11469,0.025346134
11470,0.03170917
11471,0.00075333705
11472,0.0033991258
11473,0.004208726
11474,0.0014282999
11475,0.00033779262
11476,0.007744133
11477,0.022541072
11478,0.034408536
11479,0.03317796
11480,0.0192027
11481,0.0040290705
11482,0.0007367259
11483,0.013006949
11484,0.03231895
11485,0.0449565
11486,0.04238774
11487,0.026940035
11488,0.009164182
11489,0.00018750002
11490,0.0045880335
11491,0.0016875002
11492,0.018269781
11493,0.041070003
11494,0.051446404
11495,0.0010325334
11496,0.004021348
11497,0.0047376333
11498,0.0015792927
11499,0.00032669998
11500,0.0074786707
11501,0.0017838371
11502,0.017958535
11503,0.036053333
11504,0.036261637
11505,0.018122016
11506,0.0014700001
11507,0.0052008326
11508,0.028418152
11509,0.0031416332
11510,0.025657127
11511,0.04754774
11512,0.044904906
11513,0.020908799
11514,0.0013288924
11515,0.006860449
11516,0.033489075
11517,0.058197394
11518,0.060990244
11519,0.00076339254
11520,0.0021618372
11521,0.0022245373
11522,0.00042814814
11523,0.0009038371
11524,0.0084672
11525,0.021600837
11526,0.03155764
11527,0.029893637
11528,0.017152237
11529,0.0035208336
11530,0.0006378704
11531,0.011148983
11532,0.028438672
11533,0.040823705
11534,0.039894536
11535,0.026502317
11536,0.009708004
11537,0.00035822592
11538,0.0009148482
11539,0.01279956
11540,0.030976532
11541,0.0021224038
11542,0.016724536
11543,0.032384627
11544,0.032122318
11545,0.015808728
11546,0.0011490704
11547,0.0051657814
11548,0.027100096
11549,0.04950495
11550,0.0544428
11551,0.038736135
11552,0.015142534
11553,0.000828626
11554,0.004440834
11555,0.021262279
11556,0.038473073
11557,0.044776037
11558,0.001024726
11559,0.0056489813
11560,0.009840371
11561,0.007840834
11562,0.001682504
11563,0.00056333333
11564,0.010691115
11565,0.002190226
11566,0.020856032
11567,0.04074996
11568,0.04004053
11569,0.0195075
11570,0.0014700001
11571,0.0057963002
11572,0.030443296
11573,0.05467024
11574,0.0022188004
11575,0.013370372
11576,0.021834014
11577,0.01669307
11578,0.004052282
11579,0.0009148482
11580,0.01583935
11581,0.038928017
11582,0.05114317
11583,0.042362686
11584,0.00013795926
11585,1.2892592e-05
11586,0.0007701334
11587,0.003914015
11588,0.0008604593
11589,0.0106032
11590,0.025970018
11591,0.0014887259
11592,0.008886671
11593,0.012053393
11594,0.0058613485
11595,1.814815e-05
11596,0.0071662264
11597,0.026502317
11598,0.042840004
11599,0.0417387
11600,0.023951294
11601,0.004932282
11602,0.0008820149
11603,0.015172504
11604,0.03663343
11605,0.04934259
11606,0.0014053927
11607,0.00798157
11608,0.0007301334
11609,0.00033555928
11610,0.0013872002
11611,0.00029662595
11612,0.00039120376
11613,0.007927293
11614,0.021834014
11615,0.030210137
11616,0.02423468
11617,0.009106015
11618,5.0700004e-05
11619,0.007744133
11620,0.028131617
11621,0.045994725
11622,0.04794668
11623,0.03302295
11624,0.0124848
11625,0.00056333333
11626,0.004264182
11627,0.019558534
11628,0.0021675
11629,0.019592596
11630,0.041094672
11631,0.046597067
11632,0.0005208334
11633,0.0007400333
11634,8.898148e-05
11635,0.0009709037
11636,0.0008533334
11637,0.01170846
11638,0.028561959
11639,0.036238458
11640,0.026820298
11641,0.008944133
11642,2.3703704e-07
11643,0.0097440155
11644,0.031600893
11645,0.048830226
11646,0.04877645
11647,0.032187797
11648,0.011407499
11649,0.0003333334
11650,0.0048556486
11651,0.020176135
11652,0.03540913
11653,0.041070003
11654,0.034363393
11655,0.019831836
11656,0.0059455154
11657,1.7633334e-05
11658,0.0045387005
11659,0.0162867
11660,0.028397633
11661,0.0015028483
11662,0.011906848
11663,0.024177868
11664,0.02517203
11665,0.0130347265
11666,0.0010760038
11667,0.0041536335
11668,0.023333704
11669,0.044339262
11670,0.050566755
11671,0.03745333
11672,0.015564815
11673,0.0011490704
11674,0.0036446815
11675,0.019729128
11676,0.037288625
11677,0.04459593
11678,0.037736535
11679,0.021744182
11680,1.4814815e-08
11681,0.00079739257
11682,0.0030535702
11683,0.0070840325
11684,0.012827116
11685,0.018567115
11686,0.021032182
11687,0.017617634
11688,0.009328035
11689,3.557037e-05
11690,0.002190226
11691,0.007927293
11692,0.0161472
11693,0.001245926
11694,0.0013288924
11695,0.014315395
11696,0.026265074
11697,0.021726234
11698,0.0063268477
11699,0.0004306704
11700,0.015428449
11701,0.04089752
11702,0.05512654
11703,0.046177633
11704,0.022122726
11705,0.0028097813
11706,0.0025699593
11707,0.019866135
11708,0.040578146
11709,0.049830463
11710,0.042312592
11711,0.0240267
11712,0.006780033
11713,7.2592593e-07
11714,0.005833426
11715,0.0016280335
11716,0.017248016
11717,0.039024137
11718,0.049396683
11719,0.03991885
11720,0.00011472593
11721,2.5514819e-05
11722,0.00013653334
11723,0.0004382815
11724,0.007363334
11725,0.0016875002
11726,0.017088534
11727,0.034544133
11728,0.03497529
11729,0.017617634
11730,0.0014560336
11731,0.005035393
11732,0.027765349
11733,0.05114317
11734,0.056275573
11735,0.0008251259
11736,0.00021333335
11737,0.0013200332
11738,0.00087120367
11739,7.053334e-05
11740,0.004440834
11741,0.015900683
11742,0.027684284
11743,0.029746506
11744,0.019354803
11745,0.0051570376
11746,0.0002277926
11747,0.010540627
11748,0.029662596
11749,0.0022997928
11750,0.018368628
11751,0.035203293
11752,0.034566764
11753,0.016819116
11754,0.0011907001
11755,0.0054765036
11756,0.0028162373
11757,0.0034418372
11758,0.03547787
11759,0.06658371
11760,0.062198535
11761,0.028644297
11762,0.00192
11763,0.008311126
11764,0.04045565
11765,0.0685452
11766,0.06934418
11767,0.044441838
11768,0.014476032
11769,0.00019084814
11770,0.0075313933
11771,0.026940035
11772,0.0023941335
11773,0.02034939
11774,0.04198774
11775,0.001814815
11776,0.009660093
11777,0.012675927
11778,0.0060302825
11779,1.3333334e-05
11780,0.007457634
11781,0.02720037
11782,0.043599118
11783,0.042162508
11784,0.023988985
11785,0.0048471703
11786,0.00094453717
11787,0.015443572
11788,0.036913514
11789,0.049477875
11790,0.044853333
11791,0.02714018
11792,0.0084672
11793,5.9737034e-05
11794,0.0054405336
11795,0.019592596
11796,0.0330672
11797,0.037973348
11798,0.03192628
11799,0.018766671
11800,0.00587067
11801,4.1614818e-05
11802,0.0040445374
11803,0.0153228
11804,0.02746196
11805,0.033667505
11806,0.030400833
11807,0.01943956
11808,0.007002315
11809,0.00022595927
11810,0.0031758372
11811,0.0013872002
11812,0.01583935
11813,0.036773335
11814,0.04746815
11815,0.039168537
11816,0.018683393
11817,0.00012675927
11818,0.0048556486
11819,0.01414117
11820,0.0013962816
11821,0.0016378704
11822,0.018933782
11823,0.038640372
11824,0.03904818
11825,0.019626683
11826,0.0002503704
11827,0.008500834
11828,0.024348505
11829,0.037547614
11830,0.038904004
11831,0.0005691259
11832,0.001957515
11833,0.0021845335
11834,0.00047468152
11835,0.00032013337
11836,0.00685037
11837,0.02034939
11838,0.031861074
11839,0.03153602
11840,0.018833425
11841,0.004224533
11842,0.00056333333
11843,0.0121471165
11844,0.031234136
11845,0.044288013
11846,0.0424128
11847,0.0273612
11848,0.0095408335
11849,0.00024844817
11850,0.005759293
11851,0.015549634
11852,0.024806459
11853,0.029057782
11854,0.026048535
11855,0.0169932
11856,0.0064337924
11857,0.0002903704
11858,0.0025699593
11859,0.0012761814
11860,0.0149931265
11861,0.0352947
11862,0.04612534
11863,0.03852083
11864,0.018683393
11865,0.0024600928
11866,0.002144893
11867,0.017376136
11868,0.03656357
11869,0.0021112037
11870,0.015946759
11871,0.030784033
11872,0.030592136
11873,0.015097633
11874,0.0010880148
11875,0.0050440338
11876,0.002644537
11877,0.027765349
11878,0.0036446815
11879,0.027785635
11880,0.045552038
11881,0.035020836
11882,0.009720001
11883,0.00055183703
11884,0.020488536
11885,0.0038156484
11886,0.032934535
11887,0.060181342
11888,0.05564213
11889,0.025288032
11890,0.0015312927
11891,0.008112594
11892,0.038377635
11893,0.064929515
11894,0.066082135
11895,0.042814817
11896,0.014257201
11897,0.00024083335
11898,0.006981959
11899,0.025813332
11900,0.042037632
11901,0.045448188
11902,0.0352947
11903,0.018600302
11904,0.0046875
11905,2.7392594e-05
11906,0.00089289254
11907,0.011629572
11908,0.02833613
11909,0.03991885
11910,0.038688235
11911,0.0255792
11912,0.00935156
11913,0.00034003335
11914,0.0037781487
11915,0.016898133
11916,0.031212624
11917,0.037973348
11918,0.033422284
11919,0.020488536
11920,0.006810134
11921,0.00010957038
11922,0.0038760337
11923,0.0014467594
11924,0.016162671
11925,0.037265126
11926,0.047866758
11927,0.039313197
11928,0.0001253926
11929,1.4700002e-05
11930,0.0007701334
11931,0.003883615
11932,0.0008568927
11933,0.010565634
11934,0.0018828483
11935,0.016395615
11936,0.028603116
11937,0.022908034
11938,0.006385071
11939,0.000828626
11940,0.015671294
11941,0.038952034
11942,0.0023881816
11943,0.016209127
11944,0.026820298
11945,0.020715648
11946,1.4700002e-05
11947,0.003314504
11948,0.012951483
11949,0.024940833
11950,0.0014191149
11951,0.0011081814
11952,0.010120033
11953,0.0007040593
11954,0.0023349482
11955,0.0007466704
11956,0.0007939593
11957,0.0011949037
11958,0.014829634
11959,0.03157926
11960,0.033045072
11961,0.017248016
11962,0.00019934814
11963,0.0073528923
11964,0.021834014
11965,0.034770727
11966,0.03719467
11967,0.00059853337
11968,0.002195926
11969,0.0025208336
11970,0.00061955926
11971,0.0006848149
11972,0.008003333
11973,0.0213867
11974,0.0016675593
11975,0.012730801
11976,0.02205037
11977,0.01753695
11978,0.0046127997
11979,0.0006944037
11980,0.015247561
11981,0.038712185
11982,0.0024180147
11983,0.0017226816
11984,0.0016133332
11985,0.0011781335
11986,0.0005662259
11987,0.0018934261
11988,0.00023148149
11989,0.0020008332
11990,0.011920135
11991,0.022779258
11992,0.023037173
11993,0.011564034
11994,0.00079739257
11995,0.004360093
11996,0.022963336
11997,0.043067034
11998,0.048964806
11999,0.0008146704
12000,0.0028942816
12001,0.0032865335
12002,0.0009075
12003,0.0005749482
12004,0.0081565045
12005,0.022249632
12006,0.0017378703
12007,0.013174059
12008,0.02272418
12009,0.018023837
12010,0.004746015
12011,0.0007600333
12012,0.014329959
12013,0.03614584
12014,0.048534814
12015,0.04111935
12016,0.020176135
12017,0.000116033334
12018,0.004788033
12019,0.014068893
12020,0.023613425
12021,0.0012980149
12022,0.0107541345
12023,0.0014467594
12024,0.0010880148
12025,0.007905634
12026,0.008738134
12027,0.0020944595
12028,0.0012936335
12029,0.0018723003
12030,0.021315558
12031,0.042840004
12032,0.0013826704
12033,0.00038640367
12034,0.00010083333
12035,3.7925927e-06
12036,0.0011285334
12037,0.006710059
12038,0.015977517
12039,0.0010364482
12040,0.00665037
12041,0.0091875
12042,0.0043200003
12043,9.4814817e-07
12044,0.0012588482
12045,0.0174243
12046,0.039845925
12047,0.04725624
12048,0.00059259264
12049,0.0009937927
12050,0.00021333335
12051,0.00071703707
12052,0.00679006
12053,0.018286237
12054,0.028090801
12055,0.02794818
12056,0.016977338
12057,0.0039445334
12058,0.00046939263
12059,0.011097634
12060,0.029265637
12061,0.04238774
12062,0.041440833
12063,0.02738134
12064,1.3781483e-05
12065,0.00040578152
12066,0.0021336332
12067,0.00050430006
12068,0.0070737926
12069,0.019900458
12070,0.030656032
12071,0.030188981
12072,0.01799117
12073,0.0040290705
12074,0.00056044816
12075,0.011867037
12076,0.03054957
12077,0.043522906
12078,0.04191295
12079,0.027240535
12080,1.00148145e-05
12081,0.00046675923
12082,0.0022939595
12083,0.0061537824
12084,0.012200834
12085,0.018650135
12086,0.021816036
12087,0.018616905
12088,0.010010133
12089,0.0017480336
12090,0.0008568927
12091,0.010058904
12092,0.024825636
12093,0.03598403
12094,0.036099575
12095,0.024940833
12096,0.009792134
12097,0.0005432926
12098,0.0031280038
12099,0.015762849
12100,0.030400833
12101,0.037997074
12102,0.03411565
12103,0.021280035
12104,0.0072488924
12105,0.00014963334
12106,0.0038081335
12107,0.01574757
12108,0.02880934
12109,0.035386227
12110,0.03173085
12111,0.020003615
12112,0.007002315
12113,0.00018253335
12114,0.0034347004
12115,0.0148592945
12116,0.027826227
12117,0.034793425
12118,0.03170917
12119,0.020332035
12120,0.0073008006
12121,0.0001744037
12122,0.0043842373
12123,0.0010325334
12124,0.0118803
12125,0.029120062
12126,0.039845925
12127,0.035043616
12128,0.00017120372
12129,1.2892592e-05
12130,8.670001e-05
12131,0.0023763
12132,0.009292801
12133,0.019270224
12134,0.026265074
12135,0.0243675
12136,0.013953634
12137,0.0028421334
12138,0.0006880038
12139,0.010982534
12140,0.027765349
12141,0.039870232
12142,0.03912037
12143,0.026166534
12144,0.009696014
12145,0.0003888
12146,0.0037185336
12147,0.016977338
12148,0.031471208
12149,0.038353797
12150,0.033712182
12151,0.020610668
12152,0.006820181
12153,0.000103292594
12154,0.0039368924
12155,0.0157323
12156,0.028500285
12157,0.0348843
12158,0.0009785037
12159,0.0059925327
12160,0.0106408335
12161,0.008579572
12162,0.0019413929
12163,0.0005691259
12164,0.010880726
12165,0.028954137
12166,0.04104534
12167,0.036843393
12168,0.019541517
12169,0.003314504
12170,0.0013556482
12171,0.015352949
12172,0.034929782
12173,0.046177633
12174,0.041863125
12175,0.0004008926
12176,7.3633346e-05
12177,0.00041070004
12178,0.000103292594
12179,0.0006045037
12180,0.005722404
12181,0.0013067999
12182,0.013924894
12183,0.029161615
12184,0.030443296
12185,0.015824035
12186,0.0014237036
12187,0.0043842373
12188,0.025346134
12189,0.047893398
12190,0.053876285
12191,0.039168537
12192,0.015762849
12193,0.001005337
12194,0.0041301334
12195,0.020891206
12196,0.038473073
12197,0.04518907
12198,0.037594803
12199,0.021262279
12200,3.703704e-07
12201,0.00086403335
12202,0.0032033334
12203,0.0072696335
12204,0.012951483
12205,0.018567115
12206,0.020908799
12207,0.017440371
12208,9.245926e-05
12209,1.0403704e-05
12210,0.00025423706
12211,0.00034003335
12212,0.0060302825
12213,0.018122016
12214,0.029078534
12215,0.029557869
12216,0.018253334
12217,1.4237037e-05
12218,0.0022360333
12219,0.008355571
12220,0.016977338
12221,0.024329519
12222,0.025950404
12223,0.019952003
12224,0.00935156
12225,0.0010920333
12226,0.0015744594
12227,0.011867037
12228,0.0018460593
12229,0.018204033
12230,0.039216727
12231,0.045292627
12232,0.030422058
12233,0.008624727
12234,0.00012951484
12235,0.012896133
12236,0.036610138
12237,0.05275214
12238,0.049803294
12239,0.030976532
12240,0.00999796
12241,0.00011472593
12242,0.0057040043
12243,0.0018565333
12244,0.019490505
12245,0.043142848
12246,0.05331273
12247,0.04193787
12248,0.018700033
12249,0.0018512926
12250,0.0031552927
12251,0.019969199
12252,0.039096303
12253,0.04725624
12254,0.03994317
12255,0.022779258
12256,0.0065317936
12257,3.1148147e-06
12258,0.0054495153
12259,0.018335648
12260,0.030634727
12261,0.0015028483
12262,0.011668981
12263,0.02366957
12264,0.024653334
12265,0.012785792
12266,0.0010482371
12267,0.004114504
12268,0.023111125
12269,0.04395565
12270,0.050238848
12271,0.03731214
12272,5.8800008e-05
12273,0.0001808926
12274,0.0015456147
12275,0.0051832926
12276,0.0008568927
12277,0.010218226
12278,0.02507557
12279,0.032450374
12280,0.024576949
12281,0.008489615
12282,1.9592594e-06
12283,0.008840834
12284,0.0025208336
12285,0.02524934
12286,0.052027795
12287,0.0021392591
12288,0.010982534
12289,0.014286281
12290,0.006860449
12291,3.557037e-05
12292,0.007563115
12293,0.028090801
12294,0.0024661333
12295,0.0019413929
12296,0.016961483
12297,0.02530739
12298,0.0148592945
12299,0.0011041333
12300,0.0059173927
12301,0.030273639
12302,0.05278009
12303,0.052640375
12304,0.0003792593
12305,0.00022231482
12306,4.9837035e-05
12307,0.0019467594
12308,0.008333335
12309,0.018171204
12310,0.025637634
12311,0.02444356
12312,0.0143883005
12313,0.0031212
12314,0.0005691259
12315,0.010653393
12316,0.02762356
12317,0.04011363
12318,0.039603338
12319,0.00050430006
12320,0.0015889816
12321,0.0017075593
12322,0.00029453338
12323,0.00094453717
12324,0.008145514
12325,0.020680629
12326,0.030379618
12327,0.02903704
12328,0.016866505
12329,2.8033332e-05
12330,0.0025699593
12331,0.009106015
12332,0.017828282
12333,0.024864003
12334,0.025950404
12335,0.019575559
12336,0.0089671705
12337,0.0009709037
12338,0.0016775148
12339,0.011973349
12340,0.026245346
12341,0.0017633336
12342,0.014359115
12343,0.028541394
12344,0.02899557
12345,0.014652302
12346,0.0011449482
12347,0.0046542264
12348,0.025346134
12349,0.047176894
12350,0.05278009
12351,0.038258504
12352,0.015383126
12353,0.0009709037
12354,0.00407556
12355,0.0205932
12356,0.037997074
12357,0.04475028
12358,0.037382696
12359,0.021262279
12360,0.0061251707
12361,4.0333334e-06
12362,0.005113426
12363,0.0015075706
12364,0.0019953926
12365,0.023222284
12366,0.049613334
12367,0.055670854
12368,0.03593787
12369,0.009481482
12370,0.00027401483
12371,0.015564815
12372,0.041639294
12373,0.05749482
12374,0.052111123
12375,0.030890903
12376,0.009140893
12377,1.8670371e-05
12378,0.0012075593
12379,0.015352949
12380,0.03552374
12381,0.04720334
12382,0.042814817
12383,0.00040578152
12384,0.0009976333
12385,0.0009482815
12386,2.43e-05
12387,0.0016526815
12388,0.0076906714
12389,0.017488627
12390,0.02530739
12391,0.024596034
12392,0.00020453705
12393,0.0001617815
12394,4.0059258e-05
12395,0.0017176333
12396,0.0077227256
12397,0.01739218
12398,0.02507557
12399,0.024348505
12400,0.014608134
12401,0.0033075
12402,0.000490726
12403,0.0014191149
12404,0.017763335
12405,0.040996037
12406,0.052027795
12407,0.041888036
12408,0.019270224
12409,0.0021280148
12410,0.0028227004
12411,0.019388681
12412,0.038784057
12413,0.04746815
12414,0.04050463
12415,0.023277957
12416,0.0067500006
12417,6.533333e-06
12418,0.0009785037
12419,0.012827116
12420,0.030741341
12421,0.042437874
12422,0.0013288924
12423,0.0079489825
12424,0.0136107
12425,0.0002277926
12426,0.0001393926
12427,0.0003311148
12428,0.0045387005
12429,0.014286281
12430,0.024348505
12431,0.0009937927
12432,0.0055306815
12433,0.007332033
12434,0.0031484596
12435,0.00029453338
12436,0.0075208335
12437,0.022249632
12438,0.034250673
12439,0.033222314
12440,0.01933787
12441,0.0041067
12442,0.0007040593
12443,0.012937633
12444,0.03229707
12445,0.045008138
12446,0.042513132
12447,0.027040016
12448,6.2259264e-06
12449,0.00055183703
12450,0.0025208336
12451,0.006463115
12452,0.012444034
12453,0.018683393
12454,0.00092222594
12455,0.007002315
12456,0.012827116
12457,0.010553126
12458,0.0026257925
12459,0.00078370364
12460,0.012730801
12461,0.0024000928
12462,0.02228596
12463,0.042991295
12464,0.04178845
12465,0.020141572
12466,0.0014606816
12467,0.006087126
12468,0.031406462
12469,0.0033075
12470,0.026502317
12471,0.04877645
12472,0.0013781481
12473,0.0046958374
12474,0.0035788487
12475,0.00013511482
12476,0.0008356483
12477,0.013216004
12478,0.03216596
12479,0.040211204
12480,0.029161615
12481,0.009410503
12482,5.348148e-06
12483,0.010665959
12484,0.033555925
12485,0.050840836
12486,0.04988482
12487,0.032253336
12488,0.011046404
12489,0.00024272593
12490,0.0052271998
12491,0.020698136
12492,0.035684507
12493,0.04089752
12494,0.033936035
12495,0.00026601483
12496,0.0005955593
12497,0.0005320037
12498,4.0333334e-06
12499,0.00032013337
12500,0.0062785344
12501,0.0189003
12502,0.030083334
12503,0.030316005
12504,0.018500835
12505,0.004352059
12506,0.00045890373
12507,0.011564034
12508,0.030443296
12509,0.0437772
12510,0.04238774
12511,0.027664037
12512,0.009804182
12513,0.0002841815
12514,0.004304015
12515,0.0017025335
12516,0.0022475594
12517,0.02559867
12518,0.0034992
12519,0.026980003
12520,0.044441838
12521,0.034250673
12522,9.633333e-06
12523,0.0006880038
12524,0.010590672
12525,0.02762356
12526,0.03912037
12527,0.0352947
12528,0.0189003
12529,0.0032865335
12530,0.0012545333
12531,0.0147852
12532,0.034048237
12533,0.045448188
12534,0.041589636
12535,0.025696134
12536,0.008388981
12537,0.00010957038
12538,0.004804893
12539,0.018335648
12540,0.031904537
12541,0.037476897
12542,0.032144133
12543,0.019304035
12544,0.0062400145
12545,7.25926e-05
12546,0.0038988001
12547,0.015292681
12548,0.027704537
12549,0.03409317
12550,0.030805392
12551,0.019677872
12552,0.0070533343
12553,0.00016961481
12554,0.0006015148
12555,0.008200534
12556,0.021547202
12557,0.03284624
12558,0.034544133
12559,0.02507557
12560,0.010578148
12561,0.000828626
12562,0.0025823151
12563,0.01493357
12564,0.030062228
12565,0.038473073
12566,0.035043616
12567,0.022104625
12568,0.0076373927
12569,0.00017763334
12570,0.0038156484
12571,0.015992904
12572,0.0018200038
12573,0.017104447
12574,0.0369369
12575,0.042940836
12576,0.029161615
12577,0.0084224595
12578,0.000103292594
12579,0.012295127
12580,0.03547787
12581,0.05163984
12582,0.049234502
12583,0.00051253336
12584,0.0013156149
12585,0.0012805335
12586,0.00013795926
12587,0.0011907001
12588,0.008388981
12589,0.020418903
12590,0.02953695
12591,0.028070405
12592,0.00020628147
12593,0.00011867038
12594,4.8981477e-05
12595,0.00030933708
12596,0.005889338
12597,0.017925927
12598,0.028954137
12599,0.029578803
12600,0.018352134
12601,0.004448949
12602,0.00039361484
12603,0.011174701
12604,0.029956805
12605,0.043472134
12606,0.0014513928
12607,0.0009075
12608,0.008322226
12609,0.012512015
12610,4.645926e-05
12611,0.000420626
12612,0.004481482
12613,0.0011656334
12614,0.012923794
12615,0.027522506
12616,0.029099291
12617,0.01533787
12618,0.0014282999
12619,0.0041614817
12620,0.024576949
12621,0.0029205335
12622,0.024424534
12623,0.045734063
12624,0.043548305
12625,0.020471115
12626,0.0013467001
12627,0.006600833
12628,0.032692008
12629,0.05726158
12630,0.060360633
12631,0.0408483
12632,0.014696535
12633,0.00048
12634,0.0013067999
12635,0.01721606
12636,0.039289072
12637,0.05114317
12638,0.04513734
12639,0.026522135
12640,0.007873201
12641,1.814815e-05
12642,0.005833426
12643,0.019900458
12644,0.032956626
12645,0.0015552
12646,0.0013333336
12647,0.0141991265
12648,0.02600926
12649,0.021475794
12650,0.0062400145
12651,0.00076339254
12652,0.014800004
12653,0.0027456335
12654,0.0248832
12655,0.04722978
12656,0.04524083
12657,0.021422315
12658,0.0014793482
12659,0.006600833
12660,0.03317796
12661,0.058197394
12662,0.002259115
12663,0.013342238
12664,0.021672452
12665,0.016504895
12666,0.0039751707
12667,0.0007803
12668,0.00192
12669,0.0028162373
12670,0.0035208336
12671,0.0037781487
12672,0.03236273
12673,0.0022475594
12674,0.009164182
12675,0.006660301
12676,0.00024653334
12677,0.0054495153
12678,0.023389515
12679,0.0019953926
12680,0.012896133
12681,0.00077351485
12682,0.00015413333
12683,0.0001226815
12684,0.00058963336
12685,0.0061061336
12686,0.0012761814
12687,0.012066761
12688,0.0012416334
12689,0.00685037
12690,0.006810134
12691,0.0011739593
12692,0.0019845334
12693,0.0160083
12694,0.0339809
12695,0.039579116
12696,0.00049342593
12697,0.00081120007
12698,0.0001393926
12699,0.0008216334
12700,0.0008427
12701,0.011668981
12702,0.028520834
12703,0.036261637
12704,0.026840236
12705,0.008955648
12706,1.8148148e-07
12707,0.0016925039
12708,0.0217083
12709,0.048722703
12710,0.059674807
12711,0.04602084
12712,0.019831836
12713,0.0017176333
12714,0.0038081335
12715,0.022014238
12716,0.041540004
12717,0.048830226
12718,0.0401868
12719,0.022213338
12720,0.0060019596
12721,2.9037037e-06
12722,0.005833426
12723,0.018633515
12724,0.030507041
12725,0.0014653371
12726,0.011368534
12727,0.023166671
12728,0.02421574
12729,0.0126075
12730,0.0010443002
12731,0.004052282
12732,0.0023526258
12733,0.003026726
12734,0.031861074
12735,0.06063006
12736,0.05734898
12737,0.026800372
12738,0.0018775705
12739,0.007669338
12740,0.03818712
12741,0.003755737
12742,0.029182406
12743,0.052808058
12744,0.048884038
12745,0.022231482
12746,0.0012936335
12747,0.0075842994
12748,0.0034062262
12749,0.03395846
12750,0.067339614
12751,0.07063218
12752,0.042137515
12753,4.645926e-05
12754,0.004712534
12755,0.014622849
12756,0.024825636
12757,0.030104447
12758,0.027522506
12759,0.018122016
12760,0.006910948
12761,0.00013511482
12762,0.0037259592
12763,0.0112004485
12764,0.019866135
12765,0.025793782
12766,0.0009111704
12767,0.006211204
12768,0.011252034
12769,0.009199171
12770,0.0021788483
12771,0.0008676149
12772,0.012416894
12773,0.03112667
12774,0.042563334
12775,0.037100833
12776,0.019000834
12777,0.0029403002
12778,0.0008568927
12779,0.0136107
12780,0.033111483
12781,0.045474134
12782,0.042437874
12783,0.026680948
12784,0.008921127
12785,0.00015413333
12786,0.0009861334
12787,0.013314134
12788,0.03183935
12789,0.002144893
12790,0.0018775705
12791,0.019017613
12792,0.03380163
12793,0.027421633
12794,0.008036033
12795,0.0003984593
12796,0.0025025331
12797,0.02943245
12798,0.061080445
12799,0.06620735
12800,0.040922135
12801,0.009925071
12802,0.0005348148
12803,0.0026195594
12804,0.029893637
12805,0.06299028
12806,0.07252084
12807,0.052083332
12808,0.020038063
12809,0.00035822592
12810,0.008647349
12811,0.021834014
12812,0.03183935
12813,0.033734538
12814,0.027120132
12815,0.0155952005
12816,0.004838701
12817,2.8681483e-05
12818,0.0035643002
12819,0.0012588482
12820,0.014402905
12821,0.034025785
12822,0.044776037
12823,0.037712894
12824,0.00014228148
12825,9.4814817e-07
12826,0.00011472593
12827,0.0026948482
12828,0.010010133
12829,0.020107038
12830,0.02678045
12831,0.024386503
12832,0.01366756
12833,0.0026508
12834,0.00078370364
12835,0.011239125
12836,0.027907502
12837,0.0397488
12838,0.0013377817
12839,0.00821156
12840,0.014097781
12841,0.011136133
12842,0.002607115
12843,0.00092592597
12844,0.013525635
12845,0.0334668
12846,0.045033958
12847,0.03852083
12848,0.00015717038
12849,9.633333e-06
12850,0.0005432926
12851,0.0031689818
12852,0.009339793
12853,0.0011656334
12854,0.011721633
12855,0.024921617
12856,0.026522135
12857,0.00012
12858,5.157037e-05
12859,0.0019146705
12860,0.00821156
12861,0.01799117
12862,0.025481962
12863,0.0243675
12864,0.014402905
12865,0.0031552927
12866,0.00055183703
12867,0.010590672
12868,0.027562905
12869,0.0020722374
12870,0.01678756
12871,0.032626018
12872,0.032450374
12873,0.0160083
12874,0.0011823149
12875,0.0051483
12876,0.027180301
12877,0.049694702
12878,0.05467024
12879,0.038880005
12880,0.015172504
12881,0.0008251259
12882,0.0044652
12883,0.021333337
12884,0.038568627
12885,0.0018881336
12886,0.013910533
12887,0.027220452
12888,0.027522506
12889,0.013824534
12890,0.0010325334
12891,0.004637634
12892,0.024844816
12893,0.046229962
12894,0.051833633
12895,0.037736535
12896,0.015277635
12897,0.0010014815
12898,0.0011081814
12899,0.015473839
12900,0.036238458
12901,0.048293784
12902,0.043700833
12903,0.026522135
12904,0.008344448
12905,6.650371e-05
12906,0.005271293
12907,0.001697515
12908,0.002190226
12909,0.0030200335
12910,0.0037185336
12911,0.03552374
12912,0.060241077
12913,0.04741513
12914,0.014213634
12915,0.00028009262
12916,0.022267794
12917,0.058904245
12918,0.07590271
12919,0.059466854
12920,0.025637634
12921,0.0022302817
12922,0.0046459264
12923,0.026403332
12924,0.048347294
12925,0.054698702
12926,0.0428652
12927,0.022122726
12928,0.005174534
12929,9.481482e-05
12930,0.0070635593
12931,0.020055294
12932,0.031083738
12933,0.034318287
12934,0.028459199
12935,0.0002503704
12936,0.0006595704
12937,0.0006440333
12938,2.0281483e-05
12939,0.0013781481
12940,0.008079737
12941,0.0014099594
12942,0.014315395
12943,0.0018934261
12944,0.013469071
12945,0.019168982
12946,0.010453334
12947,0.0004008926
12948,0.00658107
12949,0.028892035
12950,0.048588466
12951,0.047840133
12952,0.02746196
12953,0.0056672934
12954,0.0009482815
12955,0.0165675
12956,0.03950651
12957,0.052361485
12958,0.04670223
12959,0.02762356
12960,0.008244681
12961,2.2533332e-05
12962,0.0059643
12963,0.020384135
12964,0.03362285
12965,0.037973348
12966,0.00088563334
12967,0.005113426
12968,0.009129259
12969,0.0073737823
12970,0.0015987
12971,0.0009976333
12972,0.0015123001
12973,0.01866676
12974,0.0028162373
12975,0.022650847
12976,0.03804454
12977,0.029704534
12978,0.008277871
12979,0.0005404593
12980,0.018733338
12981,0.048026673
12982,0.06256334
12983,0.050375354
12984,0.022816017
12985,0.0023941335
12986,0.0034275707
12987,0.0223587
12988,0.04326935
12989,0.051225785
12990,0.04208756
12991,0.00027603333
12992,0.00046675923
12993,0.00034680005
12994,5.633333e-06
12995,0.0017684482
12996,0.008444815
12997,0.01886685
12998,0.026700838
12999,0.025365515
13000,0.0148148155
13001,0.0031621335
13002,0.0006075001
13003,0.0014606816
13004,0.018072894
13005,0.041540004
13006,0.052500837
13007,0.042112533
13008,0.019253334
13009,0.0020888927
13010,0.0028942816
13011,0.019558534
13012,0.038952034
13013,0.04754774
13014,0.040431175
13015,0.023185201
13016,0.006700093
13017,5.0703707e-06
13018,0.0054675005
13019,0.018467737
13020,0.030869516
13021,0.035661515
13022,0.030464534
13023,0.018368628
13024,0.0060397373
13025,8.4448155e-05
13026,0.0036446815
13027,0.014667036
13028,0.026980003
13029,0.03362285
13030,0.030741341
13031,0.019883294
13032,0.00725926
13033,0.0002600926
13034,0.0031280038
13035,0.0143883005
13036,0.027542701
13037,0.034907043
13038,0.032100506
13039,0.020750703
13040,1.08e-05
13041,0.00030720004
13042,0.0017633336
13043,0.005297837
13044,0.011368534
13045,0.0183027
13046,0.022140836
13047,0.019354803
13048,0.0106408335
13049,0.001962904
13050,0.0007803
13051,0.010058904
13052,0.025152726
13053,0.03656357
13054,0.03668003
13055,0.025268683
13056,0.009852448
13057,0.0005320037
13058,0.0008356483
13059,0.012106904
13060,0.029704534
13061,0.04166413
13062,0.039967503
13063,0.026048535
13064,0.009292801
13065,0.00028213335
13066,0.004052282
13067,0.0174243
13068,0.0019467594
13069,0.018007502
13070,0.038425334
13071,0.044262405
13072,0.0005208334
13073,0.00080083334
13074,1.00148145e-05
13075,0.00022963336
13076,0.004923737
13077,0.015900683
13078,0.02678045
13079,0.028356628
13080,0.018269781
13081,0.004779615
13082,0.0002561815
13083,0.010391204
13084,0.02903704
13085,0.043067034
13086,0.042663835
13087,0.0005292
13088,0.00012813334
13089,0.00077351485
13090,0.00037218147
13091,0.00028623705
13092,0.0050960337
13093,0.015992904
13094,0.026641203
13095,0.028070405
13096,0.018007502
13097,0.004670848
13098,0.00027000002
13099,0.0103788
13100,0.028912727
13101,0.0428652
13102,0.04246295
13103,0.02833613
13104,0.0103664035
13105,0.00038163335
13106,0.00407556
13107,0.018072894
13108,0.032890372
13109,0.03938563
13110,0.034003336
13111,0.020384135
13112,0.006512134
13113,6.4533335e-05
13114,0.0041536335
13115,0.015946759
13116,0.028500285
13117,0.034634683
13118,0.030912302
13119,0.019490505
13120,0.00685037
13121,0.00018253335
13122,0.003342593
13123,0.014578726
13124,0.02746196
13125,0.0015889816
13126,0.0127445385
13127,0.025676623
13128,0.026482506
13129,0.013596503
13130,0.0011000925
13131,0.0043280036
13132,0.0240267
13133,0.045318533
13134,0.051336035
13135,0.037760183
13136,0.015504135
13137,0.0010880148
13138,0.003793126
13139,0.020020833
13140,0.037524033
13141,0.044647347
13142,0.037618402
13143,0.021565072
13144,0.0062978375
13145,7.837038e-06
13146,0.0009185334
13147,0.012187392
13148,0.02953695
13149,0.041242853
13150,0.03950651
13151,0.025754703
13152,0.009199171
13153,0.00028213335
13154,0.004005926
13155,0.017264005
13156,0.0019413929
13157,0.017958535
13158,0.038353797
13159,0.044211205
13160,0.029704534
13161,0.0084224595
13162,0.00012951484
13163,0.012703349
13164,0.0028356484
13165,0.027040016
13166,0.05475565
13167,0.059200015
13168,0.03675
13169,0.0089902375
13170,0.00048534822
13171,0.017152237
13172,0.043675397
13173,0.05869764
13174,0.0015648151
13175,0.0084224595
13176,0.013953634
13177,0.0107541345
13178,0.0023881816
13179,0.0006533334
13180,0.012120301
13181,0.031492803
13182,0.0021280148
13183,0.0015987
13184,0.014126699
13185,0.021120531
13186,0.012160533
13187,0.00024083335
13188,0.008377838
13189,0.024844816
13190,0.037594803
13191,0.035661515
13192,0.020141572
13193,0.003998226
13194,0.0009075
13195,0.0139968
13196,0.03377926
13197,0.04607307
13198,0.042714138
13199,0.02666107
13200,0.008806533
13201,0.0001323
13202,0.004830237
13203,0.018650135
13204,0.032450374
13205,0.037997074
13206,0.0324723
13207,0.019371737
13208,1.337037e-06
13209,0.0005264037
13210,0.0023408332
13211,0.0060966257
13212,0.01198667
13213,0.018352134
13214,0.021547202
13215,0.018484281
13216,0.010010133
13217,3.2033335e-05
13218,0.0021731704
13219,0.00791646
13220,0.0011122372
13221,0.012120301
13222,0.028418152
13223,0.035454948
13224,0.0005348148
13225,0.0010960593
13226,0.00032450372
13227,0.0005320037
13228,0.006317171
13229,0.01787707
13230,0.028131617
13231,0.028397633
13232,0.017472534
13233,0.0041693375
13234,0.0004181333
13235,0.011020834
13236,0.02941157
13237,0.042739294
13238,0.041838225
13239,0.02762356
13240,0.009985792
13241,0.00033555928
13242,0.004114504
13243,0.017925927
13244,0.032538135
13245,0.038952034
13246,0.033712182
13247,0.02026267
13248,0.0065219593
13249,7.053334e-05
13250,0.0040833335
13251,0.0014467594
13252,0.016069962
13253,0.03705396
13254,0.04768054
13255,0.039168537
13256,0.018600302
13257,0.0022881336
13258,0.0023703706
13259,0.017958535
13260,0.037077393
13261,0.046439562
13262,0.040431175
13263,0.023782061
13264,0.007176533
13265,2.5514819e-05
13266,0.0051832926
13267,0.018286237
13268,0.031062286
13269,0.03614584
13270,0.030997962
13271,0.018716682
13272,0.0061442372
13273,8.4448155e-05
13274,0.0037037039
13275,0.0148592945
13276,0.001697515
13277,0.016224626
13278,0.035432037
13279,0.0016925039
13280,0.009386904
13281,0.012471205
13282,0.005983115
13283,1.564815e-05
13284,0.0013872002
13285,0.019084813
13286,0.043016538
13287,0.0020226706
13288,0.010969782
13289,0.014490683
13290,0.0070840325
13291,5.3333337e-05
13292,0.0074051702
13293,0.027968537
13294,0.04518907
13295,0.04372628
13296,0.024825636
13297,0.0049922997
13298,0.0008568927
13299,0.014300834
13300,0.034725346
13301,0.0022997928
13302,0.017682316
13303,0.03382402
13304,0.033222314
13305,0.01617815
13306,0.001132626
13307,0.0014840333
13308,0.021244537
13309,0.048588466
13310,0.060032137
13311,0.046623353
13312,0.02024535
13313,0.0018096336
13314,0.0037482816
13315,0.02205037
13316,0.04176357
13317,0.049180508
13318,0.0011081814
13319,0.00592676
13320,0.010205926
13321,0.008057871
13322,0.0017176333
13323,0.0005749482
13324,0.010842672
13325,0.028830001
13326,0.040872905
13327,0.036726672
13328,0.0195075
13329,0.0033215152
13330,0.0013422371
13331,0.015307739
13332,0.03483885
13333,0.002190226
13334,0.01678756
13335,0.001962904
13336,0.013639115
13337,0.019270224
13338,0.010453334
13339,0.00039120376
13340,0.00665037
13341,0.02903704
13342,0.048722703
13343,0.047866758
13344,0.027441796
13345,0.0056398376
13346,0.0009595593
13347,0.016614534
13348,0.039554905
13349,0.05238934
13350,0.0014191149
13351,0.007862403
13352,0.013202014
13353,0.010279837
13354,2.0281483e-05
13355,0.0027011705
13356,0.011020834
13357,0.022231482
13358,0.029140834
13359,0.025891613
13360,0.014040034
13361,0.002514726
13362,0.0009785037
13363,0.012053393
13364,0.028954137
13365,0.040406704
13366,0.038832016
13367,0.025462536
13368,0.0091875
13369,0.00030507034
13370,0.0038760337
13371,0.01700907
13372,0.031191127
13373,0.03785485
13374,0.033244506
13375,0.00032450372
13376,0.0008820149
13377,0.0008784038
13378,5.9737034e-05
13379,0.0012718369
13380,0.008145514
13381,0.019575559
13382,0.028397633
13383,0.027180301
13384,0.015900683
13385,0.0034062262
13386,0.0006225926
13387,0.0015217816
13388,0.0023114816
13389,0.026423115
13390,0.05532676
13391,0.0022823147
13392,0.011668981
13393,0.015157515
13394,0.0073424596
13395,5.422593e-05
13396,0.0075842994
13397,0.028520834
13398,0.045864303
13399,0.044211205
13400,0.024960058
13401,0.004949393
13402,0.001024726
13403,0.016054533
13404,0.037973348
13405,0.0023881816
13406,0.0019899593
13407,0.019969199
13408,0.03531757
13409,0.028561959
13410,4.0333334e-06
13411,0.0032033334
13412,0.012951483
13413,0.0016378704
13414,0.01533787
13415,0.031040832
13416,0.031644184
13417,0.016054533
13418,0.00021511482
13419,0.0074786707
13420,0.022014238
13421,0.034907043
13422,0.037218153
13423,0.027060032
13424,0.0113425935
13425,0.00086403335
13426,0.0027840333
13427,0.015778134
13428,0.031298704
13429,0.039482314
13430,0.035454948
13431,0.021996183
13432,0.007394701
13433,0.0001323
13434,0.004021348
13435,0.0015028483
13436,0.01667735
13437,0.03818712
13438,0.04874957
13439,0.0397488
13440,0.018650135
13441,0.0022073481
13442,0.0025086263
13443,0.0020117373
13444,0.022340506
13445,0.048830226
13446,0.059052035
13447,0.04511148
13448,0.019219572
13449,0.0015889816
13450,0.003883615
13451,0.021924032
13452,0.041168727
13453,0.048347294
13454,0.03979735
13455,0.022032302
13456,0.0059925327
13457,1.7925927e-06
13458,0.00097470003
13459,0.012648534
13460,0.030337198
13461,0.04198774
13462,0.039894536
13463,0.025754703
13464,0.009048034
13465,0.00024462593
13466,0.00092222594
13467,0.012772035
13468,0.030869516
13469,0.0021168
13470,0.01669307
13471,0.03229707
13472,0.032056905
13473,0.015793426
13474,0.0011490704
13475,0.0014421332
13476,0.020768238
13477,0.047707118
13478,0.05922964
13479,0.046203792
13480,0.020210724
13481,0.00021155925
13482,0.0064435597
13483,0.0013646259
13484,0.014578726
13485,0.034003336
13486,0.044493176
13487,0.03733565
13488,0.018286237
13489,0.0024721816
13490,0.0009075
13491,0.014011204
13492,0.03380163
13493,0.0460992
13494,0.0013736334
13495,0.007992448
13496,0.013568133
13497,0.0106408335
13498,0.0024300003
13499,0.00097470003
13500,0.0134832
13501,0.033111483
13502,0.044493176
13503,0.038092036
13504,0.019068003
13505,0.0027520151
13506,0.0018565333
13507,0.016708802
13508,0.03607645
13509,0.046334703
13510,0.04111935
13511,0.024634227
13512,0.007658682
13513,4.9837035e-05
13514,0.00097470003
13515,0.01299307
13516,0.03112667
13517,0.0021168
13518,0.016645927
13519,0.032209635
13520,0.031969793
13521,0.01574757
13522,0.0011449482
13523,0.0051483
13524,0.027040016
13525,0.049396683
13526,0.0021112037
13527,0.013048626
13528,0.021475794
13529,0.016520534
13530,1.7633334e-05
13531,0.0031348146
13532,0.012349171
13533,0.024083333
13534,0.030592136
13535,0.026383558
13536,0.0001323
13537,1.1614815e-05
13538,0.00029453338
13539,0.0027265332
13540,0.009106015
13541,0.018138405
13542,0.024538804
13543,0.00073342596
13544,0.0037259592
13545,0.0047964593
13546,0.0017786999
13547,0.00029872594
13548,0.007155926
13549,0.021280035
13550,0.0330672
13551,0.03240653
13552,0.01911846
13553,0.0041850703
13554,0.0006317371
13555,0.012539258
13556,0.031774223
13557,0.04467307
13558,0.042488035
13559,0.027220452
13560,0.009375116
13561,0.00021511482
13562,0.0045141336
13563,0.018368628
13564,0.03256009
13565,0.03849695
13566,0.033045072
13567,0.019763332
13568,0.0063268477
13569,6.3559266e-05
13570,0.0040445374
13571,0.015625617
13572,0.028070405
13573,0.034295738
13574,0.030805392
13575,0.019558534
13576,0.006941337
13577,0.00020280002
13578,0.00074334815
13579,0.0013826704
13580,0.017120373
13581,0.03972454
13582,0.050731115
13583,0.0010600927
13584,0.004224533
13585,0.005018133
13586,0.0017226816
13587,0.00030933708
13588,0.008046949
13589,0.0018987261
13590,0.01888357
13591,0.037618402
13592,0.037524033
13593,0.018616905
13594,0.00025423706
13595,0.0084672
13596,0.02423468
13597,0.037382696
13598,0.038784057
13599,0.0005691259
13600,0.001962904
13601,0.002195926
13602,0.00048
13603,0.00078370364
13604,0.008079737
13605,0.021138228
13606,0.03132024
13607,0.029977873
13608,0.01739218
13609,0.0036520334
13610,0.0006944037
13611,0.012214281
13612,0.030677352
13613,0.04319343
13614,0.041341785
13615,0.026760532
13616,0.009386904
13617,0.0002523
13618,0.0009520334
13619,0.013104301
13620,0.031492803
13621,0.043345336
13622,0.0013422371
13623,0.007970701
13624,0.0136107
13625,0.010703704
13626,0.0024661333
13627,0.00095579255
13628,0.013454949
13629,0.033133633
13630,0.044570222
13631,0.038163334
13632,0.01911846
13633,0.0027648
13634,0.0018512926
13635,0.016708802
13636,0.036099575
13637,0.0021392591
13638,0.016255649
13639,0.03132024
13640,0.001005337
13641,0.0036520334
13642,0.0027075
13643,0.00011867038
13644,0.004546904
13645,0.015701784
13646,0.027100096
13647,0.029057782
13648,0.018917039
13649,5.9259264e-06
13650,0.0019093482
13651,0.0075949044
13652,0.016054533
13653,0.023725783
13654,0.025911205
13655,0.020332035
13656,0.009756034
13657,6.7500005e-05
13658,0.0028942816
13659,0.0008427
13660,0.01042846
13661,0.026522135
13662,0.037382696
13663,0.033846408
13664,0.018253334
13665,0.0032309485
13666,0.00075333705
13667,0.012471205
13668,0.030976532
13669,0.043370686
13670,0.0412923
13671,0.02660148
13672,0.009269348
13673,0.00023520003
13674,0.0043200003
13675,0.017942227
13676,0.032100506
13677,0.0016625925
13678,0.012813333
13679,0.02559867
13680,0.026284803
13681,0.013426727
13682,0.0010600927
13683,0.0043681334
13684,0.0024480335
13685,0.026166534
13686,0.054272532
13687,0.059437178
13688,0.03735917
13689,0.009363333
13690,0.00041317038
13691,0.016898133
13692,0.043599118
13693,0.058963332
13694,0.052500837
13695,0.03048578
13696,0.008681336
13697,0.00041070004
13698,0.001028626
13699,0.012457616
13700,0.029662596
13701,0.041094672
13702,0.039168537
13703,0.025443114
13704,0.009048034
13705,0.00022050373
13706,0.005297837
13707,0.014593427
13708,0.023744533
13709,0.028377127
13710,0.0008427
13711,0.0054675005
13712,0.009961481
13713,0.0081565045
13714,0.0018723003
13715,0.0009111704
13716,0.012066761
13717,0.030083334
13718,0.041267574
13719,0.036192138
13720,0.018716682
13721,0.0029667593
13722,0.0015312927
13723,0.015610405
13724,0.034793425
13725,0.045629997
13726,0.041193426
13727,0.025133427
13728,0.008046949
13729,8.222593e-05
13730,0.0048896335
13731,0.0016378704
13732,0.017666133
13733,0.03991885
13734,0.050320726
13735,0.040480133
13736,0.018650135
13737,0.0020722374
13738,0.0027328925
13739,0.0189003
13740,0.0380208
13741,0.04683384
13742,0.0401868
13743,0.023296537
13744,0.0068705333
13745,1.2459259e-05
13746,0.0053067002
13747,0.0183027
13748,0.030848134
13749,0.03579956
13750,0.030677352
13751,0.01853396
13752,0.0061061336
13753,8.670001e-05
13754,0.0036593927
13755,0.0013691259
13756,0.015488981
13757,0.0025514816
13758,0.0026195594
13759,0.02571565
13760,0.044621635
13761,0.035638534
13762,3.3333336e-06
13763,0.0035715702
13764,0.014068893
13765,0.026680948
13766,0.03284624
13767,0.02738134
13768,0.013710283
13769,0.0019737037
13770,0.0014934259
13771,0.013539792
13772,0.030337198
13773,0.0019683002
13774,0.015549634
13775,0.030400833
13776,0.030464534
13777,0.015157515
13778,0.00022413337
13779,0.007510282
13780,0.02205037
13781,0.034907043
13782,0.037171204
13783,0.027020006
13784,0.011303738
13785,0.0008604593
13786,0.0027840333
13787,0.015762849
13788,0.03127717
13789,0.0018096336
13790,0.014097781
13791,0.027846536
13792,0.028254237
13793,0.014242671
13794,0.0010960593
13795,0.0046293484
13796,0.02507557
13797,0.046675924
13798,0.05230579
13799,0.0380208
13800,0.01533787
13801,0.0009899593
13802,0.004005926
13803,0.020418903
13804,0.037807498
13805,0.044647347
13806,0.037382696
13807,0.021315558
13808,0.006172893
13809,5.0703707e-06
13810,0.0050960337
13811,0.017440371
13812,0.0017429481
13813,0.01617815
13814,0.035134815
13815,0.041242853
13816,0.02829517
13817,0.008322226
13818,8.0033344e-05
13819,0.01181406
13820,0.034589395
13821,0.050840836
13822,0.048884038
13823,0.031062286
13824,0.010391204
13825,0.00030720004
13826,0.006710059
13827,0.017504727
13828,0.026920063
13829,0.030400833
13830,0.026265074
13831,0.016442405
13832,7.5e-06
13833,0.0002680037
13834,0.0015792927
13835,0.004957959
13836,0.010995292
13837,0.018089259
13838,0.022195203
13839,0.019609634
13840,0.010880726
13841,0.0020611703
13842,0.000490726
13843,0.008840834
13844,0.02365085
13845,0.0357075
13846,0.036820035
13847,0.0005432926
13848,0.0019093482
13849,0.002144893
13850,0.00046675923
13851,0.00078370364
13852,0.0010130705
13853,0.013553961
13854,0.032122318
13855,0.039700285
13856,0.028541394
13857,0.0090828
13858,1.2033334e-05
13859,0.010741514
13860,0.033422284
13861,0.050484683
13862,0.049450796
13863,0.031969793
13864,7.837038e-06
13865,0.0006317371
13866,0.0027968925
13867,0.0005489815
13868,0.0073528923
13869,0.020384135
13870,0.031083738
13871,0.030358406
13872,0.017942227
13873,0.0039368924
13874,0.00061955926
13875,0.011072003
13876,0.02833613
13877,0.04074996
13878,0.039894536
13879,0.026541958
13880,0.0097440155
13881,0.00021155925
13882,0.0052624596
13883,0.014564034
13884,0.023744533
13885,0.028418152
13886,0.0008427
13887,0.005485515
13888,0.009985792
13889,0.008178503
13890,0.0018775705
13891,0.0009111704
13892,0.012066761
13893,0.030104447
13894,0.0412923
13895,0.0010482371
13896,0.004670848
13897,0.0057777814
13898,0.0021675
13899,0.00019763334
13900,0.007819292
13901,0.0019521335
13902,0.0022765037
13903,0.022889616
13904,0.040162407
13905,0.03229707
13906,0.009564626
13907,0.00035822592
13908,0.018418148
13909,0.04874957
13910,0.002953515
13911,0.019405637
13912,0.031449612
13913,0.00049342593
13914,0.00047468152
13915,0.00010453333
13916,0.0005749482
13917,0.009304538
13918,0.02421574
13919,0.032275204
13920,0.0005749482
13921,0.0013736334
13922,0.0005404593
13923,0.00033555928
13924,0.0058520334
13925,0.017698504
13926,0.0015987
13927,0.0013917371
13928,0.012539258
13929,0.018816726
13930,0.0107163
13931,0.0005292
13932,0.0060492004
13933,0.027968537
13934,0.0027456335
13935,0.020453705
13936,0.034025785
13937,0.026383558
13938,0.0071353484
13939,0.00063480006
13940,0.0025330705
13941,0.029453335
13942,0.061020307
13943,0.06605085
13944,0.040799115
13945,0.0098766275
13946,0.0005404593
13947,0.018600302
13948,0.046675924
13949,0.06180454
13950,0.053848036
13951,0.030443296
13952,0.008222593
13953,3.7925927e-06
13954,0.0075842994
13955,0.023185201
13956,0.03600713
13957,0.038808037
13958,0.030869516
13959,0.0002187
13960,0.00045630004
13961,0.0003888
13962,3.0000004e-07
13963,0.0016182258
13964,0.008189516
13965,0.018716682
13966,0.02678045
13967,0.02559867
13968,0.015052802
13969,0.0032586816
13970,0.00058373704
13971,0.010957038
13972,0.028254237
13973,0.040799115
13974,0.04001618
13975,0.02666107
13976,0.009816238
13977,0.0003745333
13978,0.0038382371
13979,0.017280001
13980,0.03183935
13981,0.038568627
13982,0.033734538
13983,0.00032231485
13984,0.0008568927
13985,0.0008427
13986,5.0700004e-05
13987,0.0012980149
13988,0.0009185334
13989,0.012227737
13990,0.029474227
13991,0.037077393
13992,0.027180301
13993,0.008932626
13994,2.1333335e-06
13995,0.010010133
13996,0.032056905
13997,0.049207505
13998,0.001697515
13999,0.0100833345
14000,0.016819116
14001,0.013020833
14002,1.8670371e-05
14003,0.0005015704
14004,0.008344448
14005,0.02309263
14006,0.034453705
14007,0.032714013
14008,0.01866676
14009,0.0037856335
14010,0.0006848149
14011,0.0015600036
14012,0.019034406
14013,0.04326935
14014,0.0023881816
14015,0.0157323
14016,0.025891613
14017,0.019934816
14018,0.00507
14019,0.0008042815
14020,0.016630227
14021,0.041366532
14022,0.054187506
14023,0.04451885
14024,0.020891206
14025,0.0024721816
14026,0.0027265332
14027,0.019797573
14028,0.0025947
14029,0.023333704
14030,0.047707118
14031,0.052500837
14032,0.0005236149
14033,0.0006286815
14034,3.8533333e-05
14035,0.0011781335
14036,0.0075737042
14037,0.018550536
14038,0.02738134
14039,0.02666107
14040,0.015900683
14041,0.0035497816
14042,0.0005348148
14043,0.011033615
14044,0.028726762
14045,0.041490402
14046,0.040627204
14047,0.026960015
14048,0.009852448
14049,0.0003559259
14050,0.0039445334
14051,0.017504727
14052,0.0320787
14053,0.0017025335
14054,0.013132183
14055,0.0016378704
14056,0.011668981
14057,0.01658317
14058,0.008863737
14059,0.00024272593
14060,0.0066404487
14061,0.02788717
14062,0.046544537
14063,0.045812182
14064,0.026383558
14065,4.4814817e-05
14066,0.0036815153
14067,0.011920135
14068,0.0213867
14069,0.027502315
14070,0.026680948
14071,0.018716682
14072,0.007808534
14073,0.00058080006
14074,0.0021618372
14075,0.012566533
14076,0.02614685
14077,0.03483885
14078,0.033200134
14079,0.022104625
14080,0.008333335
14081,0.0003651704
14082,0.0031552927
14083,0.015037871
14084,0.028830001
14085,0.03628482
14086,0.032978725
14087,0.020961635
14088,0.0073737823
14089,0.00020107038
14090,0.003513615
14091,0.015247561
14092,0.028418152
14093,0.03534045
14094,0.03199156
14095,0.02034939
14096,0.00719717
14097,0.00020453705
14098,0.0033991258
14099,0.014903837
14100,0.027988894
14101,0.035020836
14102,0.031904537
14103,0.020418903
14104,0.0073112035
14105,0.00022595927
14106,0.0033355595
14107,0.014829634
14108,0.02800926
14109,0.035134815
14110,0.032035116
14111,0.020523394
14112,0.0073424596
14113,0.0002277926
14114,0.003342593
14115,0.014874134
14116,0.028070405
14117,0.03518046
14118,0.032056905
14119,0.020523394
14120,0.007332033
14121,0.00022595927
14122,0.0033566817
14123,0.014888983
14124,0.0017786999
14125,0.016961483
14126,0.03675
14127,0.042840004
14128,0.0005264037
14129,0.00084978144
14130,8.181482e-06
14131,0.0011697926
14132,0.0063559264
14133,0.0157323
14134,0.024064451
14135,0.024424534
14136,0.015307739
14137,0.003793126
14138,0.000490726
14139,0.009386904
14140,0.024979295
14141,0.037288625
14142,0.037902225
14143,0.02632428
14144,0.010341633
14145,0.00017601483
14146,0.004788033
14147,0.013624905
14148,0.022742536
14149,0.027805924
14150,0.025950404
14151,0.017633792
14152,0.0070737926
14153,0.00043573702
14154,0.0022997928
14155,0.0124848
14156,0.02561815
14157,0.034003336
14158,0.0324723
14159,0.021744182
14160,0.008277871
14161,0.00016023703
14162,0.004296033
14163,0.012471205
14164,0.021368904
14165,0.026840236
14166,0.02571565
14167,0.017942227
14168,0.0074681477
14169,0.0005489815
14170,0.0021112037
14171,0.012281634
14172,0.025657127
14173,0.034363393
14174,0.032934535
14175,0.022104625
14176,0.0084224595
14177,0.00039603334
14178,0.0030737817
14179,0.0014746704
14180,0.016756035
14181,0.03849695
14182,0.0022188004
14183,0.0149633335
14184,0.024864003
14185,0.019253334
14186,0.004923737
14187,0.00078370364
14188,0.01630224
14189,0.0029733926
14190,0.026561795
14191,0.049912006
14192,0.04738863
14193,0.022213338
14194,0.0014840333
14195,0.006921071
14196,0.0033355595
14197,0.033489075
14198,0.06664654
14199,0.070115566
14200,0.04193787
14201,0.0095052
14202,0.00079739257
14203,0.02026267
14204,0.048884038
14205,0.0632043
14206,0.053961072
14207,0.029809518
14208,0.007701348
14209,0.0004720334
14210,0.008400134
14211,0.020610668
14212,0.030020034
14213,0.032100506
14214,0.026265074
14215,0.015504135
14216,0.0050440338
14217,6.1633335e-05
14218,0.0032656335
14219,0.013286061
14220,0.024979295
14221,0.031948037
14222,0.030020034
14223,0.00038163335
14224,0.0012892594
14225,0.0014191149
14226,0.0002187
14227,0.0009861334
14228,0.00798157
14229,0.020158846
14230,0.02968356
14231,0.0009370704
14232,0.0047292598
14233,0.0060776332
14234,0.0024120333
14235,0.00030294814
14236,0.0074261334
14237,0.0017941332
14238,0.018056534
14239,0.036215294
14240,0.036400832
14241,0.018187616
14242,0.0014746704
14243,0.0052184043
14244,0.028479736
14245,0.052138906
14246,0.057028804
14247,0.040162407
14248,0.015398227
14249,0.0007600333
14250,0.004804893
14251,0.022140836
14252,0.039433964
14253,0.045292627
14254,0.0010092
14255,0.005485515
14256,0.0005320037
14257,0.002848626
14258,0.0023232002
14259,0.000102059275
14260,0.0006595704
14261,0.0013736334
14262,0.01678756
14263,0.035112005
14264,0.0012202814
14265,0.004637634
14266,0.003711115
14267,0.00018253335
14268,0.0034275707
14269,0.01721606
14270,0.032516185
14271,0.0013691259
14272,0.0007040593
14273,0.004923737
14274,0.004983704
14275,0.0006912
14276,0.0022130706
14277,0.015398227
14278,0.03192628
14279,0.037030533
14280,0.025346134
14281,0.0074261334
14282,8.898148e-05
14283,0.011123294
14284,0.032692008
14285,0.048534814
14286,0.04725624
14287,0.0005348148
14288,0.0014793482
14289,0.0015028483
14290,0.00020628147
14291,0.0010800001
14292,0.008322226
14293,0.02062815
14294,0.030020034
14295,0.028561959
14296,0.016536182
14297,0.0034632927
14298,0.0006880038
14299,0.01189357
14300,0.029935736
14301,0.04238774
14302,0.040823705
14303,0.00047733705
14304,0.0014053927
14305,0.0014653371
14306,0.00020803335
14307,0.0010482371
14308,0.008200534
14309,0.020453705
14310,0.02987259
14311,0.028520834
14312,0.0165675
14313,0.0034920042
14314,0.0006689815
14315,0.0118405325
14316,0.029893637
14317,0.04238774
14318,0.0013826704
14319,0.008333335
14320,0.014213634
14321,0.00023894814
14322,0.00014963334
14323,0.00031579257
14324,0.0045059593
14325,0.014271738
14326,0.0243675
14327,0.026363794
14328,0.017456448
14329,3.7925927e-06
14330,0.001697515
14331,0.0070431144
14332,0.0011000925
14333,0.01217396
14334,0.028603116
14335,0.035684507
14336,0.0005376334
14337,5.7870373e-05
14338,4.0833336e-05
14339,0.0004181333
14340,0.0044165333
14341,0.013553961
14342,0.023129633
14343,0.025210671
14344,0.016866505
14345,2.7e-06
14346,0.0015987
14347,0.0067700157
14348,0.0149633335
14349,0.022889616
14350,0.02571565
14351,0.0005404593
14352,0.0024180147
14353,0.0029733926
14354,0.0008748
14355,0.00030294814
14356,0.00685037
14357,0.020453705
14358,0.032056905
14359,0.0010760038
14360,0.0054765036
14361,0.0070737926
14362,0.0029337038
14363,8.222593e-05
14364,0.0075525343
14365,0.024272595
14366,0.03792593
14367,0.036703352
14368,0.021120531
14369,0.004376182
14370,0.0008077371
14371,0.013939259
14372,0.034138132
14373,0.04678117
14374,0.04342139
14375,0.027060032
14376,0.008898149
14377,0.00012813334
14378,0.004923737
14379,0.01888357
14380,0.032736033
14381,0.03818712
14382,0.032494236
14383,0.019304035
14384,0.0061251707
14385,5.422593e-05
14386,0.0040368
14387,0.0014099594
14388,0.0019360333
14389,0.022669174
14390,0.048668988
14391,0.054812633
14392,0.03556963
14393,0.009457794
14394,0.0008427
14395,0.015247561
14396,0.037007116
14397,0.049912006
14398,0.045370374
14399,0.000420626
14400,0.0009937927
14401,0.0009296334
14402,5.6033343e-05
14403,0.0013467001
14404,0.008377838
14405,0.019900458
14406,0.028623704
14407,0.00088563334
14408,0.0044570705
14409,0.00022413337
14410,0.00041070004
14411,3e-05
14412,0.003026726
14413,0.012335648
14414,0.023445394
14415,0.027040016
14416,0.018917039
14417,0.005740834
14418,6.3559266e-05
14419,0.0090596145
14420,0.0022765037
14421,0.022889616
14422,0.047866758
14423,0.05328463
14424,0.0342732
14425,0.0089671705
14426,0.0002903704
14427,0.015232534
14428,0.040651735
14429,0.056304455
14430,0.051253334
14431,0.030613428
14432,0.009175838
14433,0.00037689265
14434,0.007457634
14435,0.01888357
14436,0.028315648
14437,0.031169636
14438,0.026265074
14439,0.016023705
14440,0.005485515
14441,0.000116033334
14442,0.0030401333
14443,0.013118238
14444,0.025152726
14445,0.03242845
14446,0.030570848
14447,0.020418903
14448,0.007808534
14449,0.0003745333
14450,0.0028681483
14451,0.01414117
14452,0.027664037
14453,0.03540913
14454,0.032714013
14455,0.021173634
14456,1.08e-05
14457,0.00031363333
14458,0.0017889815
14459,0.005342226
14460,0.011420504
14461,0.018335648
14462,0.022140836
14463,0.019320948
14464,0.0106032
14465,0.0019521335
14466,0.00078370364
14467,0.010058904
14468,0.025133427
14469,0.036540303
14470,0.03663343
14471,0.02524934
14472,0.009852448
14473,0.0005320037
14474,0.0008356483
14475,0.012093516
14476,0.02968356
14477,0.041639294
14478,0.039967503
14479,0.026048535
14480,0.009292801
14481,0.00028213335
14482,0.004052282
14483,0.017408237
14484,0.031644184
14485,0.038092036
14486,0.033222314
14487,0.020193428
14488,0.006630534
14489,9.245926e-05
14490,0.0039292593
14491,0.0155952005
14492,0.028254237
14493,0.034634683
14494,0.03112667
14495,0.019746227
14496,0.0069921343
14497,0.00019934814
14498,0.0033215152
14499,0.014622849
14500,0.027603336
14501,0.034702674
14502,0.031774223
14503,0.020453705
14504,0.007394701
14505,0.00024462593
14506,0.0032725928
14507,0.014755615
14508,0.027988894
14509,0.0016182258
14510,0.0014653371
14511,0.015428449
14512,0.028029634
14513,0.023037173
14514,0.006710059
14515,0.00042563336
14516,0.015854672
14517,0.041962802
14518,0.056333337
14519,0.04693926
14520,0.022322314
14521,0.0027648
14522,0.0026885336
14523,0.02026267
14524,0.04104534
14525,0.050129782
14526,0.042312592
14527,0.023894815
14528,0.006670237
14529,3.3333336e-08
14530,0.0059080343
14531,0.01923645
14532,0.031514402
14533,0.035868682
14534,0.03025246
14535,0.018007502
14536,0.005805571
14537,0.00019763334
14538,0.0044977926
14539,0.0127445385
14540,0.021547202
14541,0.0012416334
14542,0.010528133
14543,0.02206845
14544,0.023520002
14545,0.012498405
14546,0.0011122372
14547,0.0038156484
14548,0.022249632
14549,0.042991295
14550,0.049667574
14551,0.037288625
14552,0.015778134
14553,0.0012675
14554,0.0034275707
14555,0.01933787
14556,0.0023408332
14557,0.021138228
14558,0.002848626
14559,0.022468036
14560,0.037594803
14561,0.029286461
14562,0.008112594
14563,0.0009709037
14564,0.017958535
14565,0.043548305
14566,0.056044817
14567,0.04526673
14568,0.000121337056
14569,4.8133337e-05
14570,0.0010403704
14571,0.0044327257
14572,0.011020834
14573,0.018967297
14574,0.023632137
14575,0.020873617
14576,0.0115248
14577,0.0021505335
14578,0.0007939593
14579,0.010453334
14580,0.026028892
14581,0.037547614
14582,0.03731214
14583,0.025404302
14584,2.195926e-05
14585,0.0002600926
14586,0.001682504
14587,0.005244815
14588,0.0008356483
14589,0.009985792
14590,0.024634227
14591,0.03199156
14592,0.024348505
14593,0.008478405
14594,3.3333336e-06
14595,0.0015600036
14596,0.020418903
14597,0.046387114
14598,0.05749482
14599,0.0449565
14600,0.019763332
14601,0.0018565333
14602,0.0034920042
14603,0.021244537
14604,0.040799115
14605,0.048534814
14606,0.040333338
14607,0.022541072
14608,0.0062208
14609,3.0000004e-07
14610,0.005731615
14611,0.018616905
14612,0.030656032
14613,0.0014793482
14614,0.011472593
14615,0.023315115
14616,0.0243675
14617,0.012662225
14618,0.0010443002
14619,0.00407556
14620,0.022944896
14621,0.043751743
14622,0.0500753
14623,0.037241638
14624,0.015580004
14625,0.0011865038
14626,0.003557037
14627,0.019541517
14628,0.037100833
14629,0.044544533
14630,0.037807498
14631,0.021834014
14632,0.006453333
14633,1.2892592e-05
14634,0.005018133
14635,0.017504727
14636,0.02985156
14637,0.035066403
14638,0.030464534
14639,0.018700033
14640,0.006317171
14641,0.00011867038
14642,0.0035064039
14643,0.014578726
14644,0.027100096
14645,0.03391362
14646,0.031083738
14647,0.020107038
14648,0.007332033
14649,0.00016645927
14650,0.004264182
14651,0.012349171
14652,0.021191347
14653,0.026680948
14654,0.025637634
14655,0.017958535
14656,3e-05
14657,8.557037e-05
14658,0.0009823148
14659,0.004021348
14660,0.010205926
14661,0.018023837
14662,0.023000235
14663,0.020768238
14664,0.011748005
14665,0.0023290704
14666,0.0006880038
14667,0.010156801
14668,0.0019467594
14669,0.019524502
14670,0.04176357
14671,0.047707118
14672,0.031622536
14673,5.348148e-06
14674,0.002545337
14675,0.0008784038
14676,0.010918849
14677,0.027522506
14678,0.038425334
14679,0.03443112
14680,0.00018418148
14681,2.8681483e-05
14682,0.0002523
14683,0.002682226
14684,0.009175838
14685,0.018385127
14686,0.0248832
14687,0.023148151
14688,0.013356299
14689,2.43e-05
14690,0.0022188004
14691,0.0081565045
14692,0.0165675
14693,0.023876004
14694,0.025657127
14695,0.019883294
14696,0.009422315
14697,0.0011408334
14698,0.0015123001
14699,0.011734815
14700,0.026265074
14701,0.036122702
14702,0.034998063
14703,0.02348268
14704,0.008886671
14705,0.0004008926
14706,0.0032656335
14707,0.0015312927
14708,0.01721606
14709,0.039313197
14710,0.0499392
14711,0.040406704
14712,0.018766671
14713,0.002144893
14714,0.002644537
14715,0.0020391261
14716,0.022522798
14717,0.049153514
14718,0.059318535
14719,0.04524083
14720,0.019219572
14721,0.0015696336
14722,0.0039292593
14723,0.022014238
14724,0.041242853
14725,0.0020446258
14726,0.014888983
14727,0.02878868
14728,0.0009408001
14729,0.0034489816
14730,0.0025269485
14731,2.4903706e-05
14732,0.0039598374
14733,0.017168185
14734,0.031212624
14735,0.03382402
14736,0.02194206
14737,0.005824134
14738,0.00023894814
14739,0.011394504
14740,0.0024721816
14741,0.024064451
14742,0.049694702
14743,0.05475565
14744,0.03481614
14745,0.008909633
14746,0.00034453702
14747,0.0022881336
14748,0.026860185
14749,0.05767006
14750,0.06775086
14751,0.049803294
14752,0.019917635
14753,0.0012373483
14754,0.0014008334
14755,0.018850137
14756,0.042563334
14757,0.054471202
14758,0.047071204
14759,0.026880134
14760,0.0075313933
14761,2.3703704e-07
14762,0.0064729033
14763,0.02080333
14764,0.033489075
14765,0.03733565
14766,0.0008568927
14767,0.004940833
14768,0.008863737
14769,0.0071868487
14770,0.0015504037
14771,0.0009976333
14772,0.011867037
14773,0.029224005
14774,0.040064897
14775,0.035248984
14776,0.018335648
14777,0.002953515
14778,0.0014606816
14779,0.015247561
14780,0.034250673
14781,0.04518907
14782,0.04104534
14783,0.0003984593
14784,0.0010169483
14785,2.4903706e-05
14786,8.892593e-06
14787,0.0010443002
14788,0.0058986815
14789,0.015022948
14790,0.023445394
14791,0.024196802
14792,0.015428449
14793,0.003952182
14794,0.00028009262
14795,0.009636182
14796,0.026960015
14797,0.040480133
14798,0.0014560336
14799,0.0009408001
14800,0.008613426
14801,0.012951483
14802,4.9837035e-05
14803,0.00040578152
14804,0.0044327257
14805,0.0011656334
14806,0.012923794
14807,0.027542701
14808,0.0010169483
14809,0.0039598374
14810,0.0030872927
14811,9.245926e-05
14812,0.0036226707
14813,0.017040834
14814,0.03173085
14815,0.034770727
14816,0.022742536
14817,0.0061251707
14818,0.00059259264
14819,0.011303738
14820,0.029057782
14821,0.04166413
14822,0.040602673
14823,0.026800372
14824,0.009720001
14825,0.0003333334
14826,0.0039905333
14827,0.01753695
14828,0.03201333
14829,0.03854473
14830,0.03357823
14831,0.020332035
14832,0.006630534
14833,8.4448155e-05
14834,0.003998226
14835,0.0157323
14836,0.028377127
14837,0.03468
14838,0.031083738
14839,0.00033779262
14840,0.0010130705
14841,0.0010600927
14842,0.000107037034
14843,0.0011573371
14844,0.008068801
14845,0.019763332
14846,0.028830001
14847,0.027664037
14848,0.01617815
14849,0.0034704595
14850,0.0006256333
14851,0.0015360593
14852,0.018833425
14853,0.042915616
14854,0.053819794
14855,0.04276446
14856,0.019304035
14857,0.0019953926
14858,0.0030670373
14859,0.020020833
14860,0.03940979
14861,0.047733705
14862,0.040357783
14863,0.022981783
14864,0.0065613366
14865,2.314815e-06
14866,0.0055306815
14867,0.018484281
14868,0.030784033
14869,0.035500806
14870,0.030316005
14871,0.018286237
14872,0.0060113934
14873,0.00019253335
14874,0.004448949
14875,0.012662225
14876,0.0012892594
14877,0.012854701
14878,0.02941157
14879,0.036122702
14880,0.026028892
14881,0.008311126
14882,1.3333334e-05
14883,0.010156801
14884,0.03179593
14885,0.048508007
14886,0.0016675593
14887,0.009912948
14888,0.0165675
14889,0.012854701
14890,0.003026726
14891,0.00094453717
14892,0.014373705
14893,0.03531757
14894,0.047044802
14895,0.0397488
14896,0.0195075
14897,0.0026633483
14898,0.0009520334
14899,0.014578726
14900,0.002514726
14901,0.0027584038
14902,0.029224005
14903,0.056073632
14904,0.053565968
14905,0.00014520001
14906,0.00031795923
14907,0.0035934262
14908,0.0009899593
14909,0.012040033
14910,0.028726762
14911,0.03607645
14912,0.026482506
14913,0.008704035
14914,2.314815e-06
14915,0.009852448
14916,0.031600893
14917,0.048668988
14918,0.048508007
14919,0.031969793
14920,0.011316682
14921,0.00032669998
14922,0.004838701
14923,0.020107038
14924,0.0352947
14925,0.001727737
14926,0.013006949
14927,0.025793782
14928,0.026363794
14929,0.0134126255
14930,0.0010403704
14931,0.004424626
14932,0.024158949
14933,0.045318533
14934,0.05119824
14935,0.037571207
14936,0.015383126
14937,0.0010680334
14938,0.0038006261
14939,0.020003615
14940,0.03745333
14941,0.044544533
14942,0.037547614
14943,0.02152934
14944,0.0062978375
14945,8.533334e-06
14946,0.0050440338
14947,0.017456448
14948,0.02968356
14949,0.0348843
14950,0.030294817
14951,0.018633515
14952,0.006317171
14953,0.0001226815
14954,0.0034704595
14955,0.014505339
14956,0.027040016
14957,0.0338912
14958,0.031083738
14959,0.020141572
14960,0.0073528923
14961,0.00026403333
14962,0.0031552927
14963,0.014490683
14964,0.027704537
14965,0.035066403
14966,0.03216596
14967,0.02073317
14968,1.0403704e-05
14969,0.00031363333
14970,0.0017786999
14971,0.0053244485
14972,0.011394504
14973,0.01831917
14974,0.022122726
14975,0.019320948
14976,0.010615737
14977,0.001957515
14978,0.000490726
14979,0.00881796
14980,0.023594726
14981,0.035638534
14982,0.036773335
14983,0.0005432926
14984,0.0019146705
14985,0.0021561817
14986,0.00046939263
14987,0.00078370364
14988,0.008036033
14989,0.021049839
14990,0.031212624
14991,0.029914683
14992,0.017376136
14993,0.0036593927
14994,0.0006880038
14995,0.012187392
14996,0.030634727
14997,0.04316814
14998,0.041341785
14999,0.026760532
15000,0.009410503
15001,0.00023894814
15002,0.0056033335
15003,0.015232534
15004,0.0014008334
15005,0.013440834
15006,0.030316005
15007,0.03686676
15008,0.026284803
15009,0.008255738
15010,2.2533332e-05
15011,0.01042846
15012,0.0026382816
15013,0.025832895
15014,0.052892003
15015,0.057699297
15016,0.036192138
15017,0.009024894
15018,0.000420626
15019,0.0023763
15020,0.027643792
15021,0.05902246
15022,0.06896009
15023,0.050375354
15024,0.019952003
15025,0.0011781335
15026,0.005280133
15027,0.02530739
15028,0.0026508
15029,0.002607115
15030,0.027664037
15031,0.053425197
15032,0.051336035
15033,0.024405517
15034,0.0017889815
15035,0.006921071
15036,0.035386227
15037,0.06180454
15038,0.06446513
15039,0.0428652
15040,0.014918702
15041,0.00037689265
15042,0.0063753487
15043,0.025017781
15044,0.04171384
15045,0.045786135
15046,0.03596095
15047,0.019152133
15048,0.0049152006
15049,1.9200002e-05
15050,0.0055669486
15051,0.017360093
15052,0.028541394
15053,0.0331558
15054,0.0008676149
15055,0.0053067002
15056,0.009564626
15057,0.0077870376
15058,0.0017378703
15059,0.0009520334
15060,0.0120266825
15061,0.029809518
15062,0.040823705
15063,0.035822593
15064,0.018550536
15065,0.002953515
15066,0.0015123001
15067,0.015473839
15068,0.034589395
15069,0.045448188
15070,0.04111935
15071,0.00039361484
15072,0.0009899593
15073,2.3703706e-05
15074,1.0403704e-05
15075,0.0010600927
15076,0.005936133
15077,0.015052802
15078,0.023445394
15079,0.024158949
15080,0.015398227
15081,0.0039368924
15082,0.0002841815
15083,0.009636182
15084,0.026940035
15085,0.04045565
15086,0.04077454
15087,0.027805924
15088,0.010553126
15089,0.00048803337
15090,0.00092222594
15091,0.013020833
15092,0.031428035
15093,0.043370686
15094,0.040922135
15095,0.026127174
15096,0.009001782
15097,0.00024462593
15098,0.0056215706
15099,0.015247561
15100,0.0014008334
15101,0.0016133332
15102,0.0022533333
15103,0.022908034
15104,0.040260036
15105,0.03242845
15106,0.009624237
15107,0.0003490704
15108,0.018401636
15109,0.048803337
15110,0.06434157
15111,0.0521667
15112,0.023744533
15113,0.0025392002
15114,0.0034489816
15115,0.022779258
15116,0.044108897
15117,0.0022130706
15118,0.015885336
15119,0.030379618
15120,0.0009709037
15121,0.003513615
15122,0.0025699593
15123,2.7392594e-05
15124,0.0039598374
15125,0.01721606
15126,0.031298704
15127,0.0012761814
15128,0.0068806265
15129,0.009048034
15130,0.0040445374
15131,1.2892592e-05
15132,0.0074261334
15133,0.025268683
15134,0.04004053
15135,0.0012761814
15136,0.0062208
15137,0.007927293
15138,0.0033285336
15139,5.7870373e-05
15140,0.007658682
15141,0.024921617
15142,0.0021000335
15143,0.015717037
15144,0.02666107
15145,0.020926403
15146,0.0055669486
15147,0.0006752926
15148,0.0022649036
15149,0.02666107
15150,0.056044817
15151,0.0023114816
15152,0.011827293
15153,0.015352949
15154,0.0074471254
15155,5.9737034e-05
15156,0.0075842994
15157,0.028623704
15158,0.046046954
15159,0.044364892
15160,0.025037041
15161,0.0049665337
15162,0.001028626
15163,0.016116282
15164,0.002713837
15165,0.025133427
15166,0.05111565
15167,0.055757035
15168,0.035066403
15169,0.008783704
15170,0.00040578152
15171,0.016209127
15172,0.04201268
15173,0.057232447
15174,0.05139121
15175,0.030231293
15176,0.0088293925
15177,1.2033334e-05
15178,0.006670237
15179,0.022014238
15180,0.035432037
15181,0.039096303
15182,0.0316875
15183,0.01789335
15184,0.0052271998
15185,6.533333e-06
15186,0.004360093
15187,0.015473839
15188,0.0016428002
15189,0.015610405
15190,0.0342732
15191,0.04052913
15192,0.028029634
15193,0.008355571
15194,6.4533335e-05
15195,0.0018460593
15196,0.0028162373
15197,0.031169636
15198,0.06360273
15199,0.068068035
15200,0.041490402
15201,0.009780092
15202,0.0006409481
15203,0.01933787
15204,0.047733705
15205,0.06256334
15206,0.054017637
15207,0.030210137
15208,0.008003333
15209,1.08e-05
15210,0.0077655716
15211,0.023315115
15212,0.03596095
15213,0.038616452
15214,0.030634727
15215,0.016961483
15216,0.004821782
15217,1.0703704e-06
15218,0.0043681334
15219,0.0151875
15220,0.026561795
15221,0.03231895
15222,0.029244814
15223,0.01886685
15224,0.006921071
15225,0.00015413333
15226,0.0040290705
15227,0.0118405325
15228,0.0205932
15229,0.001245926
15230,0.010678534
15231,0.022376904
15232,0.023819614
15233,0.012648534
15234,0.0011244481
15235,0.0038457816
15236,0.022395113
15237,0.04321873
15238,0.04985763
15239,0.03735917
15240,0.015778134
15241,0.0012545333
15242,0.0034561334
15243,0.019405637
15244,0.0023408332
15245,0.021138228
15246,0.04387913
15247,0.04909956
15248,0.031882804
15249,0.008500834
15250,0.00024272593
15251,0.014242671
15252,0.038688235
15253,0.05432926
15254,0.050211575
15255,0.030528301
15256,0.009469633
15257,5.9737034e-05
15258,0.00605867
15259,0.021333337
15260,0.035248984
15261,0.039554905
15262,0.00089289254
15263,0.0050613377
15264,0.009001782
15265,0.0072696335
15266,0.0015600036
15267,0.0010092
15268,0.011946727
15269,0.0021618372
15270,0.020314682
15271,0.039676033
15272,0.03907224
15273,0.019084813
15274,0.0014375147
15275,0.0057040043
15276,0.030020034
15277,0.05404593
15278,0.058314905
15279,0.04045565
15280,0.015142534
15281,0.000647126
15282,0.0051308484
15283,0.0021336332
15284,0.0223587
15285,0.0032586816
15286,0.027704537
15287,0.051363613
15288,0.048293784
15289,0.022395113
15290,0.0014282999
15291,0.0071868487
15292,0.034952536
15293,0.060330734
15294,0.06268518
15295,0.04166413
15296,0.01452
15297,0.0003745333
15298,0.0062016146
15299,0.0022073481
15300,0.022650847
15301,0.048803337
15302,0.058579743
15303,0.044544533
15304,0.01888357
15305,0.0015265334
15306,0.003914015
15307,0.021834014
15308,0.040922135
15309,0.048026673
15310,0.039579116
15311,0.021960093
15312,0.0059925327
15313,1.337037e-06
15314,0.0057040043
15315,0.018385127
15316,0.030294817
15317,0.03481614
15318,0.029746506
15319,0.018023837
15320,0.005983115
15321,9.363332e-05
15322,0.0035208336
15323,0.0143883005
15324,0.026700838
15325,0.0334668
15326,0.030762685
15327,0.020003615
15328,0.007363334
15329,0.0001617815
15330,0.0042008334
15331,0.012227737
15332,0.021049839
15333,0.026581636
15334,0.02561815
15335,0.01799117
15336,0.007563115
15337,0.0005778704
15338,0.0020667
15339,0.0012936335
15340,0.015383126
15341,0.036122702
15342,0.047018405
15343,0.03904818
15344,0.01878335
15345,0.0024120333
15346,0.0022417926
15347,0.017666133
15348,0.0024600928
15349,0.022522798
15350,0.04641334
15351,0.051474016
15352,0.0005264037
15353,0.0006595704
15354,4.9837035e-05
15355,0.0011244481
15356,0.0074786707
15357,0.018517394
15358,0.027441796
15359,0.02678045
15360,0.0160083
15361,0.0035934262
15362,0.0005264037
15363,0.011033615
15364,0.028768033
15365,0.041589636
15366,0.04072539
15367,0.027020006
15368,0.009852448
15369,0.00035363334
15370,0.0039598374
15371,0.01753695
15372,0.032100506
15373,0.038688235
15374,0.033689838
15375,0.020401513
15376,0.0066404487
15377,8.333335e-05
15378,0.004021348
15379,0.015778134
15380,0.028418152
15381,0.0015552
15382,0.012335648
15383,0.024921617
15384,0.025813332
15385,0.013300093
15386,0.0010840038
15387,0.0042483
15388,0.023688298
15389,0.04482756
15390,0.05095067
15391,0.037594803
15392,0.015519292
15393,0.0011163
15394,0.0037185336
15395,0.019866135
15396,0.03740624
15397,0.044621635
15398,0.0010720148
15399,0.0059925327
15400,0.010403615
15401,0.0082668
15402,1.9200002e-05
15403,0.002478237
15404,0.0010169483
15405,0.012689633
15406,0.030125573
15407,0.037547614
15408,0.0005575704
15409,0.0011285334
15410,0.0003333334
15411,0.0005264037
15412,0.0063268477
15413,0.017942227
15414,0.0015504037
15415,0.012227737
15416,0.021404507
15417,0.00038163335
15418,0.0003792593
15419,0.000103292594
15420,0.0037781487
15421,0.013681794
15422,0.024596034
15423,0.0273612
15424,0.018517394
15425,0.005297837
15426,0.00012675927
15427,0.0095408335
15428,0.028152036
15429,0.042840004
15430,0.04316814
15431,0.029203203
15432,0.010880726
15433,0.00045111479
15434,0.004005926
15435,0.018187616
15436,0.033311114
15437,0.03991885
15438,0.034408536
15439,0.020558283
15440,0.0065219593
15441,5.7870373e-05
15442,0.004240371
15443,0.0014606816
15444,0.016162671
15445,0.037218153
15446,0.0021675
15447,0.014726061
15448,0.024557874
15449,0.0004033333
15450,0.00036983704
15451,0.000121337056
15452,0.003906404
15453,0.013881838
15454,0.024748985
15455,0.02738134
15456,0.018434672
15457,0.0052271998
15458,0.00013795926
15459,0.009612301
15460,0.028213337
15461,0.042814817
15462,0.043067034
15463,0.029099291
15464,0.01083
15465,0.0004433926
15466,0.004005926
15467,0.018171204
15468,0.033244506
15469,0.039845925
15470,0.034385957
15471,0.020540833
15472,0.0065219593
15473,5.8800008e-05
15474,0.004232448
15475,0.0014606816
15476,0.0161472
15477,0.0026195594
15478,0.023426762
15479,0.044647347
15480,0.043016538
15481,0.02050596
15482,0.00031363333
15483,0.009672059
15484,0.026800372
15485,0.040162407
15486,0.04045565
15487,0.027603336
15488,0.01050317
15489,0.000490726
15490,0.0036520334
15491,0.017248016
15492,0.032209635
15493,0.039216727
15494,0.034340836
15495,0.02083846
15496,0.00679006
15497,8.670001e-05
15498,0.00407556
15499,0.015992904
15500,0.0017633336
15501,0.0019683002
15502,0.021960093
15503,0.043828152
15504,0.0013962816
15505,0.0050873477
15506,0.00407556
15507,9.72e-05
15508,0.004424626
15509,0.0013917371
15510,0.015157515
15511,0.031492803
15512,0.03256009
15513,0.016771793
15514,0.0014840333
15515,0.0046127997
15516,0.026363794
15517,0.04936964
15518,0.055069394
15519,0.039627563
15520,0.015701784
15521,0.00092592597
15522,0.004352059
15523,0.021351118
15524,0.0023703706
15525,0.021049839
15526,0.043573707
15527,0.0018723003
15528,0.009925071
15529,0.013006949
15530,2.4903706e-05
15531,0.0006848149
15532,0.0054765036
15533,0.015157515
15534,0.024386503
15535,0.025481962
15536,0.016380034
15537,0.0042562373
15538,0.00026205927
15539,0.009828299
15540,0.027583113
15541,0.041317042
15542,0.041465614
15543,0.028070405
15544,0.010540627
15545,0.00045370375
15546,0.0038231702
15547,0.017633792
15548,0.032582056
15549,0.03938563
15550,0.0342732
15551,0.020680629
15552,0.006670237
15553,0.00022413337
15554,0.0050095157
15555,0.013853171
15556,0.022797633
15557,0.027664037
15558,0.025696134
15559,0.017408237
15560,0.0069717923
15561,0.00042563336
15562,0.0022939595
15563,0.012416894
15564,0.025481962
15565,0.0338688
15566,0.0010960593
15567,0.006941337
15568,0.012214281
15569,0.009792134
15570,0.0022823147
15571,0.0009148482
15572,0.012868504
15573,0.031948037
15574,0.043370686
15575,0.037500463
15576,0.019034406
15577,0.0028616334
15578,0.0017226816
15579,0.01630224
15580,0.035638534
15581,0.04615148
15582,0.04121813
15583,0.024844816
15584,0.007797782
15585,5.9737034e-05
15586,0.005018133
15587,0.018385127
15588,0.03155764
15589,0.03686676
15590,0.0009296334
15591,0.005485515
15592,0.00976806
15593,0.007884005
15594,0.0017429481
15595,0.0009785037
15596,0.012160533
15597,0.029998949
15598,0.040996037
15599,0.035868682
15600,0.018517394
15601,0.0029205335
15602,0.0015360593
15603,0.015549634
15604,0.03465734
15605,0.045448188
15606,0.041070003
15607,0.025094848
15608,0.008057871
15609,0.00027401483
15610,0.005889338
15611,0.0157323
15612,0.024921617
15613,0.029057782
15614,0.025950404
15615,0.016882315
15616,0.006365634
15617,0.00028009262
15618,0.0025761332
15619,0.012703349
15620,0.025365515
15621,0.033311114
15622,0.03166584
15623,0.021209074
15624,0.008101633
15625,0.00038640367
15626,0.0007466704
15627,0.0109443
15628,0.027421633
15629,0.0020117373
15630,0.016271172
15631,0.031774223
15632,0.03170917
15633,0.015717037
15634,0.0011739593
15635,0.005052681
15636,0.026800372
15637,0.049180508
15638,0.054272532
15639,0.038760092
15640,0.015217516
15641,0.0008533334
15642,0.0043842373
15643,0.021173634
15644,0.0023408332
15645,0.02083846
15646,0.04319343
15647,0.048400838
15648,0.031514402
15649,0.008433634
15650,0.00023520003
15651,0.0021000335
15652,0.025133427
15653,0.003666759
15654,0.030656032
15655,0.056073632
15656,0.05205556
15657,0.00011734816
15658,0.00043573702
15659,0.00051253336
15660,0.0079489825
15661,0.02205037
15662,0.0017480336
15663,0.013272034
15664,0.022889616
15665,0.018154802
15666,0.004788033
15667,0.0006912
15668,0.015473839
15669,0.03926495
15670,0.052250136
15671,0.043599118
15672,0.020891206
15673,0.0026508
15674,0.0024600928
15675,0.019101636
15676,0.03926495
15677,0.048642132
15678,0.041688986
15679,0.024007838
15680,1.8148148e-07
15681,0.00015717038
15682,0.0023881816
15683,0.007563115
15684,0.014978226
15685,0.021816036
15686,0.024007838
15687,0.019185837
15688,0.0095052
15689,0.0013200332
15690,0.0012545333
15691,0.0110592
15692,0.02559867
15693,0.035914797
15694,0.0012288002
15695,0.007744133
15696,0.013454949
15697,0.0107163
15698,1.6625927e-05
15699,0.002607115
15700,0.0010521815
15701,0.013020833
15702,0.030741341
15703,0.0016378704
15704,0.00944596
15705,0.012689633
15706,0.006172893
15707,2.4903706e-05
15708,0.0072385343
15709,0.026920063
15710,0.043472134
15711,0.042262536
15712,0.024177868
15713,0.004940833
15714,0.0009111704
15715,0.015368034
15716,0.036913514
15717,0.04958623
15718,0.045008138
15719,0.027240535
15720,0.008512059
15721,6.0681483e-05
15722,0.0054495153
15723,0.019626683
15724,0.033133633
15725,0.0380208
15726,0.031948037
15727,0.018766671
15728,0.0058613485
15729,4.0833336e-05
15730,0.0040600337
15731,0.0013917371
15732,0.015549634
15733,0.036099575
15734,0.046728536
15735,0.038688235
15736,0.018567115
15737,0.0023585334
15738,0.0022533333
15739,0.017617634
15740,0.03675
15741,0.046282317
15742,0.04050463
15743,0.023951294
15744,0.007290404
15745,3.2033335e-05
15746,0.00096711493
15747,0.012840903
15748,0.030826764
15749,0.042588446
15750,0.040284462
15751,0.025872033
15752,8.181482e-06
15753,0.00047468152
15754,0.0022997928
15755,0.00051253336
15756,0.0070942817
15757,0.019934816
15758,0.0016477371
15759,0.0013917371
15760,0.012525634
15761,0.018800035
15762,0.010703704
15763,0.0005264037
15764,0.0060492004
15765,0.027968537
15766,0.04794668
15767,0.047840133
15768,0.027826227
15769,0.0059173927
15770,0.0008892593
15771,0.0149633335
15772,0.03607645
15773,0.048722703
15774,0.0444675
15775,0.02716024
15776,1.337037e-06
15777,0.0007566815
15778,0.0030401333
15779,0.0071662264
15780,0.01299307
15781,0.018766671
15782,0.021191347
15783,0.017682316
15784,0.009316281
15785,0.0015408334
15786,0.0009185334
15787,0.0012288002
15788,0.0019306814
15789,0.022797633
15790,0.048937872
15791,0.05509796
15792,0.035730503
15793,0.009493337
15794,0.00025423706
15795,0.015383126
15796,0.041341785
15797,0.057290707
15798,0.05205556
15799,0.030955113
15800,0.009199171
15801,2.2533332e-05
15802,0.006600833
15803,0.022140836
15804,0.035776533
15805,0.039530702
15806,0.03199156
15807,0.018007502
15808,0.0052271998
15809,4.8000006e-06
15810,0.0044327257
15811,0.0155952005
15812,0.027240535
15813,0.032956626
15814,0.02959974
15815,0.0003311148
15816,0.0010325334
15817,0.0011000925
15818,0.00012
15819,0.0011244481
15820,0.0080251265
15821,0.019780448
15822,0.028933425
15823,0.0009148482
15824,0.0046210703
15825,0.0059455154
15826,0.0023526258
15827,0.00014520001
15828,0.0075525343
15829,0.023557352
15830,0.0019683002
15831,0.0148592945
15832,0.025346134
15833,0.019986406
15834,0.005297837
15835,0.00080083334
15836,0.015022948
15837,0.0027584038
15838,0.024960058
15839,0.04730917
15840,0.045292627
15841,0.021440133
15842,0.0014746704
15843,0.0018304038
15844,0.025288032
15845,0.056131296
15846,0.067213334
15847,0.050238848
15848,6.850371e-05
15849,0.0002903704
15850,0.0020391261
15851,0.0060776332
15852,0.012498405
15853,0.019320948
15854,0.022577632
15855,0.019135293
15856,0.010181348
15857,0.001727737
15858,0.0009185334
15859,0.0012805335
15860,0.015916033
15861,0.0026570708
15862,0.023838406
15863,0.045370374
15864,0.04362453
15865,0.020750703
15866,0.0014421332
15867,0.0064142817
15868,0.032450374
15869,0.05717423
15870,0.0022417926
15871,0.013314134
15872,0.021654533
15873,0.016520534
15874,0.003982848
15875,0.0009296334
15876,0.01583935
15877,0.038832016
15878,0.050978154
15879,0.04223752
15880,0.020124301
15881,0.00013795926
15882,0.0051657814
15883,0.0148592945
15884,0.024481636
15885,0.029265637
15886,0.026621336
15887,0.00032890373
15888,0.0011285334
15889,0.001245926
15890,0.00017120372
15891,0.001028626
15892,0.007938134
15893,0.0015075706
15894,0.0152625935
15895,0.031298704
15896,0.032144133
15897,0.0164268
15898,0.0014053927
15899,0.0046791704
15900,0.026344037
15901,0.049153514
15902,0.05475565
15903,0.0008321334
15904,0.0027584038
15905,0.0030401333
15906,0.0007769037
15907,0.00065644813
15908,0.008277871
15909,0.02217707
15910,0.0017125926
15911,0.012979201
15912,0.022395113
15913,0.017795796
15914,1.1203704e-05
15915,0.002953515
15916,0.011960033
15917,0.0015600036
15918,0.01484446
15919,0.030231293
15920,0.030997962
15921,0.015824035
15922,0.0013288924
15923,0.004637634
15924,0.025930801
15925,0.048427615
15926,0.05407423
15927,0.039024137
15928,0.015549634
15929,0.00024462593
15930,0.006463115
15931,0.017296005
15932,0.0015028483
15933,0.014011204
15934,0.031234136
15935,0.037594803
15936,0.026561795
15937,0.00821156
15938,3.3425924e-05
15939,0.010703704
15940,0.0026570708
15941,0.025930801
15942,0.053032063
15943,0.05778704
15944,0.036215294
15945,0.009024894
15946,0.00042814814
15947,0.0023822372
15948,0.027664037
15949,0.059081614
15950,0.06899206
15951,0.050375354
15952,0.019952003
15953,0.0011739593
15954,0.0052889823
15955,0.025326762
15956,0.044647347
15957,0.05004806
15958,0.039458133
15959,0.020785782
15960,7.5e-06
15961,0.001245926
15962,0.0040600337
15963,0.008333335
15964,0.013738802
15965,0.018650135
15966,0.0008181482
15967,0.0061537824
15968,0.011394504
15969,0.009457794
15970,0.0023114816
15971,0.0008042815
15972,0.0123086255
15973,0.03114815
15974,0.04276446
15975,0.037382696
15976,0.019185837
15977,0.0029866816
15978,0.0016182258
15979,0.016054533
15980,0.03547787
15981,0.046177633
15982,0.04139129
15983,0.025056303
15984,0.007905634
15985,6.551482e-05
15986,0.0050009037
15987,0.018418148
15988,0.03166584
15989,0.036983706
15990,0.03166584
15991,0.019034406
15992,0.006172893
15993,7.3633346e-05
15994,0.0038307
15995,0.015112595
15996,0.027502315
15997,0.033936035
15998,0.030784033
15999,0.00034680005
16000,0.0010760038
16001,0.0011408334
16002,0.00013090372
16003,0.0011122372
16004,0.008046949
16005,0.019848986
16006,0.02903704
16007,0.027866848
16008,0.01630224
16009,0.0034920042
16010,0.0006286815
16011,0.011577127
16012,0.02949513
16013,0.042062595
16014,0.04074996
16015,0.026760532
16016,0.009612301
16017,0.00030933708
16018,0.004067793
16019,0.017633792
16020,0.032035116
16021,0.038473073
16022,0.0334668
16023,0.02024535
16024,0.0065909484
16025,8.222593e-05
16026,0.003998226
16027,0.015701784
16028,0.028315648
16029,0.034634683
16030,0.031062286
16031,0.019660803
16032,0.006951481
16033,0.00019422593
16034,0.0033285336
16035,0.014608134
16036,0.027542701
16037,0.03465734
16038,0.03173085
16039,0.020436302
16040,0.007394701
16041,0.00024653334
16042,0.0032656335
16043,0.014740833
16044,0.027968537
16045,0.03518046
16046,0.032144133
16047,0.0003628482
16048,0.0011122372
16049,3.3425924e-05
16050,6.259259e-07
16051,0.0008820149
16052,0.0055669486
16053,0.014726061
16054,0.0013112037
16055,0.0011907001
16056,0.010906133
16057,0.016411204
16058,0.009210848
16059,0.00035363334
16060,0.0061061336
16061,0.027060032
16062,0.046046954
16063,0.0015552
16064,0.0076055145
16065,0.009708004
16066,0.004280093
16067,1.3333334e-05
16068,0.007669338
16069,0.025950404
16070,0.0408483
16071,0.039361484
16072,0.022413334
16073,0.0045387005
16074,0.00090018153
16075,0.0019093482
16076,0.0027265332
16077,0.030231293
16078,0.061955925
16079,0.06658371
16080,0.040823705
16081,0.009732004
16082,0.00059259264
16083,0.0189003
16084,0.047018405
16085,0.061955925
16086,0.05379156
16087,0.00038401483
16088,0.0006533334
16089,0.00049342593
16090,1.4814815e-08
16091,0.001727737
16092,0.008613426
16093,0.019371737
16094,0.0273612
16095,0.02585246
16096,0.0149931265
16097,0.0031484596
16098,0.000647126
16099,0.0014793482
16100,0.018236892
16101,0.041813336
16102,0.05275214
16103,0.04223752
16104,0.019253334
16105,0.00016645927
16106,0.00079739257
16107,0.0103292605
16108,0.02571565
16109,0.037171204
16110,0.037030533
16111,0.025326762
16112,0.00976806
16113,0.00049342593
16114,0.0033075
16115,0.016131736
16116,0.030741341
16117,0.038115796
16118,0.034003336
16119,0.021085173
16120,0.0071147997
16121,0.0001337037
16122,0.0038457816
16123,0.0014653371
16124,0.016364459
16125,0.037642013
16126,0.048267044
16127,0.0010325334
16128,0.0041850703
16129,0.0050095157
16130,0.001727737
16131,0.00030083334
16132,0.008003333
16133,0.023426762
16134,0.035615563
16135,0.03411565
16136,0.019558534
16137,0.004005926
16138,0.00080083334
16139,0.013398534
16140,0.032868303
16141,0.0022360333
16142,0.0019413929
16143,0.019558534
16144,0.03468
16145,0.028090801
16146,0.008233634
16147,0.00039361484
16148,0.017328035
16149,0.045812182
16150,0.060780007
16151,0.0012936335
16152,0.00507
16153,0.00021690372
16154,0.0003490704
16155,5.7870373e-05
16156,0.0032517372
16157,0.012621171
16158,0.02353867
16159,0.026880134
16160,0.018650135
16161,0.005576033
16162,0.00045111479
16163,0.009328035
16164,0.025056303
16165,0.0019899593
16166,0.016442405
16167,0.032187797
16168,0.03216596
16169,0.015946759
16170,0.00023333704
16171,0.0077763004
16172,0.022632534
16173,0.03556963
16174,0.037594803
16175,0.027100096
16176,4.0833336e-05
16177,4.4814817e-05
16178,0.0010840038
16179,0.0045880335
16180,0.01127787
16181,0.019219572
16182,0.023744533
16183,0.02083846
16184,0.011420504
16185,3.3425924e-05
16186,0.0023056336
16187,0.00076339254
16188,0.0012718369
16189,0.016317781
16190,0.037288625
16191,0.044544533
16192,0.030869516
16193,0.009234225
16194,5.6033343e-05
16195,0.01217396
16196,0.03596095
16197,0.052696235
16198,0.050348032
16199,0.031644184
16200,0.0103664035
16201,0.00014373705
16202,0.0056306995
16203,0.021085173
16204,0.035615563
16205,0.040382236
16206,0.033266705
16207,0.01898406
16208,3.7037038e-09
16209,0.0006912
16210,0.0027392595
16211,0.006630534
16212,0.012403334
16213,0.018401636
16214,0.021191347
16215,0.017958535
16216,0.009624237
16217,0.0016625925
16218,0.0008568927
16219,0.009900834
16220,0.02444356
16221,0.035546683
16222,0.03579956
16223,0.024864003
16224,0.009828299
16225,0.00016333334
16226,0.0045387005
16227,0.013076448
16228,0.0013244592
16229,0.013104301
16230,0.029830536
16231,0.036517035
16232,0.02618623
16233,0.008311126
16234,1.6625927e-05
16235,0.0017125926
16236,0.021762135
16237,0.048722703
16238,0.059615348
16239,0.0010880148
16240,0.0039445334
16241,0.004530504
16242,0.0014329037
16243,0.0004082371
16244,0.008233634
16245,0.023333704
16246,0.035089202
16247,0.033400033
16248,0.019068003
16249,0.0038760337
16250,0.0008146704
16251,0.013286061
16252,0.03256009
16253,0.0449565
16254,0.042212505
16255,0.026700838
16256,0.00903646
16257,0.00017601483
16258,0.0046127997
16259,0.018368628
16260,0.032340836
16261,0.038163334
16262,0.032736033
16263,0.019609634
16264,0.0062978375
16265,6.650371e-05
16266,0.003998226
16267,0.0014191149
16268,0.01583935
16269,0.036656726
16270,0.047282707
16271,0.038976062
16272,0.018600302
16273,0.00012675927
16274,0.004838701
16275,0.014112239
16276,0.023594726
16277,0.028664906
16278,0.026482506
16279,0.017747115
16280,0.0069717923
16281,0.00038401483
16282,0.0006409481
16283,0.009732004
16284,0.0019040334
16285,0.0022939595
16286,0.02507557
16287,0.049153514
16288,0.047866758
16289,0.023111125
16290,0.0017735704
16291,0.0064337924
16292,0.033667505
16293,0.059555933
16294,0.06286815
16295,0.04238774
16296,0.015097633
16297,0.00046151484
16298,0.0059925327
16299,0.024386503
16300,0.041267574
16301,0.045760095
16302,0.036261637
16303,0.00022595927
16304,0.00037689265
16305,0.0002780593
16306,1.2892592e-05
16307,0.0017941332
16308,0.008344448
16309,0.018583706
16310,0.026344037
16311,0.025094848
16312,0.014726061
16313,0.0031758372
16314,0.00058963336
16315,0.010855348
16316,0.027988894
16317,0.040480133
16318,0.03979735
16319,0.026581636
16320,0.009840371
16321,0.00038640367
16322,0.003793126
16323,0.0016526815
16324,0.018204033
16325,0.041070003
16326,0.051529262
16327,0.041193426
16328,0.01878335
16329,0.0020172002
16330,0.0010561333
16331,0.015504135
16332,0.002607115
16333,0.024310533
16334,0.049748983
16335,0.05455646
16336,0.034544133
16337,0.008772301
16338,0.00036750003
16339,0.015824035
16340,0.041416064
16341,0.056738507
16342,0.051225785
16343,0.030316005
16344,0.008955648
16345,1.814815e-05
16346,0.0065613366
16347,0.021906015
16348,0.03540913
16349,0.039192628
16350,0.031817637
16351,0.01799117
16352,0.005271293
16353,7.1703707e-06
16354,0.0043681334
16355,0.015504135
16356,0.02720037
16357,0.033000838
16358,0.029662596
16359,0.01898406
16360,0.006860449
16361,0.0001617815
16362,0.0041223145
16363,0.0120266825
16364,0.02080333
16365,0.001245926
16366,0.0012416334
16367,0.013454949
16368,0.0014191149
16369,0.007905634
16370,0.008057871
16371,0.0016182258
16372,0.0017025335
16373,0.015977517
16374,0.03483885
16375,0.040996037
16376,0.028213337
16377,0.008344448
16378,0.00061653333
16379,0.012106904
16380,0.0023056336
16381,0.022376904
16382,0.046649635
16383,0.05200004
16384,0.03351135
16385,1.1203704e-05
16386,0.00049613335
16387,0.0073528923
16388,0.019969199
16389,0.0017378703
16390,0.015008034
16391,0.029998949
16392,0.0010169483
16393,0.0037856335
16394,4.2403703e-05
16395,0.00015564814
16396,0.0029866816
16397,0.011033615
16398,0.0013200332
16399,0.011407499
16400,0.0011490704
16401,0.0062978375
16402,0.0061633335
16403,0.00095579255
16404,0.0021505335
16405,0.016039116
16406,0.033533636
16407,0.038808037
16408,0.026423115
16409,0.007669338
16410,9.961482e-05
16411,0.0115248
16412,0.033555925
16413,0.049450796
16414,0.04781352
16415,0.030634727
16416,0.010403615
16417,0.00021155925
16418,0.0051047257
16419,0.020107038
16420,0.034748036
16421,0.04008926
16422,0.033533636
16423,0.01943956
16424,0.005889338
16425,2.2533332e-05
16426,0.0043923
16427,0.015977517
16428,0.028070405
16429,0.03391362
16430,0.030231293
16431,0.01911846
16432,0.0067700157
16433,0.00019253335
16434,0.0032448003
16435,0.014329959
16436,0.027180301
16437,0.034340836
16438,0.031622536
16439,0.020488536
16440,0.0074786707
16441,0.00026601483
16442,0.0032033334
16443,0.0014237036
16444,0.016193634
16445,0.0026382816
16446,0.023613425
16447,0.0449565
16448,0.04326935
16449,0.0205932
16450,0.0014329037
16451,0.0063753487
16452,0.032275204
16453,0.05694164
16454,0.060330734
16455,0.04102068
16456,0.0148592945
16457,0.00051253336
16458,0.0056124483
16459,0.023520002
16460,0.040357783
16461,0.04526673
16462,0.03628482
16463,0.019763332
16464,0.005280133
16465,4.8000006e-06
16466,0.0053868005
16467,0.017328035
16468,0.02880934
16469,0.033600535
16470,0.029224005
16471,0.018105634
16472,0.0062400145
16473,0.00014083333
16474,0.0032865335
16475,0.014097781
16476,0.02660148
16477,0.033667505
16478,0.03112667
16479,0.020314682
16480,0.007510282
16481,0.0001617815
16482,0.004224533
16483,0.012295127
16484,0.021138228
16485,0.026641203
16486,0.025637634
16487,0.01797485
16488,0.0075313933
16489,0.0005720334
16490,0.0020777816
16491,0.012227737
16492,0.025637634
16493,0.034408536
16494,0.03302295
16495,0.022158949
16496,0.008444815
16497,0.0003984593
16498,0.0030737817
16499,0.01493357
16500,0.02880934
16501,0.036377616
16502,0.033111483
16503,0.021067498
16504,0.0074261334
16505,0.00020628147
16506,0.0035208336
16507,0.015277635
16508,0.028500285
16509,0.03540913
16510,0.0010130705
16511,0.006192034
16512,0.0109443
16513,0.008806533
16514,0.0020008332
16515,0.0005749482
16516,0.010995292
16517,0.029182406
16518,0.041267574
16519,0.036983706
16520,0.00019253335
16521,2.5514819e-05
16522,0.00027603333
16523,0.0027712039
16524,0.009304538
16525,0.018484281
16526,0.024864003
16527,0.023055648
16528,0.00016645927
16529,8.898148e-05
16530,8.557037e-05
16531,0.0020391261
16532,0.008300033
16533,0.01789335
16534,0.02517203
16535,0.0240267
16536,0.014184627
16537,0.0031008334
16538,0.0005236149
16539,0.009624237
16540,0.025365515
16541,0.037618402
16542,0.03804454
16543,0.026265074
16544,0.010242849
16545,0.00017925927
16546,0.00067845924
16547,0.009048034
16548,0.023203734
16549,0.034589395
16550,0.035546683
16551,0.02517203
16552,0.010242849
16553,0.0006816333
16554,0.0008042815
16555,0.011867037
16556,0.029307293
16557,0.0412923
16558,0.03979735
16559,0.026068185
16560,0.009375116
16561,0.00030294814
16562,0.003982848
16563,0.017328035
16564,0.031600893
16565,0.03813956
16566,0.033311114
16567,0.02028
16568,0.006670237
16569,9.481482e-05
16570,0.0039292593
16571,0.015625617
16572,0.02829517
16573,0.03468
16574,0.031169636
16575,0.019746227
16576,7.837038e-06
16577,0.00033555928
16578,0.0018304038
16579,0.0053778705
16580,0.011420504
16581,0.018286237
16582,0.02205037
16583,0.01923645
16584,0.010565634
16585,0.0019467594
16586,0.00078370364
16587,0.010034505
16588,0.025094848
16589,0.036493782
16590,0.036610138
16591,0.02524934
16592,0.009864533
16593,0.0005348148
16594,0.0008356483
16595,0.012093516
16596,0.02968356
16597,0.041639294
16598,0.03994317
16599,0.00046675923
16600,0.0013872002
16601,0.0014467594
16602,0.00020453705
16603,0.0010521815
16604,0.008189516
16605,0.020418903
16606,0.029830536
16607,0.028500285
16608,0.016551837
16609,0.0034992
16610,0.0006658371
16611,0.011827293
16612,0.02987259
16613,0.04238774
16614,0.040872905
16615,0.026680948
16616,0.00951707
16617,0.00022963336
16618,0.005485515
16619,0.015008034
16620,0.02421574
16621,0.028685516
16622,0.02600926
16623,0.017152237
16624,0.006610726
16625,0.00032669998
16626,0.0024903703
16627,0.012648534
16628,0.025481962
16629,0.0016133332
16630,0.013188035
16631,0.026541958
16632,0.027300837
16633,0.013968017
16634,0.0011285334
16635,0.0012805335
16636,0.018917039
16637,0.0442368
16638,0.055900835
16639,0.04451885
16640,0.020072533
16641,0.0020667
16642,0.0011408334
16643,0.016442405
16644,0.0027075
16645,0.025037041
16646,0.050923202
16647,0.05555604
16648,0.034952536
16649,0.008760904
16650,0.0004008926
16651,0.0161472
16652,0.0031280038
16653,0.028830001
16654,0.057553202
16655,0.061411794
16656,0.037594803
16657,0.008932626
16658,0.00058373704
16659,0.017942227
16660,0.04482756
16661,0.059555933
16662,0.0015456147
16663,0.008255738
16664,0.013681794
16665,0.010540627
16666,0.0023232002
16667,0.0010521815
16668,0.013710283
16669,0.033311114
16670,0.0021000335
16671,0.0015456147
16672,0.013681794
16673,0.020453705
16674,0.011748005
16675,0.00065644813
16676,0.0060302825
16677,0.028603116
16678,0.04926152
16679,0.04909956
16680,0.028500285
16681,0.0060302825
16682,0.0008784038
16683,0.016614534
16684,0.039967503
16685,0.053088136
16686,0.04733565
16687,0.027927836
16688,0.00828895
16689,1.9200002e-05
16690,0.0060776332
16691,0.02062815
16692,0.0338688
16693,0.038092036
16694,0.031514402
16695,0.018220462
16696,0.0055578705
16697,2.43e-05
16698,0.0041301334
16699,0.015277635
16700,0.02720037
16701,0.033266705
16702,0.030062228
16703,0.019287128
16704,0.006981959
16705,0.00023333704
16706,0.003114404
16707,0.0141991265
16708,0.027180301
16709,0.034544133
16710,0.031882804
16711,0.020698136
16712,0.0075525343
16713,0.00027000002
16714,0.0032240332
16715,0.014740833
16716,0.028070405
16717,0.035363335
16718,0.03229707
16719,0.020698136
16720,0.0074051702
16721,0.00022963336
16722,0.0033708
16723,0.0149633335
16724,0.028192896
16725,0.03527184
16726,0.0010208334
16727,0.0062688924
16728,0.0110848155
16729,0.00019592591
16730,0.00010957038
16731,0.00014228148
16732,0.003982848
16733,0.013939259
16734,0.024710702
16735,0.027260626
16736,0.0183027
16737,0.0051657814
16738,0.00014373705
16739,0.009624237
16740,0.028172458
16741,0.0022765037
16742,0.018401636
16743,0.035363335
16744,0.034725346
16745,0.016913962
16746,0.0012033334
16747,0.0054765036
16748,0.0028227004
16749,0.029244814
16750,0.059496537
16751,0.06397162
16752,0.039313197
16753,0.009422315
16754,0.0005662259
16755,0.01831917
16756,0.045864303
16757,0.060780007
16758,0.053116184
16759,0.030188981
16760,0.008244681
16761,1.337037e-06
16762,0.0074051702
16763,0.022889616
16764,0.035776533
16765,0.038760092
16766,0.030955113
16767,0.017264005
16768,0.004949393
16769,2.314815e-06
16770,0.004360093
16771,0.015277635
16772,0.026740627
16773,0.032516185
16774,0.029369839
16775,0.0189003
16776,1.08e-05
16777,0.0002680037
16778,0.00018917037
16779,0.0033920333
16780,0.011459561
16781,0.02169037
16782,0.027684284
16783,0.024291558
16784,0.013090371
16785,0.0022997928
16786,0.0009785037
16787,0.011695293
16788,0.0020501334
16789,0.020124301
16790,0.04268898
16791,0.048454404
16792,0.031904537
16793,0.008726761
16794,0.00019253335
16795,0.013853171
16796,0.038258504
16797,0.05415917
16798,0.050348032
16799,0.030805392
16800,0.009648133
16801,7.155926e-05
16802,0.0060019596
16803,0.021333337
16804,0.035363335
16805,0.03972454
16806,0.032582056
16807,0.018550536
16808,0.0054765036
16809,1.00148145e-05
16810,0.0044165333
16811,0.0157323
16812,0.027562905
16813,0.03333334
16814,0.02985156
16815,0.019000834
16816,0.0068000923
16817,0.00021155925
16818,0.0031552927
16819,0.0141701335
16820,0.027040016
16821,0.034318287
16822,0.03170917
16823,0.020610668
16824,0.0075525343
16825,0.00027603333
16826,0.0031895703
16827,0.014681783
16828,0.0017889815
16829,0.017088534
16830,0.037007116
16831,0.043092303
16832,0.029265637
16833,0.0084672
16834,0.00065022596
16835,0.0126075
16836,0.031817637
16837,0.04467307
16838,0.0424128
16839,0.02714018
16840,0.009339793
16841,0.00021155925
16842,0.0045141336
16843,0.018352134
16844,0.0019683002
16845,0.018007502
16846,0.038377635
16847,0.044160035
16848,0.029641632
16849,0.008388981
16850,0.0001323
16851,0.01271707
16852,0.036122702
16853,0.0521667
16854,0.04936964
16855,0.030848134
16856,0.010034505
16857,0.00012675927
16858,0.0011285334
16859,0.0018512926
16860,0.021600837
16861,0.047840133
16862,0.05837371
16863,0.044982318
16864,0.019388681
16865,0.001682504
16866,0.0037333926
16867,0.021636626
16868,0.040971395
16869,0.0020611703
16870,0.015037871
16871,0.02903704
16872,0.02899557
16873,0.014373705
16874,0.0010364482
16875,0.0013556482
16876,0.019712033
16877,0.045708034
16878,0.057290707
16879,0.04521495
16880,0.020107038
16881,0.0019737037
16882,0.0011697926
16883,0.016740281
16884,0.038832016
16885,0.050978154
16886,0.045318533
16887,0.026820298
16888,0.008057871
16889,2.5514819e-05
16890,0.005768533
16891,0.019917635
16892,0.03308934
16893,0.037618402
16894,0.031449612
16895,0.018418148
16896,0.005740834
16897,3.778148e-05
16898,0.0040136334
16899,0.0151875
16900,0.0016775148
16901,0.0018987261
16902,0.021333337
16903,0.04276446
16904,0.042513132
16905,0.020996893
16906,0.0017075593
16907,0.001697515
16908,0.024007838
16909,0.053848036
16910,0.06511574
16911,0.049234502
16912,0.020523394
16913,0.0015504037
16914,0.0044570705
16915,0.023782061
16916,0.043522906
16917,0.04999362
16918,0.040211204
16919,0.021636626
16920,4.8000006e-06
16921,0.0011781335
16922,0.0039292593
16923,0.008189516
16924,0.0008356483
16925,0.00935156
16926,0.023148151
16927,0.030358406
16928,0.023370905
16929,4.5370375e-06
16930,0.0010840038
16931,0.005576033
16932,0.013596503
16933,0.022086535
16934,0.025891613
16935,0.021511482
16936,0.011020834
16937,0.0016875002
16938,0.0011656334
16939,0.011446534
16940,0.026820298
16941,0.037500463
16942,0.036517035
16943,0.02446259
16944,0.0091875
16945,0.00039603334
16946,0.0034347004
16947,0.016100835
16948,0.030358406
16949,0.037524033
16950,0.033489075
16951,0.020820895
16952,0.0070737926
16953,0.00014228148
16954,0.0037632005
16955,0.015549634
16956,0.028500285
16957,0.035112005
16958,0.031600893
16959,0.020020833
16960,0.0070533343
16961,0.00019422593
16962,0.0033920333
16963,0.014800004
16964,0.0017582261
16965,0.016803334
16966,0.036470536
16967,0.042588446
16968,0.0005264037
16969,0.0008568927
16970,0.00015413333
16971,0.0008042815
16972,0.0068907263
16973,0.018187616
16974,0.027765349
16975,0.027562905
16976,0.016708802
16977,0.0038760337
16978,0.00046939263
16979,0.011020834
16980,0.029078534
16981,0.042162508
16982,0.041267574
16983,0.02732095
16984,0.009925071
16985,0.00034453702
16986,0.0040368
16987,0.017730903
16988,0.03231895
16989,0.038832016
16990,0.033712182
16991,0.020332035
16992,0.00658107
16993,7.680001e-05
16994,0.004052282
16995,0.015808728
16996,0.028397633
16997,0.03465734
16998,0.031019393
16999,0.019609634
17000,0.006910948
17001,0.00018917037
17002,0.003342593
17003,0.014608134
17004,0.027522506
17005,0.034612034
17006,0.0316875
17007,0.020418903
17008,0.0073842374
17009,0.00024653334
17010,0.0032586816
17011,0.014726061
17012,0.02794818
17013,0.03518046
17014,0.001028626
17015,0.0063365335
17016,0.01118757
17017,0.00019763334
17018,0.00011084815
17019,0.00036983704
17020,0.0046127997
17021,0.014286281
17022,0.02421574
17023,0.0261075
17024,0.00029662595
17025,0.00041317038
17026,1.3333334e-05
17027,0.0011907001
17028,0.0072696335
17029,0.017795796
17030,0.026482506
17031,0.026028892
17032,0.015717037
17033,0.0036007261
17034,0.00048
17035,0.010728904
17036,0.02829517
17037,0.04121813
17038,0.040602673
17039,0.027120132
17040,0.00999796
17041,0.00038401483
17042,0.003883615
17043,0.017456448
17044,0.032100506
17045,0.038808037
17046,0.033846408
17047,0.02050596
17048,0.0066801817
17049,8.4448155e-05
17050,0.0040290705
17051,0.015824035
17052,0.028500285
17053,0.034770727
17054,0.03112667
17055,0.019643737
17056,0.006910948
17057,0.00018750002
17058,0.0033566817
17059,0.014652302
17060,0.027562905
17061,0.034612034
17062,0.0316875
17063,0.020401513
17064,0.0073737823
17065,0.00024462593
17066,0.0032656335
17067,0.014726061
17068,0.02794818
17069,0.03515764
17070,0.032122318
17071,0.020610668
17072,0.007394701
17073,0.00023333704
17074,0.003342593
17075,0.014903837
17076,0.0017838371
17077,0.0169932
17078,0.0024661333
17079,0.020055294
17080,0.0018304038
17081,0.0008784038
17082,0.004604537
17083,2.195926e-05
17084,0.00059853337
17085,0.0006816333
17086,0.00951707
17087,0.021960093
17088,0.024576949
17089,0.013724537
17090,0.0014934259
17091,0.0033708
17092,0.0023408332
17093,0.02555974
17094,0.053368952
17095,0.058756623
17096,0.03714774
17097,0.009410503
17098,0.00038163335
17099,0.016630227
17100,0.04324403
17101,0.05872713
17102,0.052445073
17103,0.030592136
17104,5.333334e-07
17105,0.0012160332
17106,0.0041772006
17107,0.00061351486
17108,0.00768
17109,0.020908799
17110,0.031492803
17111,0.03048578
17112,0.00023333704
17113,0.00015112592
17114,4.7292593e-05
17115,0.00192
17116,0.0082668
17117,0.018122016
17118,0.02559867
17119,0.02444356
17120,0.014417515
17121,0.0031416332
17122,0.00056044816
17123,0.0106408335
17124,0.02762356
17125,0.04011363
17126,0.0013826704
17127,0.0008892593
17128,0.008189516
17129,0.0123086255
17130,0.006610726
17131,0.000108299995
17132,0.0062688924
17133,0.025443114
17134,0.042563334
17135,0.0424128
17136,0.024864003
17137,0.0053778705
17138,0.00075000006
17139,0.014918702
17140,0.036726672
17141,0.04988482
17142,0.045578018
17143,0.00042814814
17144,7.4681484e-05
17145,0.0004082371
17146,0.000102059275
17147,0.0006105038
17148,0.005740834
17149,0.016100835
17150,0.025754703
17151,0.026581636
17152,0.016819116
17153,0.004240371
17154,0.0003114815
17155,0.01025517
17156,0.0022073481
17157,0.021924032
17158,0.04602084
17159,0.051556893
17160,0.033400033
17161,0.008863737
17162,0.00025423706
17163,0.014740833
17164,0.03979735
17165,0.05552735
17166,0.050923202
17167,0.030656032
17168,0.009339793
17169,4.1614818e-05
17170,0.0062881815
17171,0.0018617813
17172,0.019354803
17173,0.042840004
17174,0.052976016
17175,0.04171384
17176,0.018650135
17177,0.00017763334
17178,0.005722404
17179,0.015931392
17180,0.0255792
17181,0.029914683
17182,0.026621336
17183,0.017184133
17184,0.006385071
17185,0.00025423706
17186,0.0027011705
17187,0.012979201
17188,0.025637634
17189,0.033422284
17190,0.031600893
17191,0.021049839
17192,0.00798157
17193,0.0003651704
17194,0.0007466704
17195,0.01093157
17196,0.0273612
17197,0.039240837
17198,0.038568627
17199,0.025872033
17200,0.009660093
17201,0.0004033333
17202,0.00363
17203,0.016756035
17204,0.03125565
17205,0.0382347
17206,0.033734538
17207,0.020698136
17208,0.0068907263
17209,0.00011084815
17210,0.003906404
17211,0.015717037
17212,0.028520834
17213,0.03497529
17214,0.031363335
17215,0.019831836
17216,0.0069717923
17217,0.00018917037
17218,0.0033778707
17219,0.014726061
17220,0.027684284
17221,0.034725346
17222,0.03173085
17223,0.020401513
17224,0.0073528923
17225,0.00023894814
17226,0.0032795595
17227,0.014755615
17228,0.02794818
17229,0.035134815
17230,0.001028626
17231,0.006317171
17232,0.011174701
17233,0.008978699
17234,0.0020501334
17235,0.0009408001
17236,0.0125801815
17237,0.03114815
17238,0.04238774
17239,0.0010521815
17240,0.004637634
17241,0.0057131997
17242,0.0021224038
17243,0.00020803335
17244,0.007840834
17245,0.023744533
17246,0.036447294
17247,0.035020836
17248,0.020107038
17249,0.0041379593
17250,0.0008042815
17251,0.013582315
17252,0.03333334
17253,0.045864303
17254,0.042840004
17255,0.026900092
17256,0.008978699
17257,0.00015112592
17258,0.0047712033
17259,0.0016925039
17260,0.018253334
17261,0.040996037
17262,0.051363613
17263,0.04102068
17264,0.018700033
17265,0.0020008332
17266,0.0028681483
17267,0.0020667
17268,0.022687502
17269,0.04936964
17270,0.059496537
17271,0.045292627
17272,0.0192027
17273,0.0015552
17274,0.0039675003
17275,0.022086535
17276,0.041317042
17277,0.048374064
17278,0.0397488
17279,0.00027000002
17280,0.00048803337
17281,0.00038163335
17282,2.1333335e-06
17283,0.0017125926
17284,0.008388981
17285,0.01888357
17286,0.026820298
17287,0.025520831
17288,0.014918702
17289,0.003196448
17290,0.0006045037
17291,0.010995292
17292,0.028254237
17293,0.040700838
17294,0.039894536
17295,0.00049613335
17296,0.0015360593
17297,0.0016378704
17298,1.3781483e-05
17299,0.0014981332
17300,0.007363334
17301,0.0171363
17302,0.025152726
17303,0.024691572
17304,0.00021333335
17305,0.00018253335
17306,2.0833337e-05
17307,0.0017075593
17308,0.007927293
17309,0.01787707
17310,0.0013200332
17311,0.0103292605
17312,0.01831917
17313,0.014800004
17314,0.003860893
17315,0.00070729264
17316,0.014228148
17317,0.036215294
17318,0.04877645
17319,0.04139129
17320,0.02034939
17321,0.0027904592
17322,0.0021280148
17323,0.01797485
17324,0.03792593
17325,0.04781352
17326,0.041639294
17327,0.024405517
17328,0.007290404
17329,1.9737035e-05
17330,0.0053868005
17331,0.018733338
17332,0.031514402
17333,0.03642406
17334,0.030997962
17335,0.018567115
17336,0.0060113934
17337,7.053334e-05
17338,0.0037706709
17339,0.014903837
17340,0.0016925039
17341,0.00192
17342,0.021547202
17343,0.043142848
17344,0.0013826704
17345,0.005052681
17346,0.0040445374
17347,0.00023148149
17348,0.0008251259
17349,0.013244004
17350,0.032275204
17351,0.040357783
17352,0.029265637
17353,0.00944596
17354,5.0703707e-06
17355,0.010691115
17356,0.03362285
17357,0.05095067
17358,0.0499392
17359,0.032253336
17360,7.837038e-06
17361,0.0006440333
17362,0.0028291706
17363,0.006961634
17364,0.012923794
17365,0.018917039
17366,0.021475794
17367,0.017958535
17368,0.009469633
17369,0.0015696336
17370,0.00048803337
17371,0.008624727
17372,0.023148151
17373,0.035134815
17374,0.03642406
17375,0.025911205
17376,0.010565634
17377,0.0007137815
17378,0.002907393
17379,0.015671294
17380,0.0019899593
17381,0.018733338
17382,0.039870232
17383,0.0018044591
17384,0.00092592597
17385,0.0064925044
17386,0.0068907263
17387,0.0013467001
17388,0.0017025335
17389,0.015277635
17390,0.033311114
17391,0.03940979
17392,0.02732095
17393,0.008178503
17394,6.1633335e-05
17395,0.011316682
17396,0.033645168
17397,0.0499392
17398,0.048454404
17399,0.031105202
17400,0.010578148
17401,0.00021690372
17402,0.0051570376
17403,0.020297341
17404,0.035043616
17405,0.04030889
17406,0.03362285
17407,0.00027000002
17408,0.0006225926
17409,0.0005662259
17410,7.1703707e-06
17411,0.00032013337
17412,0.0062881815
17413,0.018933782
17414,0.030125573
17415,0.030358406
17416,0.018517394
17417,1.7125927e-05
17418,0.0003888
17419,0.0060776332
17420,0.017376136
17421,0.028479736
17422,0.032035116
17423,0.024921617
17424,0.011550948
17425,0.0013024037
17426,0.0018987261
17427,0.013724537
17428,0.02941157
17429,0.038904004
17430,0.036238458
17431,0.023277957
17432,0.008222593
17433,0.00022963336
17434,0.003793126
17435,0.0162867
17436,0.029935736
17437,0.036610138
17438,0.032516185
17439,0.020228036
17440,0.006910948
17441,0.00014520001
17442,0.0036446815
17443,0.0014282999
17444,0.016085392
17445,0.03714774
17446,0.04781352
17447,0.039289072
17448,0.018650135
17449,0.0022939595
17450,0.0023822372
17451,0.01799117
17452,0.03714774
17453,0.046492033
17454,0.04045565
17455,0.023782061
17456,0.007176533
17457,2.4903706e-05
17458,0.0051920596
17459,0.0183027
17460,0.031062286
17461,0.03614584
17462,0.030997962
17463,0.018700033
17464,0.006134701
17465,8.4448155e-05
17466,0.0037037039
17467,0.01484446
17468,0.027220452
17469,0.03380163
17470,0.030805392
17471,0.019848986
17472,0.0072075003
17473,0.00024653334
17474,0.0031621335
17475,0.014432134
17476,0.027542701
17477,0.034861572
17478,0.032035116
17479,0.020698136
17480,1.08e-05
17481,0.00030720004
17482,0.0017582261
17483,0.005297837
17484,0.011368534
17485,0.0183027
17486,0.022140836
17487,0.019354803
17488,0.0106408335
17489,0.001962904
17490,0.0007803
17491,0.010058904
17492,0.025152726
17493,0.03656357
17494,0.03668003
17495,0.025268683
17496,0.009864533
17497,0.0005320037
17498,0.0032033334
17499,0.015962133
17500,0.030634727
17501,0.03813956
17502,0.03411565
17503,0.021209074
17504,0.0071868487
17505,0.0001393926
17506,0.0038382371
17507,0.015762849
17508,0.0017838371
17509,0.0168507
17510,0.036470536
17511,0.04253823
17512,0.02897485
17513,0.008411292
17514,9.600371e-05
17515,0.01217396
17516,0.035248984
17517,0.051474016
17518,0.049180508
17519,0.031040832
17520,0.01025517
17521,0.00015717038
17522,0.0054495153
17523,0.020680629
17524,0.03518046
17525,0.04013802
17526,0.033266705
17527,0.00026403333
17528,0.00059853337
17529,0.0005404593
17530,5.0703707e-06
17531,0.0015075706
17532,0.0008892593
17533,0.011800835
17534,0.028603116
17535,0.036215294
17536,0.026740627
17537,0.008875201
17538,6.259259e-07
17539,0.009780092
17540,0.031600893
17541,0.048803337
17542,0.048722703
17543,0.032122318
17544,0.011381515
17545,0.0003311148
17546,0.0048471703
17547,0.020158846
17548,0.035386227
17549,0.04104534
17550,0.034340836
17551,0.019831836
17552,0.0059549036
17553,1.7633334e-05
17554,0.004530504
17555,0.0162867
17556,0.028397633
17557,0.03409317
17558,0.030231293
17559,0.019000834
17560,0.006670237
17561,0.00017601483
17562,0.0032935147
17563,0.014359115
17564,0.02714018
17565,0.034250673
17566,0.031514402
17567,0.020418903
17568,0.007457634
17569,0.00026601483
17570,0.003196448
17571,0.014622849
17572,0.027907502
17573,0.0016231261
17574,0.012979201
17575,0.026068185
17576,0.026820298
17577,0.013724537
17578,0.0011041333
17579,0.004376182
17580,0.02421574
17581,0.045578018
17582,0.051529262
17583,0.037807498
17584,5.244815e-05
17585,0.00022231482
17586,0.0016925039
17587,0.0054136333
17588,0.011774405
17589,0.0189003
17590,0.022669174
17591,0.019609634
17592,0.0106408335
17593,0.0018987261
17594,0.0008427
17595,0.01025517
17596,0.025365515
17597,0.036656726
17598,0.0012980149
17599,0.008189516
17600,0.01414117
17601,0.011213333
17602,0.0026570708
17603,0.0009038371
17604,0.0134832
17605,0.0334668
17606,0.04508564
17607,0.038616452
17608,0.019304035
17609,9.961482e-05
17610,0.0043923
17611,0.013202014
17612,0.0013646259
17613,0.013454949
17614,0.030464534
17615,0.037100833
17616,0.026482506
17617,0.008322226
17618,2.1392592e-05
17619,0.010453334
17620,0.002644537
17621,0.025911205
17622,0.053032063
17623,0.05778704
17624,0.036238458
17625,0.009024894
17626,0.00042563336
17627,0.016661635
17628,0.042940836
17629,0.058168035
17630,0.051916804
17631,0.030294817
17632,0.008715393
17633,5.633333e-06
17634,0.00685037
17635,0.022249632
17636,0.035546683
17637,0.0015648151
17638,0.0013067999
17639,0.0016182258
17640,0.014755615
17641,0.022195203
17642,0.012937633
17643,0.0008391704
17644,0.0059080343
17645,0.029099291
17646,0.050484683
17647,0.05043
17648,0.029286461
17649,4.4814817e-05
17650,0.003883615
17651,0.012457616
17652,0.02206845
17653,0.028029634
17654,0.026840236
17655,0.018600302
17656,0.0076161334
17657,0.0005208334
17658,0.002259115
17659,0.012689633
17660,0.026166534
17661,0.03468
17662,0.032956626
17663,0.021924032
17664,0.008255738
17665,0.0003605333
17666,0.0031416332
17667,0.0149633335
17668,0.028726762
17669,0.036168978
17670,0.03291245
17671,0.020944018
17672,0.007394701
17673,0.00020628147
17674,0.0034992
17675,0.015217516
17676,0.028418152
17677,0.035363335
17678,0.03201333
17679,0.020366762
17680,0.0072178366
17681,0.00020628147
17682,0.0033991258
17683,0.014903837
17684,0.02800926
17685,0.035043616
17686,0.031904537
17687,0.020436302
17688,0.0073112035
17689,0.00022595927
17690,0.0033355595
17691,0.01484446
17692,0.02800926
17693,0.035134815
17694,0.032035116
17695,0.020523394
17696,0.0073424596
17697,0.0002277926
17698,0.003342593
17699,0.014874134
17700,0.028070405
17701,0.03518046
17702,0.0010208334
17703,0.0006658371
17704,0.006317171
17705,0.0095527265
17706,0.004932282
17707,0.00024653334
17708,0.0072075003
17709,0.02178009
17710,0.0018304038
17711,0.0139968
17712,0.024064451
17713,0.019051202
17714,0.005052681
17715,0.00067845924
17716,0.01574757
17717,0.03999184
17718,0.053088136
17719,0.0011781335
17720,0.004788033
17721,0.005740834
17722,0.0020722374
17723,0.00032669998
17724,0.007658682
17725,0.022395113
17726,0.0342732
17727,0.033133633
17728,0.019219572
17729,0.004052282
17730,0.0007235704
17731,0.012965337
17732,0.032275204
17733,0.0449307
17734,0.0424128
17735,0.026980003
17736,0.0091875
17737,0.00019084814
17738,0.0045797927
17739,0.018401636
17740,0.0324723
17741,0.03832996
17742,0.032868303
17743,0.019660803
17744,0.0062978375
17745,6.4533335e-05
17746,0.004021348
17747,0.015564815
17748,0.027988894
17749,0.034250673
17750,0.030784033
17751,0.019575559
17752,0.006961634
17753,0.00020628147
17754,0.0032725928
17755,0.014490683
17756,0.0017480336
17757,0.016756035
17758,0.036400832
17759,0.04253823
17760,0.0290163
17761,0.008456005
17762,9.12926e-05
17763,0.012133704
17764,0.035226133
17765,0.051474016
17766,0.049207505
17767,0.031083738
17768,0.010279837
17769,0.00015870002
17770,0.0054495153
17771,0.020698136
17772,0.035203293
17773,0.04013802
17774,0.033266705
17775,0.01911846
17776,0.0057131997
17777,1.5170371e-05
17778,0.0044327257
17779,0.015946759
17780,0.0016875002
17781,0.015916033
17782,0.034793425
17783,0.040971395
17784,0.028233781
17785,9.4814817e-07
17786,0.0020117373
17787,0.008112594
17788,0.016929792
17789,0.024576949
17790,0.026383558
17791,0.020332035
17792,0.0095408335
17793,0.0011163
17794,0.0015889816
17795,0.012000001
17796,0.026581636
17797,0.0017941332
17798,0.014578726
17799,0.028892035
17800,0.029286461
17801,0.014755615
17802,0.0011490704
17803,0.0047041816
17804,0.0025823151
17805,0.027300837
17806,0.056188986
17807,0.06111054
17808,0.038092036
17809,0.009386904
17810,0.00046675923
17811,0.0174243
17812,0.044441838
17813,0.059645068
17814,0.05272419
17815,0.0004082371
17816,0.0007701334
17817,1.1203704e-05
17818,4.8981477e-05
17819,0.0013691259
17820,0.006512134
17821,0.01553446
17822,0.0012631703
17823,0.010193635
17824,0.018204033
17825,0.0147852
17826,0.003883615
17827,0.0006880038
17828,0.00192
17829,0.023166671
17830,0.049803294
17831,0.0021618372
17832,0.011316682
17833,0.014800004
17834,0.0071868487
17835,5.244815e-05
17836,0.0014700001
17837,0.020158846
17838,0.045033958
17839,0.052138906
17840,0.034793425
17841,0.009756034
17842,0.00077351485
17843,0.0144613935
17844,0.03552374
17845,0.048454404
17846,0.04459593
17847,0.027441796
17848,0.00881796
17849,9.481482e-05
17850,0.005209615
17851,0.019371737
17852,0.033111483
17853,0.038258504
17854,0.03229707
17855,0.019034406
17856,0.0059643
17857,0.00022050373
17858,0.004830237
17859,0.013440834
17860,0.022322314
17861,0.02732095
17862,0.02559867
17863,0.017504727
17864,0.007104538
17865,0.00010957038
17866,0.003342593
17867,0.00089289254
17868,0.010766759
17869,0.027120132
17870,0.037949633
17871,0.03409317
17872,0.018236892
17873,0.0031552927
17874,0.0012373483
17875,0.014490683
17876,0.0023703706
17877,0.022395113
17878,0.046439562
17879,0.0516675
17880,0.033266705
17881,0.008715393
17882,0.00028213335
17883,0.014903837
17884,0.03994317
17885,0.055498675
17886,0.050785966
17887,0.030507041
17888,0.009257633
17889,3.8533333e-05
17890,0.0062978375
17891,0.021618728
17892,0.035363335
17893,0.039433964
17894,0.03216596
17895,0.018253334
17896,1.4814815e-08
17897,0.0006721334
17898,0.0026885336
17899,0.0065416335
17900,0.012322134
17901,0.018352134
17902,0.021209074
17903,0.018023837
17904,0.009672059
17905,0.001682504
17906,0.00084978144
17907,0.009888726
17908,0.024481636
17909,0.035592597
17910,0.035868682
17911,0.0248832
17912,2.7392594e-05
17913,0.00020107038
17914,0.0014840333
17915,0.004932282
17916,0.011148983
17917,0.018418148
17918,0.022577632
17919,0.019848986
17920,0.010969782
17921,0.0020446258
17922,0.0007701334
17923,0.010156801
17924,0.025423706
17925,0.0019146705
17926,0.0157323
17927,0.030955113
17928,0.031083738
17929,0.015504135
17930,0.0011823149
17931,0.004932282
17932,0.026423115
17933,0.0029601331
17934,0.02446259
17935,0.045682017
17936,0.04342139
17937,0.020384135
17938,0.0013288924
17939,0.0066206264
17940,0.032692008
17941,0.057203338
17942,0.060270954
17943,0.04077454
17944,0.014667036
17945,0.00048
17946,0.005685634
17947,0.023557352
17948,0.040284462
17949,0.04511148
17950,0.036122702
17951,0.00023520003
17952,0.0004181333
17953,0.00032231485
17954,6.2259264e-06
17955,0.0017429481
17956,0.008322226
17957,0.018683393
17958,0.026541958
17959,0.025288032
17960,0.014829634
17961,0.003196448
17962,0.0005489815
17963,0.009949338
17964,0.026048535
17965,0.03832996
17966,0.038449205
17967,0.02632428
17968,0.010120033
17969,0.0005015704
17970,0.0034275707
17971,0.01658317
17972,0.031363335
17973,0.038616452
17974,0.03418313
17975,0.021014536
17976,3.5592593e-06
17977,0.00048
17978,0.0022475594
17979,0.0059925327
17980,0.011946727
17981,0.018401636
17982,0.02169037
17983,0.018633515
17984,0.010095559
17985,0.0017941332
17986,0.0008251259
17987,0.009985792
17988,0.024806459
17989,0.03603023
17990,0.036215294
17991,0.00050430006
17992,0.0017125926
17993,0.0019040334
17994,0.0003745333
17995,0.0008568927
17996,0.008057871
17997,0.02080333
17998,0.030741341
17999,0.029453335
18000,0.017120373
18001,0.0036153484
18002,0.0006752926
18003,0.012053393
18004,0.030379618
18005,0.042915616
18006,0.041193426
18007,0.026760532
18008,0.00944596
18009,0.00026601483
18010,0.004224533
18011,0.017844537
18012,0.032144133
18013,0.038401484
18014,0.033244506
18015,0.020055294
18016,0.006502315
18017,7.7870376e-05
18018,0.003998226
18019,0.015640834
18020,0.028213337
18021,0.034498908
18022,0.030976532
18023,0.019643737
18024,0.006951481
18025,0.00019763334
18026,0.0033075
18027,0.014578726
18028,0.0017480336
18029,0.016740281
18030,0.036377616
18031,0.042513132
18032,0.02899557
18033,0.008444815
18034,9.12926e-05
18035,0.012133704
18036,0.035226133
18037,0.051474016
18038,0.049207505
18039,0.031062286
18040,0.010279837
18041,0.00015870002
18042,0.0054495153
18043,0.020680629
18044,0.035203293
18045,0.04013802
18046,0.033266705
18047,0.01911846
18048,0.0057131997
18049,1.5170371e-05
18050,0.0044327257
18051,0.015946759
18052,0.027907502
18053,0.0014934259
18054,0.01189357
18055,0.024177868
18056,0.02517203
18057,0.013048626
18058,0.0010800001
18059,0.0041536335
18060,0.023333704
18061,0.044339262
18062,0.050566755
18063,0.037476897
18064,0.015564815
18065,0.0011531999
18066,0.0036373371
18067,0.019729128
18068,0.037288625
18069,0.044621635
18070,0.037736535
18071,0.00029872594
18072,0.000647126
18073,0.0005691259
18074,5.9259264e-06
18075,0.0015265334
18076,0.008300033
18077,0.0192027
18078,0.027502315
18079,0.026205927
18080,0.0153228
18081,0.0032795595
18082,0.00061351486
18083,0.011174701
18084,0.028623704
18085,0.041094672
18086,0.04013802
18087,0.00049342593
18088,0.0015123001
18089,0.0016035704
18090,0.0002561815
18091,0.0009899593
18092,0.008178503
18093,0.0205932
18094,0.030167837
18095,0.028830001
18096,0.016740281
18097,0.0035280597
18098,0.0006752926
18099,0.011906848
18100,0.030062228
18101,0.042563334
18102,0.040971395
18103,0.026700838
18104,0.009481482
18105,0.00028009262
18106,0.0009408001
18107,0.013020833
18108,0.031341784
18109,0.04324403
18110,0.04077454
18111,0.026048535
18112,0.0089902375
18113,0.00020803335
18114,0.004344034
18115,0.017828282
18116,0.031817637
18117,0.03792593
18118,0.03284624
18119,0.019848986
18120,0.006463115
18121,8.222593e-05
18122,0.0039292593
18123,0.015488981
18124,0.028050017
18125,0.034408536
18126,0.030976532
18127,0.019694949
18128,0.007002315
18129,0.00020628147
18130,0.0032865335
18131,0.014564034
18132,0.027542701
18133,0.034702674
18134,0.0010208334
18135,0.0063268477
18136,0.01118757
18137,0.009001782
18138,0.0020556482
18139,0.0009370704
18140,0.012566533
18141,0.03114815
18142,0.0424128
18143,0.036843393
18144,0.018833425
18145,0.002887737
18146,0.0016477371
18147,0.0018828483
18148,0.021565072
18149,0.047627393
18150,0.058050677
18151,0.04472454
18152,0.019287128
18153,0.0016775148
18154,0.003711115
18155,0.021547202
18156,0.0408483
18157,0.048267044
18158,0.03994317
18159,0.022231482
18160,1.6333332e-06
18161,0.0010130705
18162,0.0035643002
18163,0.0077548483
18164,0.0008356483
18165,0.00944596
18166,0.023352304
18167,0.030592136
18168,0.023520002
18169,0.008300033
18170,6.533333e-06
18171,0.0015170372
18172,0.019986406
18173,0.045604005
18174,0.0567675
18175,0.04459593
18176,9.961482e-05
18177,4.32e-05
18178,0.00017120372
18179,0.00049342593
18180,0.0079489825
18181,0.022158949
18182,0.033377793
18183,0.032035116
18184,0.018500835
18185,0.003860893
18186,0.00073342596
18187,0.012772035
18188,0.031752534
18189,0.044313636
18190,0.041962802
18191,0.026820298
18192,0.0092225345
18193,0.00020803335
18194,0.004481482
18195,0.018220462
18196,0.032340836
18197,0.038306136
18198,0.032956626
18199,0.019763332
18200,0.006365634
18201,6.850371e-05
18202,0.0008042815
18203,0.011174701
18204,0.027684284
18205,0.039433964
18206,0.03854473
18207,0.02573517
18208,0.0095408335
18209,0.00038163335
18210,0.0036741337
18211,0.0016182258
18212,0.017942227
18213,0.040578146
18214,0.05108814
18215,0.0010364482
18216,0.004067793
18217,0.004804893
18218,0.0016133332
18219,0.00033779262
18220,0.008068801
18221,0.023352304
18222,0.035386227
18223,0.0011000925
18224,0.0053868005
18225,0.0068705333
18226,0.0027968925
18227,0.00010083333
18228,0.0076373927
18229,0.0020336334
18230,0.020228036
18231,0.039967503
18232,0.0012761814
18233,0.004637634
18234,0.0036373371
18235,0.00015870002
18236,0.0035280597
18237,0.017360093
18238,0.0020117373
18239,0.016162671
18240,0.027765349
18241,0.021996183
18242,0.0059925327
18243,0.000828626
18244,0.015564815
18245,0.038712185
18246,0.0511707
18247,0.042588446
18248,0.020384135
18249,0.0025761332
18250,0.0010325334
18251,0.015473839
18252,0.036586847
18253,0.0023290704
18254,0.001962904
18255,0.019729128
18256,0.034952536
18257,0.028274704
18258,0.00828895
18259,0.00039361484
18260,0.01739218
18261,0.045942537
18262,0.060930137
18263,0.04988482
18264,0.02309263
18265,0.0026133335
18266,0.0031348146
18267,0.021726234
18268,0.042789634
18269,0.051225785
18270,0.042437874
18271,0.023445394
18272,0.0062785344
18273,5.0703707e-06
18274,0.0061824587
18275,0.019422594
18276,0.031406462
18277,0.03547787
18278,0.029809518
18279,0.017714702
18280,0.0057040043
18281,6.1633335e-05
18282,0.0036741337
18283,0.01452
18284,0.02660148
18285,0.03317796
18286,0.030422058
18287,0.019780448
18288,0.0072800154
18289,0.00016023703
18290,0.0041536335
18291,0.012133704
18292,0.020944018
18293,0.026522135
18294,0.02559867
18295,0.018023837
18296,0.0075949044
18297,0.00058963336
18298,0.0020501334
18299,0.012200834
18300,0.025657127
18301,0.034453705
18302,0.03308934
18303,0.022213338
18304,0.0084672
18305,0.0003984593
18306,0.0030805336
18307,0.014948449
18308,0.02885067
18309,0.036400832
18310,0.033133633
18311,0.021067498
18312,0.0074261334
18313,0.00020453705
18314,0.0035280597
18315,0.015292681
18316,0.028500285
18317,0.03540913
18318,0.03201333
18319,0.020332035
18320,0.0071868487
18321,0.00020280002
18322,0.0034133336
18323,0.014918702
18324,0.02800926
18325,0.035020836
18326,0.031882804
18327,0.020401513
18328,0.0073008006
18329,0.00017601483
18330,0.0044165333
18331,0.012662225
18332,0.021547202
18333,0.026900092
18334,0.0008784038
18335,0.0058613485
18336,0.010653393
18337,0.008715393
18338,0.0020391261
18339,0.00088563334
18340,0.01225467
18341,0.030634727
18342,0.041962802
18343,0.03668003
18344,0.01886685
18345,0.002953515
18346,0.0015841334
18347,0.015824035
18348,0.035089202
18349,0.045838244
18350,0.041242853
18351,0.025056303
18352,0.007970701
18353,7.4681484e-05
18354,0.00097470003
18355,0.0016428002
18356,0.019626683
18357,0.044288013
18358,0.0024120333
18359,0.0016378704
18360,0.014344536
18361,0.021404507
18362,0.012335648
18363,0.0007301334
18364,0.0060208333
18365,0.02897485
18366,0.04996641
18367,0.049803294
18368,0.028871346
18369,0.006087126
18370,0.0008965335
18371,0.016803334
18372,0.04030889
18373,0.053425197
18374,0.047494676
18375,0.027927836
18376,0.008244681
18377,1.564815e-05
18378,0.0011163
18379,0.014359115
18380,0.033667505
18381,0.045370374
18382,0.041813336
18383,0.025989635
18384,0.0085683
18385,0.0001253926
18386,0.004754403
18387,0.018368628
18388,0.032035116
18389,0.037665635
18390,0.03231895
18391,0.019388681
18392,0.0062496336
18393,7.053334e-05
18394,0.0039292593
18395,0.015352949
18396,0.027765349
18397,0.03411565
18398,0.030805392
18399,0.019660803
18400,8.892593e-06
18401,0.00031363333
18402,0.0017633336
18403,0.005280133
18404,0.011329633
18405,0.018269781
18406,0.022122726
18407,0.01933787
18408,0.0106408335
18409,0.0019683002
18410,0.0007769037
18411,0.0012761814
18412,0.015992904
18413,0.0026696336
18414,0.023951294
18415,0.045552038
18416,0.0437772
18417,0.02080333
18418,0.0014421332
18419,0.0064337924
18420,0.032516185
18421,0.05726158
18422,0.060570136
18423,0.04111935
18424,0.01484446
18425,0.00049884815
18426,0.0013112037
18427,0.017264005
18428,0.03940979
18429,0.051225785
18430,0.04518907
18431,0.026541958
18432,0.007862403
18433,1.7125927e-05
18434,0.0058520334
18435,0.019934816
18436,0.032978725
18437,0.037429783
18438,0.03127717
18439,0.01831917
18440,0.0057131997
18441,0.00021333335
18442,0.004712534
18443,0.013174059
18444,0.022014238
18445,0.027100096
18446,0.02555974
18447,0.017585339
18448,0.00719717
18449,0.00048803337
18450,0.0021845335
18451,0.012295127
18452,0.025501395
18453,0.034070704
18454,0.032648
18455,0.021924032
18456,1.8670371e-05
18457,0.00023148149
18458,0.0015408334
18459,0.004983704
18460,0.011136133
18461,0.01831917
18462,0.022413334
18463,0.019729128
18464,0.010906133
18465,0.0020391261
18466,0.00076339254
18467,0.010107794
18468,0.025346134
18469,0.0019093482
18470,0.0157323
18471,0.030955113
18472,0.031083738
18473,0.015519292
18474,0.0011823149
18475,0.004923737
18476,0.026423115
18477,0.04869584
18478,0.0539328
18479,0.038688235
18480,0.015277635
18481,0.00088563334
18482,0.004304015
18483,0.021049839
18484,0.038353797
18485,0.04482756
18486,0.03719467
18487,0.021014536
18488,0.005983115
18489,1.7925927e-06
18490,0.0051570376
18491,0.0174243
18492,0.02943245
18493,0.034498908
18494,0.029977873
18495,0.018467737
18496,0.0062881815
18497,0.00012813334
18498,0.0034204484
18499,0.0143883005
18500,0.026900092
18501,0.03382402
18502,0.031105202
18503,0.020193428
18504,0.0074051702
18505,0.0002720037
18506,0.0031348146
18507,0.014476032
18508,0.027724799
18509,0.035112005
18510,0.032231484
18511,0.020768238
18512,0.007489201
18513,0.00024653334
18514,0.0033215152
18515,0.014903837
18516,0.028192896
18517,0.03534045
18518,0.032187797
18519,0.020575738
18520,0.0073424596
18521,0.00022050373
18522,0.0033778707
18523,0.014948449
18524,0.028131617
18525,0.035203293
18526,0.032035116
18527,0.020488536
18528,0.0073112035
18529,0.00022231482
18530,0.0033637371
18531,0.014888983
18532,0.028050017
18533,0.035134815
18534,0.03201333
18535,0.020488536
18536,0.007332033
18537,0.00022595927
18538,0.0033496334
18539,0.014874134
18540,0.028050017
18541,0.03515764
18542,0.032035116
18543,0.02050596
18544,0.007332033
18545,0.00022595927
18546,0.0033496334
18547,0.014874134
18548,0.028070405
18549,0.03515764
18550,0.032035116
18551,0.00035822592
18552,0.0010960593
18553,0.0011531999
18554,0.00013090372
18555,0.0011203705
18556,0.008068801
18557,0.019900458
18558,0.029078534
18559,0.02788717
18560,0.01630224
18561,2.4903706e-05
18562,0.0024540594
18563,0.00081120007
18564,0.010230534
18565,0.02618623
18566,0.037100833
18567,0.033734538
18568,0.018286237
18569,0.0032795595
18570,0.001136726
18571,0.0017582261
18572,0.020663125
18573,0.04612534
18574,0.0024600928
18575,0.015962133
18576,0.02614685
18577,0.020055294
18578,0.0050786706
18579,0.0008181482
18580,0.016740281
18581,0.041540004
18582,0.054357633
18583,0.044570222
18584,0.020873617
18585,0.0024540594
18586,0.0027520151
18587,0.019866135
18588,0.03999184
18589,0.048884038
18590,0.041465614
18591,0.023594726
18592,5.333334e-07
18593,0.0009709037
18594,0.0034920042
18595,0.00768
18596,0.0008391704
18597,0.009481482
18598,0.023426762
18599,0.030677352
18600,0.023557352
18601,0.008311126
18602,6.2259264e-06
18603,0.008388981
18604,0.028726762
18605,0.045890372
18606,0.04720334
18607,0.03216596
18608,0.012000001
18609,0.00049884815
18610,0.0010482371
18611,0.014417515
18612,0.03409317
18613,0.046046954
18614,0.04238774
18615,0.026284803
18616,0.008602134
18617,0.00011734816
18618,0.0048556486
18619,0.018583706
18620,0.032253336
18621,0.03778384
18622,0.03229707
18623,0.019304035
18624,0.006192034
18625,6.4533335e-05
18626,0.003952182
18627,0.015368034
18628,0.027724799
18629,0.034048237
18630,0.03072
18631,0.019609634
18632,0.0070227003
18633,0.00021690372
18634,0.0032309485
18635,0.01444676
18636,0.02746196
18637,0.03468
18638,0.03183935
18639,0.00036750003
18640,0.0011449482
18641,0.0012160332
18642,0.00014963334
18643,0.0010880148
18644,0.008057871
18645,0.019969199
18646,0.029224005
18647,0.028029634
18648,0.016380034
18649,0.0035064039
18650,0.00063480006
18651,0.011629572
18652,0.02959974
18653,0.042162508
18654,0.040799115
18655,0.026740627
18656,0.009588449
18657,0.00030507034
18658,0.0040833335
18659,0.01764996
18660,0.032035116
18661,0.038473073
18662,0.033422284
18663,0.020228036
18664,0.00658107
18665,8.222593e-05
18666,0.003998226
18667,0.015686532
18668,0.02829517
18669,0.034612034
18670,0.031040832
18671,0.019660803
18672,0.006951481
18673,0.00019422593
18674,0.0033285336
18675,0.014608134
18676,0.027542701
18677,0.03465734
18678,0.03173085
18679,0.020453705
18680,0.007394701
18681,0.00024653334
18682,0.0032656335
18683,0.014740833
18684,0.027968537
18685,0.03518046
18686,0.032144133
18687,0.02062815
18688,0.007394701
18689,0.00023148149
18690,0.003342593
18691,0.014903837
18692,0.0281112
18693,0.035248984
18694,0.032100506
18695,0.020523394
18696,0.007332033
18697,0.00017925927
18698,0.004440834
18699,0.012730801
18700,0.021618728
18701,0.026940035
18702,0.025657127
18703,0.017812034
18704,0.0073737823
18705,0.0005264037
18706,0.0021392591
18707,0.012281634
18708,0.02559867
18709,0.034250673
18710,0.03284624
18711,0.022032302
18712,0.008400134
18713,0.0003984593
18714,0.0030603004
18715,0.014874134
18716,0.028726762
18717,0.0016725332
18718,0.013286061
18719,0.026561795
18720,0.027220452
18721,0.013867501
18722,0.0011000925
18723,0.004448949
18724,0.02446259
18725,0.045890372
18726,0.051750533
18727,0.03785485
18728,0.015443572
18729,0.0010482371
18730,0.0038760337
18731,0.020193428
18732,0.037642013
18733,0.04467307
18734,0.037524033
18735,0.021457959
18736,0.0062496336
18737,6.533333e-06
18738,0.0050786706
18739,0.017472534
18740,0.029662596
18741,0.03481614
18742,0.03025246
18743,0.018600302
18744,0.0063074995
18745,0.0001226815
18746,0.0034632927
18747,0.014490683
18748,0.0017025335
18749,0.016348893
18750,0.035661515
18751,0.041863125
18752,0.0005264037
18753,0.0008748
18754,0.00016645927
18755,0.0007769037
18756,0.0068403
18757,0.018154802
18758,0.0014981332
18759,0.011761201
18760,0.02062815
18761,0.016551837
18762,0.0043681334
18763,0.0006848149
18764,0.0148148155
18765,0.037760183
18766,0.050594136
18767,0.042588446
18768,0.020680629
18769,0.00012675927
18770,0.005018133
18771,0.014578726
18772,0.024177868
18773,0.029120062
18774,0.026621336
18775,0.017666133
18776,0.006820181
18777,0.00034453702
18778,0.0025208336
18779,0.012840903
18780,0.025793782
18781,0.0338688
18782,0.032100506
18783,0.0213867
18784,0.008090682
18785,0.0003651704
18786,0.003046848
18787,0.014681783
18788,0.028356628
18789,0.0016576335
18790,0.013216004
18791,0.0264627
18792,0.02714018
18793,0.013853171
18794,0.0011041333
18795,0.0044327257
18796,0.024405517
18797,0.0028291706
18798,0.023688298
18799,0.044493176
18800,0.04253823
18801,0.02008978
18802,0.0013377817
18803,0.006463115
18804,0.032187797
18805,0.05656468
18806,0.059853334
18807,0.040676285
18808,0.014740833
18809,0.0005070371
18810,0.005576033
18811,0.0021561817
18812,0.022413334
18813,0.048454404
18814,0.058314905
18815,0.0444675
18816,0.018917039
18817,0.00022595927
18818,0.0065219593
18819,0.017585339
18820,0.0273612
18821,0.031019393
18822,0.026760532
18823,0.01669307
18824,0.0058986815
18825,0.0001648926
18826,0.0029469037
18827,0.013188035
18828,0.025520831
18829,0.032934535
18830,0.031019393
18831,0.00039120376
18832,0.0012936335
18833,0.0014145334
18834,0.00021511482
18835,0.0009937927
18836,0.008014226
18837,0.020176135
18838,0.02968356
18839,0.028500285
18840,0.016645927
18841,2.6133332e-05
18842,0.002496448
18843,0.008932626
18844,0.017617634
18845,0.024710702
18846,0.025930801
18847,0.019643737
18848,0.009048034
18849,0.0009976333
18850,0.0016526815
18851,0.011933426
18852,0.026245346
18853,0.035845637
18854,0.034589395
18855,0.023166671
18856,0.008749516
18857,0.00039120376
18858,0.0032448003
18859,0.015458701
18860,0.02949513
18861,0.03686676
18862,0.033244506
18863,0.020944018
18864,0.00725926
18865,0.0001744037
18866,0.00363
18867,0.015398227
18868,0.028479736
18869,0.03527184
18870,0.03183935
18871,0.020193428
18872,0.0071353484
18873,0.00019934814
18874,0.0033991258
18875,0.0148592945
18876,0.027907502
18877,0.034952536
18878,0.03183935
18879,0.020418903
18880,0.0073216152
18881,0.00022963336
18882,0.0033215152
18883,0.0148148155
18884,0.027988894
18885,0.035134815
18886,0.032035116
18887,0.020540833
18888,0.0073528923
18889,0.00017763334
18890,0.004424626
18891,0.012703349
18892,0.021582946
18893,0.026920063
18894,0.025657127
18895,0.017828282
18896,0.0073842374
18897,0.0005292
18898,0.0021336332
18899,0.012281634
18900,0.02559867
18901,0.034250673
18902,0.0011163
18903,0.0070431144
18904,0.012362699
18905,0.009900834
18906,0.0023114816
18907,0.0009148482
18908,0.012923794
18909,0.0320787
18910,0.043522906
18911,0.037594803
18912,0.019051202
18913,0.002848626
18914,0.0017378703
18915,0.016348893
18916,0.0357075
18917,0.046177633
18918,0.04121813
18919,0.024825636
18920,0.0077870376
18921,5.8800008e-05
18922,0.0050267596
18923,0.018385127
18924,0.03155764
18925,0.036843393
18926,0.03155764
18927,0.01898406
18928,0.006172893
18929,7.5737036e-05
18930,0.0038081335
18931,0.0013917371
18932,0.015625617
18933,0.03628482
18934,0.04693926
18935,0.038832016
18936,0.018600302
18937,0.0023526258
18938,0.0009595593
18939,0.0145493485
18940,0.034770727
18941,0.0022765037
18942,0.017488627
18943,0.0334668
18944,0.032934535
18945,0.016069962
18946,0.0011285334
18947,0.005342226
18948,0.02762356
18949,0.0030133482
18950,0.024710702
18951,0.045994725
18952,0.043649964
18953,0.020436302
18954,0.0013200332
18955,0.0018044591
18956,0.024902405
18957,0.055355396
18958,0.066458136
18959,0.049830463
18960,0.020523394
18961,0.0014606816
18962,0.004670848
18963,0.024272595
18964,0.04395565
18965,0.050129782
18966,0.04008926
18967,0.021422315
18968,0.0054315585
18969,2.7392594e-05
18970,0.0062016146
18971,0.0015456147
18972,0.016364459
18973,0.03733565
18974,0.047733705
18975,0.03904818
18976,0.018434672
18977,0.0022245373
18978,0.0024180147
18979,0.018007502
18980,0.037077393
18981,0.046334703
18982,0.040284462
18983,0.023688298
18984,0.007145634
18985,2.5514819e-05
18986,0.005174534
18987,0.018253334
18988,0.0018252002
18989,0.016756035
18990,0.03614584
18991,0.001697515
18992,0.009363333
18993,0.012416894
18994,0.0059455154
18995,1.3781483e-05
18996,0.0013872002
18997,0.019068003
18998,0.042966057
18999,0.050211575
19000,0.033846408
19001,0.009660093
19002,0.00011472593
19003,0.01366756
19004,0.003026726
19005,0.028520834
19006,0.05726158
19007,0.061321348
19008,0.037665635
19009,0.009013333
19010,0.00056044816
19011,0.017844537
19012,0.04475028
19013,0.059555933
19014,0.052361485
19015,0.029998949
19016,0.008344448
19017,3.7037038e-09
19018,0.0071662264
19019,0.02255935
19020,0.03556963
19021,0.038760092
19022,0.03112667
19023,0.017440371
19024,0.0050440338
19025,3.7925927e-06
19026,0.004344034
19027,0.0013511705
19028,0.015052802
19029,0.035134815
19030,0.045760095
19031,0.038163334
19032,0.018500835
19033,0.0024300003
19034,0.0021392591
19035,0.017280001
19036,0.036377616
19037,0.0460992
19038,0.040553633
19039,0.024102226
19040,0.0074051702
19041,3.8533333e-05
19042,0.0050873477
19043,0.018253334
19044,0.031169636
19045,0.036400832
19046,0.031234136
19047,0.018850137
19048,0.006172893
19049,8.333335e-05
19050,0.0037408334
19051,0.01493357
19052,0.02732095
19053,0.0338912
19054,0.030826764
19055,0.00035134816
19056,0.0010960593
19057,0.0011656334
19058,0.00013795926
19059,0.0011041333
19060,0.008046949
19061,0.019883294
19062,0.029099291
19063,0.027927836
19064,0.016333334
19065,0.0034992
19066,0.0006286815
19067,0.0015456147
19068,0.018917039
19069,0.043067034
19070,0.053961072
19071,0.042840004
19072,0.019304035
19073,0.0019845334
19074,0.0030872927
19075,0.020072533
19076,0.039458133
19077,0.0020833337
19078,0.015398227
19079,0.02972552
19080,0.029620681
19081,0.014652302
19082,0.0010521815
19083,0.004949393
19084,0.025989635
19085,0.002907393
19086,0.024045574
19087,0.045008138
19088,0.042890407
19089,0.020193428
19090,0.0013244592
19091,0.0065416335
19092,0.03242845
19093,0.056825515
19094,0.060032137
19095,0.040700838
19096,0.014696535
19097,0.00049342593
19098,0.0056215706
19099,0.023445394
19100,0.040211204
19101,0.04511148
19102,0.036168978
19103,0.019729128
19104,0.0052889823
19105,4.0333334e-06
19106,0.0053600334
19107,0.017280001
19108,0.02878868
19109,0.033600535
19110,0.0008820149
19111,0.0053868005
19112,0.009684034
19113,0.007862403
19114,0.0017582261
19115,0.00095579255
19116,0.012066761
19117,0.029893637
19118,0.040946756
19119,0.035891738
19120,0.018567115
19121,0.0029469037
19122,0.0015217816
19123,0.015519292
19124,0.034634683
19125,0.045474134
19126,0.04111935
19127,0.025133427
19128,0.008068801
19129,8.557037e-05
19130,0.004864133
19131,0.018253334
19132,0.031622536
19133,0.037100833
19134,0.0009408001
19135,0.005548801
19136,0.009864533
19137,0.0079489825
19138,0.0017582261
19139,0.0009785037
19140,0.012187392
19141,0.030083334
19142,0.041094672
19143,0.03593787
19144,0.01853396
19145,7.894814e-05
19146,0.003906404
19147,0.012133704
19148,0.0213867
19149,0.027260626
19150,0.0009111704
19151,0.0060966257
19152,0.0006286815
19153,0.0034204484
19154,0.0029469037
19155,8.898148e-05
19156,0.0040368
19157,0.0145493485
19158,0.025832895
19159,0.0010880148
19160,0.0060302825
19161,0.008003333
19162,0.003513615
19163,0.00029662595
19164,0.0076373927
19165,0.0018356149
19166,0.018401636
19167,0.036796685
19168,0.0012075593
19169,0.004448949
19170,0.0034776332
19171,0.00013653334
19172,0.0035643002
19173,0.017296005
19174,0.0019899593
19175,0.016023705
19176,0.0014981332
19177,0.008101633
19178,0.00821156
19179,0.0016526815
19180,0.0017075593
19181,0.016085392
19182,0.0023644485
19183,0.019354803
19184,0.032978725
19185,0.025989635
19186,0.0072075003
19187,0.00090018153
19188,0.016803334
19189,0.041267574
19190,0.053763337
19191,0.044006698
19192,0.0205932
19193,0.0024120333
19194,0.0010880148
19195,0.016023705
19196,0.037571207
19197,0.049803294
19198,0.04475028
19199,0.026840236
19200,0.008255738
19201,4.4003707e-05
19202,0.005539737
19203,0.019626683
19204,0.032956626
19205,0.037736535
19206,0.03170917
19207,0.018650135
19208,0.005842726
19209,4.2403703e-05
19210,0.0040136334
19211,0.015247561
19212,0.02738134
19213,0.033600535
19214,0.030379618
19215,0.019473517
19216,0.0070227003
19217,0.00022963336
19218,0.0031621335
19219,0.014315395
19220,0.02732095
19221,0.034634683
19222,0.031882804
19223,0.020645635
19224,0.0075208335
19225,0.00026205927
19226,0.0032448003
19227,0.0147704035
19228,0.028070405
19229,0.0016231261
19230,0.012965337
19231,0.026028892
19232,0.02678045
19233,0.013710283
19234,0.0011000925
19235,0.004376182
19236,0.024196802
19237,0.045552038
19238,0.05150164
19239,0.03778384
19240,0.015473839
19241,0.0010680334
19242,0.0038231702
19243,0.02008978
19244,0.037571207
19245,0.044647347
19246,0.037571207
19247,0.02152934
19248,9.25926e-08
19249,0.0008146704
19250,0.00029453338
19251,0.004376182
19252,0.013497339
19253,0.02393246
19254,0.02899557
19255,0.024310533
19256,0.012403334
19257,0.0018828483
19258,0.0012761814
19259,0.012349171
19260,0.028459199
19261,0.03912037
19262,0.037382696
19263,0.024519736
19264,0.008898149
19265,0.00030507034
19266,0.0037185336
19267,0.016536182
19268,0.030592136
19269,0.037382696
19270,0.03308934
19271,0.020453705
19272,0.0068907263
19273,0.00012813334
19274,0.0037706709
19275,0.015458701
19276,0.02829517
19277,0.0348843
19278,0.031449612
19279,0.019969199
19280,0.0070737926
19281,0.00020107038
19282,0.0033496334
19283,0.014726061
19284,0.027745074
19285,0.03481614
19286,0.031817637
19287,0.020453705
19288,0.007363334
19289,0.00023707037
19290,0.0032935147
19291,0.0147852
19292,0.027988894
19293,0.03515764
19294,0.032100506
19295,0.020575738
19296,0.0073737823
19297,0.00022963336
19298,0.0033496334
19299,0.014888983
19300,0.028090801
19301,0.035203293
19302,0.0320787
19303,0.020523394
19304,0.007332033
19305,0.00022413337
19306,0.0033637371
19307,0.014903837
19308,0.028070405
19309,0.03518046
19310,0.032035116
19311,0.02050596
19312,0.0073216152
19313,0.00022413337
19314,0.0033566817
19315,0.014888983
19316,0.028050017
19317,0.03515764
19318,0.032035116
19319,0.02050596
19320,0.007332033
19321,0.00022595927
19322,0.0033496334
19323,0.014874134
19324,0.028050017
19325,0.03515764
19326,0.032035116
19327,0.02050596
19328,0.007332033
19329,0.00022595927
19330,0.0033496334
19331,0.014888983
19332,0.028070405
19333,0.03515764
19334,0.032035116
19335,0.02050596
19336,0.007332033
19337,0.00022413337
19338,0.0033496334
19339,0.014888983
19340,0.028070405
19341,0.03515764
19342,0.032035116
19343,0.02050596
19344,0.007332033
19345,0.00022413337
19346,0.0033496334
19347,0.014888983
19348,0.028070405
19349,0.0016133332
19350,0.012854701
19351,0.02585246
19352,0.026621336
19353,0.013639115
19354,0.0011000925
19355,0.004352059
19356,0.02412113
19357,0.045448188
19358,0.051418804
19359,0.037760183
19360,0.015488981
19361,0.0010760038
19362,0.0038081335
19363,0.020055294
19364,0.037547614
19365,0.044647347
19366,0.037594803
19367,0.021547202
19368,0.0062881815
19369,7.837038e-06
19370,0.00507
19371,0.017472534
19372,0.029704534
19373,0.034861572
19374,0.030294817
19375,0.018616905
19376,0.0063074995
19377,0.000121337056
19378,0.0034776332
19379,0.014505339
19380,0.0017025335
19381,0.016348893
19382,0.035661515
19383,0.041863125
19384,0.028706132
19385,0.008433634
19386,8.112593e-05
19387,0.011933426
19388,0.0348843
19389,0.0511707
19390,0.04909956
19391,0.03112667
19392,0.010354016
19393,0.00017120372
19394,0.0053868005
19395,0.020610668
19396,0.03518046
19397,0.040211204
19398,0.00093334814
19399,0.0053067002
19400,0.009386904
19401,0.0001648926
19402,7.25926e-05
19403,0.00045111479
19404,0.0048133335
19405,0.014432134
19406,0.02412113
19407,0.025832895
19408,0.016961483
19409,0.004596282
19410,0.00020107038
19411,0.009624237
19412,0.027603336
19413,0.041688986
19414,0.04198774
19415,0.028479736
19416,0.010703704
19417,0.00046413334
19418,0.0038533336
19419,0.017779559
19420,0.03282418
19421,0.039603338
19422,0.034363393
19423,0.020663125
19424,0.006630534
19425,6.951483e-05
19426,0.0041693375
19427,0.016054533
19428,0.028664906
19429,0.034793425
19430,0.031019393
19431,0.0195075
19432,0.0068302373
19433,0.00017601483
19434,0.0033778707
19435,0.014622849
19436,0.027482133
19437,0.034521516
19438,0.0010130705
19439,0.0062785344
19440,0.011110459
19441,0.00019592591
19442,0.00011084815
19443,0.00036750003
19444,0.0046127997
19445,0.014286281
19446,0.02421574
19447,0.0009861334
19448,0.0054765036
19449,0.00725926
19450,0.003114404
19451,5.6033343e-05
19452,0.007363334
19453,0.024158949
19454,0.03804454
19455,0.036983706
19456,0.021368904
19457,0.0044733374
19458,0.00078370364
19459,0.013939259
19460,0.034228146
19461,0.046965633
19462,0.043599118
19463,0.02714018
19464,0.008921127
19465,0.00012675927
19466,0.004949393
19467,0.018950533
19468,0.032802135
19469,0.0382347
19470,0.032494236
19471,0.019287128
19472,0.0061061336
19473,5.244815e-05
19474,0.0040445374
19475,0.015473839
19476,0.027765349
19477,0.0339809
19478,0.030613428
19479,0.0195075
19480,0.0069717923
19481,0.00021333335
19482,0.0007367259
19483,0.010678534
19484,0.026800372
19485,0.038616452
19486,0.038163334
19487,0.025774239
19488,0.009732004
19489,0.00043573702
19490,0.0035208336
19491,0.01658317
19492,0.03114815
19493,0.0382347
19494,0.033846408
19495,0.02083846
19496,0.006951481
19497,0.00011734816
19498,0.0038912038
19499,0.0157323
19500,0.028603116
19501,0.035043616
19502,0.031428035
19503,0.019848986
19504,7.5e-06
19505,0.0003490704
19506,0.0018670369
19507,0.0054405336
19508,0.011472593
19509,0.018286237
19510,0.022014238
19511,0.019168982
19512,0.010515649
19513,0.0019306814
19514,0.0007871149
19515,0.010022315
19516,0.025056303
19517,0.0018934261
19518,0.015610405
19519,0.030762685
19520,0.030933706
19521,0.015458701
19522,0.0011823149
19523,0.004898149
19524,0.02632428
19525,0.048588466
19526,0.053876285
19527,0.0386643
19528,0.015292681
19529,0.00089289254
19530,0.004288059
19531,0.021014536
19532,0.03832996
19533,0.04482756
19534,0.037218153
19535,0.021032182
19536,0.0059925327
19537,1.9592594e-06
19538,0.0051570376
19539,0.017440371
19540,0.029453335
19541,0.034498908
19542,0.029977873
19543,0.018467737
19544,0.0062881815
19545,0.00012675927
19546,0.00073342596
19547,0.01050317
19548,0.026442904
19549,0.03818712
19550,0.037878532
19551,0.02571565
19552,0.009780092
19553,0.00045630004
19554,0.0034561334
19555,0.016458016
19556,0.031062286
19557,0.0017176333
19558,0.013370372
19559,0.026621336
19560,0.02720037
19561,0.013824534
19562,0.0010840038
19563,0.004481482
19564,0.024500683
19565,0.045890372
19566,0.05172285
19567,0.037807498
19568,0.015398227
19569,0.0010403704
19570,0.003883615
19571,0.020193428
19572,0.037618402
19573,0.044621635
19574,0.037500463
19575,0.021457959
19576,0.0062400145
19577,6.8481486e-06
19578,0.00507
19579,0.017456448
19580,0.029641632
19581,0.03481614
19582,0.03025246
19583,0.018600302
19584,0.0063074995
19585,0.0001226815
19586,0.0007400333
19587,0.010565634
19588,0.026541958
19589,0.038306136
19590,0.037949633
19591,0.02571565
19592,0.009756034
19593,0.00045111479
19594,0.0034776332
19595,0.016489258
19596,0.031062286
19597,0.0382347
19598,0.0338912
19599,0.020891206
19600,0.0069921343
19601,0.00012
19602,0.0038912038
19603,0.0157323
19604,0.028623704
19605,0.035089202
19606,0.031471208
19607,0.019866135
19608,0.006981959
19609,0.00018583704
19610,0.0033991258
19611,0.014755615
19612,0.027724799
19613,0.034725346
19614,0.03170917
19615,0.020384135
19616,0.007332033
19617,0.00023707037
19618,0.0032865335
19619,0.014755615
19620,0.02794818
19621,0.0016133332
19622,0.012896133
19623,0.025930801
19624,0.026680948
19625,0.01366756
19626,0.0011000925
19627,0.004360093
19628,0.024158949
19629,0.045474134
19630,0.051446404
19631,0.0008321334
19632,0.0028812
19633,0.0032378708
19634,0.00087120367
19635,0.00059853337
19636,0.0010880148
19637,0.014505339
19638,0.0339809
19639,0.041465614
19640,0.02943245
19641,0.009164182
19642,2.3114815e-05
19643,0.0018617813
19644,0.023222284
19645,0.051418804
19646,0.06213784
19647,0.04720334
19648,0.019866135
19649,0.0015648151
19650,0.0041772006
19651,0.022871207
19652,0.042362686
19653,0.049180508
19654,0.03999184
19655,0.021816036
19656,0.005768533
19657,8.892593e-06
19658,0.0059455154
19659,0.018650135
19660,0.030337198
19661,0.034612034
19662,0.02943245
19663,0.00027603333
19664,0.0007600333
19665,0.0007600333
19666,3.9292594e-05
19667,0.0013112037
19668,0.0009075
19669,0.0015552
19670,0.018434672
19671,0.037902225
19672,0.03849695
19673,0.019456532
19674,0.0016875002
19675,0.0051657814
19676,0.02899557
19677,0.05331273
19678,0.058314905
19679,0.040946756
19680,0.0155952005
19681,0.0007400333
19682,0.004957959
19683,0.02255935
19684,0.03991885
19685,0.045604005
19686,0.03705396
19687,0.020436302
19688,0.0055851266
19689,1.2000002e-06
19690,0.0053778705
19691,0.01753695
19692,0.029224005
19693,0.0014560336
19694,0.011446534
19695,0.023352304
19696,0.024405517
19697,0.01271707
19698,0.0010561333
19699,0.0040600337
19700,0.022944896
19701,0.0437772
19702,0.050102536
19703,0.037288625
19704,5.9737034e-05
19705,0.00017601483
19706,0.0015217816
19707,0.0051483
19708,0.01153787
19709,0.018850137
19710,0.022834403
19711,0.019883294
19712,0.00011867038
19713,3e-05
19714,0.00018583704
19715,0.0003333334
19716,0.0060208333
19717,0.018122016
19718,0.0016182258
19719,0.012785792
19720,0.02228596
19721,0.017828282
19722,0.0047376333
19723,0.0006658371
19724,0.015217516
19725,0.038832016
19726,0.05186135
19727,0.04342139
19728,0.020908799
19729,0.0026948482
19730,0.0024060593
19731,0.018967297
19732,0.03914445
19733,0.048588466
19734,0.0417387
19735,0.00032890373
19736,0.0006880038
19737,0.00059259264
19738,6.533333e-06
19739,0.00032890373
19740,0.0063948
19741,0.0015841334
19742,0.016380034
19743,0.033422284
19744,0.034048237
19745,0.017280001
19746,0.0014606816
19747,0.0048811254
19748,0.027240535
19749,0.050484683
19750,0.055814534
19751,0.03979735
19752,0.015549634
19753,0.00084978144
19754,0.0045387005
19755,0.021672452
19756,0.03907224
19757,0.04526673
19758,0.037241638
19759,0.020820895
19760,0.005824134
19761,9.25926e-08
19762,0.0052624596
19763,0.017504727
19764,0.0017226816
19765,0.015946759
19766,0.034748036
19767,0.040872905
19768,0.0281112
19769,0.008311126
19770,7.4681484e-05
19771,0.011695293
19772,0.0027456335
19773,0.026482506
19774,0.05390454
19775,0.058491398
19776,0.0005461334
19777,0.00058373704
19778,2.3114815e-05
19779,0.0015360593
19780,0.0007701334
19781,0.010490701
19782,0.0261075
19783,0.03380163
19784,0.025540285
19785,0.008795115
19786,1.9592594e-06
19787,0.009071205
19788,0.030294817
19789,0.047627393
19790,0.0482403
19791,0.03229707
19792,0.011721633
19793,0.00040578152
19794,0.0046127997
19795,0.019883294
19796,0.03534045
19797,0.041267574
19798,0.034702674
19799,0.020107038
19800,0.00605867
19801,2.0281483e-05
19802,0.004546904
19803,0.016395615
19804,0.028561959
19805,0.034250673
19806,0.030316005
19807,0.019017613
19808,0.0066404487
19809,0.00016961481
19810,0.0033215152
19811,0.014402905
19812,0.02716024
19813,0.034228146
19814,0.031471208
19815,0.020384135
19816,0.0074366266
19817,0.00016803335
19818,0.004304015
19819,0.0010208334
19820,0.01181406
19821,0.02899557
19822,0.0397488
19823,0.03497529
19824,0.018236892
19825,0.0029469037
19826,0.0014421332
19827,0.015142534
19828,0.03411565
19829,0.04508564
19830,0.040996037
19831,0.025210671
19832,0.008189516
19833,0.00010083333
19834,0.0047712033
19835,0.018171204
19836,0.031622536
19837,0.037218153
19838,0.03201333
19839,0.019287128
19840,0.0062785344
19841,7.894814e-05
19842,0.0038457816
19843,0.015217516
19844,0.027664037
19845,0.0015408334
19846,0.012322134
19847,0.024940833
19848,0.02585246
19849,0.013342238
19850,0.0010920333
19851,0.004240371
19852,0.0024240036
19853,0.02600926
19854,0.053989355
19855,0.059200015
19856,0.037265126
19857,0.009363333
19858,0.00040578152
19859,0.016819116
19860,0.043497518
19861,0.058874696
19862,0.052472953
19863,0.030507041
19864,0.008704035
19865,3.3333336e-06
19866,0.0069717923
19867,0.022468036
19868,0.035730503
19869,0.03912037
19870,0.031471208
19871,0.01764996
19872,0.0050960337
19873,3.7925927e-06
19874,0.0043923
19875,0.015428449
19876,0.0016329484
19877,0.015519292
19878,0.03411565
19879,0.040382236
19880,0.0005236149
19881,0.00090018153
19882,0.00018418148
19883,0.0007400333
19884,0.0067500006
19885,0.018105634
19886,0.027826227
19887,0.027724799
19888,0.016882315
19889,0.0039368924
19890,0.00045890373
19891,0.011020834
19892,0.029140834
19893,0.042287562
19894,0.04139129
19895,0.02738134
19896,0.0099372
19897,0.00034453702
19898,0.004052282
19899,0.017779559
19900,0.03236273
19901,0.038856003
19902,0.033712182
19903,0.00031363333
19904,0.0008146704
19905,0.0007939593
19906,4.0833336e-05
19907,0.0013288924
19908,0.008167501
19909,0.019456532
19910,0.028152036
19911,0.026920063
19912,0.01574757
19913,0.0033778707
19914,0.0005749482
19915,0.010341633
19916,0.026840236
19917,0.039168537
19918,0.038952034
19919,0.026383558
19920,0.009985792
19921,0.00045111479
19922,0.0008892593
19923,0.0126075
19924,0.030634727
19925,0.042563334
19926,0.04045565
19927,0.026087837
19928,0.009129259
19929,0.00023894814
19930,0.0042166263
19931,0.01764996
19932,0.031752534
19933,0.0380208
19934,0.03302295
19935,0.020003615
19936,0.0065317936
19937,8.557037e-05
19938,0.0039292593
19939,0.01553446
19940,0.028131617
19941,0.034498908
19942,0.031040832
19943,0.019712033
19944,0.007002315
19945,0.00020280002
19946,0.0033075
19947,0.014593427
19948,0.027562905
19949,0.034702674
19950,0.031774223
19951,0.020488536
19952,0.0074051702
19953,0.00024653334
19954,0.0032725928
19955,0.014755615
19956,0.027988894
19957,0.035203293
19958,0.032144133
19959,0.020610668
19960,0.0073842374
19961,0.00023148149
19962,0.0033496334
19963,0.014903837
19964,0.028131617
19965,0.035226133
19966,0.0320787
19967,0.020523394
19968,0.007332033
19969,0.00022231482
19970,0.0033637371
19971,0.014903837
19972,0.028070405
19973,0.03518046
19974,0.032035116
19975,0.020488536
19976,0.0073216152
19977,0.00022413337
19978,0.0033566817
19979,0.014888983
19980,0.028050017
19981,0.0016133332
19982,0.012854701
19983,0.02585246
19984,0.026621336
19985,0.013639115
19986,0.0011000925
19987,0.0012588482
19988,0.018683393
19989,0.04380267
19990,0.055470005
19991,0.044288013
19992,0.020055294
19993,0.0020944595
19994,0.003114404
19995,0.020453705
19996,0.0401868
19997,0.048481204
19998,0.04074996
19999,0.00030083334
20000,0.0005866815
20001,0.00048534822
20002,3.703704e-07
20003,0.0016231261
20004,0.008377838
20005,0.019101636
20006,0.027220452
20007,0.025891613
20008,0.015127559
20009,0.0032309485
20010,0.00061653333
20011,0.011110459
20012,0.028459199
20013,0.040922135
20014,0.04001618
20015,0.026581636
20016,0.0097440155
20017,0.0003605333
20018,0.0038684597
20019,0.017296005
20020,0.031817637
20021,0.03849695
20022,0.0010130705
20023,0.005983115
20024,0.010528133
20025,0.008444815
20026,1.7633334e-05
20027,0.002442015
20028,0.010279837
20029,0.021244537
20030,0.028397633
20031,0.0007871149
20032,0.0038156484
20033,0.0048471703
20034,3.3333336e-08
20035,0.0010561333
20036,0.0063365335
20037,0.0012373483
20038,0.013076448
20039,0.027603336
20040,0.02903704
20041,0.015232534
20042,0.00018418148
20043,0.0068302373
20044,0.020610668
20045,0.03335556
20046,0.036261637
20047,0.026940035
20048,0.011616448
20049,0.001005337
20050,0.0025392002
20051,0.01533787
20052,0.031040832
20053,0.039579116
20054,0.035822593
20055,0.022376904
20056,0.0075842994
20057,0.00014814816
20058,0.003998226
20059,0.016317781
20060,0.029557869
20061,0.03593787
20062,0.031904537
20063,0.019883294
20064,0.0068302373
20065,0.00015112592
20066,0.0035497816
20067,0.0149931265
20068,0.027826227
20069,0.03465734
20070,0.031514402
20071,0.020176135
20072,9.633333e-06
20073,0.00031795923
20074,0.0017838371
20075,0.0053155697
20076,0.011368534
20077,0.018286237
20078,0.022104625
20079,0.019320948
20080,0.010615737
20081,0.001957515
20082,0.0007803
20083,0.0100467
20084,0.025133427
20085,0.036540303
20086,0.036656726
20087,0.025268683
20088,0.009864533
20089,0.0005320037
20090,0.003196448
20091,0.015962133
20092,0.030634727
20093,0.03813956
20094,0.034138132
20095,0.021226801
20096,0.0071868487
20097,0.00014083333
20098,0.0008181482
20099,0.011459561
20100,0.02829517
20101,0.04008926
20102,0.038952034
20103,0.025813332
20104,0.009457794
20105,0.0003490704
20106,0.0037856335
20107,0.016977338
20108,0.031341784
20109,0.038115796
20110,0.033489075
20111,0.02050596
20112,0.00679006
20113,0.000105781495
20114,0.0038988001
20115,0.015640834
20116,0.028397633
20117,0.03483885
20118,0.03127717
20119,0.0198147
20120,0.0069921343
20121,0.00019422593
20122,0.0033566817
20123,0.014681783
20124,0.027664037
20125,0.034725346
20126,0.031752534
20127,0.020418903
20128,0.007363334
20129,0.00024083335
20130,0.0032795595
20131,0.014755615
20132,0.027968537
20133,0.03515764
20134,0.032100506
20135,0.0205932
20136,0.0073842374
20137,0.00023148149
20138,0.00076675933
20139,0.011020834
20140,0.027482133
20141,0.039313197
20142,0.038568627
20143,0.025813332
20144,1.7125927e-05
20145,0.00032231485
20146,0.0018723003
20147,0.0055306815
20148,0.011668981
20149,0.018517394
20150,0.02217707
20151,0.019219572
20152,0.010478238
20153,0.0018934261
20154,0.0008146704
20155,0.010107794
20156,0.025114138
20157,0.036447294
20158,0.036517035
20159,0.025152726
20160,0.009816238
20161,0.00017120372
20162,0.0046625338
20163,0.0133281825
20164,0.022395113
20165,0.027562905
20166,0.025891613
20167,0.017714702
20168,0.007176533
20169,0.00046413334
20170,0.0022533333
20171,0.012430459
20172,0.025637634
20173,0.03409317
20174,0.032582056
20175,0.021834014
20176,0.008311126
20177,0.0003888
20178,0.003046848
20179,0.014800004
20180,0.028603116
20181,0.036192138
20182,0.03302295
20183,0.021067498
20184,0.0074681477
20185,0.00021511482
20186,0.0034848147
20187,0.015232534
20188,0.028479736
20189,0.0016133332
20190,0.012813333
20191,0.025754703
20192,0.026541958
20193,0.013596503
20194,0.0010920333
20195,0.004352059
20196,0.024083333
20197,0.045370374
20198,0.051363613
20199,0.037736535
20200,0.015473839
20201,0.0010800001
20202,0.0010960593
20203,0.015383126
20204,0.036099575
20205,0.0022939595
20206,0.017504727
20207,0.03344454
20208,0.032868303
20209,0.0160083
20210,0.0011203705
20211,0.0053511267
20212,0.02762356
20213,0.0500753
20214,0.054784138
20215,0.038784057
20216,3.557037e-05
20217,0.0003651704
20218,0.0021505335
20219,0.0061061336
20220,0.012362699
20221,0.019000834
20222,0.022231482
20223,0.0189003
20224,0.010107794
20225,0.0017378703
20226,0.0008892593
20227,0.010205926
20228,0.025037041
20229,0.03614584
20230,0.03614584
20231,0.0248832
20232,0.009720001
20233,0.0005264037
20234,0.0031552927
20235,0.015793426
20236,0.030400833
20237,0.037949633
20238,0.034048237
20239,0.021244537
20240,0.0072385343
20241,0.00014814816
20242,0.0038006261
20243,0.015717037
20244,0.028768033
20245,0.035363335
20246,0.03170917
20247,0.020003615
20248,0.007012504
20249,0.00018418148
20250,0.0034347004
20251,0.0148592945
20252,0.027826227
20253,0.034793425
20254,0.03173085
20255,0.02034939
20256,0.0073112035
20257,0.00023148149
20258,0.0033005036
20259,0.0147704035
20260,0.027927836
20261,0.035089202
20262,0.032056905
20263,0.020558283
20264,0.0073737823
20265,0.00023148149
20266,0.0033355595
20267,0.014874134
20268,0.028070405
20269,0.035203293
20270,0.0320787
20271,0.020540833
20272,0.0073424596
20273,0.00022413337
20274,0.0033566817
20275,0.014903837
20276,0.028090801
20277,0.03518046
20278,0.032035116
20279,0.02050596
20280,0.0073216152
20281,0.00022413337
20282,0.0033566817
20283,0.014888983
20284,0.028050017
20285,0.03515764
20286,0.032035116
20287,0.02050596
20288,0.007332033
20289,0.00022413337
20290,0.0033496334
20291,0.014874134
20292,0.028050017
20293,0.03515764
20294,0.0010208334
20295,0.0062785344
20296,0.011110459
20297,0.008932626
20298,0.0020336334
20299,0.0009408001
20300,0.012552894
20301,0.031105202
20302,0.042312592
20303,0.036796685
20304,0.018800035
20305,0.002887737
20306,0.0016378704
20307,0.015962133
20308,0.035203293
20309,0.045838244
20310,0.04114404
20311,0.024960058
20312,0.007905634
20313,7.053334e-05
20314,0.004949393
20315,0.01831917
20316,0.0018775705
20317,0.017200094
20318,0.0369369
20319,0.042840004
20320,0.0290163
20321,0.008344448
20322,0.000108299995
20323,0.012322134
20324,0.035454948
20325,0.051556893
20326,0.049153514
20327,0.030933706
20328,0.010181348
20329,0.00031795923
20330,0.006810134
20331,0.017682316
20332,0.0014934259
20333,0.013867501
20334,0.030933706
20335,0.03733565
20336,0.026423115
20337,0.008189516
20338,3.0670373e-05
20339,0.010628283
20340,0.032516185
20341,0.04901868
20342,0.048160132
20343,0.03132024
20344,0.010880726
20345,0.00027000002
20346,0.004957959
20347,0.02008978
20348,0.035043616
20349,0.040553633
20350,0.033936035
20351,0.019643737
20352,0.00592676
20353,2.0833337e-05
20354,0.0008356483
20355,0.011381515
20356,0.02800926
20357,0.03972454
20358,0.0386643
20359,0.025696134
20360,0.009469633
20361,0.0003605333
20362,0.0008892593
20363,0.012525634
20364,0.030443296
20365,0.042362686
20366,0.04030889
20367,0.026028892
20368,0.009140893
20369,0.00024653334
20370,0.00093334814
20371,0.012868504
20372,0.031040832
20373,0.042915616
20374,0.040578146
20375,0.026028892
20376,0.00903646
20377,0.00023894814
20378,0.00076339254
20379,0.009852448
20380,0.024748985
20381,0.036168978
20382,0.036447294
20383,0.025229998
20384,0.009925071
20385,0.00056044816
20386,0.0031348146
20387,0.015854672
20388,0.030570848
20389,0.03818712
20390,0.034205634
20391,0.021315558
20392,0.0072385343
20393,0.00014373705
20394,0.0038382371
20395,0.015793426
20396,0.028830001
20397,0.035386227
20398,0.0316875
20399,0.019969199
20400,0.006981959
20401,0.0001808926
20402,0.0034418372
20403,0.0148592945
20404,0.027805924
20405,0.034770727
20406,0.0316875
20407,0.020332035
20408,0.0073008006
20409,0.00023148149
20410,0.0033005036
20411,0.014755615
20412,0.027927836
20413,0.035089202
20414,0.032056905
20415,0.020558283
20416,0.0073737823
20417,0.00023333704
20418,0.0033355595
20419,0.014874134
20420,0.028070405
20421,0.035203293
20422,0.0320787
20423,0.020540833
20424,0.0073424596
20425,0.00022413337
20426,0.0033566817
20427,0.014903837
20428,0.028090801
20429,0.03518046
20430,0.0010208334
20431,0.0062785344
20432,0.011097634
20433,0.008932626
20434,0.0020336334
20435,0.0009408001
20436,0.012552894
20437,0.031083738
20438,0.042312592
20439,0.0010521815
20440,0.004637634
20441,0.0057131997
20442,0.0021224038
20443,0.00020803335
20444,0.007840834
20445,0.023744533
20446,0.036447294
20447,0.035020836
20448,0.020107038
20449,0.0041379593
20450,0.0008042815
20451,0.013582315
20452,0.03333334
20453,0.045864303
20454,0.042840004
20455,0.026900092
20456,0.008978699
20457,0.00015112592
20458,0.0047712033
20459,0.0016925039
20460,0.018253334
20461,0.040996037
20462,0.051363613
20463,0.04102068
20464,0.018700033
20465,0.0001617815
20466,0.0054585035
20467,0.015398227
20468,0.025017781
20469,0.029557869
20470,0.02660148
20471,0.017344061
20472,0.006551482
20473,0.00028829998
20474,0.0026257925
20475,0.01290996
20476,0.025676623
20477,0.03357823
20478,0.03179593
20479,0.021173634
20480,0.008036033
20481,0.0003651704
20482,0.0030133482
20483,0.014564034
20484,0.028213337
20485,0.03579956
20486,0.03282418
20487,0.021049839
20488,0.0075313933
20489,0.00023148149
20490,0.0034204484
20491,0.015127559
20492,0.028418152
20493,0.03547787
20494,0.0010208334
20495,0.0062400145
20496,0.00061955926
20497,0.0033355595
20498,0.0028421334
20499,0.000107037034
20500,0.0032865335
20501,0.016100835
20502,0.030592136
20503,0.034048237
20504,0.02261423
20505,0.0062785344
20506,0.00016645927
20507,0.0110592
20508,0.03155764
20509,0.0024180147
20510,0.01911846
20511,0.036377616
20512,0.03547787
20513,0.0171363
20514,0.0011865038
20515,0.0056398376
20516,0.02885067
20517,0.05188907
20518,0.05621784
20519,0.03933734
20520,0.014948449
20521,0.0007040593
20522,0.004821782
20523,0.021960093
20524,0.039024137
20525,0.044853333
20526,0.036726672
20527,0.020471115
20528,0.0057040043
20529,3.7037038e-09
20530,0.0052271998
20531,0.017344061
20532,0.029161615
20533,0.03411565
20534,0.02968356
20535,0.018335648
20536,0.0062785344
20537,0.00017601483
20538,0.004264182
20539,0.012295127
20540,0.021067498
20541,0.026541958
20542,0.0008820149
20543,0.005936133
20544,0.010779393
20545,0.0088293925
20546,0.0020667
20547,0.0008820149
20548,0.012295127
20549,0.030741341
20550,0.04208756
20551,0.036773335
20552,0.0189003
20553,0.0029469037
20554,0.0015938372
20555,0.015870001
20556,0.03515764
20557,0.045890372
20558,0.0012761814
20559,0.0073216152
20560,0.012512015
20561,0.009840371
20562,0.0022130706
20563,0.0009899593
20564,0.013160094
20565,0.03229707
20566,0.043548305
20567,0.03745333
20568,0.01888357
20569,9.363332e-05
20570,0.004224533
20571,0.012827116
20572,0.02217707
20573,0.027785635
20574,0.026403332
20575,0.018204033
20576,0.0074261334
20577,0.00049884815
20578,0.0022475594
20579,0.012566533
20580,0.025911205
20581,0.034408536
20582,0.032802135
20583,0.021888005
20584,0.00828895
20585,0.0003745333
20586,0.0031008334
20587,0.014903837
20588,0.028685516
20589,0.036192138
20590,0.0010482371
20591,0.0064142817
20592,0.011290802
20593,0.00019763334
20594,0.00011084815
20595,0.00036983704
20596,0.0046210703
20597,0.014300834
20598,0.02421574
20599,0.0261075
20600,0.017232034
20601,0.004712534
20602,0.00018583704
20603,0.009612301
20604,0.027704537
20605,0.041888036
20606,0.0421875
20607,0.028603116
20608,0.010728904
20609,0.00046151484
20610,0.0009520334
20611,0.0133281825
20612,0.03199156
20613,0.04395565
20614,0.04121813
20615,0.02614685
20616,0.008909633
20617,0.00018583704
20618,0.0044733374
20619,0.018023837
20620,0.0019360333
20621,0.0020888927
20622,0.023037173
20623,0.045656007
20624,0.044904906
20625,0.02194206
20626,0.0017327999
20627,0.00605867
20628,0.032253336
20629,0.057640836
20630,0.06144196
20631,0.04191295
20632,0.015232534
20633,0.0005348148
20634,0.0056764595
20635,0.023819614
20636,0.0408483
20637,0.045682017
20638,0.036470536
20639,0.019763332
20640,0.0052271998
20641,7.837038e-06
20642,0.0054765036
20643,0.017440371
20644,0.028871346
20645,0.03357823
20646,0.0008784038
20647,0.005342226
20648,0.009612301
20649,0.007808534
20650,1.6625927e-05
20651,0.0023526258
20652,0.010010133
20653,0.020891206
20654,0.028131617
20655,0.02561815
20656,0.014286281
20657,0.0027456335
20658,0.0008251259
20659,0.011616448
20660,0.028623704
20661,0.04045565
20662,0.039168537
20663,0.025872033
20664,0.009410503
20665,0.0003333334
20666,0.0038457816
20667,0.017072627
20668,0.031406462
20669,0.038092036
20670,0.033422284
20671,0.020418903
20672,0.006760004
20673,0.000102059275
20674,0.003906404
20675,0.015625617
20676,0.001753126
20677,0.016598849
20678,0.03603023
20679,0.042137515
20680,0.02878868
20681,0.008400134
20682,8.898148e-05
20683,0.012040033
20684,0.035043616
20685,0.05128089
20686,0.04909956
20687,0.031062286
20688,0.010304533
20689,0.0001648926
20690,0.0054136333
20691,0.020645635
20692,0.03515764
20693,0.040162407
20694,0.033311114
20695,0.019152133
20696,0.005722404
20697,1.564815e-05
20698,0.0008251259
20699,0.011226227
20700,0.027724799
20701,0.03940979
20702,0.03849695
20703,0.025676623
20704,0.00951707
20705,0.00037689265
20706,0.0036741337
20707,0.016771793
20708,0.031191127
20709,0.038092036
20710,0.033600535
20711,0.02062815
20712,0.0068705333
20713,0.000112133326
20714,0.003883615
20715,0.01565606
20716,0.0017633336
20717,0.016661635
20718,0.03614584
20719,0.04223752
20720,0.028830001
20721,0.008411292
20722,9.0133326e-05
20723,0.012066761
20724,0.035089202
20725,0.0026382816
20726,0.020401513
20727,0.038401484
20728,0.03705396
20729,0.017698504
20730,0.0011781335
20731,0.0059173927
20732,0.029746506
20733,0.053004034
20734,0.05699974
20735,0.039530702
20736,0.014829634
20737,0.0006409481
20738,0.0050095157
20739,0.0021056149
20740,0.022104625
20741,0.047973342
20742,0.05793343
20743,0.044313636
20744,0.018950533
20745,0.0015889816
20746,0.003793126
20747,0.021582946
20748,0.04072539
20749,0.048000004
20750,0.039676033
20751,0.022086535
20752,0.0060681487
20753,0.00032013337
20754,0.0062016146
20755,0.016193634
20756,0.02530739
20757,0.029182406
20758,0.025832895
20759,0.00030083334
20760,0.0009937927
20761,3.2033335e-05
20762,7.2592593e-07
20763,0.0008784038
20764,0.0055578705
20765,0.014696535
20766,0.023408134
20767,0.024424534
20768,0.01574757
20769,0.0041223145
20770,0.0002503704
20771,0.0095527265
20772,0.027000003
20773,0.040700838
20774,0.041094672
20775,0.02800926
20776,0.010628283
20777,0.000490726
20778,0.0037185336
20779,0.017456448
20780,0.0324723
20781,0.03940979
20782,0.034385957
20783,0.02080333
20784,0.006740004
20785,8.0033344e-05
20786,0.0041223145
20787,0.016023705
20788,0.028726762
20789,0.034907043
20790,0.03112667
20791,0.019575559
20792,0.00685037
20793,0.00017601483
20794,0.0033920333
20795,0.014667036
20796,0.027542701
20797,0.034566764
20798,0.031600893
20799,0.02034939
20800,0.0073528923
20801,0.00024462593
20802,0.0032586816
20803,0.014696535
20804,0.0017786999
20805,0.016977338
20806,0.036796685
20807,0.042890407
20808,0.029182406
20809,0.008456005
20810,9.840371e-05
20811,0.00192
20812,0.023594726
20813,0.05197228
20814,0.06259379
20815,0.04736213
20816,0.019831836
20817,0.0015217816
20818,0.004264182
20819,0.023055648
20820,0.042513132
20821,0.049207505
20822,0.03991885
20823,0.021726234
20824,0.0057131997
20825,1.0403704e-05
20826,0.0059643
20827,0.018633515
20828,0.030294817
20829,0.034566764
20830,0.0008604593
20831,0.0051483
20832,0.009269348
20833,0.0075313933
20834,1.7125927e-05
20835,0.0023349482
20836,0.009949338
20837,0.02080333
20838,0.028050017
20839,0.0255792
20840,0.014300834
20841,0.0027584038
20842,0.0008181482
20843,0.011590227
20844,0.028582536
20845,0.040431175
20846,0.039192628
20847,0.025891613
20848,0.009434134
20849,0.0003333334
20850,0.0038457816
20851,0.0016280335
20852,0.01797485
20853,0.040627204
20854,0.05111565
20855,0.040971395
20856,0.018766671
20857,0.0020446258
20858,0.0028162373
20859,0.019168982
20860,0.03832996
20861,0.047018405
20862,0.040211204
20863,0.023203734
20864,0.00679006
20865,9.25926e-06
20866,0.0053600334
20867,0.018335648
20868,0.0018044591
20869,0.016536182
20870,0.035730503
20871,0.0417387
20872,0.028500285
20873,0.008311126
20874,9.0133326e-05
20875,0.01198667
20876,0.034861572
20877,0.051060624
20878,0.048964806
20879,0.031019393
20880,0.010316893
20881,0.00016961481
20882,0.0053778705
20883,0.020575738
20884,0.035112005
20885,0.040162407
20886,0.03333334
20887,0.019185837
20888,0.005740834
20889,1.6133334e-05
20890,0.0044327257
20891,0.015946759
20892,0.02794818
20893,0.033712182
20894,0.030083334
20895,0.019051202
20896,0.006760004
20897,0.00019592591
20898,0.0032240332
20899,0.014271738
20900,0.027120132
20901,0.034318287
20902,0.031622536
20903,0.020523394
20904,0.007499737
20905,0.00027000002
20906,0.00075333705
20907,0.010918849
20908,0.027300837
20909,0.03914445
20910,0.038473073
20911,0.025832895
20912,0.009660093
20913,0.00040578152
20914,0.0036153484
20915,0.016724536
20916,0.031234136
20917,0.038210906
20918,0.033734538
20919,0.020715648
20920,0.006900834
20921,0.000112133326
20922,0.0038988001
20923,0.015701784
20924,0.028541394
20925,0.03497529
20926,0.031384896
20927,0.019831836
20928,0.006981959
20929,0.00018917037
20930,0.0033778707
20931,0.014726061
20932,0.001753126
20933,0.016756035
20934,0.036377616
20935,0.042513132
20936,0.02899557
20937,0.008444815
20938,9.12926e-05
20939,0.0019093482
20940,0.02348268
20941,0.051778223
20942,0.062411204
20943,0.047282707
20944,0.019831836
20945,0.0015312927
20946,0.004240371
20947,0.022981783
20948,0.042437874
20949,0.049180508
20950,0.03994317
20951,0.021762135
20952,0.005731615
20953,1.00148145e-05
20954,0.0059549036
20955,0.018633515
20956,0.030316005
20957,0.034566764
20958,0.02941157
20959,0.017763335
20960,0.0058800005
20961,8.898148e-05
20962,0.0034992
20963,0.014286281
20964,0.026522135
20965,0.033311114
20966,0.030677352
20967,0.020003615
20968,0.0073842374
20969,0.00028623705
20970,0.00073342596
20971,0.010703704
20972,0.026900092
20973,0.038736135
20974,0.038258504
20975,0.025813332
20976,0.009732004
20977,0.0004306704
20978,0.0035425334
20979,0.0016182258
20980,0.01797485
20981,0.040651735
20982,0.0511707
20983,0.04104534
20984,0.018800035
20985,0.0020501334
20986,0.0028162373
20987,0.019185837
20988,0.038377635
20989,0.047044802
20990,0.040235616
20991,0.023222284
20992,0.00679006
20993,8.892593e-06
20994,0.0053600334
20995,0.018352134
20996,0.030826764
20997,0.035730503
20998,0.030592136
20999,0.018484281
21000,0.0060776332
21001,8.670001e-05
21002,0.0036520334
21003,0.014711292
21004,0.027060032
21005,0.033689838
21006,0.030784033
21007,0.019900458
21008,0.00725926
21009,0.0002561815
21010,0.0031416332
21011,0.014402905
21012,0.027562905
21013,0.034907043
21014,0.032100506
21015,0.02073317
21016,0.007510282
21017,0.00025423706
21018,0.0032865335
21019,0.01484446
21020,0.028152036
21021,0.03534045
21022,0.032231484
21023,0.02062815
21024,0.007363334
21025,0.00022413337
21026,0.0033778707
21027,0.014948449
21028,0.028131617
21029,0.035226133
21030,0.032056905
21031,0.020488536
21032,0.0073112035
21033,0.00022050373
21034,0.0033637371
21035,0.014888983
21036,0.028050017
21037,0.03515764
21038,0.03201333
21039,0.020488536
21040,0.0073216152
21041,0.00022413337
21042,0.0033496334
21043,0.014874134
21044,0.028050017
21045,0.03515764
21046,0.032035116
21047,0.02050596
21048,0.007332033
21049,0.00022595927
21050,0.0033496334
21051,0.014874134
21052,0.028050017
21053,0.03515764
21054,0.032035116
21055,0.02050596
21056,0.007332033
21057,0.00022595927
21058,0.0033496334
21059,0.014888983
21060,0.028070405
21061,0.03515764
21062,0.032035116
21063,0.02050596
21064,0.007332033
21065,0.00022413337
21066,0.0033566817
21067,0.014888983
21068,0.028070405
21069,0.03515764
21070,0.032035116
21071,0.02050596
21072,0.007332033
21073,0.00022413337
21074,0.0033496334
21075,0.014888983
21076,0.028070405
21077,0.03515764
21078,0.032035116
21079,0.02050596
21080,0.007332033
21081,0.00022413337
21082,0.0033496334
21083,0.014888983
21084,0.028070405
21085,0.03515764
21086,0.032035116
21087,0.02050596
21088,0.007332033
21089,0.00022413337
21090,0.0033496334
21091,0.014888983
21092,0.028070405
21093,0.03515764
21094,0.0010208334
21095,0.0062785344
21096,0.011110459
21097,0.008932626
21098,0.0020336334
21099,0.0009408001
21100,0.012552894
21101,0.031105202
21102,0.042312592
21103,0.036796685
21104,0.018800035
21105,0.002887737
21106,0.0016378704
21107,0.015962133
21108,0.035203293
21109,0.045838244
21110,0.04114404
21111,0.024960058
21112,0.007905634
21113,7.053334e-05
21114,0.004949393
21115,0.01831917
21116,0.03157926
21117,0.036960304
21118,0.03170917
21119,0.019068003
21120,0.0062016146
21121,0.00020453705
21122,0.0046542264
21123,0.0010600927
21124,0.012066761
21125,0.029453335
21126,0.040162407
21127,0.03518046
21128,0.00016803335
21129,1.0403704e-05
21130,0.00034680005
21131,0.0029403002
21132,0.009457794
21133,0.018451199
21134,0.024634227
21135,0.022742536
21136,0.013048626
21137,0.0026696336
21138,0.0006595704
21139,0.010528133
21140,0.026860185
21141,0.038928017
21142,0.038568627
21143,0.026068185
21144,0.009852448
21145,0.0004408334
21146,0.003557037
21147,0.016708802
21148,0.03132024
21149,0.038401484
21150,0.03391362
21151,0.020820895
21152,0.006921071
21153,0.00011084815
21154,0.0008181482
21155,0.011407499
21156,0.028152036
21157,0.03994317
21158,0.0013333336
21159,0.008167501
21160,0.0140256155
21161,0.011072003
21162,0.0025947
21163,0.00092592597
21164,0.013511483
21165,0.033400033
21166,0.0449565
21167,0.038473073
21168,0.01923645
21169,0.0027712039
21170,0.0018775705
21171,0.016834904
21172,0.03628482
21173,0.04651829
21174,0.041193426
21175,0.02461513
21176,0.0076161334
21177,4.5633336e-05
21178,0.005113426
21179,0.018434672
21180,0.031492803
21181,0.03668003
21182,0.031384896
21183,0.01886685
21184,0.006134701
21185,7.5737036e-05
21186,0.003793126
21187,0.015022948
21188,0.02738134
21189,0.0338688
21190,0.030762685
21191,0.0003490704
21192,0.0010880148
21193,0.0011573371
21194,0.00013511482
21195,0.0011081814
21196,0.008046949
21197,0.019866135
21198,0.029078534
21199,0.02788717
21200,0.016317781
21201,0.0034992
21202,0.0006286815
21203,0.011590227
21204,0.029516036
21205,0.04208756
21206,0.04077454
21207,0.026760532
21208,0.009612301
21209,0.00030720004
21210,0.004067793
21211,0.017633792
21212,0.032035116
21213,0.038473073
21214,0.03344454
21215,0.00031363333
21216,0.000828626
21217,0.00081120007
21218,4.4814817e-05
21219,0.0013156149
21220,0.0081565045
21221,0.019473517
21222,0.028192896
21223,0.026980003
21224,0.00020628147
21225,0.0001323
21226,5.422593e-05
21227,0.00031795923
21228,0.0059737037
21229,0.018122016
21230,0.029161615
21231,0.029704534
21232,0.018352134
21233,0.004424626
21234,0.00040578152
21235,0.011252034
21236,0.030020034
21237,0.043522906
21238,0.04238774
21239,0.027826227
21240,0.009949338
21241,0.00030933708
21242,0.004240371
21243,0.018171204
21244,0.032714013
21245,0.039000094
21246,0.03362285
21247,0.020141572
21248,0.0064435597
21249,6.4533335e-05
21250,0.0041067
21251,0.015808728
21252,0.028315648
21253,0.034498908
21254,0.0009633334
21255,0.0059080343
21256,0.010515649
21257,0.008489615
21258,0.00192
21259,0.0005662259
21260,0.010842672
21261,0.028871346
21262,0.040946756
21263,0.036796685
21264,0.019541517
21265,0.0033215152
21266,0.0013467001
21267,0.0153228
21268,0.0348843
21269,0.04615148
21270,0.041863125
21271,0.02559867
21272,0.00821156
21273,8.670001e-05
21274,0.004940833
21275,0.018500835
21276,0.031948037
21277,0.03733565
21278,0.031948037
21279,0.019135293
21280,0.006172893
21281,6.951483e-05
21282,0.0038912038
21283,0.015232534
21284,0.027603336
21285,0.0339809
21286,0.030741341
21287,0.019677872
21288,0.0070737926
21289,0.00022595927
21290,0.0032102258
21291,0.01444676
21292,0.001753126
21293,0.016819116
21294,0.036517035
21295,0.042663835
21296,0.029078534
21297,0.008456005
21298,9.245926e-05
21299,0.012160533
21300,0.0027968925
21301,0.026820298
21302,0.0544428
21303,0.058963332
21304,0.03668003
21305,0.009001782
21306,0.00047468152
21307,0.017056728
21308,0.043548305
21309,0.058609206
21310,0.052027795
21311,0.030167837
21312,0.008579572
21313,2.5037036e-06
21314,0.006951481
21315,0.0018617813
21316,0.019185837
21317,0.0424128
21318,0.05252873
21319,0.041440833
21320,0.018583706
21321,0.0001744037
21322,0.0056581334
21323,0.015808728
21324,0.025443114
21325,0.029830536
21326,0.026621336
21327,0.01721606
21328,0.0064240335
21329,0.00026205927
21330,0.002682226
21331,0.012965337
21332,0.025637634
21333,0.0334668
21334,0.031644184
21335,0.021067498
21336,0.007992448
21337,0.0003651704
21338,0.0030000003
21339,0.01452
21340,0.028152036
21341,0.03575352
21342,0.032802135
21343,0.021067498
21344,0.007541959
21345,0.00023520003
21346,0.0034062262
21347,0.015127559
21348,0.028418152
21349,0.03547787
21350,0.032187797
21351,0.020488536
21352,0.0072696335
21353,0.0002097926
21354,0.0034133336
21355,0.0149633335
21356,0.028090801
21357,0.035112005
21358,0.031948037
21359,0.020436302
21360,0.007290404
21361,0.00022231482
21362,0.0033496334
21363,0.0148592945
21364,0.02800926
21365,0.035112005
21366,0.03201333
21367,0.02050596
21368,0.007332033
21369,0.0002277926
21370,0.003342593
21371,0.0014282999
21372,0.016193634
21373,0.03740624
21374,0.04808004
21375,0.039458133
21376,0.018683393
21377,0.0022823147
21378,0.0024060593
21379,0.018089259
21380,0.037265126
21381,0.046544537
21382,0.04045565
21383,0.00034003335
21384,0.0007600333
21385,0.0006848149
21386,1.7125927e-05
21387,0.0014606816
21388,0.008322226
21389,0.01943956
21390,0.02788717
21391,0.026561795
21392,0.015488981
21393,0.0033005036
21394,0.0006286815
21395,0.011290802
21396,0.028830001
21397,0.0021056149
21398,0.016882315
21399,0.032736033
21400,0.032494236
21401,0.0160083
21402,0.0011697926
21403,0.0051832926
21404,0.027240535
21405,0.049748983
21406,0.05467024
21407,0.038856003
21408,0.015142534
21409,0.0008181482
21410,0.0011739593
21411,0.016069962
21412,0.037288625
21413,0.04926152
21414,0.044211205
21415,0.026522135
21416,0.008178503
21417,4.645926e-05
21418,0.0054585035
21419,0.01943956
21420,0.032736033
21421,0.037618402
21422,0.0316875
21423,0.018700033
21424,0.005889338
21425,4.645926e-05
21426,0.003982848
21427,0.015217516
21428,0.0016875002
21429,0.016054533
21430,0.035089202
21431,0.0412923
21432,0.028397633
21433,0.008388981
21434,7.4681484e-05
21435,0.0018723003
21436,0.023148151
21437,0.0034704595
21438,0.02943245
21439,0.054187506
21440,0.0015075706
21441,0.005113426
21442,6.4533335e-05
21443,9.363332e-05
21444,0.002675926
21445,0.010578148
21446,0.020575738
21447,0.024481636
21448,0.017747115
21449,0.0057131997
21450,2.3703706e-05
21451,0.008167501
21452,0.026205927
21453,0.0022939595
21454,0.018833425
21455,0.036215294
21456,0.03552374
21457,0.017264005
21458,0.0012330705
21459,0.005548801
21460,0.028726762
21461,0.051833633
21462,0.056304455
21463,0.039458133
21464,0.015037871
21465,0.00071703707
21466,0.004804893
21467,0.021978134
21468,0.03907224
21469,0.0449307
21470,0.036773335
21471,0.020488536
21472,0.0057040043
21473,0.0
21474,0.0052360045
21475,0.017376136
21476,0.029182406
21477,0.034138132
21478,0.02968356
21479,0.00029872594
21480,0.0008676149
21481,0.0008892593
21482,6.650371e-05
21483,0.0012373483
21484,0.008057871
21485,0.0014560336
21486,0.014726061
21487,0.030358406
21488,0.0010640593
21489,0.0040368
21490,0.0031280038
21491,9.363332e-05
21492,0.0036446815
21493,0.0171363
21494,0.03183935
21495,0.034861572
21496,0.022779258
21497,0.0061156475
21498,0.0002187
21499,0.011485634
21500,0.032122318
21501,0.046886533
21502,0.045396302
21503,0.029348984
21504,0.010169071
21505,0.00024462593
21506,0.0047376333
21507,0.0017735704
21508,0.019034406
21509,0.042437874
21510,0.05275214
21511,0.04171384
21512,0.01875
21513,0.0019146705
21514,0.0030535702
21515,0.019763332
21516,0.038904004
21517,0.04722978
21518,0.04004053
21519,0.022908034
21520,0.006600833
21521,4.5370375e-06
21522,0.0054315585
21523,0.018352134
21524,0.030698674
21525,0.03552374
21526,0.030400833
21527,0.018385127
21528,0.0060681487
21529,8.898148e-05
21530,0.0036153484
21531,0.014637571
21532,0.026980003
21533,0.033645168
21534,0.030784033
21535,0.019917635
21536,0.0072800154
21537,0.0002600926
21538,0.0031280038
21539,0.0143883005
21540,0.027562905
21541,0.034929782
21542,0.032122318
21543,0.020750703
21544,0.007510282
21545,0.00025423706
21546,0.0032865335
21547,0.0148592945
21548,0.028152036
21549,0.035363335
21550,0.032231484
21551,0.02062815
21552,0.007363334
21553,0.00022413337
21554,0.0007701334
21555,0.011046404
21556,0.027542701
21557,0.039361484
21558,0.038592532
21559,0.025813332
21560,0.009612301
21561,0.00039120376
21562,0.0036520334
21563,0.01678756
21564,0.03125565
21565,0.03818712
21566,0.033667505
21567,0.0003311148
21568,0.00090018153
21569,0.0008965335
21570,2.2533332e-05
21571,0.0015938372
21572,0.007541959
21573,0.017296005
21574,0.02517203
21575,0.024557874
21576,0.0148148155
21577,0.003384948
21578,0.00047468152
21579,0.010391204
21580,0.027522506
21581,0.040333338
21582,0.04004053
21583,0.026960015
21584,1.8670371e-05
21585,0.00032669998
21586,0.00021690372
21587,0.0036889038
21588,0.012106904
21589,0.022449793
21590,0.028152036
21591,0.024329519
21592,0.012868504
21593,0.0021618372
21594,0.0010720148
21595,0.011920135
21596,0.028254237
21597,0.039361484
21598,0.03792593
21599,0.025017781
21600,0.009140893
21601,0.00020280002
21602,0.0050613377
21603,0.001132626
21604,0.012675927
21605,0.03054957
21606,0.04121813
21607,0.0357075
21608,0.018236892
21609,8.333335e-05
21610,0.0039675003
21611,0.01225467
21612,0.021511482
21613,0.02734107
21614,0.02632428
21615,0.018385127
21616,0.0076373927
21617,0.0005575704
21618,0.0021618372
21619,0.0013112037
21620,0.015519292
21621,0.0025823151
21622,0.023277957
21623,0.044441838
21624,0.0428652
21625,0.020471115
21626,0.0014375147
21627,0.0063074995
21628,0.032056905
21629,0.056680534
21630,0.060151484
21631,0.040971395
21632,0.014888983
21633,0.0005236149
21634,0.0055669486
21635,0.023445394
21636,0.04030889
21637,0.04526673
21638,0.036308005
21639,0.019797573
21640,0.0053067002
21641,4.281482e-06
21642,0.0053868005
21643,0.017344061
21644,0.02885067
21645,0.033645168
21646,0.029244814
21647,0.018105634
21648,0.0062400145
21649,0.00014083333
21650,0.0032935147
21651,0.014097781
21652,0.02660148
21653,0.033667505
21654,0.03112667
21655,0.020314682
21656,0.007510282
21657,0.0002903704
21658,0.0031008334
21659,0.0144613935
21660,0.027785635
21661,0.0016280335
21662,0.013048626
21663,0.02618623
21664,0.026920063
21665,0.013767349
21666,0.0011041333
21667,0.0043923
21668,0.024272595
21669,0.045656007
21670,0.05158453
21671,0.037831176
21672,0.015473839
21673,0.0010640593
21674,0.0038382371
21675,0.020124301
21676,0.037594803
21677,0.04467307
21678,0.037571207
21679,0.021511482
21680,0.0062688924
21681,7.1703707e-06
21682,0.0009148482
21683,0.01217396
21684,0.029516036
21685,0.04121813
21686,0.039482314
21687,0.025754703
21688,1.1203704e-05
21689,0.00041070004
21690,0.0021280148
21691,0.0058986815
21692,0.011960033
21693,0.018567115
21694,0.021924032
21695,0.0005461334
21696,0.0026696336
21697,0.00012813334
21698,0.00014814816
21699,0.00010957038
21700,0.0034920042
21701,0.012813333
21702,0.023445394
21703,0.026502317
21704,0.018236892
21705,0.0053868005
21706,9.245926e-05
21707,0.009164182
21708,0.027603336
21709,0.04246295
21710,0.04311757
21711,0.0293907
21712,0.0110848155
21713,0.000490726
21714,0.003914015
21715,0.018105634
21716,0.03335556
21717,0.040064897
21718,0.034612034
21719,0.020680629
21720,0.0065613366
21721,5.7870373e-05
21722,0.0042562373
21723,0.01617815
21724,0.028726762
21725,0.034748036
21726,0.030912302
21727,0.00032669998
21728,0.0009709037
21729,0.001005337
21730,9.363332e-05
21731,0.0011823149
21732,0.008068801
21733,0.019694949
21734,0.028706132
21735,0.027522506
21736,0.00021155925
21737,0.00013653334
21738,5.244815e-05
21739,0.001925337
21740,0.008233634
21741,0.018023837
21742,0.025501395
21743,0.0243675
21744,0.014402905
21745,0.0031484596
21746,0.0005547001
21747,0.010590672
21748,0.027562905
21749,0.04008926
21750,0.039627563
21751,0.026641203
21752,0.0099372
21753,0.00041317038
21754,0.0037185336
21755,0.017088534
21756,0.001979115
21757,0.0021561817
21758,0.023688298
21759,0.04675485
21760,0.045838244
21761,0.022304133
21762,0.0017429481
21763,0.0061824587
21764,0.032714013
21765,0.058256134
21766,0.061895356
21767,0.042062595
21768,0.0151875
21769,0.00050978153
21770,0.0057777814
21771,0.023988985
21772,0.040971395
21773,0.045708034
21774,0.036400832
21775,0.019677872
21776,0.0051832926
21777,9.25926e-06
21778,0.005485515
21779,0.0174243
21780,0.028830001
21781,0.03351135
21782,0.029099291
21783,0.01799117
21784,0.006192034
21785,0.0001393926
21786,0.0032795595
21787,0.01405446
21788,0.026522135
21789,0.033600535
21790,0.031083738
21791,0.020314682
21792,0.0075208335
21793,0.00029453338
21794,0.0030872927
21795,0.01444676
21796,0.027765349
21797,0.035203293
21798,0.032340836
21799,0.020856032
21800,0.0075208335
21801,0.00024653334
21802,0.0033285336
21803,0.014948449
21804,0.028254237
21805,0.035386227
21806,0.032209635
21807,0.020575738
21808,0.007332033
21809,0.0002187
21810,0.0033920333
21811,0.0014329037
21812,0.016209127
21813,0.0026382816
21814,0.023594726
21815,0.0449307
21816,0.04324403
21817,0.0205932
21818,0.0014329037
21819,0.0063753487
21820,0.032253336
21821,0.003342593
21822,0.026680948
21823,0.04901868
21824,0.04596863
21825,0.00010957038
21826,0.00012813334
21827,0.0031280038
21828,0.011123294
21829,0.021547202
21830,0.027826227
21831,0.024634227
21832,0.013370372
21833,0.0024000928
21834,0.0009482815
21835,0.011695293
21836,0.028254237
21837,0.0019953926
21838,0.016039116
21839,0.031341784
21840,0.03132024
21841,0.015549634
21842,0.0011614816
21843,0.0050095157
21844,0.026621336
21845,0.048884038
21846,0.05404593
21847,0.0386643
21848,0.015217516
21849,0.0008676149
21850,0.004344034
21851,0.021085173
21852,0.038377635
21853,0.044776037
21854,0.037124284
21855,0.020961635
21856,0.0059643
21857,1.6333332e-06
21858,0.0009111704
21859,0.012080134
21860,0.029286461
21861,0.040971395
21862,0.03933734
21863,0.02573517
21864,0.009234225
21865,0.00029453338
21866,0.003952182
21867,0.017184133
21868,0.031406462
21869,0.037949633
21870,0.0010014815
21871,0.0059455154
21872,0.010490701
21873,0.0084224595
21874,0.0018775705
21875,0.0005691259
21876,0.010855348
21877,0.0022130706
21878,0.021049839
21879,0.04104534
21880,0.040284462
21881,0.019592596
21882,0.0014700001
21883,0.005833426
21884,0.030570848
21885,0.05484113
21886,0.058933783
21887,0.040700838
21888,0.015112595
21889,0.00061653333
21890,0.005253634
21891,0.02292646
21892,0.039967503
21893,0.045292627
21894,0.036610138
21895,0.020107038
21896,0.0054495153
21897,2.1333335e-06
21898,0.0053600334
21899,0.01739218
21900,0.0290163
21901,0.033846408
21902,0.02941157
21903,0.018171204
21904,0.0062400145
21905,0.00013653334
21906,0.0033215152
21907,0.0141701335
21908,0.02666107
21909,0.033689838
21910,0.031105202
21911,0.02028
21912,0.0074786707
21913,0.00028623705
21914,0.0031076148
21915,0.0144613935
21916,0.027765349
21917,0.03518046
21918,0.03229707
21919,0.020820895
21920,0.007510282
21921,0.00024653334
21922,0.0033285336
21923,0.01493357
21924,0.028233781
21925,0.035386227
21926,0.032209635
21927,0.020575738
21928,0.007332033
21929,0.0002187
21930,0.003384948
21931,0.014948449
21932,0.028131617
21933,0.03518046
21934,0.03201333
21935,0.020471115
21936,8.892593e-06
21937,0.0003311148
21938,0.0018252002
21939,0.0053868005
21940,0.011433516
21941,0.0183027
21942,0.02206845
21943,0.019253334
21944,0.010565634
21945,0.0019413929
21946,0.00078370364
21947,0.010034505
21948,0.025094848
21949,0.036493782
21950,0.0013024037
21951,0.008255738
21952,0.014271738
21953,0.011316682
21954,0.002682226
21955,0.00090018153
21956,0.013525635
21957,0.033555925
21958,0.04518907
21959,0.038688235
21960,0.01933787
21961,0.0027840333
21962,0.0018881336
21963,0.016898133
21964,0.0024721816
21965,0.022779258
21966,0.04693926
21967,0.05197228
21968,0.033311114
21969,0.008658671
21970,0.00030507034
21971,0.0150677385
21972,0.003033426
21973,0.028274704
21974,0.0035715702
21975,0.0028812
21976,0.024596034
21977,0.03656357
21978,0.022195203
21979,0.0023408332
21980,0.0056948145
21981,0.033756893
21982,0.060181342
21983,0.06006196
21984,0.034408536
21985,0.0070840325
21986,0.0010920333
21987,0.01933787
21988,0.04511148
21989,0.058109336
21990,0.050020833
21991,0.028192896
21992,0.007648034
21993,2.7e-06
21994,0.0070737926
21995,0.021906015
21996,0.034521516
21997,0.03778384
21998,0.030613428
21999,0.017376136
22000,0.0051483
22001,1.08e-05
22002,0.0041614817
22003,0.015052802
22004,0.026680948
22005,0.032692008
22006,0.029662596
22007,0.019152133
22008,0.007012504
22009,0.00025423706
22010,0.003026726
22011,0.0140256155
22012,0.027040016
22013,0.034498908
22014,0.031948037
22015,0.00037689265
22016,0.0011907001
22017,0.0012761814
22018,0.00016803335
22019,0.0010600927
22020,0.008046949
22021,0.020038063
22022,0.029369839
22023,0.028172458
22024,0.016458016
22025,0.003513615
22026,0.0006378704
22027,0.011668981
22028,0.029662596
22029,0.04223752
22030,0.0408483
22031,0.026740627
22032,0.009576534
22033,0.00030083334
22034,0.004098904
22035,0.017666133
22036,0.032056905
22037,0.038473073
22038,0.033422284
22039,0.020210724
22040,0.0065712007
22041,8.222593e-05
22042,0.003998226
22043,0.015686532
22044,0.02829517
22045,0.034612034
22046,0.031040832
22047,0.019660803
22048,0.006951481
22049,0.00019422593
22050,0.0033285336
22051,0.014608134
22052,0.027542701
22053,0.03465734
22054,0.03173085
22055,0.0003628482
22056,0.0011285334
22057,0.0011949037
22058,0.00014520001
22059,0.0010960593
22060,0.008057871
22061,0.019952003
22062,0.029182406
22063,0.027988894
22064,0.016364459
22065,0.0034992
22066,0.00063480006
22067,0.011616448
22068,0.029557869
22069,0.042137515
22070,0.04077454
22071,0.026740627
22072,1.2033334e-05
22073,0.0004181333
22074,0.0021561817
22075,0.0059549036
22076,0.0120266825
22077,0.018616905
22078,0.021924032
22079,0.018816726
22080,0.010156801
22081,0.0017941332
22082,0.0008427
22083,0.010071116
22084,0.024921617
22085,0.036122702
22086,0.036238458
22087,0.024998534
22088,0.009792134
22089,0.00016961481
22090,0.0046210703
22091,0.013244004
22092,0.022304133
22093,0.0012588482
22094,0.010590672
22095,0.022158949
22096,0.023576036
22097,0.012498405
22098,0.0011041333
22099,0.0038382371
22100,0.022304133
22101,0.04304178
22102,0.049694702
22103,0.037265126
22104,0.015762849
22105,0.0012588482
22106,0.0034347004
22107,0.019354803
22108,0.037030533
22109,0.044647347
22110,0.0010960593
22111,0.006134701
22112,0.00058963336
22113,0.0031416332
22114,0.0026257925
22115,7.3633346e-05
22116,0.0033991258
22117,0.016131736
22118,0.030358406
22119,0.033667505
22120,0.022322314
22121,0.0061633335
22122,0.0001728
22123,0.011033615
22124,0.031406462
22125,0.046360906
22126,0.04526673
22127,0.029516036
22128,0.0103664035
22129,0.00028009262
22130,0.0046210703
22131,0.019152133
22132,0.0338688
22133,0.0397488
22134,0.033734538
22135,0.0002903704
22136,0.0007040593
22137,0.0006627
22138,1.8670371e-05
22139,0.0014191149
22140,0.008189516
22141,0.019253334
22142,0.027765349
22143,0.026541958
22144,0.01553446
22145,0.0033355595
22146,0.0006105038
22147,0.011239125
22148,0.02878868
22149,0.0021112037
22150,0.016913962
22151,0.032802135
22152,0.032538135
22153,0.016023705
22154,0.0011697926
22155,0.0051832926
22156,0.027280724
22157,0.049776137
22158,0.054698702
22159,0.038880005
22160,0.015142534
22161,0.0008181482
22162,0.004481482
22163,0.021351118
22164,0.038568627
22165,0.044801794
22166,0.037007116
22167,0.02080333
22168,0.005889338
22169,8.333334e-07
22170,0.005174534
22171,0.01739218
22172,0.029328132
22173,0.034363393
22174,0.02987259
22175,0.018418148
22176,0.0062881815
22177,0.00013090372
22178,0.0033991258
22179,0.014344536
22180,0.026860185
22181,0.03380163
22182,0.031105202
22183,0.020210724
22184,0.007415649
22185,0.00027401483
22186,0.0031348146
22187,0.014476032
22188,0.027745074
22189,0.035112005
22190,0.032231484
22191,0.020768238
22192,0.007499737
22193,0.00024653334
22194,0.0033215152
22195,0.0014375147
22196,0.0162867
22197,0.037594803
22198,0.048267044
22199,0.039554905
22200,0.018700033
22201,0.0022649036
22202,0.0024300003
22203,0.018138405
22204,0.03731214
22205,0.046597067
22206,0.040431175
22207,0.02370704
22208,0.0071250712
22209,2.2533332e-05
22210,0.0009709037
22211,0.012827116
22212,0.0022360333
22213,0.021547202
22214,0.04511148
22215,0.050566755
22216,0.03282418
22217,0.008738134
22218,0.00024653334
22219,0.01452
22220,0.03933734
22221,0.055069394
22222,0.0506489
22223,0.00046151484
22224,0.0010482371
22225,0.00095579255
22226,5.6033343e-05
22227,0.0013691259
22228,0.0084672
22229,0.020038063
22230,0.028747395
22231,0.027260626
22232,0.015793426
22233,0.0033075
22234,0.0006689815
22235,0.011564034
22236,0.029244814
22237,0.041639294
22238,0.040382236
22239,0.026541958
22240,0.009576534
22241,0.00031579257
22242,0.004005926
22243,0.017488627
22244,0.031882804
22245,0.0016875002
22246,0.0130347265
22247,0.025989635
22248,0.026641203
22249,0.013582315
22250,0.0010680334
22251,0.0044165333
22252,0.02421574
22253,0.045500092
22254,0.05139121
22255,0.03768926
22256,0.015428449
22257,0.0010640593
22258,0.0038231702
22259,0.020055294
22260,0.037524033
22261,0.04459593
22262,0.037547614
22263,0.02152934
22264,0.0062881815
22265,7.837038e-06
22266,0.0050613377
22267,0.0015170372
22268,0.016442405
22269,0.037642013
22270,0.048133425
22271,0.03933734
22272,0.01853396
22273,0.0022245373
22274,0.0009861334
22275,0.0147852
22276,0.035226133
22277,0.04746815
22278,0.043446764
22279,0.026680948
22280,0.0085683
22281,9.245926e-05
22282,0.0050960337
22283,0.019000834
22284,0.032626018
22285,0.0016084481
22286,0.012295127
22287,0.024691572
22288,0.025481962
22289,0.013090371
22290,0.0010482371
22291,0.004264182
22292,0.023613425
22293,0.044621635
22294,0.050703708
22295,0.03745333
22296,0.015473839
22297,0.0011203705
22298,0.0036963
22299,0.019797573
22300,0.03731214
22301,0.044570222
22302,0.037665635
22303,0.021672452
22304,0.006365634
22305,0.00028009262
22306,0.005722404
22307,0.015277635
22308,0.024329519
22309,0.028603116
22310,0.025774239
22311,0.016945634
22312,0.0064925044
22313,0.00031363333
22314,0.0024903703
22315,0.012593838
22316,0.025346134
22317,0.033400033
22318,0.03183935
22319,0.0004082371
22320,0.0013646259
22321,0.0014981332
22322,0.00024083335
22323,0.00096711493
22324,0.008014226
22325,0.020297341
22326,0.02987259
22327,0.028664906
22328,0.016724536
22329,0.0035715702
22330,0.000647126
22331,0.011800835
22332,0.029935736
22333,0.042513132
22334,0.040996037
22335,0.026760532
22336,0.0095408335
22337,0.00028829998
22338,0.0041457927
22339,0.017747115
22340,0.032100506
22341,0.001682504
22342,0.012951483
22343,0.02585246
22344,0.026502317
22345,0.013525635
22346,0.0010640593
22347,0.00440037
22348,0.024158949
22349,0.045396302
22350,0.051308464
22351,0.037665635
22352,0.015428449
22353,0.0010680334
22354,0.0038081335
22355,0.020038063
22356,0.0023349482
22357,0.020961635
22358,0.043522906
22359,0.04874957
22360,0.03170917
22361,0.008478405
22362,0.00023707037
22363,0.0141556505
22364,0.03852083
22365,0.05415917
22366,0.050129782
22367,0.030528301
22368,0.009493337
22369,6.3559266e-05
22370,0.0060302825
22371,0.021297794
22372,0.035226133
22373,0.039554905
22374,0.032450374
22375,0.018500835
22376,0.0054765036
22377,1.1203704e-05
22378,0.0043842373
22379,0.015686532
22380,0.027502315
22381,0.033311114
22382,0.02987259
22383,0.019017613
22384,0.006820181
22385,0.00021333335
22386,0.0031484596
22387,0.0141701335
22388,0.027060032
22389,0.034340836
22390,0.03170917
22391,0.020610668
22392,0.0075525343
22393,0.00027603333
22394,0.003196448
22395,0.014681783
22396,0.02800926
22397,0.03534045
22398,0.03231895
22399,0.02073317
22400,0.0074261334
22401,0.00023148149
22402,0.0033637371
22403,0.0149633335
22404,0.028192896
22405,0.0352947
22406,0.0010208334
22407,0.0062785344
22408,0.0006225926
22409,0.0033496334
22410,0.0028616334
22411,0.00010957038
22412,0.0032795595
22413,0.016100835
22414,0.030592136
22415,0.034070704
22416,0.022650847
22417,0.0062881815
22418,0.00016645927
22419,0.0110592
22420,0.03157926
22421,0.046597067
22422,0.045474134
22423,0.029620681
22424,1.00148145e-05
22425,0.0005264037
22426,0.0024903703
22427,0.006463115
22428,0.000846237
22429,0.009828299
22430,0.024196802
22431,0.031492803
22432,0.0240267
22433,0.008388981
22434,0.00042563336
22435,0.009576534
22436,0.025832895
22437,0.03852083
22438,0.038952034
22439,0.026800372
22440,0.0103664035
22441,0.0005348148
22442,0.0034275707
22443,0.016708802
22444,0.031622536
22445,0.038904004
22446,0.034363393
22447,0.021067498
22448,0.0069717923
22449,0.000105781495
22450,0.003998226
22451,0.015946759
22452,0.02878868
22453,0.035134815
22454,0.031384896
22455,0.019746227
22456,0.006900834
22457,0.00017763334
22458,0.0034133336
22459,0.014755615
22460,0.027664037
22461,0.03465734
22462,0.031644184
22463,0.020332035
22464,0.007332033
22465,0.00023894814
22466,0.0032725928
22467,0.014726061
22468,0.027907502
22469,0.035112005
22470,0.0320787
22471,0.0205932
22472,0.007394701
22473,0.00023333704
22474,0.0033355595
22475,0.014874134
22476,0.028090801
22477,0.035226133
22478,0.032100506
22479,0.020540833
22480,0.0073424596
22481,0.00022413337
22482,0.0033637371
22483,0.014903837
22484,0.028090801
22485,0.03518046
22486,0.032035116
22487,0.02050596
22488,0.0073216152
22489,0.00022413337
22490,0.0033566817
22491,0.014888983
22492,0.028050017
22493,0.03515764
22494,0.032035116
22495,0.02050596
22496,0.007332033
22497,0.00022413337
22498,0.0033496334
22499,0.014874134
22500,0.028050017
22501,0.03515764
22502,0.0010208334
22503,0.0062785344
22504,0.011110459
22505,0.008932626
22506,0.0020336334
22507,0.0009408001
22508,0.012552894
22509,0.031105202
22510,0.042312592
22511,0.036796685
22512,0.018800035
22513,0.002887737
22514,0.0016378704
22515,0.015962133
22516,0.035203293
22517,0.045838244
22518,0.0012718369
22519,0.0072800154
22520,0.012444034
22521,0.00020803335
22522,0.000112133326
22523,0.00037689265
22524,0.0046625338
22525,0.014373705
22526,0.024291558
22527,0.02614685
22528,0.017232034
22529,0.0046958374
22530,0.00019084814
22531,0.009636182
22532,0.027745074
22533,0.04191295
22534,0.0421875
22535,0.028582536
22536,0.0107163
22537,0.00045890373
22538,0.003883615
22539,0.0178608
22540,0.032890372
22541,0.039627563
22542,0.034363393
22543,0.020645635
22544,0.006610726
22545,6.7500005e-05
22546,0.0041772006
22547,0.016054533
22548,0.028664906
22549,0.034770727
22550,0.030997962
22551,0.019490505
22552,0.006820181
22553,0.00017601483
22554,0.0033708
22555,0.014622849
22556,0.027482133
22557,0.034521516
22558,0.031600893
22559,0.0003628482
22560,0.0011244481
22561,0.0011949037
22562,0.00014520001
22563,0.0010960593
22564,0.008057871
22565,0.019934816
22566,0.029182406
22567,0.027988894
22568,0.016364459
22569,0.0034992
22570,0.00063480006
22571,0.011616448
22572,0.029557869
22573,0.0021392591
22574,0.017040834
22575,0.0020172002
22576,0.013968017
22577,0.019746227
22578,0.010741514
22579,0.0002720037
22580,0.008704035
22581,0.025423706
22582,0.038115796
22583,0.035868682
22584,0.02008978
22585,0.003906404
22586,0.0009633334
22587,0.0141991265
22588,0.03395846
22589,0.04612534
22590,0.042613573
22591,0.026502317
22592,0.008715393
22593,0.0001253926
22594,0.0048471703
22595,0.018633515
22596,0.032384627
22597,0.037902225
22598,0.032384627
22599,0.019320948
22600,0.0061824587
22601,6.1633335e-05
22602,0.0039751707
22603,0.015398227
22604,0.027765349
22605,0.034048237
22606,0.03072
22607,0.019592596
22608,0.007002315
22609,0.00021511482
22610,0.0032309485
22611,0.01444676
22612,0.027441796
22613,0.03465734
22614,0.03183935
22615,0.020558283
22616,0.007457634
22617,0.00025423706
22618,0.0032517372
22619,0.014755615
22620,0.028029634
22621,0.03527184
22622,0.032209635
22623,0.020645635
22624,0.007394701
22625,0.00022963336
22626,0.0033566817
22627,0.01493357
22628,0.028152036
22629,0.035248984
22630,0.0320787
22631,0.020523394
22632,0.0073216152
22633,0.00022231482
22634,0.0033708
22635,0.014903837
22636,0.028070405
22637,0.03515764
22638,0.03201333
22639,0.020488536
22640,0.0073216152
22641,0.00022413337
22642,0.0033566817
22643,0.014874134
22644,0.028050017
22645,0.03515764
22646,0.032035116
22647,0.02050596
22648,0.007332033
22649,0.00022595927
22650,0.0033496334
22651,0.014874134
22652,0.028050017
22653,0.03515764
22654,0.032035116
22655,0.02050596
22656,0.007332033
22657,0.00022595927
22658,0.0033496334
22659,0.014888983
22660,0.028070405
22661,0.03515764
22662,0.032035116
22663,0.02050596
22664,0.007332033
22665,0.00022413337
22666,0.0033566817
22667,0.014888983
22668,0.028070405
22669,0.03515764
22670,0.032035116
22671,0.02050596
22672,0.007332033
22673,0.00022413337
22674,0.0033496334
22675,0.014888983
22676,0.028070405
22677,0.03515764
22678,0.032035116
22679,0.02050596
22680,0.007332033
22681,0.00022413337
22682,0.0033496334
22683,0.014888983
22684,0.028070405
22685,0.03515764
22686,0.032035116
22687,0.02050596
22688,0.007332033
22689,0.00022413337
22690,0.0033496334
22691,0.014888983
22692,0.028070405
22693,0.03515764
22694,0.032035116
22695,0.02050596
22696,0.007332033
22697,0.00022413337
22698,0.0033496334
22699,0.014888983
22700,0.028070405
22701,0.03515764
22702,0.032035116
22703,0.02050596
22704,0.007332033
22705,0.00022413337
22706,0.0033496334
22707,0.014888983
22708,0.028070405
22709,0.03515764
22710,0.032035116
22711,0.02050596
22712,0.007332033
22713,0.00017763334
22714,0.0044327257
22715,0.01271707
22716,0.021582946
22717,0.026940035
22718,0.025657127
22719,0.017828282
22720,0.0073737823
22721,0.0005292
22722,0.0021336332
22723,0.012281634
22724,0.02559867
22725,0.034250673
22726,0.03284624
22727,0.022032302
22728,0.008411292
22729,0.0001617815
22730,0.0043280036
22731,0.012566533
22732,0.021475794
22733,0.0012545333
22734,0.0106408335
22735,0.022267794
22736,0.02370704
22737,0.012566533
22738,0.0011122372
22739,0.0038382371
22740,0.022340506
22741,0.04311757
22742,0.049776137
22743,0.03731214
22744,0.015778134
22745,0.0012545333
22746,0.0034489816
22747,0.001979115
22748,0.021547202
22749,0.04722978
22750,0.057407293
22751,0.044185616
22752,0.019068003
22753,0.0016576335
22754,0.0036741337
22755,0.021368904
22756,0.040578146
22757,0.048026673
22758,0.039821632
22759,0.022231482
22760,0.006134701
22761,2.3703704e-07
22762,0.0056672934
22763,0.018434672
22764,0.030422058
22765,0.034998063
22766,0.029893637
22767,0.018089259
22768,0.005983115
22769,9.12926e-05
22770,0.0035497816
22771,0.01444676
22772,0.026760532
22773,0.033489075
22774,0.030762685
22775,0.019969199
22776,0.0073424596
22777,0.0001617815
22778,0.0042008334
22779,0.012227737
22780,0.021049839
22781,0.026581636
22782,0.02561815
22783,0.01799117
22784,0.0075525343
22785,0.0005778704
22786,0.0020667
22787,0.012214281
22788,0.025637634
22789,0.03443112
22790,0.033045072
22791,0.02217707
22792,0.008456005
22793,0.0003984593
22794,0.0030737817
22795,0.014948449
22796,0.028830001
22797,0.036377616
22798,0.033111483
22799,0.021067498
22800,0.0074261334
22801,0.00020453705
22802,0.0007905334
22803,0.011252034
22804,0.027907502
22805,0.0397488
22806,0.038784057
22807,0.025832895
22808,0.0095408335
22809,0.00036983704
22810,0.0008892593
22811,0.012552894
22812,0.030507041
22813,0.0424128
22814,0.040357783
22815,0.026048535
22816,0.009140893
22817,0.00024462593
22818,0.0041929483
22819,0.017617634
22820,0.03173085
22821,0.037997074
22822,0.03302295
22823,0.020020833
22824,0.006551482
22825,8.670001e-05
22826,0.0039292593
22827,0.01553446
22828,0.028152036
22829,0.034521516
22830,0.00097470003
22831,0.0060019596
22832,0.010653393
22833,0.008602134
22834,0.0019521335
22835,0.00094453717
22836,0.012403334
22837,0.03072
22838,0.041888036
22839,0.036517035
22840,0.018733338
22841,0.002907393
22842,0.000846237
22843,0.013469071
22844,0.03282418
22845,0.04518907
22846,0.042262536
22847,0.02666107
22848,0.0089671705
22849,0.0001648926
22850,0.0046625338
22851,0.018418148
22852,0.032340836
22853,0.038092036
22854,0.032670002
22855,0.019558534
22856,0.0062785344
22857,6.551482e-05
22858,0.0039905333
22859,0.015488981
22860,0.027907502
22861,0.03418313
22862,0.030784033
22863,0.019592596
22864,0.006981959
22865,0.0002097926
22866,0.0032586816
22867,0.014490683
22868,0.02746196
22869,0.03465734
22870,0.03179593
22871,0.0003651704
22872,0.0011408334
22873,0.0012117926
22874,0.00014963334
22875,0.0010880148
22876,0.00094453717
22877,0.012634848
22878,0.030294817
22879,0.037902225
22880,0.027603336
22881,0.008978699
22882,4.281482e-06
22883,0.010242849
22884,0.032494236
22885,0.049613334
22886,0.049072597
22887,0.032056905
22888,0.011174701
22889,0.00028623705
22890,0.0050095157
22891,0.0018670369
22892,0.019866135
22893,0.043904625
22894,0.0023526258
22895,0.015398227
22896,0.025346134
22897,0.0195075
22898,0.004940833
22899,0.0008251259
22900,0.015217516
22901,0.037902225
22902,0.05029343
22903,0.042037632
22904,0.02026267
22905,0.0026195594
22906,0.002346726
22907,0.01853396
22908,0.038425334
22909,0.04794668
22910,0.041416064
22911,0.024064451
22912,0.0070942817
22913,1.2892592e-05
22914,0.0054495153
22915,0.018716682
22916,0.031363335
22917,0.036192138
22918,0.030805392
22919,0.018467737
22920,0.0060019596
22921,7.3633346e-05
22922,0.0037333926
22923,0.014829634
22924,0.027100096
22925,0.033645168
22926,0.030677352
22927,0.019780448
22928,0.00719717
22929,0.0002503704
22930,0.0031416332
22931,0.014373705
22932,0.027502315
22933,0.03483885
22934,0.032056905
22935,0.020715648
22936,0.007510282
22937,0.0002561815
22938,0.0032725928
22939,0.014829634
22940,0.028131617
22941,0.03534045
22942,0.032231484
22943,0.02062815
22944,0.0073737823
22945,0.00017925927
22946,0.0044570705
22947,0.012772035
22948,0.021654533
22949,0.026980003
22950,0.025676623
22951,0.017812034
22952,0.0073528923
22953,0.0005236149
22954,0.002144893
22955,0.012295127
22956,0.02559867
22957,0.034228146
22958,0.03282418
22959,0.022014238
22960,0.008400134
22961,0.00039603334
22962,0.0030535702
22963,0.014874134
22964,0.028726762
22965,0.03628482
22966,0.03308934
22967,0.021085173
22968,0.0074471254
22969,0.0002097926
22970,0.0035064039
22971,0.0152625935
22972,0.028500285
22973,0.035432037
22974,0.0010130705
22975,0.0006533334
22976,0.006230404
22977,0.009422315
22978,0.0048556486
22979,1.5170371e-05
22980,0.0063559264
22981,0.024102226
22982,0.039821632
22983,0.039651792
22984,0.023370905
22985,0.0051047257
22986,0.0006976148
22987,0.014213634
22988,0.035363335
22989,0.048534814
22990,0.044853333
22991,0.027684284
22992,0.008932626
22993,0.000102059275
22994,0.0052008326
22995,0.019422594
22996,0.033244506
22997,0.038401484
22998,0.032384627
22999,0.019068003
23000,0.0059643
23001,4.1614818e-05
23002,0.004098904
23003,0.015488981
23004,0.027684284
23005,0.03382402
23006,0.0009595593
23007,0.00592676
23008,0.010553126
23009,0.008534533
23010,0.0019360333
23011,0.0009408001
23012,0.012362699
23013,0.030634727
23014,0.041813336
23015,0.036470536
23016,0.018733338
23017,0.0029139596
23018,0.0015938372
23019,0.015793426
23020,0.034998063
23021,0.045708034
23022,0.04114404
23023,0.025017781
23024,0.007970701
23025,7.5737036e-05
23026,0.0049152006
23027,0.0183027
23028,0.031600893
23029,0.0015889816
23030,0.0122412015
23031,0.024634227
23032,0.025462536
23033,0.013104301
23034,0.0010561333
23035,0.0042483
23036,0.023576036
23037,0.04459593
23038,0.050703708
23039,0.03745333
23040,0.015488981
23041,0.0011244481
23042,0.0010800001
23043,0.015247561
23044,0.035868682
23045,0.047920033
23046,0.043548305
23047,0.026522135
23048,0.008411292
23049,7.4681484e-05
23050,0.0052008326
23051,0.019101636
23052,0.032604035
23053,0.037736535
23054,0.03199156
23055,0.018967297
23056,0.0060113934
23057,5.244815e-05
23058,0.003982848
23059,0.015307739
23060,0.027542701
23061,0.03382402
23062,0.03054957
23063,0.00034228148
23064,0.0010600927
23065,0.0011203705
23066,0.0001253926
23067,0.0011203705
23068,0.008046949
23069,0.019831836
23070,0.02899557
23071,0.027805924
23072,0.016271172
23073,0.0034920042
23074,0.0006286815
23075,0.011564034
23076,0.029474227
23077,0.042037632
23078,0.04074996
23079,0.026760532
23080,0.009612301
23081,0.0003114815
23082,0.0040600337
23083,0.0016675593
23084,0.018236892
23085,0.041094672
23086,0.051529262
23087,0.041168727
23088,0.018766671
23089,0.0020117373
23090,0.0028746703
23091,0.019320948
23092,0.038473073
23093,0.047071204
23094,0.040162407
23095,0.023129633
23096,0.006740004
23097,7.837038e-06
23098,0.0053778705
23099,0.018335648
23100,0.030784033
23101,0.035684507
23102,0.03054957
23103,0.018451199
23104,0.0060776332
23105,8.783704e-05
23106,0.0036373371
23107,0.014681783
23108,0.027040016
23109,0.033689838
23110,0.030784033
23111,0.019900458
23112,0.00725926
23113,0.0001648926
23114,0.004224533
23115,0.012281634
23116,0.02110285
23117,0.026621336
23118,0.00088563334
23119,0.0059549036
23120,0.010804682
23121,0.008840834
23122,0.0020722374
23123,0.0008820149
23124,0.012295127
23125,0.030762685
23126,0.042112533
23127,0.036796685
23128,0.0189003
23129,0.0029469037
23130,0.00084978144
23131,0.013525635
23132,0.032934535
23133,0.045292627
23134,0.042337637
23135,0.02666107
23136,0.008955648
23137,0.00016023703
23138,0.0046791704
23139,0.018451199
23140,0.03236273
23141,0.038092036
23142,0.032648
23143,0.019524502
23144,0.0062592602
23145,6.4533335e-05
23146,0.0039905333
23147,0.015488981
23148,0.02788717
23149,0.03418313
23150,0.030784033
23151,0.019592596
23152,0.006981959
23153,0.0002097926
23154,0.0032586816
23155,0.014476032
23156,0.02746196
23157,0.0015987
23158,0.012827116
23159,0.025813332
23160,0.026621336
23161,0.013653334
23162,0.0011041333
23163,0.004344034
23164,0.024102226
23165,0.045422237
23166,0.051418804
23167,0.03778384
23168,0.015488981
23169,0.00021690372
23170,0.0060397373
23171,0.016442405
23172,0.02600926
23173,0.030062228
23174,0.026502317
23175,0.016929792
23176,0.006211204
23177,0.0002277926
23178,0.00065022596
23179,0.009708004
23180,0.024940833
23181,0.036703352
23182,0.037077393
23183,0.025676623
23184,0.010071116
23185,0.00056044816
23186,0.003196448
23187,0.016054533
23188,0.0019683002
23189,0.018467737
23190,0.039361484
23191,0.045163207
23192,0.030188981
23193,0.008478405
23194,0.00014373705
23195,0.012965337
23196,0.03663343
23197,0.052640375
23198,0.049640447
23199,0.030848134
23200,0.009949338
23201,0.000112133326
23202,0.0056948145
23203,0.020961635
23204,0.035226133
23205,0.039894536
23206,0.032934535
23207,0.018850137
23208,0.0056033335
23209,1.3333334e-05
23210,0.0044165333
23211,0.01583935
23212,0.027745074
23213,0.03351135
23214,0.029977873
23215,0.019034406
23216,0.006780033
23217,0.00020280002
23218,0.0031827001
23219,0.014213634
23220,0.027080063
23221,0.034318287
23222,0.03166584
23223,0.020575738
23224,0.0075208335
23225,0.0002720037
23226,0.003196448
23227,0.014667036
23228,0.027988894
23229,0.0352947
23230,0.03229707
23231,0.02073317
23232,0.0074366266
23233,0.00023333704
23234,0.0033566817
23235,0.014948449
23236,0.028192896
23237,0.0352947
23238,0.032122318
23239,0.020523394
23240,0.0073112035
23241,0.00022050373
23242,0.0033778707
23243,0.014918702
23244,0.028090801
23245,0.03515764
23246,0.03201333
23247,0.020471115
23248,0.0073112035
23249,0.00022231482
23250,0.0033566817
23251,0.014874134
23252,0.028050017
23253,0.03515764
23254,0.03201333
23255,0.02050596
23256,0.007332033
23257,0.00022595927
23258,0.0033496334
23259,0.014874134
23260,0.028050017
23261,0.03515764
23262,0.032035116
23263,0.02050596
23264,0.007332033
23265,0.00022595927
23266,0.0033496334
23267,0.014888983
23268,0.028070405
23269,0.03515764
23270,0.032035116
23271,0.02050596
23272,0.007332033
23273,0.00022413337
23274,0.0033566817
23275,0.014888983
23276,0.028070405
23277,0.03515764
23278,0.032035116
23279,0.02050596
23280,0.007332033
23281,0.00022413337
23282,0.0033566817
23283,0.014888983
23284,0.028070405
23285,0.03515764
23286,0.032035116
23287,0.02050596
23288,0.007332033
23289,0.00022413337
23290,0.0033496334
23291,0.014888983
23292,0.028070405
23293,0.03515764
23294,0.032035116
23295,0.02050596
23296,0.007332033
23297,0.00022413337
23298,0.0033496334
23299,0.014888983
23300,0.028070405
23301,0.03515764
23302,0.032035116
23303,0.02050596
23304,0.007332033
23305,0.00022413337
23306,0.0033496334
23307,0.014888983
23308,0.028070405
23309,0.03515764
23310,0.0010208334
23311,0.0062785344
23312,0.011110459
23313,0.008932626
23314,0.0020336334
23315,0.0009408001
23316,0.012552894
23317,0.031105202
23318,0.042312592
23319,0.036796685
23320,0.018800035
23321,0.002887737
23322,0.0016378704
23323,0.0018828483
23324,0.021547202
23325,0.04757428
23326,0.058021355
23327,0.044698805
23328,0.019287128
23329,0.001682504
23330,0.0037037039
23331,0.02152934
23332,0.0408483
23333,0.048267044
23334,0.03994317
23335,0.022249632
23336,1.4814816e-06
23337,0.0010130705
23338,0.0035643002
23339,0.007744133
23340,0.013342238
23341,0.018650135
23342,0.020663125
23343,0.017056728
23344,0.008909633
23345,0.0014375147
23346,0.00093334814
23347,0.009840371
23348,0.0017786999
23349,0.018040182
23350,0.039096303
23351,0.045292627
23352,0.030528301
23353,2.9037037e-06
23354,0.0023290704
23355,0.008932626
23356,0.01797485
23357,0.025365515
23358,0.026561795
23359,0.020020833
23360,0.009140893
23361,0.00097470003
23362,0.001727737
23363,0.01217396
23364,0.0018408335
23365,0.018089259
23366,0.038976062
23367,0.045033958
23368,0.030294817
23369,0.008602134
23370,0.0001253926
23371,0.012827116
23372,0.036493782
23373,0.052640375
23374,0.049748983
23375,0.030997962
23376,0.010022315
23377,0.00011867038
23378,0.005685634
23379,0.02097926
23380,0.0352947
23381,0.03999184
23382,0.032978725
23383,0.01886685
23384,0.0056124483
23385,1.2892592e-05
23386,0.0044327257
23387,0.0014053927
23388,0.015564815
23389,0.03607645
23390,0.046675924
23391,0.038640372
23392,0.01853396
23393,0.0023526258
23394,0.0022533333
23395,0.01760148
23396,0.036703352
23397,0.046256136
23398,0.040480133
23399,0.02393246
23400,1.8148148e-07
23401,0.0007769037
23402,0.0030401333
23403,0.0005489815
23404,0.0072696335
23405,0.020193428
23406,0.030869516
23407,0.030210137
23408,0.017909633
23409,0.003952182
23410,0.00058963336
23411,0.011960033
23412,0.030613428
23413,0.043497518
23414,0.041813336
23415,0.02714018
23416,0.009564626
23417,0.00026403333
23418,0.004296033
23419,0.018056534
23420,0.032384627
23421,0.038568627
23422,0.033288904
23423,0.020003615
23424,0.0064435597
23425,7.053334e-05
23426,0.0040368
23427,0.015686532
23428,0.028213337
23429,0.034453705
23430,0.030912302
23431,0.019592596
23432,0.0069311997
23433,0.00019763334
23434,0.0033075
23435,0.0145493485
23436,0.027502315
23437,0.034612034
23438,0.03173085
23439,0.020471115
23440,0.007415649
23441,0.0002503704
23442,0.0032586816
23443,0.014726061
23444,0.027968537
23445,0.035203293
23446,0.001028626
23447,0.0063365335
23448,0.01118757
23449,0.0089902375
23450,0.0020556482
23451,0.0009408001
23452,0.0125801815
23453,0.031169636
23454,0.0424128
23455,0.036843393
23456,0.018816726
23457,0.0028812
23458,0.0016477371
23459,0.015992904
23460,0.035248984
23461,0.045864303
23462,0.04114404
23463,0.024940833
23464,0.007905634
23465,6.951483e-05
23466,0.004957959
23467,0.018335648
23468,0.03157926
23469,0.036960304
23470,0.0316875
23471,0.019068003
23472,0.0062016146
23473,7.680001e-05
23474,0.0038231702
23475,0.015112595
23476,0.027522506
23477,0.0339809
23478,0.030805392
23479,0.019746227
23480,0.0071147997
23481,0.00023148149
23482,0.0032033334
23483,0.01444676
23484,0.027522506
23485,0.034770727
23486,0.031948037
23487,0.02062815
23488,0.0074681477
23489,0.0002523
23490,0.0032725928
23491,0.014800004
23492,0.028070405
23493,0.0352947
23494,0.032209635
23495,0.02062815
23496,0.0073737823
23497,0.0002277926
23498,0.0033637371
23499,0.01493357
23500,0.028131617
23501,0.035226133
23502,0.0320787
23503,0.02050596
23504,0.0073216152
23505,0.00017925927
23506,0.004440834
23507,0.012730801
23508,0.021618728
23509,0.026940035
23510,0.025657127
23511,0.017812034
23512,0.0073737823
23513,0.0005264037
23514,0.0021392591
23515,0.012281634
23516,0.02559867
23517,0.034250673
23518,0.03284624
23519,0.022032302
23520,0.008400134
23521,0.0003984593
23522,0.0030603004
23523,0.014874134
23524,0.028726762
23525,0.036308005
23526,0.03308934
23527,0.021085173
23528,0.0074471254
23529,0.0002097926
23530,0.0035064039
23531,0.0152625935
23532,0.028500285
23533,0.035432037
23534,0.032056905
23535,0.020366762
23536,8.181482e-06
23537,0.00034680005
23538,0.0018670369
23539,0.0054495153
23540,0.011485634
23541,0.01831917
23542,0.022032302
23543,0.019185837
23544,0.010515649
23545,0.001925337
23546,0.0007905334
23547,0.010034505
23548,0.025056303
23549,0.036447294
23550,0.03656357
23551,0.025210671
23552,0.009852448
23553,0.0005348148
23554,0.0031827001
23555,0.015931392
23556,0.030592136
23557,0.03813956
23558,0.0010600927
23559,0.0063365335
23560,0.011123294
23561,0.008898149
23562,0.0020062816
23563,0.0009633334
23564,0.0126075
23565,0.03112667
23566,0.042312592
23567,0.03675
23568,0.01875
23569,0.0028681483
23570,0.0016477371
23571,0.015977517
23572,0.035203293
23573,0.045812182
23574,0.04111935
23575,0.024940833
23576,0.007905634
23577,7.053334e-05
23578,0.004940833
23579,0.01831917
23580,0.03155764
23581,0.036960304
23582,0.03170917
23583,0.019084813
23584,0.006211204
23585,7.680001e-05
23586,0.0038231702
23587,0.015112595
23588,0.027522506
23589,0.0339809
23590,0.030805392
23591,0.019746227
23592,0.0071147997
23593,0.00023148149
23594,0.0032033334
23595,0.0144613935
23596,0.027522506
23597,0.034770727
23598,0.031948037
23599,0.02062815
23600,0.0074681477
23601,0.0002523
23602,0.0032725928
23603,0.014800004
23604,0.028070405
23605,0.0352947
23606,0.032209635
23607,0.0003628482
23608,8.898148e-05
23609,0.0005264037
23610,0.00018253335
23611,0.0004720334
23612,0.0054765036
23613,0.016039116
23614,0.026048535
23615,0.027120132
23616,0.017264005
23617,0.004408448
23618,0.00029244815
23619,0.010292182
23620,0.028500285
23621,0.0022130706
23622,0.017812034
23623,0.034340836
23624,0.0338688
23625,0.016551837
23626,0.0011907001
23627,0.0053600334
23628,0.02794818
23629,0.050703708
23630,0.055412684
23631,0.03912037
23632,0.015082683
23633,0.0007701334
23634,0.0046293484
23635,0.021636626
23636,0.038784057
23637,0.044853333
23638,0.036890138
23639,0.020663125
23640,0.005805571
23641,2.3703704e-07
23642,0.0052008326
23643,0.017376136
23644,0.029265637
23645,0.034250673
23646,0.029788502
23647,0.018385127
23648,0.0062785344
23649,0.0001323
23650,0.003384948
23651,0.014315395
23652,0.026820298
23653,0.0015600036
23654,0.012566533
23655,0.025404302
23656,0.026284803
23657,0.013525635
23658,0.0011041333
23659,0.004288059
23660,0.023894815
23661,0.045163207
23662,0.051225785
23663,0.037712894
23664,0.015519292
23665,0.0011000925
23666,0.0037632005
23667,0.019969199
23668,0.037500463
23669,0.04467307
23670,0.037642013
23671,0.021600837
23672,0.006317171
23673,8.181482e-06
23674,0.0050613377
23675,0.017488627
23676,0.02972552
23677,0.034907043
23678,0.030316005
23679,0.018616905
23680,0.0063074995
23681,0.000121337056
23682,0.0034776332
23683,0.01452
23684,0.0017025335
23685,0.016348893
23686,0.035661515
23687,0.041863125
23688,0.028685516
23689,0.008433634
23690,8.112593e-05
23691,0.011933426
23692,0.0348843
23693,0.0511707
23694,0.04909956
23695,0.03112667
23696,0.010354016
23697,0.00017120372
23698,0.0053868005
23699,0.020610668
23700,0.03518046
23701,0.0016725332
23702,0.012566533
23703,0.025037041
23704,0.02571565
23705,0.013146134
23706,0.0010325334
23707,0.0043360153
23708,0.023800833
23709,0.04482756
23710,0.0020391261
23711,0.012965337
23712,0.021493634
23713,0.016598849
23714,0.0041067
23715,0.0008604593
23716,0.0155952005
23717,0.038616452
23718,0.05095067
23719,0.042362686
23720,0.02028
23721,0.0025576334
23722,0.0024300003
23723,0.01878335
23724,0.0386643
23725,0.048053347
23726,0.041366532
23727,0.023951294
23728,0.007012504
23729,1.00148145e-05
23730,0.005485515
23731,0.018716682
23732,0.03132024
23733,0.036099575
23734,0.03072
23735,0.018434672
23736,0.0059925327
23737,7.3633346e-05
23738,0.0037259592
23739,0.0013691259
23740,0.015443572
23741,0.03593787
23742,0.046623353
23743,0.0386643
23744,0.018583706
23745,0.0023763
23746,0.0022360333
23747,0.0175692
23748,0.036703352
23749,0.046282317
23750,0.04052913
23751,0.02397013
23752,0.0073112035
23753,3.272593e-05
23754,0.0051308484
23755,0.018286237
23756,0.0018356149
23757,0.0168507
23758,0.036308005
23759,0.042262536
23760,0.028747395
23761,0.008333335
23762,9.840371e-05
23763,0.0121471165
23764,0.035134815
23765,0.051308464
23766,0.049045634
23767,0.030976532
23768,0.01025517
23769,0.00016023703
23770,0.0054315585
23771,0.02062815
23772,0.035134815
23773,0.04011363
23774,0.033266705
23775,0.019135293
23776,0.005722404
23777,1.564815e-05
23778,0.004424626
23779,0.015931392
23780,0.027907502
23781,0.033689838
23782,0.030083334
23783,0.019051202
23784,0.006760004
23785,0.00019592591
23786,0.003217126
23787,0.014271738
23788,0.027120132
23789,0.034318287
23790,0.031622536
23791,0.020523394
23792,0.007499737
23793,0.00027000002
23794,0.003196448
23795,0.014667036
23796,0.027968537
23797,0.03527184
23798,0.032275204
23799,0.020715648
23800,0.0074366266
23801,0.00023520003
23802,0.0033566817
23803,0.014948449
23804,0.028192896
23805,0.0352947
23806,0.032122318
23807,0.020523394
23808,0.0073216152
23809,0.00022050373
23810,0.0033778707
23811,0.014918702
23812,0.028090801
23813,0.03515764
23814,0.03201333
23815,0.00035822592
23816,0.0010920333
23817,0.0011490704
23818,0.00013090372
23819,0.0011203705
23820,0.008068801
23821,0.019900458
23822,0.029078534
23823,0.027866848
23824,0.0162867
23825,0.0034848147
23826,0.0006317371
23827,0.011590227
23828,0.02949513
23829,0.042062595
23830,0.04074996
23831,0.026740627
23832,0.009600371
23833,0.00030933708
23834,0.004067793
23835,0.017617634
23836,0.032035116
23837,0.038473073
23838,0.03344454
23839,0.02024535
23840,0.0065909484
23841,8.333335e-05
23842,0.00081120007
23843,0.011290802
23844,0.027907502
23845,0.039676033
23846,0.038712185
23847,0.025754703
23848,0.0095052
23849,0.00020453705
23850,0.005113426
23851,0.014242671
23852,0.023370905
23853,0.028172458
23854,0.025950404
23855,0.017408237
23856,0.006860449
23857,0.00038640367
23858,0.0023763
23859,0.012552894
23860,0.025540285
23861,0.03380163
23862,0.032231484
23863,0.021582946
23864,0.008222593
23865,0.00038640367
23866,0.0030133482
23867,0.014681783
23868,0.028438672
23869,0.036053333
23870,0.0010561333
23871,0.006463115
23872,0.011368534
23873,0.009117634
23874,0.0020833337
23875,0.00094453717
23876,0.012648534
23877,0.03132024
23878,0.042563334
23879,0.0369369
23880,0.018833425
23881,0.0028746703
23882,0.0016625925
23883,0.0018881336
23884,0.021582946
23885,0.047653962
23886,0.05808
23887,0.04475028
23888,0.019287128
23889,0.0016775148
23890,0.003711115
23891,0.021565072
23892,0.0408483
23893,0.048267044
23894,0.03994317
23895,0.022231482
23896,0.0060966257
23897,7.2592593e-07
23898,0.005722404
23899,0.018500835
23900,0.030464534
23901,0.03497529
23902,0.029830536
23903,0.018040182
23904,0.0059643
23905,9.0133326e-05
23906,0.0035497816
23907,0.014432134
23908,0.026720727
23909,0.0334668
23910,0.0009937927
23911,0.0062016146
23912,0.011020834
23913,0.00019592591
23914,0.000112133326
23915,0.00036750003
23916,0.004604537
23917,0.014271738
23918,0.024196802
23919,0.0261075
23920,0.017248016
23921,0.0047208923
23922,0.00018418148
23923,0.009600371
23924,0.027704537
23925,0.04191295
23926,0.042212505
23927,0.028623704
23928,0.010741514
23929,0.00046151484
23930,0.003883615
23931,0.0178608
23932,0.03291245
23933,0.039651792
23934,0.034385957
23935,0.020645635
23936,0.006610726
23937,6.7500005e-05
23938,0.0041850703
23939,0.016069962
23940,0.028664906
23941,0.034770727
23942,0.030976532
23943,0.019490505
23944,0.006820181
23945,0.00017601483
23946,0.00075000006
23947,0.0107541345
23948,0.026940035
23949,0.038736135
23950,0.038210906
23951,0.025754703
23952,0.009708004
23953,0.00042563336
23954,0.0035497816
23955,0.016614534
23956,0.03114815
23957,0.0382347
23958,0.03380163
23959,0.02080333
23960,0.006941337
23961,0.000116033334
23962,0.0038912038
23963,0.015717037
23964,0.028582536
23965,0.035020836
23966,0.031406462
23967,0.019848986
23968,0.006981959
23969,0.00018750002
23970,0.003384948
23971,0.014740833
23972,0.027704537
23973,0.034725346
23974,0.03170917
23975,0.020384135
23976,0.0073424596
23977,0.00023894814
23978,0.0032865335
23979,0.014755615
23980,0.02794818
23981,0.035134815
23982,0.0320787
23983,0.0205932
23984,0.0073842374
23985,0.00023148149
23986,0.003342593
23987,0.014888983
23988,0.028090801
23989,0.035226133
23990,0.0320787
23991,0.020540833
23992,0.007332033
23993,0.00022413337
23994,0.0033637371
23995,0.014903837
23996,0.028090801
23997,0.03518046
23998,0.032035116
23999,0.02050596
24000,0.0073216152
24001,0.00022413337
24002,0.0033566817
24003,0.014888983
24004,0.028050017
24005,0.03515764
24006,0.032035116
24007,0.02050596
24008,0.007332033
24009,0.00022413337
24010,0.0033496334
24011,0.014874134
24012,0.028050017
24013,0.03515764
24014,0.032035116
24015,0.02050596
24016,0.007332033
24017,0.00022595927
24018,0.0033496334
24019,0.014888983
24020,0.028070405
24021,0.03515764
24022,0.032035116
24023,0.02050596
24024,0.007332033
24025,0.00017763334
24026,0.0044327257
24027,0.01271707
24028,0.021600837
24029,0.026940035
24030,0.025657127
24031,0.017828282
24032,0.0073737823
24033,0.0005292
24034,0.0021336332
24035,0.012281634
24036,0.02559867
24037,0.034250673
24038,0.03284624
24039,0.022032302
24040,1.8670371e-05
24041,0.00023520003
24042,0.0015552
24043,0.0050095157
24044,0.011148983
24045,0.01831917
24046,0.022413334
24047,0.019694949
24048,0.010880726
24049,0.0020336334
24050,0.00076675933
24051,0.010107794
24052,0.025326762
24053,0.036820035
24054,0.03686676
24055,0.025346134
24056,0.009852448
24057,0.0005208334
24058,0.0032378708
24059,0.016039116
24060,0.030698674
24061,0.03818712
24062,0.03409317
24063,0.021173634
24064,0.007155926
24065,0.00013653334
24066,0.0038457816
24067,0.015762849
24068,0.028768033
24069,0.0352947
24070,0.031622536
24071,0.019952003
24072,0.006981959
24073,0.00018253335
24074,0.0034275707
24075,0.014829634
24076,0.027785635
24077,0.034770727
24078,0.03170917
24079,0.02034939
24080,0.0073112035
24081,0.00023333704
24082,0.0032935147
24083,0.014755615
24084,0.027927836
24085,0.035112005
24086,0.032056905
24087,0.020575738
24088,0.0073737823
24089,0.00023148149
24090,0.0033355595
24091,0.014874134
24092,0.028090801
24093,0.035226133
24094,0.0320787
24095,0.020540833
24096,0.0073424596
24097,0.00022413337
24098,0.0033566817
24099,0.014903837
24100,0.028090801
24101,0.03518046
24102,0.032035116
24103,0.02050596
24104,0.0073216152
24105,0.00022413337
24106,0.0033566817
24107,0.014888983
24108,0.028050017
24109,0.03515764
24110,0.032035116
24111,0.02050596
24112,0.007332033
24113,0.00022413337
24114,0.0033496334
24115,0.014874134
24116,0.028050017
24117,0.03515764
24118,0.032035116
24119,0.02050596
24120,0.007332033
24121,0.00022595927
24122,0.0033496334
24123,0.014888983
24124,0.028050017
24125,0.03515764
24126,0.032035116
24127,0.02050596
24128,0.007332033
24129,0.00022413337
24130,0.0033496334
24131,0.014888983
24132,0.028070405
24133,0.03515764
24134,0.0010208334
24135,0.0062785344
24136,0.0006225926
24137,0.0033566817
24138,0.0028681483
24139,0.00011084815
24140,0.0032795595
24141,0.016100835
24142,0.030613428
24143,0.03409317
24144,0.022650847
24145,0.0062881815
24146,0.0001648926
24147,0.011072003
24148,0.03157926
24149,0.046623353
24150,0.045500092
24151,0.029620681
24152,0.0103788
24153,0.00027401483
24154,0.0046625338
24155,0.019219572
24156,0.033936035
24157,0.039773077
24158,0.033712182
24159,0.019831836
24160,0.0061442372
24161,3.778148e-05
24162,0.004288059
24163,0.015962133
24164,0.028233781
24165,0.034205634
24166,0.030528301
24167,0.019287128
24168,0.0068000923
24169,0.00018917037
24170,0.0032865335
24171,0.014432134
24172,0.027300837
24173,0.03443112
24174,0.031622536
24175,0.020453705
24176,0.0074366266
24177,0.0002600926
24178,0.0032240332
24179,0.014681783
24180,0.02794818
24181,0.035226133
24182,0.032209635
24183,0.020680629
24184,0.007415649
24185,0.00023520003
24186,0.0033496334
24187,0.014918702
24188,0.028152036
24189,0.03527184
24190,0.032122318
24191,0.020540833
24192,0.0073216152
24193,0.00022231482
24194,0.0033708
24195,0.014918702
24196,0.028090801
24197,0.03518046
24198,0.03201333
24199,0.020488536
24200,0.0073216152
24201,0.00022413337
24202,0.0033566817
24203,0.014874134
24204,0.028050017
24205,0.03515764
24206,0.032035116
24207,0.02050596
24208,0.007332033
24209,0.00022595927
24210,0.0033496334
24211,0.014874134
24212,0.028050017
24213,0.03515764
24214,0.032035116
24215,0.02050596
24216,0.007332033
24217,0.00022595927
24218,0.0033496334
24219,0.014888983
24220,0.028070405
24221,0.03515764
24222,0.032035116
24223,0.02050596
24224,0.007332033
24225,0.00022413337
24226,0.0033566817
24227,0.014888983
24228,0.028070405
24229,0.03515764
24230,0.032035116
24231,0.02050596
24232,0.007332033
24233,0.00022413337
24234,0.0033566817
24235,0.014888983
24236,0.028070405
24237,0.03515764
24238,0.032035116
24239,0.02050596
24240,0.007332033
24241,0.00022413337
24242,0.0033496334
24243,0.014888983
24244,0.028070405
24245,0.03515764
24246,0.032035116
24247,0.02050596
24248,9.25926e-06
24249,0.00032890373
24250,0.0018200038
24251,0.0053778705
24252,0.011433516
24253,0.0183027
24254,0.022086535
24255,0.019253334
24256,0.010565634
24257,0.0019413929
24258,0.00078370364
24259,0.0100467
24260,0.025094848
24261,0.036493782
24262,0.036610138
24263,0.025229998
24264,0.009852448
24265,0.0005348148
24266,0.003196448
24267,0.015946759
24268,0.030613428
24269,0.0017327999
24270,0.013539792
24271,0.026920063
24272,0.02746196
24273,0.013939259
24274,0.0010880148
24275,0.0045141336
24276,0.024634227
24277,0.0460992
24278,0.05186135
24279,0.037878532
24280,0.015398227
24281,0.001028626
24282,0.003914015
24283,0.02024535
24284,0.03768926
24285,0.044647347
24286,0.037476897
24287,0.021422315
24288,0.0062208
24289,6.2259264e-06
24290,0.0050786706
24291,0.017456448
24292,0.029641632
24293,0.034793425
24294,0.030231293
24295,0.018583706
24296,0.0063074995
24297,0.00012403334
24298,0.0034632927
24299,0.014476032
24300,0.027000003
24301,0.0338688
24302,0.031083738
24303,0.020141572
24304,0.007363334
24305,0.00026601483
24306,0.0031484596
24307,0.014490683
24308,0.027724799
24309,0.035066403
24310,0.032187797
24311,0.020750703
24312,0.007489201
24313,0.00024653334
24314,0.003314504
24315,0.0014375147
24316,0.016271172
24317,0.037571207
24318,0.0482403
24319,0.039554905
24320,0.018700033
24321,0.0022707
24322,0.0024300003
24323,0.018138405
24324,0.03731214
24325,0.046597067
24326,0.040431175
24327,0.023725783
24328,0.0071250712
24329,2.2533332e-05
24330,0.0052184043
24331,0.01831917
24332,0.031040832
24333,0.036099575
24334,0.030933706
24335,0.01866676
24336,0.0061251707
24337,8.4448155e-05
24338,0.0036963
24339,0.014829634
24340,0.02720037
24341,0.03380163
24342,0.030805392
24343,0.019848986
24344,0.0072075003
24345,0.00024844817
24346,0.0031621335
24347,0.014417515
24348,0.027542701
24349,0.0016133332
24350,0.012937633
24351,0.02600926
24352,0.02678045
24353,0.013710283
24354,0.0011041333
24355,0.0043681334
24356,0.024177868
24357,0.045552038
24358,0.05150164
24359,0.037807498
24360,0.015488981
24361,0.0010720148
24362,0.0038231702
24363,0.02008978
24364,0.037571207
24365,0.04467307
24366,0.037594803
24367,0.02152934
24368,0.0062785344
24369,7.5e-06
24370,0.0009185334
24371,0.012187392
24372,0.029516036
24373,0.04121813
24374,0.03950651
24375,0.025754703
24376,0.009199171
24377,0.0002841815
24378,0.003998226
24379,0.017264005
24380,0.031449612
24381,0.037949633
24382,0.03317796
24383,0.020228036
24384,0.006670237
24385,9.840371e-05
24386,0.0038988001
24387,0.015564815
24388,0.028254237
24389,0.03468
24390,0.031191127
24391,0.019780448
24392,0.007002315
24393,0.00019934814
24394,0.0033285336
24395,0.014637571
24396,0.02762356
24397,0.034725346
24398,0.031774223
24399,0.020453705
24400,0.0073842374
24401,0.00024462593
24402,0.0007600333
24403,0.0109443
24404,0.0273612
24405,0.039192628
24406,0.03849695
24407,0.025813332
24408,0.009648133
24409,0.00019763334
24410,0.0050440338
24411,0.014112239
24412,0.023240834
24413,0.028090801
24414,0.025950404
24415,0.017456448
24416,0.006900834
24417,0.00039603334
24418,0.0023585334
24419,0.012539258
24420,0.02555974
24421,0.033846408
24422,0.032275204
24423,0.021618728
24424,0.008233634
24425,0.00038640367
24426,0.0030200335
24427,0.014711292
24428,0.0018356149
24429,0.017488627
24430,0.037712894
24431,0.043751743
24432,0.029578803
24433,0.008478405
24434,0.000112133326
24435,0.012498405
24436,0.035868682
24437,0.052027795
24438,0.04942374
24439,0.030997962
24440,0.010132282
24441,0.00013653334
24442,0.0055669486
24443,0.0018512926
24444,0.0195075
24445,0.04316814
24446,0.053368952
24447,0.041962802
24448,0.018716682
24449,0.0018512926
24450,0.0011000925
24451,0.015885336
24452,0.037218153
24453,0.049396683
24454,0.044441838
24455,0.026720727
24456,0.0082668
24457,4.9837035e-05
24458,0.0054675005
24459,0.019490505
24460,0.032868303
24461,0.037712894
24462,0.031752534
24463,0.018716682
24464,0.0058800005
24465,4.4814817e-05
24466,0.004005926
24467,0.0152625935
24468,0.02740148
24469,0.033645168
24470,0.030422058
24471,0.019490505
24472,0.0070227003
24473,0.00022963336
24474,0.0031689818
24475,0.014329959
24476,0.02734107
24477,0.034634683
24478,0.031882804
24479,0.020645635
24480,0.007510282
24481,0.00026205927
24482,0.0032448003
24483,0.0147704035
24484,0.028070405
24485,0.03531757
24486,0.0010325334
24487,0.0063365335
24488,0.0112004485
24489,0.009001782
24490,0.0020556482
24491,0.0009408001
24492,0.0125801815
24493,0.031169636
24494,0.0424128
24495,0.036843393
24496,0.018816726
24497,0.0028812
24498,0.0016477371
24499,0.015992904
24500,0.035248984
24501,0.045864303
24502,0.04114404
24503,0.024940833
24504,0.007905634
24505,6.951483e-05
24506,0.004957959
24507,0.018335648
24508,0.03157926
24509,0.036960304
24510,0.0316875
24511,0.019068003
24512,0.0062016146
24513,7.680001e-05
24514,0.0038231702
24515,0.015112595
24516,0.027522506
24517,0.0339809
24518,0.030805392
24519,0.019746227
24520,0.0071147997
24521,0.00023148149
24522,0.0032033334
24523,0.01444676
24524,0.027522506
24525,0.034770727
24526,0.031948037
24527,0.02062815
24528,0.0074681477
24529,0.0002523
24530,0.0007600333
24531,0.010982534
24532,0.027441796
24533,0.03926495
24534,0.03854473
24535,0.025832895
24536,0.009636182
24537,0.0003984593
24538,0.0036373371
24539,0.016756035
24540,0.031234136
24541,0.038210906
24542,0.033712182
24543,0.020680629
24544,0.0068806265
24545,0.00011084815
24546,0.0038988001
24547,0.015701784
24548,0.028520834
24549,0.034952536
24550,0.031363335
24551,0.019831836
24552,0.006981959
24553,0.00018917037
24554,0.0007566815
24555,0.010842672
24556,0.027120132
24557,0.038928017
24558,0.03832996
24559,0.025774239
24560,0.009672059
24561,0.00041564813
24562,0.0035788487
24563,0.016661635
24564,0.031169636
24565,0.038210906
24566,0.033756893
24567,0.020768238
24568,0.006921071
24569,0.00011472593
24570,0.0038988001
24571,0.015717037
24572,0.028561959
24573,0.034998063
24574,0.031406462
24575,0.019848986
24576,0.006981959
24577,0.00018917037
24578,0.003384948
24579,0.014740833
24580,0.027684284
24581,0.034725346
24582,0.03173085
24583,0.020401513
24584,0.0073424596
24585,0.00023894814
24586,0.0032865335
24587,0.014755615
24588,0.02794818
24589,0.035134815
24590,0.032100506
24591,0.0205932
24592,0.0073842374
24593,0.00023148149
24594,0.003342593
24595,0.014888983
24596,0.028090801
24597,0.035226133
24598,0.0320787
24599,0.020540833
24600,0.007332033
24601,0.00022413337
24602,0.0033637371
24603,0.014903837
24604,0.028090801
24605,0.03518046
24606,0.032035116
24607,0.02050596
24608,0.0073216152
24609,0.00022413337
24610,0.0033566817
24611,0.014888983
24612,0.028050017
24613,0.03515764
24614,0.032035116
24615,0.02050596
24616,0.007332033
24617,0.00022413337
24618,0.0033496334
24619,0.014874134
24620,0.028050017
24621,0.03515764
24622,0.032035116
24623,0.02050596
24624,9.25926e-06
24625,7.053334e-05
24626,0.0013872002
24627,0.0053155697
24628,0.012214281
24629,0.019883294
24630,0.023800833
24631,0.020384135
24632,0.010880726
24633,3.8533333e-05
24634,0.0023881816
24635,0.008456005
24636,0.0168507
24637,0.02397013
24638,0.025540285
24639,0.019643737
24640,0.009234225
24641,0.0010920333
24642,0.0015408334
24643,0.011734815
24644,0.02614685
24645,0.03593787
24646,0.03481614
24647,0.023389515
24648,0.008863737
24649,0.00040578152
24650,0.0032448003
24651,0.015519292
24652,0.029620681
24653,0.037007116
24654,0.03333334
24655,0.020961635
24656,0.0072488924
24657,0.00017120372
24658,0.0036520334
24659,0.015428449
24660,0.028520834
24661,0.03527184
24662,0.031817637
24663,0.020176135
24664,0.0071147997
24665,0.00019763334
24666,0.0034062262
24667,0.0148592945
24668,0.02788717
24669,0.034929782
24670,0.0010169483
24671,0.0062592602
24672,0.011072003
24673,0.008909633
24674,0.0020336334
24675,0.0009408001
24676,0.012539258
24677,0.0022881336
24678,0.021315558
24679,0.041366532
24680,0.04045565
24681,0.019609634
24682,0.0014467594
24683,0.0059080343
24684,0.030741341
24685,0.054983735
24686,0.058992893
24687,0.040676285
24688,0.0150677385
24689,0.0006045037
24690,0.0052889823
24691,0.022963336
24692,0.03999184
24693,0.0018565333
24694,0.013511483
24695,0.026482506
24696,0.026840236
24697,0.013525635
24698,0.0010130705
24699,0.0045551155
24700,0.024519736
24701,0.045734063
24702,0.051418804
24703,0.037571207
24704,0.015292681
24705,0.001028626
24706,0.0038684597
24707,0.020107038
24708,0.037500463
24709,0.04451885
24710,0.037429783
24711,0.021457959
24712,0.0062592602
24713,7.5e-06
24714,0.005052681
24715,0.0174243
24716,0.029641632
24717,0.03481614
24718,0.030273639
24719,0.018616905
24720,0.006317171
24721,0.00012403334
24722,0.0034632927
24723,0.014490683
24724,0.027020006
24725,0.0338912
24726,0.031105202
24727,0.020141572
24728,0.007363334
24729,0.00026403333
24730,0.0031552927
24731,0.014490683
24732,0.027724799
24733,0.035066403
24734,0.032187797
24735,0.02073317
24736,0.0074786707
24737,0.00024653334
24738,0.003314504
24739,0.014888983
24740,0.028172458
24741,0.03534045
24742,0.032187797
24743,0.0205932
24744,0.0073424596
24745,0.00017925927
24746,0.0044570705
24747,0.012758281
24748,0.021654533
24749,0.026960015
24750,0.025657127
24751,0.017812034
24752,0.007363334
24753,0.0005236149
24754,0.002144893
24755,0.012281634
24756,0.02559867
24757,0.034250673
24758,0.0011163
24759,0.0070329043
24760,0.012362699
24761,0.009900834
24762,0.0023056336
24763,0.0009148482
24764,0.012923794
24765,0.0320787
24766,0.043497518
24767,0.037594803
24768,0.019051202
24769,0.002855126
24770,0.0017378703
24771,0.016348893
24772,0.0357075
24773,0.046177633
24774,0.04121813
24775,0.024825636
24776,0.0077870376
24777,5.8800008e-05
24778,0.0050267596
24779,0.018385127
24780,0.03155764
24781,0.036843393
24782,0.03155764
24783,0.01898406
24784,0.006172893
24785,7.5737036e-05
24786,0.0038081335
24787,0.015082683
24788,0.02746196
24789,0.033936035
24790,0.030784033
24791,0.019746227
24792,0.0071250712
24793,0.00023333704
24794,0.003196448
24795,0.01444676
24796,0.027522506
24797,0.034793425
24798,0.001028626
24799,0.0063753487
24800,0.011264949
24801,0.0090596145
24802,0.0020722374
24803,0.0009370704
24804,0.012593838
24805,0.0022997928
24806,0.021404507
24807,0.0415152
24808,0.040578146
24809,0.019660803
24810,0.0014467594
24811,0.00592676
24812,0.030805392
24813,0.055069394
24814,0.059052035
24815,0.040700838
24816,0.015052802
24817,0.00059853337
24818,0.005297837
24819,0.022981783
24820,0.03999184
24821,0.04526673
24822,0.036540303
24823,0.020055294
24824,0.0054315585
24825,2.314815e-06
24826,0.0053511267
24827,0.017376136
24828,0.02897485
24829,0.03380163
24830,0.0293907
24831,0.018171204
24832,0.0062400145
24833,0.00013653334
24834,0.0033215152
24835,0.0141556505
24836,0.02666107
24837,0.033689838
24838,0.031105202
24839,0.02028
24840,0.007489201
24841,0.00028623705
24842,0.0031076148
24843,0.0144613935
24844,0.027765349
24845,0.03518046
24846,0.03231895
24847,0.020820895
24848,0.007510282
24849,0.00024653334
24850,0.0033285336
24851,0.01493357
24852,0.028233781
24853,0.035386227
24854,0.032209635
24855,0.020575738
24856,0.007332033
24857,0.0002187
24858,0.003384948
24859,0.014948449
24860,0.028131617
24861,0.03518046
24862,0.03201333
24863,0.020471115
24864,0.0073008006
24865,0.00022050373
24866,0.0033637371
24867,0.014888983
24868,0.028050017
24869,0.035134815
24870,0.03201333
24871,0.00035822592
24872,0.0010960593
24873,0.0011531999
24874,0.0001323
24875,0.0011163
24876,0.008068801
24877,0.019900458
24878,0.029078534
24879,0.02788717
24880,0.01630224
24881,0.0034848147
24882,0.0006317371
24883,0.011590227
24884,0.029516036
24885,0.042062595
24886,0.04074996
24887,0.026740627
24888,0.009600371
24889,0.00030720004
24890,0.004067793
24891,0.017633792
24892,0.032035116
24893,0.038473073
24894,0.03344454
24895,0.02024535
24896,0.0065909484
24897,8.333335e-05
24898,0.003998226
24899,0.015701784
24900,0.0017429481
24901,0.016489258
24902,0.035822593
24903,0.041962802
24904,0.028706132
24905,0.008400134
24906,8.557037e-05
24907,0.01198667
24908,0.034952536
24909,0.05119824
24910,0.049072597
24911,0.031083738
24912,0.0103292605
24913,0.00016803335
24914,0.0053957365
24915,0.020610668
24916,0.03515764
24917,0.0401868
24918,0.03333334
24919,0.019168982
24920,0.005731615
24921,0.00024272593
24922,0.0050960337
24923,0.013953634
24924,0.022871207
24925,0.027643792
24926,0.02561815
24927,0.017328035
24928,0.006921071
24929,0.0004181333
24930,0.0022939595
24931,0.012403334
24932,0.025423706
24933,0.03380163
24934,0.032340836
24935,0.0217083
24936,0.008300033
24937,0.0003984593
24938,0.0030066706
24939,0.0014606816
24940,0.016630227
24941,0.038282316
24942,0.048964806
24943,0.03994317
24944,0.018766671
24945,0.0022245373
24946,0.002514726
24947,0.018385127
24948,0.037571207
24949,0.046728536
24950,0.040406704
24951,0.023613425
24952,0.0070431144
24953,1.8670371e-05
24954,0.0052624596
24955,0.018335648
24956,0.030997962
24957,0.03600713
24958,0.030848134
24959,0.018616905
24960,0.0061156475
24961,8.4448155e-05
24962,0.0036889038
24963,0.014800004
24964,0.02716024
24965,0.03377926
24966,0.030805392
24967,0.019866135
24968,0.0072178366
24969,0.0002503704
24970,0.0031552927
24971,0.014417515
24972,0.027542701
24973,0.0348843
24974,0.032056905
24975,0.020698136
24976,1.08e-05
24977,0.00030720004
24978,0.0017633336
24979,0.005297837
24980,0.011368534
24981,0.0183027
24982,0.022140836
24983,0.019354803
24984,0.0106408335
24985,0.001962904
24986,0.0007803
24987,0.010058904
24988,0.025152726
24989,0.03656357
24990,0.03668003
24991,0.025268683
24992,0.009864533
24993,0.0005320037
24994,0.0032033334
24995,0.015962133
24996,0.030634727
24997,0.03813956
24998,0.03411565
24999,0.021209074
25000,0.0071868487
25001,0.0001393926
25002,0.0038382371
25003,0.015762849
25004,0.02878868
25005,0.0015841334
25006,0.012566533
25007,0.02530739
25008,0.026127174
25009,0.013426727
25010,0.0010840038
25011,0.004296033
25012,0.023876004
25013,0.04508564
25014,0.05111565
25015,0.037642013
25016,0.015504135
25017,0.0011000925
25018,0.003755737
25019,0.019952003
25020,0.03745333
25021,0.044621635
25022,0.037642013
25023,0.021600837
25024,0.0063268477
25025,8.533334e-06
25026,0.005052681
25027,0.017488627
25028,0.02972552
25029,0.034907043
25030,0.030316005
25031,0.018633515
25032,0.0063074995
25033,0.000121337056
25034,0.0034776332
25035,0.01452
25036,0.027040016
25037,0.0338912
25038,0.031083738
25039,0.020124301
25040,0.0073528923
25041,0.00026403333
25042,0.0031552927
25043,0.0014099594
25044,0.016069962
25045,0.037218153
25046,0.047920033
25047,0.03938563
25048,0.018700033
25049,0.0022997928
25050,0.0023822372
25051,0.018023837
25052,0.03719467
25053,0.046544537
25054,0.040480133
25055,0.023782061
25056,0.0071662264
25057,2.43e-05
25058,0.0052008326
25059,0.01831917
25060,0.031062286
25061,0.03614584
25062,0.030976532
25063,0.018700033
25064,0.006134701
25065,8.4448155e-05
25066,0.0037037039
25067,0.01484446
25068,0.027220452
25069,0.03380163
25070,0.030805392
25071,0.019848986
25072,0.0072075003
25073,0.00024653334
25074,0.0031621335
25075,0.014417515
25076,0.027542701
25077,0.034861572
25078,0.032035116
25079,0.020698136
25080,0.007489201
25081,0.0002523
25082,0.0032795595
25083,0.014829634
25084,0.0281112
25085,0.03531757
25086,0.032209635
25087,0.02062815
25088,0.007363334
25089,0.00022595927
25090,0.0033708
25091,0.014948449
25092,0.028131617
25093,0.035226133
25094,0.032056905
25095,0.020488536
25096,0.0073112035
25097,0.00022050373
25098,0.0033637371
25099,0.014903837
25100,0.028070405
25101,0.03515764
25102,0.03201333
25103,0.020488536
25104,0.0073216152
25105,0.00022413337
25106,0.0033496334
25107,0.014874134
25108,0.028050017
25109,0.03515764
25110,0.032035116
25111,0.02050596
25112,0.007332033
25113,0.00022595927
25114,0.0033496334
25115,0.014874134
25116,0.028050017
25117,0.03515764
25118,0.032035116
25119,0.02050596
25120,0.007332033
25121,0.00022595927
25122,0.0033496334
25123,0.014888983
25124,0.028070405
25125,0.03515764
25126,0.032035116
25127,0.02050596
25128,0.007332033
25129,0.00022413337
25130,0.0033566817
25131,0.014888983
25132,0.028070405
25133,0.03515764
25134,0.032035116
25135,0.02050596
25136,0.007332033
25137,0.00017763334
25138,0.0044327257
25139,0.01271707
25140,0.021582946
25141,0.026940035
25142,0.025657127
25143,0.017828282
25144,0.0073737823
25145,0.0005292
25146,0.0021336332
25147,0.012281634
25148,0.02559867
25149,0.034250673
25150,0.03284624
25151,0.022032302
25152,0.008411292
25153,0.0003984593
25154,0.0030603004
25155,0.014874134
25156,0.028726762
25157,0.036308005
25158,0.03308934
25159,0.021085173
25160,0.0074471254
25161,0.0002097926
25162,0.0035064039
25163,0.0014560336
25164,0.016380034
25165,0.037736535
25166,0.048374064
25167,0.039603338
25168,0.018683393
25169,0.0022533333
25170,0.0024480335
25171,0.018187616
25172,0.03735917
25173,0.046597067
25174,0.040406704
25175,0.023688298
25176,0.007104538
25177,2.195926e-05
25178,0.0052271998
25179,0.01831917
25180,0.031019393
25181,0.03607645
25182,0.030912302
25183,0.01866676
25184,0.0061251707
25185,8.4448155e-05
25186,0.0036963
25187,0.014829634
25188,0.02720037
25189,0.03380163
25190,0.030805392
25191,0.019866135
25192,0.0072178366
25193,0.00024844817
25194,0.0031621335
25195,0.014417515
25196,0.027542701
25197,0.0348843
25198,0.032056905
25199,0.020698136
25200,0.007499737
25201,0.0002523
25202,0.0032865335
25203,0.014829634
25204,0.028131617
25205,0.03531757
25206,0.032209635
25207,0.02062815
25208,0.007363334
25209,0.00022413337
25210,0.0033708
25211,0.014948449
25212,0.028131617
25213,0.035226133
25214,0.032056905
25215,0.020488536
25216,0.0073112035
25217,0.00017925927
25218,0.004440834
25219,0.012730801
25220,0.021600837
25221,0.026940035
25222,0.025657127
25223,0.017812034
25224,0.0073737823
25225,0.0005264037
25226,0.0021392591
25227,0.012281634
25228,0.02559867
25229,0.034250673
25230,0.03284624
25231,0.022032302
25232,0.008400134
25233,0.0003984593
25234,0.0030603004
25235,0.014874134
25236,0.028726762
25237,0.036308005
25238,0.03308934
25239,0.021085173
25240,0.0074471254
25241,0.0002097926
25242,0.0035064039
25243,0.0152625935
25244,0.028500285
25245,0.035432037
25246,0.032056905
25247,0.020366762
25248,0.00719717
25249,0.00020280002
25250,0.0034133336
25251,0.01493357
25252,0.02800926
25253,0.035043616
25254,0.031882804
25255,0.020418903
25256,0.0073008006
25257,0.00022413337
25258,0.0033355595
25259,0.014829634
25260,0.027988894
25261,0.035112005
25262,0.03201333
25263,0.020523394
25264,0.0073424596
25265,0.0002277926
25266,0.003342593
25267,0.014874134
25268,0.0017786999
25269,0.016977338
25270,0.0024661333
25271,0.020038063
25272,0.034003336
25273,0.026740627
25274,0.007415649
25275,0.0005547001
25276,0.017844537
25277,0.045786135
25278,0.06000232
25279,0.04874957
25280,0.022395113
25281,0.0024721816
25282,0.0031689818
25283,0.021547202
25284,0.042312592
25285,0.0506489
25286,0.042037632
25287,0.00028829998
25288,0.00051253336
25289,0.0003984593
25290,1.4814816e-06
25291,0.00032890373
25292,0.0063074995
25293,0.018917039
25294,0.030062228
25295,0.030273639
25296,0.018467737
25297,0.0043360153
25298,0.00046151484
25299,0.011564034
25300,0.030422058
25301,0.043751743
25302,0.042362686
25303,0.027643792
25304,0.009804182
25305,0.0002841815
25306,0.004304015
25307,0.018204033
25308,0.032670002
25309,0.038856003
25310,0.0334668
25311,0.00030507034
25312,0.0007803
25313,0.00075333705
25314,3.3425924e-05
25315,0.0013556482
25316,0.008167501
25317,0.019388681
25318,0.028029634
25319,0.026820298
25320,0.015701784
25321,0.0033708
25322,0.00061653333
25323,0.011316682
25324,0.028933425
25325,0.041465614
25326,0.040382236
25327,0.026680948
25328,0.009696014
25329,0.00033555928
25330,0.0039598374
25331,0.017456448
25332,0.03192628
25333,0.03849695
25334,0.03357823
25335,0.020366762
25336,0.00665037
25337,8.670001e-05
25338,0.0039905333
25339,0.0157323
25340,0.028377127
25341,0.034702674
25342,0.03112667
25343,0.019694949
25344,0.006941337
25345,0.00019253335
25346,0.00075000006
25347,0.010792035
25348,0.027020006
25349,0.038808037
25350,0.038258504
25351,0.025774239
25352,0.009696014
25353,0.00042312598
25354,0.003557037
25355,0.016630227
25356,0.031169636
25357,0.0382347
25358,0.03380163
25359,0.020785782
25360,0.0069311997
25361,0.00011472593
25362,0.0038988001
25363,0.015717037
25364,0.028561959
25365,0.035020836
25366,0.031406462
25367,0.019848986
25368,0.006981959
25369,0.00018750002
25370,0.003384948
25371,0.014740833
25372,0.027704537
25373,0.034725346
25374,0.03173085
25375,0.020384135
25376,0.0073424596
25377,0.00023894814
25378,0.0032865335
25379,0.014755615
25380,0.02794818
25381,0.035134815
25382,0.032100506
25383,0.0205932
25384,0.0073842374
25385,0.00023148149
25386,0.003342593
25387,0.014888983
25388,0.028090801
25389,0.035226133
25390,0.0320787
25391,0.0003605333
25392,0.0010960593
25393,0.0011531999
25394,0.00013090372
25395,0.0011203705
25396,0.008068801
25397,0.019900458
25398,0.029078534
25399,0.02788717
25400,0.01630224
25401,0.0034848147
25402,0.0006317371
25403,0.011590227
25404,0.029516036
25405,0.042062595
25406,0.04074996
25407,0.026740627
25408,0.009600371
25409,0.00030720004
25410,0.004067793
25411,0.017633792
25412,0.032035116
25413,0.038473073
25414,0.03344454
25415,0.02024535
25416,0.0065909484
25417,8.333335e-05
25418,0.003998226
25419,0.015701784
25420,0.0017429481
25421,0.016489258
25422,0.035822593
25423,0.041962802
25424,0.028706132
25425,0.008400134
25426,8.557037e-05
25427,0.01198667
25428,0.034952536
25429,0.05119824
25430,0.049072597
25431,0.031083738
25432,0.0103292605
25433,0.00016803335
25434,0.0053957365
25435,0.020610668
25436,0.03515764
25437,0.0401868
25438,0.03333334
25439,0.019168982
25440,0.005731615
25441,1.564815e-05
25442,0.0044327257
25443,0.015962133
25444,0.0016875002
25445,0.015931392
25446,0.03481614
25447,0.040996037
25448,0.028233781
25449,0.008355571
25450,7.25926e-05
25451,0.01170846
25452,0.034453705
25453,0.050758533
25454,0.048884038
25455,0.03112667
25456,0.010440893
25457,0.00018583704
25458,0.0053067002
25459,0.02050596
25460,0.035134815
25461,0.040260036
25462,0.0334668
25463,0.019270224
25464,0.005768533
25465,1.6625927e-05
25466,0.004440834
25467,0.015992904
25468,0.02800926
25469,0.03377926
25470,0.030104447
25471,0.019051202
25472,0.0067500006
25473,0.00019253335
25474,0.0032309485
25475,0.014286281
25476,0.027120132
25477,0.034318287
25478,0.031600893
25479,0.02050596
25480,0.007489201
25481,0.00027000002
25482,0.003196448
25483,0.014652302
25484,0.02794818
25485,0.03527184
25486,0.032253336
25487,0.020715648
25488,0.0074366266
25489,0.00017763334
25490,0.004448949
25491,0.0127445385
25492,0.021636626
25493,0.026960015
25494,0.025676623
25495,0.017812034
25496,0.007363334
25497,0.00010453333
25498,0.0033005036
25499,0.010316893
25500,0.01888357
25501,0.02517203
25502,0.025462536
25503,0.018716682
25504,0.008333335
25505,0.00081120007
25506,0.0017889815
25507,0.011933426
25508,0.025832895
25509,0.035112005
25510,0.0338912
25511,0.022779258
25512,0.00867
25513,0.00040578152
25514,0.0031484596
25515,0.015217516
25516,0.029224005
25517,0.036703352
25518,0.033244506
25519,0.021032182
25520,0.0073424596
25521,0.00018750002
25522,0.003586134
25523,0.015368034
25524,0.028520834
25525,0.035363335
25526,0.03192628
25527,0.02026267
25528,0.007155926
25529,0.00019934814
25530,0.0034133336
25531,0.014888983
25532,0.02794818
25533,0.03497529
25534,0.031861074
25535,0.020401513
25536,0.0073112035
25537,0.00017601483
25538,0.004408448
25539,0.012648534
25540,0.02152934
25541,0.026880134
25542,0.025657127
25543,0.017844537
25544,0.007394701
25545,0.0005348148
25546,0.0021280148
25547,0.012268149
25548,0.0017378703
25549,0.017088534
25550,0.037171204
25551,0.043370686
25552,0.0005320037
25553,0.0008604593
25554,0.00015413333
25555,0.0008077371
25556,0.006900834
25557,0.0014237036
25558,0.014726061
25559,0.030464534
25560,0.031492803
25561,0.016209127
25562,0.0014145334
25563,0.0045633335
25564,0.025950404
25565,0.048668988
25566,0.0544428
25567,0.039313197
25568,0.015671294
25569,0.0009520334
25570,0.0042562373
25571,0.021120531
25572,0.038640372
25573,0.045163207
25574,0.03745333
25575,0.021120531
25576,0.005983115
25577,1.0703704e-06
25578,0.0052184043
25579,0.01753695
25580,0.02953695
25581,0.034544133
25582,0.029956805
25583,0.018418148
25584,0.0062496336
25585,0.00012403334
25586,0.0034275707
25587,0.0143883005
25588,0.026880134
25589,0.03377926
25590,0.031062286
25591,0.0003651704
25592,0.0011531999
25593,0.0012373483
25594,0.00015870002
25595,0.0010720148
25596,0.008036033
25597,0.019969199
25598,0.029265637
25599,0.00092222594
25600,0.0046625338
25601,0.0059925327
25602,0.0023703706
25603,0.00014228148
25604,0.007563115
25605,0.023594726
25606,0.036656726
25607,0.03547787
25608,0.020488536
25609,3.484815e-05
25610,0.0030133482
25611,0.010230534
25612,0.019270224
25613,0.025950404
25614,0.026245346
25615,0.019219572
25616,0.008478405
25617,0.0007939593
25618,0.0018723003
25619,0.012214281
25620,0.026205927
25621,0.035386227
25622,0.033936035
25623,0.022687502
25624,0.0085570365
25625,0.0003792593
25626,0.0032033334
25627,0.0152625935
25628,0.029203203
25629,0.036610138
25630,0.033133633
25631,0.020944018
25632,0.0073112035
25633,0.00019084814
25634,0.0006440333
25635,0.008647349
25636,0.02243156
25637,0.033756893
25638,0.035066403
25639,0.025114138
25640,0.010391204
25641,0.0007466704
25642,0.0027328925
25643,0.0151875
25644,0.030210137
25645,0.038377635
25646,0.03481614
25647,0.021888005
25648,0.0075208335
25649,0.00016803335
25650,0.0038231702
25651,0.015931392
25652,0.029161615
25653,0.035730503
25654,0.031948037
25655,0.020055294
25656,0.006961634
25657,0.00016961481
25658,0.0034992
25659,0.0149633335
25660,0.0017582261
25661,0.016740281
25662,0.0363312
25663,0.04246295
25664,0.028954137
25665,0.008433634
25666,9.12926e-05
25667,0.012120301
25668,0.035203293
25669,0.0026382816
25670,0.020418903
25671,0.0022939595
25672,0.0155952005
25673,0.02194206
25674,0.012053393
25675,0.00056333333
25676,0.006660301
25677,0.030104447
25678,0.050785966
25679,0.04985763
25680,0.028438672
25681,5.244815e-05
25682,0.004021348
25683,0.012730801
25684,0.0223587
25685,0.028192896
25686,0.026840236
25687,0.018484281
25688,0.007510282
25689,0.00049613335
25690,0.0022939595
25691,0.01271707
25692,0.0261075
25693,0.034566764
25694,0.03284624
25695,0.021852003
25696,0.008233634
25697,0.0003605333
25698,0.0031280038
25699,0.01493357
25700,0.028685516
25701,0.03614584
25702,0.03291245
25703,0.020961635
25704,0.0074051702
25705,0.00020803335
25706,0.0034920042
25707,0.0014513928
25708,0.016348893
25709,0.037665635
25710,0.048320536
25711,0.039554905
25712,0.018683393
25713,0.002259115
25714,0.002442015
25715,0.018171204
25716,0.03733565
25717,0.046597067
25718,0.040431175
25719,0.02370704
25720,0.0071147997
25721,2.195926e-05
25722,0.0052184043
25723,0.01831917
25724,0.031019393
25725,0.03607645
25726,0.030933706
25727,0.01866676
25728,0.0061251707
25729,8.4448155e-05
25730,0.0036963
25731,0.014829634
25732,0.02720037
25733,0.03380163
25734,0.030805392
25735,0.019866135
25736,0.0072178366
25737,0.00024844817
25738,0.0031621335
25739,0.014417515
25740,0.027542701
25741,0.0348843
25742,0.032056905
25743,0.020698136
25744,0.007499737
25745,0.0002523
25746,0.0032865335
25747,0.014829634
25748,0.028131617
25749,0.03531757
25750,0.032209635
25751,0.02062815
25752,0.007363334
25753,0.00022413337
25754,0.0033708
25755,0.014948449
25756,0.028131617
25757,0.035226133
25758,0.0010208334
25759,0.0062688924
25760,0.0110848155
25761,0.008921127
25762,0.0020336334
25763,0.0009408001
25764,0.012552894
25765,0.031083738
25766,0.0020336334
25767,0.014373705
25768,0.02423468
25769,0.018950533
25770,0.0049152006
25771,0.00074334815
25772,0.015992904
25773,0.040211204
25774,0.053116184
25775,0.044006698
25776,0.020891206
25777,0.0025699593
25778,0.0025823151
25779,0.019422594
25780,0.039579116
25781,0.04874957
25782,0.041589636
25783,0.023838406
25784,0.0068403
25785,3.7925927e-06
25786,0.0056398376
25787,0.01888357
25788,0.031341784
25789,0.03596095
25790,0.030528301
25791,0.018269781
25792,0.00592676
25793,7.053334e-05
25794,0.003711115
25795,0.014726061
25796,0.026960015
25797,0.033533636
25798,0.030613428
25799,0.019797573
25800,0.0072281817
25801,0.00025813334
25802,0.0031212
25803,0.014344536
25804,0.027482133
25805,0.034861572
25806,0.0320787
25807,0.020750703
25808,0.0075313933
25809,0.00025813334
25810,0.0032725928
25811,0.01484446
25812,0.028152036
25813,0.035363335
25814,0.032253336
25815,0.020645635
25816,0.0073737823
25817,0.00022413337
25818,0.0033778707
25819,0.014948449
25820,0.028152036
25821,0.035226133
25822,0.032056905
25823,0.020488536
25824,0.0073112035
25825,0.00022050373
25826,0.0033637371
25827,0.014903837
25828,0.028050017
25829,0.03515764
25830,0.03201333
25831,0.020488536
25832,0.0073216152
25833,0.00022413337
25834,0.0033496334
25835,0.014874134
25836,0.028050017
25837,0.03515764
25838,0.032035116
25839,0.02050596
25840,0.007332033
25841,0.00022595927
25842,0.0033496334
25843,0.014874134
25844,0.028050017
25845,0.03515764
25846,0.032035116
25847,0.02050596
25848,0.007332033
25849,0.00017763334
25850,0.0044327257
25851,0.01271707
25852,0.021600837
25853,0.026940035
25854,0.025657127
25855,0.017828282
25856,0.0073737823
25857,0.00010453333
25858,0.00048267035
25859,0.0069717923
25860,0.01911846
25861,0.030316005
25862,0.0330672
25863,0.024960058
25864,0.011110459
25865,0.0010840038
25866,0.0021788483
25867,0.014228148
25868,0.02968356
25869,0.038712185
25870,0.0357075
25871,0.022779258
25872,0.007970701
25873,0.00020803335
25874,0.0038006261
25875,0.0161472
25876,0.029641632
25877,0.03628482
25878,0.03231895
25879,0.020176135
25880,0.0069311997
25881,0.00015413333
25882,0.0035934262
25883,0.015127559
25884,0.028029634
25885,0.03481614
25886,0.03157926
25887,0.020158846
25888,8.892593e-06
25889,0.00032450372
25890,0.0018044591
25891,0.0053511267
25892,0.011407499
25893,0.018286237
25894,0.022086535
25895,0.0005720334
25896,0.0028162373
25897,0.003586134
25898,0.0011865038
25899,0.0003792593
25900,0.0075737042
25901,0.021834014
25902,0.033400033
25903,0.032384627
25904,0.01888357
25905,0.004021348
25906,0.0006880038
25907,0.012703349
25908,0.031861074
25909,0.044570222
25910,0.042262536
25911,0.027020006
25912,0.009281071
25913,0.00020803335
25914,0.0045141336
25915,0.01831917
25916,0.032450374
25917,0.038377635
25918,0.032978725
25919,0.019746227
25920,0.0063365335
25921,6.551482e-05
25922,0.0040290705
25923,0.0155952005
25924,0.028050017
25925,0.034295738
25926,0.030826764
25927,0.019575559
25928,0.006951481
25929,0.00020280002
25930,0.0032795595
25931,0.014505339
25932,0.02746196
25933,0.034612034
25934,0.031752534
25935,0.02050596
25936,0.0074366266
25937,0.00017120372
25938,0.004360093
25939,0.012566533
25940,0.021440133
25941,0.026840236
25942,0.025657127
25943,0.01787707
25944,0.0074366266
25945,0.0005432926
25946,0.0021168
25947,0.012268149
25948,0.02561815
25949,0.034318287
25950,0.03291245
25951,0.022086535
25952,0.0084224595
25953,0.0003984593
25954,0.0030603004
25955,0.014903837
25956,0.028768033
25957,0.0363312
25958,0.03308934
25959,0.021085173
25960,0.0074471254
25961,0.00020803335
25962,0.003513615
25963,0.015277635
25964,0.028500285
25965,0.035432037
25966,0.032035116
25967,0.020366762
25968,8.181482e-06
25969,0.00034680005
25970,0.0018670369
25971,0.0054495153
25972,0.011485634
25973,0.01831917
25974,0.022032302
25975,0.019185837
25976,0.010515649
25977,0.001925337
25978,0.0007871149
25979,0.010034505
25980,0.025056303
25981,0.036447294
25982,0.03656357
25983,0.025210671
25984,0.009852448
25985,0.0005348148
25986,0.0031827001
25987,0.015931392
25988,0.030592136
25989,0.03813956
25990,0.034138132
25991,0.021226801
25992,0.00719717
25993,0.00014228148
25994,0.0038382371
25995,0.015762849
25996,0.0017889815
25997,0.0168507
25998,0.036493782
25999,0.042563334
26000,0.02897485
26001,0.008411292
26002,9.600371e-05
26003,0.0019093482
26004,0.02350134
26005,0.051805932
26006,0.062411204
26007,0.047282707
26008,0.019831836
26009,0.0015312927
26010,0.004240371
26011,0.023000235
26012,0.002607115
26013,0.022797633
26014,0.046544537
26015,0.051308464
26016,0.032780092
26017,0.0084672
26018,0.00031795923
26019,0.015008034
26020,0.039870232
26021,0.055240907
26022,0.050457336
26023,0.030294817
26024,0.0091875
26025,3.778148e-05
26026,0.0062688924
26027,0.02152934
26028,0.035248984
26029,0.039313197
26030,0.032122318
26031,0.00024653334
26032,0.0005489815
26033,0.00048803337
26034,1.7925927e-06
26035,0.0015408334
26036,0.008200534
26037,0.018933782
26038,0.02716024
26039,0.025970018
26040,0.015247561
26041,0.0032935147
26042,0.0005955593
26043,0.011072003
26044,0.028459199
26045,0.040996037
26046,0.04011363
26047,0.02666107
26048,0.009780092
26049,0.0003628482
26050,0.0038760337
26051,0.017328035
26052,0.031861074
26053,0.03854473
26054,0.033667505
26055,0.020471115
26056,0.006700093
26057,9.0133326e-05
26058,0.0039905333
26059,0.01574757
26060,0.028438672
26061,0.034770727
26062,0.031169636
26063,0.019694949
26064,0.006941337
26065,0.00018917037
26066,0.0033566817
26067,0.014652302
26068,0.027583113
26069,0.03465734
26070,0.03170917
26071,0.020418903
26072,0.0073737823
26073,0.00024462593
26074,0.0032656335
26075,0.014740833
26076,0.02794818
26077,0.03515764
26078,0.032122318
26079,0.020610668
26080,0.007394701
26081,0.00023333704
26082,0.003342593
26083,0.014903837
26084,0.0281112
26085,0.035248984
26086,0.032100506
26087,0.020540833
26088,0.007332033
26089,0.00022231482
26090,0.0033637371
26091,0.014903837
26092,0.028090801
26093,0.03518046
26094,0.032035116
26095,0.020488536
26096,0.0073216152
26097,0.00022413337
26098,0.0033566817
26099,0.014888983
26100,0.028050017
26101,0.03515764
26102,0.032035116
26103,0.02050596
26104,0.007332033
26105,0.00022595927
26106,0.0033496334
26107,0.014874134
26108,0.028050017
26109,0.03515764
26110,0.032035116
26111,0.02050596
26112,0.007332033
26113,0.00017763334
26114,0.0044327257
26115,0.01271707
26116,0.021582946
26117,0.026940035
26118,0.025657127
26119,0.017828282
26120,0.0073737823
26121,0.0005292
26122,0.0021336332
26123,0.012281634
26124,0.02559867
26125,0.034250673
26126,0.03284624
26127,0.022032302
26128,0.008411292
26129,0.0003984593
26130,0.0030603004
26131,0.014874134
26132,0.028726762
26133,0.0016725332
26134,0.013286061
26135,0.026561795
26136,0.027220452
26137,0.013867501
26138,0.0011000925
26139,0.004448949
26140,0.02446259
26141,0.045890372
26142,0.051750533
26143,0.03785485
26144,0.015443572
26145,0.0010482371
26146,0.0038760337
26147,0.020193428
26148,0.037642013
26149,0.04467307
26150,0.0010640593
26151,0.0059080343
26152,0.010267501
26153,0.008167501
26154,0.0017735704
26155,0.0010208334
26156,0.012444034
26157,0.03048578
26158,0.041440833
26159,0.036053333
26160,0.018500835
26161,0.0028681483
26162,0.0015938372
26163,0.015701784
26164,0.03481614
26165,0.045500092
26166,0.04102068
26167,0.024998534
26168,0.007992448
26169,8.0033344e-05
26170,0.0048811254
26171,0.018236892
26172,0.03155764
26173,0.037007116
26174,0.03179593
26175,0.019152133
26176,0.0062400145
26177,7.894814e-05
26178,0.0038231702
26179,0.015142534
26180,0.027562905
26181,0.034025785
26182,0.030826764
26183,0.019746227
26184,0.007104538
26185,0.0002277926
26186,0.003217126
26187,0.0144613935
26188,0.027522506
26189,0.034770727
26190,0.03192628
26191,0.020610668
26192,0.0074681477
26193,0.0001728
26194,0.0043842373
26195,0.0126075
26196,0.021493634
26197,0.026880134
26198,0.025657127
26199,0.0178608
26200,0.007415649
26201,0.0005376334
26202,0.0021224038
26203,0.012268149
26204,0.02561815
26205,0.034295738
26206,0.032890372
26207,0.02206845
26208,0.008411292
26209,0.0003984593
26210,0.0030603004
26211,0.014888983
26212,0.028747395
26213,0.036308005
26214,0.03308934
26215,0.021085173
26216,0.0074471254
26217,0.00020803335
26218,0.003513615
26219,0.015277635
26220,0.028500285
26221,0.035432037
26222,0.032035116
26223,0.020366762
26224,0.00719717
26225,0.00020280002
26226,0.0034133336
26227,0.0014282999
26228,0.016131736
26229,0.037288625
26230,0.047973342
26231,0.03938563
26232,0.018683393
26233,0.0022881336
26234,0.0023941335
26235,0.018040182
26236,0.037218153
26237,0.046544537
26238,0.04045565
26239,0.023763292
26240,5.925926e-08
26241,0.0008042815
26242,0.0031008334
26243,0.0071868487
26244,0.012937633
26245,0.018650135
26246,0.021049839
26247,0.0175692
26248,0.009281071
26249,0.0015408334
26250,0.0009075
26251,0.009912948
26252,0.024291558
26253,0.035226133
26254,0.03547787
26255,0.0005015704
26256,0.0017327999
26257,0.0019306814
26258,0.0003888
26259,0.0008427
26260,0.008036033
26261,0.020820895
26262,0.030784033
26263,0.029516036
26264,0.017152237
26265,0.00363
26266,0.0006752926
26267,0.012066761
26268,0.030400833
26269,0.042966057
26270,0.04121813
26271,0.026760532
26272,0.00944596
26273,0.00026601483
26274,0.004232448
26275,0.0016725332
26276,0.018236892
26277,0.04104534
26278,0.051474016
26279,0.04111935
26280,0.01875
26281,0.0020117373
26282,0.0028746703
26283,0.019304035
26284,0.038449205
26285,0.047044802
26286,0.040162407
26287,0.023129633
26288,0.0067500006
26289,8.181482e-06
26290,0.0053689484
26291,0.018335648
26292,0.0017992925
26293,0.016504895
26294,0.035684507
26295,0.04171384
26296,0.028479736
26297,0.008311126
26298,8.898148e-05
26299,0.011973349
26300,0.03483885
26301,0.051033124
26302,0.048937872
26303,0.031019393
26304,0.010316893
26305,0.00016961481
26306,0.0053778705
26307,0.020575738
26308,0.035112005
26309,0.040162407
26310,0.03333334
26311,0.019185837
26312,0.0057500587
26313,1.6133334e-05
26314,0.0044327257
26315,0.015946759
26316,0.02794818
26317,0.033734538
26318,0.030083334
26319,0.019051202
26320,0.006760004
26321,0.00019592591
26322,0.0032240332
26323,0.014271738
26324,0.027120132
26325,0.034318287
26326,0.031622536
26327,0.020523394
26328,0.007499737
26329,0.00027000002
26330,0.003196448
26331,0.014667036
26332,0.027968537
26333,0.03527184
26334,0.032275204
26335,0.020715648
26336,0.0074366266
26337,0.00023520003
26338,0.0033566817
26339,0.014948449
26340,0.028192896
26341,0.0016182258
26342,0.012882316
26343,0.025891613
26344,0.02666107
26345,0.013653334
26346,0.0010960593
26347,0.0012631703
26348,0.0023941335
26349,0.02740148
26350,0.05711604
26351,0.06244162
26352,0.03907224
26353,0.009696014
26354,0.0004485333
26355,0.017585339
26356,0.0449565
26357,0.060330734
26358,0.05322845
26359,0.03054957
26360,0.008512059
26361,1.4814815e-08
26362,0.0072696335
26363,0.022834403
26364,0.035914797
26365,0.039000094
26366,0.031212624
26367,0.017408237
26368,0.0049922997
26369,2.1333335e-06
26370,0.00440037
26371,0.015368034
26372,0.026840236
26373,0.032582056
26374,0.0293907
26375,0.01888357
26376,1.0403704e-05
26377,0.00027401483
26378,0.0016329484
26379,0.0050786706
26380,0.011148983
26381,0.018204033
26382,0.022231482
26383,0.019541517
26384,0.010804682
26385,0.0020226706
26386,0.0007600333
26387,0.0100467
26388,0.025229998
26389,0.036726672
26390,0.036820035
26391,0.025346134
26392,0.0098766275
26393,0.0005292
26394,0.0032240332
26395,0.016023705
26396,0.030698674
26397,0.03818712
26398,0.03411565
26399,0.021191347
26400,0.0071662264
26401,0.00013795926
26402,0.0038457816
26403,0.015778134
26404,0.02878868
26405,0.0352947
26406,0.031622536
26407,0.019952003
26408,0.006981959
26409,0.00018253335
26410,0.0034275707
26411,0.014829634
26412,0.027785635
26413,0.034770727
26414,0.03170917
26415,0.02034939
26416,0.0073112035
26417,0.00023333704
26418,0.0032935147
26419,0.014755615
26420,0.027927836
26421,0.035089202
26422,0.032056905
26423,0.020575738
26424,0.0073737823
26425,0.00023333704
26426,0.0033355595
26427,0.014874134
26428,0.028090801
26429,0.035226133
26430,0.0320787
26431,0.020540833
26432,0.0073424596
26433,0.00022413337
26434,0.0033566817
26435,0.014903837
26436,0.028090801
26437,0.03518046
26438,0.032035116
26439,0.02050596
26440,0.0073216152
26441,0.00022413337
26442,0.0033566817
26443,0.014888983
26444,0.028050017
26445,0.03515764
26446,0.032035116
26447,0.02050596
26448,0.007332033
26449,0.00022413337
26450,0.0033496334
26451,0.014874134
26452,0.028050017
26453,0.03515764
26454,0.032035116
26455,0.02050596
26456,0.007332033
26457,0.00022595927
26458,0.0033496334
26459,0.014888983
26460,0.028050017
26461,0.03515764
26462,0.032035116
26463,0.02050596
26464,9.25926e-06
26465,7.053334e-05
26466,0.0013872002
26467,0.0053155697
26468,0.012214281
26469,0.019883294
26470,0.023800833
26471,0.020384135
26472,0.010880726
26473,0.0018670369
26474,0.0009296334
26475,0.010653393
26476,0.025911205
26477,0.03705396
26478,0.03668003
26479,0.024960058
26480,0.009564626
26481,0.00046675923
26482,0.003314504
26483,0.016054533
26484,0.03054957
26485,0.037902225
26486,0.033846408
26487,0.021032182
26488,0.0071250712
26489,0.0001393926
26490,0.0038081335
26491,0.015671294
26492,0.028664906
26493,0.035226133
26494,0.031622536
26495,0.019986406
26496,0.007012504
26497,0.00018750002
26498,0.0034133336
26499,0.0148148155
26500,0.027785635
26501,0.034793425
26502,0.03173085
26503,0.020366762
26504,0.0073216152
26505,0.00023333704
26506,0.0033005036
26507,0.0147704035
26508,0.02794818
26509,0.035112005
26510,0.032056905
26511,0.020575738
26512,0.0073737823
26513,0.00023148149
26514,0.0033355595
26515,0.014874134
26516,0.028090801
26517,0.035203293
26518,0.0320787
26519,0.020540833
26520,0.0073424596
26521,0.00022413337
26522,0.0033566817
26523,0.014903837
26524,0.028070405
26525,0.03518046
26526,0.0010208334
26527,0.0062785344
26528,0.011097634
26529,0.008932626
26530,0.0020336334
26531,0.0009408001
26532,0.012552894
26533,0.031083738
26534,0.042312592
26535,0.036796685
26536,0.018800035
26537,0.002887737
26538,0.0016378704
26539,0.015962133
26540,0.035203293
26541,0.045838244
26542,0.04114404
26543,0.024960058
26544,0.00791646
26545,7.053334e-05
26546,0.004949393
26547,0.01831917
26548,0.03157926
26549,0.036960304
26550,0.03170917
26551,0.019068003
26552,0.0062016146
26553,7.680001e-05
26554,0.0038231702
26555,0.015127559
26556,0.027522506
26557,0.0339809
26558,0.030805392
26559,0.019746227
26560,0.0071147997
26561,0.00023148149
26562,0.0032033334
26563,0.0144613935
26564,0.027522506
26565,0.034770727
26566,0.001028626
26567,0.006365634
26568,0.011252034
26569,0.009048034
26570,0.0020722374
26571,0.0009370704
26572,0.012593838
26573,0.031212624
26574,0.04246295
26575,0.036890138
26576,0.018833425
26577,0.0028812
26578,0.0016526815
26579,0.0160083
26580,0.03527184
26581,0.045890372
26582,0.041168727
26583,0.024940833
26584,0.007894815
26585,6.850371e-05
26586,0.004957959
26587,0.018335648
26588,0.03157926
26589,0.0369369
26590,0.0316875
26591,0.019068003
26592,0.0062016146
26593,7.680001e-05
26594,0.0038231702
26595,0.015112595
26596,0.027502315
26597,0.0339809
26598,0.030805392
26599,0.019746227
26600,0.0071147997
26601,0.00023148149
26602,0.0032033334
26603,0.01444676
26604,0.027522506
26605,0.034770727
26606,0.001028626
26607,0.006365634
26608,0.011252034
26609,0.009048034
26610,0.0020722374
26611,0.0009370704
26612,0.012593838
26613,0.031212624
26614,0.04246295
26615,0.036890138
26616,0.018833425
26617,0.0028812
26618,0.0016526815
26619,0.0160083
26620,0.03527184
26621,0.045890372
26622,0.041168727
26623,0.024940833
26624,0.007894815
26625,6.850371e-05
26626,0.004957959
26627,0.018335648
26628,0.03157926
26629,0.0369369
26630,0.0316875
26631,0.019068003
26632,0.0062016146
26633,7.680001e-05
26634,0.0038231702
26635,0.015112595
26636,0.027502315
26637,0.0339809
26638,0.030805392
26639,0.019746227
26640,0.0071147997
26641,0.00023148149
26642,0.0032033334
26643,0.01444676
26644,0.027522506
26645,0.034770727
26646,0.031948037
26647,0.02062815
26648,0.0074681477
26649,0.0002523
26650,0.0032725928
26651,0.014800004
26652,0.028070405
26653,0.0352947
26654,0.032209635
26655,0.02062815
26656,0.0073737823
26657,0.00017925927
26658,0.004448949
26659,0.012758281
26660,0.021636626
26661,0.026960015
26662,0.025657127
26663,0.017812034
26664,0.007363334
26665,0.0005236149
26666,0.0021392591
26667,0.0012892594
26668,0.0153228
26669,0.03598403
26670,0.04686018
26671,0.038952034
26672,0.018766671
26673,0.0024180147
26674,0.0022245373
26675,0.017617634
26676,0.0024540594
26677,0.022504538
26678,0.04641334
26679,0.051474016
26680,0.033045072
26681,0.008613426
26682,0.00029453338
26683,0.01493357
26684,0.039870232
26685,0.055384036
26686,0.0506489
26687,0.030422058
26688,0.009234225
26689,3.8533333e-05
26690,0.0062785344
26691,0.021582946
26692,0.03531757
26693,0.03938563
26694,0.03216596
26695,0.018253334
26696,0.0053778705
26697,8.892593e-06
26698,0.004376182
26699,0.015610405
26700,0.0273612
26701,0.0331558
26702,0.029767502
26703,0.019000834
26704,0.0068403
26705,0.0002187
26706,0.0031212
26707,0.014126699
26708,0.027020006
26709,0.034340836
26710,0.031752534
26711,0.020645635
26712,0.0075737042
26713,0.0002780593
26714,0.0031895703
26715,0.014696535
26716,0.028029634
26717,0.035363335
26718,0.03231895
26719,0.020750703
26720,0.0074261334
26721,0.00023148149
26722,0.0033637371
26723,0.0014375147
26724,0.016271172
26725,0.037547614
26726,0.04821357
26727,0.039530702
26728,0.018700033
26729,0.0022707
26730,0.0024300003
26731,0.018138405
26732,0.03731214
26733,0.0465708
26734,0.040431175
26735,0.023725783
26736,0.0071250712
26737,2.2533332e-05
26738,0.0052184043
26739,0.01831917
26740,0.031040832
26741,0.036099575
26742,0.030933706
26743,0.018683393
26744,0.0061251707
26745,8.4448155e-05
26746,0.0036963
26747,0.014829634
26748,0.02720037
26749,0.03380163
26750,0.030805392
26751,0.019848986
26752,0.0072075003
26753,0.00024844817
26754,0.0031621335
26755,0.014417515
26756,0.027542701
26757,0.034861572
26758,0.032056905
26759,0.020698136
26760,0.007499737
26761,0.0001744037
26762,0.0043923
26763,0.012648534
26764,0.02152934
26765,0.026900092
26766,0.025676623
26767,0.0178608
26768,0.0074051702
26769,0.0005348148
26770,0.0021280148
26771,0.012281634
26772,0.02561815
26773,0.0342732
26774,0.032868303
26775,0.02205037
26776,0.008411292
26777,0.00039603334
26778,0.0007701334
26779,0.011226227
26780,0.027968537
26781,0.039845925
26782,0.038928017
26783,0.025911205
26784,0.009564626
26785,0.00036983704
26786,0.0037333926
26787,0.016929792
26788,0.031363335
26789,0.03818712
26790,0.033600535
26791,0.020575738
26792,0.006820181
26793,0.000105781495
26794,0.003914015
26795,0.015671294
26796,0.028459199
26797,0.0348843
26798,0.031298704
26799,0.00034003335
26800,0.0010169483
26801,0.0010600927
26802,0.000107037034
26803,0.0011573371
26804,0.008068801
26805,0.019763332
26806,0.02885067
26807,0.027664037
26808,0.01617815
26809,0.0034704595
26810,0.0006256333
26811,0.0115248
26812,0.0293907
26813,0.041962802
26814,0.040676285
26815,0.026740627
26816,0.009624237
26817,0.00031363333
26818,0.0040445374
26819,0.01760148
26820,0.03201333
26821,0.03849695
26822,0.0334668
26823,0.02026267
26824,0.006600833
26825,8.333335e-05
26826,0.003998226
26827,0.015701784
26828,0.02833613
26829,0.0015504037
26830,0.012335648
26831,0.024940833
26832,0.025813332
26833,0.013314134
26834,0.0010840038
26835,0.0042483
26836,0.023688298
26837,0.04482756
26838,0.05095067
26839,0.037594803
26840,0.015519292
26841,0.0011163
26842,0.0037185336
26843,0.019866135
26844,0.03740624
26845,0.044621635
26846,0.037665635
26847,0.021654533
26848,0.0063462257
26849,9.25926e-06
26850,0.005052681
26851,0.017488627
26852,0.029746506
26853,0.034952536
26854,0.030337198
26855,0.018650135
26856,0.0063074995
26857,0.000121337056
26858,0.0034848147
26859,0.014534673
26860,0.027040016
26861,0.0338912
26862,0.031083738
26863,0.020124301
26864,0.0073528923
26865,0.00026205927
26866,0.0031552927
26867,0.014490683
26868,0.027704537
26869,0.035043616
26870,0.03216596
26871,0.02073317
26872,1.0403704e-05
26873,0.00031363333
26874,0.0017786999
26875,0.0053244485
26876,0.011394504
26877,0.01831917
26878,0.022122726
26879,0.019320948
26880,0.010615737
26881,0.001957515
26882,0.00078370364
26883,0.0100467
26884,0.025133427
26885,0.036540303
26886,0.036656726
26887,0.02524934
26888,0.009852448
26889,0.0005320037
26890,0.0032033334
26891,0.015962133
26892,0.030634727
26893,0.03813956
26894,0.03411565
26895,0.021209074
26896,0.0071868487
26897,0.00014083333
26898,0.0038382371
26899,0.015762849
26900,0.02878868
26901,0.03531757
26902,0.0009899593
26903,0.0060302825
26904,0.010691115
26905,0.00018917037
26906,0.000102059275
26907,0.00038401483
26908,0.0046459264
26909,0.014315395
26910,0.024196802
26911,0.026048535
26912,0.017184133
26913,0.0046958374
26914,0.00018750002
26915,0.0014421332
26916,0.018385127
26917,0.042337637
26918,0.053397074
26919,0.04268898
26920,0.019422594
26921,0.0020667
26922,0.0029800336
26923,0.019848986
26924,0.039313197
26925,0.0477603
26926,0.0011531999
26927,0.0063462257
26928,0.010906133
26929,0.008602134
26930,0.0018723003
26931,0.001028626
26932,0.012703349
26933,0.031040832
26934,0.042037632
26935,0.03642406
26936,0.018567115
26937,0.0028291706
26938,0.0016526815
26939,0.015916033
26940,0.035043616
26941,0.045629997
26942,0.040996037
26943,0.024902405
26944,0.00791646
26945,7.3633346e-05
26946,0.0049152006
26947,0.018269781
26948,0.03153602
26949,0.0369369
26950,0.03173085
26951,0.019101636
26952,0.0062208
26953,7.894814e-05
26954,0.0038156484
26955,0.015127559
26956,0.027542701
26957,0.034003336
26958,0.030826764
26959,0.019763332
26960,0.0071147997
26961,0.00022963336
26962,0.0032102258
26963,0.0144613935
26964,0.027522506
26965,0.034770727
26966,0.031948037
26967,0.02062815
26968,0.0074681477
26969,0.0002523
26970,0.0032725928
26971,0.014800004
26972,0.028070405
26973,0.0352947
26974,0.032187797
26975,0.0003628482
26976,0.0011041333
26977,0.0011614816
26978,0.0001337037
26979,0.0011163
26980,0.008068801
26981,0.019917635
26982,0.029099291
26983,0.027907502
26984,0.01630224
26985,0.0034848147
26986,0.00063480006
26987,0.011603335
26988,0.029516036
26989,0.04208756
26990,0.04074996
26991,0.026740627
26992,0.009600371
26993,0.00030720004
26994,0.004067793
26995,0.017633792
26996,0.032035116
26997,0.038473073
26998,0.03344454
26999,0.02024535
27000,0.0065909484
27001,8.222593e-05
27002,0.003998226
27003,0.015701784
27004,0.028315648
27005,0.034612034
27006,0.031062286
27007,0.019660803
27008,7.837038e-06
27009,0.00033555928
27010,0.0018304038
27011,0.0053778705
27012,0.011407499
27013,0.018269781
27014,0.02205037
27015,0.01923645
27016,0.010565634
27017,0.0019467594
27018,0.0007803
27019,0.010034505
27020,0.02507557
27021,0.036493782
27022,0.0013067999
27023,0.008255738
27024,0.014271738
27025,0.011316682
27026,0.002682226
27027,0.00090018153
27028,0.013525635
27029,0.033555925
27030,0.04518907
27031,0.038688235
27032,0.01933787
27033,0.0027840333
27034,0.0018881336
27035,0.016898133
27036,0.036377616
27037,0.046623353
27038,0.041242853
27039,0.02461513
27040,0.0076055145
27041,4.4003707e-05
27042,0.0051308484
27043,0.018467737
27044,0.031492803
27045,0.03668003
27046,0.031363335
27047,0.018850137
27048,0.0061251707
27049,7.5737036e-05
27050,0.003793126
27051,0.015008034
27052,0.0273612
27053,0.033846408
27054,0.030762685
27055,0.019763332
27056,0.007145634
27057,0.00023894814
27058,0.0031827001
27059,0.0013962816
27060,0.015946759
27061,0.036960304
27062,0.04768054
27063,0.03926495
27064,0.018683393
27065,0.002317337
27066,0.0023526258
27067,0.017942227
27068,0.037100833
27069,0.0021000335
27070,0.015793426
27071,0.03048578
27072,0.030337198
27073,0.014978226
27074,0.0010800001
27075,0.0050095157
27076,0.02632428
27077,0.048293784
27078,0.053425197
27079,0.038306136
27080,0.015142534
27081,0.0008820149
27082,0.004264182
27083,0.020891206
27084,0.03813956
27085,0.044647347
27086,0.037124284
27087,0.021032182
27088,0.0060208333
27089,2.7e-06
27090,0.005122134
27091,0.01739218
27092,0.02943245
27093,0.034521516
27094,0.030020034
27095,0.018500835
27096,0.0063074995
27097,0.00012813334
27098,0.0034204484
27099,0.014402905
27100,0.026920063
27101,0.033846408
27102,0.031105202
27103,0.020193428
27104,1.2033334e-05
27105,0.00028009262
27106,0.0016725332
27107,0.00046413334
27108,0.006780033
27109,0.019371737
27110,0.030146703
27111,0.029935736
27112,0.018023837
27113,0.004114504
27114,0.0005152926
27115,0.011668981
27116,0.030358406
27117,0.043472134
27118,0.04201268
27119,0.02740148
27120,0.009708004
27121,0.00028213335
27122,0.0042721336
27123,0.018089259
27124,0.032516185
27125,0.038736135
27126,0.033422284
27127,0.020072533
27128,0.0064435597
27129,6.850371e-05
27130,0.0040600337
27131,0.0157323
27132,0.0017378703
27133,0.016395615
27134,0.0024000928
27135,0.019592596
27136,0.03333334
27137,0.026265074
27138,0.0072800154
27139,0.0005575704
27140,0.017682316
27141,0.045396302
27142,0.05958564
27143,0.048508007
27144,0.022340506
27145,0.0024903703
27146,0.0031212
27147,0.021404507
27148,0.042162508
27149,0.050539393
27150,0.042037632
27151,0.023352304
27152,0.0063268477
27153,2.5037036e-06
27154,0.0010208334
27155,0.013132183
27156,0.03125565
27157,0.042915616
27158,0.040382236
27159,0.025793782
27160,0.008898149
27161,0.00020628147
27162,0.004312004
27163,0.017698504
27164,0.03166584
27165,0.03778384
27166,0.032780092
27167,0.019866135
27168,0.006502315
27169,8.670001e-05
27170,0.003906404
27171,0.015458701
27172,0.028029634
27173,0.03443112
27174,0.031019393
27175,0.019729128
27176,0.0070227003
27177,0.0001728
27178,0.0043280036
27179,0.012471205
27180,0.021297794
27181,0.026740627
27182,0.02561815
27183,0.01789335
27184,0.0074681477
27185,0.0005547001
27186,0.0020944595
27187,0.0122412015
27188,0.02561815
27189,0.034340836
27190,0.032956626
27191,0.022122726
27192,0.008433634
27193,0.0003984593
27194,0.0030670373
27195,0.014903837
27196,0.02878868
27197,0.036354408
27198,0.033111483
27199,0.021085173
27200,0.0074366266
27201,0.00020628147
27202,0.0035208336
27203,0.015277635
27204,0.028500285
27205,0.035432037
27206,0.032035116
27207,0.02034939
27208,0.00719717
27209,0.00020280002
27210,0.0034133336
27211,0.014918702
27212,0.02800926
27213,0.035043616
27214,0.031882804
27215,0.020418903
27216,0.0073008006
27217,0.00022413337
27218,0.0033355595
27219,0.014829634
27220,0.027988894
27221,0.0016084481
27222,0.012854701
27223,0.02585246
27224,0.026621336
27225,0.013653334
27226,0.0011000925
27227,0.0012588482
27228,0.018683393
27229,0.04380267
27230,0.055470005
27231,0.044288013
27232,0.020055294
27233,0.0020944595
27234,0.003114404
27235,0.020453705
27236,0.0401868
27237,0.048481204
27238,0.04074996
27239,0.023018703
27240,0.0064729033
27241,3.703704e-07
27242,0.0056672934
27243,0.018683393
27244,0.030890903
27245,0.03547787
27246,0.030188981
27247,0.018154802
27248,0.0059455154
27249,8.0033344e-05
27250,0.00363
27251,0.014593427
27252,0.026840236
27253,0.033489075
27254,0.030677352
27255,0.019883294
27256,0.0072800154
27257,0.00026601483
27258,0.0031076148
27259,0.014344536
27260,0.027522506
27261,0.034929782
27262,0.032144133
27263,0.020768238
27264,0.0075313933
27265,0.0002561815
27266,0.0032865335
27267,0.0148592945
27268,0.028172458
27269,0.035386227
27270,0.032253336
27271,0.02062815
27272,0.007363334
27273,0.00022231482
27274,0.0033778707
27275,0.0149633335
27276,0.028152036
27277,0.035226133
27278,0.032056905
27279,0.020488536
27280,0.0073112035
27281,0.00022050373
27282,0.00076675933
27283,0.011008061
27284,0.02746196
27285,0.039289072
27286,0.03854473
27287,0.025813332
27288,0.009624237
27289,0.00039603334
27290,0.0036373371
27291,0.016756035
27292,0.031234136
27293,0.03818712
27294,0.033689838
27295,0.020680629
27296,0.0068806265
27297,0.00011084815
27298,0.0038988001
27299,0.015701784
27300,0.028520834
27301,0.034952536
27302,0.031363335
27303,0.019831836
27304,0.006981959
27305,0.00018917037
27306,0.0033778707
27307,0.014726061
27308,0.027684284
27309,0.034725346
27310,0.03173085
27311,0.020401513
27312,0.0073528923
27313,0.00023894814
27314,0.0032795595
27315,0.014755615
27316,0.02794818
27317,0.035134815
27318,0.032100506
27319,0.0205932
27320,0.0073842374
27321,0.00023148149
27322,0.003342593
27323,0.014888983
27324,0.0281112
27325,0.035226133
27326,0.0320787
27327,0.020540833
27328,0.007332033
27329,0.00022413337
27330,0.0033637371
27331,0.014903837
27332,0.028070405
27333,0.03518046
27334,0.032035116
27335,0.02050596
27336,0.0073216152
27337,0.00022413337
27338,0.0033566817
27339,0.014888983
27340,0.028050017
27341,0.03515764
27342,0.032035116
27343,0.02050596
27344,0.007332033
27345,0.00022413337
27346,0.0033496334
27347,0.014874134
27348,0.028050017
27349,0.03515764
27350,0.032035116
27351,0.02050596
27352,0.007332033
27353,0.00022595927
27354,0.0033496334
27355,0.014888983
27356,0.028070405
27357,0.03515764
27358,0.032035116
27359,0.02050596
27360,0.007332033
27361,0.00022413337
27362,0.0033496334
27363,0.014888983
27364,0.028070405
27365,0.03515764
27366,0.032035116
27367,0.02050596
27368,0.007332033
27369,0.00022413337
27370,0.0033496334
27371,0.014888983
27372,0.028070405
27373,0.03515764
27374,0.032035116
27375,0.02050596
27376,0.007332033
27377,0.00022413337
27378,0.0033496334
27379,0.014888983
27380,0.028070405
27381,0.03515764
27382,0.032035116
27383,0.02050596
27384,0.007332033
27385,0.00022413337
27386,0.0033496334
27387,0.014888983
27388,0.028070405
27389,0.03515764
27390,0.032035116
27391,0.02050596
27392,0.007332033
27393,0.00022413337
27394,0.0033496334
27395,0.014888983
27396,0.028070405
27397,0.03515764
27398,0.032035116
27399,0.02050596
27400,0.007332033
27401,0.00022413337
27402,0.0033496334
27403,0.014888983
27404,0.028070405
27405,0.03515764
27406,0.032035116
27407,0.02050596
27408,0.007332033
27409,0.00022413337
27410,0.0033496334
27411,0.014888983
27412,0.028070405
27413,0.03515764
27414,0.032035116
27415,0.02050596
27416,0.007332033
27417,0.00022413337
27418,0.0033496334
27419,0.014888983
27420,0.028070405
27421,0.0016133332
27422,0.012854701
27423,0.02585246
27424,0.026621336
27425,0.013639115
27426,0.0011000925
27427,0.004352059
27428,0.02412113
27429,0.045448188
27430,0.051418804
27431,0.037760183
27432,0.015488981
27433,0.0010760038
27434,0.0038081335
27435,0.020055294
27436,0.037547614
27437,0.044647347
27438,0.037594803
27439,0.021547202
27440,0.0062881815
27441,7.837038e-06
27442,0.00507
27443,0.017472534
27444,0.029704534
27445,0.034861572
27446,0.030294817
27447,0.018616905
27448,0.0063074995
27449,0.000121337056
27450,0.0034776332
27451,0.014505339
27452,0.027020006
27453,0.0338912
27454,0.031083738
27455,0.020141572
27456,0.0073528923
27457,0.00026403333
27458,0.0031552927
27459,0.014490683
27460,0.027704537
27461,0.035066403
27462,0.03216596
27463,0.02073317
27464,0.007489201
27465,0.00024653334
27466,0.003314504
27467,0.014888983
27468,0.028172458
27469,0.03534045
27470,0.032187797
27471,0.0205932
27472,0.0073424596
27473,0.00022231482
27474,0.0033778707
27475,0.01493357
27476,0.028131617
27477,0.035203293
27478,0.032035116
27479,0.020488536
27480,0.0073112035
27481,0.00022231482
27482,0.00076675933
27483,0.011008061
27484,0.027441796
27485,0.03926495
27486,0.03854473
27487,0.025813332
27488,0.009624237
27489,0.00039603334
27490,0.0036373371
27491,0.016756035
27492,0.001957515
27493,0.018204033
27494,0.038832016
27495,0.044647347
27496,0.029935736
27497,0.008444815
27498,0.00013653334
27499,0.012827116
27500,0.036377616
27501,0.052417204
27502,0.049532034
27503,0.030869516
27504,0.00999796
27505,0.00012
27506,0.0056489813
27507,0.020891206
27508,0.035203293
27509,0.03994317
27510,0.032978725
27511,0.0189003
27512,0.0056306995
27513,1.3781483e-05
27514,0.0044165333
27515,0.015854672
27516,0.027765349
27517,0.033555925
27518,0.029998949
27519,0.019034406
27520,0.006780033
27521,0.00020280002
27522,0.0031895703
27523,0.014228148
27524,0.027080063
27525,0.034318287
27526,0.03166584
27527,0.020558283
27528,0.0075208335
27529,0.0002720037
27530,0.003196448
27531,0.014667036
27532,0.027988894
27533,0.0352947
27534,0.03229707
27535,0.02073317
27536,9.633333e-06
27537,0.00032669998
27538,0.001814815
27539,0.0053689484
27540,0.011433516
27541,0.01831917
27542,0.022086535
27543,0.019270224
27544,0.010578148
27545,0.0019413929
27546,0.0007871149
27547,0.0100467
27548,0.025114138
27549,0.036517035
27550,0.036610138
27551,0.025229998
27552,0.009852448
27553,0.0005348148
27554,0.003196448
27555,0.015946759
27556,0.030613428
27557,0.03813956
27558,0.0010600927
27559,0.0063365335
27560,0.011110459
27561,0.008898149
27562,0.0020062816
27563,0.0009633334
27564,0.0126075
27565,0.03112667
27566,0.042312592
27567,0.036726672
27568,0.01875
27569,0.0028681483
27570,0.0016477371
27571,0.015977517
27572,0.035203293
27573,0.045812182
27574,0.04111935
27575,0.024940833
27576,0.007905634
27577,7.053334e-05
27578,0.004940833
27579,0.01831917
27580,0.03155764
27581,0.036960304
27582,0.03170917
27583,0.00029453338
27584,0.0007769037
27585,0.00076339254
27586,3.778148e-05
27587,0.0013288924
27588,0.008134534
27589,0.0014329037
27590,0.01452
27591,0.029977873
27592,0.030997962
27593,0.015962133
27594,0.0013872002
27595,0.004530504
27596,0.025754703
27597,0.048347294
27598,0.054130852
27599,0.039168537
27600,0.01565606
27601,0.0009633334
27602,0.004208726
27603,0.021014536
27604,0.03852083
27605,0.04513734
27606,0.037476897
27607,0.02115593
27608,0.0060208333
27609,1.4814816e-06
27610,0.0052008326
27611,0.01753695
27612,0.029557869
27613,0.034566764
27614,0.029977873
27615,0.018434672
27616,0.0062592602
27617,0.0001226815
27618,0.0034347004
27619,0.014402905
27620,0.001697515
27621,0.016317781
27622,0.035615563
27623,0.041813336
27624,0.028685516
27625,0.008433634
27626,8.0033344e-05
27627,0.011920135
27628,0.034861572
27629,0.05114317
27630,0.04909956
27631,0.03112667
27632,0.0103664035
27633,0.00017120372
27634,0.0053868005
27635,0.020610668
27636,0.03518046
27637,0.040211204
27638,0.033377793
27639,0.019185837
27640,0.005740834
27641,1.564815e-05
27642,0.004440834
27643,0.015962133
27644,0.02794818
27645,0.033712182
27646,0.030083334
27647,0.019034406
27648,0.0067500006
27649,0.00019422593
27650,0.0032240332
27651,0.014271738
27652,0.027100096
27653,0.034318287
27654,0.031622536
27655,0.020523394
27656,0.007499737
27657,0.00027000002
27658,0.003196448
27659,0.014667036
27660,0.027968537
27661,0.03527184
27662,0.032275204
27663,0.020715648
27664,0.0074366266
27665,0.00023520003
27666,0.0033496334
27667,0.014948449
27668,0.028192896
27669,0.0352947
27670,0.032122318
27671,0.020523394
27672,8.892593e-06
27673,0.0003333334
27674,0.0018356149
27675,0.0053957365
27676,0.011446534
27677,0.01831917
27678,0.02206845
27679,0.01923645
27680,0.010553126
27681,0.0019360333
27682,0.0007871149
27683,0.010034505
27684,0.025094848
27685,0.036493782
27686,0.036610138
27687,0.025229998
27688,0.009852448
27689,0.0005348148
27690,0.0031895703
27691,0.015931392
27692,0.030613428
27693,0.03813956
27694,0.034138132
27695,0.021226801
27696,0.00719717
27697,0.00014083333
27698,0.0038382371
27699,0.015762849
27700,0.02878868
27701,0.03531757
27702,0.03166584
27703,0.019969199
27704,0.0069921343
27705,0.00018253335
27706,0.0034347004
27707,0.0014145334
27708,0.015992904
27709,0.037030533
27710,0.047707118
27711,0.03926495
27712,0.01866676
27713,0.0023056336
27714,0.0023644485
27715,0.017958535
27716,0.037124284
27717,0.046492033
27718,0.040480133
27719,0.023800833
27720,0.0071868487
27721,2.5514819e-05
27722,0.0051920596
27723,0.0183027
27724,0.031062286
27725,0.036168978
27726,0.030997962
27727,0.018716682
27728,0.006134701
27729,8.4448155e-05
27730,0.003711115
27731,0.0148592945
27732,0.027220452
27733,0.03382402
27734,0.030805392
27735,0.019848986
27736,0.0072075003
27737,0.00024653334
27738,0.0031689818
27739,0.014432134
27740,0.027542701
27741,0.034861572
27742,0.032035116
27743,0.020680629
27744,0.007489201
27745,0.0002523
27746,0.0032795595
27747,0.014829634
27748,0.0281112
27749,0.03531757
27750,0.032209635
27751,0.02062815
27752,0.007363334
27753,0.00022595927
27754,0.0033708
27755,0.014948449
27756,0.028131617
27757,0.035226133
27758,0.032056905
27759,0.020488536
27760,0.0073112035
27761,0.00022050373
27762,0.0033637371
27763,0.014903837
27764,0.028070405
27765,0.03515764
27766,0.03201333
27767,0.020488536
27768,0.0073216152
27769,0.00022413337
27770,0.0033496334
27771,0.014874134
27772,0.028050017
27773,0.03515764
27774,0.032035116
27775,0.02050596
27776,0.007332033
27777,0.00022595927
27778,0.0033496334
27779,0.014874134
27780,0.028050017
27781,0.03515764
27782,0.032035116
27783,0.02050596
27784,0.007332033
27785,0.00022595927
27786,0.0033496334
27787,0.014888983
27788,0.028070405
27789,0.03515764
27790,0.032035116
27791,0.02050596
27792,0.007332033
27793,0.00022413337
27794,0.0033566817
27795,0.014888983
27796,0.028070405
27797,0.03515764
27798,0.032035116
27799,0.02050596
27800,0.007332033
27801,0.00022413337
27802,0.0033496334
27803,0.014888983
27804,0.0017786999
27805,0.016961483
27806,0.03675
27807,0.042840004
27808,0.029140834
27809,0.008444815
27810,9.72e-05
27811,0.012227737
27812,0.035386227
27813,0.051612183
27814,0.04926152
27815,0.031040832
27816,0.010230534
27817,0.00015262594
27818,0.0054765036
27819,0.020715648
27820,0.035203293
27821,0.04011363
27822,0.033222314
27823,0.019084813
27824,0.0056948145
27825,1.4700002e-05
27826,0.0008216334
27827,0.011213333
27828,0.027684284
27829,0.03938563
27830,0.038473073
27831,0.025676623
27832,0.00951707
27833,0.0003792593
27834,0.003666759
27835,0.016771793
27836,0.031191127
27837,0.038092036
27838,0.033600535
27839,0.02062815
27840,0.0068705333
27841,0.000112133326
27842,0.003883615
27843,0.01565606
27844,0.0017633336
27845,0.016661635
27846,0.03614584
27847,0.04223752
27848,0.028830001
27849,0.008411292
27850,9.0133326e-05
27851,0.012080134
27852,0.035089202
27853,0.051336035
27854,0.049126536
27855,0.00051805936
27856,0.0013422371
27857,0.0013156149
27858,0.00014814816
27859,0.0011739593
27860,0.008377838
27861,0.020453705
27862,0.029620681
27863,0.028152036
27864,0.0162867
27865,0.0034062262
27866,0.0006816333
27867,0.011787615
27868,0.02972552
27869,0.042162508
27870,0.040676285
27871,0.02660148
27872,0.0095052
27873,0.00029453338
27874,0.004098904
27875,0.017633792
27876,0.031969793
27877,0.038377635
27878,0.03335556
27879,0.020193428
27880,0.00658107
27881,8.333335e-05
27882,0.003982848
27883,0.015671294
27884,0.028274704
27885,0.034612034
27886,0.031062286
27887,0.019677872
27888,0.006961634
27889,0.00019592591
27890,0.0033215152
27891,0.014608134
27892,0.027562905
27893,0.03465734
27894,0.03173085
27895,0.020453705
27896,0.007394701
27897,0.00024653334
27898,0.0032656335
27899,0.014740833
27900,0.027968537
27901,0.03518046
27902,0.032144133
27903,0.02062815
27904,0.007394701
27905,0.00023148149
27906,0.0033496334
27907,0.014903837
27908,0.0281112
27909,0.035248984
27910,0.032100506
27911,0.020523394
27912,0.007332033
27913,0.00022231482
27914,0.0033637371
27915,0.014903837
27916,0.028070405
27917,0.0016084481
27918,0.012854701
27919,0.025832895
27920,0.02660148
27921,0.000103292594
27922,0.0001226815
27923,0.0023408332
27924,0.008932626
27925,0.018583706
27926,0.025540285
27927,0.02393246
27928,0.013867501
27929,0.002907393
27930,0.0006286815
27931,0.0107163
27932,0.027441796
27933,0.039700285
27934,0.039168537
27935,0.026304536
27936,0.009828299
27937,0.00041070004
27938,0.0036741337
27939,0.016945634
27940,0.03153602
27941,0.038473073
27942,0.001028626
27943,0.0060776332
27944,0.010691115
27945,0.0085683
27946,0.0019146705
27947,0.0009709037
27948,0.0124848
27949,0.030784033
27950,0.041888036
27951,0.036447294
27952,0.01866676
27953,0.0028812
27954,0.0016133332
27955,0.01583935
27956,0.035020836
27957,0.045682017
27958,0.041094672
27959,0.024979295
27960,0.0079489825
27961,7.4681484e-05
27962,0.0049152006
27963,0.018286237
27964,0.03157926
27965,0.036983706
27966,0.031752534
27967,0.01911846
27968,0.0062208
27969,7.7870376e-05
27970,0.0038231702
27971,0.015127559
27972,0.027542701
27973,0.034003336
27974,0.030826764
27975,0.019746227
27976,0.0071147997
27977,0.00022963336
27978,0.0032102258
27979,0.0144613935
27980,0.027522506
27981,0.034770727
27982,0.03192628
27983,0.020610668
27984,0.0074681477
27985,0.0002523
27986,0.0032725928
27987,0.014800004
27988,0.028070405
27989,0.0352947
27990,0.032209635
27991,0.02062815
27992,0.0073737823
27993,0.0002277926
27994,0.0033637371
27995,0.01493357
27996,0.028131617
27997,0.035226133
27998,0.0320787
27999,0.00035822592
28000,0.0010880148
28001,0.0011449482
28002,0.00012951484
28003,0.00031579257
28004,0.0064827004
28005,0.019456532
28006,0.030784033
28007,0.030805392
28008,0.018650135
28009,0.004304015
28010,0.00049884815
28011,0.011787615
28012,0.0023290704
28013,0.022669174
28014,0.047176894
28015,0.052500837
28016,0.033756893
28017,0.0088293925
28018,0.00028829998
28019,0.015082683
28020,0.04030889
28021,0.055900835
28022,0.051033124
28023,0.03054957
28024,0.009210848
28025,3.272593e-05
28026,0.0063753487
28027,0.021726234
28028,0.035432037
28029,0.03940979
28030,0.032100506
28031,0.018187616
28032,0.005333334
28033,7.837038e-06
28034,0.0043923
28035,0.0155952005
28036,0.02732095
28037,0.033111483
28038,0.02972552
28039,0.0003333334
28040,0.0010325334
28041,0.0010960593
28042,0.00012
28043,0.0011244481
28044,0.0080251265
28045,0.019780448
28046,0.028912727
28047,0.027765349
28048,0.016255649
28049,0.0034920042
28050,0.0006225926
28051,0.01153787
28052,0.02943245
28053,0.04201268
28054,0.04072539
28055,0.026760532
28056,0.009624237
28057,0.0003114815
28058,0.0040600337
28059,0.017617634
28060,0.032035116
28061,0.03849695
28062,0.0334668
28063,0.02026267
28064,0.0065909484
28065,8.333335e-05
28066,0.003998226
28067,0.015701784
28068,0.028315648
28069,0.034634683
28070,0.031062286
28071,0.019660803
28072,0.006941337
28073,0.00019422593
28074,0.0033285336
28075,0.014608134
28076,0.027562905
28077,0.03465734
28078,0.03173085
28079,0.020436302
28080,0.007394701
28081,0.00024653334
28082,0.0032656335
28083,0.014740833
28084,0.027968537
28085,0.03518046
28086,0.032144133
28087,0.02062815
28088,0.007394701
28089,0.00023148149
28090,0.003342593
28091,0.014903837
28092,0.0281112
28093,0.035248984
28094,0.032100506
28095,0.020523394
28096,0.007332033
28097,0.00022231482
28098,0.0033637371
28099,0.014903837
28100,0.028090801
28101,0.03518046
28102,0.032035116
28103,0.020488536
28104,0.0073216152
28105,0.00017763334
28106,0.0044327257
28107,0.0010403704
28108,0.0014981332
28109,0.018484281
28110,0.041168727
28111,0.04808004
28112,0.0324723
28113,0.009304538
28114,0.00011084815
28115,0.013258016
28116,0.03778384
28117,0.054272532
28118,0.050923202
28119,0.031406462
28120,0.009949338
28121,9.0133326e-05
28122,0.0059643
28123,0.021440133
28124,0.035661515
28125,0.040064897
28126,0.03282418
28127,0.018633515
28128,0.0054765036
28129,8.181482e-06
28130,0.0044733374
28131,0.01583935
28132,0.027643792
28133,0.03335556
28134,0.029809518
28135,0.018950533
28136,0.0067700157
28137,0.0001648926
28138,0.0041693375
28139,0.012133704
28140,0.020908799
28141,0.0264627
28142,0.0008892593
28143,0.005983115
28144,0.010868033
28145,0.008886671
28146,0.0020888927
28147,0.0008784038
28148,0.0123086255
28149,0.030805392
28150,0.042162508
28151,0.036820035
28152,0.018917039
28153,0.0029469037
28154,0.0015987
28155,0.015885336
28156,0.03518046
28157,0.045916446
28158,0.041267574
28159,0.025037041
28160,0.0079489825
28161,7.25926e-05
28162,0.004949393
28163,0.018352134
28164,0.031622536
28165,0.037007116
28166,0.03173085
28167,0.019084813
28168,0.0062016146
28169,7.5737036e-05
28170,0.0038307
28171,0.0013962816
28172,0.015671294
28173,0.036354408
28174,0.04699202
28175,0.038856003
28176,0.018600302
28177,0.002346726
28178,0.0022823147
28179,0.017714702
28180,0.036843393
28181,0.046334703
28182,0.040480133
28183,0.023913635
28184,0.00725926
28185,3e-05
28186,0.0051570376
28187,0.018286237
28188,0.031105202
28189,0.036238458
28190,0.031083738
28191,0.018766671
28192,0.0061537824
28193,8.4448155e-05
28194,0.0037185336
28195,0.014888983
28196,0.027260626
28197,0.033846408
28198,0.0009861334
28199,0.0061061336
28200,0.010855348
28201,0.008760904
28202,0.0020008332
28203,0.0009370704
28204,0.012457616
28205,0.030890903
28206,0.04208756
28207,0.036656726
28208,0.01878335
28209,0.0029008337
28210,0.0016182258
28211,0.015885336
28212,0.035134815
28213,0.045786135
28214,0.041168727
28215,0.024998534
28216,0.007938134
28217,7.25926e-05
28218,0.004932282
28219,0.01831917
28220,0.031600893
28221,0.036983706
28222,0.03173085
28223,0.019084813
28224,0.006211204
28225,7.680001e-05
28226,0.0038231702
28227,0.015127559
28228,0.027522506
28229,0.0339809
28230,0.030805392
28231,0.019746227
28232,0.0071147997
28233,0.00022963336
28234,0.0032102258
28235,0.0144613935
28236,0.0017582261
28237,0.016834904
28238,0.03656357
28239,0.04268898
28240,0.029099291
28241,0.008456005
28242,9.363332e-05
28243,0.01217396
28244,0.03531757
28245,0.051556893
28246,0.049234502
28247,0.031062286
28248,0.01025517
28249,0.00015564814
28250,0.0011244481
28251,0.014800004
28252,0.034612034
28253,0.046439562
28254,0.042488035
28255,0.026166534
28256,0.0084672
28257,0.00010083333
28258,0.004940833
28259,0.01866676
28260,0.032253336
28261,0.037665635
28262,0.032144133
28263,0.0192027
28264,0.0061537824
28265,6.25926e-05
28266,0.0039445334
28267,0.0153228
28268,0.027664037
28269,0.0339809
28270,0.030698674
28271,0.019609634
28272,0.0070329043
28273,0.00022050373
28274,0.003217126
28275,0.014432134
28276,0.001753126
28277,0.016803334
28278,0.036470536
28279,0.0017226816
28280,0.009493337
28281,0.012593838
28282,0.0060492004
28283,1.6625927e-05
28284,0.007363334
28285,0.027020006
28286,0.043472134
28287,0.0013826704
28288,0.006660301
28289,0.0084672
28290,0.0036007261
28291,4.2403703e-05
28292,0.0076906714
28293,0.025268683
28294,0.039554905
28295,0.038115796
28296,0.021762135
28297,0.0044327257
28298,0.0008676149
28299,0.014402905
28300,0.0348843
28301,0.04744163
28302,0.043700833
28303,0.027000003
28304,0.008749516
28305,0.000105781495
28306,0.0050613377
28307,0.019051202
28308,0.032780092
28309,0.03806828
28310,0.03231895
28311,0.019152133
28312,0.00605867
28313,5.157037e-05
28314,0.0040290705
28315,0.015413335
28316,0.027684284
28317,0.03391362
28318,0.030570848
28319,0.0195075
28320,0.006981959
28321,0.00021690372
28322,0.003217126
28323,0.014402905
28324,0.02738134
28325,0.034612034
28326,0.031817637
28327,0.020575738
28328,0.0074786707
28329,0.00025813334
28330,0.0032448003
28331,0.014755615
28332,0.028029634
28333,0.03527184
28334,0.032231484
28335,0.020663125
28336,0.007394701
28337,0.00022963336
28338,0.0033566817
28339,0.01493357
28340,0.028152036
28341,0.035248984
28342,0.032100506
28343,0.020523394
28344,0.0073216152
28345,0.00022050373
28346,0.0033708
28347,0.014903837
28348,0.028070405
28349,0.03515764
28350,0.03201333
28351,0.020488536
28352,0.0073216152
28353,0.00022413337
28354,0.0033566817
28355,0.014874134
28356,0.028050017
28357,0.03515764
28358,0.032035116
28359,0.02050596
28360,0.007332033
28361,0.00022595927
28362,0.0033496334
28363,0.014874134
28364,0.028050017
28365,0.03515764
28366,0.032035116
28367,0.02050596
28368,0.007332033
28369,0.00022595927
28370,0.0033496334
28371,0.014888983
28372,0.028070405
28373,0.03515764
28374,0.032035116
28375,0.02050596
28376,0.007332033
28377,0.00022413337
28378,0.0033566817
28379,0.014888983
28380,0.028070405
28381,0.03515764
28382,0.032035116
28383,0.02050596
28384,0.007332033
28385,0.00022413337
28386,0.0033566817
28387,0.014888983
28388,0.028070405
28389,0.03515764
28390,0.032035116
28391,0.02050596
28392,0.007332033
28393,0.00022413337
28394,0.0033496334
28395,0.014888983
28396,0.028070405
28397,0.03515764
28398,0.032035116
28399,0.02050596
28400,0.007332033
28401,0.00022413337
28402,0.0033496334
28403,0.014888983
28404,0.028070405
28405,0.03515764
28406,0.032035116
28407,0.02050596
28408,0.007332033
28409,0.00022413337
28410,0.0033496334
28411,0.014888983
28412,0.028070405
28413,0.03515764
28414,0.032035116
28415,0.02050596
28416,0.007332033
28417,0.00022413337
28418,0.0033496334
28419,0.014888983
28420,0.028070405
28421,0.03515764
28422,0.032035116
28423,0.02050596
28424,0.007332033
28425,0.00022413337
28426,0.0033496334
28427,0.014888983
28428,0.028070405
28429,0.03515764
28430,0.032035116
28431,0.02050596
28432,0.007332033
28433,0.00022413337
28434,0.0033496334
28435,0.014888983
28436,0.028070405
28437,0.03515764
28438,0.032035116
28439,0.02050596
28440,0.007332033
28441,0.00022413337
28442,0.0033496334
28443,0.014888983
28444,0.028070405
28445,0.03515764
28446,0.032035116
28447,0.02050596
28448,0.007332033
28449,0.00022413337
28450,0.0033496334
28451,0.014888983
28452,0.028070405
28453,0.03515764
28454,0.0010208334
28455,0.0062785344
28456,0.011110459
28457,0.008932626
28458,0.0020336334
28459,0.0009408001
28460,0.012552894
28461,0.031105202
28462,0.042312592
28463,0.0010521815
28464,0.004637634
28465,0.0057131997
28466,0.0021224038
28467,0.00020803335
28468,0.007840834
28469,0.023744533
28470,0.036447294
28471,0.035020836
28472,0.020107038
28473,0.0041379593
28474,0.0008042815
28475,0.013582315
28476,0.03333334
28477,0.045864303
28478,0.042840004
28479,0.026900092
28480,0.008978699
28481,0.00015112592
28482,0.0047712033
28483,0.018633515
28484,0.032538135
28485,0.03818712
28486,0.032626018
28487,0.019456532
28488,0.006211204
28489,5.9737034e-05
28490,0.004021348
28491,0.015488981
28492,0.027866848
28493,0.03411565
28494,0.03072
28495,0.019558534
28496,0.0069717923
28497,0.00021155925
28498,0.0032448003
28499,0.0144613935
28500,0.027441796
28501,0.034634683
28502,0.03179593
28503,0.020540833
28504,0.007457634
28505,0.00025423706
28506,0.0032517372
28507,0.014740833
28508,0.02800926
28509,0.035248984
28510,0.032187797
28511,0.020645635
28512,0.007394701
28513,0.00022963336
28514,0.0033566817
28515,0.01493357
28516,0.028152036
28517,0.035248984
28518,0.032100506
28519,0.00035822592
28520,0.0010920333
28521,0.0011449482
28522,0.00012951484
28523,0.0011203705
28524,0.008068801
28525,0.019900458
28526,0.029078534
28527,0.027866848
28528,0.0162867
28529,0.0034848147
28530,0.0006317371
28531,0.011590227
28532,0.02949513
28533,0.042062595
28534,0.04074996
28535,0.00048534822
28536,0.0014513928
28537,0.0015170372
28538,0.00022595927
28539,0.001024726
28540,0.008200534
28541,0.02050596
28542,0.029998949
28543,0.028644297
28544,0.016630227
28545,0.0035064039
28546,0.0006721334
28547,0.011867037
28548,0.029956805
28549,0.002144893
28550,0.017040834
28551,0.032956626
28552,0.032648
28553,0.016039116
28554,0.0011614816
28555,0.0052184043
28556,0.0273612
28557,0.04985763
28558,0.054727174
28559,0.038856003
28560,0.015127559
28561,0.00081120007
28562,0.0044977926
28563,0.021368904
28564,0.038568627
28565,0.044801794
28566,0.036983706
28567,0.020785782
28568,0.0058800005
28569,7.2592593e-07
28570,0.005174534
28571,0.01739218
28572,0.029328132
28573,0.034363393
28574,0.02987259
28575,0.018418148
28576,0.0062881815
28577,0.00013090372
28578,0.0033991258
28579,0.014344536
28580,0.026860185
28581,0.03380163
28582,0.031105202
28583,0.020210724
28584,0.007415649
28585,0.00027401483
28586,0.0031348146
28587,0.014476032
28588,0.027745074
28589,0.035112005
28590,0.032231484
28591,0.020768238
28592,0.007499737
28593,0.00024653334
28594,0.00076675933
28595,0.0110592
28596,0.027562905
28597,0.03940979
28598,0.038616452
28599,0.025832895
28600,0.009612301
28601,0.00039120376
28602,0.0036593927
28603,0.01678756
28604,0.03125565
28605,0.03818712
28606,0.033667505
28607,0.020663125
28608,0.0068705333
28609,0.00011084815
28610,0.00081120007
28611,0.011355559
28612,0.028050017
28613,0.039845925
28614,0.038808037
28615,0.025793782
28616,0.009493337
28617,0.0003605333
28618,0.0037408334
28619,0.016898133
28620,0.031298704
28621,0.038115796
28622,0.033533636
28623,0.020558283
28624,0.006820181
28625,0.000107037034
28626,0.0038988001
28627,0.01565606
28628,0.028438672
28629,0.0348843
28630,0.03132024
28631,0.0198147
28632,0.0069921343
28633,0.00019253335
28634,0.0033637371
28635,0.014696535
28636,0.027664037
28637,0.034725346
28638,0.031752534
28639,0.020418903
28640,0.007363334
28641,0.00024083335
28642,0.0032795595
28643,0.014755615
28644,0.027968537
28645,0.03515764
28646,0.032100506
28647,0.0205932
28648,0.0073842374
28649,0.00023148149
28650,0.003342593
28651,0.014888983
28652,0.0281112
28653,0.035226133
28654,0.0320787
28655,0.020523394
28656,0.007332033
28657,0.00022413337
28658,0.0033637371
28659,0.014903837
28660,0.028070405
28661,0.03518046
28662,0.032035116
28663,0.02050596
28664,0.0073216152
28665,0.00022413337
28666,0.0033566817
28667,0.014888983
28668,0.028050017
28669,0.03515764
28670,0.032035116
28671,0.02050596
28672,0.007332033
28673,0.00022595927
28674,0.0033496334
28675,0.014874134
28676,0.028050017
28677,0.03515764
28678,0.032035116
28679,0.02050596
28680,0.007332033
28681,0.00022595927
28682,0.0033496334
28683,0.014888983
28684,0.028070405
28685,0.03515764
28686,0.032035116
28687,0.02050596
28688,0.007332033
28689,0.00022413337
28690,0.0033566817
28691,0.014888983
28692,0.0017786999
28693,0.016961483
28694,0.03675
28695,0.042840004
28696,0.029140834
28697,0.008444815
28698,9.72e-05
28699,0.012227737
28700,0.035386227
28701,0.051612183
28702,0.04926152
28703,0.031040832
28704,0.010230534
28705,0.00015262594
28706,0.0054765036
28707,0.020715648
28708,0.035203293
28709,0.04011363
28710,0.033222314
28711,0.019084813
28712,0.0056948145
28713,1.4700002e-05
28714,0.0044327257
28715,0.015931392
28716,0.02788717
28717,0.033667505
28718,0.030041128
28719,0.019034406
28720,0.006760004
28721,0.00019763334
28722,0.0032102258
28723,0.014257201
28724,0.027100096
28725,0.034318287
28726,0.031622536
28727,0.020540833
28728,0.007510282
28729,0.00027000002
28730,0.003196448
28731,0.014667036
28732,0.027968537
28733,0.03527184
28734,0.032275204
28735,0.020715648
28736,0.0074366266
28737,0.00023333704
28738,0.0033566817
28739,0.014948449
28740,0.028192896
28741,0.0352947
28742,0.032122318
28743,0.020523394
28744,0.0073216152
28745,0.00022050373
28746,0.0033778707
28747,0.014918702
28748,0.028090801
28749,0.03515764
28750,0.03201333
28751,0.020488536
28752,0.0073112035
28753,0.00022231482
28754,0.0033566817
28755,0.014874134
28756,0.028050017
28757,0.03515764
28758,0.03201333
28759,0.02050596
28760,0.007332033
28761,0.00022595927
28762,0.0033496334
28763,0.014874134
28764,0.028050017
28765,0.03515764
28766,0.032035116
28767,0.02050596
28768,0.007332033
28769,0.00022595927
28770,0.0033496334
28771,0.014888983
28772,0.028070405
28773,0.03515764
28774,0.032035116
28775,0.00035822592
28776,0.0010960593
28777,3.3425924e-05
28778,8.333334e-07
28779,0.0008892593
28780,0.0055851266
28781,0.014740833
28782,0.023426762
28783,0.024424534
28784,0.0157323
28785,0.0041067
28786,0.0002523
28787,0.0014008334
28788,0.017828282
28789,0.041267574
28790,0.052361485
28791,0.042137515
28792,0.019354803
28793,0.0021280148
28794,0.002848626
28795,0.019490505
28796,0.038928017
28797,0.04757428
28798,0.04052913
28799,0.023259392
28800,0.006730016
28801,5.633333e-06
28802,0.0054675005
28803,0.018500835
28804,0.0017992925
28805,0.016489258
28806,0.035661515
28807,0.04166413
28808,0.028459199
28809,0.008311126
28810,8.898148e-05
28811,0.011960033
28812,0.03481614
28813,0.051033124
28814,0.048937872
28815,0.00051805936
28816,0.0013601334
28817,0.0013377817
28818,0.00015413333
28819,0.0011614816
28820,0.008377838
28821,0.020471115
28822,0.029662596
28823,0.028192896
28824,0.016317781
28825,0.0034133336
28826,0.0006848149
28827,0.011800835
28828,0.029746506
28829,0.0421875
28830,0.040676285
28831,0.02660148
28832,0.0095052
28833,0.00029244815
28834,0.004098904
28835,0.017633792
28836,0.031969793
28837,0.038377635
28838,0.03335556
28839,0.020193428
28840,0.00658107
28841,8.333335e-05
28842,0.003982848
28843,0.01565606
28844,0.028274704
28845,0.034589395
28846,0.00097470003
28847,0.0059737037
28848,0.010615737
28849,0.0085683
28850,0.0019413929
28851,0.00094453717
28852,0.012389781
28853,0.030677352
28854,0.041863125
28855,0.036493782
28856,0.018716682
28857,0.002907393
28858,0.0015987
28859,0.015808728
28860,0.0024180147
28861,0.02255935
28862,0.046623353
28863,0.051750533
28864,0.033244506
28865,0.008681336
28866,0.00029244815
28867,0.0022016333
28868,0.026048535
28869,0.0562467
28870,0.066458136
28871,0.049180508
28872,0.019900458
28873,0.0013024037
28874,0.004872626
28875,0.024424534
28876,0.04380267
28877,0.049694702
28878,0.039627563
28879,0.02115593
28880,0.0053600334
28881,2.7392594e-05
28882,0.006134701
28883,0.01866676
28884,0.030041128
28885,0.03411565
28886,0.02899557
28887,0.01753695
28888,0.005833426
28889,9.245926e-05
28890,0.0034418372
28891,0.01414117
28892,0.026344037
28893,0.033200134
28894,0.030677352
28895,0.020055294
28896,0.0074471254
28897,0.00029662595
28898,0.0030401333
28899,0.014300834
28900,0.027583113
28901,0.035066403
28902,0.03231895
28903,0.020891206
28904,0.0075737042
28905,0.0002561815
28906,0.0033005036
28907,0.014918702
28908,0.028254237
28909,0.035432037
28910,0.032275204
28911,0.020610668
28912,0.0073424596
28913,0.0002187
28914,0.0033920333
28915,0.0149633335
28916,0.028152036
28917,0.035203293
28918,0.032035116
28919,0.020471115
28920,0.0073008006
28921,0.00022050373
28922,0.0033637371
28923,0.014888983
28924,0.028050017
28925,0.035134815
28926,0.03201333
28927,0.020488536
28928,0.0073216152
28929,0.00022595927
28930,0.0033496334
28931,0.014874134
28932,0.028050017
28933,0.03515764
28934,0.032035116
28935,0.02050596
28936,0.007332033
28937,0.00022595927
28938,0.0033496334
28939,0.014874134
28940,0.028070405
28941,0.03518046
28942,0.032035116
28943,0.02050596
28944,0.007332033
28945,0.00017763334
28946,0.0044327257
28947,0.01271707
28948,0.021600837
28949,0.026940035
28950,0.025657127
28951,0.017828282
28952,0.0073737823
28953,0.0005292
28954,0.0021336332
28955,0.012281634
28956,0.02559867
28957,0.034250673
28958,0.03284624
28959,0.022032302
28960,0.008411292
28961,0.0003984593
28962,0.0030603004
28963,0.014874134
28964,0.028726762
28965,0.036308005
28966,0.03308934
28967,0.021085173
28968,0.0074471254
28969,0.0002097926
28970,0.0035064039
28971,0.0152625935
28972,0.028500285
28973,0.0016133332
28974,0.01279956
28975,0.02573517
28976,0.026502317
28977,0.013582315
28978,0.0010920333
28979,0.004344034
28980,0.024064451
28981,0.045344453
28982,0.051336035
28983,0.037736535
28984,0.015488981
28985,0.0010800001
28986,0.003793126
28987,0.020020833
28988,0.037524033
28989,0.044647347
28990,0.037594803
28991,0.021565072
28992,0.0062978375
28993,7.837038e-06
28994,0.0050613377
28995,0.017472534
28996,0.029704534
28997,0.0348843
28998,0.030294817
28999,0.018616905
29000,0.0063074995
29001,0.000121337056
29002,0.0034776332
29003,0.014505339
29004,0.027020006
29005,0.0338912
29006,0.031083738
29007,0.020141572
29008,0.0073528923
29009,0.00026403333
29010,0.0031552927
29011,0.0014099594
29012,0.016069962
29013,0.037218153
29014,0.047920033
29015,0.03938563
29016,0.018700033
29017,0.0022997928
29018,0.0023822372
29019,0.018023837
29020,0.03719467
29021,0.046544537
29022,0.040480133
29023,0.023782061
29024,0.0071662264
29025,2.43e-05
29026,0.0052008326
29027,0.01831917
29028,0.031062286
29029,0.03614584
29030,0.030976532
29031,0.018700033
29032,0.006134701
29033,8.4448155e-05
29034,0.0037037039
29035,0.01484446
29036,0.027220452
29037,0.03380163
29038,0.030805392
29039,0.019848986
29040,0.0072075003
29041,0.00024653334
29042,0.0031621335
29043,0.014417515
29044,0.027542701
29045,0.034861572
29046,0.032035116
29047,0.020698136
29048,0.007489201
29049,0.0002523
29050,0.0032795595
29051,0.014829634
29052,0.0281112
29053,0.03531757
29054,0.032209635
29055,0.02062815
29056,0.007363334
29057,0.00022595927
29058,0.0033708
29059,0.014948449
29060,0.028131617
29061,0.035226133
29062,0.032056905
29063,0.020488536
29064,0.0073112035
29065,0.00022050373
29066,0.0033637371
29067,0.014903837
29068,0.028070405
29069,0.03515764
29070,0.03201333
29071,0.020488536
29072,0.0073216152
29073,0.00022413337
29074,0.0033496334
29075,0.014874134
29076,0.028050017
29077,0.03515764
29078,0.032035116
29079,0.02050596
29080,0.007332033
29081,0.00022595927
29082,0.0033496334
29083,0.014874134
29084,0.028050017
29085,0.03515764
29086,0.032035116
29087,0.02050596
29088,0.007332033
29089,0.00022595927
29090,0.0033496334
29091,0.014888983
29092,0.028070405
29093,0.03515764
29094,0.032035116
29095,0.02050596
29096,0.007332033
29097,0.00022413337
29098,0.0033566817
29099,0.014888983
29100,0.028070405
29101,0.03515764
29102,0.032035116
29103,0.02050596
29104,0.007332033
29105,0.00022413337
29106,0.0033496334
29107,0.014888983
29108,0.028070405
29109,0.03515764
29110,0.032035116
29111,0.02050596
29112,0.007332033
29113,0.00022413337
29114,0.0033496334
29115,0.014888983
29116,0.028070405
29117,0.0016133332
29118,0.012854701
29119,0.02585246
29120,0.026621336
29121,0.013639115
29122,0.0011000925
29123,0.004352059
29124,0.02412113
29125,0.045448188
29126,0.051418804
29127,0.0008321334
29128,0.0028812
29129,0.0032378708
29130,0.0008748
29131,0.0005955593
29132,0.008200534
29133,0.022267794
29134,0.0331558
29135,0.031622536
29136,0.018171204
29137,0.0037408334
29138,0.0007600333
29139,0.0127445385
29140,0.031600893
29141,0.044032242
29142,0.0417387
29143,0.026700838
29144,0.009210848
29145,0.00021155925
29146,0.004440834
29147,0.018138405
29148,0.032231484
29149,0.038258504
29150,0.032956626
29151,0.019797573
29152,0.006385071
29153,7.155926e-05
29154,0.003998226
29155,0.015564815
29156,0.028050017
29157,0.034340836
29158,0.030890903
29159,0.019626683
29160,0.0069717923
29161,0.00020453705
29162,0.0032865335
29163,0.014534673
29164,0.027502315
29165,0.03465734
29166,0.031774223
29167,0.02050596
29168,1.08e-05
29169,0.00030507034
29170,0.0017480336
29171,0.005271293
29172,0.0113425935
29173,0.0183027
29174,0.022158949
29175,0.019371737
29176,0.010653393
29177,0.0019683002
29178,0.0007769037
29179,0.0100467
29180,0.025152726
29181,0.036586847
29182,0.03668003
29183,0.00050430006
29184,0.0017025335
29185,0.0018828483
29186,0.0003651704
29187,0.0008676149
29188,0.008068801
29189,0.020785782
29190,0.030698674
29191,0.02941157
29192,0.017088534
29193,0.0036080335
29194,0.0006752926
29195,0.012040033
29196,0.030358406
29197,0.042890407
29198,0.041193426
29199,0.00047468152
29200,0.0013872002
29201,0.0014329037
29202,1.6133334e-05
29203,0.0015408334
29204,0.007457634
29205,0.017248016
29206,0.025210671
29207,0.024653334
29208,0.014903837
29209,0.0034204484
29210,0.00046675923
29211,0.010391204
29212,0.027562905
29213,0.040406704
29214,0.04011363
29215,0.027000003
29216,0.010095559
29217,0.00042312598
29218,0.0037408334
29219,0.017232034
29220,0.031948037
29221,0.038832016
29222,0.001024726
29223,0.0060397373
29224,0.010615737
29225,0.008500834
29226,0.0018987261
29227,0.00097470003
29228,0.012457616
29229,0.03072
29230,0.041813336
29231,0.036400832
29232,0.018650135
29233,0.0028812
29234,0.0016084481
29235,0.015808728
29236,0.034998063
29237,0.045656007
29238,0.041094672
29239,0.024979295
29240,0.007959837
29241,7.5737036e-05
29242,0.0049152006
29243,0.018286237
29244,0.03157926
29245,0.037007116
29246,0.031752534
29247,0.01911846
29248,2.1333335e-06
29249,0.00048267035
29250,0.0022188004
29251,0.00592676
29252,0.011853782
29253,0.01831917
29254,0.021654533
29255,0.018650135
29256,0.010132282
29257,0.001814815
29258,0.0008146704
29259,0.0012545333
29260,0.01574757
29261,0.037100833
29262,0.048186854
29263,0.039821632
29264,0.019017613
29265,0.0023881816
29266,0.0023408332
29267,0.018040182
29268,0.037382696
29269,0.046807505
29270,0.040700838
29271,0.023894815
29272,0.007176533
29273,2.3114815e-05
29274,0.005244815
29275,0.018401636
29276,0.03114815
29277,0.036192138
29278,0.030976532
29279,0.01866676
29280,0.0061061336
29281,8.112593e-05
29282,0.0037185336
29283,0.0148592945
29284,0.02720037
29285,0.03377926
29286,0.030784033
29287,0.019831836
29288,0.00719717
29289,0.00024653334
29290,0.0031621335
29291,0.014417515
29292,0.027542701
29293,0.034861572
29294,0.032035116
29295,0.020698136
29296,0.007499737
29297,0.00025423706
29298,0.0032795595
29299,0.014829634
29300,0.0281112
29301,0.03531757
29302,0.032209635
29303,0.02062815
29304,0.0073737823
29305,0.00022595927
29306,0.0033708
29307,0.014948449
29308,0.028131617
29309,0.035226133
29310,0.032056905
29311,0.020488536
29312,0.0073112035
29313,0.00022050373
29314,0.0033637371
29315,0.0014282999
29316,0.016193634
29317,0.03740624
29318,0.04808004
29319,0.039458133
29320,0.018683393
29321,0.0022823147
29322,0.0024060593
29323,0.018072894
29324,0.037241638
29325,0.046544537
29326,0.04045565
29327,0.023744533
29328,0.007145634
29329,2.3703706e-05
29330,0.005209615
29331,0.01831917
29332,0.031040832
29333,0.036122702
29334,0.030955113
29335,0.018683393
29336,0.006134701
29337,8.4448155e-05
29338,0.0037037039
29339,0.01484446
29340,0.02720037
29341,0.03380163
29342,0.030805392
29343,0.019848986
29344,0.0072075003
29345,0.00024844817
29346,0.0031621335
29347,0.014417515
29348,0.027542701
29349,0.034861572
29350,0.032035116
29351,0.020698136
29352,0.007489201
29353,0.0002523
29354,0.0032795595
29355,0.014829634
29356,0.0281112
29357,0.03531757
29358,0.032209635
29359,0.02062815
29360,0.007363334
29361,0.00022595927
29362,0.0033708
29363,0.014948449
29364,0.028131617
29365,0.035226133
29366,0.032056905
29367,0.020488536
29368,0.0073112035
29369,0.00022050373
29370,0.0033637371
29371,0.014903837
29372,0.028070405
29373,0.0016084481
29374,0.012840903
29375,0.025832895
29376,0.02660148
29377,0.013639115
29378,0.0010960593
29379,0.004352059
29380,0.024102226
29381,0.045422237
29382,0.051418804
29383,0.037760183
29384,0.015488981
29385,0.0010800001
29386,0.0038081335
29387,0.020055294
29388,0.037547614
29389,0.044647347
29390,0.037594803
29391,0.021547202
29392,0.0062881815
29393,7.837038e-06
29394,0.00507
29395,0.017472534
29396,0.029704534
29397,0.034861572
29398,0.030294817
29399,0.018616905
29400,0.0063074995
29401,0.000121337056
29402,0.0034776332
29403,0.014505339
29404,0.027020006
29405,0.0338912
29406,0.031083738
29407,0.020141572
29408,0.0073528923
29409,0.00026403333
29410,0.0031552927
29411,0.014490683
29412,0.027704537
29413,0.035043616
29414,0.03216596
29415,0.02073317
29416,0.007489201
29417,0.00024653334
29418,0.003314504
29419,0.014888983
29420,0.028172458
29421,0.03534045
29422,0.032187797
29423,0.0205932
29424,0.0073424596
29425,0.00022231482
29426,0.0033778707
29427,0.01493357
29428,0.028131617
29429,0.035203293
29430,0.032035116
29431,0.020488536
29432,0.0073112035
29433,0.00022231482
29434,0.0033637371
29435,0.014888983
29436,0.028050017
29437,0.03515764
29438,0.03201333
29439,0.00035822592
29440,0.0010960593
29441,0.0011531999
29442,0.00013090372
29443,0.0011203705
29444,0.008068801
29445,0.019900458
29446,0.029078534
29447,0.0009148482
29448,0.0046210703
29449,0.0059455154
29450,0.002346726
29451,0.00014520001
29452,0.007563115
29453,0.023557352
29454,0.0019683002
29455,0.0148592945
29456,0.025346134
29457,0.019986406
29458,0.005297837
29459,0.00067845924
29460,0.016085392
29461,0.040799115
29462,0.054017637
29463,0.04472454
29464,0.021191347
29465,0.002588504
29466,0.0026320333
29467,0.019677872
29468,0.039967503
29469,0.049072597
29470,0.0417387
29471,0.023800833
29472,0.006780033
29473,2.1333335e-06
29474,0.0057040043
29475,0.018950533
29476,0.031363335
29477,0.035914797
29478,0.030443296
29479,0.018204033
29480,0.0058986815
29481,6.951483e-05
29482,0.003711115
29483,0.014711292
29484,0.026920063
29485,0.033489075
29486,0.030592136
29487,0.019780448
29488,0.0072281817
29489,0.0002600926
29490,0.003114404
29491,0.014329959
29492,0.027482133
29493,0.034861572
29494,0.032100506
29495,0.020750703
29496,0.0075313933
29497,0.00025813334
29498,0.0032725928
29499,0.01484446
29500,0.028152036
29501,0.035363335
29502,0.032253336
29503,0.020645635
29504,0.0073737823
29505,0.00022413337
29506,0.0033778707
29507,0.0149633335
29508,0.028152036
29509,0.035226133
29510,0.032056905
29511,0.00035822592
29512,0.0010880148
29513,0.0011449482
29514,0.00012813334
29515,0.0011244481
29516,0.008068801
29517,0.019883294
29518,0.0015075706
29519,0.011590227
29520,0.02028
29521,0.016240135
29522,0.0042562373
29523,0.00070083333
29524,0.0147704035
29525,0.037547614
29526,0.05029343
29527,0.042362686
29528,0.020575738
29529,0.0027265332
29530,0.0022765037
29531,0.018467737
29532,0.03852083
29533,0.048160132
29534,0.04166413
29535,0.02421574
29536,0.0071353484
29537,1.2892592e-05
29538,0.0054765036
29539,0.018800035
29540,0.031471208
29541,0.036261637
29542,0.030826764
29543,0.018467737
29544,1.7925927e-06
29545,0.00047468152
29546,0.002190226
29547,0.00587067
29548,0.011787615
29549,0.018286237
29550,0.021654533
29551,0.018683393
29552,0.00011084815
29553,2.6133332e-05
29554,0.00019253335
29555,0.0023644485
29556,0.008579572
29557,0.017779559
29558,0.0012288002
29559,0.009612301
29560,0.017152237
29561,0.013896183
29562,0.0036007261
29563,0.0007203
29564,0.013910533
29565,0.03540913
29566,0.047840133
29567,0.04077454
29568,0.020176135
29569,0.0028227004
29570,0.0020446258
29571,0.017682316
29572,0.037547614
29573,0.04754774
29574,0.041589636
29575,0.024500683
29576,0.0073842374
29577,2.5514819e-05
29578,0.005333334
29579,0.018683393
29580,0.03153602
29581,0.036493782
29582,0.031105202
29583,0.018633515
29584,0.0060397373
29585,7.155926e-05
29586,0.0037781487
29587,0.01493357
29588,0.027220452
29589,0.033734538
29590,0.030677352
29591,0.019746227
29592,0.0071662264
29593,0.00024462593
29594,0.0031621335
29595,0.0143883005
29596,0.027482133
29597,0.03481614
29598,0.03201333
29599,0.020680629
29600,0.007499737
29601,0.0002561815
29602,0.0032725928
29603,0.0148148155
29604,0.0281112
29605,0.03534045
29606,0.032231484
29607,0.020645635
29608,0.0073737823
29609,0.00022595927
29610,0.0033708
29611,0.014948449
29612,0.028152036
29613,0.035226133
29614,0.032056905
29615,0.02050596
29616,0.0073112035
29617,0.00022050373
29618,0.0033637371
29619,0.014903837
29620,0.028070405
29621,0.03515764
29622,0.03201333
29623,0.020488536
29624,0.0073216152
29625,0.00022413337
29626,0.0033496334
29627,0.014874134
29628,0.028050017
29629,0.03515764
29630,0.032035116
29631,0.02050596
29632,0.007332033
29633,0.00022595927
29634,0.0033496334
29635,0.014874134
29636,0.028050017
29637,0.0016133332
29638,0.012854701
29639,0.02585246
29640,0.026621336
29641,0.013639115
29642,0.00018917037
29643,0.006740004
29644,0.020314682
29645,0.032978725
29646,0.03596095
29647,0.026820298
29648,0.0116427
29649,0.0010325334
29650,0.0024843
29651,0.015217516
29652,0.030933706
29653,0.0018356149
29654,0.014359115
29655,0.02833613
29656,0.028664906
29657,0.014417515
29658,0.0011041333
29659,0.0046875
29660,0.025288032
29661,0.04699202
29662,0.05255663
29663,0.038092036
29664,0.0153228
29665,0.0009709037
29666,0.004052282
29667,0.020523394
29668,0.037902225
29669,0.04467307
29670,0.03735917
29671,0.021262279
29672,0.0061442372
29673,4.5370375e-06
29674,0.0051047257
29675,0.017440371
29676,0.029557869
29677,0.03468
29678,0.030146703
29679,0.018550536
29680,0.0062978375
29681,0.0001253926
29682,0.0034418372
29683,0.01444676
29684,0.026960015
29685,0.0338688
29686,0.031105202
29687,0.020158846
29688,0.0073842374
29689,0.0002680037
29690,0.0031484596
29691,0.014490683
29692,0.027724799
29693,0.035089202
29694,0.032187797
29695,0.020750703
29696,0.007489201
29697,0.00024653334
29698,0.003314504
29699,0.014903837
29700,0.028172458
29701,0.03534045
29702,0.032187797
29703,0.0205932
29704,0.0073424596
29705,0.00022231482
29706,0.0033778707
29707,0.01493357
29708,0.028131617
29709,0.035203293
29710,0.032035116
29711,0.020488536
29712,0.0073112035
29713,0.00022231482
29714,0.0033637371
29715,0.014888983
29716,0.028050017
29717,0.035134815
29718,0.03201333
29719,0.020488536
29720,0.007332033
29721,0.00022595927
29722,0.0033496334
29723,0.014874134
29724,0.028050017
29725,0.03515764
29726,0.032035116
29727,0.02050596
29728,0.007332033
29729,0.00022595927
29730,0.0033496334
29731,0.014874134
29732,0.028070405
29733,0.03515764
29734,0.032035116
29735,0.02050596
29736,0.007332033
29737,0.00022413337
29738,0.0033566817
29739,0.014888983
29740,0.028070405
29741,0.03515764
29742,0.032035116
29743,0.02050596
29744,0.007332033
29745,0.00022413337
29746,0.0033566817
29747,0.014888983
29748,0.028070405
29749,0.03515764
29750,0.032035116
29751,0.02050596
29752,0.007332033
29753,0.00022413337
29754,0.0033496334
29755,0.014888983
29756,0.028070405
29757,0.03515764
29758,0.032035116
29759,0.02050596
29760,0.007332033
29761,0.00022413337
29762,0.0033496334
29763,0.014888983
29764,0.028070405
29765,0.03515764
29766,0.032035116
29767,0.02050596
29768,0.007332033
29769,0.00022413337
29770,0.0033496334
29771,0.014888983
29772,0.0017786999
29773,0.016961483
29774,0.03675
29775,0.042840004
29776,0.029140834
29777,0.008444815
29778,9.72e-05
29779,0.012227737
29780,0.035386227
29781,0.051612183
29782,0.04926152
29783,0.031040832
29784,0.010230534
29785,0.00015262594
29786,0.0054765036
29787,0.020715648
29788,0.035203293
29789,0.04011363
29790,0.033222314
29791,0.019084813
29792,0.0056948145
29793,1.4700002e-05
29794,0.0044327257
29795,0.015931392
29796,0.02788717
29797,0.033667505
29798,0.030041128
29799,0.019034406
29800,0.006760004
29801,0.00019763334
29802,0.0032102258
29803,0.014257201
29804,0.027100096
29805,0.034318287
29806,0.031622536
29807,0.020540833
29808,0.007510282
29809,0.00027000002
29810,0.003196448
29811,0.014667036
29812,0.027968537
29813,0.03527184
29814,0.032275204
29815,0.0003651704
29816,0.0011163
29817,0.0011781335
29818,0.00013795926
29819,0.0011081814
29820,0.008068801
29821,0.019934816
29822,0.029140834
29823,0.02794818
29824,0.016333334
29825,0.0034920042
29826,0.00063480006
29827,0.011616448
29828,0.02953695
29829,0.042112533
29830,0.04077454
29831,0.026740627
29832,0.009600371
29833,0.00030720004
29834,0.00407556
29835,0.017633792
29836,0.032035116
29837,0.038473073
29838,0.03344454
29839,0.020228036
29840,0.00658107
29841,8.222593e-05
29842,0.003998226
29843,0.015701784
29844,0.028315648
29845,0.034612034
29846,0.031062286
29847,0.019660803
29848,0.006951481
29849,0.00019422593
29850,0.0033285336
29851,0.014608134
29852,0.027542701
29853,0.03465734
29854,0.03173085
29855,0.020453705
29856,0.007394701
29857,0.00024653334
29858,0.0032656335
29859,0.014740833
29860,0.027968537
29861,0.03518046
29862,0.032144133
29863,0.02062815
29864,9.633333e-06
29865,0.00032450372
29866,0.0018096336
29867,0.0053600334
29868,0.011420504
29869,0.01831917
29870,0.022086535
29871,0.019270224
29872,0.010578148
29873,0.0019467594
29874,0.00078370364
29875,0.0100467
29876,0.025114138
29877,0.036517035
29878,0.03663343
29879,0.02524934
29880,0.009852448
29881,0.0005348148
29882,0.003196448
29883,0.015946759
29884,0.030613428
29885,0.03813956
29886,0.03411565
29887,0.021226801
29888,0.00719717
29889,0.00014083333
29890,0.0038382371
29891,0.015762849
29892,0.02878868
29893,0.03531757
29894,0.03166584
29895,0.019969199
29896,0.0069921343
29897,0.00018253335
29898,0.0034347004
29899,0.01484446
29900,0.027785635
29901,0.034770727
29902,0.03170917
29903,0.02034939
29904,0.0073112035
29905,0.00023333704
29906,0.0032935147
29907,0.014755615
29908,0.027927836
29909,0.035089202
29910,0.032056905
29911,0.020558283
29912,0.0073737823
29913,0.00023148149
29914,0.0033355595
29915,0.014874134
29916,0.028090801
29917,0.035203293
29918,0.0320787
29919,0.020540833
29920,0.0073424596
29921,0.00022413337
29922,0.0033566817
29923,0.014903837
29924,0.028090801
29925,0.03518046
29926,0.032035116
29927,0.02050596
29928,0.0073216152
29929,0.00022413337
29930,0.0033566817
29931,0.014888983
29932,0.028050017
29933,0.03515764
29934,0.032035116
29935,0.02050596
29936,0.007332033
29937,0.00022413337
29938,0.0033496334
29939,0.014874134
29940,0.028050017
29941,0.03515764
29942,0.0010208334
29943,0.0062785344
29944,0.011110459
29945,0.008932626
29946,0.0020336334
29947,0.0009408001
29948,0.012552894
29949,0.031105202
29950,0.042312592
29951,0.036796685
29952,0.018800035
29953,0.002887737
29954,0.0016378704
29955,0.015962133
29956,0.035203293
29957,0.045838244
29958,0.04114404
29959,0.024960058
29960,1.2000002e-06
29961,0.0006976148
29962,0.0028616334
29963,0.0068907263
29964,0.0127445385
29965,0.018650135
29966,0.021280035
29967,0.01787707
29968,0.009481482
29969,0.0015938372
29970,0.00089289254
29971,0.009961481
29972,0.02444356
29973,0.035432037
29974,0.035661515
29975,0.024729835
29976,0.009780092
29977,0.0005662259
29978,0.003046848
29979,0.0155952005
29980,0.030231293
29981,0.037949633
29982,0.03416063
29983,0.0213867
29984,0.0073216152
29985,0.00015717038
29986,0.0037856335
29987,0.01574757
29988,0.02885067
29989,0.035454948
29990,0.03179593
29991,0.020038063
29992,0.007012504
29993,0.0001808926
29994,0.0034489816
29995,0.014888983
29996,0.027846536
29997,0.03481614
29998,0.03170917
29999,0.020332035
30000,0.007290404
