step,reward
1,-2.681406e-06
2,-2.7825623e-05
3,0.0007890689
4,7.381321e-05
5,0.0034003789
6,0.011341176
7,0.01749434
8,0.0047668144
9,0.00037815046
10,0.0016882836
11,0.006133454
12,0.004347128
13,0.0031777618
14,0.0010587241
15,2.508032e-05
16,-5.6270394e-05
17,0.00023639601
18,0.00032811804
19,0.00016327057
20,2.6623991e-05
21,-2.1991882e-06
22,1.629048e-05
23,0.00040913856
24,0.001163144
25,0.003104542
26,0.0036467896
27,0.0011370215
28,-0.00013529418
29,0.0018457912
30,0.006083775
31,0.011060781
32,0.011247554
33,0.0068772743
34,0.0018880983
35,7.467381e-06
36,0.0001405548
37,0.0007854897
38,0.0015542499
39,0.0020042842
40,0.0036679516
41,0.0041142153
42,0.0051647043
43,0.0042910073
44,0.0029017937
45,0.00066870335
46,4.9014197e-06
47,0.0021379003
48,0.0063313316
49,0.008691729
50,0.00801343
51,0.0067480276
52,0.0033149444
53,0.00067903986
54,-8.887769e-05
55,0.000586422
56,0.0016118842
57,0.0036350116
58,0.004529026
59,0.0049659223
60,0.004869499
61,0.0038072036
62,0.0019167002
63,0.00024419907
64,2.7234528e-05
65,0.0016667438
66,0.0048041516
67,0.007992651
68,0.0094765825
69,0.008388984
70,0.0053482037
71,0.0019725054
72,2.543514e-05
73,0.00045076787
74,0.0027385417
75,0.005677994
76,0.0077790422
77,0.007401685
78,0.0052275844
79,0.0026181263
80,0.0008928322
81,-3.568166e-05
82,6.6432985e-05
83,0.0012016956
84,0.0030879015
85,0.005343952
86,0.0068132104
87,0.0059174243
88,0.0030142472
89,0.001004654
90,-1.2108976e-05
91,9.5642616e-05
92,0.001257589
93,0.0030693212
94,0.00479819
95,0.006196142
96,0.004118372
97,0.0033358636
98,0.0013689874
99,1.5370992e-05
100,0.00026915956
101,0.001804567
102,0.0035442188
103,0.0042125043
104,0.0035072304
105,0.0029225487
106,0.0024215356
107,0.0010118743
108,-3.580869e-05
109,0.00020812266
110,0.001915694
111,0.0044840025
112,0.0074928245
113,0.008255382
114,0.0062569827
115,0.0032782156
116,0.0011466923
117,5.13947e-05
118,0.00014590533
119,0.0019459797
120,0.0042291046
121,0.0064990283
122,0.0072356598
123,0.0073375064
124,0.0046109594
125,0.0017113447
126,5.2188952e-05
127,0.0002878436
128,0.0023161734
129,0.005120406
130,0.007080184
131,0.0073387823
132,0.0067426437
133,0.004103768
134,0.0012523463
135,3.2863827e-06
136,0.0001720392
137,0.0017626596
138,0.0045124358
139,0.005864698
140,0.007053131
141,0.0050824713
142,0.0035929761
143,0.0011984088
144,6.999588e-05
145,9.709769e-05
146,0.0016006123
147,0.0032792902
148,0.0063605714
149,0.0065450734
150,0.0057130605
151,0.003623951
152,0.0018135983
153,9.107967e-05
154,0.00025584883
155,0.0017305985
156,0.0047303727
157,0.0058713844
158,0.0068078525
159,0.0063764635
160,0.0034238573
161,0.0012543732
162,6.438835e-05
163,6.077739e-05
164,0.000894354
165,0.0031199793
166,0.005929182
167,0.007257007
168,0.005874756
169,0.004336911
170,0.001928346
171,0.00012391064
172,6.149144e-05
173,0.0018054117
174,0.003367648
175,0.0046501146
176,0.0038775096
177,0.0022603758
178,0.0016444855
179,0.0004443421
180,-1.0881711e-05
181,8.742266e-05
182,-1.5045589e-06
183,5.5750676e-05
184,0.00043286066
185,0.001205803
186,0.0021151924
187,0.0012816854
188,0.00059480633
189,-2.1008935e-05
190,0.00015482068
191,7.4774056e-05
192,0.0015377372
193,0.003520493
194,0.004212445
195,0.0043200497
196,0.0031716009
197,0.0011897255
198,0.000114026065
199,7.2302646e-06
200,0.00044013208
201,0.0018716761
202,0.0028821952
203,0.0027607551
204,0.0033890433
205,0.0021204792
206,0.00078883907
207,-3.8967395e-05
208,8.2561055e-05
209,0.00037453492
210,0.0009724946
211,0.002179049
212,0.0034749615
213,0.0027458635
214,0.0023537881
215,0.0013243384
216,0.00018273227
217,-1.6772108e-05
218,0.0004866259
219,0.0017865242
220,0.0020284976
221,0.001761052
222,0.0007205511
223,0.0006923653
224,0.00040553662
225,-3.8778635e-05
226,0.00017811827
227,0.0002623429
228,0.0010632236
229,0.000679501
230,0.0007502155
231,0.0012785118
232,0.0010209257
233,0.0002868973
234,5.460286e-05
235,8.878018e-05
236,0.00033251796
237,0.000102641905
238,0.00054297876
239,0.00047426546
240,0.0008100128
241,0.0011653322
242,0.00046927747
243,-7.395172e-05
244,0.00011468197
245,0.0005607883
246,0.00056156947
247,0.0020507206
248,0.003425823
249,0.0022186143
250,0.0009970195
251,0.0007438988
252,9.354639e-05
253,2.2225991e-05
254,0.0013402775
255,0.0026974739
256,0.0031265162
257,0.0022399384
258,0.0019570668
259,0.0018460958
260,0.0007086046
261,-6.063912e-05
262,-6.090326e-05
263,0.00041676557
264,0.0013281071
265,0.0012826757
266,0.0024466857
267,0.0028660656
268,0.0016227711
269,0.00054219767
270,3.5001874e-05
271,-4.279268e-05
272,0.000739855
273,0.0019524859
274,0.0032474254
275,0.0032746224
276,0.0021199381
277,0.0019227562
278,0.0006322271
279,-5.0709015e-05
280,-4.278838e-05
281,0.00018715957
282,0.0009947966
283,0.0017024463
284,0.0012130348
285,0.0014007584
286,0.00046773814
287,0.0003608549
288,7.0599584e-05
289,5.872464e-05
290,0.00018477587
291,0.00082694605
292,0.0028320444
293,0.0017609182
294,0.0016468071
295,0.00084199867
296,0.00045972917
297,-6.998715e-05
298,-2.0031315e-05
299,0.00043558862
300,0.0005510334
301,6.761465e-05
302,0.0003179395
303,0.0004964894
304,0.0006606912
305,0.0005910944
306,4.329402e-05
307,-5.177225e-05
308,0.0001550991
309,0.0007857907
310,0.0014788829
311,0.0031448049
312,0.0025519524
313,0.0015305764
314,0.00030854394
315,-4.9336973e-05
316,-2.1746564e-05
317,0.0001413028
318,0.0005695032
319,0.0022991602
320,0.0034795953
321,0.0026912414
322,0.0019161494
323,0.00048503157
324,-2.3292661e-05
325,-4.97169e-05
326,0.0010432935
327,0.0021215612
328,0.0020468724
329,0.0022867925
330,0.0019931314
331,0.0013304602
332,0.00050638785
333,-3.2552998e-05
334,4.285582e-05
335,0.0008920895
336,0.0013093378
337,0.0035410651
338,0.0021436652
339,3.8102793e-05
340,9.133622e-05
341,0.00015409102
342,-0.00010074861
343,0.000246111
344,0.00033292783
345,0.0005381439
346,0.0009625903
347,0.0010661208
348,0.00054261764
349,0.00018489697
350,-5.539704e-05
351,-7.668554e-05
352,6.691333e-05
353,0.0004466233
354,0.0018761042
355,0.0032813454
356,0.00524854
357,0.0046471264
358,0.0035149276
359,0.0012134023
360,-4.8264716e-05
361,0.00029116764
362,0.002738237
363,0.0066946726
364,0.008721237
365,0.007843287
366,0.007301542
367,0.0038558242
368,0.0015909482
369,-9.639117e-05
370,0.00048732536
371,0.0030788244
372,0.005957003
373,0.0068170237
374,0.0055497247
375,0.006154767
376,0.0046799565
377,0.0016541702
378,-7.465225e-05
379,0.00048903376
380,0.003489454
381,0.0063989884
382,0.007454007
383,0.006685133
384,0.003818549
385,0.0018800144
386,0.0005758393
387,1.1481723e-05
388,0.00065330154
389,0.0033272398
390,0.0046108468
391,0.0035115944
392,0.0033996946
393,5.355144e-05
394,0.00080154755
395,0.0010180791
396,0.00025273848
397,0.00072694937
398,0.0023642916
399,0.0054804385
400,0.003957211
401,0.0055421502
402,0.0029960987
403,0.0013776467
404,0.00019057177
405,4.1810767e-05
406,0.0011311232
407,0.003432556
408,0.004722814
409,0.0039035296
410,0.003719194
411,0.0019958036
412,0.0020448999
413,0.00067265186
414,6.137525e-05
415,0.0010558487
416,0.0039899796
417,0.0073839687
418,0.0066377018
419,0.006645641
420,0.004042915
421,0.001360665
422,4.068541e-06
423,7.482826e-05
424,0.0011779253
425,0.0049659177
426,0.008626752
427,0.01003491
428,0.010465982
429,0.007232097
430,0.004124798
431,-1.4496683e-05
432,0.0009163008
433,0.00022674765
434,0.0037556398
435,0.0062669627
436,0.0070119444
437,0.005823007
438,0.0010062116
439,0.0003048007
440,0.0018810353
441,0.00017689668
442,0.0018408608
443,0.0033493473
444,0.0058336607
445,0.00482229
446,0.0033611143
447,0.003061009
448,0.0008518352
449,0.00036601548
450,7.7983e-05
451,0.0014067835
452,0.0017980088
453,0.0030024303
454,0.0040934025
455,0.0019735475
456,0.0020090558
457,0.0015434718
458,0.0004960457
459,-5.8359292e-05
460,0.00055434887
461,0.002242307
462,0.0031250988
463,0.005594701
464,0.00511981
465,0.005300314
466,0.0037000524
467,0.00076527713
468,-6.8646186e-05
469,0.0005777337
470,0.003193142
471,0.0058288276
472,0.00819893
473,0.0068303836
474,0.0070716683
475,0.0050732563
476,0.0016812164
477,-5.755532e-05
478,0.00045989768
479,0.002905556
480,0.0057865907
481,0.0070058526
482,0.006023587
483,0.006404637
484,0.0029058445
485,0.0007397025
486,-7.063578e-05
487,0.00033710705
488,0.0011159602
489,0.0034875763
490,0.0031464307
491,0.0034624827
492,0.0016323243
493,0.0011949786
494,6.1553066e-05
495,-9.716564e-05
496,0.00045584678
497,0.0012764646
498,0.0012716767
499,0.0021941555
500,0.0008599887
501,0.0018990393
502,0.0015571171
503,-8.624333e-05
504,8.0772064e-05
505,0.00013058158
506,0.00067947386
507,0.00097472704
508,0.0028922444
509,0.00502288
510,0.0017333486
511,0.0016615343
512,0.0003876093
513,0.00014970981
514,0.00072806806
515,0.0025575983
516,0.0030577094
517,0.0039311545
518,0.00062176876
519,0.0015610623
520,0.00034883764
521,0.00037033466
522,-0.00012304576
523,0.00056304643
524,0.001255794
525,0.0012525812
526,0.0017859052
527,0.0012991806
528,0.00020375196
529,0.00061198865
530,0.00063838396
531,0.00024459697
532,0.0002916889
533,0.001986511
534,0.0041407794
535,0.006410681
536,0.008160979
537,0.004281878
538,0.0021841826
539,0.0006362032
540,0.000102521066
541,0.0008873001
542,0.003979156
543,0.0064477823
544,0.009985656
545,0.009924849
546,0.008075532
547,0.004761645
548,0.0006888348
549,0.000130372
550,0.0006890223
551,0.003979891
552,0.0068992977
553,0.0098925335
554,0.011164154
555,0.006874912
556,0.004218609
557,0.001101214
558,0.00035781122
559,0.0005637288
560,0.004111792
561,0.00995419
562,0.01111392
563,0.007912935
564,0.007367781
565,0.0010028415
566,0.0018081199
567,0.00060773693
568,0.0012532674
569,0.0045699934
570,0.004090798
571,0.0031567267
572,0.004567719
573,0.0020624974
574,0.0014765523
575,0.0011897327
576,-0.00014977594
577,0.0017885078
578,0.0036549652
579,0.0043317797
580,0.0059027127
581,0.0060189804
582,0.003314539
583,0.0023829238
584,-1.1403972e-06
585,0.0003542617
586,0.0006566766
587,0.0027688614
588,0.005258537
589,0.004147695
590,0.006128208
591,0.0024015235
592,0.0015534698
593,0.00080485403
594,0.0004574633
595,0.00090520974
596,0.002534993
597,0.005308695
598,0.008481725
599,0.006418893
600,0.0057089804
601,0.0023811234
602,0.00014316241
603,-1.6537961e-06
604,0.0015061093
605,0.0051340503
606,0.0077165863
607,0.008434726
608,0.006067202
609,0.002257904
610,3.3312775e-05
611,0.001458768
612,0.00078105717
613,0.00050887594
614,0.0028947159
615,0.0030664124
616,0.0028529959
617,0.0014737262
618,0.0012739318
619,0.00038499554
620,0.00068989035
621,-1.6336446e-05
622,0.00130935
623,0.0017342909
624,0.0034272391
625,0.00090518245
626,0.000119669254
627,0.000706107
628,0.00091024954
629,0.00069369114
630,0.00013969858
631,0.000357824
632,0.0014983398
633,0.0022983947
634,0.0017156705
635,0.0011242764
636,0.00050648104
637,0.00023941552
638,0.0005017469
639,4.511312e-05
640,0.00047834922
641,0.001032671
642,0.0010373767
643,0.0005181407
644,0.00024185871
645,0.00082004914
646,0.0003827632
647,0.00018726953
648,1.6611157e-05
649,0.00060086895
650,0.0023436036
651,0.003109024
652,0.0034324331
653,0.0009192835
654,9.615201e-05
655,0.000498913
656,0.00035519237
657,8.632631e-05
658,0.0006685953
659,0.0022167156
660,0.004768827
661,0.003488093
662,0.00058451365
663,6.91437e-05
664,0.00060864945
665,0.0003685414
666,-9.831953e-05
667,0.0007754508
668,0.0017518654
669,0.0026641297
670,0.003893477
671,0.0018730864
672,0.0009265961
673,0.00021320925
674,0.00032727813
675,3.3072458e-05
676,0.00029500347
677,0.0015960054
678,0.0013907892
679,0.0013073039
680,0.002946757
681,0.001172206
682,0.00014478824
683,0.00040966456
684,0.00014242339
685,0.00040866883
686,0.0012407883
687,0.001710871
688,0.0033855601
689,0.0029858025
690,0.0020327875
691,0.00025029067
692,0.0003030842
693,0.00012553246
694,0.0006037041
695,0.0014535637
696,0.0030796253
697,0.0054285293
698,0.0067036846
699,0.006049365
700,0.0031080614
701,0.00082325866
702,3.8973885e-05
703,0.00058652775
704,0.002920427
705,0.0057197097
706,0.009975668
707,0.010098782
708,0.008903158
709,0.0041238703
710,0.0003896498
711,0.00035115093
712,0.0004689499
713,0.0042515267
714,0.00890119
715,0.011758867
716,0.011545676
717,0.008185971
718,0.0024555053
719,3.4212077e-05
720,0.00013087167
721,0.0010911042
722,0.0040886537
723,0.0062695337
724,0.004886429
725,0.006210321
726,0.005960441
727,0.0017510725
728,-0.000102993254
729,0.00016120527
730,0.00097492104
731,0.004684889
732,0.008319196
733,0.012613528
734,0.014696108
735,0.012210786
736,0.0062875682
737,0.0022235524
738,0.00026238774
739,0.00028794925
740,0.003921584
741,0.008375085
742,0.014584448
743,0.014447558
744,0.008681363
745,0.0055150697
746,0.00037028376
747,0.0002048314
748,0.0013956793
749,0.0027519409
750,0.004349995
751,0.00664268
752,0.0022042952
753,0.002052149
754,0.00036764087
755,0.0008738039
756,0.0001673713
757,0.00090153306
758,0.0024471062
759,0.0024705997
760,0.0019579064
761,0.00087525713
762,0.000312182
763,0.0018711431
764,0.0010892695
765,0.0008371586
766,0.0010012898
767,0.0028412775
768,0.0035515043
769,0.002548542
770,0.0004068809
771,0.0014317603
772,0.00021472627
773,0.00039242418
774,5.8904843e-05
775,0.0015410683
776,0.0022153456
777,0.00202271
778,0.0011682104
779,9.4191964e-05
780,0.00078208547
781,0.0006371586
782,0.00054856634
783,0.00023665979
784,0.00037633264
785,0.0012519729
786,0.0017390276
787,0.003623473
788,0.0012986416
789,0.0023901062
790,0.00019847804
791,0.0012170424
792,0.0008637769
793,0.00062410464
794,0.0027806843
795,0.0035444566
796,0.0050027887
797,0.003965804
798,0.0017192954
799,0.002683988
800,0.0015603569
801,0.0003681354
802,0.0021199023
803,0.006474659
804,0.012113914
805,0.012451485
806,0.013470505
807,0.007959342
808,0.001905246
809,0.0012708702
810,0.0008636721
811,0.00058329076
812,0.005082674
813,0.009283148
814,0.011819885
815,0.013827894
816,0.011073615
817,0.004648434
818,0.00051148684
819,0.0006416021
820,0.0018882009
821,0.008567587
822,0.013663608
823,0.013243284
824,0.0150281405
825,0.010989069
826,0.0033538952
827,0.0009801678
828,0.000738787
829,0.0015069942
830,0.0060504824
831,0.011314623
832,0.015592308
833,0.011950283
834,0.008186666
835,0.0059567085
836,4.9882598e-05
837,0.0009859138
838,0.0010415576
839,0.008703376
840,0.017287692
841,0.021008223
842,0.021880312
843,0.018275606
844,0.0099018
845,0.0020425245
846,0.0010407311
847,0.001187888
848,0.008970292
849,0.018883
850,0.02883167
851,0.028923905
852,0.017942524
853,0.008760777
854,0.00048871705
855,0.0010722871
856,0.0021086573
857,0.008427066
858,0.013682899
859,0.017683197
860,0.016138757
861,0.01089052
862,0.005296499
863,9.43459e-05
864,0.00064877776
865,0.0019307203
866,0.008539562
867,0.015716588
868,0.020644562
869,0.018787937
870,0.013193427
871,0.004451428
872,0.0006830328
873,0.0021697236
874,0.00026217414
875,0.0066336724
876,0.0119215
877,0.01730796
878,0.020438803
879,0.008539915
880,0.004700988
881,-5.910806e-05
882,0.0012681582
883,0.0030859536
884,0.012639819
885,0.023055973
886,0.028247375
887,0.02642106
888,0.015347121
889,0.008521821
890,0.00056467066
891,0.0009896345
892,0.0017548047
893,0.0070006535
894,0.010627654
895,0.0100379335
896,0.008175819
897,0.0062615788
898,9.962922e-05
899,0.0045779394
900,0.0033059474
901,0.0008735014
902,0.0055199275
903,0.007523128
904,0.008292371
905,0.0036373122
906,0.0034119189
907,0.0055113733
908,0.005816149
909,0.0011999268
910,0.004310887
911,0.011903163
912,0.014119687
913,0.008559192
914,0.008945816
915,0.004027112
916,0.001184791
917,0.00071808655
918,-0.00020058238
919,0.0033172334
920,0.008342187
921,0.011087337
922,0.015369399
923,0.01464588
924,0.011412737
925,0.0040963897
926,0.0005157594
927,0.0019819003
928,-0.00026193407
929,0.0057408395
930,0.013647904
931,0.01887958
932,0.019312963
933,0.018044326
934,0.010960009
935,0.001361969
936,0.0005279413
937,0.004149682
938,0.0116541395
939,0.018119998
940,0.01703585
941,0.013026002
942,0.0052454215
943,0.001969926
944,0.00021800655
945,0.00086387247
946,0.001337251
947,0.00579924
948,0.010009803
949,0.010144069
950,0.0052383924
951,0.0014665911
952,0.00026238247
953,0.0043495544
954,0.0034264605
955,0.0003148215
956,0.007388061
957,0.015513531
958,0.02386302
959,0.022839475
960,0.008969969
961,0.0007980813
962,0.0015389344
963,0.0017244471
964,0.0036556274
965,0.01229582
966,0.021308469
967,0.025814326
968,0.018896798
969,0.00823911
970,0.0011470439
971,0.004711468
972,0.0019854382
973,0.0023696504
974,0.008809085
975,0.016405877
976,0.014256141
977,0.0059126085
978,0.0020308555
979,0.006024807
980,0.00575856
981,0.0019360023
982,0.0027406455
983,0.008810469
984,0.015797911
985,0.011885276
986,0.012995703
987,0.0098116575
988,0.0006073569
989,0.0016437708
990,0.00016443364
991,0.0036492357
992,0.0099111665
993,0.016784403
994,0.017927742
995,0.016362973
996,0.010145966
997,0.0037729065
998,0.0007878594
999,0.0011124065
1000,0.00071901124
1001,0.0050197355
1002,0.009300003
1003,0.014818206
1004,0.010253709
1005,0.0020712556
1006,0.0014622323
1007,0.005438754
1008,0.002992171
1009,0.0011215477
1010,0.0055065686
1011,0.007139617
1012,0.0049587023
1013,0.00013521672
1014,0.0031364423
1015,0.002339867
1016,0.0023298725
1017,-7.35268e-05
1018,0.005397112
1019,0.013916806
1020,0.019686172
1021,0.020904401
1022,0.0197615
1023,0.011514559
1024,0.005899417
1025,0.0008425207
1026,0.0007318287
1027,0.0009915198
1028,0.00562037
1029,0.011398826
1030,0.017415104
1031,0.0218357
1032,0.016626813
1033,0.010307391
1034,0.0034857828
1035,0.00084423926
1036,0.0004595796
1037,0.0074900547
1038,0.016948197
1039,0.024098199
1040,0.026802547
1041,0.022717997
1042,0.012452297
1043,0.0016591733
1044,0.0010039881
1045,0.0013893592
1046,0.008263212
1047,0.01778898
1048,0.0186554
1049,0.013282016
1050,0.005485847
1051,0.0027602809
1052,0.0036698445
1053,0.0017107383
1054,0.0022438588
1055,0.006935632
1056,0.011915885
1057,0.016473383
1058,0.011599674
1059,0.0014982
1060,0.0033179605
1061,0.006245125
1062,0.0031363824
1063,0.0010251479
1064,0.006169224
1065,0.009167278
1066,0.008212275
1067,0.0031149073
1068,0.0049543646
1069,0.005833608
1070,0.012466845
1071,0.0068857297
1072,0.0006038896
1073,0.0126638
1074,0.025518212
1075,0.031122139
1076,0.028243333
1077,0.016303629
1078,0.007840198
1079,0.0011498153
1080,0.0034410981
1081,0.005290923
1082,0.01908186
1083,0.034903202
1084,0.032963052
1085,0.033864073
1086,0.017364172
1087,0.0067468495
1088,0.0030627544
1089,0.002215851
1090,0.0036111209
1091,0.014531632
1092,0.025212234
1093,0.029095074
1094,0.030975448
1095,0.026978025
1096,0.014137407
1097,0.002074642
1098,0.002363424
1099,-0.00011205315
1100,0.009028658
1101,0.02113945
1102,0.034910437
1103,0.0337878
1104,0.029083196
1105,0.0116929
1106,0.00237286
1107,0.0031129937
1108,0.0018213484
1109,0.009663695
1110,0.028777776
1111,0.039540775
1112,0.03431131
1113,0.034717463
1114,0.025396947
1115,0.0074700327
1116,0.0039382046
1117,-0.00056038506
1118,0.020824643
1119,0.046728194
1120,0.06386588
1121,0.061566997
1122,0.042008847
1123,0.022236848
1124,0.0018981512
1125,0.0036731951
1126,0.0037516078
1127,0.020706084
1128,0.038753293
1129,0.045592733
1130,0.04837184
1131,0.033275466
1132,0.014694779
1133,0.00033618385
1134,0.0025194245
1135,0.0037018438
1136,0.016131302
1137,0.026929729
1138,0.029390113
1139,0.02443841
1140,0.019808726
1141,0.0044495417
1142,0.0018660456
1143,0.0013286223
1144,0.004443185
1145,0.015756113
1146,0.02591277
1147,0.031000467
1148,0.027486581
1149,0.019126855
1150,0.0093835
1151,0.00014944068
1152,0.0011953822
1153,0.0020785064
1154,0.009598641
1155,0.019112349
1156,0.024498954
1157,0.02577452
1158,0.02110081
1159,0.01162061
1160,0.0036230152
1161,0.0010179034
1162,0.00043328296
1163,0.009197927
1164,0.018613592
1165,0.028767208
1166,0.027012324
1167,0.018551845
1168,0.011980525
1169,0.0022374846
1170,0.0011007986
1171,0.002925597
1172,0.011730197
1173,0.019717231
1174,0.02007212
1175,0.020414876
1176,0.010013215
1177,0.0049075945
1178,0.0008523555
1179,0.0016700621
1180,0.0019093195
1181,0.008709673
1182,0.013933971
1183,0.017166423
1184,0.019237058
1185,0.016315445
1186,0.008793762
1187,0.0010248249
1188,0.0009723201
1189,0.0018877939
1190,0.009670867
1191,0.01867515
1192,0.025022348
1193,0.025760934
1194,0.016842127
1195,0.0061213467
1196,-0.00015682931
1197,0.0018476764
1198,0.0004984463
1199,0.00969283
1200,0.022608735
1201,0.031085517
1202,0.030774845
1203,0.024757076
1204,0.010833964
1205,0.0019423635
1206,0.0011749184
1207,0.0017172014
1208,0.009437582
1209,0.015969139
1210,0.018149119
1211,0.012008788
1212,0.0053614033
1213,0.00066228356
1214,0.0016222284
1215,0.0032006726
1216,0.0010586756
1217,0.009481869
1218,0.014443675
1219,0.011307091
1220,0.010026011
1221,0.00025036884
1222,0.009218977
1223,0.009623185
1224,0.0044014216
1225,0.0022995342
1226,0.0097790295
1227,0.012937913
1228,0.009919397
1229,0.0068356446
1230,0.0030988355
1231,0.001158794
1232,0.0073859245
1233,0.0029639076
1234,0.004530863
1235,0.014382088
1236,0.01570267
1237,0.01982433
1238,0.0062746922
1239,0.00038417187
1240,0.0077218316
1241,0.0067148306
1242,0.0012908145
1243,0.005186969
1244,0.011157556
1245,0.00886352
1246,0.0055411714
1247,0.005513525
1248,0.0052395626
1249,0.006994337
1250,0.005175333
1251,0.0007984339
1252,0.0038624608
1253,0.010067864
1254,0.015169193
1255,0.017056577
1256,0.016082812
1257,0.006051581
1258,0.002366722
1259,0.0038965815
1260,0.0021545272
1261,0.0019804435
1262,0.00889252
1263,0.017709034
1264,0.020956898
1265,0.023397522
1266,0.019407097
1267,0.008688
1268,0.0008209314
1269,0.0007456987
1270,0.0027779054
1271,0.010610136
1272,0.016143626
1273,0.016417285
1274,0.01609349
1275,0.0076965485
1276,-9.68777e-05
1277,0.0021773404
1278,0.0015558583
1279,0.0010530179
1280,0.0047566276
1281,0.006859974
1282,0.010216326
1283,0.009026466
1284,0.004442116
1285,0.0009522299
1286,0.0055990987
1287,0.0031945624
1288,0.0014729436
1289,0.0075258957
1290,0.00830687
1291,0.006084097
1292,0.0006001612
1293,0.0021596798
1294,0.0046706237
1295,0.004489036
1296,0.0023815362
1297,0.0030901013
1298,0.00895978
1299,0.009333141
1300,0.0061119604
1301,7.816906e-05
1302,0.0062928856
1303,0.006388869
1304,0.0067993267
1305,0.0021173388
1306,0.003975279
1307,0.01356507
1308,0.018694522
1309,0.023145758
1310,0.025440544
1311,0.018840352
1312,0.011894248
1313,0.00013559673
1314,0.0025313618
1315,0.00077229
1316,0.011573785
1317,0.025794422
1318,0.031566776
1319,0.0340992
1320,0.02135557
1321,0.005608743
1322,0.0013151586
1323,0.0033280335
1324,0.0015766606
1325,0.011098272
1326,0.015846925
1327,0.017809305
1328,0.011603104
1329,0.0004712947
1330,0.00585536
1331,0.0055831843
1332,0.0013074249
1333,0.00485298
1334,0.009981299
1335,0.015378716
1336,0.012842903
1337,0.0017769359
1338,0.005641974
1339,0.004735892
1340,0.006165677
1341,0.0016309683
1342,0.003271968
1343,0.007123232
1344,0.01177387
1345,0.0055403267
1346,0.0006692541
1347,0.0035256841
1348,0.0060228384
1349,0.0041737678
1350,0.0014449242
1351,0.002997777
1352,0.008444006
1353,0.011809523
1354,0.011870551
1355,0.011852475
1356,0.004766446
1357,0.002186863
1358,0.0006481576
1359,0.0012990198
1360,0.002837299
1361,0.01009919
1362,0.01410554
1363,0.017069861
1364,0.015048674
1365,0.0065862783
1366,-0.00011448798
1367,0.0027006222
1368,0.0012097362
1369,0.0022669926
1370,0.0057774624
1371,0.0068075582
1372,0.00497266
1373,0.0009970074
1374,0.0027605488
1375,0.004706476
1376,0.004175075
1377,0.00088394294
1378,0.0028451825
1379,0.0059547033
1380,0.0071102865
1381,0.0055488213
1382,0.0020421243
1383,0.0013420862
1384,0.00018648696
1385,0.0013593422
1386,0.0006371072
1387,0.002745133
1388,0.0070633017
1389,0.012189963
1390,0.014616895
1391,0.009159774
1392,0.0056143748
1393,0.00215056
1394,1.6601116e-06
1395,0.0010584334
1396,0.0016342212
1397,0.006961319
1398,0.010431909
1399,0.0100077465
1400,0.012362582
1401,0.005957371
1402,0.003283172
1403,-0.0001232268
1404,9.838989e-05
1405,0.004030224
1406,0.011165846
1407,0.016463203
1408,0.017998066
1409,0.015996644
1410,0.00939977
1411,0.0054825265
1412,0.0013954109
1413,0.00037414394
1414,0.0003922981
1415,0.004384052
1416,0.0090173585
1417,0.015984723
1418,0.018668508
1419,0.019333355
1420,0.011996861
1421,0.002547177
1422,0.0004018208
1423,0.00093228015
1424,0.006242557
1425,0.010865169
1426,0.015356622
1427,0.017392106
1428,0.015207889
1429,0.0072038635
1430,0.0010168138
1431,0.00032706905
1432,0.0022310747
1433,0.007991667
1434,0.012273689
1435,0.015967302
1436,0.014005897
1437,0.011595439
1438,0.0080691995
1439,0.002566496
1440,0.00046855182
1441,6.9140515e-05
1442,0.005061642
1443,0.0113762915
1444,0.01598995
1445,0.018461915
1446,0.015671048
1447,0.009763002
1448,0.0014433137
1449,0.0011067305
1450,0.00065319263
1451,0.009315596
1452,0.019525606
1453,0.030179968
1454,0.031210251
1455,0.019634036
1456,0.0130719505
1457,0.0026201564
1458,0.0014538079
1459,0.00093913847
1460,0.010421546
1461,0.0207622
1462,0.029859465
1463,0.029145325
1464,0.018983938
1465,0.014214631
1466,0.0036988128
1467,0.0016853159
1468,-0.0003067082
1469,0.00955651
1470,0.020715995
1471,0.03090178
1472,0.03068099
1473,0.029229142
1474,0.02122005
1475,0.005421816
1476,0.0017451916
1477,0.0019250155
1478,0.015155991
1479,0.028562175
1480,0.030094761
1481,0.020148395
1482,0.0067115882
1483,0.0035656556
1484,0.0041480367
1485,0.00084699463
1486,0.0051650265
1487,0.012393944
1488,0.011833885
1489,0.013374035
1490,0.006518596
1491,0.0010930881
1492,0.0042743254
1493,0.0037025518
1494,0.0005785596
1495,0.003369538
1496,0.009252129
1497,0.014069774
1498,0.016480323
1499,0.011088415
1500,0.007925671
1501,0.0028893044
1502,0.0010865916
1503,0.0022202237
1504,0.00053640705
1505,0.005831247
1506,0.009027056
1507,0.014006627
1508,0.009979512
1509,0.01013081
1510,0.0012824901
1511,0.0040747025
1512,0.004530261
1513,0.0004855035
1514,0.0072578434
1515,0.011288137
1516,0.009844166
1517,0.0034753084
1518,0.0022204567
1519,0.0025905187
1520,0.0049357726
1521,0.0017299933
1522,0.0057280734
1523,0.014925082
1524,0.017451838
1525,0.021733446
1526,0.017503163
1527,0.003764316
1528,0.00030760182
1529,0.0022047018
1530,0.002676081
1531,0.0016647578
1532,0.009699291
1533,0.017318642
1534,0.020556075
1535,0.012660145
1536,0.0069706333
1537,0.004346311
1538,0.0049838205
1539,0.0051471833
1540,0.0017728957
1541,0.010869937
1542,0.016180411
1543,0.010423395
1544,0.0023574128
1545,0.005374098
1546,0.009614169
1547,0.0073314533
1548,0.0006727822
1549,0.00608156
1550,0.010460602
1551,0.009745861
1552,0.008002009
1553,0.0054943007
1554,0.005550918
1555,0.0071829963
1556,0.004068487
1557,0.00046451692
1558,0.004552361
1559,0.009731931
1560,0.010794227
1561,0.0062977993
1562,0.00325036
1563,0.002631096
1564,0.00021996084
1565,0.0033346782
1566,0.00414691
1567,0.00052183867
1568,0.009946672
1569,0.017157584
1570,0.020441858
1571,0.010758536
1572,0.0019130282
1573,0.0015758021
1574,0.0043083886
1575,0.0033488574
1576,0.0038773122
1577,0.013189691
1578,0.018275306
1579,0.024001636
1580,0.017574701
1581,0.010187298
1582,0.00092498097
1583,0.0031344846
1584,0.0015141248
1585,0.0041866843
1586,0.011698553
1587,0.01994964
1588,0.017541923
1589,0.014701144
1590,0.006624141
1591,0.0029222525
1592,0.0069453106
1593,0.003174139
1594,0.0024301552
1595,0.010214931
1596,0.013031803
1597,0.013773199
1598,0.0023996471
1599,0.001971434
1600,0.0069507356
1601,0.0072939163
1602,0.0029444254
1603,0.0027781434
1604,0.008440508
1605,0.012889455
1606,0.011355745
1607,0.012331611
1608,0.002858269
1609,0.008462162
1610,0.006499113
1611,0.0040392987
1612,0.002511709
1613,0.00933327
1614,0.012413725
1615,0.012133677
1616,0.0023213462
1617,0.0060317027
1618,0.0114348
1619,0.010991892
1620,0.0037507496
1621,0.004163177
1622,0.014161688
1623,0.02312013
1624,0.02991399
1625,0.031293
1626,0.016575579
1627,0.0077521536
1628,0.00041150887
1629,0.0023689228
1630,0.0026578126
1631,0.013116894
1632,0.025863973
1633,0.032813784
1634,0.034689266
1635,0.026070207
1636,0.012177799
1637,0.00022796934
1638,0.002887179
1639,0.0016139741
1640,0.014532518
1641,0.028684465
1642,0.033512887
1643,0.03506315
1644,0.021386586
1645,0.011020709
1646,0.00051176467
1647,0.0008148758
1648,0.0043069995
1649,0.013513974
1650,0.023233235
1651,0.02640461
1652,0.024205897
1653,0.016661922
1654,0.0085604675
1655,0.0006979598
1656,0.0012460011
1657,0.00092390575
1658,0.005952881
1659,0.008963683
1660,0.0067583118
1661,0.0089811385
1662,0.005649554
1663,0.0008851579
1664,0.0034843935
1665,0.0020081205
1666,0.0017796824
1667,0.0067002974
1668,0.0101860855
1669,0.00698939
1670,0.003416551
1671,0.0031746184
1672,0.004213415
1673,0.0052563027
1674,0.0020865735
1675,0.0024762014
1676,0.007385692
1677,0.011894153
1678,0.012489173
1679,0.0059793834
1680,0.0009072984
1681,0.007814359
1682,0.0072786
1683,0.0029492124
1684,0.0027188037
1685,0.007518495
1686,0.008777726
1687,0.0056506284
1688,0.00013805344
1689,0.001348956
1690,0.0019356717
1691,0.004057479
1692,-3.332761e-05
1693,0.00493819
1694,0.009093849
1695,0.0120905535
1696,0.014910183
1697,0.011313414
1698,0.0032424724
1699,0.0011095189
1700,0.0026149324
1701,0.0014164355
1702,0.0015014309
1703,0.0059974776
1704,0.011140591
1705,0.016821483
1706,0.019852355
1707,0.01703582
1708,0.010661073
1709,0.0022879825
1710,0.0010377087
1711,0.0010207185
1712,0.009038991
1713,0.01750154
1714,0.021332132
1715,0.018249959
1716,0.014338744
1717,0.006142756
1718,0.0014411886
1719,0.0016432448
1720,0.0019791354
1721,0.010853151
1722,0.019369448
1723,0.02163471
1724,0.021338511
1725,0.016163033
1726,0.008646627
1727,-7.011955e-05
1728,0.001054747
1729,0.0021587997
1730,0.007425166
1731,0.009115232
1732,0.012071747
1733,0.0044749985
1734,6.801753e-05
1735,0.0020906366
1736,0.0036609012
1737,0.0010195596
1738,0.0024769646
1739,0.0055717886
1740,0.009206185
1741,0.0048575597
1742,0.005688669
1743,0.0022546258
1744,0.0027907358
1745,0.002679007
1746,0.00085983035
1747,0.0024468936
1748,0.0052273776
1749,0.006279578
1750,0.006142683
1751,0.0071509792
1752,0.0004804067
1753,0.0035006437
1754,0.002923107
1755,0.00065264193
1756,0.002524719
1757,0.008345863
1758,0.013253194
1759,0.018031184
1760,0.015945936
1761,0.008085503
1762,0.0014267603
1763,0.00029421726
1764,0.0005263979
1765,0.001364553
1766,0.0038956716
1767,0.0068601156
1768,0.009067681
1769,0.004646873
1770,0.0041194
1771,0.00027410174
1772,0.0011041805
1773,0.0013881226
1774,0.0004922134
1775,0.0074298307
1776,0.01462078
1777,0.01665074
1778,0.013238403
1779,0.0060942345
1780,0.0011341405
1781,0.0050055394
1782,0.0018738483
1783,0.0022605953
1784,0.0062936316
1785,0.01100797
1786,0.015044932
1787,0.005937627
1788,0.0004491556
1789,0.0012746901
1790,0.0024172752
1791,0.0003766451
1792,0.0031243372
1793,0.007609933
1794,0.009377555
1795,0.012686803
1796,0.0123814205
1797,0.0042642816
1798,0.00015683754
1799,0.0019260354
1800,0.0009747844
1801,0.0015161623
1802,0.0045461818
1803,0.008520373
1804,0.012835737
1805,0.011093196
1806,0.009998753
1807,0.002466612
1808,0.0014207123
1809,0.0010029175
1810,0.0014274409
1811,0.0042751417
1812,0.00723735
1813,0.010686225
1814,0.004831641
1815,0.0044897483
1816,0.0023995098
1817,0.0010508868
1818,0.0007085331
1819,0.002045829
1820,0.007444541
1821,0.014878452
1822,0.017845752
1823,0.02053983
1824,0.013535511
1825,0.0060831765
1826,0.00045073518
1827,0.0007267717
1828,0.00069639535
1829,0.0056560254
1830,0.01042758
1831,0.013332596
1832,0.009588103
1833,0.0064118556
1834,0.0034574412
1835,2.8436756e-05
1836,0.0011915993
1837,0.00218593
1838,0.011419579
1839,0.021791795
1840,0.028047191
1841,0.021936024
1842,0.012440586
1843,0.0030692804
1844,0.0016652724
1845,0.0006901196
1846,0.0027065852
1847,0.006992512
1848,0.0128688505
1849,0.01361253
1850,0.0072779655
1851,0.002195374
1852,0.0006016018
1853,0.0007917051
1854,-0.00013738155
1855,0.0021808678
1856,0.003713939
1857,0.0041019632
1858,0.003454066
1859,0.0027572245
1860,0.0012135402
1861,0.0014810386
1862,0.001665697
1863,0.0008140248
1864,0.00054346654
1865,0.0023842913
1866,0.00464732
1867,0.0066027325
1868,0.0042284913
1869,0.0010777926
1870,0.0015262032
1871,0.0021992426
1872,0.000720351
1873,0.0015155377
1874,0.0053207627
1875,0.010065358
1876,0.01420205
1877,0.012862199
1878,0.005341949
1879,0.0030195096
1880,-0.00013781084
1881,0.00014048815
1882,0.0015331925
1883,0.0039797006
1884,0.0073688813
1885,0.008241134
1886,0.005210414
1887,0.0020225865
1888,0.0006190193
1889,0.0009181298
1890,0.0004987581
1891,0.001075205
1892,0.0036443833
1893,0.0051040705
1894,0.0020330031
1895,0.000313667
1896,0.0013037618
1897,0.0006088814
1898,0.00089275726
1899,3.8723214e-05
1900,0.0016098174
1901,0.0039588604
1902,0.0055949306
1903,0.0054229544
1904,0.0041440343
1905,0.0026190712
1906,0.00066457334
1907,0.0020588848
1908,0.00083786185
1909,0.00077984045
1910,0.0024861328
1911,0.0029359155
1912,0.0026386485
1913,0.000555753
1914,0.0014321939
1915,0.0020830343
1916,0.0018959102
1917,0.00047785632
1918,0.001580311
1919,0.004059658
1920,0.0075646355
1921,0.011076372
1922,0.0109785795
1923,0.0090769585
1924,0.0044532237
1925,-0.00014469077
1926,0.0003430479
1927,0.0011543534
1928,0.0043584434
1929,0.0070891506
1930,0.010073586
1931,0.010544907
1932,0.007742289
1933,0.0031230203
1934,0.00060955714
1935,0.000573693
1936,0.00095125486
1937,0.0058425665
1938,0.009444906
1939,0.011998417
1940,0.014360031
1941,0.0069848076
1942,0.004250434
1943,0.00029968627
1944,0.00013790806
1945,0.002065531
1946,0.007315105
1947,0.012424602
1948,0.012631068
1949,0.014272521
1950,0.01096412
1951,0.0059999577
1952,0.0010442247
1953,0.00037941226
1954,0.00043092744
1955,0.004120606
1956,0.010614303
1957,0.014416962
1958,0.018681826
1959,0.01595255
1960,0.009643531
1961,0.0029445959
1962,0.00025799798
1963,0.0010429219
1964,0.0068859663
1965,0.014013381
1966,0.018177388
1967,0.015757214
1968,0.012809235
1969,0.0077044456
1970,0.0016937309
1971,0.00015972562
1972,0.0013842941
1973,0.0053671254
1974,0.0096370345
1975,0.0117505705
1976,0.0135883
1977,0.009713805
1978,0.0062795198
1979,0.0018020326
1980,0.00015699305
1981,0.00050569803
1982,0.004945371
1983,0.00982782
1984,0.013196549
1985,0.013572742
1986,0.010718097
1987,0.003812755
1988,0.0008958267
1989,0.00057072367
1990,0.00119618
1991,0.0065929294
1992,0.013381163
1993,0.015315154
1994,0.012847529
1995,0.006406564
1996,0.0033115074
1997,0.0004301307
1998,0.0005759438
1999,0.0012979681
2000,0.004450554
2001,0.005618788
2002,0.0046535055
2003,0.0047586863
2004,0.0035383329
2005,7.403429e-05
2006,0.0005785434
2007,0.00030824874
2008,0.0018550648
2009,0.005876157
2010,0.0072001684
2011,0.0064609246
2012,0.007903592
2013,0.0069962665
2014,0.0027613821
2015,-4.400545e-05
2016,2.2206223e-08
2017,0.0015184975
2018,0.003866839
2019,0.005760051
2020,0.0046615703
2021,0.0015951208
2022,0.0017044824
2023,-2.5110221e-05
2024,0.0005017793
2025,0.00023853446
2026,0.00094144547
2027,0.0028887293
2028,0.0065212213
2029,0.00875757
2030,0.010180924
2031,0.006704679
2032,0.0026688292
2033,0.0003754694
2034,4.2548418e-05
2035,0.0010608289
2036,0.0034722632
2037,0.0066385204
2038,0.009018531
2039,0.008766776
2040,0.0072821127
2041,0.0041745584
2042,0.0006589072
2043,5.8443096e-05
2044,0.0004444624
2045,0.0030546724
2046,0.0051284926
2047,0.0047113495
2048,0.0015334839
2049,0.0003147613
2050,0.0005843757
2051,0.00032784315
2052,-9.190542e-05
2053,0.0012067945
2054,0.0031578906
2055,0.005481139
2056,0.0074548777
2057,0.0068337326
2058,0.003929722
2059,0.0014147961
2060,0.00048151828
2061,-4.3522392e-05
2062,0.0003212325
2063,0.0018653892
2064,0.00468219
2065,0.008591019
2066,0.00917284
2067,0.0096164495
2068,0.005249976
2069,0.0021903955
2070,-2.0210573e-06
2071,0.0005160969
2072,0.0030634466
2073,0.007306511
2074,0.009430024
2075,0.011043579
2076,0.008185295
2077,0.0036962554
2078,0.00088535727
2079,-0.00011023613
2080,0.0005440996
2081,0.0032747006
2082,0.0066738315
2083,0.009623462
2084,0.009151414
2085,0.009589004
2086,0.006264026
2087,0.00187921
2088,2.9769435e-05
2089,0.00035131862
2090,0.003646889
2091,0.0076618474
2092,0.009207789
2093,0.010228143
2094,0.0073387893
2095,0.005026867
2096,0.0010455826
2097,2.626158e-05
2098,0.00072835636
2099,0.0025713954
2100,0.0030566384
2101,0.0043164203
2102,0.0024250613
2103,0.0005167837
2104,0.0006716121
2105,0.00050769356
2106,-3.9647675e-05
2107,0.00068540126
2108,0.0018930562
2109,0.0027861788
2110,0.00090025284
2111,0.0023576985
2112,0.0003494506
2113,0.00019378538
2114,6.9199064e-05
2115,0.00011658431
2116,0.00054890907
2117,0.002865957
2118,0.0064863423
2119,0.009569996
2120,0.012229698
2121,0.010698099
2122,0.0052574547
2123,0.0023168013
2124,-5.388689e-05
2125,0.00053423655
2126,0.00444732
2127,0.008860518
2128,0.010939
2129,0.010273016
2130,0.010184103
2131,0.0053138104
2132,0.001128688
2133,-1.4984922e-05
2134,0.0013032218
2135,0.0041663656
2136,0.0058561973
2137,0.009204077
2138,0.007036807
2139,0.0054507717
2140,0.0040500304
2141,0.00078865036
2142,8.104471e-06
2143,0.0006990752
2144,0.004037229
2145,0.0078209005
2146,0.010237026
2147,0.011604816
2148,0.011632924
2149,0.005677451
2150,0.0019370622
2151,3.0005962e-05
2152,0.00091552804
2153,0.005479516
2154,0.010456799
2155,0.013468456
2156,0.013875744
2157,0.009527886
2158,0.0039961375
2159,0.0012313068
2160,-3.2497883e-05
2161,0.0010412914
2162,0.0042636963
2163,0.008195325
2164,0.009161304
2165,0.010913618
2166,0.00724421
2167,0.0045596184
2168,0.0013943174
2169,-5.9359496e-05
2170,0.00058746216
2171,0.0023812559
2172,0.005464083
2173,0.0049243374
2174,0.006749067
2175,0.006288861
2176,0.0025462406
2177,0.0008091711
2178,-6.0319668e-05
2179,0.00095777784
2180,0.003404249
2181,0.007416833
2182,0.00999067
2183,0.009206427
2184,0.008435495
2185,0.0048057646
2186,0.0021009166
2187,-9.542137e-05
2188,0.0004010901
2189,0.003274411
2190,0.0073425737
2191,0.00878811
2192,0.008964422
2193,0.0067492244
2194,0.0046218433
2195,0.0006994007
2196,1.099048e-06
2197,0.0010140946
2198,0.002999214
2199,0.0031081773
2200,0.0039641038
2201,0.0054038228
2202,0.00419365
2203,0.0025127267
2204,0.00061033026
2205,-4.6894136e-05
2206,0.00064083835
2207,0.002870814
2208,0.0062534004
2209,0.00898574
2210,0.010558997
2211,0.0092302915
2212,0.005718678
2213,0.0018204589
2214,4.096274e-05
2215,0.0002617468
2216,0.0032901738
2217,0.007902147
2218,0.0135223605
2219,0.014175881
2220,0.011483971
2221,0.0061792135
2222,0.0015792514
2223,-9.083102e-06
2224,0.0010022891
2225,0.004014152
2226,0.0079364125
2227,0.010704356
2228,0.010350161
2229,0.0088178115
2230,0.004705111
2231,0.0012293532
2232,-7.9368634e-05
2233,0.00086115487
2234,0.0034811003
2235,0.0064964104
2236,0.0077526513
2237,0.009975919
2238,0.008251607
2239,0.005710301
2240,0.0020873246
2241,-1.8934661e-05
2242,0.0004731465
2243,0.0029109893
2244,0.0066357288
2245,0.009229491
2246,0.009248113
2247,0.0073763775
2248,0.0035573347
2249,0.0011498117
2250,-3.6059213e-05
2251,0.00029193112
2252,0.0020564895
2253,0.0042922683
2254,0.006310065
2255,0.008172749
2256,0.0073309382
2257,0.004506059
2258,0.0017966111
2259,0.00017047612
2260,0.00017088212
2261,0.0023249106
2262,0.004949243
2263,0.00762111
2264,0.009967062
2265,0.007011361
2266,0.0035913205
2267,0.00094782346
2268,-7.779397e-05
2269,0.00037685974
2270,0.0024163339
2271,0.004891546
2272,0.006744572
2273,0.0071128043
2274,0.0066855736
2275,0.004282761
2276,0.001840693
2277,0.00012471539
2278,0.000105699015
2279,0.0020413536
2280,0.0053911177
2281,0.008678653
2282,0.0102317985
2283,0.007907833
2284,0.004069103
2285,0.0017396946
2286,-2.145733e-05
2287,0.0005640764
2288,0.0034393338
2289,0.005635249
2290,0.008640828
2291,0.00859323
2292,0.0064737243
2293,0.0037253634
2294,0.0013210067
2295,2.8484756e-05
2296,0.0002470958
2297,0.0019705324
2298,0.004810422
2299,0.007201628
2300,0.006921319
2301,0.0074134204
2302,0.0049299872
2303,0.0019611334
2304,7.143098e-05
2305,0.00017744677
2306,0.0022332165
2307,0.0055046356
2308,0.0076796254
2309,0.007954028
2310,0.006182619
2311,0.004280153
2312,0.0016181858
2313,3.780343e-05
2314,0.00010491274
2315,0.0012506056
2316,0.0038270322
2317,0.0057598585
2318,0.0077603958
2319,0.006799599
2320,0.0043112035
2321,0.0018076523
2322,0.0001061033
2323,0.00020542953
2324,0.0016684012
2325,0.0037164737
2326,0.005558226
2327,0.004959314
2328,0.0031906653
2329,0.001767451
2330,0.000953584
2331,-1.5692625e-05
2332,0.00021476814
2333,0.0017717419
2334,0.003763472
2335,0.006160691
2336,0.0063890545
2337,0.0056244875
2338,0.0034389426
2339,0.0013979484
2340,7.915484e-05
2341,0.00010825072
2342,0.0015306334
2343,0.0038634168
2344,0.0061806124
2345,0.007471539
2346,0.00674655
2347,0.0048513277
2348,0.0018925659
2349,0.00013590326
2350,0.0001823901
2351,0.0020465537
2352,0.004801147
2353,0.006998385
2354,0.006733408
2355,0.00493905
2356,0.0025579336
2357,0.001138002
2358,4.1549e-05
2359,0.00011897615
2360,0.0011043914
2361,0.003564158
2362,0.005740631
2363,0.0054139113
2364,0.0048584347
2365,0.004126627
2366,0.0020971
2367,0.00016275895
2368,0.00016977408
2369,0.002277524
2370,0.0050816555
2371,0.008547913
2372,0.0103038745
2373,0.007793712
2374,0.005051844
2375,0.0014518369
2376,-9.985546e-06
2377,0.000363374
2378,0.0026531916
2379,0.0055626426
2380,0.008529826
2381,0.009943711
2382,0.009048833
2383,0.0063052224
2384,0.0026497634
2385,0.00012452534
2386,0.00033612162
2387,0.0033027488
2388,0.007687009
2389,0.011496214
2390,0.011071962
2391,0.009199642
2392,0.0051458073
2393,0.001088849
2394,-0.00010656896
2395,0.0008990596
2396,0.004098601
2397,0.007806144
2398,0.010426053
2399,0.010994319
2400,0.009032397
2401,0.0053935647
2402,0.001907109
2403,-0.000103364226
2404,0.0004135943
2405,0.0027555362
2406,0.007313629
2407,0.011932046
2408,0.009824735
2409,0.008873934
2410,0.0038980898
2411,0.0008371469
2412,-7.278916e-05
2413,0.0006177245
2414,0.0030667435
2415,0.0068656225
2416,0.008237948
2417,0.007478628
2418,0.008364482
2419,0.005418384
2420,0.0023922287
2421,-3.2033786e-05
2422,0.0005002264
2423,0.0040392736
2424,0.00875348
2425,0.0125045255
2426,0.012651993
2427,0.010894595
2428,0.0062393956
2429,0.0018746713
2430,-9.861824e-05
2431,0.0010728118
2432,0.0047535175
2433,0.008744518
2434,0.011015299
2435,0.010746625
2436,0.008265099
2437,0.0038372208
2438,0.0011611114
2439,-7.835732e-05
2440,0.0005743122
2441,0.003114753
2442,0.00634698
2443,0.007962374
2444,0.00909777
2445,0.007242756
2446,0.0049313605
2447,0.0019032852
2448,1.8066967e-05
2449,0.00045032907
2450,0.0029283427
2451,0.005822964
2452,0.0071932143
2453,0.008951464
2454,0.006654911
2455,0.003754999
2456,0.001561371
2457,-7.046145e-05
2458,0.00031759933
2459,0.0029802904
2460,0.0067413566
2461,0.009852746
2462,0.010760578
2463,0.009078386
2464,0.0056973924
2465,0.0020932658
2466,-1.5149184e-05
2467,0.0004998248
2468,0.0033994461
2469,0.0062409234
2470,0.010715244
2471,0.011376369
2472,0.008166787
2473,0.004892011
2474,0.0011845289
2475,-0.00010368391
2476,0.0006047688
2477,0.0031304148
2478,0.006637414
2479,0.010679336
2480,0.010883643
2481,0.008458037
2482,0.0044447756
2483,0.0014463878
2484,-7.5667274e-05
2485,0.0006369184
2486,0.0030254736
2487,0.0051375353
2488,0.0069708596
2489,0.008728194
2490,0.006390347
2491,0.0043177917
2492,0.0017294569
2493,2.4967558e-05
2494,0.00016716943
2495,0.0013138531
2496,0.003405474
2497,0.0036321608
2498,0.0022359309
2499,-1.9087365e-06
2500,0.00024459104
2501,6.0957987e-05
2502,-3.2105818e-05
2503,0.00035479455
2504,0.00045953481
2505,0.000364604
2506,0.0014317438
2507,0.0011559889
2508,0.0017100733
2509,0.00046577823
2510,0.000103697705
2511,-7.689693e-05
2512,4.7426816e-05
2513,0.000535679
2514,0.0017738845
2515,0.0016732694
2516,0.0034394292
2517,0.0044972054
2518,0.0022368159
2519,0.000655834
2520,3.1867137e-05
2521,0.00018840739
2522,0.0020851088
2523,0.0055328114
2524,0.008525634
2525,0.008481369
2526,0.0064445706
2527,0.0030581716
2528,0.00088113116
2529,-1.9911666e-05
2530,0.00018683517
2531,0.0016285664
2532,0.0028949701
2533,0.004534628
2534,0.004296977
2535,0.0053984458
2536,0.004701769
2537,0.0021950183
2538,0.00015359672
2539,0.00026791662
2540,0.0025416461
2541,0.005601006
2542,0.0077376426
2543,0.007987516
2544,0.006108389
2545,0.0033691674
2546,0.0011986322
2547,-2.5529189e-05
2548,9.1980524e-05
2549,0.0015065226
2550,0.0036183395
2551,0.005372657
2552,0.006129083
2553,0.005194606
2554,0.004008822
2555,0.001885453
2556,0.0002749788
2557,5.288384e-07
2558,0.0014554678
2559,0.003722394
2560,0.0053841914
2561,0.006256175
2562,0.0064755674
2563,0.003353017
2564,0.0010706298
2565,-4.3801265e-08
2566,9.167791e-05
2567,0.0017172395
2568,0.0029103064
2569,0.0052606445
2570,0.0064767064
2571,0.005415185
2572,0.0030077265
2573,0.0011588832
2574,7.7722376e-05
2575,-3.906219e-05
2576,0.0006760003
2577,0.002685645
2578,0.00501837
2579,0.006206324
2580,0.005528143
2581,0.0037330824
2582,0.0016165185
2583,0.0001260862
2584,-7.5000826e-06
2585,0.0012981597
2586,0.0030412124
2587,0.0048232684
2588,0.005327957
2589,0.004431664
2590,0.0033809443
2591,0.0013292124
2592,0.0001226843
2593,-8.462423e-06
2594,0.0006420531
2595,0.0016286232
2596,0.0021385797
2597,0.0036543577
2598,0.0033234346
2599,0.0023714348
2600,0.0011159681
2601,0.00016207014
2602,-1.9339619e-05
2603,0.00046969927
2604,0.0018277082
2605,0.0025903676
2606,0.002472926
2607,0.0027651405
2608,0.0020808757
2609,0.0006862254
2610,5.555732e-06
2611,0.00023558273
2612,5.786579e-05
2613,0.00017607457
2614,0.00013940544
2615,0.0006494945
2616,0.00047403201
2617,0.00047788574
2618,0.00027752502
2619,-2.9222614e-05
2620,8.230451e-05
2621,3.3220145e-05
2622,0.00067274325
2623,0.0024349114
2624,0.0030488416
2625,0.0040552425
2626,0.0036266465
2627,0.0017101611
2628,0.00013690384
2629,6.9051166e-05
2630,0.0018773837
2631,0.0044598654
2632,0.0066222493
2633,0.0062144157
2634,0.0052972296
2635,0.0028758862
2636,0.0014492911
2637,8.447538e-05
2638,0.00018769734
2639,0.0015777872
2640,0.004543143
2641,0.0056133512
2642,0.00632016
2643,0.0042581176
2644,0.003224143
2645,0.0010568995
2646,2.1562453e-05
2647,0.00015179545
2648,0.0012180548
2649,0.0030358126
2650,0.0045083105
2651,0.005164425
2652,0.0055262446
2653,0.003240099
2654,0.0016900351
2655,0.00014002081
2656,-1.0237483e-05
2657,0.0015344311
2658,0.0035516876
2659,0.005163713
2660,0.0068203122
2661,0.0058355797
2662,0.0037431251
2663,0.0014399104
2664,7.64179e-05
2665,-1.3999648e-05
2666,0.000687846
2667,0.00217228
2668,0.004505325
2669,0.004402672
2670,0.0051411376
2671,0.003996948
2672,0.0016426643
2673,0.00013840008
2674,1.3784011e-05
2675,0.0013948143
2676,0.0036044444
2677,0.0057491907
2678,0.006151547
2679,0.005711186
2680,0.0035684486
2681,0.0018210292
2682,0.00014892244
2683,7.4433505e-05
2684,0.001364297
2685,0.0036766066
2686,0.0058607054
2687,0.0074360743
2688,0.0055003045
2689,0.0039551114
2690,0.0016756685
2691,0.000116684954
2692,8.6189495e-05
2693,0.0012634953
2694,0.004157254
2695,0.0059515834
2696,0.006422645
2697,0.006469775
2698,0.003429668
2699,0.001250533
2700,1.6777485e-05
2701,0.00014690385
2702,0.0011478387
2703,0.0024405958
2704,0.004737158
2705,0.004224866
2706,0.0046228142
2707,0.0034215578
2708,0.0015708538
2709,0.0001951033
2710,3.7022764e-05
2711,0.0015388145
2712,0.0040273117
2713,0.0068567363
2714,0.007968106
2715,0.006542923
2716,0.0035156654
2717,0.0016013265
2718,1.5424332e-05
2719,0.00024517145
2720,0.0014135422
2721,0.0031617736
2722,0.004228517
2723,0.0050904816
2724,0.005322103
2725,0.003708163
2726,0.0015404769
2727,0.00013476226
2728,4.2628497e-05
2729,0.0014289482
2730,0.0035140729
2731,0.006304581
2732,0.0063404366
2733,0.006141951
2734,0.0043900176
2735,0.0014781997
2736,5.9585916e-05
2737,0.00012232958
2738,0.0014949834
2739,0.0031769364
2740,0.0056942245
2741,0.006083823
2742,0.0058970186
2743,0.0042472193
2744,0.0016315548
2745,0.00018907977
2746,8.260951e-05
2747,0.001914274
2748,0.00470881
2749,0.0057382686
2750,0.0074215974
2751,0.005700358
2752,0.003615614
2753,0.0012101375
2754,2.0410276e-05
2755,6.187562e-05
2756,0.0010414433
2757,0.0028294954
2758,0.0053804745
2759,0.0061533093
2760,0.0052771415
2761,0.00406637
2762,0.0016831199
2763,0.00016459345
2764,5.9498678e-05
2765,0.0015300087
2766,0.0038900282
2767,0.006063261
2768,0.0061700107
2769,0.0045400797
2770,0.0034293772
2771,0.0014425765
2772,6.245129e-05
2773,-5.1787974e-05
2774,0.0011080843
2775,0.0022456734
2776,0.003748454
2777,0.004962445
2778,0.0057590315
2779,0.00434519
2780,0.001656281
2781,0.00019513287
2782,-1.5269896e-05
2783,0.0011933058
2784,0.0040160255
2785,0.0067628263
2786,0.0076599973
2787,0.006536759
2788,0.0040778345
2789,0.0015443198
2790,5.0362883e-05
2791,8.997305e-05
2792,0.0015576059
2793,0.0030962762
2794,0.004867698
2795,0.0053975713
2796,0.0043094945
2797,0.0038303367
2798,0.0015225394
2799,0.000117572294
2800,-7.088278e-05
2801,0.0006144097
2802,0.0016329112
2803,0.0011004288
2804,0.00075166614
2805,0.0007456219
2806,0.0011152792
2807,0.00033871204
2808,-7.7582234e-05
2809,5.037961e-05
2810,0.0002554619
2811,0.0011782581
2812,0.0014267556
2813,0.0020168659
2814,0.00088701013
2815,0.000748342
2816,0.0004752633
2817,-8.212803e-06
2818,-5.127088e-05
2819,0.0009157454
2820,0.0032965527
2821,0.004120728
2822,0.0038396802
2823,0.003769318
2824,0.0020398602
2825,0.0005543866
2826,-4.6027293e-05
2827,8.603053e-05
2828,0.00048797618
2829,0.0020973983
2830,0.0018015576
2831,0.003396181
2832,0.0034129904
2833,0.002915853
2834,0.0009385965
2835,3.5168894e-05
2836,0.00013472672
2837,0.0011116525
2838,0.003049529
2839,0.0059101437
2840,0.005684569
2841,0.0051831147
2842,0.0026550877
2843,0.0007013714
2844,-2.9331684e-05
2845,0.00010114895
2846,0.0005154207
2847,0.0019517284
2848,0.003975477
2849,0.0036717793
2850,0.0022342098
2851,0.0014486648
2852,0.00081377977
2853,-1.9297186e-05
2854,5.3554206e-05
2855,0.00088420534
2856,0.0019606296
2857,0.001833992
2858,0.0011936995
2859,0.000980051
2860,0.0015565904
2861,0.00039742584
2862,-0.00010309377
2863,0.00021066148
2864,0.0010961005
2865,0.0022531087
2866,0.0010955333
2867,0.0014704472
2868,0.0011523851
2869,0.0011974167
2870,0.00014031984
2871,-8.1238526e-05
2872,-3.5180885e-05
2873,0.00058223034
2874,0.0011562412
2875,0.0008960486
2876,0.0010935032
2877,0.001027942
2878,0.000509998
2879,0.00024354443
2880,-5.6088855e-05
2881,-2.7346097e-05
2882,-2.3297398e-05
2883,6.717446e-05
2884,0.00026370122
2885,0.0019310578
2886,0.0010758201
2887,0.00015563743
2888,0.00021076464
2889,-7.2085415e-05
2890,0.000117281204
2891,0.0014227174
2892,0.0037129223
2893,0.00524278
2894,0.006830461
2895,0.0064187706
2896,0.004349436
2897,0.0022213333
2898,0.00024482474
2899,9.813279e-05
2900,0.0017435232
2901,0.0053432984
2902,0.008574204
2903,0.009762773
2904,0.008510073
2905,0.0053293854
2906,0.0018847123
2907,2.4286855e-06
2908,0.00056184863
2909,0.0025625215
2910,0.0057064835
2911,0.0077247526
2912,0.007863623
2913,0.0064897374
2914,0.003498814
2915,0.0013687301
2916,5.6974306e-05
2917,8.25625e-05
2918,0.0014544533
2919,0.0034742786
2920,0.0042873095
2921,0.0035597766
2922,0.0027293486
2923,0.0016247279
2924,0.00014547315
2925,-9.78974e-05
2926,0.00027265766
2927,0.0019468365
2928,0.0043831198
2929,0.005059953
2930,0.0043292935
2931,0.0044153137
2932,0.0018890135
2933,0.0004552002
2934,-4.2623516e-05
2935,0.00013422244
2936,0.0014754443
2937,0.0035511334
2938,0.005715526
2939,0.0066649327
2940,0.006701896
2941,0.004254056
2942,0.0015203006
2943,9.1821734e-05
2944,0.00014083693
2945,0.0020666015
2946,0.00517347
2947,0.00674062
2948,0.0066373684
2949,0.0052596694
2950,0.0041640108
2951,0.0012133948
2952,-5.5515113e-05
2953,0.00041691773
2954,0.0015924058
2955,0.0039809137
2956,0.0055434625
2957,0.006659421
2958,0.005586078
2959,0.003715322
2960,0.0017103974
2961,0.00021774264
2962,3.5387093e-05
2963,0.0013018798
2964,0.003987536
2965,0.0072516757
2966,0.009073315
2967,0.0082176095
2968,0.005261382
2969,0.0020762624
2970,4.021603e-05
2971,0.0004708827
2972,0.0031379047
2973,0.0066227177
2974,0.008102981
2975,0.009273585
2976,0.0067272373
2977,0.0031007398
2978,0.0009325468
2979,-5.4653243e-05
2980,0.00035077607
2981,0.0019696008
2982,0.004005682
2983,0.0050476952
2984,0.006572294
2985,0.006828995
2986,0.004845796
2987,0.0020946958
2988,0.0001937229
2989,0.0001574881
2990,0.0021106822
2991,0.0048908405
2992,0.0070637064
2993,0.007665632
2994,0.0064328164
2995,0.0034779566
2996,0.0016382386
2997,0.0001034023
2998,2.4165252e-05
2999,0.0007608446
3000,0.0027440023
3001,0.005581713
3002,0.006684142
3003,0.00651061
3004,0.003624105
3005,0.0015143901
3006,6.2010615e-05
3007,0.00014755264
3008,0.0016488712
3009,0.004613619
3010,0.0069744363
3011,0.007318885
3012,0.007479692
3013,0.0046510953
3014,0.0016539724
3015,2.2488333e-05
3016,0.00028419358
3017,0.0016596677
3018,0.0037384029
3019,0.005987303
3020,0.0073689255
3021,0.0064116917
3022,0.004108717
3023,0.0016046017
3024,0.00014124988
3025,5.6545046e-05
3026,0.0013463474
3027,0.002651014
3028,0.0026551392
3029,0.004573374
3030,0.004774304
3031,0.0020165574
3032,0.00064788543
3033,-7.6799646e-05
3034,0.000120200624
3035,0.0012089701
3036,0.0031973456
3037,0.005084701
3038,0.0057554776
3039,0.005424646
3040,0.0037364545
3041,0.001942736
3042,0.00030808948
3043,6.1041574e-06
3044,0.0013041298
3045,0.003129499
3046,0.0034407326
3047,0.005662951
3048,0.005205162
3049,0.0026066606
3050,0.00078837055
3051,-7.691592e-05
3052,0.00037456633
3053,0.0021760543
3054,0.0039600804
3055,0.006931237
3056,0.008124604
3057,0.0074916375
3058,0.0053075375
3059,0.001976207
3060,0.00019664361
3061,0.00025269235
3062,0.002724481
3063,0.005763117
3064,0.009149095
3065,0.0080948
3066,0.0053428914
3067,0.0035446093
3068,0.001465772
3069,-6.56198e-05
3070,0.00031564818
3071,0.0018335712
3072,0.0028672914
3073,0.002579102
3074,0.004348501
3075,0.003755843
3076,0.0020786882
3077,0.0008433124
3078,-7.886795e-05
3079,0.00036172575
3080,0.0021155013
3081,0.0039167255
3082,0.0065418696
3083,0.0056847795
3084,0.004136526
3085,0.002539117
3086,0.00074786885
3087,-5.4815584e-05
3088,0.0003172871
3089,0.0012764077
3090,0.0035747744
3091,0.003389942
3092,0.0046203486
3093,0.004710865
3094,0.0033438744
3095,0.0010277048
3096,7.34537e-07
3097,3.5755023e-05
3098,0.00057676324
3099,0.0023201078
3100,0.002781658
3101,0.002163056
3102,0.00038057932
3103,0.00011725006
3104,-9.076719e-05
3105,2.8911512e-05
3106,0.00022867968
3107,0.0007982704
3108,0.0005920001
3109,0.00036688527
3110,1.50370815e-05
3111,0.00028567182
3112,0.00031316915
3113,0.00012725455
3114,-7.014362e-05
3115,0.00024686818
3116,0.0005075264
3117,0.0006309794
3118,0.0010050861
3119,0.0012102816
3120,0.00084308087
3121,0.0008669718
3122,-4.4910936e-05
3123,8.254239e-06
3124,0.00012845913
3125,0.00046580005
3126,0.0007090516
3127,0.0020714598
3128,0.000479749
3129,0.0018415349
3130,0.0014841183
3131,3.704799e-05
3132,-9.963754e-05
3133,0.00055793533
3134,0.0009458554
3135,0.0009820974
3136,0.0009184886
3137,0.0014067215
3138,0.00081009016
3139,0.00053707085
3140,0.00026705928
3141,-8.107867e-05
3142,0.0005284584
3143,0.0018285273
3144,0.0028253596
3145,0.0041696304
3146,0.0058475514
3147,0.0058252253
3148,0.003404818
3149,0.0012800805
3150,-5.2725973e-05
3151,0.00044456997
3152,0.0026008515
3153,0.005026639
3154,0.0059218006
3155,0.0053559304
3156,0.006053265
3157,0.004931616
3158,0.0018190354
3159,0.00012319954
3160,0.00021285264
3161,0.0023555488
3162,0.005798613
3163,0.008802596
3164,0.010532216
3165,0.008755465
3166,0.0049107615
3167,0.001680507
3168,-5.9554957e-05
3169,0.00033404952
3170,0.002639669
3171,0.0060700746
3172,0.0076571517
3173,0.006373495
3174,0.005725796
3175,0.0038352276
3176,0.0012495363
3177,-4.618801e-05
3178,0.00043272864
3179,0.002532522
3180,0.0051807533
3181,0.007276516
3182,0.008861528
3183,0.0075945933
3184,0.004841159
3185,0.0018988746
3186,8.1904225e-05
3187,0.00030655807
3188,0.0025151034
3189,0.005197474
3190,0.008055417
3191,0.008877926
3192,0.0067944564
3193,0.004078013
3194,0.001364962
3195,-4.63359e-05
3196,0.0002583916
3197,0.0020176626
3198,0.004252672
3199,0.0062089725
3200,0.0071747634
3201,0.0054716268
3202,0.00434628
3203,0.0018217866
3204,0.00018756042
3205,6.6631794e-05
3206,0.0017424444
3207,0.0051960433
3208,0.008401909
3209,0.009704339
3210,0.008383631
3211,0.005163713
3212,0.0018528766
3213,3.0540206e-05
3214,0.00032439257
3215,0.001997143
3216,0.0051633418
3217,0.008000757
3218,0.008376133
3219,0.0075795734
3220,0.0048646126
3221,0.0019461656
3222,8.7281915e-05
3223,0.0003071947
3224,0.0025971038
3225,0.0054222313
3226,0.008742362
3227,0.008905746
3228,0.00606921
3229,0.0030811925
3230,0.0007898363
3231,-5.311378e-05
3232,4.3405576e-05
3233,0.00075114385
3234,0.0006300642
3235,0.0011761036
3236,0.0025575666
3237,0.0017565191
3238,0.0010917834
3239,0.0006413509
3240,-6.231552e-06
3241,5.078353e-05
3242,0.00063274056
3243,0.0019836845
3244,0.0040144017
3245,0.006048259
3246,0.00647558
3247,0.004530751
3248,0.0018122087
3249,4.961824e-05
3250,0.00029729755
3251,0.002396236
3252,0.0054494706
3253,0.008270096
3254,0.008683654
3255,0.008341056
3256,0.005282553
3257,0.0021742205
3258,2.5437228e-05
3259,0.0003058154
3260,0.0017945643
3261,0.004986865
3262,0.008272143
3263,0.009447443
3264,0.0072511327
3265,0.004097908
3266,0.0014192874
3267,1.7662314e-06
3268,0.00037752406
3269,0.0026418017
3270,0.005856812
3271,0.0083677275
3272,0.008028133
3273,0.0071297064
3274,0.004271015
3275,0.0014570934
3276,7.212453e-06
3277,0.0002880319
3278,0.0018929747
3279,0.004584267
3280,0.006535881
3281,0.0078032785
3282,0.0071287835
3283,0.0049086963
3284,0.0021620796
3285,0.0002168115
3286,9.9772e-05
3287,0.0021219978
3288,0.00560941
3289,0.009156354
3290,0.010537836
3291,0.008984009
3292,0.005408096
3293,0.0017435905
3294,-4.4300134e-05
3295,0.0005644059
3296,0.0029210178
3297,0.0058643185
3298,0.008023646
3299,0.00842091
3300,0.005893904
3301,0.0038338087
3302,0.0011838312
3303,4.432704e-05
3304,0.00019390316
3305,0.0020529944
3306,0.005194534
3307,0.0062671253
3308,0.008132756
3309,0.0067119086
3310,0.0040528243
3311,0.0015182998
3312,5.8531405e-05
3313,0.00022705804
3314,0.0019821336
3315,0.0045703505
3316,0.006898905
3317,0.00687064
3318,0.005046818
3319,0.003467401
3320,0.0017863619
3321,0.00012823688
3322,0.00022699335
3323,0.0023140027
3324,0.0047620162
3325,0.0058018235
3326,0.00648574
3327,0.004241288
3328,0.0017673471
3329,0.0007627289
3330,-8.5394284e-05
3331,0.00039864314
3332,0.0024611617
3333,0.0057639205
3334,0.008965233
3335,0.008564885
3336,0.0062646205
3337,0.0033563047
3338,0.0011767321
3339,9.544223e-06
3340,0.0002517141
3341,0.0022730485
3342,0.0045463745
3343,0.00862416
3344,0.0096728625
3345,0.008935905
3346,0.0055341525
3347,0.0016910057
3348,7.847622e-06
3349,0.0005257179
3350,0.0029738368
3351,0.006473221
3352,0.008731488
3353,0.009065353
3354,0.0062640575
3355,0.0046037296
3356,0.0018941726
3357,7.2368806e-05
3358,0.00034778335
3359,0.002472534
3360,0.0052647046
3361,0.00683485
3362,0.0063383416
3363,0.003662022
3364,0.0010063236
3365,0.00015321854
3366,-1.1171636e-05
3367,0.00017773802
3368,0.0013006929
3369,0.0010871917
3370,0.0010802158
3371,0.0006689337
3372,4.6069734e-05
3373,0.00032874258
3374,0.00035202602
3375,-4.1435967e-05
3376,0.00037230446
3377,0.001631743
3378,0.0034871192
3379,0.0057551
3380,0.006492406
3381,0.0037825431
3382,0.0020537016
3383,0.0007383496
3384,-9.8951146e-05
3385,0.00044087542
3386,0.0024974353
3387,0.005425108
3388,0.008079279
3389,0.009448646
3390,0.008836381
3391,0.006159623
3392,0.0026048676
3393,0.00015398848
3394,0.0003123966
3395,0.0030943288
3396,0.0065562045
3397,0.010830934
3398,0.011595835
3399,0.008173327
3400,0.005219276
3401,0.001768613
3402,-9.932497e-05
3403,0.00060061645
3404,0.002947678
3405,0.005947214
3406,0.008423974
3407,0.00875487
3408,0.007248246
3409,0.0031802398
3410,0.00097337
3411,3.800288e-05
3412,0.00046418718
3413,0.0036152694
3414,0.0060305167
3415,0.01015256
3416,0.010908942
3417,0.0063483147
3418,0.0030920869
3419,0.00082042103
3420,7.198697e-05
3421,0.0011083351
3422,0.0045632333
3423,0.007116625
3424,0.009962034
3425,0.0074134655
3426,0.0068880925
3427,0.002501278
3428,0.00042888508
3429,3.5829973e-05
3430,0.0010187526
3431,0.0036355276
3432,0.005997326
3433,0.007690974
3434,0.004897355
3435,0.003251717
3436,0.0019505678
3437,-0.000100537916
3438,-3.5674093e-05
3439,0.0007637876
3440,0.0033945416
3441,0.007252652
3442,0.009069741
3443,0.009108577
3444,0.0060963626
3445,0.0030142325
3446,0.00040054444
3447,7.646042e-06
3448,0.00027879438
3449,0.0018525879
3450,0.0044534854
3451,0.0064807422
3452,0.00816336
3453,0.004135106
3454,0.0028038446
3455,0.00080417254
3456,5.6569712e-05
3457,0.00075460726
3458,0.003150896
3459,0.0062314468
3460,0.007247323
3461,0.0077871024
3462,0.0072056437
3463,0.0035561102
3464,0.00091232324
3465,-2.3192959e-05
3466,0.0007066699
3467,0.003172036
3468,0.0065999003
3469,0.008926958
3470,0.011539308
3471,0.009253379
3472,0.0065638125
3473,0.0024705413
3474,-6.4654814e-05
3475,0.00031910808
3476,0.0034651074
3477,0.0094818445
3478,0.014161308
3479,0.012743501
3480,0.008995447
3481,0.006462452
3482,0.0020086481
3483,6.67135e-05
3484,0.0010259803
3485,0.0043504825
3486,0.007436122
3487,0.009620107
3488,0.009985678
3489,0.009065585
3490,0.0053164754
3491,0.0009791495
3492,9.050709e-05
3493,0.00073357613
3494,0.0044196094
3495,0.009449843
3496,0.013668903
3497,0.014843731
3498,0.01231682
3499,0.0072964435
3500,0.0022645688
3501,-3.6406105e-05
3502,0.0009121016
3503,0.0046237656
3504,0.00915339
3505,0.011648454
3506,0.011066493
3507,0.006466753
3508,0.0018546792
3509,0.00010912977
3510,1.80473e-05
3511,0.0011717065
3512,0.0034866699
3513,0.0062897205
3514,0.009776499
3515,0.0073799053
3516,0.006919538
3517,0.0043165176
3518,0.00090373907
3519,-3.747583e-05
3520,0.00074247
3521,0.0037703658
3522,0.008603821
3523,0.011633915
3524,0.010243642
3525,0.009558777
3526,0.0064586457
3527,0.002276291
3528,-0.00014018733
3529,0.00057997473
3530,0.0044256467
3531,0.009707329
3532,0.011763898
3533,0.014807281
3534,0.011583814
3535,0.006272253
3536,0.0013313519
3537,-8.089142e-05
3538,0.0013294076
3539,0.0052119493
3540,0.00885085
3541,0.010518515
3542,0.009716688
3543,0.007194462
3544,0.004049959
3545,0.0013573169
3546,-6.173683e-05
3547,0.00039736557
3548,0.0024988174
3549,0.0045935446
3550,0.008007471
3551,0.0085233245
3552,0.0073236325
3553,0.0051240125
3554,0.0022856991
3555,7.021685e-05
3556,0.00032101147
3557,0.0036595576
3558,0.008272052
3559,0.009977124
3560,0.0125503065
3561,0.010289428
3562,0.0051418496
3563,0.0011233392
3564,-3.0737217e-05
3565,0.0006240001
3566,0.0043061106
3567,0.009028982
3568,0.012207686
3569,0.012653928
3570,0.010209334
3571,0.006036248
3572,0.0017064195
3573,-8.236279e-05
3574,0.00048757347
3575,0.004024426
3576,0.008891461
3577,0.012744903
3578,0.011620487
3579,0.0075469934
3580,0.0058686314
3581,0.0010104239
3582,4.4053828e-05
3583,0.0007498203
3584,0.0052083447
3585,0.009372066
3586,0.0106427735
3587,0.011988972
3588,0.011137481
3589,0.0063569536
3590,0.0010200284
3591,8.174541e-05
3592,0.001626998
3593,0.0064311065
3594,0.0112858275
3595,0.011782203
3596,0.012136585
3597,0.007128092
3598,0.003688508
3599,0.000375711
3600,8.343089e-05
3601,0.0006494256
3602,0.0029705921
3603,0.0057572
3604,0.007834375
3605,0.009782555
3606,0.009562794
3607,0.0056962473
3608,0.0017135165
3609,-2.210796e-05
3610,0.0007907528
3611,0.0044242763
3612,0.009176342
3613,0.012057621
3614,0.011458139
3615,0.010296712
3616,0.006294474
3617,0.0017438941
3618,-5.169535e-05
3619,0.00076291076
3620,0.004606922
3621,0.008395649
3622,0.011409219
3623,0.012336898
3624,0.0104471035
3625,0.005748829
3626,0.0015464751
3627,9.030628e-06
3628,0.0006373074
3629,0.0027285665
3630,0.006353549
3631,0.0072406796
3632,0.009165614
3633,0.008692514
3634,0.003577988
3635,0.00028486265
3636,6.251344e-05
3637,0.00083541963
3638,0.004207137
3639,0.006546935
3640,0.0061760787
3641,0.0032819896
3642,-4.2608626e-06
3643,0.00023831485
3644,0.0003454923
3645,-0.00011119031
3646,0.0007467579
3647,0.0017908671
3648,0.0030586147
3649,0.0014368561
3650,0.00088244147
3651,0.001693499
3652,0.0014849335
3653,0.00051495584
3654,-5.8889964e-05
3655,0.0005415635
3656,0.0027511767
3657,0.005155982
3658,0.0074959756
3659,0.0069812597
3660,0.0043810927
3661,0.0029228623
3662,0.00096329435
3663,-9.5505515e-05
3664,0.00045095826
3665,0.0017554427
3666,0.0039647473
3667,0.0040076757
3668,0.0027489811
3669,0.002971543
3670,0.0011665447
3671,-0.00010477173
3672,1.5253972e-05
3673,0.0008276443
3674,0.003372864
3675,0.006427877
3676,0.006555669
3677,0.0072339177
3678,0.0049770107
3679,0.002331618
3680,0.0009259712
3681,1.9025756e-06
3682,0.0006881873
3683,0.0045604487
3684,0.009050702
3685,0.011430201
3686,0.011915108
3687,0.010283943
3688,0.0050469036
3689,0.001076702
3690,-9.742238e-05
3691,0.0011688616
3692,0.0038116877
3693,0.006959542
3694,0.0073113246
3695,0.006025315
3696,0.0036894644
3697,0.0034032653
3698,0.00086059375
3699,-9.84933e-05
3700,0.0002513229
3701,0.002030127
3702,0.0033643686
3703,0.002638421
3704,0.0047254376
3705,0.0047223275
3706,0.0010819975
3707,-9.8553835e-05
3708,4.3807187e-05
3709,0.00048757164
3710,0.0016048386
3711,0.0015826584
3712,0.0032924162
3713,0.0024797476
3714,0.00013917637
3715,0.00075940945
3716,0.00080446363
3717,0.0002111053
3718,0.00050587463
3719,0.0015043748
3720,0.0033443267
3721,0.0037277893
3722,0.0047010756
3723,0.0043745553
3724,0.0011768867
3725,0.0005390333
3726,0.000113765345
3727,0.00065368804
3728,0.0014642861
3729,0.0033370992
3730,0.002657038
3731,0.0027685647
3732,0.0030605847
3733,0.0022316936
3734,-4.9502887e-05
3735,8.441668e-06
3736,0.00077451207
3737,0.002646177
3738,0.003046439
3739,0.0031880962
3740,0.0034045968
3741,0.003913204
3742,0.0003825721
3743,0.0002907489
3744,0.00037313328
3745,0.00054216874
3746,0.003924747
3747,0.006623035
3748,0.006248204
3749,0.0088054435
3750,0.005748459
3751,0.001081958
3752,1.4480713e-05
3753,-4.806222e-05
3754,0.001381041
3755,0.0045177224
3756,0.0061122654
3757,0.007439762
3758,0.009004626
3759,0.00896513
3760,0.004261868
3761,0.0009722498
3762,0.0003615098
3763,0.00010604464
3764,0.0026334894
3765,0.006028802
3766,0.011365734
3767,0.015307597
3768,0.015100672
3769,0.008546878
3770,0.002322734
3771,0.00023502887
3772,0.0012809539
3773,0.0054529915
3774,0.009011501
3775,0.012653915
3776,0.011688808
3777,0.0057230163
3778,0.0012468976
3779,0.00013986732
3780,-2.202073e-05
3781,0.0016476533
3782,0.0055934624
3783,0.008317649
3784,0.009121083
3785,0.005994244
3786,0.0056384327
3787,0.0018218318
3788,0.00031698766
3789,-1.9383202e-05
3790,0.0007490761
3791,0.0024699862
3792,0.005668439
3793,0.008465646
3794,0.0074325777
3795,0.007495399
3796,0.005726288
3797,0.0013364604
3798,-0.00010365325
3799,0.0008712028
3800,0.0036594472
3801,0.0053662886
3802,0.008640928
3803,0.0063993814
3804,0.004581039
3805,0.0025378733
3806,0.00060850434
3807,-9.469589e-05
3808,0.0005004892
3809,0.002457729
3810,0.004351044
3811,0.007098803
3812,0.0066633895
3813,0.0044406485
3814,0.0021189917
3815,0.0011387891
3816,-2.1058739e-05
3817,0.00013422125
3818,0.0012429996
3819,0.0017119705
3820,0.00070321705
3821,0.00063705875
3822,0.0008078959
3823,0.0009738026
3824,0.0001367293
3825,-0.000101325386
3826,0.0002606779
3827,0.00037466412
3828,0.0017302537
3829,0.0012926154
3830,0.0018195196
3831,0.0018639528
3832,0.0011199563
3833,5.9285718e-05
3834,-7.118311e-05
3835,5.704857e-05
3836,0.0008275085
3837,0.0031136347
3838,0.0037153151
3839,0.0058168303
3840,0.0060376422
3841,0.0028112617
3842,0.0008297463
3843,-0.000103842765
3844,0.00047281763
3845,0.0019441549
3846,0.0039753895
3847,0.0047345622
3848,0.004236068
3849,0.0047208224
3850,0.00310398
3851,0.00096145045
3852,-6.563861e-05
3853,0.00026658567
3854,0.0018433554
3855,0.0041440395
3856,0.005467041
3857,0.00462598
3858,0.00434667
3859,0.0032150287
3860,0.0010472756
3861,-7.482324e-05
3862,0.0005000918
3863,0.0029857878
3864,0.005743392
3865,0.006810358
3866,0.008251147
3867,0.0069121365
3868,0.0043702177
3869,0.0016965967
3870,7.13979e-05
3871,9.694144e-05
3872,0.0015277403
3873,0.0038604115
3874,0.0047932463
3875,0.0071923714
3876,0.0060289707
3877,0.0027785522
3878,0.0010372081
3879,-7.423888e-05
3880,0.0004774971
3881,0.002594051
3882,0.0047687404
3883,0.006257865
3884,0.005772991
3885,0.0051108142
3886,0.0043962426
3887,0.001964226
3888,0.00025157802
3889,3.0112758e-05
3890,0.0017029613
3891,0.0044111013
3892,0.0076912884
3893,0.008952965
3894,0.009160511
3895,0.0050556785
3896,0.0015030128
3897,-6.566639e-05
3898,0.00045519936
3899,0.0023961868
3900,0.004708035
3901,0.0043809987
3902,0.00500184
3903,0.0037425489
3904,0.0019244298
3905,0.0009294531
3906,5.655455e-05
3907,-5.996655e-06
3908,0.000927165
3909,0.0025565042
3910,0.0038965382
3911,0.0035011836
3912,0.004480131
3913,0.002051373
3914,0.00053912296
3915,-4.1389718e-05
3916,0.00026290707
3917,0.0012170707
3918,0.003613062
3919,0.004897293
3920,0.0051636407
3921,0.0046178503
3922,0.0027418053
3923,0.0011668123
3924,5.017525e-05
3925,9.54646e-05
3926,0.0013626645
3927,0.003213479
3928,0.006048252
3929,0.00689785
3930,0.0064172256
3931,0.0043618195
3932,0.001728864
3933,0.00016194241
3934,0.00022878082
3935,0.0019904748
3936,0.0048427735
3937,0.00703136
3938,0.007703932
3939,0.0055290284
3940,0.0030917362
3941,0.0010535396
3942,-2.4725065e-05
3943,0.00036932577
3944,0.0023218046
3945,0.0049573043
3946,0.0072692866
3947,0.007852452
3948,0.0070927613
3949,0.0045772525
3950,0.0017615269
3951,0.00011508475
3952,0.00019550978
3953,0.0017471769
3954,0.004525034
3955,0.008183928
3956,0.0095353145
3957,0.0071699005
3958,0.005094753
3959,0.002222698
3960,6.0552797e-05
3961,0.000440744
3962,0.0030949938
3963,0.0066771964
3964,0.00948139
3965,0.0092179
3966,0.006162828
3967,0.003232483
3968,0.0011803501
3969,-7.0602626e-05
3970,0.00042111732
3971,0.0016246127
3972,0.0030787801
3973,0.0029601771
3974,0.003045591
3975,0.0011334432
3976,0.0006559415
3977,7.5961616e-05
3978,-9.985954e-05
3979,0.0002468627
3980,0.0011006569
3981,0.0008525561
3982,0.0020114998
3983,0.002450744
3984,0.0027749012
3985,0.0014856749
3986,0.0002766929
3987,-6.493931e-05
3988,0.00029854334
3989,0.001468936
3990,0.0022800548
3991,0.0030555462
3992,0.0030000054
3993,0.0009000044
3994,0.0009042154
3995,3.0939947e-05
3996,-6.468168e-05
3997,4.144048e-05
3998,0.00023376607
3999,0.0016526133
4000,0.0010116828
4001,0.0016819565
4002,0.00010292855
4003,0.00033282558
4004,5.053165e-05
4005,-9.3628885e-05
4006,8.007313e-05
4007,0.00011706487
4008,0.00031734322
4009,0.00037966509
4010,0.0018087677
4011,0.00071929896
4012,0.00028307404
4013,0.0002028262
4014,-5.2935622e-05
4015,4.1384716e-05
4016,0.00086743955
4017,0.0021928807
4018,0.0039825956
4019,0.005172365
4020,0.004537598
4021,0.002322208
4022,0.00067485217
4023,-9.634137e-05
4024,0.00061742496
4025,0.002868551
4026,0.0058642766
4027,0.00828639
4028,0.007499568
4029,0.005184198
4030,0.004206929
4031,0.0018555922
4032,3.0100353e-05
4033,0.00041698184
4034,0.002735896
4035,0.0059410604
4036,0.008612114
4037,0.009393155
4038,0.008009576
4039,0.0048676077
4040,0.0017292063
4041,2.9759649e-05
4042,0.0003882185
4043,0.0027004182
4044,0.0051067
4045,0.0068922853
4046,0.008396959
4047,0.0066227657
4048,0.0049547204
4049,0.00167584
4050,-4.2978536e-05
4051,0.0004981335
4052,0.002489156
4053,0.0047807507
4054,0.005024929
4055,0.006121988
4056,0.004788276
4057,0.0037388415
4058,0.0011536995
4059,1.8867693e-05
4060,0.00015163665
4061,0.0017694477
4062,0.0044135163
4063,0.0050051226
4064,0.0069776243
4065,0.0058718175
4066,0.0038664455
4067,0.001053773
4068,-2.6586167e-05
4069,0.00034186422
4070,0.002076699
4071,0.0052489564
4072,0.006926982
4073,0.0059162043
4074,0.0038741366
4075,0.0023350907
4076,0.00073035056
4077,3.7255886e-05
4078,6.9783484e-05
4079,0.0017811618
4080,0.004941447
4081,0.0075605265
4082,0.0067978026
4083,0.005650322
4084,0.0033399398
4085,0.0010123787
4086,1.2686018e-05
4087,0.00011755242
4088,0.0017576684
4089,0.0046568816
4090,0.0059191966
4091,0.0062750815
4092,0.004488319
4093,0.0030484293
4094,0.0012790116
4095,0.00011871672
4096,7.880901e-05
4097,0.0011929389
4098,0.003121394
4099,0.0041982695
4100,0.005912585
4101,0.0057678837
4102,0.0030044192
4103,0.0014255457
4104,3.1885167e-05
4105,0.00026761123
4106,0.0016926319
4107,0.0032641
4108,0.004332663
4109,0.0044705253
4110,0.0051932144
4111,0.0038715294
4112,0.0018116217
4113,0.00010800146
4114,0.00017678743
4115,0.0018455293
4116,0.0046654064
4117,0.0070073465
4118,0.007966864
4119,0.005860805
4120,0.0031480878
4121,0.0016365097
4122,6.3381274e-05
4123,0.00023588233
4124,0.0022006403
4125,0.0036897243
4126,0.005695382
4127,0.007190147
4128,0.005087854
4129,0.0029886935
4130,0.0012166705
4131,2.2109416e-05
4132,0.00010635381
4133,0.0016590905
4134,0.0036198685
4135,0.0046843914
4136,0.006806717
4137,0.005616818
4138,0.0030883427
4139,0.0017000451
4140,0.00014192642
4141,0.000103650156
4142,0.001509151
4143,0.0029727644
4144,0.0029915303
4145,0.004470587
4146,0.0045695645
4147,0.0018423923
4148,0.0004975481
4149,-7.855578e-05
4150,0.000296801
4151,0.0016253776
4152,0.0040780087
4153,0.0066821883
4154,0.0059736897
4155,0.005488688
4156,0.0029883075
4157,0.0016087925
4158,8.6445245e-05
4159,6.645852e-05
4160,0.0013571938
4161,0.0038602774
4162,0.006133127
4163,0.006152051
4164,0.0049117864
4165,0.0027002757
4166,0.0012038893
4167,-2.4399778e-05
4168,0.0002823904
4169,0.001792837
4170,0.0048216577
4171,0.00601549
4172,0.006148587
4173,0.0046762004
4174,0.0025534832
4175,0.0010144567
4176,-4.804733e-05
4177,0.00029613476
4178,0.0022209284
4179,0.004168992
4180,0.004590456
4181,0.0066000875
4182,0.0049237497
4183,0.0034911116
4184,0.0016345674
4185,3.054623e-05
4186,0.00034550755
4187,0.0023213036
4188,0.004482997
4189,0.006541035
4190,0.008775684
4191,0.0071297972
4192,0.0042682593
4193,0.0013422403
4194,-5.7953515e-05
4195,0.00039269004
4196,0.0017840584
4197,0.0027440474
4198,0.0031609007
4199,0.0043428666
4200,0.0031707485
4201,0.003016838
4202,0.0013365722
4203,4.0295912e-05
4204,0.00023249644
4205,0.0020765155
4206,0.0040518525
4207,0.006313064
4208,0.0060226466
4209,0.006617186
4210,0.0049002892
4211,0.0017734262
4212,-1.6857455e-05
4213,0.0003851155
4214,0.0022918102
4215,0.0059099
4216,0.009255227
4217,0.010042467
4218,0.008494039
4219,0.005321018
4220,0.0020645382
4221,2.6110945e-05
4222,0.00040694632
4223,0.0031010518
4224,0.0069921655
4225,0.01024921
4226,0.010924692
4227,0.008868795
4228,0.0051888824
4229,0.0013678978
4230,-5.7428653e-05
4231,0.00057538203
4232,0.003108765
4233,0.006265334
4234,0.008850152
4235,0.009783612
4236,0.008493865
4237,0.0045963167
4238,0.0021675737
4239,5.5441298e-05
4240,0.00036565884
4241,0.0028240678
4242,0.0057176403
4243,0.008808779
4244,0.0095240455
4245,0.007859205
4246,0.004121274
4247,0.0014989111
4248,-9.794354e-05
4249,0.0005596584
4250,0.0029569312
4251,0.006366506
4252,0.009204397
4253,0.0103815
4254,0.009422173
4255,0.0064105345
4256,0.0026474732
4257,0.000105206665
4258,0.00020335197
4259,0.0033408918
4260,0.00834884
4261,0.012819743
4262,0.014172744
4263,0.01191795
4264,0.005731087
4265,0.0019354761
4266,-7.778233e-05
4267,0.0010157579
4268,0.0043351725
4269,0.007309705
4270,0.011048712
4271,0.00960559
4272,0.007660462
4273,0.0044675386
4274,0.0010923218
4275,-8.415562e-05
4276,0.0008367201
4277,0.0033945811
4278,0.005690812
4279,0.0089568235
4280,0.008295976
4281,0.008720501
4282,0.0055935257
4283,0.0020549966
4284,-8.522125e-06
4285,0.00029628232
4286,0.0026904154
4287,0.0056474013
4288,0.010059554
4289,0.010829523
4290,0.0076643857
4291,0.005192674
4292,0.0014774348
4293,-9.6154006e-05
4294,0.0007195512
4295,0.0031003898
4296,0.0060238787
4297,0.006998025
4298,0.009131122
4299,0.007825645
4300,0.0049386392
4301,0.0015947564
4302,5.9438054e-05
4303,0.00021380733
4304,0.0023248664
4305,0.0043494725
4306,0.007599594
4307,0.00965171
4308,0.007613336
4309,0.0054512043
4310,0.0019349774
4311,-4.7823414e-05
4312,0.0004967932
4313,0.0027773224
4314,0.006788998
4315,0.01082444
4316,0.011148974
4317,0.008966794
4318,0.0053793984
4319,0.0018146993
4320,-7.879847e-05
4321,0.0004859196
4322,0.0032456247
4323,0.006601203
4324,0.010614733
4325,0.011524316
4326,0.0081983805
4327,0.0061484026
4328,0.0022308754
4329,-8.9051435e-05
4330,0.0006769862
4331,0.004068635
4332,0.008464469
4333,0.011542558
4334,0.010250319
4335,0.00892501
4336,0.0045617204
4337,0.0017493987
4338,-0.00011322562
4339,0.00069694384
4340,0.0039058523
4341,0.0076969117
4342,0.010897542
4343,0.011522255
4344,0.009373872
4345,0.005529565
4346,0.001766339
4347,-8.676216e-05
4348,0.00079749804
4349,0.003926189
4350,0.007269727
4351,0.009128486
4352,0.008734234
4353,0.0070492136
4354,0.004055416
4355,0.0013497238
4356,-2.806561e-05
4357,0.00024254934
4358,0.0019452395
4359,0.0054086475
4360,0.0067074345
4361,0.006040904
4362,0.0035193204
4363,0.0010399135
4364,0.00034964847
4365,-0.00010755919
4366,0.00011442182
4367,0.0007327404
4368,0.0022656682
4369,0.003115372
4370,0.004003056
4371,0.0024594085
4372,0.001174434
4373,0.00040873897
4374,-2.900312e-05
4375,0.00012023818
4376,0.0013461009
4377,0.00398388
4378,0.0065172757
4379,0.008159914
4380,0.00672368
4381,0.0058143875
4382,0.0023497604
4383,0.00016794117
4384,0.00026753033
4385,0.0028780622
4386,0.006508285
4387,0.0076616
4388,0.00849399
4389,0.006643109
4390,0.0039800717
4391,0.0011050303
4392,-4.3271557e-05
4393,0.00034171288
4394,0.0015551993
4395,0.0039457255
4396,0.0066569867
4397,0.007649407
4398,0.0062473407
4399,0.0037079754
4400,0.002169319
4401,0.00013793333
4402,0.00015964394
4403,0.001991262
4404,0.0052877124
4405,0.008622517
4406,0.007835815
4407,0.006491465
4408,0.0038915593
4409,0.0010337303
4410,-0.0001018517
4411,0.00029492614
4412,0.0021220227
4413,0.004592113
4414,0.0054291897
4415,0.005160151
4416,0.0033338577
4417,0.0026454218
4418,0.0007622001
4419,-8.8854584e-05
4420,0.00048352717
4421,0.0035603812
4422,0.0075828773
4423,0.010648069
4424,0.009481293
4425,0.0068991
4426,0.0047782785
4427,0.001386766
4428,-9.950807e-05
4429,0.0005971337
4430,0.0023762344
4431,0.004751021
4432,0.0076331687
4433,0.008567113
4434,0.0076518874
4435,0.0049761594
4436,0.0018511513
4437,0.00023097017
4438,0.00016302537
4439,0.003062438
4440,0.0077289
4441,0.011716068
4442,0.012824274
4443,0.009508484
4444,0.00522639
4445,0.0016356643
4446,-0.00010583907
4447,0.0009508978
4448,0.0039069443
4449,0.006270015
4450,0.007603927
4451,0.0073843673
4452,0.0076165106
4453,0.004332922
4454,0.0013851234
4455,-8.1392485e-05
4456,0.0002470339
4457,0.0019858896
4458,0.0041750693
4459,0.004637276
4460,0.0038893363
4461,0.0014350183
4462,0.00022425546
4463,-1.9198676e-05
4464,-6.771351e-05
4465,0.00012339016
4466,0.00061277766
4467,0.00064119184
4468,0.0011107995
4469,0.0019593416
4470,0.0026217161
4471,0.0007349121
4472,-7.692926e-05
4473,5.787195e-06
4474,0.0003693322
4475,0.0022868635
4476,0.0057132607
4477,0.008056955
4478,0.0067111445
4479,0.007359545
4480,0.0056352885
4481,0.0022079204
4482,-0.0001259153
4483,0.000709045
4484,0.004435742
4485,0.0093363365
4486,0.013076549
4487,0.013763898
4488,0.011293442
4489,0.006732247
4490,0.0021556993
4491,-5.998608e-05
4492,0.0007146964
4493,0.0045110993
4494,0.009635299
4495,0.013484997
4496,0.014214001
4497,0.011568679
4498,0.0062708715
4499,0.0013896121
4500,3.9874998e-05
4501,0.00084391906
4502,0.004035982
4503,0.009121422
4504,0.012273587
4505,0.013206522
4506,0.01082987
4507,0.00653917
4508,0.002249233
4509,-9.493339e-05
4510,0.00038644785
4511,0.0042274566
4512,0.010045255
4513,0.013697719
4514,0.016414098
4515,0.013653315
4516,0.008073565
4517,0.0024341051
4518,-5.7581783e-06
4519,0.001415597
4520,0.006233018
4521,0.009625082
4522,0.013343443
4523,0.012957642
4524,0.009647553
4525,0.004891926
4526,0.001173446
4527,-4.3813387e-05
4528,0.0009860261
4529,0.0040170923
4530,0.007874702
4531,0.010426633
4532,0.009314949
4533,0.009170718
4534,0.004690292
4535,0.0020492983
4536,-4.3081847e-05
4537,0.0006453787
4538,0.004009048
4539,0.008145787
4540,0.010398931
4541,0.012615565
4542,0.0099947015
4543,0.0056959875
4544,0.0015588443
4545,-8.598535e-05
4546,0.00061405275
4547,0.0035478955
4548,0.007837358
4549,0.011414305
4550,0.0097737685
4551,0.009180888
4552,0.005352093
4553,0.0013757041
4554,-3.6102872e-05
4555,0.0008015093
4556,0.0038644718
4557,0.0073452014
4558,0.010922444
4559,0.012088348
4560,0.010358546
4561,0.006819048
4562,0.0024801807
4563,-9.080446e-05
4564,0.0007378595
4565,0.004510214
4566,0.0089357
4567,0.011943297
4568,0.012009837
4569,0.009325159
4570,0.005251873
4571,0.0016484116
4572,-4.8875205e-05
4573,0.0004056228
4574,0.002771259
4575,0.0071264533
4576,0.011156691
4577,0.010987572
4578,0.010636485
4579,0.0056212936
4580,0.0025471556
4581,-0.00011760458
4582,0.0003694197
4583,0.004235065
4584,0.0090462295
4585,0.014774226
4586,0.016865183
4587,0.014861973
4588,0.008982035
4589,0.0033960573
4590,0.00018478224
4591,0.00044879038
4592,0.004633011
4593,0.010606774
4594,0.012025997
4595,0.015400001
4596,0.014594888
4597,0.007871838
4598,0.0007236081
4599,0.0010017053
4600,0.0008844165
4601,0.005897959
4602,0.011841106
4603,0.019279938
4604,0.019451162
4605,0.016237162
4606,0.010636122
4607,0.0023378886
4608,0.0005278052
4609,0.0017443674
4610,0.008415991
4611,0.015895242
4612,0.02102616
4613,0.020779485
4614,0.016357694
4615,0.010434137
4616,0.0029227417
4617,0.00071114756
4618,0.00036976198
4619,0.0071455725
4620,0.016619015
4621,0.024195185
4622,0.026891192
4623,0.023272516
4624,0.014703605
4625,0.004820857
4626,0.0012107402
4627,0.0007124827
4628,0.0069138007
4629,0.019742163
4630,0.030440815
4631,0.04212818
4632,0.038252056
4633,0.024271537
4634,0.0069321273
4635,0.0028129308
4636,0.00037683896
4637,0.0112018455
4638,0.02887664
4639,0.04510644
4640,0.04963331
4641,0.040432777
4642,0.02547787
4643,0.0069822962
4644,0.003718768
4645,0.0012429745
4646,0.013516931
4647,0.03671673
4648,0.053288914
4649,0.059375912
4650,0.039495777
4651,0.027673235
4652,0.0061903573
4653,0.003946338
4654,-0.0002728943
4655,0.018318126
4656,0.041000366
4657,0.056776613
4658,0.059913527
4659,0.046526395
4660,0.021854872
4661,0.0039398517
4662,0.004501909
4663,0.00022274425
4664,0.017804995
4665,0.03917196
4666,0.054213133
4667,0.05654215
4668,0.040855307
4669,0.017249156
4670,0.004307902
4671,0.0041504633
4672,0.0012154249
4673,0.016226988
4674,0.032657433
4675,0.048950374
4676,0.046684198
4677,0.029157862
4678,0.017174307
4679,-0.0001858272
4680,0.0037276458
4681,0.0011357856
4682,0.017145768
4683,0.036760747
4684,0.044088557
4685,0.043492112
4686,0.028436955
4687,0.0063025667
4688,0.0042517013
4689,0.006444181
4690,0.00071021257
4691,0.013421093
4692,0.0252525
4693,0.027745144
4694,0.03128026
4695,0.021581337
4696,0.009084305
4697,-0.00013166084
4698,0.0047807945
4699,0.00041543657
4700,0.017610436
4701,0.039925694
4702,0.050914075
4703,0.044788495
4704,0.042136315
4705,0.025642145
4706,0.0049416386
4707,0.005255792
4708,0.002193098
4709,0.011659227
4710,0.032866754
4711,0.05663591
4712,0.058492515
4713,0.03949699
4714,0.024870377
4715,0.003286569
4716,0.013551822
4717,0.0055474993
4718,0.013781157
4719,0.040094234
4720,0.048443712
4721,0.040250145
4722,0.029515974
4723,0.00040730703
4724,0.015149355
4725,0.009096628
4726,0.008748335
4727,0.033890974
4728,0.054749757
4729,0.0498536
4730,0.045544013
4731,0.014309113
4732,0.0011736312
4733,0.006114365
4734,0.00054272305
4735,0.013623484
4736,0.032289214
4737,0.044941973
4738,0.045680974
4739,0.038307745
4740,0.024354557
4741,0.00998803
4742,-0.0002862932
4743,0.0036077597
4744,-0.00026858406
4745,0.009790191
4746,0.023344548
4747,0.038310364
4748,0.04003557
4749,0.03898449
4750,0.02466258
4751,0.0039851605
4752,0.006892514
4753,0.0036372878
4754,0.008787572
4755,0.031434372
4756,0.05340796
4757,0.06491683
4758,0.060709413
4759,0.032449935
4760,0.013987402
4761,0.0043516983
4762,0.005384895
4763,0.012053404
4764,0.04481621
4765,0.07538946
4766,0.08941128
4767,0.07797446
4768,0.045578178
4769,0.010786289
4770,0.0052021267
4771,-4.1372317e-05
4772,0.023417024
4773,0.05515656
4774,0.07395813
4775,0.0742113
4776,0.044688564
4777,0.026105704
4778,0.002291941
4779,0.004560208
4780,0.0054193307
4781,0.029421266
4782,0.0515137
4783,0.061411057
4784,0.05576057
4785,0.038099788
4786,0.016684646
4787,0.0005043431
4788,0.0036947504
4789,0.0014905871
4790,0.015450166
4791,0.03128381
4792,0.043379426
4793,0.044663005
4794,0.031195374
4795,0.013458162
4796,0.0017468525
4797,0.0065161027
4798,0.0037329071
4799,0.010039487
4800,0.034461897
4801,0.05729852
4802,0.06943214
4803,0.0648154
4804,0.043640226
4805,0.01578998
4806,0.003922401
4807,0.0071042213
4808,0.007854144
4809,0.037038974
4810,0.06784974
4811,0.07333396
4812,0.06767668
4813,0.045114055
4814,0.007909953
4815,0.009331952
4816,0.008971181
4817,0.014542954
4818,0.055593845
4819,0.08830991
4820,0.0861005
4821,0.08646488
4822,0.044928525
4823,0.0068049743
4824,0.012892256
4825,0.0063658915
4826,0.023965618
4827,0.071814805
4828,0.11188381
4829,0.12315992
4830,0.0960668
4831,0.055002417
4832,0.011313716
4833,0.010992136
4834,-0.00027285604
4835,0.029529357
4836,0.0577052
4837,0.083944716
4838,0.07482237
4839,0.052904304
4840,0.017329289
4841,0.00032875966
4842,0.010457337
4843,0.0018874905
4844,0.030134847
4845,0.05492725
4846,0.06894414
4847,0.056015767
4848,0.040192366
4849,0.022510171
4850,0.00096876384
4851,0.00756811
4852,0.0016708554
4853,0.028888058
4854,0.05997472
4855,0.0785158
4856,0.07686235
4857,0.05662228
4858,0.027645929
4859,0.0030035384
4860,0.0062067667
4861,-0.0003551494
4862,0.018114196
4863,0.04229338
4864,0.061396528
4865,0.06818983
4866,0.059856206
4867,0.038735125
4868,0.013052025
4869,0.0051021823
4870,0.008927981
4871,0.004476779
4872,0.036167387
4873,0.07130942
4874,0.09570789
4875,0.09787794
4876,0.065069705
4877,0.029682599
4878,-8.831301e-05
4879,0.014199071
4880,-0.00015928934
4881,0.042585365
4882,0.08762069
4883,0.10448372
4884,0.113032736
4885,0.09235582
4886,0.043647446
4887,0.00214657
4888,0.016003763
4889,0.007876321
4890,0.06163103
4891,0.11535499
4892,0.15046135
4893,0.143096
4894,0.081994556
4895,0.027167441
4896,0.007999524
4897,0.023914311
4898,-0.0011473682
4899,0.06294057
4900,0.13367148
4901,0.16693243
4902,0.18809676
4903,0.13897376
4904,0.059063297
4905,0.0042156624
4906,0.018963575
4907,0.013627762
4908,0.07987006
4909,0.14225511
4910,0.18237755
4911,0.16466549
4912,0.10730102
4913,0.037677962
4914,0.013140577
4915,0.024360338
4916,0.0017847054
4917,0.06550977
4918,0.13433586
4919,0.17044973
4920,0.18467215
4921,0.14284262
4922,0.056100674
4923,0.003006633
4924,0.02501334
4925,0.0023523052
4926,0.06424694
4927,0.14954577
4928,0.20442154
4929,0.20473182
4930,0.15015373
4931,0.067157015
4932,0.0051230947
4933,0.031031191
4934,-0.0010750879
4935,0.06886627
4936,0.13759443
4937,0.20098484
4938,0.20427975
4939,0.15215692
4940,0.07231117
4941,-0.00043224497
4942,0.035537772
4943,0.016548008
4944,0.039464943
4945,0.10827498
4946,0.17828193
4947,0.17337555
4948,0.09823368
4949,0.038228504
4950,0.02594709
4951,0.056597665
4952,0.047227006
4953,0.023243818
4954,0.15583938
4955,0.2785992
4956,0.32101524
4957,0.297393
4958,0.2166565
4959,0.07312101
4960,0.027787074
4961,0.046690412
4962,0.018080346
4963,0.15466177
4964,0.28815126
4965,0.31824145
4966,0.2989845
4967,0.22701582
4968,0.06958448
4969,0.045670204
4970,0.0409789
4971,0.038322676
4972,0.17793737
4973,0.29291144
4974,0.3264002
4975,0.31266946
4976,0.19539736
4977,0.051814545
4978,0.030672584
4979,0.028886817
4980,0.061701607
4981,0.19964811
4982,0.31247976
4983,0.3394435
4984,0.26473412
4985,0.12586252
4986,0.009777922
4987,0.04008808
4988,-0.0017441071
4989,0.09674356
4990,0.2040447
4991,0.27716348
4992,0.26944396
4993,0.18180168
4994,0.08484139
4995,0.0007534273
4996,0.02887519
4997,0.011218075
4998,0.102757774
4999,0.1947416
5000,0.2248022
5001,0.19814752
5002,0.12309934
5003,0.04464109
5004,0.014334722
5005,0.02071849
5006,0.027638711
5007,0.10688996
5008,0.18610306
5009,0.19396484
5010,0.17716156
5011,0.10082769
5012,0.009691577
5013,0.016807795
5014,0.0067448597
5015,0.038497593
5016,0.100110784
5017,0.14482239
5018,0.15381813
5019,0.12609869
5020,0.05538406
5021,0.0043638377
5022,0.019117642
5023,0.011205589
5024,0.024704732
5025,0.07487033
5026,0.1291797
5027,0.15316032
5028,0.104727
5029,0.046370022
5030,0.011560626
5031,0.016380602
5032,0.006613789
5033,0.028774185
5034,0.07865982
5035,0.11559424
5036,0.11648313
5037,0.09289963
5038,0.068488084
5039,0.009247519
5040,0.01075397
5041,0.016268052
5042,0.005449662
5043,0.053018793
5044,0.10287231
5045,0.12582943
5046,0.14039662
5047,0.11082664
5048,0.058502376
5049,0.0043247915
5050,0.03191466
5051,0.023639621
5052,0.01876849
5053,0.0909369
5054,0.16900694
5055,0.21174362
5056,0.20029412
5057,0.13168336
5058,0.05340001
5059,0.01750285
5060,0.042044654
5061,-0.0015032804
5062,0.08796139
5063,0.19142576
5064,0.26453337
5065,0.26538458
5066,0.18966983
5067,0.1114464
5068,0.0024557174
5069,0.056561925
5070,0.019156959
5071,0.09082516
5072,0.23737197
5073,0.32409278
5074,0.34539527
5075,0.27771503
5076,0.09307973
5077,0.00014347304
5078,0.061132338
5079,0.014612386
5080,0.11296395
5081,0.28080633
5082,0.3620193
5083,0.4201312
5084,0.31251177
5085,0.13636172
5086,0.0059187394
5087,0.0523855
5088,0.020433798
5089,0.15498583
5090,0.30218104
5091,0.37036726
5092,0.32548496
5093,0.21288997
5094,0.05290241
5095,0.038764507
5096,0.029368076
5097,0.067727916
5098,0.20728353
5099,0.3166767
5100,0.34657922
5101,0.239916
5102,0.1665265
5103,0.018165097
5104,0.0566907
5105,0.026510404
5106,0.06430803
5107,0.17478912
5108,0.27788478
5109,0.33183068
5110,0.26410505
5111,0.13710873
5112,0.015365085
5113,0.037484888
5114,0.006992378
5115,0.08398446
5116,0.19512634
5117,0.2730305
5118,0.24861121
5119,0.14451922
5120,0.083784945
5121,0.008990319
5122,0.046700228
5123,0.034234393
5124,0.0442476
5125,0.17231308
5126,0.28503653
5127,0.3324561
5128,0.2937935
5129,0.18516618
5130,0.05475078
5131,0.048680715
5132,0.046205834
5133,0.022072397
5134,0.14817174
5135,0.28317446
5136,0.35161218
5137,0.31971133
5138,0.20810954
5139,0.035823315
5140,0.02886791
5141,0.05020446
5142,0.013033475
5143,0.13378301
5144,0.2440277
5145,0.33372346
5146,0.3490837
5147,0.23627885
5148,0.051796503
5149,0.04863907
5150,0.0600793
5151,0.020649599
5152,0.14543714
5153,0.2751255
5154,0.3082169
5155,0.21172017
5156,0.15445203
5157,0.010280994
5158,0.09435335
5159,0.08323585
5160,0.00015916768
5161,0.13243353
5162,0.26627964
5163,0.33466873
5164,0.36204237
5165,0.253333
5166,0.10136156
5167,0.016657563
5168,0.07910201
5169,0.026438482
5170,0.11250627
5171,0.2948952
5172,0.4380303
5173,0.47267327
5174,0.3478442
5175,0.21786909
5176,0.035802644
5177,0.069572926
5178,0.06317606
5179,0.051899277
5180,0.23301552
5181,0.36278924
5182,0.4673777
5183,0.36677864
5184,0.2610893
5185,0.08898376
5186,0.041058928
5187,0.09387286
5188,0.014815165
5189,0.1537535
5190,0.3606699
5191,0.4785073
5192,0.5120243
5193,0.39174923
5194,0.114845596
5195,0.03863281
5196,0.094233
5197,0.025556928
5198,0.16585791
5199,0.39838266
5200,0.5529113
5201,0.5572871
5202,0.3909055
5203,0.18942201
5204,0.01387748
5205,0.1038319
5206,0.036164995
5207,0.1308884
5208,0.34472486
5209,0.49081448
5210,0.5426422
5211,0.415434
5212,0.2452527
5213,0.034754954
5214,0.0844777
5215,0.06504631
5216,0.07018152
5217,0.28116497
5218,0.46416512
5219,0.5387805
5220,0.40529883
5221,0.2330295
5222,0.046095118
5223,0.09801017
5224,0.09303936
5225,0.047745578
5226,0.25348696
5227,0.42801654
5228,0.5043021
5229,0.42479727
5230,0.27725935
5231,0.052915916
5232,0.07411958
5233,0.083841585
5234,0.041648928
5235,0.25541353
5236,0.46615753
5237,0.56369686
5238,0.5124621
5239,0.3327042
5240,0.07933538
5241,0.07329419
5242,0.082481235
5243,0.04757294
5244,0.27653036
5245,0.45544082
5246,0.57269496
5247,0.41723377
5248,0.27367783
5249,0.046832446
5250,0.0787262
5251,0.0530037
5252,0.10560448
5253,0.32829985
5254,0.5060749
5255,0.5558074
5256,0.41742212
5257,0.23072793
5258,0.018179467
5259,0.09382064
5260,0.026267992
5261,0.14200492
5262,0.3490595
5263,0.46159112
5264,0.4999355
5265,0.39757106
5266,0.17320131
5267,0.049151435
5268,0.09188201
5269,0.0057292674
5270,0.16652463
5271,0.36238113
5272,0.48582014
5273,0.4807552
5274,0.33052623
5275,0.105029196
5276,0.019473558
5277,0.09983436
5278,0.05955208
5279,0.090207376
5280,0.30606973
5281,0.4996443
5282,0.55823284
5283,0.47368217
5284,0.27746877
5285,0.05861964
5286,0.07657605
5287,0.080150396
5288,0.054031596
5289,0.27895468
5290,0.47409213
5291,0.55439293
5292,0.4873262
5293,0.30270633
5294,0.03130212
5295,0.11524637
5296,0.09708989
5297,0.023612844
5298,0.24118693
5299,0.44245616
5300,0.5518912
5301,0.4744112
5302,0.33238986
5303,0.105789155
5304,0.060939025
5305,0.09459175
5306,0.024339564
5307,0.20893954
5308,0.38949224
5309,0.45219612
5310,0.45816234
5311,0.24644414
5312,0.08913477
5313,0.06495397
5314,0.070415005
5315,0.06925025
5316,0.31000203
5317,0.51159894
5318,0.572488
5319,0.47241572
5320,0.23556483
5321,0.037674133
5322,0.08384798
5323,0.052941833
5324,0.10368346
5325,0.32602292
5326,0.49015552
5327,0.5153279
5328,0.45070603
5329,0.24479549
5330,0.032760784
5331,0.08059798
5332,0.046319306
5333,0.1037523
5334,0.30066735
5335,0.46887577
5336,0.51365596
5337,0.41684854
5338,0.18682793
5339,0.01983979
5340,0.13319759
5341,0.087907754
5342,0.059131537
5343,0.26184052
5344,0.46531844
5345,0.52263826
5346,0.33736888
5347,0.1551557
5348,0.06846585
5349,0.12335488
5350,0.07931609
5351,0.08807649
5352,0.3428343
5353,0.55948526
5354,0.5986552
5355,0.5358302
5356,0.31976447
5357,0.06597775
5358,0.081867546
5359,0.07590229
5360,0.0826919
5361,0.33157736
5362,0.5350436
5363,0.6051444
5364,0.5097516
5365,0.28999808
5366,0.05366307
5367,0.07033452
5368,0.030081023
5369,0.1384485
5370,0.35572127
5371,0.4993528
5372,0.4818534
5373,0.37770885
5374,0.15777606
5375,0.009910445
5376,0.08660259
5377,0.013218325
5378,0.16483784
5379,0.3849437
5380,0.52568984
5381,0.5052706
5382,0.3691526
5383,0.14824153
5384,0.025814084
5385,0.07542431
5386,0.012485983
5387,0.21691918
5388,0.41382393
5389,0.5157507
5390,0.39524898
5391,0.30138338
5392,0.09818982
5393,0.06691701
5394,0.07927446
5395,0.022988051
5396,0.22037101
5397,0.41909167
5398,0.525317
5399,0.49321255
5400,0.28665888
5401,0.085668325
5402,0.04845508
5403,0.08503168
5404,0.0034204042
5405,0.19290237
5406,0.38902935
5407,0.496371
5408,0.47897065
5409,0.3652387
5410,0.15638912
5411,0.018481182
5412,0.08970177
5413,0.02547752
5414,0.13020594
5415,0.3168042
5416,0.44414833
5417,0.5167689
5418,0.41354096
5419,0.21817832
5420,0.020553162
5421,0.08506137
5422,0.057547044
5423,0.082100324
5424,0.29610044
5425,0.47062066
5426,0.4757027
5427,0.45309955
5428,0.2613839
5429,0.04160283
5430,0.105759725
5431,0.073402256
5432,0.06102796
5433,0.2789301
5434,0.44412345
5435,0.46261588
5436,0.39484727
5437,0.17106944
5438,0.024030197
5439,0.112447314
5440,0.10913707
5441,0.04633
5442,0.29499948
5443,0.5162371
5444,0.6378553
5445,0.576932
5446,0.34247908
5447,0.11917592
5448,0.061226685
5449,0.08880205
5450,0.046678204
5451,0.28889886
5452,0.4962075
5453,0.6046647
5454,0.5049978
5455,0.30787054
5456,0.067380965
5457,0.082275495
5458,0.08670058
5459,0.045717146
5460,0.26292244
5461,0.4756275
5462,0.5905119
5463,0.51838374
5464,0.33637953
5465,0.1004521
5466,0.09016167
5467,0.0942862
5468,0.020894008
5469,0.24085099
5470,0.46191055
5471,0.57152265
5472,0.53184474
5473,0.34787723
5474,0.11209041
5475,0.05518364
5476,0.08361963
5477,0.03511924
5478,0.26251405
5479,0.46659997
5480,0.49049905
5481,0.47750732
5482,0.25106525
5483,0.06107855
5484,0.07291412
5485,0.060471572
5486,0.08668834
5487,0.29429248
5488,0.41428462
5489,0.501835
5490,0.3755565
5491,0.18621232
5492,0.0048386184
5493,0.1253984
5494,0.10059498
5495,0.04449309
5496,0.24169886
5497,0.43842807
5498,0.5575218
5499,0.4954289
5500,0.30323485
5501,0.09485849
5502,0.07079256
5503,0.09153086
5504,0.042489454
5505,0.27171007
5506,0.47505018
5507,0.5559557
5508,0.52135026
5509,0.33304995
5510,0.08643903
5511,0.061891157
5512,0.09575191
5513,0.027652128
5514,0.24985085
5515,0.43251637
5516,0.57129514
5517,0.5302757
5518,0.32131162
5519,0.07872598
5520,0.07316343
5521,0.070762604
5522,0.074662246
5523,0.30997118
5524,0.5164266
5525,0.5860167
5526,0.4853074
5527,0.25012845
5528,0.040936757
5529,0.08189803
5530,0.052966975
5531,0.10039802
5532,0.3279397
5533,0.5142978
5534,0.5636792
5535,0.45450416
5536,0.24316597
5537,0.013590061
5538,0.124841236
5539,0.06406671
5540,0.08709869
5541,0.2847889
5542,0.46160662
5543,0.5610632
5544,0.4766804
5545,0.25904685
5546,0.007051531
5547,0.12880012
5548,0.07370171
5549,0.09157489
5550,0.32959378
5551,0.51526064
5552,0.57337856
5553,0.40904444
5554,0.14276886
5555,0.011940212
5556,0.08995721
5557,0.068969004
5558,0.08919862
5559,0.33431453
5560,0.52520967
5561,0.57749504
5562,0.4732419
5563,0.21724091
5564,0.012539984
5565,0.096640855
5566,0.0687246
5567,0.08105977
5568,0.32000816
5569,0.5152377
5570,0.57509536
5571,0.48214367
5572,0.27689344
5573,0.057234433
5574,0.08181389
5575,0.08319903
5576,0.056092523
5577,0.2787656
5578,0.47649515
5579,0.5659974
5580,0.45663047
5581,0.31636888
5582,0.088621564
5583,0.08061914
5584,0.090063974
5585,0.024483534
5586,0.23806888
5587,0.43497622
5588,0.56805974
5589,0.5186642
5590,0.29208758
5591,0.031375933
5592,0.0747082
5593,0.09782688
5594,0.026522126
5595,0.25032294
5596,0.46434984
5597,0.54765135
5598,0.4828158
5599,0.32551908
5600,0.0935495
5601,0.06907658
5602,0.090952255
5603,0.022426482
5604,0.24272813
5605,0.46516386
5606,0.53468937
5607,0.54388183
5608,0.3506636
5609,0.085653454
5610,0.06388747
5611,0.06650252
5612,0.07479678
5613,0.30075622
5614,0.4912684
5615,0.5409327
5616,0.43390846
5617,0.22667663
5618,0.019250646
5619,0.082563125
5620,0.048072863
5621,0.09677341
5622,0.2847228
5623,0.4732063
5624,0.51998645
5625,0.41064093
5626,0.18208021
5627,0.023498623
5628,0.09067241
5629,0.06977999
5630,0.0742631
5631,0.28185788
5632,0.40828964
5633,0.4803324
5634,0.3658872
5635,0.12282748
5636,-3.2751122e-05
5637,0.09087936
5638,0.0843662
5639,0.056445003
5640,0.29129046
5641,0.50201154
5642,0.59512836
5643,0.48126754
5644,0.22321157
5645,-6.9450936e-05
5646,0.13999783
5647,0.110219836
5648,0.042868476
5649,0.2948678
5650,0.50289804
5651,0.6185087
5652,0.5392083
5653,0.24376328
5654,0.039533287
5655,0.082041524
5656,0.07098431
5657,0.07562708
5658,0.28961006
5659,0.44594276
5660,0.51399255
5661,0.5027266
5662,0.3026297
5663,0.049063805
5664,0.07846735
5665,0.088849336
5666,0.046547152
5667,0.28827453
5668,0.4671361
5669,0.6052023
5670,0.5320049
5671,0.31586066
5672,0.07242528
5673,0.08332991
5674,0.08858374
5675,0.048064955
5676,0.2890879
5677,0.51795614
5678,0.6167046
5679,0.5381657
5680,0.3265052
5681,0.08194197
5682,0.07081286
5683,0.082365334
5684,0.06571173
5685,0.30340895
5686,0.51544124
5687,0.5492334
5688,0.5071055
5689,0.28409025
5690,0.04733937
5691,0.092929415
5692,0.065646656
5693,0.08981631
5694,0.30972153
5695,0.4692833
5696,0.5556014
5697,0.39683956
5698,0.21879736
5699,0.041475553
5700,0.081754476
5701,0.083976306
5702,0.046872847
5703,0.26508552
5704,0.4528145
5705,0.53602844
5706,0.49188656
5707,0.30638734
5708,0.07901813
5709,0.068717405
5710,0.05729574
5711,0.09675904
5712,0.31535214
5713,0.5259861
5714,0.5635871
5715,0.44284377
5716,0.22165488
5717,0.016794961
5718,0.08688795
5719,0.03916269
5720,0.113980494
5721,0.3226914
5722,0.435818
5723,0.5119834
5724,0.32637087
5725,0.20436917
5726,0.021853313
5727,0.094437025
5728,0.06486744
5729,0.092956096
5730,0.3182918
5731,0.50184536
5732,0.5071552
5733,0.45876458
5734,0.25865504
5735,0.06304881
5736,0.07693771
5737,0.0712999
5738,0.06583864
5739,0.29288065
5740,0.49087483
5741,0.57202667
5742,0.49257207
5743,0.290313
5744,0.06021897
5745,0.07725319
5746,0.06832193
5747,0.07381084
5748,0.30667305
5749,0.50949913
5750,0.5809867
5751,0.48226503
5752,0.21483922
5753,0.008672961
5754,0.112269305
5755,0.050253805
5756,0.11972738
5757,0.33487308
5758,0.46127787
5759,0.49366665
5760,0.4235373
5761,0.22070165
5762,0.003469895
5763,0.09147811
5764,0.029338311
5765,0.15496098
5766,0.38091826
5767,0.54829276
5768,0.55837625
5769,0.41248694
5770,0.14857773
5771,0.012576143
5772,0.10519865
5773,0.0496768
5774,0.12305397
5775,0.3337356
5776,0.48766327
5777,0.5267069
5778,0.3362104
5779,0.16281372
5780,0.009223357
5781,0.10012839
5782,0.07916298
5783,0.07777665
5784,0.32103857
5785,0.5355015
5786,0.6212646
5787,0.54335386
5788,0.33700177
5789,0.0948908
5790,0.06984189
5791,0.08967729
5792,0.033288576
5793,0.26136202
5794,0.47304752
5795,0.5619837
5796,0.50607294
5797,0.2993986
5798,0.111888774
5799,0.0548498
5800,0.07531084
5801,0.054145932
5802,0.277734
5803,0.45874646
5804,0.4566905
5805,0.32504842
5806,0.053209804
5807,0.08914707
5808,0.15007125
5809,0.071787916
5810,0.104249895
5811,0.31449446
5812,0.39167202
5813,0.42144358
5814,0.14936149
5815,0.023835942
5816,0.09671309
5817,0.16005267
5818,0.04250823
5819,0.17873222
5820,0.4346693
5821,0.56258786
5822,0.6143552
5823,0.48863703
5824,0.25601628
5825,-0.0016259748
5826,0.121591985
5827,0.06783264
5828,0.13578291
5829,0.42181244
5830,0.6370461
5831,0.6600339
5832,0.5506451
5833,0.30132094
5834,0.045208126
5835,0.09471521
5836,0.081673056
5837,0.07776319
5838,0.3194835
5839,0.53288406
5840,0.6197532
5841,0.5408316
5842,0.3310584
5843,0.08807599
5844,0.08752436
5845,0.1014759
5846,0.035657395
5847,0.25652966
5848,0.46459904
5849,0.51755303
5850,0.38579842
5851,0.2784456
5852,0.028284164
5853,0.079807915
5854,0.09058331
5855,0.04337333
5856,0.27819708
5857,0.50316906
5858,0.611009
5859,0.46468505
5860,0.34360236
5861,0.096373394
5862,0.072071694
5863,0.094457135
5864,0.026618697
5865,0.2517848
5866,0.4320299
5867,0.48474857
5868,0.3448526
5869,0.123170815
5870,0.144755
5871,0.22907652
5872,0.1895364
5873,-0.0048293555
5874,0.21559301
5875,0.3764347
5876,0.42414045
5877,0.3901258
5878,0.07177353
5879,0.06566913
5880,0.15560074
5881,0.10351152
5882,0.10807838
5883,0.42260772
5884,0.6526665
5885,0.7904175
5886,0.59967923
5887,0.34173134
5888,0.018595088
5889,0.12608618
5890,0.09091516
5891,0.10632105
5892,0.39625263
5893,0.6415496
5894,0.71537095
5895,0.631111
5896,0.3864711
5897,0.10584342
5898,0.07997035
5899,0.107685134
5900,0.030292155
5901,0.26208216
5902,0.5100619
5903,0.5811948
5904,0.53782296
5905,0.38667205
5906,0.07978848
5907,0.06786262
5908,0.09005977
5909,0.05037076
5910,0.28857872
5911,0.47363982
5912,0.53757405
5913,0.491642
5914,0.33108413
5915,0.07685482
5916,0.11118964
5917,0.093263745
5918,0.04627987
5919,0.27892518
5920,0.51596934
5921,0.61346227
5922,0.5458026
5923,0.3450587
5924,0.070640504
5925,0.09855898
5926,0.111139245
5927,0.014923908
5928,0.23431858
5929,0.47039697
5930,0.59837717
5931,0.5087106
5932,0.295629
5933,0.11217158
5934,0.05081238
5935,0.07898973
5936,0.05080333
5937,0.29368424
5938,0.51247966
5939,0.57365113
5940,0.5005978
5941,0.27621642
5942,0.042639308
5943,0.08168558
5944,0.041042745
5945,0.13131347
5946,0.36462224
5947,0.5093374
5948,0.51852804
5949,0.3071822
5950,0.16796052
5951,0.0086621465
5952,0.104597054
5953,0.050021153
5954,0.11456074
5955,0.3304166
5956,0.5305639
5957,0.50850993
5958,0.47507432
5959,0.27230337
5960,0.04126431
5961,0.082525186
5962,0.05649599
5963,0.094622746
5964,0.30895567
5965,0.4777734
5966,0.544749
5967,0.4635097
5968,0.2076431
5969,0.045427028
5970,0.074508645
5971,0.07857331
5972,0.046754237
5973,0.2575237
5974,0.46293122
5975,0.50125605
5976,0.41598433
5977,0.15493794
5978,0.022353707
5979,0.13260539
5980,0.11032371
5981,0.034945443
5982,0.26002806
5983,0.43600523
5984,0.4948383
5985,0.41254956
5986,0.14542085
5987,0.12968439
5988,0.17641087
5989,0.124235116
5990,0.039366994
5991,0.29413733
5992,0.5451197
5993,0.7141671
5994,0.6173269
5995,0.30144542
5996,0.06487938
5997,0.11599701
5998,0.10463954
5999,0.04666259
6000,0.3086227
6001,0.5501326
6002,0.6525145
6003,0.575824
6004,0.3545991
6005,0.079543605
6006,0.07667702
6007,0.09703581
6008,0.03158182
6009,0.26784614
6010,0.46611708
6011,0.5820967
6012,0.56660885
6013,0.36921567
6014,0.12146019
6015,0.058808986
6016,0.09350498
6017,0.014739368
6018,0.23418967
6019,0.45286286
6020,0.5746358
6021,0.53801984
6022,0.36246416
6023,0.12971485
6024,0.04747316
6025,0.098367795
6026,0.0066075963
6027,0.2153543
6028,0.39364243
6029,0.46740854
6030,0.47696313
6031,0.3367115
6032,0.083687395
6033,0.08726999
6034,0.10497585
6035,0.025737602
6036,0.24826227
6037,0.44875205
6038,0.52655256
6039,0.44176576
6040,0.3157204
6041,0.084965885
6042,0.07117244
6043,0.062426217
6044,0.096043035
6045,0.32877472
6046,0.47926193
6047,0.43079045
6048,0.20106147
6049,0.08200752
6050,0.09161949
6051,0.12627375
6052,0.029983297
6053,0.17543682
6054,0.4226279
6055,0.63099074
6056,0.63452035
6057,0.44908664
6058,0.18614765
6059,0.02256654
6060,0.09348394
6061,0.015769195
6062,0.23026744
6063,0.4019372
6064,0.54003495
6065,0.5445374
6066,0.3321088
6067,0.03643958
6068,0.061160173
6069,0.06070417
6070,0.08902135
6071,0.3219082
6072,0.5108335
6073,0.5672981
6074,0.45854926
6075,0.24232179
6076,0.030815005
6077,0.06240996
6078,0.004484236
6079,0.16448161
6080,0.36317536
6081,0.4751312
6082,0.4512314
6083,0.30729768
6084,0.07861382
6085,0.044956945
6086,0.06972946
6087,-0.003768343
6088,0.14634165
6089,0.30370292
6090,0.40743506
6091,0.4203621
6092,0.331712
6093,0.17434694
6094,0.01663919
6095,0.07093952
6096,0.052958604
6097,0.051938344
6098,0.21354474
6099,0.3680936
6100,0.44988567
6101,0.39866307
6102,0.25424525
6103,0.08322778
6104,0.04053031
6105,0.088210665
6106,0.008320687
6107,0.15020676
6108,0.3198766
6109,0.39146698
6110,0.40143493
6111,0.22033796
6112,0.07421879
6113,0.048678614
6114,0.10968551
6115,0.02903953
6116,0.15947077
6117,0.40430242
6118,0.56635433
6119,0.5487407
6120,0.4241221
6121,0.1684323
6122,0.020047754
6123,0.11300705
6124,0.037118103
6125,0.14807548
6126,0.37819752
6127,0.5357649
6128,0.53265864
6129,0.37022665
6130,0.2367094
6131,0.020077063
6132,0.113594204
6133,0.07625958
6134,0.07248792
6135,0.2987884
6136,0.5117594
6137,0.5556147
6138,0.4800293
6139,0.2553668
6140,0.078931585
6141,0.07708222
6142,0.08118692
6143,0.056020953
6144,0.27532515
6145,0.49027747
6146,0.5806971
6147,0.5138059
6148,0.32153758
6149,0.037482563
6150,0.086057276
6151,0.09355537
6152,0.023353864
6153,0.24202795
6154,0.46104205
6155,0.5785128
6156,0.5386066
6157,0.3583494
6158,0.12081236
6159,0.050512355
6160,0.08476745
6161,0.02634133
6162,0.24705876
6163,0.45324162
6164,0.5540182
6165,0.4673084
6166,0.31506363
6167,0.087255865
6168,0.06457717
6169,0.073825315
6170,0.05485394
6171,0.2489362
6172,0.35837662
6173,0.4342075
6174,0.28364018
6175,0.17398596
6176,0.04681107
6177,0.11653343
6178,0.087366946
6179,0.062134374
6180,0.31262073
6181,0.52787435
6182,0.6175131
6183,0.5436375
6184,0.3161378
6185,0.07070263
6186,0.06697484
6187,0.08458871
6188,0.04824567
6189,0.2827666
6190,0.4975698
6191,0.5512094
6192,0.47733864
6193,0.31779906
6194,0.049444437
6195,0.094884686
6196,0.07520212
6197,0.061086215
6198,0.28077227
6199,0.46413434
6200,0.5440857
6201,0.4975067
6202,0.3071556
6203,0.082699805
6204,0.067858964
6205,0.08362188
6206,0.035591315
6207,0.24037582
6208,0.43169037
6209,0.55683535
6210,0.5005687
6211,0.32070738
6212,0.09807636
6213,0.060263243
6214,0.08960836
6215,0.016272828
6216,0.22573474
6217,0.4338199
6218,0.5511497
6219,0.4433837
6220,0.3352371
6221,0.10657946
6222,0.05151747
6223,0.09338367
6224,0.0048515284
6225,0.21850097
6226,0.4398437
6227,0.571567
6228,0.5324449
6229,0.27999496
6230,0.12049962
6231,0.055150196
6232,0.09084693
6233,0.023029782
6234,0.25642252
6235,0.48822707
6236,0.59552723
6237,0.52899414
6238,0.32255217
6239,0.08104182
6240,0.07681201
6241,0.057351258
6242,0.106565155
6243,0.33386528
6244,0.5366923
6245,0.5627688
6246,0.37916204
6247,0.19389889
6248,0.0043676896
6249,0.0680093
6250,0.036615912
6251,0.24524757
6252,0.44532713
6253,0.51365685
6254,0.4310262
6255,0.21419105
6256,0.04956082
6257,0.058943726
6258,0.035784338
6259,0.100294195
6260,0.2955622
6261,0.4486216
6262,0.48122612
6263,0.3228456
6264,0.11682334
6265,0.0028676877
6266,0.061866425
6267,-0.00061025284
6268,0.17019452
6269,0.3509929
6270,0.44343704
6271,0.41032586
6272,0.27267042
6273,0.07883283
6274,0.0372364
6275,0.06683869
6276,-0.0037360406
6277,0.1378532
6278,0.29890004
6279,0.37107205
6280,0.4268525
6281,0.32963374
6282,0.11373125
6283,0.057954952
6284,0.10078785
6285,0.046023414
6286,0.0853046
6287,0.25375542
6288,0.39801475
6289,0.47861597
6290,0.40608263
6291,0.17883365
6292,0.021922132
6293,0.09200398
6294,0.052030955
6295,0.0755381
6296,0.26103547
6297,0.44183517
6298,0.49905342
6299,0.41701496
6300,0.23173897
6301,0.03920259
6302,0.054621346
6303,0.013562864
6304,0.12363572
6305,0.28852186
6306,0.35800967
6307,0.33265194
6308,0.27280197
6309,0.123670936
6310,0.018456569
6311,0.04891968
6312,0.046193067
6313,0.21973062
6314,0.35296682
6315,0.43460256
6316,0.35338494
6317,0.19053257
6318,0.03145193
6319,0.043545824
6320,-0.00091619696
6321,0.11610024
6322,0.24925019
6323,0.32745355
6324,0.3102624
6325,0.1739043
6326,0.040883362
6327,0.029413434
6328,0.046697155
6329,0.0014359443
6330,0.088455826
6331,0.18451299
6332,0.2691814
6333,0.2866255
6334,0.22945364
6335,0.12114033
6336,-0.00021217007
6337,0.037343238
6338,0.025747601
6339,0.047818884
6340,0.15694655
6341,0.24807619
6342,0.28362706
6343,0.2507642
6344,0.16354373
6345,0.05468221
6346,0.047375582
6347,0.07544315
6348,0.033158302
6349,0.05905785
6350,0.19165939
6351,0.31175902
6352,0.37462428
6353,0.34818876
6354,0.21832925
6355,0.09064545
6356,0.034968853
6357,0.086296216
6358,0.025322922
6359,0.11854032
6360,0.30187446
6361,0.4270905
6362,0.4577901
6363,0.37712306
6364,0.14076693
6365,0.017831482
6366,0.085079834
6367,0.03962935
6368,0.121301815
6369,0.32365146
6370,0.46490017
6371,0.39294994
6372,0.27824387
6373,0.14178628
6374,0.045962792
6375,0.0789208
6376,0.027877688
6377,0.20863362
6378,0.35952705
6379,0.45177197
6380,0.3680885
6381,0.23968816
6382,0.05799113
6383,0.07955257
6384,0.098045796
6385,0.013823287
6386,0.22299221
6387,0.4350002
6388,0.5732821
6389,0.54890007
6390,0.3934541
6391,0.17001876
6392,0.031154893
6393,0.11260124
6394,0.033475664
6395,0.1474075
6396,0.38786644
6397,0.55220926
6398,0.57451177
6399,0.36657247
6400,0.20931448
6401,0.016579738
6402,0.10414329
6403,0.004081813
6404,0.19332536
6405,0.39320526
6406,0.55814123
6407,0.5369323
6408,0.33368418
6409,0.107437976
6410,0.074489065
6411,0.07110098
6412,0.045816418
6413,0.23521845
6414,0.42812952
6415,0.51645255
6416,0.46717045
6417,0.24258775
6418,0.007532458
6419,0.07276588
6420,0.08805311
6421,0.0016751331
6422,0.19766217
6423,0.3964964
6424,0.51168853
6425,0.4679196
6426,0.26048112
6427,0.09735451
6428,0.022068959
6429,0.10352989
6430,0.04465886
6431,0.12416995
6432,0.32979277
6433,0.50311875
6434,0.4787179
6435,0.4330995
6436,0.17912158
6437,0.0058042277
6438,0.09103859
6439,0.032397125
6440,0.16708693
6441,0.42914358
6442,0.598902
6443,0.59029055
6444,0.3368289
6445,0.16960934
6446,0.029380908
6447,0.079013154
6448,0.025324535
6449,0.23976922
6450,0.4496032
6451,0.54813343
6452,0.49248794
6453,0.30740872
6454,0.09924118
6455,0.053368345
6456,0.067543924
6457,0.04310541
6458,0.25085774
6459,0.43857762
6460,0.513799
6461,0.44662794
6462,0.24628893
6463,0.07486118
6464,0.06567427
6465,0.09502466
6466,-0.00044910563
6467,0.17595042
6468,0.37582037
6469,0.4791437
6470,0.4843326
6471,0.41260818
6472,0.2067426
6473,0.0043988544
6474,0.098241836
6475,0.062878974
6476,0.08605423
6477,0.3151282
6478,0.5007833
6479,0.567054
6480,0.48204118
6481,0.28435224
6482,0.06254238
6483,0.09965125
6484,0.084728815
6485,0.041010045
6486,0.2621426
6487,0.46771392
6488,0.56771183
6489,0.5162223
6490,0.33262196
6491,0.103911825
6492,0.05971595
6493,0.091786705
6494,0.01443355
6495,0.23420933
6496,0.43816587
6497,0.5641196
6498,0.5251389
6499,0.34788835
6500,0.11751259
6501,0.047316406
6502,0.07657372
6503,0.040883314
6504,0.26355687
6505,0.4755894
6506,0.5676271
6507,0.48460233
6508,0.27103567
6509,0.017495701
6510,0.09322646
6511,0.05596149
6512,0.09158711
6513,0.27413788
6514,0.3411887
6515,0.38489586
6516,0.33738413
6517,0.17535925
6518,-0.001648519
6519,0.13402753
6520,0.074044205
6521,0.09919535
6522,0.31390372
6523,0.485765
6524,0.43376142
6525,0.20375548
6526,0.0846801
6527,0.097531505
6528,0.16198416
6529,0.11052599
6530,0.07586889
6531,0.34869498
6532,0.6021165
6533,0.6814136
6534,0.52918845
6535,0.33929893
6536,0.10232414
6537,0.074341446
6538,0.09747379
6539,0.04052715
6540,0.28908157
6541,0.52169365
6542,0.63949174
6543,0.5676854
6544,0.38145655
6545,0.12432187
6546,0.05941909
6547,0.099644
6548,0.012252495
6549,0.24311721
6550,0.4786664
6551,0.6063249
6552,0.5644075
6553,0.33592182
6554,0.12569307
6555,0.06740533
6556,0.080357626
6557,0.05990091
6558,0.29538
6559,0.48555484
6560,0.56548923
6561,0.47543672
6562,0.27072027
6563,0.04751074
6564,0.07668112
6565,0.06056831
6566,0.07904572
6567,0.2863404
6568,0.45008793
6569,0.5063398
6570,0.45080346
6571,0.2608876
6572,0.05083398
6573,0.10265622
6574,0.0856124
6575,0.043499295
6576,0.25852948
6577,0.45832
6578,0.5528844
6579,0.49950266
6580,0.32207114
6581,0.068291664
6582,0.06716301
6583,0.08597962
6584,0.025961887
6585,0.24185722
6586,0.46267465
6587,0.56531596
6588,0.43395555
6589,0.26674896
6590,0.093021795
6591,0.05929393
6592,0.053420134
6593,0.10017623
6594,0.3317504
6595,0.5101771
6596,0.5473602
6597,0.38044676
6598,0.17081535
6599,0.013295252
6600,0.077596426
6601,0.001157627
6602,0.16614519
6603,0.3611679
6604,0.5170431
6605,0.50192094
6606,0.34744543
6607,0.12266074
6608,0.03391145
6609,0.07550404
6610,0.014139968
6611,0.21069266
6612,0.383669
6613,0.46591708
6614,0.47580737
6615,0.3149099
6616,0.11020116
6617,0.045113683
6618,0.08111109
6619,0.016280677
6620,0.20337994
6621,0.40368977
6622,0.4763868
6623,0.47133687
6624,0.29122677
6625,0.12627454
6626,0.034872778
6627,0.10364516
6628,0.03437731
6629,0.13078432
6630,0.32638365
6631,0.4252411
6632,0.4927468
6633,0.36527374
6634,0.23721196
6635,0.028159687
6636,0.0929696
6637,0.069458574
6638,0.08755004
6639,0.3212587
6640,0.50808835
6641,0.5718631
6642,0.48433602
6643,0.28515005
6644,0.062333614
6645,0.078653045
6646,0.08014239
6647,0.045989275
6648,0.27154937
6649,0.48854625
6650,0.5750975
6651,0.5127526
6652,0.24669394
6653,0.083287716
6654,0.07139461
6655,0.06967111
6656,0.08078194
6657,0.31456646
6658,0.50796354
6659,0.50060064
6660,0.38282216
6661,0.18986571
6662,0.0431735
6663,0.10762587
6664,0.082317755
6665,0.070826456
6666,0.30227554
6667,0.52403075
6668,0.6172624
6669,0.54093707
6670,0.3248338
6671,0.03392889
6672,0.122110106
6673,0.09051592
6674,0.05598604
6675,0.259453
6676,0.418673
6677,0.51766014
6678,0.46060723
6679,0.19050956
6680,0.009135583
6681,0.1089474
6682,0.06601715
6683,0.11837896
6684,0.35222346
6685,0.5713419
6686,0.63089603
6687,0.5029759
6688,0.24581404
6689,0.030617567
6690,0.08999179
6691,0.04784356
6692,0.13423747
6693,0.390031
6694,0.5808554
6695,0.6084324
6696,0.44190234
6697,0.16215084
6698,0.005466358
6699,0.09319474
6700,0.0057390803
6701,0.1909947
6702,0.4282588
6703,0.57134295
6704,0.5522156
6705,0.31513336
6706,0.16444053
6707,0.029455362
6708,0.12075349
6709,0.032759156
6710,0.15124467
6711,0.38488927
6712,0.5253214
6713,0.5816523
6714,0.38272107
6715,0.24602026
6716,0.022809988
6717,0.096820325
6718,0.07150233
6719,0.082020134
6720,0.30722767
6721,0.5212311
6722,0.5672591
6723,0.4703314
6724,0.24269046
6725,0.0677273
6726,0.08287117
6727,0.08864283
6728,0.052367423
6729,0.26338267
6730,0.42620918
6731,0.53823537
6732,0.53211117
6733,0.3292441
6734,0.06433179
6735,0.10169994
6736,0.09594326
6737,0.040707454
6738,0.25312433
6739,0.47604334
6740,0.57504773
6741,0.51632404
6742,0.33059093
6743,0.1011572
6744,0.06508791
6745,0.068178974
6746,0.060471434
6747,0.2731008
6748,0.41939616
6749,0.46842426
6750,0.45067045
6751,0.1849161
6752,0.016069852
6753,0.08940325
6754,0.057625964
6755,0.09680414
6756,0.33135062
6757,0.5185189
6758,0.5682125
6759,0.45618725
6760,0.23934159
6761,0.022571895
6762,0.1068012
6763,0.05371146
6764,0.117052086
6765,0.3494115
6766,0.5388268
6767,0.5450953
6768,0.36810297
6769,0.14577481
6770,0.08759662
6771,0.14731371
6772,0.046655223
6773,0.1346311
6774,0.36441302
6775,0.5578174
6776,0.53780556
6777,0.40572032
6778,0.21987656
6779,0.002264416
6780,0.101290114
6781,0.0681575
6782,0.09398568
6783,0.32755545
6784,0.52125925
6785,0.52661455
6786,0.51122147
6787,0.30466673
6788,0.07194127
6789,0.07591854
6790,0.07885067
6791,0.050419975
6792,0.26955682
6793,0.4624767
6794,0.5725533
6795,0.50785303
6796,0.3182525
6797,0.082063094
6798,0.066596635
6799,0.08520431
6800,0.028288659
6801,0.24628153
6802,0.4522254
6803,0.5246105
6804,0.4243468
6805,0.21859202
6806,0.028753413
6807,0.09165322
6808,0.09543794
6809,0.03214024
6810,0.25994894
6811,0.45986745
6812,0.56975836
6813,0.51306826
6814,0.32863173
6815,0.100695916
6816,0.061093334
6817,0.09967702
6818,0.015725866
6819,0.21405287
6820,0.41136047
6821,0.5582935
6822,0.5205796
6823,0.3465943
6824,0.110981375
6825,0.050228506
6826,0.1003602
6827,0.00824858
6828,0.214873
6829,0.37645388
6830,0.4593156
6831,0.4524445
6832,0.34714085
6833,0.11429023
6834,0.05343505
6835,0.09178755
6836,0.017492956
6837,0.23122099
6838,0.42228335
6839,0.52241033
6840,0.49087048
6841,0.338435
6842,0.11233141
6843,0.053942133
6844,0.09192292
6845,0.015408892
6846,0.23885033
6847,0.46331087
6848,0.5470538
6849,0.50436634
6850,0.28814515
6851,0.09296041
6852,0.084723204
6853,0.06585869
6854,0.07980611
6855,0.30362692
6856,0.43936694
6857,0.47273216
6858,0.36424074
6859,0.09385879
6860,0.025155302
6861,0.10052577
6862,0.06635051
6863,0.09900699
6864,0.32603255
6865,0.4897439
6866,0.5493773
6867,0.50082844
6868,0.28286132
6869,0.05712558
6870,0.08729338
6871,0.07949637
6872,0.06103799
6873,0.3013809
6874,0.5076929
6875,0.5847454
6876,0.47181585
6877,0.25395787
6878,0.076528735
6879,0.07413279
6880,0.079217866
6881,0.05565417
6882,0.28560036
6883,0.4845389
6884,0.5585905
6885,0.50455654
6886,0.24635796
6887,0.082551494
6888,0.0725027
6889,0.094035275
6890,0.03625363
6891,0.2735364
6892,0.48913735
6893,0.58208007
6894,0.51954114
6895,0.32881802
6896,0.068224564
6897,0.062490206
6898,0.08411317
6899,0.030199679
6900,0.24306741
6901,0.45313704
6902,0.55461335
6903,0.48202592
6904,0.28296432
6905,0.015779637
6906,0.07196774
6907,0.08761212
6908,0.036230728
6909,0.20665434
6910,0.29300794
6911,0.34805062
6912,0.27172914
6913,0.16253084
6914,0.015237235
6915,0.10860619
6916,0.096778914
6917,0.05849592
6918,0.30326232
6919,0.53892183
6920,0.6366538
6921,0.5658689
6922,0.31056696
6923,0.041399837
6924,0.09679022
6925,0.09441379
6926,0.027468473
6927,0.26264858
6928,0.48931754
6929,0.6078873
6930,0.55641997
6931,0.3227562
6932,0.07904837
6933,0.08622235
6934,0.095754094
6935,0.0127454195
6936,0.23640172
6937,0.4600395
6938,0.58757
6939,0.50540715
6940,0.3372121
6941,0.13452771
6942,0.048411027
6943,0.09656871
6944,0.0035845372
6945,0.21804595
6946,0.4382543
6947,0.56270355
6948,0.46491638
6949,0.33394408
6950,0.1424523
6951,0.03790395
6952,0.07534262
6953,0.042534783
6954,0.25945634
6955,0.42195398
6956,0.48005012
6957,0.46756792
6958,0.26773092
6959,0.043139856
6960,0.0796901
6961,0.060106624
6962,0.087010175
6963,0.2987554
6964,0.47171268
6965,0.49934214
6966,0.44863108
6967,0.26115283
6968,0.052735552
6969,0.07460798
6970,0.0660963
6971,0.06454422
6972,0.28356484
6973,0.4798906
6974,0.5572808
6975,0.4748752
6976,0.27094495
6977,0.049147084
6978,0.069325596
6979,0.033457495
6980,0.1308919
6981,0.32681492
6982,0.41133043
6983,0.3463745
6984,0.2762251
6985,0.09356965
6986,0.052546453
6987,0.08675427
6988,0.019812206
6989,0.22114384
6990,0.37409237
6991,0.47401157
6992,0.48302492
6993,0.2992714
6994,0.03916022
6995,0.1011302
6996,0.11353539
6997,0.021736588
6998,0.16640684
6999,0.3956525
7000,0.5617105
7001,0.5961073
7002,0.47651565
7003,0.25150493
7004,0.024638742
7005,0.0970048
7006,0.076759376
7007,0.073552094
7008,0.27225152
7009,0.45807448
7010,0.5683503
7011,0.43790305
7012,0.25059888
7013,0.07561509
7014,0.08123399
7015,0.0858144
7016,0.057112455
7017,0.29092765
7018,0.5405897
7019,0.62685585
7020,0.5290109
7021,0.3057608
7022,0.061206654
7023,0.07933012
7024,0.06887034
7025,0.080079444
7026,0.30249104
7027,0.49282542
7028,0.5698109
7029,0.41763645
7030,0.2465633
7031,0.03200828
7032,0.07338849
7033,0.05741924
7034,0.110344835
7035,0.34960583
7036,0.5366962
7037,0.5727315
7038,0.44137147
7039,0.2117016
7040,-0.0015030899
7041,0.096501
7042,0.041134905
7043,0.12921649
7044,0.36048973
7045,0.5220249
7046,0.551826
7047,0.41910133
7048,0.23096597
7049,0.008832023
7050,0.09015212
7051,0.06409687
7052,0.08209323
7053,0.3068053
7054,0.4949954
7055,0.5621965
7056,0.48096642
7057,0.2737782
7058,0.044504784
7059,0.07494975
7060,0.078601606
7061,0.061082143
7062,0.29407328
7063,0.4980538
7064,0.56340843
7065,0.39846638
7066,0.27501065
7067,0.056743138
7068,0.082334034
7069,0.07960986
7070,0.069727704
7071,0.30369908
7072,0.5011268
7073,0.5093241
7074,0.43759835
7075,0.29384196
7076,0.06751363
7077,0.079239406
7078,0.08635043
7079,0.042450108
7080,0.26650777
7081,0.47296613
7082,0.57488346
7083,0.5205068
7084,0.33698887
7085,0.107475676
7086,0.05816995
7087,0.09305193
7088,0.012434222
7089,0.22469258
7090,0.43872532
7091,0.5550265
7092,0.5207312
7093,0.32987797
7094,0.12899232
7095,0.045683395
7096,0.100682616
7097,-0.002178396
7098,0.20141165
7099,0.42236298
7100,0.546292
7101,0.49914438
7102,0.27781108
7103,0.1292079
7104,0.045960777
7105,0.08335821
7106,0.02022026
7107,0.23679492
7108,0.43990728
7109,0.5441998
7110,0.4880032
7111,0.3034961
7112,0.08093471
7113,0.06407649
7114,0.06896832
7115,0.063003674
7116,0.27851182
7117,0.48014078
7118,0.54986304
7119,0.46363708
7120,0.25959724
7121,0.04197459
7122,0.07786293
7123,0.054258723
7124,0.092963345
7125,0.30281603
7126,0.4433114
7127,0.41042957
7128,0.37150893
7129,0.23580801
7130,0.017052125
7131,0.09003801
7132,0.046041235
7133,0.13169669
7134,0.3687862
7135,0.52838063
7136,0.5561152
7137,0.43088672
7138,0.180394
7139,0.0008362476
7140,0.087188914
7141,0.036731664
7142,0.13334166
7143,0.36075243
7144,0.5250391
7145,0.54498965
7146,0.3755292
7147,0.17654908
7148,0.051921703
7149,0.11429036
7150,0.03459881
7151,0.13912441
7152,0.36508715
7153,0.53945386
7154,0.5526877
7155,0.40395394
7156,0.1983291
7157,0.038716502
7158,0.10719313
7159,0.019998975
7160,0.15151994
7161,0.36725587
7162,0.5443336
7163,0.49098963
7164,0.31380272
7165,0.07211086
7166,0.046872865
7167,0.11135855
7168,0.004606908
7169,0.17717688
7170,0.38678962
7171,0.53724664
7172,0.5508333
7173,0.40956432
7174,0.18500522
7175,0.0045932233
7176,0.100625835
7177,0.04050105
7178,0.12794925
7179,0.3492701
7180,0.52105296
7181,0.5629605
7182,0.4530971
7183,0.24188948
7184,0.026211198
7185,0.092399396
7186,0.07256047
7187,0.07485256
7188,0.31304455
7189,0.5121025
7190,0.5810819
7191,0.48678946
7192,0.24441382
7193,0.067432605
7194,0.082025185
7195,0.08607149
7196,0.042239442
7197,0.26702264
7198,0.4574053
7199,0.57247365
7200,0.5226637
7201,0.2721947
7202,0.058276717
7203,0.087440856
7204,0.10053896
7205,0.026180826
7206,0.2481348
7207,0.47595575
7208,0.5583198
7209,0.537748
7210,0.34612092
7211,0.10559676
7212,0.06211017
7213,0.09995306
7214,0.01719368
7215,0.23385535
7216,0.45604882
7217,0.5767762
7218,0.53223103
7219,0.35516462
7220,0.11858069
7221,0.08637581
7222,0.115225516
7223,0.0017257379
7224,0.21282504
7225,0.4485751
7226,0.57958424
7227,0.5473909
7228,0.37102163
7229,0.07696094
7230,0.046405446
7231,0.09713586
7232,-0.0019764865
7233,0.21008386
7234,0.41553813
7235,0.5667269
7236,0.5236129
7237,0.37365258
7238,0.13599564
7239,0.04138622
7240,0.0954472
7241,-0.0037840533
7242,0.20011102
7243,0.4180647
7244,0.5523859
7245,0.53805983
7246,0.37580392
7247,0.14301758
7248,0.037327792
7249,0.08507335
7250,0.025420621
7251,0.24020547
7252,0.44010052
7253,0.53535354
7254,0.4804246
7255,0.2958857
7256,0.05437164
7257,0.071937755
7258,0.063294046
7259,0.06525395
7260,0.27169603
7261,0.42286354
7262,0.4877292
7263,0.4236513
7264,0.25780052
7265,0.0071848477
7266,0.09652303
7267,0.07802131
7268,0.04352036
7269,0.25765142
7270,0.4469145
7271,0.55706
7272,0.49556744
7273,0.3112101
7274,0.07186526
7275,0.094822116
7276,0.077694155
7277,0.042706527
7278,0.24706556
7279,0.44852683
7280,0.5410447
7281,0.41808727
7282,0.26502407
7283,0.07877703
7284,0.07295864
7285,0.08798332
7286,0.036114007
7287,0.25000283
7288,0.4291626
7289,0.46011874
7290,0.4000076
7291,0.23315544
7292,0.038706306
7293,0.071394846
7294,0.091685124
7295,0.02908147
7296,0.266196
7297,0.48564082
7298,0.5908323
7299,0.5377071
7300,0.34068543
7301,0.11669099
7302,0.056600634
7303,0.09357687
7304,0.012578478
7305,0.23706995
7306,0.45383584
7307,0.5071499
7308,0.52528644
7309,0.34558988
7310,0.08225365
7311,0.10492441
7312,0.12082559
7313,-0.0028944924
7314,0.19005112
7315,0.34394687
7316,0.33059528
7317,0.20228127
7318,0.0645391
7319,0.11616053
7320,0.18688379
7321,0.13703537
7322,0.03076086
7323,0.3041763
7324,0.54010314
7325,0.5796245
7326,0.33890826
7327,0.19324222
7328,0.0028293056
7329,0.11361572
7330,0.080382265
7331,0.12126797
7332,0.40572074
7333,0.63347673
7334,0.7082502
7335,0.60020375
7336,0.3582363
7337,0.08820673
7338,0.1072958
7339,0.09710339
7340,0.049419947
7341,0.2975276
7342,0.5246012
7343,0.6297969
7344,0.567515
7345,0.36654425
7346,0.11782809
7347,0.092964694
7348,0.1046191
7349,0.009684704
7350,0.23599173
7351,0.46380615
7352,0.5790553
7353,0.55878675
7354,0.37890112
7355,0.112851314
7356,0.044870894
7357,0.09814897
7358,-0.004763173
7359,0.19782773
7360,0.4082298
7361,0.5662277
7362,0.5336816
7363,0.37518474
7364,0.14539047
7365,0.034658384
7366,0.08803381
7367,-0.0011360017
7368,0.19738023
7369,0.40421936
7370,0.4894294
7371,0.50690806
7372,0.34722266
7373,0.12915477
7374,0.045458596
7375,0.08422672
7376,0.0052741496
7377,0.20872726
7378,0.42441058
7379,0.5430918
7380,0.5062009
7381,0.32954407
7382,0.10241412
7383,0.049549095
7384,0.061226033
7385,0.07488331
7386,0.27443883
7387,0.4631059
7388,0.44653246
7389,0.37771666
7390,0.18752268
7391,0.014777774
7392,0.08674848
7393,0.046752624
7394,0.11456729
7395,0.34020424
7396,0.49543315
7397,0.56097066
7398,0.4346323
7399,0.21013841
7400,0.00096578896
7401,0.076739505
7402,-0.0025557003
7403,0.17456077
7404,0.35723245
7405,0.4881222
7406,0.47730842
7407,0.32077855
7408,0.11396233
7409,0.057090156
7410,0.061199993
7411,0.050953295
7412,0.23524956
7413,0.36721
7414,0.4058854
7415,0.3872678
7416,0.20324254
7417,0.03507859
7418,0.06085927
7419,0.019333873
7420,0.124781035
7421,0.31571528
7422,0.44797033
7423,0.45372388
7424,0.334384
7425,0.15020055
7426,0.0053406814
7427,0.062368937
7428,0.0024020658
7429,0.14290074
7430,0.31157342
7431,0.37598297
7432,0.41521588
7433,0.29835638
7434,0.13014267
7435,0.012651003
7436,0.082066014
7437,0.037648387
7438,0.080925055
7439,0.24384183
7440,0.35636154
7441,0.39983672
7442,0.39692682
7443,0.26128623
7444,0.072282255
7445,0.04584063
7446,0.08636097
7447,0.007912729
7448,0.14649726
7449,0.3108372
7450,0.37923092
7451,0.4226185
7452,0.37792516
7453,0.19290444
7454,0.0016590583
7455,0.08616495
7456,0.045835122
7457,0.09726726
7458,0.2972841
7459,0.462765
7460,0.5158623
7461,0.4340898
7462,0.25054908
7463,0.04739551
7464,0.07641457
7465,0.07399634
7466,0.051794033
7467,0.26922816
7468,0.46818075
7469,0.55399287
7470,0.48602378
7471,0.2444276
7472,0.0033050585
7473,0.11490784
7474,0.061885905
7475,0.09100799
7476,0.26204926
7477,0.29630566
7478,0.20970097
7479,0.07039658
7480,0.11406804
7481,0.25694713
7482,0.160974
7483,0.009689754
7484,0.26180384
7485,0.47672865
7486,0.58923596
7487,0.5784717
7488,0.39227015
7489,0.08664019
7490,0.08157716
7491,0.054119166
7492,0.13917634
7493,0.40235454
7494,0.59980613
7495,0.6296166
7496,0.48286486
7497,0.23640645
7498,0.012670389
7499,0.07965534
7500,0.017827265
7501,0.15568998
7502,0.36222228
7503,0.50064915
7504,0.5089095
7505,0.38498592
7506,0.13207407
7507,0.054305892
7508,0.12607886
7509,0.061398007
7510,0.080794886
7511,0.23874134
7512,0.31129494
7513,0.35849315
7514,0.21634379
7515,0.12199838
7516,0.04164261
7517,0.14121117
7518,0.103556
7519,0.029103158
7520,0.25203001
7521,0.46265
7522,0.5837158
7523,0.5609371
7524,0.33043888
7525,0.09271054
7526,0.03189999
7527,0.110853985
7528,0.05429822
7529,0.12295011
7530,0.36245114
7531,0.55072266
7532,0.6096794
7533,0.5092496
7534,0.29288077
7535,0.058701035
7536,0.08402078
7537,0.08007592
7538,0.06301616
7539,0.30404067
7540,0.47239956
7541,0.6002114
7542,0.512813
7543,0.3034055
7544,0.036861103
7545,0.08258165
7546,0.079828985
7547,0.059228588
7548,0.2828816
7549,0.48203376
7550,0.56905204
7551,0.4881935
7552,0.3195843
7553,0.07131686
7554,0.061538443
7555,0.0817958
7556,0.030795185
7557,0.239704
7558,0.43990335
7559,0.49600095
7560,0.3962112
7561,0.15674499
7562,0.0042999266
7563,0.12848988
7564,0.116516784
7565,0.016991511
7566,0.24481854
7567,0.48680806
7568,0.6095907
7569,0.48138133
7570,0.28418127
7571,0.0004399952
7572,0.09350364
7573,0.10846797
7574,0.013569992
7575,0.24807768
7576,0.48316053
7577,0.53856033
7578,0.55745775
7579,0.37324834
7580,0.12979801
7581,0.084286846
7582,0.09487539
7583,0.016150162
7584,0.22954944
7585,0.43556252
7586,0.5547592
7587,0.5231848
7588,0.34763938
7589,0.086282335
7590,0.056600034
7591,0.088006936
7592,0.026027638
7593,0.23996568
7594,0.44635075
7595,0.55654293
7596,0.5158541
7597,0.33997354
7598,0.112609945
7599,0.05391067
7600,0.08317073
7601,0.034311287
7602,0.26036623
7603,0.47586522
7604,0.5716431
7605,0.49861217
7606,0.29381943
7607,0.0629857
7608,0.081006005
7609,0.029909575
7610,0.13908415
7611,0.3500394
7612,0.44611216
7613,0.3186383
7614,0.058205333
7615,0.08915736
7616,0.16012529
7617,0.10288033
7618,0.05971616
7619,0.3073569
7620,0.5398368
7621,0.637914
7622,0.5381988
7623,0.28524485
7624,0.08105156
7625,0.06789741
7626,0.06304124
7627,0.08107022
7628,0.30591688
7629,0.5017205
7630,0.56619257
7631,0.4708656
7632,0.2687335
7633,0.01307893
7634,0.080684625
7635,0.08578883
7636,0.029794034
7637,0.24827164
7638,0.45783916
7639,0.5739002
7640,0.53774023
7641,0.3067037
7642,0.14485544
7643,0.036494635
7644,0.08586685
7645,0.0063640503
7646,0.2091704
7647,0.38920373
7648,0.5174003
7649,0.5093345
7650,0.33763462
7651,0.14205441
7652,0.049475264
7653,0.08092639
7654,0.006731745
7655,0.18742545
7656,0.34852192
7657,0.39214236
7658,0.31772688
7659,0.14296989
7660,0.02909725
7661,0.104702085
7662,0.122388184
7663,-0.0005164873
7664,0.18894202
7665,0.3482943
7666,0.38484898
7667,0.34658718
7668,0.2495755
7669,0.09146563
7670,0.06642078
7671,0.11825882
7672,-0.004266682
7673,0.22849719
7674,0.46888322
7675,0.607255
7676,0.59631187
7677,0.4398777
7678,0.20419885
7679,0.0048363255
7680,0.103290446
7681,0.05196837
7682,0.11303681
7683,0.33219537
7684,0.5427769
7685,0.6023825
7686,0.49979705
7687,0.27880642
7688,0.0449868
7689,0.08815533
7690,0.069601454
7691,0.087559015
7692,0.32521605
7693,0.5434967
7694,0.614972
7695,0.50811356
7696,0.25597307
7697,0.036557868
7698,0.07828737
7699,0.017011644
7700,0.17491467
7701,0.40198055
7702,0.54009265
7703,0.52189475
7704,0.36159328
7705,0.1416413
7706,0.031626027
7707,0.084931985
7708,-0.0041512824
7709,0.18098374
7710,0.3732376
7711,0.48632345
7712,0.4886513
7713,0.364955
7714,0.17277834
7715,0.029267155
7716,0.09188531
7717,0.04696582
7718,0.10121188
7719,0.3061253
7720,0.470791
7721,0.5276836
7722,0.44738683
7723,0.25748104
7724,0.048149984
7725,0.07963775
7726,0.076184295
7727,0.049244735
7728,0.2600627
7729,0.45278412
7730,0.5458723
7731,0.49167502
7732,0.29433477
7733,0.09171562
7734,0.08218032
7735,0.0739724
7736,0.0451552
7737,0.26326042
7738,0.45636287
7739,0.5373568
7740,0.46658623
7741,0.27814275
7742,0.06372072
7743,0.07195025
7744,0.068886936
7745,0.06430808
7746,0.27496225
7747,0.45209545
7748,0.5216029
7749,0.4522276
7750,0.27388835
7751,0.063015796
7752,0.07001502
7753,0.080284275
7754,0.042978484
7755,0.25029242
7756,0.43183905
7757,0.53939486
7758,0.47813508
7759,0.29980665
7760,0.083355695
7761,0.06484176
7762,0.09162353
7763,0.022646975
7764,0.23128073
7765,0.44210494
7766,0.5587142
7767,0.51813823
7768,0.33601135
7769,0.104389355
7770,0.088764384
7771,0.08638484
7772,0.036774796
7773,0.26459286
7774,0.4703803
7775,0.5715127
7776,0.45146197
7777,0.30007538
7778,0.07673641
7779,0.07002602
7780,0.080969945
7781,0.052655816
7782,0.28341693
7783,0.49404106
7784,0.5428197
7785,0.495377
7786,0.2887125
7787,0.06408063
7788,0.07682356
7789,0.07441674
7790,0.072040565
7791,0.29843736
7792,0.5211201
7793,0.5876574
7794,0.4857055
7795,0.26950237
7796,0.041877378
7797,0.08259312
7798,0.03960537
7799,0.120614894
7800,0.3010451
7801,0.46075842
7802,0.5216409
7803,0.4012853
7804,0.17633002
7805,0.01826382
7806,0.09494165
7807,0.062314652
7808,0.093489215
7809,0.3131349
7810,0.49019605
7811,0.54907304
7812,0.4737545
7813,0.26658687
7814,0.06266649
7815,0.07696241
7816,0.07877478
7817,0.044391602
7818,0.26404294
7819,0.464667
7820,0.5342779
7821,0.502069
7822,0.31615043
7823,0.08951877
7824,0.06573894
7825,0.08914397
7826,0.02987307
7827,0.25365657
7828,0.45654488
7829,0.5720812
7830,0.5119232
7831,0.32263985
7832,0.09339605
7833,0.06535561
7834,0.08566367
7835,0.038820297
7836,0.24881688
7837,0.47479805
7838,0.57215506
7839,0.506818
7840,0.3119479
7841,0.08192744
7842,0.07378344
7843,0.055581715
7844,0.08743564
7845,0.29820764
7846,0.4291758
7847,0.46448475
7848,0.33241457
7849,0.15820001
7850,0.015673658
7851,0.08101533
7852,0.015273023
7853,0.16311505
7854,0.34365004
7855,0.4967233
7856,0.52593595
7857,0.3583829
7858,0.07603509
7859,0.037137005
7860,0.074095845
7861,0.03765169
7862,0.2583375
7863,0.4600326
7864,0.54153
7865,0.46589795
7866,0.27701315
7867,0.020151285
7868,0.06486944
7869,0.055986807
7870,0.06967478
7871,0.26258454
7872,0.42860952
7873,0.49020264
7874,0.42707324
7875,0.2635671
7876,0.05044713
7877,0.060286295
7878,0.08796317
7879,-0.0021094738
7880,0.17964253
7881,0.36263573
7882,0.47438005
7883,0.4612339
7884,0.3756918
7885,0.17770821
7886,0.003094341
7887,0.10081974
7888,0.055907995
7889,0.09467032
7890,0.30646816
7891,0.45177063
7892,0.54786223
7893,0.4658981
7894,0.27268958
7895,0.044841804
7896,0.0873063
7897,0.07798017
7898,0.053072594
7899,0.27343622
7900,0.47707763
7901,0.5663198
7902,0.491778
7903,0.22889608
7904,0.05104074
7905,0.06479439
7906,0.06293577
7907,0.07636682
7908,0.28325978
7909,0.48684952
7910,0.52786213
7911,0.45186782
7912,0.24592118
7913,0.03227065
7914,0.082097486
7915,0.049676634
7916,0.1041937
7917,0.31686348
7918,0.50113875
7919,0.506685
7920,0.43672264
7921,0.22421831
7922,0.021823986
7923,0.08767168
7924,0.0426372
7925,0.12024309
7926,0.34993044
7927,0.5303945
7928,0.5710744
7929,0.44578072
7930,0.21720591
7931,0.0044018757
7932,0.078122444
7933,-0.002830347
7934,0.19152439
7935,0.3814187
7936,0.52770346
7937,0.4954713
7938,0.3293363
7939,0.11334978
7940,0.048819695
7941,0.09992706
7942,-0.0029000554
7943,0.1900288
7944,0.38750842
7945,0.51011324
7946,0.50793755
7947,0.3827405
7948,0.18338235
7949,-0.0009754143
7950,0.09247385
7951,0.044060133
7952,0.116682366
7953,0.32250053
7954,0.4833039
7955,0.5446323
7956,0.42493537
7957,0.21759288
7958,0.013823716
7959,0.09379081
7960,0.06260836
7961,0.089735135
7962,0.30593103
7963,0.48101497
7964,0.56992346
7965,0.45295727
7966,0.26142278
7967,0.041956592
7968,0.090930626
7969,0.07746442
7970,0.067923196
7971,0.28587458
7972,0.4500934
7973,0.54895395
7974,0.45663437
7975,0.3066396
7976,0.07840166
7977,0.06925649
7978,0.08094858
7979,0.042233385
7980,0.2478061
7981,0.45807624
7982,0.54871285
7983,0.42190537
7984,0.31891343
7985,0.07181516
7986,0.061988287
7987,0.08426818
7988,0.032504633
7989,0.2519617
7990,0.46757936
7991,0.5719554
7992,0.47526845
7993,0.3192926
7994,0.084509715
7995,0.0652247
7996,0.06326645
7997,0.086047746
7998,0.31763062
7999,0.49985227
8000,0.5470359
8001,0.44039294
8002,0.23136687
8003,0.0040962184
8004,0.08978972
8005,0.04851935
8006,0.103697255
8007,0.3138935
8008,0.48908454
8009,0.53706074
8010,0.42292872
8011,0.24549979
8012,0.036093514
8013,0.08471192
8014,0.07356754
8015,0.06691259
8016,0.2953201
8017,0.49484363
8018,0.56609476
8019,0.48186758
8020,0.28389293
8021,0.06036064
8022,0.07379212
8023,0.066411555
8024,0.07985194
8025,0.31682637
8026,0.5064661
8027,0.56001794
8028,0.45796582
8029,0.2468044
8030,0.028946547
8031,0.08107712
8032,0.039447896
8033,0.121099114
8034,0.3326754
8035,0.48991853
8036,0.52228516
8037,0.36623135
8038,0.1932098
8039,0.018512832
8040,0.10530612
8041,0.06759203
8042,0.080408335
8043,0.3091959
8044,0.50253963
8045,0.5710788
8046,0.48546338
8047,0.27429557
8048,0.065391086
8049,0.0720784
8050,0.06377555
8051,0.08414318
8052,0.30627254
8053,0.48205718
8054,0.5373339
8055,0.39639902
8056,0.24257755
8057,0.04162428
8058,0.07879017
8059,0.058545418
8060,0.09328525
8061,0.31249726
8062,0.47080767
8063,0.5162336
8064,0.43869984
8065,0.23804858
8066,0.006407349
8067,0.115295425
8068,0.08198156
8069,0.06400434
8070,0.2916407
8071,0.49091196
8072,0.57088506
8073,0.49170125
8074,0.22907643
8075,0.070856266
8076,0.0774715
8077,0.086733475
8078,0.03923868
8079,0.2617666
8080,0.46926412
8081,0.5111037
8082,0.36931714
8083,0.16619222
8084,0.031659417
8085,0.111505836
8086,0.11843601
8087,0.0132858455
8088,0.2422042
8089,0.43610477
8090,0.50386596
8091,0.5130298
8092,0.23071775
8093,0.011928966
8094,0.111713
8095,0.099629655
8096,0.041039914
8097,0.2981457
8098,0.5335301
8099,0.6361833
8100,0.5225881
8101,0.27588624
8102,0.08824466
8103,0.076011926
8104,0.08030634
8105,0.06457373
8106,0.31138322
8107,0.52116126
8108,0.5976507
8109,0.50959283
8110,0.29992124
8111,0.04496387
8112,0.07831836
8113,0.07845958
8114,0.06483911
8115,0.25261506
8116,0.4123993
8117,0.36828932
8118,0.33441147
8119,0.06412003
8120,0.08183185
8121,0.15973032
8122,0.11734222
8123,0.05811883
8124,0.30206528
8125,0.544419
8126,0.61240125
8127,0.6119186
8128,0.38836706
8129,0.11811682
8130,0.06749938
8131,0.093145385
8132,0.0322321
8133,0.27518886
8134,0.4925072
8135,0.6063942
8136,0.55121934
8137,0.35340315
8138,0.10976942
8139,0.06316047
8140,0.10043504
8141,0.015542807
8142,0.2344468
8143,0.45622325
8144,0.5612369
8145,0.5398337
8146,0.36378044
8147,0.13015686
8148,0.045987383
8149,0.10000651
8150,0.004513707
8151,0.22475259
8152,0.44698536
8153,0.5063939
8154,0.37811592
8155,0.26629713
8156,0.036112756
8157,0.06866555
8158,0.0908049
8159,0.034989752
8160,0.27672112
8161,0.51237607
8162,0.6134106
8163,0.53285366
8164,0.3196218
8165,0.05338686
8166,0.080010295
8167,0.05831807
8168,0.105142206
8169,0.3186275
8170,0.4229855
8171,0.48883095
8172,0.36355394
8173,0.17062803
8174,0.004441628
8175,0.107732
8176,0.05568434
8177,0.11847302
8178,0.3658055
8179,0.5380265
8180,0.6322575
8181,0.5133386
8182,0.27875194
8183,0.02912188
8184,0.084341854
8185,0.044115968
8186,0.13948727
8187,0.39005318
8188,0.5680035
8189,0.5538021
8190,0.36470976
8191,0.19227931
8192,0.016254071
8193,0.107447416
8194,0.041851215
8195,0.13268967
8196,0.36635634
8197,0.542702
8198,0.58895254
8199,0.4823917
8200,0.2670436
8201,0.041360356
8202,0.102052376
8203,0.06699563
8204,0.09188604
8205,0.31468582
8206,0.5183186
8207,0.58035845
8208,0.48467663
8209,0.27221936
8210,0.046133053
8211,0.077283055
8212,0.04572509
8213,0.11540678
8214,0.33396608
8215,0.5022087
8216,0.5410102
8217,0.36264643
8218,0.1760459
8219,0.042120963
8220,0.13881443
8221,0.071192816
8222,0.084142745
8223,0.3042917
8224,0.5053344
8225,0.522178
8226,0.35620245
8227,0.24394229
8228,0.04855611
8229,0.081592865
8230,0.08455256
8231,0.048838466
8232,0.27656755
8233,0.48949206
8234,0.5647378
8235,0.5314889
8236,0.34120885
8237,0.10491985
8238,0.060303956
8239,0.09502803
8240,0.017085288
8241,0.23293285
8242,0.44664237
8243,0.5610089
8244,0.52365226
8245,0.35297182
8246,0.12665056
8247,0.042223673
8248,0.07847585
8249,0.03304061
8250,0.24632557
8251,0.44023877
8252,0.5284598
8253,0.46593428
8254,0.28501755
8255,0.07148483
8256,0.06968394
8257,0.08112512
8258,0.045887943
8259,0.25909
8260,0.44467175
8261,0.5376445
8262,0.4777164
8263,0.300409
8264,0.08540617
8265,0.06365625
8266,0.08833087
8267,0.030321043
8268,0.24976005
8269,0.45191732
8270,0.55056304
8271,0.4971895
8272,0.29983947
8273,0.029772816
8274,0.071759306
8275,0.08096102
8276,0.04209748
8277,0.23940465
8278,0.40179753
8279,0.4315928
8280,0.35503855
8281,0.09060446
8282,0.112118036
8283,0.16436756
8284,0.088904224
8285,0.080532745
8286,0.30687112
8287,0.5172092
8288,0.6209955
8289,0.5199403
8290,0.28172183
8291,0.03864855
8292,0.1126983
8293,0.08428953
8294,0.07252264
8295,0.3148129
8296,0.53039527
8297,0.6206883
8298,0.5372319
8299,0.30418253
8300,0.01171716
8301,0.105415694
8302,0.11037274
8303,0.0368678
8304,0.28878435
8305,0.49464777
8306,0.59024
8307,0.56500155
8308,0.34624648
8309,0.09027836
8310,0.071479306
8311,0.078437716
8312,0.06009109
8313,0.29083225
8314,0.48014194
8315,0.5779463
8316,0.4996308
8317,0.3036494
8318,0.07688533
8319,0.07309549
8320,0.093626134
8321,0.030302782
8322,0.24412714
8323,0.4641816
8324,0.56908035
8325,0.44618404
8326,0.34417978
8327,0.11030809
8328,0.06692534
8329,0.08673166
8330,0.042280525
8331,0.2815058
8332,0.49573788
8333,0.5832111
8334,0.42697275
8335,0.2770112
8336,0.031340573
8337,0.07824853
8338,0.056560572
8339,0.110613346
8340,0.34615877
8341,0.52274495
8342,0.5608047
8343,0.44232905
8344,0.1941736
8345,0.013786469
8346,0.08066501
8347,0.027150523
8348,0.14038719
8349,0.348735
8350,0.48906973
8351,0.50325465
8352,0.3917427
8353,0.1980448
8354,0.0077910265
8355,0.10843418
8356,0.06454296
8357,0.07646319
8358,0.28869614
8359,0.47765574
8360,0.55132484
8361,0.47544402
8362,0.28293267
8363,0.063892975
8364,0.10157469
8365,0.08495156
8366,0.044417337
8367,0.27057117
8368,0.47198677
8369,0.5608111
8370,0.5027514
8371,0.2803669
8372,0.04304749
8373,0.0962433
8374,0.094621524
8375,0.036296483
8376,0.25082207
8377,0.46962786
8378,0.5663179
8379,0.4940783
8380,0.23284827
8381,0.08082737
8382,0.07209292
8383,0.08868469
8384,0.03078108
8385,0.23573479
8386,0.4436636
8387,0.5051992
8388,0.3657674
8389,0.18209256
8390,0.083203495
8391,0.14437284
8392,0.12784147
8393,0.009808737
8394,0.26237318
8395,0.51673
8396,0.64775264
8397,0.6013186
8398,0.40402338
8399,0.14638829
8400,0.048829194
8401,0.102513164
8402,-0.0019266997
8403,0.22350244
8404,0.45507538
8405,0.59064287
8406,0.53037125
8407,0.35050905
8408,0.14911562
8409,0.040025882
8410,0.10189496
8411,0.0021139951
8412,0.2092254
8413,0.4307507
8414,0.5598887
8415,0.5376108
8416,0.36806545
8417,0.13470517
8418,0.04267184
8419,0.09374797
8420,-0.001500186
8421,0.20761669
8422,0.42331025
8423,0.5452807
8424,0.518744
8425,0.35675925
8426,0.078430265
8427,0.07465104
8428,0.096200265
8429,-0.0006410065
8430,0.19466218
8431,0.41644442
8432,0.5473812
8433,0.48182422
8434,0.32450145
8435,0.1074503
8436,0.036629546
8437,0.09633721
8438,0.0018845219
8439,0.18766835
8440,0.40600047
8441,0.5595269
8442,0.4653654
8443,0.37481052
8444,0.12576419
8445,0.04296803
8446,0.09553079
8447,0.0029108603
8448,0.2095102
8449,0.42028692
8450,0.5385713
8451,0.51370364
8452,0.35205537
8453,0.13020378
8454,0.06212577
8455,0.08896443
8456,0.0054181507
8457,0.19754545
8458,0.39540875
8459,0.49055976
8460,0.46236658
8461,0.27844155
8462,0.10932237
8463,0.050602607
8464,0.08307275
8465,0.012789577
8466,0.20560777
8467,0.41677594
8468,0.52501684
8469,0.49033675
8470,0.32814008
8471,0.095689416
8472,0.04752722
8473,0.087540366
8474,0.006282885
8475,0.20438941
8476,0.41018927
8477,0.48777115
8478,0.45136178
8479,0.33962458
8480,0.12066583
8481,0.07549496
8482,0.091283664
8483,-1.8539373e-05
8484,0.20338486
8485,0.41129515
8486,0.47694394
8487,0.4254839
8488,0.32958397
8489,0.12428711
8490,0.04995463
8491,0.09408404
8492,0.0025309878
8493,0.21369761
8494,0.4310689
8495,0.55126137
8496,0.52216345
8497,0.34065095
8498,0.06318628
8499,0.04845012
8500,0.08862683
8501,0.0041930694
8502,0.21227162
8503,0.42225847
8504,0.53834766
8505,0.5086867
8506,0.34682974
8507,0.12756221
8508,0.047113348
8509,0.08105828
8510,0.019596389
8511,0.22935219
8512,0.43426076
8513,0.5392231
8514,0.41324848
8515,0.2897468
8516,0.082285754
8517,0.06394142
8518,0.062130097
8519,0.07147762
8520,0.29543424
8521,0.4797636
8522,0.5324395
8523,0.43682033
8524,0.23912784
8525,0.032320835
8526,0.08590792
8527,0.0704558
8528,0.06336817
8529,0.27559727
8530,0.42854777
8531,0.42502555
8532,0.38849583
8533,0.2114358
8534,0.009141324
8535,0.09458288
8536,0.09159087
8537,0.039437592
8538,0.2716403
8539,0.48950937
8540,0.58751607
8541,0.5421375
8542,0.35432735
8543,0.11479086
8544,0.07108551
8545,0.10011547
8546,0.011157167
8547,0.2220117
8548,0.44069302
8549,0.5591303
8550,0.52555126
8551,0.356674
8552,0.13008158
8553,0.042177983
8554,0.09184527
8555,9.1500115e-05
8556,0.20715715
8557,0.42612708
8558,0.5495127
8559,0.5154575
8560,0.34573555
8561,0.12232764
8562,0.044610463
8563,0.081440516
8564,0.016981166
8565,0.21754706
8566,0.41516778
8567,0.4627784
8568,0.41122112
8569,0.3173203
8570,0.10411333
8571,0.056443293
8572,0.0896407
8573,0.01826632
8574,0.22956134
8575,0.4339894
8576,0.54059535
8577,0.50042784
8578,0.33267164
8579,0.07242548
8580,0.05047197
8581,0.09434981
8582,0.0041295756
8583,0.20931983
8584,0.42785153
8585,0.49376607
8586,0.42954752
8587,0.3272619
8588,0.1254953
8589,0.04870465
8590,0.09268843
8591,0.005569781
8592,0.21324947
8593,0.42445898
8594,0.5186829
8595,0.51914
8596,0.35536042
8597,0.13236482
8598,0.038401913
8599,0.07567527
8600,0.036571223
8601,0.24986105
8602,0.46532363
8603,0.54084855
8604,0.45268545
8605,0.2520477
8606,-0.0019521337
8607,0.0896862
8608,0.07706299
8609,0.06157784
8610,0.2900243
8611,0.48907775
8612,0.5576331
8613,0.4773784
8614,0.30660513
8615,0.08052827
8616,0.07016797
8617,0.08101174
8618,0.042458598
8619,0.2538183
8620,0.455423
8621,0.5534693
8622,0.4999539
8623,0.31944767
8624,0.09297037
8625,0.058420006
8626,0.0795489
8627,0.035512067
8628,0.24233875
8629,0.4099708
8630,0.49409717
8631,0.48742527
8632,0.31225348
8633,0.095540345
8634,0.055447485
8635,0.07299014
8636,0.049828704
8637,0.24879068
8638,0.45528725
8639,0.5198316
8640,0.4650057
8641,0.26984343
8642,0.041637026
8643,0.07461675
8644,0.064245544
8645,0.073218
8646,0.2765612
8647,0.46207982
8648,0.53670794
8649,0.43809646
8650,0.27064893
8651,0.055013753
8652,0.07866146
8653,0.08071562
8654,0.04982144
8655,0.26329598
8656,0.47503436
8657,0.5784883
8658,0.50219357
8659,0.29712847
8660,0.06676608
8661,0.075292386
8662,0.07734227
8663,0.050897215
8664,0.27099305
8665,0.44865093
8666,0.5560548
8667,0.4933779
8668,0.31125185
8669,0.09025294
8670,0.06171496
8671,0.08441952
8672,0.03303554
8673,0.25261667
8674,0.46601474
8675,0.55992496
8676,0.49458766
8677,0.25209057
8678,0.07644566
8679,0.07202578
8680,0.081317335
8681,0.0467797
8682,0.26340634
8683,0.47655296
8684,0.50655997
8685,0.35086486
8686,0.24174322
8687,0.071111985
8688,0.07372701
8689,0.07860026
8690,0.07100353
8691,0.30046815
8692,0.52035815
8693,0.5870651
8694,0.4875079
8695,0.27343205
8696,0.04552651
8697,0.08762522
8698,0.07492129
8699,0.063645825
8700,0.29777247
8701,0.5117463
8702,0.5952755
8703,0.513556
8704,0.2753295
8705,0.033920143
8706,0.102409564
8707,0.08467142
8708,0.048556183
8709,0.2747403
8710,0.48624942
8711,0.5224728
8712,0.50808424
8713,0.28644842
8714,0.03427701
8715,0.10049419
8716,0.09720332
8717,0.021571452
8718,0.24800713
8719,0.47355315
8720,0.59475917
8721,0.5465213
8722,0.35567096
8723,0.11591047
8724,0.058031082
8725,0.095712356
8726,0.010330744
8727,0.21916345
8728,0.44514266
8729,0.5777561
8730,0.54466736
8731,0.36673307
8732,0.128504
8733,0.049906887
8734,0.10493643
8735,0.007965924
8736,0.2326431
8737,0.46760708
8738,0.5974277
8739,0.5492692
8740,0.3491802
8741,0.09654792
8742,0.057836436
8743,0.06364045
8744,0.07433774
8745,0.2911038
8746,0.467491
8747,0.52680767
8748,0.4410145
8749,0.25041586
8750,0.043420263
8751,0.08637785
8752,0.076477446
8753,0.054738764
8754,0.26322544
8755,0.46851853
8756,0.5549414
8757,0.491787
8758,0.2668355
8759,0.08405509
8760,0.069214165
8761,0.08461398
8762,0.032133326
8763,0.24332573
8764,0.445073
8765,0.5458956
8766,0.5018086
8767,0.32909533
8768,0.10763351
8769,0.054449197
8770,0.090144835
8771,0.011146865
8772,0.22311322
8773,0.43101108
8774,0.5461194
8775,0.48919263
8776,0.34583923
8777,0.11790865
8778,0.049112972
8779,0.07976581
8780,0.032309674
8781,0.23945759
8782,0.43635735
8783,0.5255803
8784,0.4676521
8785,0.29444334
8786,0.08244034
8787,0.06333933
8788,0.08457691
8789,0.022671636
8790,0.23157364
8791,0.40166494
8792,0.5190792
8793,0.46134186
8794,0.3241295
8795,0.10484824
8796,0.07454901
8797,0.10276098
8798,0.0062035616
8799,0.19598149
8800,0.3703989
8801,0.50437546
8802,0.50239587
8803,0.34842706
8804,0.066384025
8805,0.051909227
8806,0.093937024
8807,0.00763379
8808,0.23178464
8809,0.441703
8810,0.53940755
8811,0.44941083
8812,0.28334504
8813,0.014523213
8814,0.09259207
8815,0.09504712
8816,0.019791976
8817,0.24234936
8818,0.46056855
8819,0.57569855
8820,0.5198844
8821,0.36030623
8822,0.1282107
8823,0.049097303
8824,0.09389479
8825,0.009155117
8826,0.22001454
8827,0.43013114
8828,0.54865193
8829,0.50728786
8830,0.34777647
8831,0.124723665
8832,0.06987487
8833,0.10351578
8834,-0.0010350242
8835,0.21280743
8836,0.44654176
8837,0.5769578
8838,0.5299692
8839,0.3101698
8840,0.11284511
8841,0.055807482
8842,0.074648775
8843,0.057864487
8844,0.26762396
8845,0.47402266
8846,0.55527425
8847,0.46738967
8848,0.26410007
8849,-0.0009714819
8850,0.08305463
8851,0.060226537
8852,0.080112256
8853,0.30004805
8854,0.48833075
8855,0.48745257
8856,0.4304392
8857,0.16472208
8858,0.026304014
8859,0.08150011
8860,0.072064966
8861,0.06683906
8862,0.28549224
8863,0.47788158
8864,0.5605309
8865,0.4724424
8866,0.3063154
8867,0.08280929
8868,0.074134365
8869,0.08411546
8870,0.031190695
8871,0.25191316
8872,0.456194
8873,0.5588757
8874,0.44422546
8875,0.25290027
8876,0.0694707
8877,0.07692794
8878,0.09504576
8879,0.01909396
8880,0.22869186
8881,0.45704004
8882,0.5709428
8883,0.53074735
8884,0.35552013
8885,0.1255498
8886,0.049279217
8887,0.09000739
8888,0.0057018385
8889,0.21907274
8890,0.44199628
8891,0.5001405
8892,0.51940733
8893,0.34233218
8894,0.1152942
8895,0.04894462
8896,0.080986954
8897,0.023700118
8898,0.22312765
8899,0.40871778
8900,0.5240976
8901,0.4861487
8902,0.31956804
8903,0.09783412
8904,0.052715644
8905,0.08729697
8906,0.016538706
8907,0.22447857
8908,0.394078
8909,0.42050374
8910,0.42788297
8911,0.27997297
8912,0.0110838525
8913,0.09519414
8914,0.098013915
8915,0.031020302
8916,0.2522827
8917,0.46730313
8918,0.5702314
8919,0.5102182
8920,0.32661375
8921,0.09847637
8922,0.062397778
8923,0.09310568
8924,0.019674491
8925,0.22683668
8926,0.4590291
8927,0.5730925
8928,0.5234025
8929,0.3382634
8930,0.10475998
8931,0.060314972
8932,0.09370889
8933,0.015112778
8934,0.21932569
8935,0.44382742
8936,0.5728
8937,0.5321882
8938,0.34968215
8939,0.11542067
8940,0.055643458
8941,0.09513841
8942,0.008692289
8943,0.22188936
8944,0.43806836
8945,0.557859
8946,0.52843
8947,0.3608911
8948,0.13380644
8949,0.04216092
8950,0.087365106
8951,0.0049989275
8952,0.20083743
8953,0.37282288
8954,0.499744
8955,0.38388872
8956,0.21434319
8957,0.034500964
8958,0.115013316
8959,0.13310248
8960,-0.0034773531
8961,0.20076284
8962,0.40751722
8963,0.47180545
8964,0.3955034
8965,0.2992918
8966,0.029158043
8967,0.11141947
8968,0.123828106
8969,0.00244105
8970,0.2592076
8971,0.5135866
8972,0.6398234
8973,0.593379
8974,0.39539486
8975,0.13871066
8976,0.052382197
8977,0.10151684
8978,0.002435937
8979,0.22621842
8980,0.4443878
8981,0.5051437
8982,0.5309848
8983,0.38954818
8984,0.13710156
8985,0.055073183
8986,0.07596448
8987,0.05852623
8988,0.29091594
8989,0.49292454
8990,0.55975676
8991,0.46559736
8992,0.26058263
8993,0.019727811
8994,0.087765485
8995,0.04179444
8996,0.10933376
8997,0.31800523
8998,0.44224548
8999,0.5176334
9000,0.40998632
9001,0.2105669
9002,0.0035235533
9003,0.09201373
9004,0.067746446
9005,0.07785375
9006,0.2833448
9007,0.48141575
9008,0.55286396
9009,0.47875535
9010,0.29100522
9011,0.07403429
9012,0.06788312
9013,0.07945333
9014,0.03768397
9015,0.23444761
9016,0.37722617
9017,0.4691333
9018,0.32516783
9019,0.22904634
9020,0.0785042
9021,0.07458541
9022,0.094984464
9023,0.024308283
9024,0.2559194
9025,0.4740434
9026,0.5239044
9027,0.50367206
9028,0.29260308
9029,0.114412665
9030,0.058098968
9031,0.09473105
9032,0.013939267
9033,0.22765149
9034,0.4504442
9035,0.56776214
9036,0.53194046
9037,0.3596664
9038,0.13027644
9039,0.0458001
9040,0.08938543
9041,0.00352898
9042,0.2082932
9043,0.40640968
9044,0.49822944
9045,0.5166038
9046,0.35160217
9047,0.12868248
9048,0.043463975
9049,0.09219486
9050,-0.0027267197
9051,0.19889824
9052,0.40881154
9053,0.5342676
9054,0.5151577
9055,0.31869417
9056,0.07372839
9057,0.043074407
9058,0.099744886
9059,-0.0029299404
9060,0.20139405
9061,0.41555896
9062,0.5452333
9063,0.52281135
9064,0.36105046
9065,0.115478806
9066,0.081874035
9067,0.10952683
9068,0.0022322563
9069,0.1909186
9070,0.3991172
9071,0.54704535
9072,0.5228668
9073,0.3225383
9074,0.14805835
9075,0.036296815
9076,0.090556726
9077,-0.0012602303
9078,0.19595033
9079,0.40804878
9080,0.50989497
9081,0.50465673
9082,0.34555483
9083,0.12032041
9084,0.074201554
9085,0.09386334
9086,0.0004964103
9087,0.20025286
9088,0.39033183
9089,0.50466084
9090,0.5201215
9091,0.336878
9092,0.13396478
9093,0.04347966
9094,0.09242014
9095,0.005168775
9096,0.21329018
9097,0.42113006
9098,0.46803728
9099,0.45441052
9100,0.31422535
9101,0.084273204
9102,0.07213597
9103,0.09440355
9104,0.007679261
9105,0.21892929
9106,0.4453493
9107,0.5604675
9108,0.52433044
9109,0.35375905
9110,0.08451492
9111,0.061113067
9112,0.0952161
9113,-0.0019062485
9114,0.19908324
9115,0.37732017
9116,0.47068632
9117,0.43474928
9118,0.2886246
9119,0.13074219
9120,0.047672767
9121,0.102169044
9122,0.0056226333
9123,0.21743461
9124,0.41175282
9125,0.53583217
9126,0.52719605
9127,0.35761794
9128,0.12940581
9129,0.04615505
9130,0.099134445
9131,-0.0011123123
9132,0.202498
9133,0.4149929
9134,0.54355097
9135,0.52091694
9136,0.30499807
9137,0.12766619
9138,0.04218689
9139,0.0909883
9140,-0.0023409773
9141,0.19758344
9142,0.40722913
9143,0.5322364
9144,0.5146753
9145,0.35747236
9146,0.10094096
9147,0.06477694
9148,0.09981952
9149,-0.0047050496
9150,0.19748412
9151,0.4102162
9152,0.53469396
9153,0.51410824
9154,0.35773945
9155,0.13900393
9156,0.035566337
9157,0.091151625
9158,-0.0030456355
9159,0.18054613
9160,0.3945125
9161,0.5164118
9162,0.4715768
9163,0.34368446
9164,0.1346119
9165,0.04591771
9166,0.100948766
9167,-0.003402912
9168,0.19846241
9169,0.41145286
9170,0.53341585
9171,0.502816
9172,0.33633986
9173,0.11712146
9174,0.048722636
9175,0.090372495
9176,0.009011734
9177,0.21129414
9178,0.40250847
9179,0.53349984
9180,0.50229853
9181,0.3076629
9182,0.12466886
9183,0.03982863
9184,0.07234388
9185,0.03549335
9186,0.24184565
9187,0.43298787
9188,0.51163507
9189,0.3922583
9190,0.19128114
9191,0.052832555
9192,0.07437023
9193,0.07964831
9194,0.044290125
9195,0.2625436
9196,0.47062147
9197,0.5610318
9198,0.49274585
9199,0.2669134
9200,0.08245934
9201,0.06938066
9202,0.0876965
9203,0.036688466
9204,0.2575161
9205,0.46057987
9206,0.54747593
9207,0.51922804
9208,0.32270148
9209,0.09262519
9210,0.06695676
9211,0.08900029
9212,0.025908984
9213,0.23456246
9214,0.43749717
9215,0.5604982
9216,0.47446755
9217,0.34263155
9218,0.11452404
9219,0.053739455
9220,0.092652395
9221,0.006763421
9222,0.214501
9223,0.43980804
9224,0.5548555
9225,0.5218502
9226,0.27899364
9227,0.10791238
9228,0.080917664
9229,0.092460886
9230,0.024806282
9231,0.23578623
9232,0.4221051
9233,0.5230756
9234,0.5025929
9235,0.30628228
9236,0.07913494
9237,0.069798246
9238,0.07521757
9239,0.058307048
9240,0.27508098
9241,0.46215233
9242,0.5388311
9243,0.47244847
9244,0.29213017
9245,0.062249444
9246,0.06728556
9247,0.08394106
9248,0.02916978
9249,0.24224181
9250,0.45527035
9251,0.55056137
9252,0.42428038
9253,0.32214528
9254,0.096381836
9255,0.080439426
9256,0.089913145
9257,0.02161141
9258,0.23757142
9259,0.4641134
9260,0.5775154
9261,0.52695453
9262,0.30037457
9263,0.0984817
9264,0.089498475
9265,0.08401533
9266,0.04667867
9267,0.28162327
9268,0.47891483
9269,0.5667887
9270,0.49181554
9271,0.2156572
9272,0.059548274
9273,0.08861446
9274,0.0868005
9275,0.047991376
9276,0.27684143
9277,0.49670723
9278,0.5912952
9279,0.52730906
9280,0.27171475
9281,0.061207406
9282,0.06739434
9283,0.09375155
9284,0.022524744
9285,0.24592213
9286,0.46726415
9287,0.5474734
9288,0.5232968
9289,0.35883713
9290,0.088425
9291,0.07235296
9292,0.09622859
9293,0.0064619305
9294,0.22210567
9295,0.44183615
9296,0.5645411
9297,0.53453803
9298,0.36673906
9299,0.13712409
9300,0.04177441
9301,0.091050416
9302,-0.0020453995
9303,0.20073834
9304,0.38988525
9305,0.53648967
9306,0.5292041
9307,0.35550725
9308,0.10444674
9309,0.073705405
9310,0.09303497
9311,0.026802903
9312,0.25362423
9313,0.46849844
9314,0.5536708
9315,0.4902041
9316,0.2981016
9317,0.02499154
9318,0.10875744
9319,0.09127978
9320,0.040677186
9321,0.25102448
9322,0.45769978
9323,0.54947215
9324,0.500475
9325,0.3229291
9326,0.10097732
9327,0.057097793
9328,0.08335799
9329,0.02831686
9330,0.24054658
9331,0.4409146
9332,0.53745013
9333,0.4868684
9334,0.30414128
9335,0.08252367
9336,0.057567112
9337,0.08813429
9338,0.018769613
9339,0.22389692
9340,0.42868835
9341,0.48171514
9342,0.5018026
9343,0.28200248
9344,0.10867142
9345,0.052381847
9346,0.08781653
9347,0.022774823
9348,0.24986051
9349,0.48115396
9350,0.5834579
9351,0.5098157
9352,0.30457678
9353,0.0695069
9354,0.07199044
9355,0.069332495
9356,0.064549655
9357,0.26607212
9358,0.45380813
9359,0.5478561
9360,0.45887405
9361,0.28193462
9362,0.06585144
9363,0.09219134
9364,0.071277745
9365,0.0723535
9366,0.30747417
9367,0.48897752
9368,0.53101635
9369,0.46517143
9370,0.18972269
9371,0.037302114
9372,0.08223648
9373,0.049843013
9374,0.11684002
9375,0.34587756
9376,0.51537776
9377,0.5471532
9378,0.4304798
9379,0.22127666
9380,0.014550994
9381,0.09102183
9382,0.060851797
9383,0.08435597
9384,0.29924217
9385,0.46426874
9386,0.5506483
9387,0.4720428
9388,0.2807088
9389,0.06495809
9390,0.06953534
9391,0.06523832
9392,0.0664374
9393,0.26322567
9394,0.45132914
9395,0.51875967
9396,0.44921526
9397,0.27209663
9398,0.058573257
9399,0.0693384
9400,0.079873376
9401,0.034010675
9402,0.23732685
9403,0.43714777
9404,0.5328552
9405,0.48533756
9406,0.31424844
9407,0.098322034
9408,0.08163538
9409,0.092527896
9410,0.021640602
9411,0.22450604
9412,0.39954013
9413,0.5313696
9414,0.4857145
9415,0.30873904
9416,0.10212142
9417,0.052609935
9418,0.08580764
9419,0.014592004
9420,0.20770462
9421,0.39420608
9422,0.53144306
9423,0.4957843
9424,0.3293815
9425,0.11018001
9426,0.049304806
9427,0.08766481
9428,0.010702296
9429,0.2112425
9430,0.42076397
9431,0.50363624
9432,0.4987773
9433,0.33293417
9434,0.0987747
9435,0.046556666
9436,0.08632231
9437,0.008326094
9438,0.20753779
9439,0.40998617
9440,0.5319461
9441,0.4992417
9442,0.33926916
9443,0.11215124
9444,0.06018684
9445,0.09917221
9446,0.008261547
9447,0.22114322
9448,0.44661465
9449,0.5679726
9450,0.519575
9451,0.33973348
9452,0.10987072
9453,0.08653854
9454,0.093857706
9455,0.008560778
9456,0.2223589
9457,0.430552
9458,0.57933354
9459,0.5442248
9460,0.35890886
9461,0.11921376
9462,0.058982264
9463,0.07162716
9464,0.06668615
9465,0.29945546
9466,0.4896239
9467,0.5522616
9468,0.45727482
9469,0.2471496
9470,0.030316627
9471,0.10167186
9472,0.05649553
9473,0.08749726
9474,0.26890278
9475,0.4111359
9476,0.39549363
9477,0.3614193
9478,0.20224251
9479,0.023714699
9480,0.15040687
9481,0.09547492
9482,0.05292798
9483,0.27782506
9484,0.506403
9485,0.6095992
9486,0.5457067
9487,0.2834723
9488,0.105768554
9489,0.062478926
9490,0.08015971
9491,0.054951366
9492,0.2836409
9493,0.4890341
9494,0.5722281
9495,0.49350902
9496,0.29599825
9497,0.07089064
9498,0.07217691
9499,0.080409065
9500,0.041941952
9501,0.2574114
9502,0.45974314
9503,0.5550593
9504,0.42943618
9505,0.20222874
9506,0.06397118
9507,0.08289564
9508,0.094853
9509,0.016775638
9510,0.22788
9511,0.45770082
9512,0.5736294
9513,0.53497887
9514,0.3598653
9515,0.12831053
9516,0.04551944
9517,0.09129295
9518,0.0040073697
9519,0.20976333
9520,0.4212284
9521,0.54116493
9522,0.48761362
9523,0.35461882
9524,0.13223335
9525,0.060654685
9526,0.093149334
9527,-0.0036792834
9528,0.19576332
9529,0.40917417
9530,0.5355099
9531,0.51598
9532,0.36035872
9533,0.14087704
9534,0.034041315
9535,0.09049924
9536,-0.00060960045
9537,0.18611386
9538,0.39778894
9539,0.53052574
9540,0.49873197
9541,0.3555622
9542,0.09921296
9543,0.035309065
9544,0.08484509
9545,0.006431741
9546,0.20322129
9547,0.4077028
9548,0.52521074
9549,0.49267644
9550,0.32699788
9551,0.110110156
9552,0.050438154
9553,0.08821032
9554,0.007303123
9555,0.20189813
9556,0.38725552
9557,0.5343224
9558,0.5020252
9559,0.28957182
9560,0.097328745
9561,0.04940923
9562,0.09553492
9563,0.007983722
9564,0.21222769
9565,0.42031783
9566,0.5360858
9567,0.5090547
9568,0.33258706
9569,0.12751026
9570,0.043893002
9571,0.088480085
9572,0.0010666228
9573,0.20051634
9574,0.40770495
9575,0.5270291
9576,0.49533582
9577,0.3474774
9578,0.13106993
9579,0.038626213
9580,0.08777615
9581,-0.00373583
9582,0.18918557
9583,0.36467963
9584,0.51340747
9585,0.478271
9586,0.3461996
9587,0.12952621
9588,0.04027081
9589,0.08652395
9590,0.0043937387
9591,0.20588565
9592,0.42217442
9593,0.5499633
9594,0.5058787
9595,0.32519683
9596,0.09716019
9597,0.060282398
9598,0.080115095
9599,0.029892854
9600,0.23726988
9601,0.39393848
9602,0.51633096
9603,0.49814895
9604,0.23366714
9605,0.061399344
9606,0.072015665
9607,0.085962825
9608,0.036880754
9609,0.25669748
9610,0.4698294
9611,0.57948536
9612,0.5282934
9613,0.33959022
9614,0.06324239
9615,0.055639487
9616,0.0712606
9617,0.05376807
9618,0.2645146
9619,0.4383414
9620,0.5374223
9621,0.46329227
9622,0.27700746
9623,0.06525432
9624,0.07097339
9625,0.0750086
9626,0.044126324
9627,0.25769106
9628,0.44831994
9629,0.535002
9630,0.47662953
9631,0.2996691
9632,0.08519177
9633,0.06315965
9634,0.08881773
9635,0.025952071
9636,0.24534287
9637,0.4647023
9638,0.5766831
9639,0.4907574
9640,0.22637416
9641,0.06875445
9642,0.066706
9643,0.05023739
9644,0.10554537
9645,0.32632995
9646,0.48866645
9647,0.51745635
9648,0.4072263
9649,0.21023086
9650,0.013469213
9651,0.105949394
9652,0.06810699
9653,0.074623436
9654,0.29001594
9655,0.47584093
9656,0.5496004
9657,0.47843492
9658,0.22501706
9659,0.007911994
9660,0.14877717
9661,0.11048311
9662,0.019624386
9663,0.22922976
9664,0.40474662
9665,0.5391294
9666,0.5465897
9667,0.35960886
9668,0.12199637
9669,0.05396502
9670,0.09617643
9671,0.007819621
9672,0.22101164
9673,0.43738684
9674,0.55786085
9675,0.52700853
9676,0.36021864
9677,0.13343392
9678,0.074803196
9679,0.10420085
9680,-0.0045897523
9681,0.19970727
9682,0.4050652
9683,0.5190777
9684,0.52779925
9685,0.3661458
9686,0.08498587
9687,0.07228377
9688,0.12045454
9689,0.008253323
9690,0.17169401
9691,0.34783626
9692,0.48932424
9693,0.52554244
9694,0.27978304
9695,0.12766923
9696,0.040723816
9697,0.09936938
9698,-0.0024255018
9699,0.20173794
9700,0.43328574
9701,0.5668589
9702,0.54634655
9703,0.38240138
9704,0.14553058
9705,0.05000096
9706,0.09610464
9707,0.0039165663
9708,0.18874294
9709,0.41571155
9710,0.54948586
9711,0.5329144
9712,0.3565693
9713,0.1010543
9714,0.0873269
9715,0.08439992
9716,0.030560782
9717,0.2509256
9718,0.46683067
9719,0.489518
9720,0.3394447
9721,0.21587418
9722,0.021187965
9723,0.09063841
9724,0.050601147
9725,0.11735415
9726,0.3456807
9727,0.49855068
9728,0.47287717
9729,0.42648953
9730,0.2270074
9731,0.0047449917
9732,0.093607195
9733,0.032793045
9734,0.14504561
9735,0.36716095
9736,0.53002733
9737,0.5541072
9738,0.43212828
9739,0.20864391
9740,0.011626796
9741,0.09580567
9742,0.06530967
9743,0.084009066
9744,0.30635256
9745,0.49478814
9746,0.56613404
9747,0.48875007
9748,0.29612753
9749,0.07463219
9750,0.067733295
9751,0.06701709
9752,0.079524994
9753,0.29406178
9754,0.4199076
9755,0.5083931
9756,0.44954568
9757,0.23912941
9758,0.025191156
9759,0.09615068
9760,0.0686729
9761,0.08655154
9762,0.30983412
9763,0.49511853
9764,0.56587976
9765,0.48505354
9766,0.29052967
9767,0.042781193
9768,0.07258819
9769,0.08186544
9770,0.04140048
9771,0.25601223
9772,0.4617707
9773,0.56092614
9774,0.5036552
9775,0.32164222
9776,0.09625462
9777,0.06180267
9778,0.0891338
9779,0.018723868
9780,0.2294037
9781,0.4376887
9782,0.509173
9783,0.45192468
9784,0.34686622
9785,0.11866958
9786,0.05123786
9787,0.088088885
9788,0.01873906
9789,0.24085876
9790,0.45194077
9791,0.54874283
9792,0.5068802
9793,0.32310402
9794,0.09628655
9795,0.06283344
9796,0.096385054
9797,0.01852325
9798,0.23094624
9799,0.44081023
9800,0.5523682
9801,0.5149704
9802,0.31716788
9803,0.12108083
9804,0.0717912
9805,0.095017076
9806,2.7190428e-05
9807,0.19782686
9808,0.4271214
9809,0.5628411
9810,0.5381767
9811,0.36375996
9812,0.12886049
9813,0.07280786
9814,0.07966849
9815,0.035145536
9816,0.24112795
9817,0.3981871
9818,0.5165062
9819,0.360803
9820,0.24177215
9821,0.0005351906
9822,0.08331986
9823,0.08282621
9824,0.050199375
9825,0.27755296
9826,0.4478148
9827,0.50323874
9828,0.50705063
9829,0.32945704
9830,0.07302669
9831,0.06618514
9832,0.08651136
9833,0.032537907
9834,0.25316426
9835,0.46749327
9836,0.5679989
9837,0.5142774
9838,0.3309623
9839,0.103611305
9840,0.089053884
9841,0.10798767
9842,0.01717452
9843,0.21478283
9844,0.42608437
9845,0.5525139
9846,0.41072342
9847,0.18448621
9848,0.0344384
9849,0.07232206
9850,0.09366904
9851,0.04673603
9852,0.29960454
9853,0.53924525
9854,0.65031534
9855,0.47000426
9856,0.32150906
9857,0.058832403
9858,0.08594362
9859,0.05612927
9860,0.118387066
9861,0.35952896
9862,0.5490957
9863,0.5953866
9864,0.47243166
9865,0.24494117
9866,0.008080994
9867,0.094516955
9868,0.041728564
9869,0.12836887
9870,0.35239398
9871,0.5235921
9872,0.5406561
9873,0.43976155
9874,0.2281547
9875,0.015339281
9876,0.09518844
9877,0.06401739
9878,0.086643755
9879,0.29959553
9880,0.48314762
9881,0.58041877
9882,0.49466512
9883,0.29003203
9884,0.06296802
9885,0.0708036
9886,0.058225423
9887,0.07994776
9888,0.28385127
9889,0.45287928
9890,0.5169861
9891,0.3744897
9892,0.26627094
9893,0.05755749
9894,0.0751911
9895,0.07490915
9896,0.047729
9897,0.25583234
9898,0.44680208
9899,0.534745
9900,0.44911078
9901,0.30761954
9902,0.09178535
9903,0.060028672
9904,0.08461516
9905,0.021261793
9906,0.2326407
9907,0.4371102
9908,0.53691095
9909,0.45819947
9910,0.3257435
9911,0.07800625
9912,0.052643906
9913,0.07521339
9914,0.0444695
9915,0.25677034
9916,0.41436198
9917,0.5320794
9918,0.4320557
9919,0.2742003
9920,0.012669795
9921,0.11272146
9922,0.06861622
9923,0.071859546
9924,0.23474948
9925,0.34571058
9926,0.24133074
9927,0.14866114
9928,0.032842636
9929,0.16353029
9930,0.18277916
9931,0.094550475
9932,0.10284805
9933,0.37856704
9934,0.62905395
9935,0.723315
9936,0.62322146
9937,0.35563824
9938,0.086791575
9939,0.07727637
9940,0.09011073
9941,0.049064085
9942,0.29281887
9943,0.5132521
9944,0.6172132
9945,0.5065183
9946,0.3562991
9947,0.10907332
9948,0.06683583
9949,0.09569733
9950,0.018901136
9951,0.24330842
9952,0.4645632
9953,0.5566953
9954,0.5452035
9955,0.36469916
9956,0.12879637
9957,0.049210675
9958,0.09573089
9959,0.0072000585
9960,0.20798105
9961,0.3847056
9962,0.52916527
9963,0.5395128
9964,0.3618943
9965,0.06944007
9966,0.05174429
9967,0.09567367
9968,0.011658888
9969,0.22211845
9970,0.4442402
9971,0.56529367
9972,0.5282307
9973,0.35416737
9974,0.12497259
9975,0.04619347
9976,0.09187779
9977,0.0073061236
9978,0.21280275
9979,0.39556518
9980,0.4923809
9981,0.5154048
9982,0.30538756
9983,0.124546744
9984,0.04786997
9985,0.09282362
9986,0.007938912
9987,0.2261391
9988,0.44277012
9989,0.5550119
9990,0.44266623
9991,0.31076935
9992,0.06661884
9993,0.0646405
9994,0.06415089
9995,0.0792952
9996,0.31300765
9997,0.5034124
9998,0.5487014
9999,0.394768
10000,0.15502904
10001,0.028185353
10002,0.09277723
10003,0.031433694
10004,0.14654236
10005,0.38116777
10006,0.50508773
10007,0.55195624
10008,0.3771126
10009,0.09817897
10010,0.11237917
10011,0.15810049
10012,0.06315763
10013,0.112380065
10014,0.31464422
10015,0.49802136
10016,0.5936569
10017,0.49217373
10018,0.2764959
10019,0.03376598
10020,0.09671657
10021,0.07721482
10022,0.07817348
10023,0.32233533
10024,0.5251532
10025,0.6084714
10026,0.5278286
10027,0.3232283
10028,0.0865055
10029,0.06909634
10030,0.08226922
10031,0.05348258
10032,0.27758262
10033,0.47309396
10034,0.5012131
10035,0.43898463
10036,0.30865487
10037,0.08404511
10038,0.07159126
10039,0.086581156
10040,0.036074053
10041,0.2504327
10042,0.41911915
10043,0.5030426
10044,0.46091148
10045,0.31172216
10046,0.10271013
10047,0.059630245
10048,0.08873388
10049,0.018824548
10050,0.22884348
10051,0.4432428
10052,0.5619446
10053,0.52131003
10054,0.34242696
10055,0.1116941
10056,0.06585782
10057,0.09107329
10058,0.012816041
10059,0.22166273
10060,0.43118197
10061,0.54566735
10062,0.51219565
10063,0.3466267
10064,0.12502141
10065,0.04513198
10066,0.091679074
10067,0.00562251
10068,0.19511116
10069,0.40317598
10070,0.48938587
10071,0.5077894
10072,0.3442536
10073,0.1239511
10074,0.04203812
10075,0.086429335
10076,0.0060141883
10077,0.19710957
10078,0.40366897
10079,0.51732045
10080,0.48969057
10081,0.3349853
10082,0.1234194
10083,0.06965672
10084,0.08000978
10085,0.01090561
10086,0.20465724
10087,0.3955774
10088,0.4687632
10089,0.46340388
10090,0.23264036
10091,0.094334915
10092,0.0483999
10093,0.074873984
10094,0.039484676
10095,0.24212946
10096,0.43256974
10097,0.5185897
10098,0.4614999
10099,0.28379205
10100,0.07242578
10101,0.093675226
10102,0.08858792
10103,0.02821201
10104,0.23544525
10105,0.42516628
10106,0.53819746
10107,0.4942727
10108,0.32611656
10109,0.1078415
10110,0.051437464
10111,0.09376237
10112,0.008466227
10113,0.20686392
10114,0.41579384
10115,0.529393
10116,0.49942884
10117,0.33970508
10118,0.12362343
10119,0.041219264
10120,0.08773675
10121,0.013813132
10122,0.21534345
10123,0.41438308
10124,0.5159444
10125,0.46392265
10126,0.31530365
10127,0.07616899
10128,0.051549602
10129,0.09086615
10130,0.005875628
10131,0.20614973
10132,0.4252393
10133,0.54005706
10134,0.50165355
10135,0.33367532
10136,0.09921428
10137,0.072634675
10138,0.096261404
10139,0.005496229
10140,0.2110084
10141,0.42114958
10142,0.5397216
10143,0.5114573
10144,0.33976033
10145,0.13048397
10146,0.04457808
10147,0.091935724
10148,-0.0042125443
10149,0.1870952
10150,0.38230556
10151,0.49193007
10152,0.5152601
10153,0.3187609
10154,0.12009459
10155,0.048007753
10156,0.089493096
10157,0.009677614
10158,0.21435392
10159,0.41853872
10160,0.54201746
10161,0.5128288
10162,0.3467306
10163,0.0704429
10164,0.056568068
10165,0.08353074
10166,0.012466229
10167,0.20227398
10168,0.39091018
10169,0.4482687
10170,0.4317675
10171,0.33337584
10172,0.112086
10173,0.04966038
10174,0.088241905
10175,0.009433011
10176,0.21172826
10177,0.41692686
10178,0.54031074
10179,0.4804822
10180,0.33915833
10181,0.11902122
10182,0.07396046
10183,0.084504515
10184,0.02024874
10185,0.23244122
10186,0.43317163
10187,0.5095805
10188,0.4093874
10189,0.27668163
10190,0.02118412
10191,0.07082635
10192,0.089609206
10193,0.022984426
10194,0.24157894
10195,0.4629377
10196,0.57227755
10197,0.5100052
10198,0.3396673
10199,0.063628726
10200,0.058082037
10201,0.08882259
10202,0.021909548
10203,0.23797664
10204,0.41775241
10205,0.491292
10206,0.5088459
10207,0.3362628
10208,0.10643788
10209,0.059082925
10210,0.08531194
10211,0.028188756
10212,0.24730824
10213,0.45178574
10214,0.550736
10215,0.45646963
10216,0.32529604
10217,0.10073378
10218,0.08775295
10219,0.09203274
10220,0.01392321
10221,0.22606
10222,0.43762332
10223,0.55482537
10224,0.51934445
10225,0.3037334
10226,0.12649797
10227,0.046308998
10228,0.07790208
10229,0.035625406
10230,0.24745812
10231,0.39803746
10232,0.49443352
10233,0.44305882
10234,0.26533106
10235,0.05838613
10236,0.08297852
10237,0.065402105
10238,0.08014688
10239,0.31502777
10240,0.5159192
10241,0.5743709
10242,0.4252415
10243,0.24004774
10244,0.023743166
10245,0.088049375
10246,0.042950243
10247,0.12885104
10248,0.360499
10249,0.5226641
10250,0.5698964
10251,0.43883374
10252,0.14771588
10253,0.035640933
10254,0.093551315
10255,0.012806481
10256,0.16457975
10257,0.35630873
10258,0.50378066
10259,0.50797385
10260,0.3327121
10261,0.15318199
10262,0.02498492
10263,0.11212643
10264,0.03613824
10265,0.12751351
10266,0.3527228
10267,0.52811956
10268,0.572681
10269,0.45905426
10270,0.19846119
10271,0.0053201434
10272,0.09322546
10273,0.0660843
10274,0.08670331
10275,0.31600943
10276,0.5047098
10277,0.5762006
10278,0.4911328
10279,0.28966972
10280,0.06413711
10281,0.078634106
10282,0.07418737
10283,0.059554458
10284,0.26849952
10285,0.46897748
10286,0.55173665
10287,0.47434434
10288,0.30686975
10289,0.08335601
10290,0.06244999
10291,0.078836285
10292,0.04302062
10293,0.257398
10294,0.43942434
10295,0.5389112
10296,0.47709742
10297,0.2968417
10298,0.080987796
10299,0.06618091
10300,0.09292753
10301,0.02388932
10302,0.23317748
10303,0.42794636
10304,0.55766344
10305,0.5111794
10306,0.331954
10307,0.106367506
10308,0.057132766
10309,0.08732378
10310,0.015820345
10311,0.21440628
10312,0.38189808
10313,0.4955142
10314,0.50882584
10315,0.33457753
10316,0.1072997
10317,0.055856485
10318,0.08921789
10319,0.01485963
10320,0.22103724
10321,0.44191363
10322,0.5593754
10323,0.506214
10324,0.3420773
10325,0.11009989
10326,0.062273376
10327,0.08460948
10328,0.023670282
10329,0.23460694
10330,0.42034996
10331,0.5431971
10332,0.50120115
10333,0.33087954
10334,0.110665575
10335,0.050261784
10336,0.08414197
10337,0.013936842
10338,0.2146381
10339,0.423128
10340,0.5323694
10341,0.49400586
10342,0.32909563
10343,0.11410214
10344,0.044359017
10345,0.069247335
10346,0.04262081
10347,0.24509409
10348,0.41749248
10349,0.4961175
10350,0.43262842
10351,0.25712293
10352,0.0136012975
10353,0.070343025
10354,0.076583646
10355,0.038258016
10356,0.24140324
10357,0.4365666
10358,0.5337822
10359,0.48265445
10360,0.30501193
10361,0.06346083
10362,0.08284831
10363,0.08073577
10364,0.028034814
10365,0.23212153
10366,0.4202635
10367,0.45902508
10368,0.47135833
10369,0.31257236
10370,0.04380843
10371,0.08200849
10372,0.10314804
10373,0.007126679
10374,0.21610372
10375,0.40639243
10376,0.49957213
10377,0.4895762
10378,0.35833764
10379,0.12808247
10380,0.047159355
10381,0.08977725
10382,0.0063879453
10383,0.21743158
10384,0.42871356
10385,0.48913902
10386,0.51639044
10387,0.34725487
10388,0.12350832
10389,0.04681657
10390,0.09136875
10391,0.0030583409
10392,0.20571399
10393,0.41506806
10394,0.5340912
10395,0.5112171
10396,0.35318014
10397,0.123634815
10398,0.03749343
10399,0.08191046
10400,0.007974619
10401,0.2096355
10402,0.40848085
10403,0.5107125
10404,0.4725467
10405,0.24684885
10406,0.106901355
10407,0.051478367
10408,0.088192485
10409,0.0072503453
10410,0.20727438
10411,0.4122902
10412,0.532474
10413,0.5037871
10414,0.27204978
10415,0.1238479
10416,0.056082737
10417,0.092459284
10418,-5.467329e-05
10419,0.21220063
10420,0.43846768
10421,0.56049716
10422,0.46818566
10423,0.32523638
10424,0.042731054
10425,0.10454435
10426,0.107286334
10427,0.0055169174
10428,0.2232067
10429,0.43873963
10430,0.5750954
10431,0.5440179
10432,0.3466905
10433,0.13797836
10434,0.041454937
10435,0.08985402
10436,0.011953914
10437,0.22863086
10438,0.44468823
10439,0.5588696
10440,0.51162964
10441,0.32924443
10442,0.102792576
10443,0.059983537
10444,0.08914722
10445,0.03362914
10446,0.24357319
10447,0.4511667
10448,0.5431795
10449,0.49139646
10450,0.315341
10451,0.09507568
10452,0.0841285
10453,0.08907759
10454,0.016114695
10455,0.22325839
10456,0.4375667
10457,0.5258907
10458,0.5176379
10459,0.26918447
10460,0.10131116
10461,0.055202708
10462,0.09431447
10463,0.015300065
10464,0.23185337
10465,0.4513158
10466,0.57025343
10467,0.5271558
10468,0.3479182
10469,0.11543243
10470,0.052481394
10471,0.09245833
10472,0.016042454
10473,0.22238764
10474,0.39571136
10475,0.46088642
10476,0.32096684
10477,0.19192952
10478,0.04661898
10479,0.10149175
10480,0.09819954
10481,0.029125914
10482,0.26661897
10483,0.48842236
10484,0.5362649
10485,0.54677635
10486,0.34579265
10487,0.10301697
10488,0.063441224
10489,0.09267666
10490,0.02547129
10491,0.2461994
10492,0.4270114
10493,0.5743147
10494,0.53104347
10495,0.35122502
10496,0.07948427
10497,0.053514834
10498,0.09486989
10499,0.006329955
10500,0.21922973
10501,0.43626234
10502,0.5577171
10503,0.5308612
10504,0.36554885
10505,0.13678622
10506,0.03947323
10507,0.08048877
10508,0.024042614
10509,0.2409076
10510,0.4435098
10511,0.53794026
10512,0.4412632
10513,0.29227507
10514,0.04941106
10515,0.06374583
10516,0.057192475
10517,0.08958796
10518,0.30728838
10519,0.47823468
10520,0.5255176
10521,0.41510278
10522,0.22389343
10523,0.020668298
10524,0.07219491
10525,0.018461699
10526,0.14377354
10527,0.34334654
10528,0.4467257
10529,0.44443986
10530,0.35356307
10531,0.13202062
10532,0.0149364155
10533,0.0861039
10534,0.02921832
10535,0.12266511
10536,0.3180643
10537,0.46959254
10538,0.50600505
10539,0.4120831
10540,0.2257069
10541,0.030481627
10542,0.081364095
10543,0.066173
10544,0.06548967
10545,0.26143116
10546,0.449455
10547,0.5220278
10548,0.4397982
10549,0.2809723
10550,0.07212195
10551,0.08241798
10552,0.08366991
10553,0.028596703
10554,0.22875926
10555,0.43623585
10556,0.5369339
10557,0.49562132
10558,0.32559898
10559,0.107507125
10560,0.051452987
10561,0.085383765
10562,0.016609259
10563,0.21725851
10564,0.41666126
10565,0.5288994
10566,0.42549688
10567,0.3333514
10568,0.11222987
10569,0.051875297
10570,0.090640455
10571,0.0065478403
10572,0.21106102
10573,0.42128417
10574,0.5417964
10575,0.49421772
10576,0.3487032
10577,0.12618147
10578,0.04471707
10579,0.091940805
10580,-0.0014386654
10581,0.20179339
10582,0.41302887
10583,0.4820777
10584,0.43121108
10585,0.25848022
10586,0.03336733
10587,0.08982126
10588,0.12457975
10589,-0.003839342
10590,0.2163265
10591,0.46287817
10592,0.60696733
10593,0.570108
10594,0.38833705
10595,0.07429461
10596,0.051874217
10597,0.09314601
10598,0.019308444
10599,0.25256786
10600,0.47668582
10601,0.58026624
10602,0.5234912
10603,0.3132448
10604,0.10729497
10605,0.059536245
10606,0.091961525
10607,0.022619128
10608,0.23778485
10609,0.43913925
10610,0.5718572
10611,0.52265126
10612,0.3387114
10613,0.10705938
10614,0.067153506
10615,0.086698934
10616,0.019047154
10617,0.23480198
10618,0.44865328
10619,0.49859974
10620,0.37097734
10621,0.27292627
10622,0.056365043
10623,0.06421457
10624,0.096534334
10625,0.016253438
10626,0.24614918
10627,0.47567222
10628,0.59529907
10629,0.49231875
10630,0.3651871
10631,0.08298007
10632,0.097622715
10633,0.10891632
10634,0.028552718
10635,0.24706869
10636,0.47512394
10637,0.6102362
10638,0.5314924
10639,0.31837
10640,0.07140095
10641,0.07603923
10642,0.07401651
10643,0.06414701
10644,0.2940025
10645,0.5021806
10646,0.58194155
10647,0.47106686
10648,0.29199156
10649,0.059613712
10650,0.07936068
10651,0.07895911
10652,0.05463708
10653,0.27361622
10654,0.47162452
10655,0.5641772
10656,0.506244
10657,0.31972045
10658,0.09213308
10659,0.06104853
10660,0.08149085
10661,0.03082096
10662,0.23974556
10663,0.44364408
10664,0.48779902
10665,0.49493834
10666,0.32112372
10667,0.098573424
10668,0.055375297
10669,0.08050909
10670,0.031620923
10671,0.24050361
10672,0.432991
10673,0.46966952
10674,0.4743959
10675,0.3069757
10676,0.0932554
10677,0.057867303
10678,0.07985909
10679,0.03516815
10680,0.24095833
10681,0.40266347
10682,0.397988
10683,0.37969512
10684,0.2423153
10685,0.06409339
10686,0.09462402
10687,0.0807515
10688,0.064906396
10689,0.29264674
10690,0.46739948
10691,0.5498745
10692,0.4302043
10693,0.19181353
10694,0.03924352
10695,0.08837932
10696,0.08727447
10697,0.065398596
10698,0.31586826
10699,0.5362196
10700,0.5676283
10701,0.53855765
10702,0.32226253
10703,0.07757517
10704,0.07978911
10705,0.08854005
10706,0.046109356
10707,0.27540493
10708,0.48690388
10709,0.5863942
10710,0.52997905
10711,0.26885036
10712,0.026952216
10713,0.12305115
10714,0.13183801
10715,0.0009684325
10716,0.20985432
10717,0.43128702
10718,0.54840523
10719,0.50497425
10720,0.3133929
10721,0.11957609
10722,0.045377783
10723,0.09387897
10724,0.0109099485
10725,0.2266481
10726,0.43871096
10727,0.57072777
10728,0.53607595
10729,0.3644354
10730,0.08214536
10731,0.045521613
10732,0.08593933
10733,0.017232621
10734,0.23965256
10735,0.45446083
10736,0.52244437
10737,0.3846555
10738,0.2100703
10739,0.060144827
10740,0.08085356
10741,0.09084037
10742,0.03364002
10743,0.26028734
10744,0.47594285
10745,0.55062294
10746,0.51502657
10747,0.33787817
10748,0.11427551
10749,0.059414282
10750,0.0905153
10751,0.022405982
10752,0.24999079
10753,0.4662221
10754,0.5248833
10755,0.47682312
10756,0.29437926
10757,0.10983468
10758,0.058946554
10759,0.08974258
10760,0.018288111
10761,0.23141679
10762,0.44202513
10763,0.5539011
10764,0.51658666
10765,0.3465594
10766,0.12247796
10767,0.045195993
10768,0.09022359
10769,0.029707119
10770,0.23794246
10771,0.44235662
10772,0.5106233
10773,0.42617676
10774,0.29515645
10775,0.061334286
10776,0.09716833
10777,0.06562502
10778,0.09008543
10779,0.33470905
10780,0.52316993
10781,0.49826747
10782,0.38797098
10783,0.22014
10784,-0.002331978
10785,0.10086363
10786,0.067823045
10787,0.0896216
10788,0.33161914
10789,0.532305
10790,0.5997669
10791,0.48753855
10792,0.30375424
10793,0.06291024
10794,0.08059333
10795,0.084228136
10796,0.045074847
10797,0.2721986
10798,0.48339108
10799,0.5797342
10800,0.49566388
10801,0.00831795
10802,-0.00048444106
10803,0.0011437637
10804,0.09516545
10805,0.2179036
10806,0.1800056
10807,0.061223894
10808,0.0012574899
10809,0.10398184
10810,0.21490599
10811,0.15889901
10812,0.04183759
10813,-1.9763247e-06
10814,0.031072317
10815,0.048561107
10816,0.022821326
10817,0.0002038641
10818,0.013877513
10819,0.029261844
10820,0.027202278
10821,0.0035916113
10822,0.005439509
10823,0.03604116
10824,0.04994409
10825,0.049278587
10826,0.019222278
10827,-0.00027415482
10828,0.0074669407
10829,0.028131397
10830,0.038410395
10831,0.02599469
10832,0.008826862
10833,0.0006757929
10834,0.00017203363
10835,0.00093013555
10836,0.0006176905
10837,0.00014059323
10838,-1.750861e-06
10839,0.00022908975
10840,0.0018539001
10841,0.006169862
10842,0.01143036
10843,0.013089237
10844,0.0085911425
10845,0.0024270564
10846,-0.00013024682
10847,0.0042792703
10848,0.013153496
10849,0.019798465
10850,0.019551428
10851,0.013472045
10852,0.005745268
10853,0.0007983581
10854,-0.00012478238
10855,0.0021235074
10856,0.005419925
10857,0.00832797
10858,0.008782298
10859,0.009730635
10860,0.008295929
10861,0.0062474837
10862,0.0024540736
10863,-5.6230027e-05
10864,0.00017161065
10865,0.003439694
10866,0.00865242
10867,0.013094516
10868,0.013715939
10869,0.014386197
10870,0.0078622615
10871,0.0029303643
10872,4.03756e-05
10873,0.00097453047
10874,0.0062415106
10875,0.012459987
10876,0.016971482
10877,0.017506028
10878,0.013943256
10879,0.0065990216
10880,0.0022728024
10881,0.0002710332
10882,0.00058604905
10883,0.0056741717
10884,0.012546255
10885,0.018223098
10886,0.02000202
10887,0.017258996
10888,0.010502655
10889,0.0029694233
10890,0.0003178807
10891,0.0007822547
10892,0.007541954
10893,0.016359545
10894,0.022541951
10895,0.022642892
10896,0.01644945
10897,0.008363996
10898,0.0012257171
10899,0.0006144564
10900,0.00090438826
10901,0.0066293078
10902,0.014539839
10903,0.021442443
10904,0.02354387
10905,0.018220795
10906,0.012003932
10907,0.0035663208
10908,0.0006101663
10909,0.0007824382
10910,0.008017555
10911,0.018344883
10912,0.025670145
10913,0.026164377
10914,0.020310253
10915,0.011112588
10916,0.0026164881
10917,0.0009795073
10918,0.0010601339
10919,0.009573898
10920,0.02043819
10921,0.027936418
10922,0.028090505
10923,0.020464025
10924,0.011317816
10925,0.0022846912
10926,0.0013058279
10927,0.00026469023
10928,0.0074509513
10929,0.01667552
10930,0.026758756
10931,0.030448247
10932,0.022103837
10933,0.009931011
10934,-0.00020220655
10935,0.0032510671
10936,0.0012903276
10937,0.0083615575
10938,0.022673128
10939,0.032018166
10940,0.034830306
10941,0.03644131
10942,0.02708095
10943,0.00803337
10944,0.004127972
10945,0.001232607
10946,0.0122577585
10947,0.03301442
10948,0.050630152
10949,0.053474657
10950,0.041331653
10951,0.028205955
10952,0.011178233
10953,0.003977212
10954,0.004503705
10955,0.010568103
10956,0.037056226
10957,0.06233917
10958,0.07399519
10959,0.05696853
10960,0.034749947
10961,9.661383e-05
10962,0.0098469425
10963,0.010575706
10964,0.007490768
10965,0.045592565
10966,0.085655324
10967,0.11067504
10968,0.090201184
10969,0.07110995
10970,0.019891616
10971,0.010406436
10972,0.016256416
10973,0.007064328
10974,0.055247564
10975,0.107981786
10976,0.12602967
10977,0.13602725
10978,0.09424964
10979,0.037688505
10980,0.0051720175
10981,0.016122214
10982,0.0066856015
10983,0.059987176
10984,0.116878085
10985,0.14964704
10986,0.14441179
10987,0.10374294
10988,0.032712113
10989,0.015083471
10990,0.023677753
10991,-0.0011108546
10992,0.05630389
10993,0.12239449
10994,0.16977517
10995,0.15135957
10996,0.09631129
10997,0.029331274
10998,0.024503611
10999,0.031701416
11000,0.0064053424
11001,0.04881831
11002,0.11582962
11003,0.17973441
11004,0.21413791
11005,0.17208827
11006,0.08994689
11007,0.008660579
11008,0.03659383
11009,0.018798582
11010,0.04532532
11011,0.13901909
11012,0.19693582
11013,0.24072644
11014,0.21124806
11015,0.12758687
11016,0.031221008
11017,0.03244346
11018,0.042243943
11019,0.012235976
11020,0.112027735
11021,0.20190078
11022,0.26754868
11023,0.2755089
11024,0.21695454
11025,0.09049298
11026,0.013651491
11027,0.051559195
11028,-0.00067896186
11029,0.11180975
11030,0.24071799
11031,0.29856667
11032,0.34089187
11033,0.25736672
11034,0.122947544
11035,0.02003146
11036,0.06926748
11037,0.046190467
11038,0.05201078
11039,0.19743143
11040,0.3397864
11041,0.40683806
11042,0.37687907
11043,0.25828797
11044,0.09795926
11045,0.031859457
11046,0.08197549
11047,0.016889818
11048,0.12193789
11049,0.29701257
11050,0.40987372
11051,0.41788238
11052,0.37112546
11053,0.19460665
11054,0.022449061
11055,0.086281866
11056,0.061850447
11057,0.07001736
11058,0.27770448
11059,0.45894137
11060,0.53121394
11061,0.4574195
11062,0.2723107
11063,0.061148264
11064,0.071381435
11065,0.06387058
11066,0.06855269
11067,0.27819902
11068,0.4602132
11069,0.47797728
11070,0.3863112
11071,0.21860209
11072,0.006517833
11073,0.08853509
11074,0.08726927
11075,0.050819017
11076,0.2739157
11077,0.47028258
11078,0.563737
11079,0.5185675
11080,0.32823792
11081,0.09682761
11082,0.064634226
11083,0.09154944
11084,0.01948839
11085,0.23390776
11086,0.4301917
11087,0.52981985
11088,0.48810014
11089,0.34777215
11090,0.11599291
11091,0.052996434
11092,0.091052204
11093,0.010071939
11094,0.20822491
11095,0.41488254
11096,0.55978894
11097,0.52118635
11098,0.3043576
11099,0.10228242
11100,0.050118394
11101,0.098341905
11102,0.009419417
11103,0.22923627
11104,0.45808962
11105,0.5658355
11106,0.445058
11107,0.34205177
11108,0.10934895
11109,0.05637023
11110,0.088552
11111,0.01984431
11112,0.23595747
11113,0.45132095
11114,0.5580306
11115,0.5146987
11116,0.28885168
11117,0.1069127
11118,0.06613443
11119,0.08802259
11120,0.018762589
11121,0.23845647
11122,0.42151925
11123,0.45923632
11124,0.29883802
11125,0.11149187
11126,0.06406821
11127,0.13721317
11128,0.116611354
11129,0.02337344
11130,0.2806734
11131,0.53061336
11132,0.5946564
11133,0.587424
11134,0.41434073
11135,0.1473526
11136,0.0524021
11137,0.104998894
11138,0.0004849364
11139,0.23020966
11140,0.47511464
11141,0.61780006
11142,0.5861519
11143,0.37567076
11144,0.09884822
11145,0.047006406
11146,0.09703551
11147,0.013423517
11148,0.24615985
11149,0.4709425
11150,0.58148783
11151,0.5346674
11152,0.348519
11153,0.11869928
11154,0.05400518
11155,0.09538733
11156,0.006044463
11157,0.21881793
11158,0.42078853
11159,0.49317494
11160,0.47152275
11161,0.36617905
11162,0.1318344
11163,0.04758101
11164,0.09495508
11165,0.007343948
11166,0.2182911
11167,0.43150038
11168,0.54720134
11169,0.5186351
11170,0.35337707
11171,0.13067302
11172,0.07479537
11173,0.102242485
11174,-0.003006237
11175,0.19312441
11176,0.41106543
11177,0.5378748
11178,0.49574032
11179,0.36818573
11180,0.14291456
11181,0.060159825
11182,0.0946501
11183,-0.00065324083
11184,0.1964096
11185,0.39901063
11186,0.5224837
11187,0.50010324
11188,0.3147652
11189,0.12666388
11190,0.04349243
11191,0.096851096
11192,0.0010166848
11193,0.20304292
11194,0.41798517
11195,0.5305142
11196,0.49800724
11197,0.3367519
11198,0.11720164
11199,0.060063094
11200,0.09077476
11201,0.005755598
11202,0.21799529
11203,0.43248275
11204,0.50994164
11205,0.4202077
11206,0.24252056
11207,-0.0008585308
11208,0.13687477
11209,0.11394048
11210,0.024813116
11211,0.2170092
11212,0.37272492
11213,0.46991453
11214,0.41102374
11215,0.2617561
11216,0.008395534
11217,0.09699856
11218,0.1027176
11219,0.04172145
11220,0.2818962
11221,0.5006252
11222,0.5980015
11223,0.47415182
11224,0.33000252
11225,0.06973873
11226,0.08608804
11227,0.0780794
11228,0.06797623
11229,0.3052758
11230,0.5148171
11231,0.60849583
11232,0.53495514
11233,0.33008084
11234,0.089977406
11235,0.071900256
11236,0.09260553
11237,0.027731434
11238,0.25353283
11239,0.47025743
11240,0.5801727
11241,0.4755278
11242,0.26913202
11243,0.11400549
11244,0.081782505
11245,0.09030261
11246,0.020234974
11247,0.2299013
11248,0.4458393
11249,0.55745196
11250,0.51442
11251,0.34014165
11252,0.060114734
11253,0.052086398
11254,0.09373565
11255,0.005340495
11256,0.21877812
11257,0.43386734
11258,0.5578679
11259,0.5275851
11260,0.3565613
11261,0.12834987
11262,0.045098964
11263,0.09797791
11264,-0.0015013588
11265,0.19324555
11266,0.41294032
11267,0.5028463
11268,0.47835538
11269,0.30026639
11270,0.09420351
11271,0.09802653
11272,0.0988812
11273,0.00403265
11274,0.20161025
11275,0.40434614
11276,0.54348147
11277,0.5213033
11278,0.3553141
11279,0.11057118
11280,0.043017037
11281,0.093374774
11282,-0.0037043928
11283,0.19587258
11284,0.38670477
11285,0.4972634
11286,0.42968744
11287,0.341227
11288,0.13289803
11289,0.045271
11290,0.094303355
11291,0.0052894596
11292,0.21812883
11293,0.46555683
11294,0.5831542
11295,0.5305822
11296,0.33671644
11297,0.09878291
11298,0.05820658
11299,0.058099583
11300,0.08099563
11301,0.29615363
11302,0.4870039
11303,0.46968013
11304,0.42817655
11305,0.21381055
11306,0.006682123
11307,0.079690434
11308,0.0032519298
11309,0.18539609
11310,0.3979008
11311,0.51461065
11312,0.4842058
11313,0.32973742
11314,0.12204862
11315,0.05881629
11316,0.10196485
11317,0.00321904
11318,0.16870973
11319,0.3741282
11320,0.5097032
11321,0.49781132
11322,0.36787522
11323,0.18264526
11324,0.004384781
11325,0.09688069
11326,0.046836942
11327,0.11807925
11328,0.33495593
11329,0.5031955
11330,0.5475377
11331,0.37600172
11332,0.2536209
11333,0.038583256
11334,0.08683272
11335,0.070577055
11336,0.06599519
11337,0.28009796
11338,0.47642276
11339,0.5472273
11340,0.45526898
11341,0.3061054
11342,0.07494378
11343,0.09249494
11344,0.09488085
11345,0.04573413
11346,0.25973743
11347,0.44339895
11348,0.5237225
11349,0.50183433
11350,0.22118898
11351,0.06299241
11352,0.08046389
11353,0.07638433
11354,0.08162735
11355,0.2984629
11356,0.4981823
11357,0.5875364
11358,0.40597525
11359,0.25352523
11360,0.040653843
11361,0.10571718
11362,0.08537198
11363,0.06314597
11364,0.29764232
11365,0.51004434
11366,0.5994616
11367,0.528297
11368,0.329191
11369,0.09219152
11370,0.067501724
11371,0.082042255
11372,0.039978728
11373,0.23312175
11374,0.412378
11375,0.5021616
11376,0.50860614
11377,0.32269487
11378,0.09523964
11379,0.061107475
11380,0.0862663
11381,0.024307063
11382,0.22323868
11383,0.38104188
11384,0.45569018
11385,0.46203297
11386,0.3324239
11387,0.103417285
11388,0.056986395
11389,0.0755999
11390,0.046925686
11391,0.25902644
11392,0.42113668
11393,0.424235
11394,0.40188894
11395,0.12732019
11396,0.0006635159
11397,0.094020955
11398,0.08715805
11399,0.058981378
11400,0.2995776
11401,0.51585895
11402,0.61195296
11403,0.5454308
11404,0.34790668
11405,0.05107684
11406,0.08991558
11407,0.097738944
11408,0.022194322
11409,0.25834838
11410,0.4638732
11411,0.5554703
11412,0.52701527
11413,0.34466684
11414,0.10822281
11415,0.060291898
11416,0.09388403
11417,0.021058423
11418,0.23511972
11419,0.44922367
11420,0.56347364
11421,0.5280473
11422,0.33109364
11423,0.09320551
11424,0.06846313
11425,0.0919977
11426,0.02455622
11427,0.24679413
11428,0.46119717
11429,0.57107997
11430,0.49384415
11431,0.3532934
11432,0.120119825
11433,0.05263049
11434,0.09378405
11435,0.0055859545
11436,0.21982417
11437,0.44095972
11438,0.5573531
11439,0.5211703
11440,0.34553435
11441,0.07791799
11442,0.05327251
11443,0.08222073
11444,0.020082448
11445,0.22217198
11446,0.39363554
11447,0.4572735
11448,0.4720219
11449,0.32459643
11450,0.10542736
11451,0.055685896
11452,0.09695327
11453,0.008919109
11454,0.20375898
11455,0.3914774
11456,0.44443673
11457,0.41615546
11458,0.3088703
11459,0.10230278
11460,0.061694168
11461,0.057757325
11462,0.10008267
11463,0.34345675
11464,0.5439977
11465,0.56942195
11466,0.42473584
11467,0.19069436
11468,0.015405572
11469,0.094936095
11470,0.00784249
11471,0.18419974
11472,0.40666574
11473,0.5240959
11474,0.47109702
11475,0.37893602
11476,0.14973654
11477,0.044554096
11478,0.09567023
11479,0.027583404
11480,0.15613681
11481,0.3776748
11482,0.4783509
11483,0.4321421
11484,0.36114067
11485,0.19520597
11486,0.007143788
11487,0.10023145
11488,0.06541868
11489,0.091006935
11490,0.32058355
11491,0.51238054
11492,0.58294815
11493,0.50179
11494,0.30337733
11495,0.07437037
11496,0.07451179
11497,0.0811587
11498,0.054129705
11499,0.2771351
11500,0.47782606
11501,0.56491876
11502,0.49377152
11503,0.30209905
11504,0.078040496
11505,0.06971677
11506,0.080292486
11507,0.042808674
11508,0.26324454
11509,0.46458215
11510,0.5500393
11511,0.48843488
11512,0.25350896
11513,0.08974005
11514,0.06355001
11515,0.08655239
11516,0.02487056
11517,0.2249713
11518,0.44012365
11519,0.54669136
11520,0.50419456
11521,0.32686162
11522,0.113030486
11523,0.05163641
11524,0.09531582
11525,0.012383966
11526,0.22143362
11527,0.4385507
11528,0.5505677
11529,0.45866525
11530,0.33476862
11531,0.0903906
11532,0.05633234
11533,0.098961174
11534,0.009571056
11535,0.21796398
11536,0.43334234
11537,0.55056036
11538,0.5202096
11539,0.35431105
11540,0.11996788
11541,0.056730602
11542,0.087190084
11543,0.0036713248
11544,0.20198257
11545,0.40663132
11546,0.52283806
11547,0.49765277
11548,0.34153298
11549,0.073252104
11550,0.10093402
11551,0.095420845
11552,0.007177428
11553,0.22455919
11554,0.43796277
11555,0.54101574
11556,0.4933687
11557,0.3108865
11558,0.1031359
11559,0.084235236
11560,0.09029556
11561,0.013060626
11562,0.21918719
11563,0.4281413
11564,0.49175578
11565,0.5092252
11566,0.3415488
11567,0.11866452
11568,0.048696164
11569,0.10059595
11570,0.0048693744
11571,0.21825492
11572,0.43080676
11573,0.5481126
11574,0.50580704
11575,0.33604968
11576,0.06880145
11577,0.07379295
11578,0.0929984
11579,0.0038812156
11580,0.21141857
11581,0.42470095
11582,0.54682267
11583,0.5195152
11584,0.3561765
11585,0.113630794
11586,0.05631447
11587,0.09160425
11588,-0.0015758849
11589,0.20052238
11590,0.375886
11591,0.5017642
11592,0.51137775
11593,0.34847876
11594,0.12264981
11595,0.0458126
11596,0.092146724
11597,0.017270582
11598,0.21873671
11599,0.42051855
11600,0.5260016
11601,0.48948267
11602,0.3267611
11603,0.112823844
11604,0.048468117
11605,0.09232508
11606,0.003075216
11607,0.20248319
11608,0.4082165
11609,0.5289017
11610,0.50306785
11611,0.3379809
11612,0.12751663
11613,0.049167648
11614,0.08950496
11615,-0.002738953
11616,0.19274935
11617,0.4026934
11618,0.52636534
11619,0.50354075
11620,0.3467874
11621,0.13066366
11622,0.039482567
11623,0.09040457
11624,-0.003667
11625,0.1905723
11626,0.39879236
11627,0.5223347
11628,0.5052284
11629,0.35277474
11630,0.13714497
11631,0.036364365
11632,0.089742415
11633,-0.0028284425
11634,0.18401796
11635,0.39347824
11636,0.51595265
11637,0.49780262
11638,0.34746942
11639,0.135001
11640,0.0352755
11641,0.08556197
11642,-0.0041069915
11643,0.18717031
11644,0.3839168
11645,0.51369816
11646,0.4256182
11647,0.34385493
11648,0.07781786
11649,0.07172827
11650,0.090570934
11651,0.010780269
11652,0.21700275
11653,0.42108178
11654,0.5277144
11655,0.48977286
11656,0.3251751
11657,0.08991533
11658,0.05018277
11659,0.09759852
11660,0.0035393005
11661,0.20553681
11662,0.40447414
11663,0.5489743
11664,0.51739866
11665,0.33792573
11666,0.120728806
11667,0.04938706
11668,0.097453296
11669,0.0050697494
11670,0.19498871
11671,0.35925868
11672,0.40568647
11673,0.3194901
11674,0.2259938
11675,0.07673596
11676,0.11780889
11677,0.11278988
11678,0.007998476
11679,0.23966487
11680,0.48031738
11681,0.5919622
11682,0.47323436
11683,0.37409568
11684,0.14423472
11685,0.051584315
11686,0.097602025
11687,0.0014842376
11688,0.21991777
11689,0.41410342
11690,0.51695204
11691,0.54808
11692,0.37625036
11693,0.13965373
11694,0.043349706
11695,0.106668495
11696,-0.0037440904
11697,0.20328839
11698,0.42740008
11699,0.5615969
11700,0.536288
11701,0.35701096
11702,0.1429765
11703,0.03848259
11704,0.091587745
11705,-0.0035784943
11706,0.20422351
11707,0.41895187
11708,0.5404098
11709,0.5152807
11710,0.35493994
11711,0.13442734
11712,0.03929264
11713,0.09294435
11714,0.011063594
11715,0.21467315
11716,0.38733754
11717,0.4948203
11718,0.40854627
11719,0.15887296
11720,0.019954322
11721,0.08121776
11722,0.09591968
11723,0.022560582
11724,0.2495925
11725,0.4758518
11726,0.5973224
11727,0.551131
11728,0.36302143
11729,0.12255183
11730,0.054620035
11731,0.10211612
11732,0.007531649
11733,0.23050256
11734,0.43273976
11735,0.57460743
11736,0.5354692
11737,0.35776967
11738,0.12569098
11739,0.049346194
11740,0.09359087
11741,0.009787261
11742,0.2311126
11743,0.46253496
11744,0.57817495
11745,0.52518684
11746,0.33456352
11747,0.05561689
11748,0.08693915
11749,0.110534124
11750,0.012504346
11751,0.2328064
11752,0.46459895
11753,0.5809009
11754,0.5389182
11755,0.3602673
11756,0.10844056
11757,0.049364567
11758,0.09380696
11759,0.020070886
11760,0.24315125
11761,0.464616
11762,0.57730055
11763,0.46921402
11764,0.25938368
11765,0.095502004
11766,0.067853786
11767,0.09195075
11768,0.02774422
11769,0.24637352
11770,0.46253592
11771,0.51272315
11772,0.43165934
11773,0.18651678
11774,0.05329902
11775,0.112119496
11776,0.09095115
11777,0.05243043
11778,0.28151256
11779,0.50754654
11780,0.6045835
11781,0.46829596
11782,0.2796411
11783,0.04193314
11784,0.06991471
11785,0.007823173
11786,0.19162758
11787,0.41154155
11788,0.5490635
11789,0.43064827
11790,0.2151739
11791,0.0709185
11792,0.08632257
11793,0.08286351
11794,0.031151552
11795,0.23386215
11796,0.44807816
11797,0.5125765
11798,0.52241015
11799,0.34748432
11800,0.123893
11801,0.0442668
11802,0.08365481
11803,0.015101786
11804,0.22672328
11805,0.43810388
11806,0.5515215
11807,0.5016625
11808,0.29421106
11809,0.09481264
11810,0.09296211
11811,0.11563737
11812,-0.0027153501
11813,0.18332005
11814,0.38367543
11815,0.5385239
11816,0.44884807
11817,0.30251977
11818,0.10974256
11819,0.08019932
11820,0.14372766
11821,0.06287532
11822,0.11737171
11823,0.3612634
11824,0.4799472
11825,0.5244983
11826,0.31693232
11827,0.08953503
11828,0.16213678
11829,0.17853798
11830,0.10590536
11831,0.08570128
11832,0.3679166
11833,0.599112
11834,0.7089257
11835,0.5557888
11836,0.3808605
11837,0.10444266
11838,0.07935795
11839,0.102573924
11840,0.03139398
11841,0.27555218
11842,0.5154948
11843,0.61860245
11844,0.54756176
11845,0.3882018
11846,0.109376125
11847,0.093783855
11848,0.10874686
11849,0.0018986017
11850,0.22983637
11851,0.46366242
11852,0.5959011
11853,0.54128295
11854,0.39385274
11855,0.15045469
11856,0.06815782
11857,0.11274857
11858,0.002620204
11859,0.20010544
11860,0.4288684
11861,0.5652381
11862,0.5503758
11863,0.38883856
11864,0.1574063
11865,0.060491245
11866,0.09214595
11867,-0.003473651
11868,0.20041445
11869,0.41434675
11870,0.53781843
11871,0.5157075
11872,0.35728905
11873,0.12826261
11874,0.037890304
11875,0.10174636
11876,0.00023306254
11877,0.18961093
11878,0.40280816
11879,0.5307389
11880,0.51433665
11881,0.2920866
11882,0.07385449
11883,0.041337423
11884,0.09573314
11885,0.0017612758
11886,0.18669502
11887,0.3945652
11888,0.5409505
11889,0.5235275
11890,0.36765498
11891,0.12989233
11892,0.032112762
11893,0.09027869
11894,0.00039596204
11895,0.1849525
11896,0.3862934
11897,0.5195286
11898,0.5051363
11899,0.35431558
11900,0.11493887
11901,0.033111077
11902,0.08990991
11903,0.0010812399
11904,0.18212757
11905,0.38973722
11906,0.49097395
11907,0.47702178
11908,0.35703516
11909,0.13856184
11910,0.035508543
11911,0.0889403
11912,-0.0011402618
11913,0.20388822
11914,0.42529315
11915,0.51162785
11916,0.39120582
11917,0.17717943
11918,0.05670286
11919,0.19004156
11920,0.14326224
11921,0.007900057
11922,0.22187524
11923,0.4138772
11924,0.557088
11925,0.55950963
11926,0.3983937
11927,0.13733208
11928,0.055143602
11929,0.10266355
11930,0.0043163407
11931,0.2237851
11932,0.4319551
11933,0.5927708
11934,0.5688353
11935,0.38006824
11936,0.09623054
11937,0.049423672
11938,0.09943429
11939,0.0013584993
11940,0.19862542
11941,0.4146015
11942,0.57893246
11943,0.55713516
11944,0.29977348
11945,0.1346759
11946,0.049007256
11947,0.08518788
11948,0.028309703
11949,0.24912512
11950,0.45308793
11951,0.547748
11952,0.49482134
11953,0.2820462
11954,0.017348338
11955,0.07735139
11956,0.09172112
11957,0.013959123
11958,0.2304512
11959,0.4436274
11960,0.556127
11961,0.5181959
11962,0.34878564
11963,0.1235831
11964,0.04310171
11965,0.081795886
11966,0.022002298
11967,0.23082373
11968,0.43393022
11969,0.5344566
11970,0.48108733
11971,0.30241477
11972,0.08641021
11973,0.06418754
11974,0.080530785
11975,0.028884549
11976,0.23197491
11977,0.4275989
11978,0.52695733
11979,0.48697254
11980,0.31087634
11981,0.10715616
11982,0.049086653
11983,0.07319322
11984,0.037209313
11985,0.24181485
11986,0.41769567
11987,0.50830895
11988,0.45051584
11989,0.2660851
11990,0.062477455
11991,0.07224295
11992,0.08025276
11993,0.043057274
11994,0.25186658
11995,0.42721188
11996,0.544228
11997,0.48664597
11998,0.3061205
11999,0.08623135
12000,0.071556605
12001,0.08484324
12002,0.027863013
12003,0.2362653
12004,0.44378704
12005,0.512748
12006,0.5083406
12007,0.3236896
12008,0.094777934
12009,0.05942218
12010,0.07188257
12011,0.059732392
12012,0.276292
12013,0.45833415
12014,0.5221478
12015,0.4455156
12016,0.25416076
12017,0.058690898
12018,0.07536359
12019,0.07929931
12020,0.046964597
12021,0.25539932
12022,0.44626898
12023,0.53449607
12024,0.48128372
12025,0.3082479
12026,0.0919811
12027,0.05607108
12028,0.07345211
12029,0.039373107
12030,0.24613728
12031,0.4444119
12032,0.5380052
12033,0.4632692
12034,0.2832699
12035,0.065973945
12036,0.06759431
12037,0.057026625
12038,0.09322951
12039,0.32841322
12040,0.500775
12041,0.5509145
12042,0.42161363
12043,0.14496636
12044,0.04196575
12045,0.100958385
12046,0.042628575
12047,0.12831815
12048,0.34595335
12049,0.53465694
12050,0.5776984
12051,0.44153446
12052,0.2145296
12053,0.001962669
12054,0.10411343
12055,0.034008592
12056,0.13176571
12057,0.34179702
12058,0.49480698
12059,0.5285339
12060,0.42727792
12061,0.2337992
12062,0.030275092
12063,0.0842063
12064,0.06994835
12065,0.063995525
12066,0.27567372
12067,0.46937934
12068,0.5570158
12069,0.49086714
12070,0.2978393
12071,0.046675786
12072,0.0728383
12073,0.07900055
12074,0.04511013
12075,0.24727796
12076,0.4551166
12077,0.54737735
12078,0.49184832
12079,0.3145897
12080,0.04315019
12081,0.06568956
12082,0.08463692
12083,0.029118247
12084,0.2369788
12085,0.4359175
12086,0.4815522
12087,0.4972893
12088,0.32529005
12089,0.1053905
12090,0.06282967
12091,0.08140281
12092,0.03780421
12093,0.2477109
12094,0.44967052
12095,0.54182875
12096,0.47734326
12097,0.289145
12098,0.07057369
12099,0.088114925
12100,0.07235992
12101,0.05835818
12102,0.25228286
12103,0.42391953
12104,0.5239325
12105,0.4538345
12106,0.24046113
12107,0.06328128
12108,0.07060966
12109,0.07907566
12110,0.03999327
12111,0.24877898
12112,0.43997058
12113,0.52741593
12114,0.44654956
12115,0.28097296
12116,0.0894996
12117,0.06493179
12118,0.09613458
12119,0.021969207
12120,0.2365126
12121,0.44638583
12122,0.5618486
12123,0.5231055
12124,0.34682503
12125,0.11719337
12126,0.07680584
12127,0.10839153
12128,0.004102163
12129,0.22119206
12130,0.4675639
12131,0.5417053
12132,0.5400159
12133,0.30108812
12134,0.052847836
12135,0.11799766
12136,0.09766066
12137,0.027271576
12138,0.23998845
12139,0.45082635
12140,0.5379678
12141,0.53818405
12142,0.33394623
12143,0.091337465
12144,0.06325342
12145,0.068348855
12146,0.0780794
12147,0.3163775
12148,0.5128508
12149,0.5680454
12150,0.44303524
12151,0.23917751
12152,0.019296918
12153,0.095975526
12154,0.069717936
12155,0.07987284
12156,0.30856732
12157,0.50242263
12158,0.5799967
12159,0.50339836
12160,0.30670765
12161,0.07752407
12162,0.07673603
12163,0.08496769
12164,0.034851547
12165,0.25052053
12166,0.45883
12167,0.559398
12168,0.50776315
12169,0.3297724
12170,0.105542295
12171,0.057061817
12172,0.08900819
12173,0.013849214
12174,0.22161509
12175,0.43343854
12176,0.49116194
12177,0.42790213
12178,0.2959578
12179,0.036974784
12180,0.070134014
12181,0.100850955
12182,0.003094575
12183,0.20973569
12184,0.4263672
12185,0.56118363
12186,0.5136752
12187,0.3413875
12188,0.13935317
12189,0.046140213
12190,0.09578235
12191,-0.0037159026
12192,0.20817938
12193,0.4275382
12194,0.55387944
12195,0.52992374
12196,0.36710802
12197,0.0855922
12198,0.037011992
12199,0.09396592
12200,-0.00070778094
12201,0.1926856
12202,0.40818474
12203,0.52380043
12204,0.5210856
12205,0.3650383
12206,0.1440073
12207,0.03412321
12208,0.10336043
12209,0.004266091
12210,0.18354139
12211,0.40508604
12212,0.5406154
12213,0.52658254
12214,0.36871564
12215,0.14079294
12216,0.037522223
12217,0.08795306
12218,-0.002044328
12219,0.19442138
12220,0.3815123
12221,0.5235155
12222,0.5003987
12223,0.3344362
12224,0.13147236
12225,0.038794503
12226,0.09772256
12227,-0.0031028495
12228,0.20715548
12229,0.40116042
12230,0.5428914
12231,0.5133526
12232,0.33226693
12233,0.104650475
12234,0.054337796
12235,0.071016155
12236,0.05320464
12237,0.27515107
12238,0.4678841
12239,0.47060037
12240,0.33238062
12241,0.21354896
12242,0.04417944
12243,0.09069753
12244,0.07775024
12245,0.060234986
12246,0.28351626
12247,0.4907367
12248,0.58240986
12249,0.5129367
12250,0.31663787
12251,0.08529313
12252,0.0701871
12253,0.089491986
12254,0.028462652
12255,0.24751925
12256,0.46589392
12257,0.57311994
12258,0.5231195
12259,0.27052817
12260,0.0036725707
12261,0.08233023
12262,0.079112895
12263,0.050900504
12264,0.27084103
12265,0.50079644
12266,0.50788677
12267,0.42876083
12268,0.20816602
12269,0.03421705
12270,0.08819508
12271,0.059231006
12272,0.1101771
12273,0.33583933
12274,0.53913665
12275,0.5888777
12276,0.43625632
12277,0.25214067
12278,0.02575465
12279,0.09093125
12280,0.05950102
12281,0.098345436
12282,0.32143095
12283,0.50064933
12284,0.5608023
12285,0.47460955
12286,0.2384141
12287,0.061561346
12288,0.0787222
12289,0.07784743
12290,0.054719876
12291,0.27189875
12292,0.4671281
12293,0.5542216
12294,0.46635324
12295,0.27601156
12296,0.08550262
12297,0.063534394
12298,0.08766599
12299,0.023881253
12300,0.23499435
12301,0.44103983
12302,0.550282
12303,0.50916135
12304,0.33744895
12305,0.11464657
12306,0.05136419
12307,0.091297224
12308,0.0057013254
12309,0.21095137
12310,0.42104253
12311,0.5416036
12312,0.5157661
12313,0.33021736
12314,0.11225813
12315,0.086281866
12316,0.11172221
12317,0.0009702509
12318,0.19116825
12319,0.4127292
12320,0.5593758
12321,0.5344641
12322,0.36799812
12323,0.13934654
12324,0.039982796
12325,0.09422816
12326,-0.0003572642
12327,0.21016414
12328,0.42273656
12329,0.4938222
12330,0.4503756
12331,0.28066325
12332,0.12751049
12333,0.054950677
12334,0.10267082
12335,0.0016577318
12336,0.211761
12337,0.44439557
12338,0.57262856
12339,0.5401109
12340,0.3618576
12341,0.116007306
12342,0.06799415
12343,0.07660476
12344,0.037336648
12345,0.2513241
12346,0.43792585
12347,0.4916678
12348,0.3828183
12349,0.24234168
12350,0.042717382
12351,0.098288365
12352,0.08520355
12353,0.045482796
12354,0.25784498
12355,0.48267764
12356,0.5803592
12357,0.51994634
12358,0.3323832
12359,0.1014682
12360,0.059316065
12361,0.07961232
12362,0.04186237
12363,0.2557013
12364,0.44951174
12365,0.54271364
12366,0.4866681
12367,0.2786897
12368,0.09072133
12369,0.063158005
12370,0.09470058
12371,0.018340528
12372,0.23614596
12373,0.4442279
12374,0.5498524
12375,0.50081813
12376,0.3361737
12377,0.10332513
12378,0.069736615
12379,0.08772938
12380,0.022518724
12381,0.23852743
12382,0.44859535
12383,0.5523643
12384,0.49595782
12385,0.284713
12386,0.041339338
12387,0.07730275
12388,0.087576166
12389,0.03162148
12390,0.26032457
12391,0.47939596
12392,0.58163947
12393,0.51623297
12394,0.32124197
12395,0.08882918
12396,0.06092782
12397,0.060728874
12398,0.075163744
12399,0.28262782
12400,0.4640891
12401,0.5175339
12402,0.43119
12403,0.24645036
12404,0.044059325
12405,0.0778802
12406,0.074338324
12407,0.049458902
12408,0.26630104
12409,0.44740188
12410,0.54274774
12411,0.48398295
12412,0.30159461
12413,0.081953906
12414,0.060065154
12415,0.059265114
12416,0.08024328
12417,0.30707872
12418,0.4926683
12419,0.54493946
12420,0.36092678
12421,0.116089694
12422,0.036043763
12423,0.099982426
12424,0.048778486
12425,0.120381825
12426,0.34946242
12427,0.49728
12428,0.5798718
12429,0.47275415
12430,0.2598197
12431,0.03858879
12432,0.10539326
12433,0.07722057
12434,0.06914317
12435,0.30479872
12436,0.5181023
12437,0.59785664
12438,0.50784653
12439,0.24716899
12440,0.06668591
12441,0.10917921
12442,0.09535603
12443,0.04136228
12444,0.26234907
12445,0.49466178
12446,0.58058846
12447,0.5426626
12448,0.3148247
12449,0.110889
12450,0.059593543
12451,0.09666162
12452,0.018683845
12453,0.23617606
12454,0.4514148
12455,0.56548154
12456,0.45618686
12457,0.35503826
12458,0.08403345
12459,0.05010132
12460,0.091038175
12461,0.007434171
12462,0.21821173
12463,0.4327491
12464,0.5522778
12465,0.5222245
12466,0.3565377
12467,0.13218932
12468,0.045937326
12469,0.09924096
12470,-0.0039304434
12471,0.19682443
12472,0.41079924
12473,0.5429282
12474,0.45266825
12475,0.2930903
12476,0.086073354
12477,0.03907698
12478,0.095229544
12479,-0.004835377
12480,0.20131165
12481,0.42088732
12482,0.54871196
12483,0.5263697
12484,0.36703545
12485,0.14218226
12486,0.035685994
12487,0.08892193
12488,-0.0004792586
12489,0.20014031
12490,0.41647652
12491,0.5301716
12492,0.50104177
12493,0.33742398
12494,0.087998115
12495,0.045485586
12496,0.09070461
12497,0.0081308205
12498,0.21225326
12499,0.41898426
12500,0.5402061
12501,0.49632996
12502,0.327299
12503,0.10925435
12504,0.051230036
12505,0.079003535
12506,0.026922911
12507,0.22589529
12508,0.41655245
12509,0.5130444
12510,0.46339646
12511,0.26372623
12512,0.046836454
12513,0.08238065
12514,0.09074781
12515,0.0074029802
12516,0.21262245
12517,0.41317427
12518,0.4701973
12519,0.3552493
12520,0.2272701
12521,-0.001406385
12522,0.08683216
12523,0.10323281
12524,0.026980583
12525,0.2596003
12526,0.49372718
12527,0.596005
12528,0.5301464
12529,0.31145716
12530,0.084500015
12531,0.0709429
12532,0.07710629
12533,0.05400215
12534,0.25596625
12535,0.4479213
12536,0.5408023
12537,0.489676
12538,0.30772138
12539,0.08822397
12540,0.060742076
12541,0.079457894
12542,0.040859897
12543,0.25271738
12544,0.42330724
12545,0.5275894
12546,0.46884435
12547,0.29485798
12548,0.06357553
12549,0.063127466
12550,0.085805275
12551,0.025198953
12552,0.23287287
12553,0.4330022
12554,0.5396963
12555,0.49856913
12556,0.3284679
12557,0.10692346
12558,0.053760722
12559,0.08847719
12560,0.010796722
12561,0.21389045
12562,0.4083837
12563,0.5352474
12564,0.50404704
12565,0.34014663
12566,0.121222146
12567,0.04600053
12568,0.09007547
12569,0.0011742613
12570,0.20164403
12571,0.4125899
12572,0.53977007
12573,0.45549527
12574,0.35339874
12575,0.12670448
12576,0.045934055
12577,0.09146342
12578,0.0012668855
12579,0.20408063
12580,0.41496366
12581,0.4953193
12582,0.49378088
12583,0.33070374
12584,0.13270368
12585,0.04192275
12586,0.09256551
12587,-0.004363165
12588,0.19626994
12589,0.4101936
12590,0.53472835
12591,0.51402676
12592,0.35775143
12593,0.13865043
12594,0.034169488
12595,0.08430497
12596,0.0009871176
12597,0.19393685
12598,0.39494643
12599,0.51115024
12600,0.48808822
12601,0.33655185
12602,0.10178974
12603,0.037141528
12604,0.082978845
12605,0.0035363962
12606,0.20416771
12607,0.38845015
12608,0.51266
12609,0.47789207
12610,0.3199774
12611,0.10584557
12612,0.04762835
12613,0.08759948
12614,0.0052875495
12615,0.20116
12616,0.4034879
12617,0.48290712
12618,0.42781186
12619,0.23032439
12620,0.004488861
12621,0.10873049
12622,0.10901949
12623,0.0074920463
12624,0.21631716
12625,0.40847856
12626,0.50464714
12627,0.5253035
12628,0.3589875
12629,0.12186879
12630,0.052917928
12631,0.10258897
12632,0.01654851
12633,0.2462166
12634,0.46656263
12635,0.56928426
12636,0.50702655
12637,0.3351505
12638,0.051471807
12639,0.08609792
12640,0.108084634
12641,0.015087149
12642,0.22547488
12643,0.43479255
12644,0.568194
12645,0.53628284
12646,0.35761178
12647,0.12597956
12648,0.046111092
12649,0.08696151
12650,0.028671756
12651,0.24706756
12652,0.4478193
12653,0.5389327
12654,0.48088494
12655,0.23526168
12656,0.08816201
12657,0.064436525
12658,0.08871746
12659,0.021903643
12660,0.23309427
12661,0.43926248
12662,0.5466033
12663,0.50635797
12664,0.33703434
12665,0.07404979
12666,0.049848903
12667,0.0923225
12668,0.0036444995
12669,0.20952728
12670,0.42892623
12671,0.5597245
12672,0.53071076
12673,0.35635135
12674,0.1102961
12675,0.048072077
12676,0.08913316
12677,0.0140913585
12678,0.22127046
12679,0.42973974
12680,0.53807604
12681,0.5072031
12682,0.34051535
12683,0.11792704
12684,0.047939584
12685,0.09038508
12686,0.010453997
12687,0.19958356
12688,0.3465079
12689,0.4421486
12690,0.44329202
12691,0.33645454
12692,0.10573483
12693,0.056820866
12694,0.090230346
12695,0.016177556
12696,0.22558844
12697,0.43624893
12698,0.5541624
12699,0.522944
12700,0.350101
12701,0.12158871
12702,0.04875137
12703,0.08601266
12704,0.02294426
12705,0.23448446
12706,0.43804112
12707,0.53281164
12708,0.43790412
12709,0.20638189
12710,0.006808474
12711,0.13772318
12712,0.10878938
12713,0.009874464
12714,0.23180053
12715,0.45527273
12716,0.5781982
12717,0.5479976
12718,0.37474862
12719,0.12252014
12720,0.044608243
12721,0.091216624
12722,0.0015867157
12723,0.20049268
12724,0.40368438
12725,0.47000787
12726,0.47474512
12727,0.3503422
12728,0.11846495
12729,0.046108525
12730,0.09035942
12731,0.0036410638
12732,0.20784692
12733,0.42362025
12734,0.5484745
12735,0.5210124
12736,0.35671186
12737,0.1312573
12738,0.042719327
12739,0.0926452
12740,-0.0036691385
12741,0.19824259
12742,0.4107849
12743,0.53526723
12744,0.5141793
12745,0.35742143
12746,0.13899195
12747,0.035923257
12748,0.08428989
12749,0.0076346355
12750,0.20490454
12751,0.4124526
12752,0.5229188
12753,0.48458567
12754,0.2535397
12755,0.055217505
12756,0.10577128
12757,0.106956765
12758,0.012506888
12759,0.23038124
12760,0.4513396
12761,0.5597609
12762,0.51062983
12763,0.2969313
12764,0.10846993
12765,0.056804482
12766,0.08964396
12767,0.014257903
12768,0.23228028
12769,0.42268234
12770,0.5837759
12771,0.5336216
12772,0.33833924
12773,0.09845662
12774,0.065061204
12775,0.07395872
12776,0.056732252
12777,0.2721247
12778,0.45760942
12779,0.49640745
12780,0.47177705
12781,0.26458946
12782,0.07652137
12783,0.068879135
12784,0.09216137
12785,0.027384384
12786,0.2384821
12787,0.4490229
12788,0.5588215
12789,0.5100325
12790,0.3316233
12791,0.1059084
12792,0.057391863
12793,0.08989716
12794,0.0154272
12795,0.21723092
12796,0.38583887
12797,0.45534077
12798,0.46759897
12799,0.25554737
12800,0.0995215
12801,0.06592888
12802,0.09598424
12803,0.0147760175
12804,0.23603782
12805,0.4563533
12806,0.5749094
12807,0.5383337
12808,0.36407152
12809,0.101678476
12810,0.09368011
12811,0.10258858
12812,-0.0043882807
12813,0.20615952
12814,0.4001695
12815,0.50369567
12816,0.53864664
12817,0.3775288
12818,0.083110794
12819,0.052503176
12820,0.098318286
12821,-5.904585e-06
12822,0.22837567
12823,0.45663965
12824,0.5717638
12825,0.5296482
12826,0.3525884
12827,0.12218483
12828,0.07805884
12829,0.09079611
12830,0.0070334314
12831,0.22250862
12832,0.4402829
12833,0.55296135
12834,0.51328766
12835,0.30061108
12836,0.043603677
12837,0.059566878
12838,0.09086044
12839,0.019649178
12840,0.23919657
12841,0.4630217
12842,0.55904245
12843,0.49973294
12844,0.31708834
12845,0.08786635
12846,0.06269689
12847,0.0840034
12848,0.03934528
12849,0.2736631
12850,0.47364864
12851,0.51918304
12852,0.4941461
12853,0.26697627
12854,0.06384638
12855,0.07670059
12856,0.0799878
12857,0.049379747
12858,0.27022073
12859,0.4703672
12860,0.56493115
12861,0.5059341
12862,0.32120705
12863,0.07540334
12864,0.059235983
12865,0.07827089
12866,0.046893854
12867,0.2611452
12868,0.48198292
12869,0.5558705
12870,0.39598414
12871,0.18624502
12872,0.040116467
12873,0.08957938
12874,0.08376997
12875,0.05293277
12876,0.2849287
12877,0.4937568
12878,0.5855308
12879,0.5210955
12880,0.32995826
12881,0.09877411
12882,0.062437646
12883,0.089472525
12884,0.023372333
12885,0.23680915
12886,0.43914643
12887,0.4868903
12888,0.40624723
12889,0.3104814
12890,0.115709946
12891,0.07190465
12892,0.09520899
12893,0.01600027
12894,0.23293835
12895,0.45488477
12896,0.5691655
12897,0.45781174
12898,0.2666215
12899,0.11225609
12900,0.050416786
12901,0.08747438
12902,0.025232047
12903,0.22579779
12904,0.4340085
12905,0.4645653
12906,0.46065333
12907,0.3143819
12908,0.054127987
12909,0.086220816
12910,0.081123084
12911,0.042113993
12912,0.25695038
12913,0.45757875
12914,0.5524066
12915,0.49901682
12916,0.32139847
12917,0.10000072
12918,0.058682937
12919,0.08685027
12920,0.016863743
12921,0.22445746
12922,0.43361968
12923,0.54353726
12924,0.5082528
12925,0.26759025
12926,0.059410717
12927,0.07090332
12928,0.10601789
12929,0.003000204
12930,0.21546352
12931,0.44204146
12932,0.57062495
12933,0.5402132
12934,0.33006683
12935,0.13235538
12936,0.0695646
12937,0.113153815
12938,-0.0017696277
12939,0.21150473
12940,0.40893435
12941,0.56930786
12942,0.49521098
12943,0.303863
12944,0.03580765
12945,0.1430838
12946,0.14402302
12947,0.0018524327
12948,0.18522938
12949,0.34966916
12950,0.47007722
12951,0.48507118
12952,0.28180483
12953,0.11425656
12954,0.052607834
12955,0.098863155
12956,0.030480726
12957,0.27264804
12958,0.51721674
12959,0.6117006
12960,0.5229668
12961,0.34337902
12962,0.04081933
12963,0.072105445
12964,0.095902786
12965,0.03157604
12966,0.2619416
12967,0.4738762
12968,0.5926414
12969,0.54339397
12970,0.35807556
12971,0.08554218
12972,0.053857706
12973,0.09661331
12974,0.0133443205
12975,0.23610742
12976,0.4637942
12977,0.58512014
12978,0.5434762
12979,0.35482964
12980,0.114003204
12981,0.056359783
12982,0.08364278
12983,0.03391197
12984,0.2545904
12985,0.46520728
12986,0.56725544
12987,0.4928592
12988,0.31653664
12989,0.0691527
12990,0.066311836
12991,0.060739953
12992,0.081754014
12993,0.3001199
12994,0.4465719
12995,0.49632552
12996,0.429455
12997,0.17152496
12998,0.0023474458
12999,0.08566089
13000,0.06790298
13001,0.07810979
13002,0.29957718
13003,0.4830316
13004,0.4934839
13005,0.45296767
13006,0.28781518
13007,0.06316374
13008,0.07887708
13009,0.0842366
13010,0.04712846
13011,0.25434738
13012,0.4684272
13013,0.5651983
13014,0.46432352
13015,0.29667276
13016,0.06399091
13017,0.0677209
13018,0.08844181
13019,0.036556203
13020,0.26660064
13021,0.4745871
13022,0.5639835
13023,0.5015743
13024,0.31668043
13025,0.052848343
13026,0.064916134
13027,0.087174684
13028,0.038504023
13029,0.25706944
13030,0.4703451
13031,0.5606888
13032,0.49334598
13033,0.30494753
13034,0.0821728
13035,0.06870934
13036,0.08220171
13037,0.032594383
13038,0.25312993
13039,0.45821124
13040,0.553253
13041,0.5012968
13042,0.323805
13043,0.10088658
13044,0.05360132
13045,0.066196464
13046,0.06403899
13047,0.2582168
13048,0.39400426
13049,0.3758784
13050,0.30201015
13051,0.16240191
13052,0.020647584
13053,0.084423035
13054,0.041356947
13055,0.12934048
13056,0.36528108
13057,0.5399812
13058,0.5598386
13059,0.38434443
13060,0.19484428
13061,0.0032474839
13062,0.09115418
13063,0.01305153
13064,0.15814692
13065,0.36048475
13066,0.4903036
13067,0.4350461
13068,0.34107867
13069,0.1609399
13070,-0.0014715514
13071,0.11426285
13072,0.06732574
13073,0.082559206
13074,0.29184154
13075,0.50239533
13076,0.57183725
13077,0.4856505
13078,0.28703135
13079,0.06306769
13080,0.07820474
13081,0.08003687
13082,0.05083341
13083,0.27919996
13084,0.48776883
13085,0.58162105
13086,0.5087409
13087,0.2803393
13088,0.049489245
13089,0.07700771
13090,0.08704289
13091,0.039025687
13092,0.26380193
13093,0.4743552
13094,0.5765394
13095,0.52434164
13096,0.34148592
13097,0.055678885
13098,0.069839165
13099,0.09185229
13100,0.030594986
13101,0.25492102
13102,0.4722106
13103,0.5767011
13104,0.5110029
13105,0.32064563
13106,0.08486178
13107,0.07050514
13108,0.08759436
13109,0.0403625
13110,0.27328804
13111,0.48748487
13112,0.5724159
13113,0.4797184
13114,0.31723037
13115,0.08498911
13116,0.069857486
13117,0.07889109
13118,0.0531024
13119,0.27113906
13120,0.4536233
13121,0.46587253
13122,0.40319687
13123,0.22102524
13124,0.06594475
13125,0.0787915
13126,0.089595936
13127,0.0398484
13128,0.26763266
13129,0.49406004
13130,0.5373567
13131,0.54439586
13132,0.34314397
13133,0.09991547
13134,0.067160845
13135,0.07766006
13136,0.067180194
13137,0.3070685
13138,0.5156685
13139,0.5644098
13140,0.47697204
13141,0.2519238
13142,0.025648091
13143,0.09279115
13144,0.065778755
13145,0.08350451
13146,0.3063899
13147,0.4568128
13148,0.57199
13149,0.49410477
13150,0.29741973
13151,0.07303264
13152,0.07318712
13153,0.08053851
13154,0.041617945
13155,0.24844436
13156,0.44275066
13157,0.5549649
13158,0.50066686
13159,0.32090077
13160,0.09836148
13161,0.06561266
13162,0.08994802
13163,0.015647147
13164,0.22514293
13165,0.4339668
13166,0.54635715
13167,0.51109403
13168,0.2853606
13169,0.12546915
13170,0.045498174
13171,0.090322666
13172,0.0034172004
13173,0.20532191
13174,0.39369947
13175,0.47122955
13176,0.42944127
13177,0.29431406
13178,0.12615173
13179,0.08136777
13180,0.09528014
13181,0.008687312
13182,0.22057837
13183,0.43538272
13184,0.55383927
13185,0.5225113
13186,0.3562449
13187,0.13118184
13188,0.043408792
13189,0.10151516
13190,-0.00045366492
13191,0.19728678
13192,0.36975205
13193,0.5101219
13194,0.5163058
13195,0.27866465
13196,0.1292349
13197,0.07495625
13198,0.09342138
13199,-0.00054824445
13200,0.20759909
13201,0.42175287
13202,0.5453803
13203,0.52373326
13204,0.28786352
13205,0.13654476
13206,0.043255057
13207,0.10127157
13208,-0.004587451
13209,0.20053369
13210,0.4145197
13211,0.5511634
13212,0.5310144
13213,0.36824998
13214,0.1409496
13215,0.037010733
13216,0.08886186
13217,0.0024854643
13218,0.1841242
13219,0.37321943
13220,0.5165418
13221,0.5004477
13222,0.3405683
13223,0.109337516
13224,0.043641195
13225,0.088861704
13226,0.00783821
13227,0.21748655
13228,0.4251356
13229,0.5197799
13230,0.4970312
13231,0.2631103
13232,0.11065726
13233,0.08123065
13234,0.09296045
13235,0.0067985915
13236,0.21521005
13237,0.42737433
13238,0.54628885
13239,0.5195179
13240,0.28347147
13241,0.071690984
13242,0.051794596
13243,0.09668825
13244,-0.0010090065
13245,0.21191552
13246,0.43477476
13247,0.5442723
13248,0.53051907
13249,0.36238122
13250,0.11267124
13251,0.042408455
13252,0.09454675
13253,-0.0048006685
13254,0.19983548
13255,0.4163486
13256,0.54342383
13257,0.52282655
13258,0.3643786
13259,0.14213169
13260,0.035684988
13261,0.09250089
13262,0.0006942749
13263,0.19099762
13264,0.4134854
13265,0.5098113
13266,0.47731298
13267,0.3391801
13268,0.13212958
13269,0.051093254
13270,0.0935213
13271,-0.0042880387
13272,0.19910474
13273,0.41338563
13274,0.53888863
13275,0.5182123
13276,0.3606911
13277,0.11703092
13278,0.0659874
13279,0.11121856
13280,0.00036042323
13281,0.17885675
13282,0.39084652
13283,0.54010165
13284,0.5209071
13285,0.3130168
13286,0.11031519
13287,0.033633944
13288,0.0932804
13289,-0.0027346294
13290,0.1976426
13291,0.4059478
13292,0.53098
13293,0.5092755
13294,0.35425788
13295,0.13675603
13296,0.036337294
13297,0.089187756
13298,-0.0024798743
13299,0.17917895
13300,0.35631704
13301,0.47567973
13302,0.46095806
13303,0.3451337
13304,0.114695765
13305,0.047127943
13306,0.091913596
13307,0.007027521
13308,0.21186647
13309,0.42703533
13310,0.54663354
13311,0.5106493
13312,0.34017664
13313,0.11511946
13314,0.06628287
13315,0.099541366
13316,0.003401902
13317,0.21692783
13318,0.43578073
13319,0.49739876
13320,0.47258303
13321,0.29038322
13322,0.09523741
13323,0.04895812
13324,0.08831124
13325,0.030947171
13326,0.26096296
13327,0.47610265
13328,0.5632702
13329,0.50469714
13330,0.3037995
13331,0.06751499
13332,0.06912191
13333,0.064943336
13334,0.07340826
13335,0.28992912
13336,0.48871407
13337,0.51039577
13338,0.38934112
13339,0.24488337
13340,0.006619686
13341,0.08451654
13342,0.048434407
13343,0.123645976
13344,0.3690798
13345,0.5520809
13346,0.5780172
13347,0.4397232
13348,0.20728882
13349,-0.0014472229
13350,0.07805729
13351,-0.0011910594
13352,0.20221364
13353,0.42058396
13354,0.47823232
13355,0.49819735
13356,0.25666597
13357,0.08582522
13358,0.04590163
13359,0.070669554
13360,0.04466202
13361,0.24676034
13362,0.43274635
13363,0.510454
13364,0.45154902
13365,0.28282756
13366,0.03320039
13367,0.083390534
13368,0.08654677
13369,0.008831395
13370,0.1880016
13371,0.33479592
13372,0.43247142
13373,0.37545115
13374,0.13751344
13375,0.035269864
13376,0.11443622
13377,0.14932728
13378,0.046939008
13379,0.14872849
13380,0.373957
13381,0.5811992
13382,0.61345744
13383,0.5345422
13384,0.29557672
13385,0.045843728
13386,0.09610554
13387,0.08404131
13388,0.067928314
13389,0.30700803
13390,0.52562284
13391,0.6116509
13392,0.544709
13393,0.3417267
13394,0.09914597
13395,0.06812557
13396,0.0906224
13397,0.03205924
13398,0.26150665
13399,0.4718814
13400,0.5820014
13401,0.5223992
13402,0.33520123
13403,0.10384726
13404,0.059562508
13405,0.08951564
13406,0.018275037
13407,0.23002556
13408,0.40769348
13409,0.5031072
13410,0.46885258
13411,0.26845407
13412,0.11531381
13413,0.05408717
13414,0.095069125
13415,0.006828236
13416,0.22042635
13417,0.43796656
13418,0.507146
13419,0.5052802
13420,0.36494678
13421,0.13204458
13422,0.047055446
13423,0.09614554
13424,0.0067334245
13425,0.21509044
13426,0.42754373
13427,0.551816
13428,0.52183545
13429,0.32202473
13430,0.12955448
13431,0.059061263
13432,0.09037973
13433,0.0047829486
13434,0.21954224
13435,0.40303314
13436,0.50267804
13437,0.41319448
13438,0.17927092
13439,0.03286415
13440,0.09467317
13441,0.08481279
13442,0.048636373
13443,0.2809274
13444,0.46633282
13445,0.52518064
13446,0.48026696
13447,0.19492896
13448,0.041792896
13449,0.11843446
13450,0.09035845
13451,0.05813836
13452,0.29602984
13453,0.4895277
13454,0.60972756
13455,0.54212666
13456,0.34233296
13457,0.09774251
13458,0.068872504
13459,0.094027184
13460,0.023915619
13461,0.2481561
13462,0.46634355
13463,0.580464
13464,0.50667197
13465,0.2533052
13466,0.07855821
13467,0.073065326
13468,0.11173985
13469,-0.0012885518
13470,0.21354896
13471,0.433287
13472,0.6022799
13473,0.57012755
13474,0.383771
13475,0.13742614
13476,0.04781071
13477,0.09574299
13478,0.012743789
13479,0.23101339
13480,0.4481932
13481,0.521146
13482,0.5300918
13483,0.32037488
13484,0.12615173
13485,0.04924539
13486,0.09468015
13487,0.008228026
13488,0.22704633
13489,0.42946482
13490,0.5652621
13491,0.5278703
13492,0.34894213
13493,0.062533885
13494,0.04844451
13495,0.08163211
13496,0.02508634
13497,0.21861534
13498,0.4243499
13499,0.53595155
13500,0.47568834
13501,0.23557305
13502,0.09260029
13503,0.05724632
13504,0.10082685
13505,0.015200808
13506,0.24022491
13507,0.45898905
13508,0.5635454
13509,0.44221988
13510,0.30319023
13511,0.104539834
13512,0.079901926
13513,0.09389119
13514,0.0119741745
13515,0.22682787
13516,0.4217918
13517,0.5627159
13518,0.51990694
13519,0.35692185
13520,0.1287787
13521,0.04585351
13522,0.09368678
13523,-0.0010282595
13524,0.21165141
13525,0.4191799
13526,0.48471212
13527,0.50589234
13528,0.35293108
13529,0.12187184
13530,0.05080723
13531,0.0880182
13532,0.010644731
13533,0.2159592
13534,0.42347103
13535,0.51809394
13536,0.45401424
13537,0.34694833
13538,0.09010199
13539,0.046375077
13540,0.092836194
13541,-0.00042459927
13542,0.21278705
13543,0.4329176
13544,0.560747
13545,0.5271964
13546,0.35071585
13547,0.12068142
13548,0.04881914
13549,0.08887114
13550,0.009855575
13551,0.21582606
13552,0.41085488
13553,0.5412139
13554,0.50104135
13555,0.3457078
13556,0.1250865
13557,0.043564253
13558,0.08971913
13559,0.00070983125
13560,0.19963437
13561,0.41139138
13562,0.52244264
13563,0.4255357
13564,0.3376753
13565,0.1271169
13566,0.04561284
13567,0.09423815
13568,0.014030162
13569,0.21759291
13570,0.42091605
13571,0.48024553
13572,0.47550893
13573,0.24800755
13574,0.09828753
13575,0.05023217
13576,0.09973488
13577,0.0047284183
13578,0.2109255
13579,0.422582
13580,0.5476215
13581,0.519267
13582,0.3257583
13583,0.13086583
13584,0.04084353
13585,0.08809101
13586,0.013233015
13587,0.21748054
13588,0.39149562
13589,0.42091596
13590,0.38830665
13591,0.14133376
13592,0.102576986
13593,0.15043502
13594,0.13535978
13595,0.0013865232
13596,0.23980635
13597,0.50307775
13598,0.6338505
13599,0.5598688
13600,0.3231458
13601,0.051916238
13602,0.11036745
13603,0.13727614
13604,0.0007649581
13605,0.22113663
13606,0.47271702
13607,0.6203697
13608,0.5246684
13609,0.43225068
13610,0.17307074
13611,0.042502522
13612,0.1008138
13613,0.002487849
13614,0.19468868
13615,0.41564003
13616,0.58088714
13617,0.5650885
13618,0.39621
13619,0.15453264
13620,0.03711299
13621,0.095631205
13622,0.00014616642
13623,0.1967303
13624,0.39570418
13625,0.5408186
13626,0.53909725
13627,0.32834762
13628,0.08773886
13629,0.09993736
13630,0.12046715
13631,-0.0013627091
13632,0.17337099
13633,0.35302654
13634,0.37914833
13635,0.38138917
13636,0.119477674
13637,0.04573195
13638,0.12955901
13639,0.13716473
13640,-0.0061897556
13641,0.24497223
13642,0.4927687
13643,0.5467367
13644,0.55625415
13645,0.29388732
13646,0.06050774
13647,0.095138684
13648,0.12535375
13649,0.006927123
13650,0.26309502
13651,0.52077705
13652,0.66975147
13653,0.63401055
13654,0.4333329
13655,0.16364972
13656,0.041952595
13657,0.09423234
13658,0.027033461
13659,0.27953535
13660,0.48828268
13661,0.5965782
13662,0.45370826
13663,0.3040077
13664,0.065199696
13665,0.08145375
13666,0.0628029
13667,0.08981985
13668,0.3257513
13669,0.51455677
13670,0.5054274
13671,0.43113583
13672,0.2602504
13673,0.0045035463
13674,0.09180753
13675,0.09021259
13676,0.054512046
13677,0.2817207
13678,0.4913352
13679,0.58323663
13680,0.5200929
13681,0.33010432
13682,0.09879958
13683,0.078595646
13684,0.08745347
13685,0.032693107
13686,0.2503668
13687,0.4548884
13688,0.5554263
13689,0.5065932
13690,0.33070043
13691,0.10760466
13692,0.05295954
13693,0.081547864
13694,0.02825749
13695,0.2323034
13696,0.4313547
13697,0.53305125
13698,0.46334672
13699,0.29849708
13700,0.101514556
13701,0.08321354
13702,0.0964554
13703,0.014018785
13704,0.22108732
13705,0.42572704
13706,0.53382844
13707,0.49707517
13708,0.33275208
13709,0.1158442
13710,0.047916792
13711,0.08991135
13712,0.0029494683
13713,0.20327213
13714,0.41677988
13715,0.5245973
13716,0.45696062
13717,0.30435276
13718,0.124283224
13719,0.06386161
13720,0.088856146
13721,0.0060588056
13722,0.20701961
13723,0.42086828
13724,0.53820866
13725,0.50951576
13726,0.34829527
13727,0.1296903
13728,0.051772676
13729,0.094213665
13730,0.00011314172
13731,0.19828492
13732,0.40470028
13733,0.49182168
13734,0.45818752
13735,0.34465417
13736,0.12984903
13737,0.04143954
13738,0.091463804
13739,-0.00452921
13740,0.19680291
13741,0.41089857
13742,0.5331263
13743,0.51075447
13744,0.35310033
13745,0.13226943
13746,0.040121395
13747,0.09139968
13748,0.0010936786
13749,0.19184689
13750,0.4031918
13751,0.5261743
13752,0.5010608
13753,0.3446014
13754,0.12902693
13755,0.04011732
13756,0.09189133
13757,-0.004232779
13758,0.1975403
13759,0.39938262
13760,0.5386944
13761,0.49550623
13762,0.33727336
13763,0.07135861
13764,0.047713187
13765,0.08856976
13766,0.008979263
13767,0.21174161
13768,0.41964662
13769,0.5402532
13770,0.4953263
13771,0.3424611
13772,0.08113332
13773,0.083126776
13774,0.095636725
13775,0.0009548799
13776,0.21196827
13777,0.43763223
13778,0.5657366
13779,0.54154277
13780,0.36072907
13781,0.06715042
13782,0.04787249
13783,0.073497586
13784,0.046857737
13785,0.26816827
13786,0.46569797
13787,0.54522914
13788,0.46839786
13789,0.27578002
13790,0.027599676
13791,0.077115454
13792,0.07814467
13793,0.05346793
13794,0.27675363
13795,0.45444873
13796,0.55677193
13797,0.48810825
13798,0.29548815
13799,0.040227704
13800,0.08401434
13801,0.076819316
13802,0.052286588
13803,0.2593582
13804,0.46332037
13805,0.54870117
13806,0.47990614
13807,0.2906701
13808,0.070547596
13809,0.07256857
13810,0.084231384
13811,0.03531208
13812,0.24880429
13813,0.4177945
13814,0.5143256
13815,0.50060326
13816,0.32896444
13817,0.103189714
13818,0.054801464
13819,0.077146605
13820,0.040470637
13821,0.2585483
13822,0.46064663
13823,0.5485649
13824,0.44274366
13825,0.29217622
13826,0.06763432
13827,0.09218407
13828,0.072262876
13829,0.061436415
13830,0.26660472
13831,0.4466407
13832,0.5256523
13833,0.4651226
13834,0.28683046
13835,0.07311428
13836,0.07690778
13837,0.08401277
13838,0.028236695
13839,0.23887017
13840,0.40799043
13841,0.4648166
13842,0.42548382
13843,0.20122902
13844,0.06299063
13845,0.093162395
13846,0.1020985
13847,0.017132387
13848,0.24839075
13849,0.48088518
13850,0.5906306
13851,0.54906505
13852,0.34273192
13853,0.10386929
13854,0.061253775
13855,0.09554896
13856,0.015805786
13857,0.23676403
13858,0.45627928
13859,0.57876706
13860,0.5432722
13861,0.31987152
13862,0.13009737
13863,0.049904924
13864,0.096618645
13865,0.0016525327
13866,0.21510419
13867,0.42428485
13868,0.5516451
13869,0.5379495
13870,0.3648155
13871,0.078038454
13872,0.079925254
13873,0.09046804
13874,0.007946936
13875,0.228985
13876,0.4242581
13877,0.491864
13878,0.40709466
13879,0.2470639
13880,0.024719538
13881,0.1456018
13882,0.11702839
13883,0.011118107
13884,0.22931851
13885,0.40901512
13886,0.4042365
13887,0.39049333
13888,0.27368027
13889,0.0942972
13890,0.07346862
13891,0.1018308
13892,0.05018476
13893,0.3222641
13894,0.560966
13895,0.6537225
13896,0.57188517
13897,0.35325244
13898,0.08996823
13899,0.07228443
13900,0.091915324
13901,0.0328305
13902,0.25738713
13903,0.48162878
13904,0.5899504
13905,0.5417283
13906,0.3561456
13907,0.12016774
13908,0.051440634
13909,0.079871744
13910,0.03775535
13911,0.25060782
13912,0.45324892
13913,0.5483255
13914,0.490007
13915,0.2835033
13916,0.04396511
13917,0.10308535
13918,0.079953104
13919,0.046761654
13920,0.26392627
13921,0.44377267
13922,0.5021733
13923,0.47278845
13924,0.29997692
13925,0.0821254
13926,0.06751677
13927,0.08521654
13928,0.034670256
13929,0.2607668
13930,0.4691279
13931,0.5566594
13932,0.4828952
13933,0.30629092
13934,0.08276273
13935,0.06593764
13936,0.08452067
13937,0.03063974
13938,0.24128954
13939,0.44666922
13940,0.54759085
13941,0.50823796
13942,0.32990918
13943,0.10463135
13944,0.056509804
13945,0.08539597
13946,0.018640714
13947,0.22326186
13948,0.42555073
13949,0.5167763
13950,0.5062247
13951,0.33646187
13952,0.11452772
13953,0.058739994
13954,0.08107184
13955,0.018382818
13956,0.22451052
13957,0.42913914
13958,0.52805626
13959,0.4811391
13960,0.2422834
13961,0.09657791
13962,0.058475368
13963,0.09371455
13964,0.019591372
13965,0.2260399
13966,0.41951957
13967,0.5387295
13968,0.4854019
13969,0.33488402
13970,0.07525184
13971,0.08199059
13972,0.11142405
13973,-0.0008035535
13974,0.20326757
13975,0.41994977
13976,0.5437972
13977,0.5201519
13978,0.35996684
13979,0.1286551
13980,0.03680999
13981,0.090479985
13982,0.00086579984
13983,0.19930944
13984,0.40535876
13985,0.47240865
13986,0.5051471
13987,0.2764784
13988,0.027622815
13989,0.11475016
13990,0.13363938
13991,0.006690784
13992,0.17370763
13993,0.3184767
13994,0.42487043
13995,0.43836048
13996,0.34225965
13997,0.13434415
13998,0.05047951
13999,0.1019118
14000,0.0021543158
14001,0.22539508
14002,0.45649502
14003,0.56507516
14004,0.53344375
14005,0.36562592
14006,0.14501192
14007,0.04268306
14008,0.0981072
14009,-0.0031878473
14010,0.21482892
14011,0.45026863
14012,0.59001267
14013,0.5593905
14014,0.37235722
14015,0.08919161
14016,0.054031406
14017,0.08846348
14018,0.030006632
14019,0.23446056
14020,0.45444158
14021,0.57485
14022,0.5116415
14023,0.2556409
14024,0.04305757
14025,0.06862062
14026,0.093138136
14027,0.03224803
14028,0.25534314
14029,0.4675256
14030,0.5732371
14031,0.52685994
14032,0.34772772
14033,0.059720065
14034,0.054528013
14035,0.09480013
14036,0.01402735
14037,0.23660639
14038,0.45373455
14039,0.5510494
14040,0.462344
14041,0.28316015
14042,0.011663032
14043,0.094836846
14044,0.10428857
14045,0.002826484
14046,0.22455749
14047,0.45216152
14048,0.5807699
14049,0.5521104
14050,0.38028133
14051,0.1461117
14052,0.03986039
14053,0.095411904
14054,-0.0016804221
14055,0.19718206
14056,0.41641888
14057,0.54268235
14058,0.52973336
14059,0.29837966
14060,0.14616977
14061,0.036128417
14062,0.09354974
14063,-0.00046625454
14064,0.18893357
14065,0.36212143
14066,0.5059437
14067,0.5101025
14068,0.35968456
14069,0.13548115
14070,0.03845985
14071,0.09143924
14072,-0.0041869264
14073,0.19511129
14074,0.40544328
14075,0.5289803
14076,0.5084196
14077,0.35453793
14078,0.1368335
14079,0.03843716
14080,0.09080442
14081,-0.0035454258
14082,0.19012064
14083,0.40313345
14084,0.5203424
14085,0.5114957
14086,0.35170156
14087,0.12979491
14088,0.046088777
14089,0.08697892
14090,0.011375357
14091,0.2093297
14092,0.40132642
14093,0.5143755
14094,0.48161617
14095,0.31033263
14096,0.11417792
14097,0.044792324
14098,0.07882763
14099,0.030785019
14100,0.23815425
14101,0.43502095
14102,0.5209493
14103,0.38981807
14104,0.28510264
14105,0.07207997
14106,0.06865609
14107,0.082363024
14108,0.032707628
14109,0.23680595
14110,0.43842012
14111,0.49255103
14112,0.36522993
14113,0.15336058
14114,0.02738345
14115,0.07447996
14116,0.097705975
14117,0.022538995
14118,0.2547962
14119,0.4888455
14120,0.6114102
14121,0.5560565
14122,0.3291947
14123,0.08433806
14124,0.11050299
14125,0.106303796
14126,0.020824203
14127,0.24961089
14128,0.4731866
14129,0.5328109
14130,0.51489186
14131,0.3706448
14132,0.12845339
14133,0.052173205
14134,0.0968319
14135,0.008955821
14136,0.23492159
14137,0.47080046
14138,0.5918977
14139,0.5450635
14140,0.35520542
14141,0.09489484
14142,0.057749983
14143,0.0921124
14144,0.02314983
14145,0.23478329
14146,0.44194633
14147,0.54959583
14148,0.50910926
14149,0.3353586
14150,0.11668246
14151,0.050115768
14152,0.0879906
14153,0.013946418
14154,0.22308174
14155,0.42780235
14156,0.49872944
14157,0.50214744
14158,0.29333025
14159,0.10868583
14160,0.0477247
14161,0.082084976
14162,0.023231516
14163,0.23212656
14164,0.43928063
14165,0.51235133
14166,0.47844353
14167,0.3041711
14168,0.06781031
14169,0.07794061
14170,0.08827854
14171,0.01787085
14172,0.22480522
14173,0.41822666
14174,0.5569738
14175,0.5078687
14176,0.34003398
14177,0.08624506
14178,0.055830766
14179,0.091653876
14180,0.010905705
14181,0.22135201
14182,0.40934893
14183,0.48847774
14184,0.48399425
14185,0.35189256
14186,0.11738921
14187,0.06562773
14188,0.102302335
14189,0.0042989324
14190,0.20377152
14191,0.40804133
14192,0.56418204
14193,0.5262957
14194,0.34112895
14195,0.11131405
14196,0.07367945
14197,0.096423954
14198,0.031141857
14199,0.23156801
14200,0.3882787
14201,0.46974742
14202,0.3184532
14203,0.15671606
14204,0.018036997
14205,0.09644643
14206,0.092077
14207,0.048205227
14208,0.28955233
14209,0.50271535
14210,0.6351992
14211,0.5690644
14212,0.35353968
14213,0.09632732
14214,0.070986725
14215,0.08609851
14216,0.04028703
14217,0.26503247
14218,0.47565863
14219,0.5795375
14220,0.5276928
14221,0.34273368
14222,0.10944742
14223,0.088853955
14224,0.10365923
14225,0.0086963065
14226,0.2197601
14227,0.444865
14228,0.5652692
14229,0.532341
14230,0.36211464
14231,0.13407286
14232,0.040282
14233,0.08663362
14234,0.016133219
14235,0.22306916
14236,0.40047264
14237,0.48796844
14238,0.48230398
14239,0.23018523
14240,0.06289149
14241,0.080182955
14242,0.09148314
14243,0.023690239
14244,0.24249715
14245,0.46349478
14246,0.57409984
14247,0.5216847
14248,0.3466612
14249,0.117017984
14250,0.05302595
14251,0.09719749
14252,0.00828075
14253,0.21640256
14254,0.39718816
14255,0.5178541
14256,0.49633414
14257,0.35346553
14258,0.12575756
14259,0.044768695
14260,0.09119663
14261,0.0025727209
14262,0.20583469
14263,0.41768947
14264,0.544119
14265,0.5204234
14266,0.35381055
14267,0.1287188
14268,0.04341005
14269,0.090427324
14270,0.0012915418
14271,0.19995885
14272,0.41031015
14273,0.53135085
14274,0.5108402
14275,0.34920284
14276,0.1290479
14277,0.04217147
14278,0.091473185
14279,0.002715568
14280,0.20754948
14281,0.41779116
14282,0.5379502
14283,0.50961626
14284,0.2710913
14285,0.12184039
14286,0.049361736
14287,0.09140687
14288,0.0046109436
14289,0.21085009
14290,0.3964263
14291,0.5325846
14292,0.52182823
14293,0.3540454
14294,0.100320324
14295,0.04663407
14296,0.088327274
14297,0.0054091597
14298,0.21152176
14299,0.42729548
14300,0.554729
14301,0.5275993
14302,0.3291352
14303,0.061992332
14304,0.057287764
14305,0.07677604
14306,0.04299811
14307,0.2469323
14308,0.44893834
14309,0.50805527
14310,0.47949752
14311,0.30248144
14312,0.0870015
14313,0.06302338
14314,0.087721534
14315,0.02378396
14316,0.22011743
14317,0.38225487
14318,0.4891967
14319,0.5002168
14320,0.3231307
14321,0.10117292
14322,0.058311995
14323,0.08760219
14324,0.016441915
14325,0.23093256
14326,0.44301012
14327,0.5490189
14328,0.44411263
14329,0.3324207
14330,0.09382044
14331,0.05624005
14332,0.09167366
14333,0.010766618
14334,0.21916789
14335,0.43946242
14336,0.5653822
14337,0.5331372
14338,0.3539588
14339,0.063432544
14340,0.09624996
14341,0.09174744
14342,0.017900305
14343,0.22873548
14344,0.44088274
14345,0.5522211
14346,0.49984327
14347,0.34647804
14348,0.11552934
14349,0.04827149
14350,0.0876673
14351,0.007851917
14352,0.21503234
14353,0.43034396
14354,0.5411794
14355,0.5036118
14356,0.27012968
14357,0.012721402
14358,0.076836705
14359,0.10278188
14360,0.0011768634
14361,0.20595618
14362,0.43321866
14363,0.5579369
14364,0.528586
14365,0.3620914
14366,0.114765234
14367,0.041440677
14368,0.094230995
14369,-0.004196124
14370,0.19645123
14371,0.42210114
14372,0.5014292
14373,0.44380555
14374,0.35001618
14375,0.1119446
14376,0.07845527
14377,0.103190646
14378,-0.0030202025
14379,0.20879869
14380,0.42488477
14381,0.54794985
14382,0.5474861
14383,0.37829214
14384,0.086462446
14385,0.038273342
14386,0.0975017
14387,-0.00022867089
14388,0.19835515
14389,0.4004857
14390,0.52252734
14391,0.5412606
14392,0.37630472
14393,0.14645606
14394,0.03632416
14395,0.08727115
14396,0.0047019892
14397,0.2045454
14398,0.409714
14399,0.4770739
14400,0.5034052
14401,0.3424648
14402,0.12512216
14403,0.07324627
14404,0.09193793
14405,-0.004097245
14406,0.19622405
14407,0.38659388
14408,0.53376776
14409,0.51453376
14410,0.34673128
14411,0.13617003
14412,0.03875316
14413,0.092073455
14414,-0.0023621134
14415,0.19121163
14416,0.403129
14417,0.53140384
14418,0.51298535
14419,0.31632206
14420,0.1405325
14421,0.036301013
14422,0.091071114
14423,-0.004390706
14424,0.1927191
14425,0.40538546
14426,0.53317124
14427,0.51080996
14428,0.35203406
14429,0.13319558
14430,0.038768005
14431,0.08830837
14432,-0.0013629901
14433,0.19471517
14434,0.4036491
14435,0.5128347
14436,0.49470657
14437,0.32342294
14438,0.11315256
14439,0.05488134
14440,0.08698806
14441,0.015084286
14442,0.22002959
14443,0.41226667
14444,0.5365491
14445,0.4635219
14446,0.34265214
14447,0.119476594
14448,0.04881715
14449,0.09176006
14450,0.0046437616
14451,0.1944337
14452,0.3878819
14453,0.5411485
14454,0.5213611
14455,0.35173813
14456,0.124420516
14457,0.04815044
14458,0.09176732
14459,0.0095872
14460,0.22881438
14461,0.45512635
14462,0.5688219
14463,0.5140818
14464,0.25390702
14465,0.08102355
14466,0.07035667
14467,0.09433821
14468,0.022062939
14469,0.21632677
14470,0.38179877
14471,0.36594376
14472,0.30670297
14473,0.15445794
14474,0.015167494
14475,0.09250709
14476,0.112943545
14477,0.025586575
14478,0.27093378
14479,0.47532806
14480,0.5851976
14481,0.595502
14482,0.38371283
14483,0.122772366
14484,0.07409168
14485,0.09876725
14486,0.015792362
14487,0.23743472
14488,0.46505794
14489,0.60070086
14490,0.5620418
14491,0.37928075
14492,0.13644192
14493,0.04632071
14494,0.10107504
14495,0.00081374403
14496,0.21598895
14497,0.43527922
14498,0.5640965
14499,0.5379254
14500,0.3669566
14501,0.13450366
14502,0.044201497
14503,0.10046012
14504,0.0021730084
14505,0.22364625
14506,0.44366342
14507,0.56093305
14508,0.45573837
14509,0.23844513
14510,0.01632012
14511,0.12050426
14512,0.10313213
14513,0.012878931
14514,0.24072905
14515,0.4826764
14516,0.607007
14517,0.55298996
14518,0.3563038
14519,0.053412095
14520,0.05961099
14521,0.092644006
14522,0.02086383
14523,0.2431854
14524,0.45969358
14525,0.57482517
14526,0.5327576
14527,0.35404187
14528,0.12217729
14529,0.05103568
14530,0.0942029
14531,0.0038673156
14532,0.2139374
14533,0.4191624
14534,0.5528642
14535,0.51134765
14536,0.27759138
14537,0.07747933
14538,0.07923658
14539,0.1066142
14540,0.008496628
14541,0.20150775
14542,0.3208778
14543,0.32490677
14544,0.24373992
14545,0.0845254
14546,0.040525332
14547,0.12735021
14548,0.10712077
14549,0.04595774
14550,0.31325853
14551,0.56117725
14552,0.6833836
14553,0.6233961
14554,0.4055247
14555,0.13357304
14556,0.06147355
14557,0.10512046
14558,0.009915706
14559,0.2460445
14560,0.48496345
14561,0.6148098
14562,0.5779159
14563,0.39488754
14564,0.11112391
14565,0.043670323
14566,0.106917255
14567,-0.002841549
14568,0.21716288
14569,0.45601535
14570,0.58658874
14571,0.5531792
14572,0.37815437
14573,0.1413794
14574,0.043583993
14575,0.093871415
14576,0.0021181782
14577,0.21716629
14578,0.43294132
14579,0.494346
14580,0.46137893
14581,0.35420457
14582,0.124825515
14583,0.075404674
14584,0.107649155
14585,-0.0026514917
14586,0.21242703
14587,0.44141847
14588,0.57109517
14589,0.5093377
14590,0.36453223
14591,0.12856857
14592,0.06559462
14593,0.08863457
14594,0.025193067
14595,0.25557223
14596,0.47444868
14597,0.5791094
14598,0.45835662
14599,0.27569896
14600,0.028959006
14601,0.07579701
14602,0.09096601
14603,0.03882123
14604,0.25666112
14605,0.47875842
14606,0.52108985
14607,0.5320772
14608,0.3157392
14609,0.038949538
14610,0.108859956
14611,0.12132511
14612,0.0032251794
14613,0.19290021
14614,0.3492876
14615,0.4534976
14616,0.27544862
14617,0.17213544
14618,0.021762738
14619,0.1380648
14620,0.11909725
14621,0.02393025
14622,0.28525355
14623,0.5383852
14624,0.6706633
14625,0.6263869
14626,0.370386
14627,0.10870319
14628,0.063046284
14629,0.1023204
14630,0.004817353
14631,0.22937602
14632,0.47141722
14633,0.6022004
14634,0.57019436
14635,0.3914041
14636,0.14888324
14637,0.04136692
14638,0.09748145
14639,-0.0034269588
14640,0.20431907
14641,0.43123373
14642,0.56815
14643,0.5299773
14644,0.3795202
14645,0.14486632
14646,0.03583568
14647,0.076991186
14648,0.031619426
14649,0.22167125
14650,0.4174238
14651,0.5310364
14652,0.4493296
14653,0.28724256
14654,0.04225969
14655,0.06760549
14656,0.077295996
14657,0.04037751
14658,0.24773265
14659,0.448891
14660,0.54154825
14661,0.4865214
14662,0.30685195
14663,0.0877853
14664,0.0608449
14665,0.08777877
14666,0.019978352
14667,0.21675198
14668,0.3716902
14669,0.3846468
14670,0.38318297
14671,0.20848384
14672,-0.0015641999
14673,0.14560476
14674,0.11581585
14675,0.028038999
14676,0.26241484
14677,0.5103444
14678,0.577551
14679,0.5112536
14680,0.3452542
14681,0.09541811
14682,0.08335643
14683,0.08025274
14684,0.055192843
14685,0.2793199
14686,0.47723144
14687,0.56312346
14688,0.5003027
14689,0.31593835
14690,0.08996388
14691,0.06515353
14692,0.08810961
14693,0.022853019
14694,0.2419388
14695,0.45476502
14696,0.56299335
14697,0.44114992
14698,0.32092586
14699,0.038195614
14700,0.09159667
14701,0.097052276
14702,0.03244464
14703,0.22688437
14704,0.34614897
14705,0.34271365
14706,0.20367968
14707,0.10288956
14708,0.15962929
14709,0.22731508
14710,0.15072545
14711,0.01567956
14712,0.2631985
14713,0.5153527
14714,0.5473544
14715,0.35458863
14716,0.084192686
14717,0.04319442
14718,0.2136066
14719,0.17299123
14720,0.0039598574
14721,0.23285542
14722,0.4137816
14723,0.40192696
14724,0.2123083
14725,0.07861105
14726,0.06665783
14727,0.25864938
14728,0.1724494
14729,0.021141075
14730,0.31189585
14731,0.56453586
14732,0.74315035
14733,0.5472197
14734,0.40739793
14735,0.12864599
14736,0.064937405
14737,0.12712395
14738,0.021517571
14739,0.31564155
14740,0.6001002
14741,0.68861854
14742,0.67464143
14743,0.41386977
14744,0.104773834
14745,0.097957596
14746,0.11496851
14747,0.004223372
14748,0.25652048
14749,0.51194155
14750,0.6541354
14751,0.62154496
14752,0.42832968
14753,0.16568531
14754,0.039516445
14755,0.10347391
14756,-0.005105769
14757,0.21601458
14758,0.4481664
14759,0.5834977
14760,0.56090117
14761,0.3928834
14762,0.15502237
14763,0.035250764
14764,0.10820537
14765,0.0044813138
14766,0.19962192
14767,0.43076807
14768,0.57229716
14769,0.5481352
14770,0.36049494
14771,0.13642281
14772,0.06339035
14773,0.09667242
14774,-0.0027910436
14775,0.20779383
14776,0.428241
14777,0.5618838
14778,0.5409182
14779,0.37469783
14780,0.14177002
14781,0.039285265
14782,0.09326955
14783,-0.0048511224
14784,0.20302881
14785,0.42077407
14786,0.5514165
14787,0.524552
14788,0.35583907
14789,0.1291174
14790,0.042651337
14791,0.09690314
14792,0.0034665582
14793,0.20693791
14794,0.4009324
14795,0.542884
14796,0.43762085
14797,0.34713092
14798,0.121519275
14799,0.04856276
14800,0.091783576
14801,0.009596682
14802,0.22531143
14803,0.44330263
14804,0.55740666
14805,0.5111198
14806,0.30922195
14807,0.106927015
14808,0.056714334
14809,0.08425942
14810,0.023772283
14811,0.22293076
14812,0.43678334
14813,0.53712827
14814,0.49217114
14815,0.305049
14816,0.10636305
14817,0.053079955
14818,0.08879266
14819,0.010187939
14820,0.21294063
14821,0.43419987
14822,0.54417855
14823,0.5024188
14824,0.33241332
14825,0.11185303
14826,0.051820714
14827,0.08477789
14828,0.017569784
14829,0.21967122
14830,0.4185975
14831,0.47792253
14832,0.4969053
14833,0.3312483
14834,0.11355105
14835,0.047688227
14836,0.08901081
14837,0.010544452
14838,0.21136442
14839,0.4111458
14840,0.52242756
14841,0.4891376
14842,0.3277852
14843,0.11421908
14844,0.061480224
14845,0.08751142
14846,0.0069897873
14847,0.2034722
14848,0.39854223
14849,0.5179823
14850,0.48991632
14851,0.27624267
14852,0.116750486
14853,0.053031407
14854,0.088615894
14855,-0.0005678423
14856,0.19782056
14857,0.38744023
14858,0.47373766
14859,0.5057828
14860,0.29771128
14861,0.08427865
14862,0.04215839
14863,0.09046798
14864,-0.0021590255
14865,0.2085959
14866,0.39977065
14867,0.5415872
14868,0.5114863
14869,0.3488221
14870,0.12804054
14871,0.07439319
14872,0.11348772
14873,0.0001955661
14874,0.18009545
14875,0.38342103
14876,0.54012424
14877,0.5160072
14878,0.36325034
14879,0.1378877
14880,0.05510562
14881,0.094947815
14882,0.0006963322
14883,0.20412341
14884,0.41556507
14885,0.5309107
14886,0.4346605
14887,0.27795672
14888,0.106225766
14889,0.07027327
14890,0.09165925
14891,-0.0007887692
14892,0.21163677
14893,0.4239641
14894,0.49093685
14895,0.52177656
14896,0.35769862
14897,0.12708764
14898,0.04603908
14899,0.092686005
14900,0.0023154356
14901,0.20824374
14902,0.42091042
14903,0.5423916
14904,0.51633734
14905,0.35275072
14906,0.10336952
14907,0.03911327
14908,0.091892645
14909,-0.002545597
14910,0.18860574
14911,0.4053206
14912,0.52731377
14913,0.5041305
14914,0.3495167
14915,0.09487284
14916,0.038165588
14917,0.08936792
14918,0.0020295335
14919,0.19878703
14920,0.40930554
14921,0.48429182
14922,0.39070356
14923,0.23747276
14924,0.025907345
14925,0.10313959
14926,0.10711171
14927,-0.0015837443
14928,0.21432284
14929,0.44230944
14930,0.57228297
14931,0.5471025
14932,0.37940618
14933,0.14756368
14934,0.037636712
14935,0.0904319
14936,0.0068175755
14937,0.22541648
14938,0.41364795
14939,0.52323395
14940,0.5151833
14941,0.32649735
14942,0.06724096
14943,0.06289009
14944,0.09088691
14945,0.024114689
14946,0.21563917
14947,0.41935635
14948,0.4992378
14949,0.5006122
14950,0.33445254
14951,0.049146846
14952,0.06262427
14953,0.094167255
14954,0.014044657
14955,0.22200708
14956,0.43510833
14957,0.5627144
14958,0.529895
14959,0.355978
14960,0.1274734
14961,0.043251
14962,0.08067444
14963,0.04395043
14964,0.2804082
14965,0.48249295
14966,0.56775457
14967,0.46481362
14968,0.24929817
14969,0.028723925
14970,0.08250548
14971,0.046507172
14972,0.12543271
14973,0.3552676
14974,0.52125525
14975,0.54401636
14976,0.4182459
14977,0.20703854
14978,0.0051555065
14979,0.0891936
14980,0.047319725
14981,0.10327327
14982,0.31367865
14983,0.47247726
14984,0.53826565
14985,0.45214325
14986,0.23992963
14987,0.04236272
14988,0.077724375
14989,0.07627008
14990,0.060707834
14991,0.28684795
14992,0.48789075
14993,0.53712034
14994,0.4892398
14995,0.2858165
14996,0.059391577
14997,0.080963805
14998,0.08088508
14999,0.048455838
15000,0.26851287
15001,0.46983087
15002,0.5653633
15003,0.5070295
15004,0.32238105
15005,0.083456375
15006,0.060287695
15007,0.08661908
15008,0.026059031
15009,0.24123144
15010,0.4522931
15011,0.5532738
15012,0.50368917
15013,0.32601163
15014,0.06521104
15015,0.069403164
15016,0.0914561
15017,0.011558526
15018,0.22068626
15019,0.4023492
15020,0.5506809
15021,0.5219839
15022,0.3516003
15023,0.12378157
15024,0.045839835
15025,0.083982654
15026,0.012154674
15027,0.2099811
15028,0.4136201
15029,0.5223121
15030,0.4327201
15031,0.33108053
15032,0.10503071
15033,0.048700042
15034,0.093655325
15035,0.0028295028
15036,0.20373681
15037,0.4114564
15038,0.5352982
15039,0.5137792
15040,0.35296676
15041,0.12097561
15042,0.04120891
15043,0.082623236
15044,0.010800829
15045,0.20772223
15046,0.40440944
15047,0.5109093
15048,0.4789977
15049,0.30728164
15050,0.049093574
15051,0.06585659
15052,0.09105195
15053,-0.0005947659
15054,0.19996095
15055,0.41669273
15056,0.53788537
15057,0.512058
15058,0.34494257
15059,0.12956724
15060,0.041259695
15061,0.08351365
15062,0.0079860855
15063,0.2061018
15064,0.4153441
15065,0.53125745
15066,0.47478202
15067,0.30455926
15068,0.10996639
15069,0.05292728
15070,0.089819625
15071,0.0105205085
15072,0.2069222
15073,0.42750713
15074,0.54972166
15075,0.5126069
15076,0.28800023
15077,0.11566017
15078,0.053954326
15079,0.092078745
15080,0.008035909
15081,0.21521007
15082,0.42847925
15083,0.5465023
15084,0.489567
15085,0.33427668
15086,0.056811888
15087,0.05212709
15088,0.09012797
15089,0.0037182271
15090,0.20875444
15091,0.4199181
15092,0.5440174
15093,0.5168005
15094,0.35256308
15095,0.13010813
15096,0.042186268
15097,0.09020185
15098,0.0025846418
15099,0.20498283
15100,0.4073531
15101,0.46731174
15102,0.49481925
15103,0.34256315
15104,0.12339482
15105,0.04497616
15106,0.09008905
15107,-0.00033506704
15108,0.20589666
15109,0.41543964
15110,0.52056
15111,0.5018029
15112,0.34099323
15113,0.124875136
15114,0.043700796
15115,0.08949507
15116,-0.0013558397
15117,0.1957312
15118,0.40199715
15119,0.5231172
15120,0.43338934
15121,0.27528623
15122,0.052844465
15123,0.067614645
15124,0.096359946
15125,-0.0013631429
15126,0.20184173
15127,0.43468952
15128,0.571672
15129,0.544615
15130,0.36895558
15131,0.1320216
15132,0.046040285
15133,0.09038539
15134,0.022108339
15135,0.24075581
15136,0.44605613
15137,0.4914058
15138,0.43812472
15139,0.28899518
15140,0.04197882
15141,0.076821655
15142,0.07939182
15143,0.06730211
15144,0.29952353
15145,0.4920381
15146,0.55255085
15147,0.45775688
15148,0.25331208
15149,0.029110875
15150,0.087648384
15151,0.075928085
15152,0.061553847
15153,0.2888726
15154,0.48732895
15155,0.5679397
15156,0.497812
15157,0.30797875
15158,0.08288328
15159,0.06870451
15160,0.08810879
15161,0.02718746
15162,0.24193786
15163,0.4495219
15164,0.5439017
15165,0.48883274
15166,0.34094
15167,0.11531
15168,0.05315539
15169,0.09132887
15170,0.007532108
15171,0.21418299
15172,0.42456087
15173,0.54059637
15174,0.4476103
15175,0.35442567
15176,0.12722701
15177,0.05350698
15178,0.09277176
15179,0.0005325568
15180,0.20552672
15181,0.40994003
15182,0.54720694
15183,0.5211069
15184,0.35651934
15185,0.13291833
15186,0.041215934
15187,0.09563655
15188,-0.0030453065
15189,0.1923917
15190,0.40828818
15191,0.53468895
15192,0.5125802
15193,0.3536403
15194,0.13401723
15195,0.03732806
15196,0.08652762
15197,0.0006214767
15198,0.19600992
15199,0.39951268
15200,0.5170153
15201,0.49398285
15202,0.3407438
15203,0.1283644
15204,0.047672976
15205,0.094676144
15206,-0.0014439421
15207,0.19499063
15208,0.3985889
15209,0.5154666
15210,0.42564315
15211,0.30055234
15212,0.12902293
15213,0.041811347
15214,0.09429985
15215,0.002245802
15216,0.20199096
15217,0.4151321
15218,0.5390692
15219,0.5103422
15220,0.3463361
15221,0.12297839
15222,0.043254543
15223,0.08268754
15224,0.024379395
15225,0.22319795
15226,0.41626835
15227,0.5132851
15228,0.4701185
15229,0.30441904
15230,0.08930316
15231,0.054103862
15232,0.07635231
15233,0.040375665
15234,0.250602
15235,0.39929867
15236,0.5063397
15237,0.3424288
15238,0.2259963
15239,0.013214239
15240,0.09557148
15241,0.07690239
15242,0.064616546
15243,0.2855809
15244,0.44343296
15245,0.42792913
15246,0.40542462
15247,0.1252706
15248,0.003923289
15249,0.15565799
15250,0.12585339
15251,0.029109418
15252,0.26291257
15253,0.4262295
15254,0.5234316
15255,0.49969593
15256,0.37346876
15257,0.12851371
15258,0.068751276
15259,0.10659174
15260,0.017005727
15261,0.26043603
15262,0.502199
15263,0.608556
15264,0.59030557
15265,0.3987
15266,0.08359846
15267,0.09365458
15268,0.12688543
15269,-0.003409325
15270,0.22695383
15271,0.45832124
15272,0.61837953
15273,0.52807266
15274,0.39608705
15275,0.13632776
15276,0.048925973
15277,0.079592735
15278,0.045350257
15279,0.2823454
15280,0.49399084
15281,0.5723736
15282,0.48681152
15283,0.2863135
15284,0.048335634
15285,0.07968223
15286,0.08354989
15287,0.052174956
15288,0.281042
15289,0.48434433
15290,0.5747444
15291,0.4635969
15292,0.31586313
15293,0.06206687
15294,0.069111146
15295,0.08837033
15296,0.03182047
15297,0.25090793
15298,0.45760426
15299,0.5078655
15300,0.46293086
15301,0.2656628
15302,0.10908083
15303,0.059463643
15304,0.104704276
15305,0.010259654
15306,0.2294193
15307,0.45017326
15308,0.5705436
15309,0.53825194
15310,0.3663316
15311,0.100220494
15312,0.042911258
15313,0.0955332
15314,-0.0038018026
15315,0.20399609
15316,0.3929758
15317,0.5527881
15318,0.50022846
15319,0.3675121
15320,0.083312556
15321,0.03853796
15322,0.09547534
15323,-0.002373082
15324,0.19739264
15325,0.3864177
15326,0.5512396
15327,0.5294309
15328,0.36665443
15329,0.14102352
15330,0.03785597
15331,0.0889572
15332,0.0030560605
15333,0.203351
15334,0.4096342
15335,0.5270264
15336,0.50144583
15337,0.29204902
15338,0.13189861
15339,0.040509596
15340,0.0874922
15341,-0.0009648637
15342,0.19029652
15343,0.3599762
15344,0.3949449
15345,0.25833145
15346,0.17576768
15347,0.046368524
15348,0.07266094
15349,0.09795399
15350,0.0366329
15351,0.28269956
15352,0.51946884
15353,0.5749539
15354,0.53388894
15355,0.30339447
15356,0.06111082
15357,0.075836696
15358,0.053424653
15359,0.09615949
15360,0.32492867
15361,0.5100756
15362,0.49684256
15363,0.30407345
15364,0.17929193
15365,0.021228632
15366,0.11792451
15367,0.07403058
15368,0.083507605
15369,0.2876013
15370,0.40841034
15371,0.43354532
15372,0.24597529
15373,0.113001026
15374,0.026553033
15375,0.13937953
15376,0.100109264
15377,0.061260372
15378,0.33548054
15379,0.5796858
15380,0.68310094
15381,0.6038557
15382,0.35723034
15383,0.11044764
15384,0.07067166
15385,0.09038483
15386,0.04927168
15387,0.28708193
15388,0.50373966
15389,0.5379824
15390,0.40518457
15391,0.1599428
15392,0.015639935
15393,0.12957036
15394,0.11079132
15395,0.029103363
15396,0.26176974
15397,0.48508316
15398,0.61721134
15399,0.5813517
15400,0.3134589
15401,0.06543755
15402,0.06019895
15403,0.10089222
15404,0.0145918885
15405,0.24154621
15406,0.4754176
15407,0.61086863
15408,0.56190354
15409,0.37237954
15410,0.1181393
15411,0.05275337
15412,0.097535655
15413,0.0042214766
15414,0.22120535
15415,0.44310677
15416,0.5735809
15417,0.5445584
15418,0.3719332
15419,0.13879126
15420,0.043174993
15421,0.09451161
15422,-0.0037537152
15423,0.20403402
15424,0.3922213
15425,0.4339551
15426,0.37722164
15427,0.27987915
15428,0.1002406
15429,0.06620534
15430,0.10018923
15431,0.0015871543
15432,0.22214563
15433,0.44927052
15434,0.53846693
15435,0.5267541
15436,0.3830579
15437,0.101219214
15438,0.060968086
15439,0.09929827
15440,-0.0013301922
15441,0.21183412
15442,0.436498
15443,0.5693011
15444,0.5433928
15445,0.3734467
15446,0.13946351
15447,0.04221313
15448,0.0986942
15449,-0.00401906
15450,0.19618796
15451,0.4187917
15452,0.54685533
15453,0.52631825
15454,0.29543874
15455,0.066821426
15456,0.045121428
15457,0.09055337
15458,-0.003452681
15459,0.20136063
15460,0.4144742
15461,0.53760344
15462,0.4729195
15463,0.36001047
15464,0.13628244
15465,0.03699426
15466,0.087661736
15467,0.00082919
15468,0.19765624
15469,0.40240437
15470,0.52081865
15471,0.49744847
15472,0.33753878
15473,0.12944485
15474,0.054852743
15475,0.10636058
15476,0.0018552681
15477,0.16612515
15478,0.33945268
15479,0.45777473
15480,0.45290813
15481,0.31039938
15482,0.13554454
15483,0.043297905
15484,0.095627636
15485,-0.002095263
15486,0.21002437
15487,0.41719297
15488,0.49322954
15489,0.49750152
15490,0.3552556
15491,0.12646738
15492,0.07373916
15493,0.09087314
15494,0.034082126
15495,0.25006163
15496,0.41053504
15497,0.45311055
15498,0.29763538
15499,0.17235097
15500,0.012390065
15501,0.12707345
15502,0.114900954
15503,0.026685974
15504,0.21220282
15505,0.3475426
15506,0.4124697
15507,0.3766565
15508,0.158405
15509,0.0142078055
15510,0.116255924
15511,0.111128345
15512,0.025683323
15513,0.28248987
15514,0.5335431
15515,0.66157776
15516,0.56922436
15517,0.41257927
15518,0.14818229
15519,0.05135306
15520,0.104167655
15521,-0.00012035156
15522,0.2273253
15523,0.46197864
15524,0.59585524
15525,0.49510828
15526,0.4014491
15527,0.092706315
15528,0.038157225
15529,0.09663452
15530,-0.0033022938
15531,0.20881176
15532,0.43078893
15533,0.5613872
15534,0.49022123
15535,0.3560544
15536,0.14526822
15537,0.038844813
15538,0.095814
15539,-0.0034316103
15540,0.2062246
15541,0.42221758
15542,0.55293715
15543,0.5246188
15544,0.3596902
15545,0.1347957
15546,0.04105923
15547,0.09844621
15548,-0.0042664367
15549,0.20386587
15550,0.43684968
15551,0.5630087
15552,0.5242667
15553,0.27358
15554,0.055181954
15555,0.11355845
15556,0.13064796
15557,-0.0046315384
15558,0.19622275
15559,0.38568625
15560,0.52298886
15561,0.54995286
15562,0.39308548
15563,0.14430222
15564,0.07258107
15565,0.089349166
15566,0.037126582
15567,0.25674498
15568,0.42747355
15569,0.54486114
15570,0.48038587
15571,0.29654193
15572,0.063064
15573,0.09611208
15574,0.088359274
15575,0.025131334
15576,0.23491275
15577,0.41890574
15578,0.55690277
15579,0.5122206
15580,0.33897743
15581,0.11457511
15582,0.051794447
15583,0.08628381
15584,0.014240043
15585,0.21679732
15586,0.41949803
15587,0.5292903
15588,0.49591297
15589,0.33436206
15590,0.11874215
15591,0.07633833
15592,0.091165595
15593,-0.0010642163
15594,0.19945984
15595,0.41205028
15596,0.49090794
15597,0.51455563
15598,0.3543875
15599,0.131697
15600,0.070231155
15601,0.09469086
15602,0.008909205
15603,0.21070775
15604,0.3849901
15605,0.5237387
15606,0.4922829
15607,0.31989288
15608,0.10056207
15609,0.057023175
15610,0.08395995
15611,0.01791798
15612,0.22443803
15613,0.42649722
15614,0.5325552
15615,0.49465
15616,0.33034432
15617,0.113137
15618,0.054416884
15619,0.09200543
15620,0.004374788
15621,0.20473514
15622,0.4159484
15623,0.53227997
15624,0.50365436
15625,0.27433
15626,0.074926585
15627,0.08636431
15628,0.09633444
15629,0.0022237436
15630,0.20672123
15631,0.4107594
15632,0.55803317
15633,0.5168228
15634,0.27528405
15635,0.12059066
15636,0.052191522
15637,0.08878084
15638,0.010114796
15639,0.21669535
15640,0.42651927
15641,0.54222965
15642,0.5107289
15643,0.34725693
15644,0.0860893
15645,0.07604414
15646,0.104405
15647,-0.0037528076
15648,0.20579597
15649,0.43139738
15650,0.56246936
15651,0.52971834
15652,0.36335638
15653,0.12802012
15654,0.04467117
15655,0.07978606
15656,0.028258767
15657,0.23872286
15658,0.43198496
15659,0.5045074
15660,0.48719177
15661,0.304435
15662,0.083833195
15663,0.06297719
15664,0.08059834
15665,0.03242522
15666,0.24328293
15667,0.45181835
15668,0.54968786
15669,0.4928334
15670,0.310764
15671,0.085492775
15672,0.078804344
15673,0.087993756
15674,0.021689318
15675,0.23305307
15676,0.44013458
15677,0.5261137
15678,0.5112291
15679,0.34007895
15680,0.11691185
15681,0.0501738
15682,0.09154715
15683,0.0043714386
15684,0.20914997
15685,0.39271197
15686,0.43686008
15687,0.45598328
15688,0.2370738
15689,0.089609265
15690,0.055625755
15691,0.09889699
15692,0.005937603
15693,0.219434
15694,0.45408273
15695,0.5557401
15696,0.55762243
15697,0.37499171
15698,0.10693705
15699,0.048806448
15700,0.098268196
15701,-8.576503e-05
15702,0.220022
15703,0.45571783
15704,0.5839017
15705,0.5453435
15706,0.36693648
15707,0.07287609
15708,0.07123771
15709,0.11018862
15710,-0.0027594103
15711,0.20450284
15712,0.41393426
15713,0.5640484
15714,0.48391774
15715,0.37948123
15716,0.1435609
15717,0.039334122
15718,0.08995388
15719,0.017781805
15720,0.24059871
15721,0.46135214
15722,0.57132244
15723,0.5164012
15724,0.27989087
15725,0.086646385
15726,0.061815947
15727,0.058365885
15728,0.08370152
15729,0.3052267
15730,0.47570854
15731,0.4978632
15732,0.3875139
15733,0.13846523
15734,0.051669646
15735,0.13844594
15736,0.082334265
15737,0.06419563
15738,0.25996107
15739,0.41160575
15740,0.4758427
15741,0.4258544
15742,0.2187337
15743,0.061143417
15744,0.08014861
15745,0.08881684
15746,0.04614785
15747,0.2804349
15748,0.4961398
15749,0.53555554
15750,0.52410096
15751,0.31788713
15752,0.10900659
15753,0.064189084
15754,0.096353345
15755,0.016538255
15756,0.2403695
15757,0.4663333
15758,0.58461636
15759,0.5223521
15760,0.36561993
15761,0.12952223
15762,0.049362592
15763,0.09545025
15764,0.0017942386
15765,0.21279846
15766,0.43076116
15767,0.55490524
15768,0.53032273
15769,0.36556342
15770,0.13855343
15771,0.03984525
15772,0.09380388
15773,-0.0027774575
15774,0.19547804
15775,0.41029274
15776,0.5376569
15777,0.5187303
15778,0.3627851
15779,0.14261825
15780,0.032117955
15781,0.07998593
15782,0.018303681
15783,0.22627445
15784,0.42256498
15785,0.5149354
15786,0.41749686
15787,0.2957347
15788,0.0858232
15789,0.069438815
15790,0.07784548
15791,0.04033073
15792,0.24228157
15793,0.44922918
15794,0.5327421
15795,0.4691394
15796,0.25684083
15797,0.073869094
15798,0.06943228
15799,0.07963293
15800,0.04805763
15801,0.2573234
15802,0.44501632
15803,0.50025415
15804,0.47386906
15805,0.29840994
15806,0.08598318
15807,0.062238686
15808,0.07976971
15809,0.035391092
15810,0.24371952
15811,0.4345499
15812,0.5235791
15813,0.47219607
15814,0.30310032
15815,0.05335089
15816,0.058515586
15817,0.082554825
15818,0.02058483
15819,0.22332077
15820,0.42283338
15821,0.5082534
15822,0.4921677
15823,0.30577815
15824,0.11258236
15825,0.07994675
15826,0.091192186
15827,0.0031745406
15828,0.20668761
15829,0.4163178
15830,0.5356312
15831,0.5105856
15832,0.3517011
15833,0.13230804
15834,0.040109467
15835,0.0898672
15836,-0.0037694133
15837,0.1929482
15838,0.39999595
15839,0.5215308
15840,0.5008477
15841,0.3486647
15842,0.13364722
15843,0.048945308
15844,0.093398064
15845,0.00018310035
15846,0.19279079
15847,0.4110233
15848,0.53366923
15849,0.5048379
15850,0.34372553
15851,0.12558924
15852,0.04224909
15853,0.088286564
15854,0.0029190225
15855,0.20084658
15856,0.40532392
15857,0.52729756
15858,0.5014355
15859,0.32497132
15860,0.12560177
15861,0.043072302
15862,0.09070724
15863,0.0028585587
15864,0.20813423
15865,0.41538426
15866,0.52885276
15867,0.5003054
15868,0.33959648
15869,0.096719556
15870,0.044514578
15871,0.09711904
15872,6.723497e-05
15873,0.20348127
15874,0.38192874
15875,0.46218216
15876,0.36030424
15877,0.08520058
15878,0.11788424
15879,0.17162187
15880,0.12850681
15881,0.020199237
15882,0.28060904
15883,0.54240465
15884,0.6770576
15885,0.6307243
15886,0.41987824
15887,0.15742636
15888,0.0456453
15889,0.101819836
15890,0.005357111
15891,0.2382372
15892,0.46397024
15893,0.57348055
15894,0.5583497
15895,0.37875542
15896,0.13837975
15897,0.045542266
15898,0.09728127
15899,-0.0032969634
15900,0.20851062
15901,0.42154095
15902,0.5538002
15903,0.51711744
15904,0.37391883
15905,0.120792605
15906,0.04810345
15907,0.0943908
15908,-0.001178896
15909,0.194029
15910,0.4100692
15911,0.53908414
15912,0.52125436
15913,0.36565518
15914,0.14465414
15915,0.06680216
15916,0.093620054
15917,0.0042600585
15918,0.18428439
15919,0.39949206
15920,0.53095394
15921,0.5179236
15922,0.36642584
15923,0.14857854
15924,0.02810947
15925,0.080354184
15926,0.014741115
15927,0.21448204
15928,0.41737092
15929,0.52038246
15930,0.44217384
15931,0.23121083
15932,0.08674566
15933,0.059423115
15934,0.07408327
15935,0.040660255
15936,0.23912492
15937,0.42664173
15938,0.5153233
15939,0.46553826
15940,0.2333668
15941,0.09294034
15942,0.0584036
15943,0.0862744
15944,0.016970165
15945,0.22500333
15946,0.43563697
15947,0.5422197
15948,0.4973669
15949,0.3256843
15950,0.105955414
15951,0.054549556
15952,0.08962999
15953,0.009963575
15954,0.21476206
15955,0.42211962
15956,0.53658026
15957,0.50585425
15958,0.28804117
15959,0.08896269
15960,0.044440795
15961,0.09337434
15962,-0.0026632568
15963,0.1898667
15964,0.3948937
15965,0.52597594
15966,0.521986
15967,0.3616037
15968,0.08936386
15969,0.10037764
15970,0.10433972
15971,-0.0027229115
15972,0.2013696
15973,0.39565185
15974,0.54611117
15975,0.5217037
15976,0.3606881
15977,0.101744145
15978,0.03816347
15979,0.09373576
15980,-0.0012737599
15981,0.196797
15982,0.41177997
15983,0.53393275
15984,0.44323602
15985,0.3598994
15986,0.07971175
15987,0.09152687
15988,0.110575676
15989,0.0045973607
15990,0.19220687
15991,0.4179289
15992,0.5591932
15993,0.54322165
15994,0.35138273
15995,0.12584259
15996,0.037671305
15997,0.088609114
15998,0.010970485
15999,0.22368115
16000,0.412755
16001,0.5679642
16002,0.5164657
16003,0.3042308
16004,0.07763402
16005,0.07458018
16006,0.075334504
16007,0.056831777
16008,0.2762207
16009,0.46388733
16010,0.5369886
16011,0.40675837
16012,0.2191601
16013,0.012788784
16014,0.10198197
16015,0.08150689
16016,0.052990377
16017,0.2836113
16018,0.46748778
16019,0.53940374
16020,0.49566087
16021,0.29003313
16022,0.05526014
16023,0.07385205
16024,0.08775908
16025,0.033736058
16026,0.2547969
16027,0.4636138
16028,0.551675
16029,0.4795492
16030,0.3403656
16031,0.067504846
16032,0.07771967
16033,0.09410578
16034,0.010908491
16035,0.23455574
16036,0.4594585
16037,0.5653558
16038,0.52761376
16039,0.34562322
16040,0.09440931
16041,0.055237636
16042,0.092145056
16043,0.010553635
16044,0.22266875
16045,0.43677592
16046,0.55460113
16047,0.52200437
16048,0.33013552
16049,0.13156638
16050,0.041105825
16051,0.08400594
16052,0.029461542
16053,0.24564102
16054,0.40914354
16055,0.41827613
16056,0.32243904
16057,0.21671326
16058,0.017424628
16059,0.12298189
16060,0.106502675
16061,0.033443734
16062,0.25952157
16063,0.49685058
16064,0.60528475
16065,0.55393183
16066,0.3620005
16067,0.11891949
16068,0.057736903
16069,0.09650873
16070,0.010003101
16071,0.23200928
16072,0.4133221
16073,0.5520666
16074,0.5394284
16075,0.3022368
16076,0.12392504
16077,0.05086771
16078,0.09427125
16079,0.012640562
16080,0.22403915
16081,0.4395111
16082,0.555649
16083,0.5215471
16084,0.353661
16085,0.12769015
16086,0.04444486
16087,0.09224595
16088,-0.00146303
16089,0.19863069
16090,0.4142633
16091,0.5370653
16092,0.51582015
16093,0.33542788
16094,0.13673493
16095,0.049562413
16096,0.10084727
16097,0.0011388725
16098,0.18486638
16099,0.41354498
16100,0.54941225
16101,0.5211902
16102,0.3224789
16103,0.047188006
16104,0.05546144
16105,0.08161374
16106,0.026725816
16107,0.24530175
16108,0.42749986
16109,0.5231609
16110,0.487366
16111,0.22825375
16112,0.014142893
16113,0.088735275
16114,0.0909108
16115,0.031820636
16116,0.25928792
16117,0.472534
16118,0.5761236
16119,0.5282061
16120,0.34701818
16121,0.112943135
16122,0.05183191
16123,0.086683065
16124,0.020516591
16125,0.22979619
16126,0.44712737
16127,0.54862213
16128,0.4957185
16129,0.30378962
16130,0.098509274
16131,0.059525494
16132,0.0894177
16133,0.022796772
16134,0.23179297
16135,0.4355043
16136,0.50612694
16137,0.44472829
16138,0.2871558
16139,0.029693102
16140,0.11917381
16141,0.115351334
16142,0.0033102855
16143,0.21980222
16144,0.43031627
16145,0.53615946
16146,0.49058357
16147,0.37532234
16148,0.13015774
16149,0.08538703
16150,0.102011405
16151,-0.0050803428
16152,0.21202646
16153,0.43230712
16154,0.57142377
16155,0.54762316
16156,0.38076234
16157,0.14861304
16158,0.036419522
16159,0.09556396
16160,-0.0027174978
16161,0.20757993
16162,0.41984996
16163,0.5144505
16164,0.5230027
16165,0.35649112
16166,0.13102579
16167,0.06019063
16168,0.095220014
16169,-0.004651193
16170,0.1991623
16171,0.41409114
16172,0.54021764
16173,0.51994616
16174,0.3620646
16175,0.14076316
16176,0.056571558
16177,0.090051934
16178,-0.0016669601
16179,0.18993151
16180,0.37790352
16181,0.5300853
16182,0.51051545
16183,0.35666388
16184,0.13084827
16185,0.035755772
16186,0.0920304
16187,0.00038899994
16188,0.1849345
16189,0.3959021
16190,0.4651714
16191,0.49775222
16192,0.33206165
16193,0.13391337
16194,0.04060555
16195,0.102210775
16196,-0.0024028788
16197,0.19707625
16198,0.40616113
16199,0.55436563
16200,0.51815283
16201,0.34888566
16202,0.06646656
16203,0.048782684
16204,0.095527485
16205,-0.0021581883
16206,0.20405534
16207,0.43066856
16208,0.56657743
16209,0.54018164
16210,0.3680093
16211,0.13361317
16212,0.04521004
16213,0.09022184
16214,0.008807618
16215,0.22088024
16216,0.4101063
16217,0.50847787
16218,0.372264
16219,0.1201203
16220,0.036793135
16221,0.13934363
16222,0.108637825
16223,0.039963398
16224,0.27402723
16225,0.4917053
16226,0.5726613
16227,0.42723936
16228,0.22612311
16229,0.044990655
16230,0.073069796
16231,0.09767331
16232,0.024129936
16233,0.26022235
16234,0.47231564
16235,0.6105326
16236,0.4853019
16237,0.21388984
16238,0.064512946
16239,0.069632806
16240,0.117296204
16241,0.007262051
16242,0.23542301
16243,0.420467
16244,0.56993496
16245,0.52983874
16246,0.40007475
16247,0.14161208
16248,0.061667718
16249,0.102971815
16250,0.00096419407
16251,0.22551923
16252,0.45133507
16253,0.58334696
16254,0.5491206
16255,0.37353644
16256,0.1375846
16257,0.044275887
16258,0.0962127
16259,-0.0045487112
16260,0.20616157
16261,0.4249626
16262,0.58254564
16263,0.55123204
16264,0.31978115
16265,0.11687656
16266,0.05888436
16267,0.08696302
16268,0.036223624
16269,0.2468778
16270,0.43799934
16271,0.558833
16272,0.501195
16273,0.3202907
16274,0.096600875
16275,0.061503466
16276,0.08901328
16277,0.018045414
16278,0.22739592
16279,0.44241536
16280,0.55536205
16281,0.51408386
16282,0.33925912
16283,0.114471346
16284,0.053932425
16285,0.086541764
16286,0.025846295
16287,0.25175574
16288,0.46383622
16289,0.4956064
16290,0.3712068
16291,0.25922433
16292,0.009035362
16293,0.1546289
16294,0.120432824
16295,0.035873197
16296,0.23351732
16297,0.40904772
16298,0.4685237
16299,0.44305387
16300,0.118868485
16301,0.075813934
16302,0.16389227
16303,0.10041216
16304,0.08058593
16305,0.3532199
16306,0.59220445
16307,0.68828404
16308,0.6034171
16309,0.2946575
16310,0.11275679
16311,0.07384496
16312,0.10328607
16313,0.024687361
16314,0.26785374
16315,0.5037367
16316,0.62832934
16317,0.58211344
16318,0.3881587
16319,0.13711102
16320,0.055691604
16321,0.09859745
16322,0.0035894443
16323,0.21828043
16324,0.45536944
16325,0.593522
16326,0.5598204
16327,0.37573496
16328,0.13272168
16329,0.047834884
16330,0.08884708
16331,0.023809506
16332,0.24022248
16333,0.4430629
16334,0.5425836
16335,0.46359965
16336,0.32793567
16337,0.105695754
16338,0.055344492
16339,0.08708246
16340,0.0141617535
16341,0.21701483
16342,0.38702005
16343,0.50944906
16344,0.40757132
16345,0.3115113
16346,0.11640846
16347,0.054677572
16348,0.09396331
16349,0.007937785
16350,0.22002366
16351,0.43554088
16352,0.53693414
16353,0.5326523
16354,0.36413768
16355,0.12914689
16356,0.04841588
16357,0.0948204
16358,0.0012020371
16359,0.20323938
16360,0.42831758
16361,0.50254834
16362,0.47610202
16363,0.36570457
16364,0.12164023
16365,0.043130185
16366,0.09436963
16367,-0.0036483677
16368,0.2026427
16369,0.4191952
16370,0.5512889
16371,0.5288252
16372,0.36519545
16373,0.13926594
16374,0.037929386
16375,0.08929064
16376,0.008327149
16377,0.21362008
16378,0.38715175
16379,0.51637083
16380,0.49485496
16381,0.33145154
16382,0.083915666
16383,0.045773517
16384,0.08795186
16385,0.0054322686
16386,0.21266104
16387,0.4322035
16388,0.5548535
16389,0.5132404
16390,0.28853738
16391,0.1056001
16392,0.055089198
16393,0.07110022
16394,0.061268464
16395,0.28224358
16396,0.46287918
16397,0.5349956
16398,0.4493718
16399,0.25564197
16400,0.025608653
16401,0.11594688
16402,0.08871758
16403,0.055473913
16404,0.25555277
16405,0.37164947
16406,0.36319274
16407,0.3269121
16408,0.12677608
16409,0.0629024
16410,0.12693913
16411,0.09247295
16412,0.07642142
16413,0.35038424
16414,0.58205646
16415,0.6557466
16416,0.55426157
16417,0.32788056
16418,0.07617979
16419,0.08199032
16420,0.090883166
16421,0.045233443
16422,0.2806442
16423,0.49875018
16424,0.60185546
16425,0.54432666
16426,0.34606522
16427,0.11368045
16428,0.056545354
16429,0.08682082
16430,0.038334984
16431,0.26384977
16432,0.45672113
16433,0.5712376
16434,0.5048776
16435,0.31139243
16436,0.08348136
16437,0.068105415
16438,0.0850328
16439,0.03236865
16440,0.24542162
16441,0.41644463
16442,0.5545915
16443,0.5047003
16444,0.32841572
16445,0.10573274
16446,0.056181516
16447,0.09046896
16448,0.012188202
16449,0.21987641
16450,0.3979684
16451,0.4616237
16452,0.3305457
16453,0.23141496
16454,0.037403867
16455,0.11427007
16456,0.11132777
16457,0.0016991403
16458,0.22845477
16459,0.45195392
16460,0.6080917
16461,0.5484398
16462,0.3964701
16463,0.14524569
16464,0.08164515
16465,0.1259456
16466,0.000315574
16467,0.19341141
16468,0.41608232
16469,0.5354002
16470,0.5599095
16471,0.3988913
16472,0.15406379
16473,0.038864218
16474,0.10468835
16475,0.0014758813
16476,0.19998407
16477,0.41640335
16478,0.56477267
16479,0.4747685
16480,0.39029637
16481,0.15401816
16482,0.03289105
16483,0.09460016
16484,0.0005258233
16485,0.20077133
16486,0.42144865
16487,0.54924804
16488,0.45329326
16489,0.21679658
16490,0.076290704
16491,0.081285015
16492,0.12604758
16493,0.004188894
16494,0.18019535
16495,0.38185206
16496,0.5274785
16497,0.5560181
16498,0.37061223
16499,0.08559115
16500,0.069057375
16501,0.10281796
16502,0.0060750996
16503,0.22926913
16504,0.45322356
16505,0.59746236
16506,0.56382644
16507,0.38549232
16508,0.13090008
16509,0.042289414
16510,0.09755957
16511,-0.0010507004
16512,0.21969442
16513,0.44331607
16514,0.5644586
16515,0.5313577
16516,0.29498836
16517,0.11818535
16518,0.07521489
16519,0.09622631
16520,0.00029354542
16521,0.21134573
16522,0.43604693
16523,0.53562844
16524,0.53269935
16525,0.36336005
16526,0.13430203
16527,0.05828608
16528,0.09482467
16529,-0.004933306
16530,0.200826
16531,0.4174034
16532,0.5447959
16533,0.52415955
16534,0.35918733
16535,0.120747626
16536,0.03591778
16537,0.09300776
16538,0.00068336027
16539,0.18875937
16540,0.40219626
16541,0.5308047
16542,0.51498884
16543,0.36220554
16544,0.14467265
16545,0.030183703
16546,0.08635088
16547,-0.0021461947
16548,0.18708916
16549,0.38963118
16550,0.50653803
16551,0.48386976
16552,0.3334802
16553,0.12503728
16554,0.043371115
16555,0.08834627
16556,0.0010398598
16557,0.1946713
16558,0.4011327
16559,0.50995344
16560,0.501469
16561,0.33604863
16562,0.115997985
16563,0.07944969
16564,0.09375306
16565,0.00052733766
16566,0.21135038
16567,0.43865174
16568,0.56321716
16569,0.5280283
16570,0.35052156
16571,0.11748974
16572,0.048419416
16573,0.07380438
16574,0.040811405
16575,0.24579704
16576,0.40492725
16577,0.49946684
16578,0.4548731
16579,0.28511155
16580,0.076768175
16581,0.06308513
16582,0.08309399
16583,0.023184193
16584,0.22486088
16585,0.4219126
16586,0.5125283
16587,0.48857865
16588,0.32520828
16589,0.06767202
16590,0.08093135
16591,0.0845049
16592,0.01305749
16593,0.21567781
16594,0.40023917
16595,0.4762356
16596,0.4464154
16597,0.3290382
16598,0.08484532
16599,0.090238556
16600,0.09468488
16601,0.004230231
16602,0.21005592
16603,0.41221538
16604,0.5475156
16605,0.5190931
16606,0.3067607
16607,0.13142112
16608,0.06488382
16609,0.09053698
16610,0.0008047777
16611,0.2031917
16612,0.4128817
16613,0.535647
16614,0.5107759
16615,0.3510837
16616,0.1316245
16617,0.04033228
16618,0.088280246
16619,0.008448205
16620,0.2111712
16621,0.41283688
16622,0.52197593
16623,0.47161412
16624,0.33170432
16625,0.11831848
16626,0.048784222
16627,0.083208926
16628,0.021113222
16629,0.22549643
16630,0.39479506
16631,0.49653846
16632,0.37670568
16633,0.22378467
16634,0.022655614
16635,0.070090175
16636,0.08721351
16637,0.03126225
16638,0.2612311
16639,0.47229224
16640,0.564793
16641,0.42632124
16642,0.27703342
16643,0.08866185
16644,0.06866127
16645,0.09494241
16646,0.026748704
16647,0.25185335
16648,0.4278052
16649,0.5712252
16650,0.52297133
16651,0.33799198
16652,0.086744875
16653,0.060573675
16654,0.09242751
16655,0.018508065
16656,0.24178824
16657,0.45415488
16658,0.56135345
16659,0.5167354
16660,0.33883435
16661,0.11508875
16662,0.052257393
16663,0.09202115
16664,0.014033698
16665,0.23796219
16666,0.4580264
16667,0.55908
16668,0.46733338
16669,0.32298967
16670,0.10008127
16671,0.0599486
16672,0.07894068
16673,0.046718713
16674,0.26832163
16675,0.472673
16676,0.55821675
16677,0.4861935
16678,0.29058635
16679,0.06668465
16680,0.07477987
16681,0.07703226
16682,0.068746194
16683,0.2829635
16684,0.49649045
16685,0.5700154
16686,0.4819457
16687,0.21668288
16688,0.030906795
16689,0.08460423
16690,0.078903735
16691,0.05911262
16692,0.29256102
16693,0.5091975
16694,0.60339516
16695,0.5214334
16696,0.3085318
16697,0.06810862
16698,0.092841834
16699,0.08563957
16700,0.045565255
16701,0.2652462
16702,0.471205
16703,0.57976407
16704,0.52181727
16705,0.33542922
16706,0.105047695
16707,0.06030882
16708,0.09186648
16709,0.015102922
16710,0.23288447
16711,0.45251662
16712,0.5094694
16713,0.528527
16714,0.34550354
16715,0.113309756
16716,0.054905776
16717,0.08643632
16718,0.02179534
16719,0.23061915
16720,0.4144626
16721,0.5583859
16722,0.5165668
16723,0.3372381
16724,0.10774436
16725,0.055463165
16726,0.0856284
16727,0.022694444
16728,0.22603942
16729,0.42480198
16730,0.5286395
16731,0.49040616
16732,0.32591283
16733,0.110702865
16734,0.05015304
16735,0.087548435
16736,0.007944557
16737,0.21196279
16738,0.42436412
16739,0.5375536
16740,0.5027656
16741,0.3098802
16742,0.07641672
16743,0.048991192
16744,0.07953653
16745,0.026460301
16746,0.23420371
16747,0.43221605
16748,0.5283006
16749,0.47793984
16750,0.30695933
16751,0.07283431
16752,0.05853086
16753,0.08570267
16754,0.016590543
16755,0.20670454
16756,0.37812448
16757,0.47794285
16758,0.45368585
16759,0.22702332
16760,0.07670708
16761,0.07361515
16762,0.10190042
16763,0.026279926
16764,0.25313258
16765,0.47243354
16766,0.5756898
16767,0.52343357
16768,0.33857384
16769,0.1066945
16770,0.057633564
16771,0.08903547
16772,0.03305421
16773,0.24965473
16774,0.45110998
16775,0.5479215
16776,0.49621588
16777,0.32027242
16778,0.100036226
16779,0.05566597
16780,0.08047209
16781,0.031924933
16782,0.24551022
16783,0.45359853
16784,0.5493138
16785,0.48515412
16786,0.29819056
16787,0.07728767
16788,0.06535912
16789,0.072689384
16790,0.042330094
16791,0.23643401
16792,0.41011778
16793,0.52217674
16794,0.46858042
16795,0.2990287
16796,0.058893457
16797,0.058881897
16798,0.08297266
16799,0.023346769
16800,0.22635798
16801,0.4270407
16802,0.53668207
16803,0.49694034
16804,0.3091688
16805,0.09090419
16806,0.05592849
16807,0.08246954
16808,0.028956108
16809,0.24620931
16810,0.4542535
16811,0.5477822
16812,0.46795478
16813,0.30700982
16814,0.08680039
16815,0.06510109
16816,0.085851595
16817,0.024783399
16818,0.22072227
16819,0.36498162
16820,0.47910404
16821,0.49181503
16822,0.3311253
16823,0.103488795
16824,0.059212793
16825,0.08968075
16826,0.016795637
16827,0.23503067
16828,0.44384685
16829,0.51132214
16830,0.5110144
16831,0.29702413
16832,0.027358077
16833,0.07062233
16834,0.09604909
16835,0.004597485
16836,0.21840048
16837,0.44808757
16838,0.5651816
16839,0.5296555
16840,0.358059
16841,0.1294637
16842,0.04564356
16843,0.089703955
16844,0.009000467
16845,0.22291732
16846,0.4331419
16847,0.5424104
16848,0.46747187
16849,0.33884364
16850,0.08481602
16851,0.07640601
16852,0.10367667
16853,2.0910986e-05
16854,0.20695423
16855,0.39251006
16856,0.55467653
16857,0.53002894
16858,0.36621428
16859,0.13346244
16860,0.0418336
16861,0.08818167
16862,0.0128562115
16863,0.23154698
16864,0.44305506
16865,0.5005667
16866,0.49717486
16867,0.3170484
16868,0.09244601
16869,0.09004391
16870,0.093757644
16871,0.01902046
16872,0.2296396
16873,0.4376504
16874,0.53569704
16875,0.5113839
16876,0.3418665
16877,0.12007315
16878,0.048882745
16879,0.09061214
16880,0.0034183469
16881,0.20665197
16882,0.41772118
16883,0.5358752
16884,0.48590022
16885,0.2550344
16886,0.113704555
16887,0.04400694
16888,0.09099899
16889,0.00018165447
16890,0.20246832
16891,0.4198715
16892,0.5465796
16893,0.5213292
16894,0.35673243
16895,0.13155209
16896,0.042714823
16897,0.091860205
16898,0.0045651253
16899,0.21194597
16900,0.42661735
16901,0.53916097
16902,0.5025294
16903,0.27283973
16904,0.11899702
16905,0.049431328
16906,0.08724236
16907,0.018667202
16908,0.24335966
16909,0.45283034
16910,0.5612471
16911,0.504453
16912,0.31272948
16913,0.082636125
16914,0.073040135
16915,0.071951486
16916,0.056995835
16917,0.26393974
16918,0.45307386
16919,0.5341905
16920,0.46498874
16921,0.28188747
16922,0.068864524
16923,0.07138108
16924,0.084138
16925,0.03745691
16926,0.24984348
16927,0.44642982
16928,0.5418504
16929,0.48980203
16930,0.31471822
16931,0.088067956
16932,0.059042405
16933,0.085721925
16934,0.018555712
16935,0.22418864
16936,0.42783153
16937,0.5361268
16938,0.5017392
16939,0.32027346
16940,0.11737027
16941,0.04812122
16942,0.09008319
16943,0.006127643
16944,0.21049869
16945,0.42081994
16946,0.5385159
16947,0.5058225
16948,0.34156972
16949,0.12179244
16950,0.04590107
16951,0.08979118
16952,0.0012980564
16953,0.20083162
16954,0.40777823
16955,0.52681565
16956,0.50275433
16957,0.34663817
16958,0.13153131
16959,0.035583764
16960,0.08250273
16961,0.0028889324
16962,0.19246362
16963,0.38502994
16964,0.50256467
16965,0.47853145
16966,0.3286229
16967,0.122450456
16968,0.0390874
16969,0.073938504
16970,0.03317894
16971,0.24328358
16972,0.43608436
16973,0.45442614
16974,0.44276005
16975,0.21667197
16976,0.028074918
16977,0.106046006
16978,0.0760158
16979,0.06103032
16980,0.27787408
16981,0.4716909
16982,0.5594555
16983,0.49436668
16984,0.2335417
16985,0.03853644
16986,0.1113157
16987,0.079298705
16988,0.0720106
16989,0.31232858
16990,0.512804
16991,0.5631101
16992,0.48321703
16993,0.26909432
16994,0.0014539128
16995,0.092092685
16996,0.07414725
16997,0.067032106
16998,0.29366514
16999,0.49168652
17000,0.57382524
17001,0.5037579
17002,0.31324008
17003,0.08582147
17004,0.07043563
17005,0.08369074
17006,0.03136501
17007,0.24799041
17008,0.4529395
17009,0.55367815
17010,0.50548863
17011,0.33040127
17012,0.10753284
17013,0.0597006
17014,0.09447237
17015,0.0078270715
17016,0.21298558
17017,0.4112729
17018,0.5501678
17019,0.51362467
17020,0.30031365
17021,0.12488858
17022,0.044587765
17023,0.079053
17024,0.027655061
17025,0.23154525
17026,0.38990074
17027,0.49347395
17028,0.4715801
17029,0.302995
17030,0.09211403
17031,0.058027755
17032,0.085753605
17033,0.022198305
17034,0.23656872
17035,0.44800255
17036,0.5507452
17037,0.49354208
17038,0.30985257
17039,0.087277934
17040,0.065495625
17041,0.08598741
17042,0.025414366
17043,0.23612212
17044,0.4326586
17045,0.4837178
17046,0.50120634
17047,0.25127125
17048,0.07040531
17049,0.1058664
17050,0.09558354
17051,0.026416373
17052,0.21276237
17053,0.3761966
17054,0.48972264
17055,0.4717805
17056,0.3241043
17057,0.03797662
17058,0.06949558
17059,0.07029392
17060,0.071103655
17061,0.29923692
17062,0.4877007
17063,0.551032
17064,0.46776643
17065,0.27632424
17066,0.060829587
17067,0.0753509
17068,0.08073598
17069,0.047565904
17070,0.26166734
17071,0.43475497
17072,0.5520199
17073,0.43141803
17074,0.28111026
17075,0.09128695
17076,0.06312317
17077,0.07766912
17078,0.055188827
17079,0.27801618
17080,0.45282787
17081,0.5081287
17082,0.4318322
17083,0.22450839
17084,0.031427465
17085,0.08108759
17086,0.085677765
17087,0.044758365
17088,0.26942357
17089,0.44278505
17090,0.5557402
17091,0.52837175
17092,0.33518526
17093,0.101519525
17094,0.060545653
17095,0.083742104
17096,0.033533208
17097,0.2448169
17098,0.44519502
17099,0.49234435
17100,0.50162566
17101,0.32561386
17102,0.061373837
17103,0.063371494
17104,0.091868415
17105,0.011022762
17106,0.22114548
17107,0.4328168
17108,0.55245143
17109,0.50168616
17110,0.3552802
17111,0.12644029
17112,0.047461048
17113,0.08890578
17114,0.0050911056
17115,0.2093466
17116,0.41143683
17117,0.46624857
17118,0.34142122
17119,0.09033606
17120,0.019503817
17121,0.1537761
17122,0.14240874
17123,6.806152e-05
17124,0.22928394
17125,0.41407102
17126,0.56120944
17127,0.58518463
17128,0.4163363
17129,0.14576682
17130,0.05483635
17131,0.105410546
17132,0.009929046
17133,0.24283178
17134,0.48552185
17135,0.6134139
17136,0.5718474
17137,0.38543507
17138,0.07943245
17139,0.0470987
17140,0.09988419
17141,-0.0018511394
17142,0.20828165
17143,0.4173617
17144,0.5850557
17145,0.55445135
17146,0.3802249
17147,0.1422475
17148,0.04214373
17149,0.09672356
17150,-0.0037269755
17151,0.19574346
17152,0.3991139
17153,0.49508807
17154,0.49183106
17155,0.37582695
17156,0.14120153
17157,0.041738767
17158,0.09601293
17159,-0.0039276094
17160,0.20972075
17161,0.42935026
17162,0.5528283
17163,0.5019263
17164,0.367372
17165,0.13864529
17166,0.063119695
17167,0.09039135
17168,0.01535055
17169,0.21949029
17170,0.42938745
17171,0.5377322
17172,0.4894882
17173,0.31251362
17174,0.09398069
17175,0.06075826
17176,0.088026926
17177,0.020602686
17178,0.22815149
17179,0.4319436
17180,0.48463377
17181,0.36554077
17182,0.27493182
17183,0.062784225
17184,0.056634117
17185,0.09617297
17186,0.01613571
17187,0.23372497
17188,0.44947886
17189,0.57053345
17190,0.53731364
17191,0.35952196
17192,0.12471682
17193,0.05064869
17194,0.09496125
17195,0.0028844625
17196,0.21493582
17197,0.41143435
17198,0.56212854
17199,0.5275278
17200,0.3579588
17201,0.12260011
17202,0.04044701
17203,0.073892675
17204,0.038959693
17205,0.257814
17206,0.42122722
17207,0.5340455
17208,0.46176895
17209,0.26337028
17210,0.04716887
17211,0.0720264
17212,0.040880613
17213,0.1155545
17214,0.3261792
17215,0.4752882
17216,0.48657885
17217,0.3924013
17218,0.19430736
17219,0.0027668243
17220,0.08397164
17221,0.041560937
17222,0.10152146
17223,0.30112517
17224,0.46238878
17225,0.5098302
17226,0.41984802
17227,0.2346432
17228,0.036715005
17229,0.0804827
17230,0.07239583
17231,0.054298047
17232,0.24406885
17233,0.3906473
17234,0.43332878
17235,0.32005325
17236,0.21856506
17237,0.0056288866
17238,0.09327033
17239,0.09227614
17240,0.035810936
17241,0.27518845
17242,0.49340108
17243,0.5945491
17244,0.53694123
17245,0.34694183
17246,0.07019168
17247,0.06694179
17248,0.096130334
17249,0.011661125
17250,0.23095228
17251,0.4511259
17252,0.5558901
17253,0.54080546
17254,0.3684529
17255,0.13457485
17256,0.039482776
17257,0.07065728
17258,0.057008244
17259,0.28109285
17260,0.47092953
17261,0.53101873
17262,0.44181344
17263,0.24093065
17264,0.03156946
17265,0.07433244
17266,0.03272578
17267,0.12630165
17268,0.33121234
17269,0.4735717
17270,0.49501097
17271,0.38396767
17272,0.1840026
17273,6.628269e-05
17274,0.0808861
17275,0.029634949
17276,0.12384321
17277,0.31576645
17278,0.45460346
17279,0.48355272
17280,0.388932
17281,0.20482343
17282,0.015711343
17283,0.08370079
17284,0.06211038
17285,0.07644771
17286,0.28045473
17287,0.445731
17288,0.51292515
17289,0.4037789
17290,0.2745947
17291,0.017378202
17292,0.096858636
17293,0.07801542
17294,0.057333067
17295,0.2565155
17296,0.40706182
17297,0.5159786
17298,0.4689858
17299,0.2869777
17300,0.03524375
17301,0.08299228
17302,0.085499294
17303,0.038493216
17304,0.26067463
17305,0.46288368
17306,0.5513414
17307,0.4912844
17308,0.26275605
17309,0.09176252
17310,0.0634398
17311,0.08828885
17312,0.02118256
17313,0.22817686
17314,0.41890287
17315,0.5035729
17316,0.5146589
17317,0.34075207
17318,0.11560157
17319,0.050234307
17320,0.091241546
17321,0.009374298
17322,0.20114118
17323,0.4134331
17324,0.531666
17325,0.50017697
17326,0.3389023
17327,0.12226685
17328,0.042718835
17329,0.08879329
17330,0.0004994683
17331,0.20095755
17332,0.3923605
17333,0.48608613
17334,0.43601042
17335,0.2724118
17336,0.006993731
17337,0.08274901
17338,0.107106194
17339,0.0005735196
17340,0.21732917
17341,0.44126815
17342,0.5692562
17343,0.5428584
17344,0.37546158
17345,0.1440321
17346,0.061263494
17347,0.09501166
17348,-0.0007389332
17349,0.19479565
17350,0.4125597
17351,0.5425719
17352,0.524904
17353,0.33467588
17354,0.14730977
17355,0.03185849
17356,0.08929393
17357,-0.00026807608
17358,0.20544767
17359,0.4123821
17360,0.52501214
17361,0.49498007
17362,0.33604643
17363,0.08617407
17364,0.043191712
17365,0.08965017
17366,-0.0009016823
17367,0.19477525
17368,0.4037077
17369,0.5233737
17370,0.43540618
17371,0.32586694
17372,0.11181418
17373,0.04164654
17374,0.10286044
17375,-0.0023218764
17376,0.1941614
17377,0.41089025
17378,0.5419064
17379,0.49245453
17380,0.36591554
17381,0.14155751
17382,0.036947593
17383,0.093163334
17384,-0.00022783363
17385,0.19351223
17386,0.41177908
17387,0.53788847
17388,0.515767
17389,0.35771495
17390,0.13775055
17391,0.03720901
17392,0.09180091
17393,-0.0009838222
17394,0.18279347
17395,0.37219366
17396,0.48426223
17397,0.48490393
17398,0.35888767
17399,0.13453488
17400,0.043232515
17401,0.0932203
17402,-0.003347645
17403,0.20003071
17404,0.41765034
17405,0.5413649
17406,0.5299812
17407,0.36178827
17408,0.13187213
17409,0.04437817
17410,0.09401517
17411,-0.0026841485
17412,0.2027116
17413,0.41800922
17414,0.54403937
17415,0.52156824
17416,0.3617326
17417,0.13927986
17418,0.045512483
17419,0.08827033
17420,-0.0038091135
17421,0.19870463
17422,0.41244593
17423,0.5227884
17424,0.45637423
17425,0.28801173
17426,0.055506904
17427,0.08829075
17428,0.0988388
17429,0.003056943
17430,0.22459756
17431,0.4464259
17432,0.5675219
17433,0.5385293
17434,0.36749652
17435,0.13470225
17436,0.06254977
17437,0.095600955
17438,-0.0040396503
17439,0.20386289
17440,0.42517468
17441,0.5528607
17442,0.52845174
17443,0.3659628
17444,0.11822295
17445,0.036255244
17446,0.09673877
17447,-0.003470595
17448,0.18504524
17449,0.39022598
17450,0.52806056
17451,0.5054133
17452,0.34949568
17453,0.12908156
17454,0.038390737
17455,0.08991285
17456,-0.0038624248
17457,0.18926494
17458,0.40321434
17459,0.52590114
17460,0.50687706
17461,0.34646752
17462,0.12787144
17463,0.040703595
17464,0.088028304
17465,0.0075928885
17466,0.195757
17467,0.3589538
17468,0.49155194
17469,0.51170427
17470,0.3252321
17471,0.09373266
17472,0.06267676
17473,0.07403173
17474,0.046695065
17475,0.26614195
17476,0.45089298
17477,0.46342748
17478,0.4538664
17479,0.25237846
17480,0.07037648
17481,0.07396541
17482,0.08157667
17483,0.041328162
17484,0.2565984
17485,0.45906073
17486,0.5562532
17487,0.4999088
17488,0.2818449
17489,0.014721955
17490,0.07678224
17491,0.086345024
17492,0.027281165
17493,0.24084313
17494,0.44695708
17495,0.55220824
17496,0.5088897
17497,0.2659167
17498,0.11673946
17499,0.05182169
17500,0.09076793
17501,0.0086313635
17502,0.20592043
17503,0.42565158
17504,0.5413286
17505,0.51001227
17506,0.34750947
17507,0.12760314
17508,0.04194052
17509,0.0855266
17510,0.0071273637
17511,0.19415064
17512,0.35323685
17513,0.47756368
17514,0.4922009
17515,0.329792
17516,0.11508766
17517,0.047635056
17518,0.089240134
17519,0.0027213185
17520,0.20189902
17521,0.4078079
17522,0.5252866
17523,0.47821343
17524,0.34534737
17525,0.12891781
17526,0.040246792
17527,0.08842868
17528,-0.0024920292
17529,0.19329229
17530,0.39407387
17531,0.52422464
17532,0.5023546
17533,0.34608012
17534,0.13034591
17535,0.03894724
17536,0.089947656
17537,-0.0031883367
17538,0.20273055
17539,0.41777664
17540,0.54807866
17541,0.5094346
17542,0.33403337
17543,0.10500356
17544,0.055379715
17545,0.091360904
17546,0.016792372
17547,0.23359649
17548,0.44111633
17549,0.52176344
17550,0.5064754
17551,0.3343764
17552,0.11251041
17553,0.052137975
17554,0.09186059
17555,0.0060391095
17556,0.2112436
17557,0.42111608
17558,0.5391093
17559,0.5121954
17560,0.35097566
17561,0.10240226
17562,0.041604657
17563,0.092171505
17564,-0.0037622852
17565,0.19733599
17566,0.40878323
17567,0.48061258
17568,0.43256754
17569,0.20028971
17570,0.06402281
17571,0.053500514
17572,0.11260793
17573,-0.0007873853
17574,0.20554496
17575,0.4341721
17576,0.5738408
17577,0.55990267
17578,0.31601113
17579,0.09171103
17580,0.03753043
17581,0.09750807
17582,5.0575472e-06
17583,0.22362056
17584,0.42564294
17585,0.5934653
17586,0.5473129
17587,0.3537104
17588,0.10190117
17589,0.062665924
17590,0.09329489
17591,0.02412004
17592,0.24382818
17593,0.45679665
17594,0.56706285
17595,0.5273216
17596,0.35178968
17597,0.12213306
17598,0.06295746
17599,0.0778702
17600,0.03147672
17601,0.22980219
17602,0.420333
17603,0.53290963
17604,0.4751993
17605,0.29912475
17606,0.065420024
17607,0.063173465
17608,0.08559991
17609,0.027294181
17610,0.2320723
17611,0.43644637
17612,0.5378917
17613,0.49407744
17614,0.32468173
17615,0.055790953
17616,0.06808396
17617,0.0823064
17618,0.021002024
17619,0.23201695
17620,0.4348554
17621,0.5396041
17622,0.42165655
17623,0.22097202
17624,0.06829087
17625,0.066799894
17626,0.09046695
17627,0.025569046
17628,0.24024197
17629,0.41792932
17630,0.544597
17631,0.5220181
17632,0.32841495
17633,0.10987291
17634,0.060683064
17635,0.09471804
17636,0.014308315
17637,0.2285191
17638,0.45308697
17639,0.5316657
17640,0.4105575
17641,0.18403016
17642,0.013645722
17643,0.11281409
17644,0.11237306
17645,-0.00019668136
17646,0.22516021
17647,0.47419468
17648,0.6100746
17649,0.580962
17650,0.40069568
17651,0.1562686
17652,0.03619903
17653,0.09541446
17654,-0.0036028237
17655,0.20716706
17656,0.3874793
17657,0.47960538
17658,0.4378959
17659,0.17091452
17660,0.004375772
17661,0.16801108
17662,0.13335665
17663,0.005919656
17664,0.24673618
17665,0.48618737
17666,0.65005475
17667,0.61417705
17668,0.42053714
17669,0.15210809
17670,0.041223682
17671,0.092917114
17672,0.016810825
17673,0.24097653
17674,0.46802986
17675,0.5921885
17676,0.5440441
17677,0.3502148
17678,0.10924436
17679,0.06686162
17680,0.090041205
17681,0.020994108
17682,0.23854816
17683,0.4466196
17684,0.5621179
17685,0.5223196
17686,0.34866783
17687,0.1216724
17688,0.049557723
17689,0.08945082
17690,0.0069074826
17691,0.21253899
17692,0.41056395
17693,0.5423639
17694,0.4886368
17695,0.35021052
17696,0.07364121
17697,0.09230124
17698,0.11102259
17699,0.004027509
17700,0.21217917
17701,0.4219168
17702,0.5382033
17703,0.5091183
17704,0.34689552
17705,0.12716872
17706,0.04092731
17707,0.083524965
17708,0.0083394665
17709,0.20300704
17710,0.40667117
17711,0.51648206
17712,0.48623708
17713,0.2619642
17714,0.0852108
17715,0.07005051
17716,0.09586336
17717,-0.0026287877
17718,0.2031726
17719,0.42377046
17720,0.5378788
17721,0.4636798
17722,0.3153483
17723,0.115228936
17724,0.045091152
17725,0.09381593
17726,-8.524628e-05
17727,0.20646605
17728,0.39539707
17729,0.51162094
17730,0.5148202
17731,0.3544639
17732,0.07165673
17733,0.045219727
17734,0.09678668
17735,-0.0018738243
17736,0.20448655
17737,0.42636272
17738,0.4983652
17739,0.4068072
17740,0.31829962
17741,0.08654995
17742,0.086794294
17743,0.10140422
17744,-0.0019473352
17745,0.21464114
17746,0.44000557
17747,0.5144302
17748,0.52970695
17749,0.38144687
17750,0.14460514
17751,0.040608887
17752,0.09672271
17753,-0.004764185
17754,0.20362706
17755,0.42264053
17756,0.5566854
17757,0.53645265
17758,0.37068415
17759,0.14199543
17760,0.03726653
17761,0.098927975
17762,-0.002407724
17763,0.18753694
17764,0.4110489
17765,0.5412722
17766,0.4732653
17767,0.2954631
17768,0.13958402
17769,0.046253555
17770,0.09427887
17771,-0.0037175575
17772,0.19198686
17773,0.41534817
17774,0.5401164
17775,0.517785
17776,0.3608465
17777,0.13849758
17778,0.035790216
17779,0.09107264
17780,-0.0020946967
17781,0.18919906
17782,0.37760922
17783,0.45501435
17784,0.40401953
17785,0.22041033
17786,0.07593475
17787,0.046017706
17788,0.09868037
17789,-0.005012563
17790,0.20877498
17791,0.43626466
17792,0.5685493
17793,0.54687977
17794,0.3778938
17795,0.1434211
17796,0.07387415
17797,0.10821515
17798,-0.004561682
17799,0.20476389
17800,0.42487562
17801,0.55361277
17802,0.53192824
17803,0.37055063
17804,0.14545959
17805,0.033296876
17806,0.08913539
17807,-0.00399239
17808,0.19028176
17809,0.39776847
17810,0.49911675
17811,0.470245
17812,0.35178652
17813,0.1347071
17814,0.06330881
17815,0.08764303
17816,0.0022614296
17817,0.20013446
17818,0.37420568
17819,0.50873
17820,0.49884638
17821,0.32051218
17822,0.10849159
17823,0.05417647
17824,0.088940874
17825,0.009945771
17826,0.2104025
17827,0.41982275
17828,0.5367648
17829,0.50709987
17830,0.34367824
17831,0.122015364
17832,0.046105646
17833,0.09111546
17834,0.00033736322
17835,0.20229566
17836,0.41184795
17837,0.5262533
17838,0.4321513
17839,0.31156927
17840,0.10760834
17841,0.06319452
17842,0.10195782
17843,-0.0026296529
17844,0.19862646
17845,0.41945454
17846,0.550062
17847,0.53341067
17848,0.3738934
17849,0.14567252
17850,0.03158053
17851,0.07727439
17852,0.021741265
17853,0.22133088
17854,0.41173947
17855,0.5034648
17856,0.45789838
17857,0.2610045
17858,0.070864774
17859,0.07313533
17860,0.08587214
17861,0.013036784
17862,0.21259339
17863,0.41934776
17864,0.50819904
17865,0.49514857
17866,0.32912305
17867,0.11227077
17868,0.050034925
17869,0.08957603
17870,0.0050951215
17871,0.2064981
17872,0.39436197
17873,0.5323286
17874,0.5035191
17875,0.34361178
17876,0.12641035
17877,0.041852012
17878,0.09018658
17879,-0.003107562
17880,0.19446316
17881,0.40683103
17882,0.5287015
17883,0.5056562
17884,0.3488458
17885,0.13184713
17886,0.03963531
17887,0.09040457
17888,-0.003667
17889,0.1905723
17890,0.39879236
17891,0.518194
17892,0.48987383
17893,0.30859008
17894,0.11115422
17895,0.03651736
17896,0.09234942
17897,-9.327661e-05
17898,0.19215263
17899,0.40582603
17900,0.5263375
17901,0.51601297
17902,0.35682786
17903,0.08632011
17904,0.03812567
17905,0.09148802
17906,-0.0024926893
17907,0.19825146
17908,0.38860932
17909,0.4904148
17910,0.46132773
17911,0.27608016
17912,0.009843197
17913,0.08135948
17914,0.101047985
17915,-0.00076641794
17916,0.21743073
17917,0.45139205
17918,0.5912349
17919,0.5611034
17920,0.31671554
17921,0.025165185
17922,0.078238875
17923,0.098834135
17924,0.014518596
17925,0.24602301
17926,0.47006643
17927,0.5846657
17928,0.5409394
17929,0.32135868
17930,0.12412591
17931,0.05093798
17932,0.09603442
17933,0.0030028373
17934,0.20721224
17935,0.4165153
17936,0.5624087
17937,0.53241473
17938,0.29178566
17939,0.13862945
17940,0.040613182
17941,0.09242998
17942,0.0013281745
17943,0.20638193
17944,0.41898376
17945,0.5405898
17946,0.48581848
17947,0.32182842
17948,0.11655403
17949,0.04975147
17950,0.10051445
17951,-0.004358205
17952,0.19707786
17953,0.38142267
17954,0.52287626
17955,0.49600083
17956,0.3614918
17957,0.13452496
17958,0.042306196
17959,0.10136761
17960,0.0026934068
17961,0.19369401
17962,0.39405265
17963,0.5391971
17964,0.4958834
17965,0.2660612
17966,0.003933689
17967,0.08360265
17968,0.1095736
17969,-0.0028641066
17970,0.21352348
17971,0.4471924
17972,0.58006495
17973,0.546178
17974,0.37056535
17975,0.13416733
17976,0.0457153
17977,0.09557272
17978,-0.0021650007
17979,0.20712827
17980,0.42559358
17981,0.5523111
17982,0.5214938
17983,0.3244809
17984,0.04906244
17985,0.104451224
17986,0.110940255
17987,-0.0012862701
17988,0.21653773
17989,0.44868192
17990,0.57137996
17991,0.5530615
17992,0.37210664
17993,0.13223754
17994,0.046124376
17995,0.1005677
17996,0.009139386
17997,0.22319394
17998,0.41640612
17999,0.54648465
18000,0.5270532
18001,0.3448269
18002,0.11299489
18003,0.08188308
18004,0.090587445
18005,0.032698005
18006,0.25612065
18007,0.4595406
18008,0.5578959
18009,0.50571215
18010,0.32064185
18011,0.09236519
18012,0.08081893
18013,0.09102091
18014,0.033563405
18015,0.2391221
18016,0.42287067
18017,0.55698365
18018,0.49627462
18019,0.30753255
18020,0.0828798
18021,0.068268314
18022,0.0874368
18023,0.02753055
18024,0.24146076
18025,0.455435
18026,0.54678005
18027,0.5179065
18028,0.3371017
18029,0.10773763
18030,0.056723695
18031,0.082239725
18032,0.034972496
18033,0.24700351
18034,0.44399124
18035,0.5026567
18036,0.42981872
18037,0.31023023
18038,0.08847505
18039,0.0650946
18040,0.08804306
18041,0.022844236
18042,0.23397693
18043,0.4379553
18044,0.54836214
18045,0.4496818
18046,0.21858342
18047,0.058854003
18048,0.09384093
18049,0.10103823
18050,0.003344519
18051,0.221824
18052,0.43412453
18053,0.5717896
18054,0.54461545
18055,0.3741423
18056,0.14137603
18057,0.038572304
18058,0.09214184
18059,0.018538907
18060,0.24475095
18061,0.47031084
18062,0.57180876
18063,0.5024184
18064,0.30334657
18065,0.0746051
18066,0.09722407
18067,0.07826153
18068,0.055510484
18069,0.27323127
18070,0.46820614
18071,0.55024976
18072,0.48407102
18073,0.28275692
18074,0.06721476
18075,0.06715903
18076,0.0875312
18077,0.03183986
18078,0.24486256
18079,0.45012245
18080,0.49428138
18081,0.359879
18082,0.26400447
18083,0.07374138
18084,0.06267627
18085,0.08923691
18086,0.024159519
18087,0.2460686
18088,0.4592727
18089,0.5678502
18090,0.52342415
18091,0.34693438
18092,0.062681645
18093,0.077114224
18094,0.09616119
18095,0.0026349719
18096,0.22102219
18097,0.44663906
18098,0.54581213
18099,0.5290521
18100,0.3540042
18101,0.1274786
18102,0.047168363
18103,0.07633036
18104,0.035581447
18105,0.24428417
18106,0.43883705
18107,0.52646804
18108,0.47104287
18109,0.296498
18110,0.083714664
18111,0.08425849
18112,0.08701101
18113,0.023021556
18114,0.22473113
18115,0.42716476
18116,0.54596305
18117,0.50431186
18118,0.32716516
18119,0.101790555
18120,0.057498712
18121,0.08106586
18122,0.032509726
18123,0.25329897
18124,0.42099765
18125,0.54689926
18126,0.48208392
18127,0.29806802
18128,0.07401274
18129,0.06831037
18130,0.08469508
18131,0.028887289
18132,0.24365038
18133,0.44762135
18134,0.5479317
18135,0.50032336
18136,0.3269517
18137,0.10639024
18138,0.054702707
18139,0.08982986
18140,0.013891571
18141,0.2197083
18142,0.40071833
18143,0.5032911
18144,0.48174876
18145,0.3383639
18146,0.113668
18147,0.05278412
18148,0.091734014
18149,0.006923529
18150,0.21390127
18151,0.42509913
18152,0.54681545
18153,0.5172342
18154,0.33426327
18155,0.1288627
18156,0.04418885
18157,0.092698134
18158,-0.0021639883
18159,0.20321561
18160,0.42100286
18161,0.5344088
18162,0.508319
18163,0.35619897
18164,0.13004301
18165,0.04273448
18166,0.08139829
18167,0.01437196
18168,0.21068692
18169,0.40099114
18170,0.5271682
18171,0.46503147
18172,0.2631207
18173,0.1075938
18174,0.054303996
18175,0.08654338
18176,0.013155859
18177,0.21763888
18178,0.42267993
18179,0.53900445
18180,0.5082353
18181,0.34194496
18182,0.11962886
18183,0.044618875
18184,0.085954435
18185,0.020278644
18186,0.21842082
18187,0.41229472
18188,0.5138449
18189,0.47661915
18190,0.30441058
18191,0.10767278
18192,0.04973874
18193,0.0874822
18194,0.0068475027
18195,0.21323553
18196,0.42007452
18197,0.5275617
18198,0.4904078
18199,0.32470432
18200,0.113514945
18201,0.045050055
18202,0.0837402
18203,0.011729582
18204,0.20558247
18205,0.40119785
18206,0.50893056
18207,0.47850254
18208,0.32467362
18209,0.11492581
18210,0.044851206
18211,0.08750647
18212,0.00042002322
18213,0.19439569
18214,0.3687024
18215,0.45794886
18216,0.45771268
18217,0.2971043
18218,0.09537117
18219,0.04196066
18220,0.09772825
18221,-0.00013271486
18222,0.19164127
18223,0.3958739
18224,0.5104475
18225,0.50517094
18226,0.34010834
18227,0.12139625
18228,0.044308804
18229,0.0873649
18230,0.0047378596
18231,0.20247452
18232,0.405547
18233,0.5202157
18234,0.4262859
18235,0.33637398
18236,0.12496388
18237,0.04222148
18238,0.08527355
18239,0.008559737
18240,0.2083655
18241,0.41112274
18242,0.51947325
18243,0.4851724
18244,0.32662052
18245,0.115158655
18246,0.042084552
18247,0.07422272
18248,0.025544506
18249,0.21719207
18250,0.37878427
18251,0.4930125
18252,0.44644147
18253,0.24514478
18254,0.07261414
18255,0.0664878
18256,0.08392572
18257,0.03150309
18258,0.23874275
18259,0.43081945
18260,0.5288851
18261,0.48236626
18262,0.31357053
18263,0.099722765
18264,0.05570755
18265,0.08290295
18266,0.018086592
18267,0.2240116
18268,0.42340553
18269,0.52606636
18270,0.48702925
18271,0.32301855
18272,0.10938104
18273,0.04814317
18274,0.08642852
18275,0.008430382
18276,0.21384846
18277,0.42972082
18278,0.54729927
18279,0.50330764
18280,0.3248764
18281,0.10029351
18282,0.059417307
18283,0.08735617
18284,0.0173833
18285,0.21726446
18286,0.42124313
18287,0.55145925
18288,0.5000443
18289,0.33445254
18290,0.10718595
18291,0.05551545
18292,0.08711833
18293,0.021145277
18294,0.22607103
18295,0.43234408
18296,0.5300042
18297,0.5017922
18298,0.32577825
18299,0.10397559
18300,0.059503537
18301,0.09452754
18302,0.011718863
18303,0.21855244
18304,0.42638505
18305,0.54677343
18306,0.49205962
18307,0.3465594
18308,0.12335529
18309,0.043374524
18310,0.08309434
18311,0.011549696
18312,0.21479926
18313,0.4230743
18314,0.536864
18315,0.50052905
18316,0.32701936
18317,0.10436739
18318,0.05825565
18319,0.06408649
18320,0.07409725
18321,0.2909131
18322,0.44364294
18323,0.5109142
18324,0.38096666
18325,0.15168324
18326,0.015691621
18327,0.08904711
18328,0.05848413
18329,0.081815004
18330,0.28929526
18331,0.47094685
18332,0.5407227
18333,0.46570805
18334,0.27572936
18335,0.060578715
18336,0.072800756
18337,0.06966755
18338,0.060444005
18339,0.27927622
18340,0.46576837
18341,0.47219816
18342,0.4572046
18343,0.26824883
18344,0.057082627
18345,0.07673995
18346,0.07907019
18347,0.047745224
18348,0.27049583
18349,0.4524933
18350,0.5511366
18351,0.48500693
18352,0.30124974
18353,0.083068945
18354,0.061957892
18355,0.08029864
18356,0.035651766
18357,0.23793794
18358,0.4147865
18359,0.5126891
18360,0.46386525
18361,0.31066325
18362,0.07645233
18363,0.059291635
18364,0.08797702
18365,0.015449716
18366,0.22150084
18367,0.43337297
18368,0.5471405
18369,0.50744957
18370,0.33636132
18371,0.09609789
18372,0.07855265
18373,0.0930619
18374,0.0036371276
18375,0.20497662
18376,0.42548165
18377,0.5457498
18378,0.51982576
18379,0.3568125
18380,0.13383469
18381,0.067736685
18382,0.09631945
18383,-0.0028747837
18384,0.19476251
18385,0.40688607
18386,0.53448015
18387,0.5167117
18388,0.36117402
18389,0.14140867
18390,0.03492784
18391,0.08747034
18392,0.0033639874
18393,0.20550705
18394,0.40803155
18395,0.5103089
18396,0.4937225
18397,0.33295435
18398,0.11846111
18399,0.065631546
18400,0.08987793
18401,0.0042895423
18402,0.20341991
18403,0.40934375
18404,0.52545816
18405,0.4984746
18406,0.3412568
18407,0.12649529
18408,0.04153955
18409,0.08966346
18410,0.0031918748
18411,0.20716193
18412,0.4178216
18413,0.5288366
18414,0.4926599
18415,0.33038998
18416,0.11460219
18417,0.05295597
18418,0.08951559
18419,0.0027182302
18420,0.20118655
18421,0.37104958
18422,0.41481432
18423,0.42503527
18424,0.3147191
18425,0.11386584
18426,0.058543097
18427,0.09335968
18428,0.009150766
18429,0.22981739
18430,0.45393762
18431,0.55465984
18432,0.52579397
18433,0.3244591
18434,0.048329145
18435,0.09023405
18436,0.093951926
18437,0.010667937
18438,0.22192831
18439,0.43522292
18440,0.5576907
18441,0.5248236
18442,0.31746167
18443,0.098769285
18444,0.04684375
18445,0.09454191
18446,0.0024966607
18447,0.21054523
18448,0.42519483
18449,0.547344
18450,0.5219424
18451,0.3235177
18452,0.13664237
18453,0.040715195
18454,0.09676115
18455,-0.0034679263
18456,0.21065794
18457,0.44387907
18458,0.56849504
18459,0.52529526
18460,0.34442177
18461,0.11254672
18462,0.05461644
18463,0.0883882
18464,0.014862919
18465,0.22321154
18466,0.43110868
18467,0.5435398
18468,0.48145133
18469,0.34592408
18470,0.086733
18471,0.07366952
18472,0.10816301
18473,-0.004375472
18474,0.20267764
18475,0.42208436
18476,0.556428
18477,0.533467
18478,0.36700422
18479,0.13856222
18480,0.06910513
18481,0.10123826
18482,-0.0019266019
18483,0.1969033
18484,0.38441724
18485,0.47307312
18486,0.35371053
18487,0.2574103
18488,0.04542034
18489,0.066858985
18490,0.10385851
18491,-0.0050362754
18492,0.22004198
18493,0.45410106
18494,0.59029853
18495,0.568069
18496,0.39651683
18497,0.15481152
18498,0.039086316
18499,0.100493364
18500,-0.0048216847
18501,0.20085552
18502,0.39395547
18503,0.49118426
18504,0.5258998
18505,0.35537994
18506,0.13887008
18507,0.04310785
18508,0.092891395
18509,0.00095400633
18510,0.21759713
18511,0.44515866
18512,0.5482686
18513,0.5238987
18514,0.3356548
18515,0.10190554
18516,0.062465806
18517,0.09247289
18518,0.017347097
18519,0.23030266
18520,0.44638395
18521,0.58146155
18522,0.5355485
18523,0.34868628
18524,0.10430482
18525,0.05759051
18526,0.08958487
18527,0.017848093
18528,0.24029905
18529,0.45911694
18530,0.57157856
18531,0.5257059
18532,0.3423508
18533,0.10434986
18534,0.055695575
18535,0.09106648
18536,0.01480503
18537,0.22598445
18538,0.43186894
18539,0.55111605
18540,0.480987
18541,0.30008495
18542,0.1194527
18543,0.048094165
18544,0.09406015
18545,0.0009799516
18546,0.21705548
18547,0.44817746
18548,0.57608
18549,0.5345101
18550,0.32478014
18551,0.11634636
18552,0.05382776
18553,0.090292074
18554,0.014536146
18555,0.22513384
18556,0.42429727
18557,0.5005304
18558,0.37952635
18559,0.1964301
18560,0.06234101
18561,0.0782195
18562,0.10081993
18563,0.007162612
18564,0.23305926
18565,0.45979875
18566,0.58432335
18567,0.55092824
18568,0.30865678
18569,0.07335923
18570,0.047596116
18571,0.096703514
18572,-0.0022465598
18573,0.21149041
18574,0.43426123
18575,0.56383973
18576,0.46753505
18577,0.37997887
18578,0.14458135
18579,0.039606337
18580,0.095969215
18581,-0.0018152215
18582,0.2050179
18583,0.42260316
18584,0.5625485
18585,0.52934855
18586,0.3541792
18587,0.12287201
18588,0.0477723
18589,0.07984382
18590,0.03007153
18591,0.23966956
18592,0.4396543
18593,0.5347808
18594,0.4486708
18595,0.3060461
18596,0.0782157
18597,0.062597305
18598,0.08752465
18599,0.021000367
18600,0.2292315
18601,0.4337459
18602,0.5412495
18603,0.50273573
18604,0.29405874
18605,0.11823074
18606,0.062503785
18607,0.09458714
18608,0.0029328396
18609,0.20672461
18610,0.4171559
18611,0.53266734
18612,0.5111791
18613,0.29950988
18614,0.10206504
18615,0.07536542
18616,0.092989124
18617,-0.0041183056
18618,0.19712807
18619,0.41276348
18620,0.53717333
18621,0.5136526
18622,0.35561845
18623,0.13578145
18624,0.03813601
18625,0.09052954
18626,0.0018827938
18627,0.21447296
18628,0.43609202
18629,0.5175819
18630,0.49023777
18631,0.3320839
18632,0.09869865
18633,0.0847308
18634,0.08325556
18635,0.027772203
18636,0.23633409
18637,0.4362469
18638,0.5208383
18639,0.44537237
18640,0.31731084
18641,0.10200311
18642,0.060699128
18643,0.091526575
18644,0.015860762
18645,0.21886201
18646,0.44191724
18647,0.55511343
18648,0.5180666
18649,0.27717784
18650,0.10903668
18651,0.048256993
18652,0.09463667
18653,0.00011496898
18654,0.20442611
18655,0.42645878
18656,0.5186185
18657,0.52814054
18658,0.36324134
18659,0.13718286
18660,0.06526132
18661,0.09455089
18662,-0.001762598
18663,0.20102043
18664,0.41999042
18665,0.54495364
18666,0.5207375
18667,0.3601679
18668,0.089495495
18669,0.03869503
18670,0.09358858
18671,-0.0014989807
18672,0.19307914
18673,0.40763775
18674,0.53535587
18675,0.51769876
18676,0.36273426
18677,0.14295335
18678,0.050114717
18679,0.09250631
18680,0.0029333183
18681,0.19210722
18682,0.41478777
18683,0.55144584
18684,0.52951425
18685,0.35812032
18686,0.12613699
18687,0.08019535
18688,0.09976744
18689,-0.0009621638
18690,0.20820254
18691,0.42098176
18692,0.55224264
18693,0.52755034
18694,0.36502135
18695,0.14064622
18696,0.038287237
18697,0.089526035
18698,0.0069099385
18699,0.21612492
18700,0.4281459
18701,0.5394018
18702,0.49923947
18703,0.329581
18704,0.10934308
18705,0.07105953
18706,0.089300655
18707,0.010295298
18708,0.21252593
18709,0.4067457
18710,0.531522
18711,0.5005813
18712,0.30701852
18713,0.12365059
18714,0.044563558
18715,0.09207315
18716,0.0003648675
18717,0.19937897
18718,0.39603835
18719,0.5297759
18720,0.504544
18721,0.34761408
18722,0.12936972
18723,0.04052092
18724,0.090619214
18725,-0.004482425
18726,0.19203453
18727,0.40227613
18728,0.53231585
18729,0.5138563
18730,0.35387453
18731,0.13202141
18732,0.04094709
18733,0.09193178
18734,-0.002240611
18735,0.20163858
18736,0.4114472
18737,0.53084004
18738,0.50625056
18739,0.30629382
18740,0.13329288
18741,0.040225662
18742,0.093853734
18743,-0.0034918855
18744,0.19256814
18745,0.4030949
18746,0.5332373
18747,0.51451385
18748,0.35625046
18749,0.13611609
18750,0.038129136
18751,0.09178037
18752,-0.0026896843
18753,0.20005396
18754,0.42042702
18755,0.5438389
18756,0.5112595
18757,0.34449798
18758,0.12350848
18759,0.04645943
18760,0.09078724
18761,0.0067097
18762,0.21550371
18763,0.4395007
18764,0.5536611
18765,0.5069486
18766,0.26316044
18767,0.10540927
18768,0.05926928
18769,0.092145726
18770,0.013829634
18771,0.22053623
18772,0.4401729
18773,0.5550563
18774,0.51069766
18775,0.35157838
18776,0.12598471
18777,0.046218615
18778,0.09278789
18779,-0.00029372238
18780,0.20413145
18781,0.42446464
18782,0.54140836
18783,0.5179359
18784,0.3536894
18785,0.13071872
18786,0.042044304
18787,0.09201134
18788,-0.0015556714
18789,0.20372872
18790,0.41669244
18791,0.53766704
18792,0.5098366
18793,0.34849316
18794,0.12886547
18795,0.039989434
18796,0.098437555
18797,-0.0033446262
18798,0.19793704
18799,0.40064058
18800,0.5269937
18801,0.5032424
18802,0.34155443
18803,0.07738782
18804,0.03920818
18805,0.090654604
18806,-0.0035699257
18807,0.1914396
18808,0.4002983
18809,0.5072876
18810,0.45035052
18811,0.22473216
18812,0.09452111
18813,0.039001185
18814,0.09010007
18815,-0.0019255793
18816,0.19416116
18817,0.3957612
18818,0.5057465
18819,0.5223528
18820,0.35585618
18821,0.13089108
18822,0.043186903
18823,0.092905425
18824,-0.003334405
18825,0.19479652
18826,0.39693555
18827,0.5164479
18828,0.4315318
18829,0.3266385
18830,0.05813369
18831,0.056640532
18832,0.09301728
18833,0.0014234884
18834,0.20604593
18835,0.4273245
18836,0.56041443
18837,0.52702296
18838,0.35896865
18839,0.10511506
18840,0.045380697
18841,0.093767114
18842,-0.002673305
18843,0.1982935
18844,0.41758627
18845,0.5464142
18846,0.5231361
18847,0.2893279
18848,0.13997884
18849,0.039528098
18850,0.10372785
18851,-0.0014061662
18852,0.2027793
18853,0.43047693
18854,0.564774
18855,0.5359367
18856,0.3587357
18857,0.12495624
18858,0.06113671
18859,0.09510816
18860,0.007907987
18861,0.21532157
18862,0.42841196
18863,0.52894896
18864,0.51773936
18865,0.3432075
18866,0.129912
18867,0.04356796
18868,0.09224784
18869,-0.0026113442
18870,0.19173776
18871,0.3790909
18872,0.53067607
18873,0.5163294
18874,0.35565704
18875,0.1326733
18876,0.041322418
18877,0.089899376
18878,-0.0017489193
18879,0.19736111
18880,0.39320838
18881,0.5191893
18882,0.4879539
18883,0.35017812
18884,0.11227427
18885,0.04241212
18886,0.09229138
18887,-0.0027227188
18888,0.19855005
18889,0.40159222
18890,0.53432757
18891,0.5118178
18892,0.35449132
18893,0.13561428
18894,0.035717398
18895,0.08728781
18896,-0.0030347058
18897,0.19135348
18898,0.39603895
18899,0.5160997
18900,0.4957021
18901,0.34479216
18902,0.13184917
18903,0.03704567
18904,0.08735588
18905,-0.003579075
18906,0.18677108
18907,0.3917882
18908,0.51304
18909,0.4727295
18910,0.34793332
18911,0.13450179
18912,0.035424326
18913,0.08331414
18914,-0.0012143995
18915,0.1862962
18916,0.3741062
18917,0.48421893
18918,0.47963804
18919,0.33214357
18920,0.07111975
18921,0.04172194
18922,0.08654826
18923,-0.0024515174
18924,0.19124186
18925,0.3952447
18926,0.5173918
18927,0.49800542
18928,0.34388122
18929,0.12951708
18930,0.037074834
18931,0.084310114
18932,0.0050925906
18933,0.1972164
18934,0.37799528
18935,0.5045324
18936,0.48256662
18937,0.32878104
18938,0.11956748
18939,0.042640567
18940,0.08798409
18941,-0.0017615291
18942,0.19201674
18943,0.39578035
18944,0.4996402
18945,0.47172537
18946,0.34301412
18947,0.12918958
18948,0.039191525
18949,0.089744076
18950,-0.0035218424
18951,0.18532138
18952,0.35523486
18953,0.50326955
18954,0.5083303
18955,0.34771776
18956,0.1288405
18957,0.04165739
18958,0.09110128
18959,0.0027143965
18960,0.21041045
18961,0.40039355
18962,0.5357636
18963,0.498972
18964,0.33391535
18965,0.11640291
18966,0.046934765
18967,0.08910565
18968,0.004141671
18969,0.20774251
18970,0.41370535
18971,0.52793723
18972,0.49889955
18973,0.34013054
18974,0.12434425
18975,0.042823512
18976,0.090040796
18977,-0.0024081822
18978,0.19500849
18979,0.4023178
18980,0.5235849
18981,0.5027129
18982,0.34869623
18983,0.12382332
18984,0.057780758
18985,0.09517862
18986,0.010782453
18987,0.21894063
18988,0.44247228
18989,0.5413523
18990,0.48258245
18991,0.29939538
18992,0.068053596
18993,0.06767895
18994,0.086340986
18995,0.02701163
18996,0.23850706
18997,0.442967
18998,0.54770195
18999,0.5048236
19000,0.33378714
19001,0.11313357
19002,0.04890203
19003,0.07815648
19004,0.027360274
19005,0.22946489
19006,0.42057565
19007,0.5152745
19008,0.47097918
19009,0.3076481
19010,0.098257616
19011,0.053984698
19012,0.086115785
19013,0.011336971
19014,0.21012725
19015,0.41077754
19016,0.5212465
19017,0.46105617
19018,0.33393082
19019,0.09651889
19020,0.04538188
19021,0.08985224
19022,-0.0005733096
19023,0.19327956
19024,0.40133888
19025,0.5322966
19026,0.504418
19027,0.34251535
19028,0.12758097
19029,0.045554664
19030,0.09090283
19031,-0.004394189
19032,0.20177196
19033,0.4116027
19034,0.51353836
19035,0.41642046
19036,0.33238646
19037,0.13033567
19038,0.042551525
19039,0.084185496
19040,0.011243932
19041,0.20937979
19042,0.41032776
19043,0.51754355
19044,0.4582326
19045,0.3273913
19046,0.11440482
19047,0.047071163
19048,0.088688456
19049,0.0031480496
19050,0.20023224
19051,0.3842972
19052,0.45748818
19053,0.48680162
19054,0.3462393
19055,0.1237291
19056,0.07263965
19057,0.09086657
19058,-7.155817e-06
19059,0.20494686
19060,0.41446492
19061,0.53222895
19062,0.4507107
19063,0.35009187
19064,0.12909183
19065,0.040360637
19066,0.08271288
19067,0.016021984
19068,0.21579644
19069,0.41191134
19070,0.5178707
19071,0.4806873
19072,0.31845555
19073,0.10713188
19074,0.048158806
19075,0.08202104
19076,0.012837095
19077,0.21555406
19078,0.41735834
19079,0.51964056
19080,0.47882414
19081,0.30173925
19082,0.065037
19083,0.07716216
19084,0.086105
19085,0.010172699
19086,0.21227965
19087,0.41674197
19088,0.529887
19089,0.50062823
19090,0.3399295
19091,0.12279151
19092,0.04436306
19093,0.09782067
19094,-0.0026862482
19095,0.1886196
19096,0.39278334
19097,0.42534336
19098,0.35773313
19099,0.16145346
19100,0.026436865
19101,0.08141339
19102,0.105995305
19103,0.021460477
19104,0.2617406
19105,0.50530165
19106,0.58239955
19107,0.5817319
19108,0.37911722
19109,0.12453592
19110,0.059806015
19111,0.09876608
19112,0.012391578
19113,0.24633345
19114,0.47194788
19115,0.58829004
19116,0.54645705
19117,0.36712193
19118,0.13122351
19119,0.049163695
19120,0.08195747
19121,0.022885859
19122,0.22703701
19123,0.4248753
19124,0.5031212
19125,0.4915577
19126,0.3248164
19127,0.10738903
19128,0.052608244
19129,0.09200395
19130,0.012354379
19131,0.22031564
19132,0.42436358
19133,0.5326928
19134,0.4968898
19135,0.3343978
19136,0.11641133
19137,0.045942836
19138,0.08831924
19139,0.00426317
19140,0.20446074
19141,0.4099292
19142,0.52445686
19143,0.49426547
19144,0.3385352
19145,0.124142125
19146,0.04073357
19147,0.08448716
19148,0.013326593
19149,0.20837866
19150,0.40699977
19151,0.5102695
19152,0.47547323
19153,0.28730223
19154,0.11115334
19155,0.0485291
19156,0.08689022
19157,0.0064582727
19158,0.20525861
19159,0.40615883
19160,0.51698446
19161,0.4876003
19162,0.30404037
19163,0.12134308
19164,0.043908097
19165,0.08460658
19166,0.0067194984
19167,0.20406228
19168,0.40364015
19169,0.49778196
19170,0.48602957
19171,0.32809985
19172,0.10890848
19173,0.04551103
19174,0.088123284
19175,0.0011035264
19176,0.19187358
19177,0.40128917
19178,0.5183884
19179,0.49435836
19180,0.2731841
19181,0.13013896
19182,0.03859834
19183,0.08548599
19184,0.0012358776
19185,0.19546549
19186,0.37131143
19187,0.48867407
19188,0.38752246
19189,0.25647745
19190,0.11239959
19191,0.0475965
19192,0.094522454
19193,0.0035063322
19194,0.2083214
19195,0.41916302
19196,0.5391136
19197,0.51245767
19198,0.35210738
19199,0.13221113
19200,0.039901614
19201,0.0911429
19202,-0.0014109977
19203,0.19647239
19204,0.37367317
19205,0.5280013
19206,0.5175545
19207,0.27438617
19208,0.12128044
19209,0.06764058
19210,0.09162536
19211,0.008290331
19212,0.22348362
19213,0.43075642
19214,0.555758
19215,0.5176219
19216,0.34713286
19217,0.12223109
19218,0.048016492
19219,0.089413874
19220,0.009082224
19221,0.20582007
19222,0.42607552
19223,0.54000306
19224,0.50674415
19225,0.34153062
19226,0.12121245
19227,0.046514314
19228,0.09392574
19229,0.00021453435
19230,0.20107016
19231,0.41203752
19232,0.53637487
19233,0.5141786
19234,0.35151762
19235,0.13324419
19236,0.054714464
19237,0.07885895
19238,0.020424468
19239,0.2177048
19240,0.4001115
19241,0.51204324
19242,0.4651982
19243,0.30073783
19244,0.09330151
19245,0.056294095
19246,0.085318945
19247,0.0135918725
19248,0.21289428
19249,0.41280055
19250,0.5216184
19251,0.489154
19252,0.32980087
19253,0.1175386
19254,0.054937236
19255,0.094547644
19256,0.0020219707
19257,0.19776125
19258,0.3978693
19259,0.5178938
19260,0.49332312
19261,0.33739707
19262,0.08695159
19263,0.040026244
19264,0.09168073
19265,-0.0043606507
19266,0.19642009
19267,0.4167768
19268,0.5456247
19269,0.51957345
19270,0.3495377
19271,0.12015264
19272,0.04896883
19273,0.08697028
19274,0.02449421
19275,0.23909976
19276,0.44077832
19277,0.48641887
19278,0.42774245
19279,0.2630747
19280,0.042795777
19281,0.06542563
19282,0.091666594
19283,0.020336505
19284,0.23944595
19285,0.43594804
19286,0.559753
19287,0.52221394
19288,0.3396935
19289,0.109949835
19290,0.05696505
19291,0.09264225
19292,0.011046382
19293,0.22474112
19294,0.43806252
19295,0.5539335
19296,0.5198497
19297,0.3521344
19298,0.12730242
19299,0.07000617
19300,0.09162435
19301,0.0045000864
19302,0.22302267
19303,0.44862813
19304,0.5232153
19305,0.524303
19306,0.3403716
19307,0.10199585
19308,0.05655791
19309,0.06555423
19310,0.072205245
19311,0.29961404
19312,0.44143462
19313,0.52626485
19314,0.4144115
19315,0.2242338
19316,0.0024975657
19317,0.09877651
19318,0.06677212
19319,0.081069306
19320,0.3022562
19321,0.5073637
19322,0.57152796
19323,0.48604017
19324,0.2886795
19325,0.066174425
19326,0.07511516
19327,0.084334575
19328,0.041861225
19329,0.25705224
19330,0.4578611
19331,0.5537531
19332,0.45278153
19333,0.28449675
19334,0.102796815
19335,0.060065933
19336,0.09147051
19337,0.021124993
19338,0.2454903
19339,0.47950155
19340,0.5931215
19341,0.53170216
19342,0.3235645
19343,0.0865868
19344,0.0817486
19345,0.08185727
19346,0.05308429
19347,0.26901332
19348,0.467136
19349,0.5273307
19350,0.4927922
19351,0.30857775
19352,0.08701757
19353,0.0655809
19354,0.09558548
19355,0.021595284
19356,0.23361978
19357,0.441699
19358,0.5509216
19359,0.5112807
19360,0.34236237
19361,0.11954311
19362,0.044718295
19363,0.07595687
19364,0.028896343
19365,0.23015605
19366,0.4170217
19367,0.4737631
19368,0.4426689
19369,0.29882133
19370,0.09067569
19371,0.058031805
19372,0.085234195
19373,0.015853826
19374,0.22341213
19375,0.43427858
19376,0.5490413
19377,0.50384974
19378,0.32289347
19379,0.09734678
19380,0.059452478
19381,0.087153055
19382,0.020764237
19383,0.22830449
19384,0.43356112
19385,0.5188401
19386,0.5039511
19387,0.33506525
19388,0.11470212
19389,0.047965568
19390,0.08977154
19391,0.013631953
19392,0.21122128
19393,0.4196123
19394,0.538122
19395,0.49885228
19396,0.32922417
19397,0.10925322
19398,0.06479018
19399,0.089813724
19400,0.008122941
19401,0.2118505
19402,0.41952914
19403,0.5350458
19404,0.4704272
19405,0.24354203
19406,0.091147594
19407,0.04381113
19408,0.09379187
19409,-0.0005610124
19410,0.20571339
19411,0.4206844
19412,0.53263193
19413,0.43382704
19414,0.3459398
19415,0.110634685
19416,0.041772556
19417,0.09347533
19418,0.0037852218
19419,0.21051167
19420,0.4108761
19421,0.500557
19422,0.51936764
19423,0.35168266
19424,0.114094615
19425,0.044917323
19426,0.092964694
19427,-0.0015917677
19428,0.19561796
19429,0.39594933
19430,0.54181474
19431,0.51667327
19432,0.3563526
19433,0.083340935
19434,0.10112746
19435,0.10500636
19436,-0.0014511519
19437,0.19224419
19438,0.39197275
19439,0.4362501
19440,0.45575216
19441,0.36137465
19442,0.13060133
19443,0.054038
19444,0.094608754
19445,0.00025098864
19446,0.20266096
19447,0.42924127
19448,0.5565009
19449,0.52872896
19450,0.3601024
19451,0.07735162
19452,0.082466766
19453,0.11026403
19454,-0.00020883325
19455,0.18794824
19456,0.4131912
19457,0.48409936
19458,0.5223442
19459,0.37514618
19460,0.14631808
19461,0.03906016
19462,0.09506118
19463,-0.0016656243
19464,0.19603959
19465,0.41346455
19466,0.54282993
19467,0.5247305
19468,0.36771867
19469,0.14524937
19470,0.033906832
19471,0.08830642
19472,0.0018779659
19473,0.20162733
19474,0.37717682
19475,0.4241544
19476,0.44267878
19477,0.31992903
19478,0.09422671
19479,0.049002178
19480,0.09300412
19481,0.0023118295
19482,0.20884608
19483,0.42845508
19484,0.55045515
19485,0.5193656
19486,0.3538589
19487,0.130255
19488,0.04303809
19489,0.092009775
19490,-0.0008403077
19491,0.20735654
19492,0.39066732
19493,0.5064122
19494,0.4716871
19495,0.34748864
19496,0.12180941
19497,0.048685912
19498,0.09033387
19499,0.012839438
19500,0.21948335
19501,0.4288194
19502,0.54498833
19503,0.45550588
19504,0.3186054
19505,0.07819726
19506,0.052211013
19507,0.098171465
19508,0.0035996474
19509,0.21210177
19510,0.4188594
19511,0.48597288
19512,0.40276748
19513,0.21148846
19514,0.032265734
19515,0.11219344
19516,0.11425032
19517,-0.0029590619
19518,0.23021041
19519,0.47040468
19520,0.60704815
19521,0.58247846
19522,0.4038923
19523,0.14112565
19524,0.038080197
19525,0.10042324
19526,0.001107154
19527,0.20205002
19528,0.4300591
19529,0.5467079
19530,0.52091944
19531,0.38913223
19532,0.1510846
19533,0.0335052
19534,0.09639165
19535,0.0038024806
19536,0.1900936
19537,0.41059968
19538,0.55061984
19539,0.5309274
19540,0.36264685
19541,0.08835095
19542,0.038424175
19543,0.09480154
19544,-8.4983185e-05
19545,0.19387078
19546,0.41173196
19547,0.48965663
19548,0.48857632
19549,0.33716053
19550,0.1270469
19551,0.034740042
19552,0.09386799
19553,-0.001622567
19554,0.19384319
19555,0.40892857
19556,0.5423269
19557,0.52967197
19558,0.37075457
19559,0.11909257
19560,0.035707396
19561,0.08265736
19562,0.01881205
19563,0.23514935
19564,0.44045737
19565,0.5163977
19566,0.46109694
19567,0.26392072
19568,0.07557821
19569,0.064598836
19570,0.08279019
19571,0.04485101
19572,0.25167936
19573,0.44570524
19574,0.5304976
19575,0.47509626
19576,0.3013915
19577,0.088606276
19578,0.05558114
19579,0.06399392
19580,0.060670376
19581,0.24975094
19582,0.38080224
19583,0.4563934
19584,0.4258193
19585,0.24843438
19586,0.03003152
19587,0.07016035
19588,0.06348945
19589,0.0692216
19590,0.2825404
19591,0.46084917
19592,0.52224976
19593,0.43686837
19594,0.24853165
19595,0.04206777
19596,0.08041112
19597,0.074170776
19598,0.05278656
19599,0.25635892
19600,0.42810008
19601,0.5246971
19602,0.4833697
19603,0.23466411
19604,0.08803714
19605,0.08711846
19606,0.087664574
19607,0.023913866
19608,0.23551062
19609,0.4493717
19610,0.5597101
19611,0.5126878
19612,0.3347462
19613,0.10937504
19614,0.054812238
19615,0.09088594
19616,0.011102829
19617,0.21860406
19618,0.45265475
19619,0.5668037
19620,0.51655644
19621,0.3017204
19622,0.10774886
19623,0.058389645
19624,0.098022334
19625,0.011444398
19626,0.22467716
19627,0.44505382
19628,0.5625132
19629,0.5249463
19630,0.35360265
19631,0.12590086
19632,0.047125172
19633,0.094748616
19634,0.0014890986
19635,0.20794046
19636,0.4202173
19637,0.54051745
19638,0.5154855
19639,0.31435186
19640,0.13417856
19641,0.05578718
19642,0.092122845
19643,-0.004484175
19644,0.19745149
19645,0.4102231
19646,0.53533614
19647,0.49620298
19648,0.36081257
19649,0.14007066
19650,0.03587735
19651,0.09639348
19652,-0.0014936321
19653,0.20585406
19654,0.42300758
19655,0.51886904
19656,0.50220346
19657,0.33085778
19658,0.086531706
19659,0.048736636
19660,0.07768378
19661,0.035103835
19662,0.24422815
19663,0.43687713
19664,0.51890963
19665,0.46004844
19666,0.22162472
19667,0.07996153
19668,0.065877065
19669,0.08297135
19670,0.03463756
19671,0.24179327
19672,0.42117932
19673,0.53523576
19674,0.4792166
19675,0.31640455
19676,0.06094741
19677,0.056375884
19678,0.08950256
19679,0.011950862
19680,0.22104876
19681,0.43550432
19682,0.5458667
19683,0.50629616
19684,0.3384986
19685,0.11675563
19686,0.05660631
19687,0.08689176
19688,0.018940054
19689,0.21645138
19690,0.42835927
19691,0.55573386
19692,0.49536747
19693,0.30762494
19694,0.08285533
19695,0.068473354
19696,0.08764322
19697,0.027137298
19698,0.23952115
19699,0.44788623
19700,0.55374265
19701,0.5102598
19702,0.33784524
19703,0.11450178
19704,0.050666943
19705,0.08866175
19706,0.0088407565
19707,0.21233362
19708,0.41781083
19709,0.5339315
19710,0.50049037
19711,0.34316838
19712,0.12517996
19713,0.04333056
19714,0.08995282
19715,-0.0013847456
19716,0.19732827
19717,0.4009897
19718,0.5266735
19719,0.50576293
19720,0.3516906
19721,0.1335153
19722,0.037219983
19723,0.08071197
19724,0.01687178
19725,0.21601418
19726,0.41012737
19727,0.5095518
19728,0.46768278
19729,0.30525103
19730,0.097701475
19731,0.07813492
19732,0.09491146
19733,0.007851882
19734,0.20793656
19735,0.4118907
19736,0.5313226
19737,0.5046978
19738,0.3417912
19739,0.12207335
19740,0.055136587
19741,0.09061161
19742,0.00034954166
19743,0.20061345
19744,0.4092902
19745,0.5295922
19746,0.5058762
19747,0.3494341
19748,0.13239074
19749,0.038774487
19750,0.090744615
19751,-0.0040091854
19752,0.19257535
19753,0.40000373
19754,0.5219182
19755,0.50196916
19756,0.35000163
19757,0.13558073
19758,0.04590911
19759,0.10127852
19760,-0.00035507418
19761,0.19145751
19762,0.388329
19763,0.48231307
19764,0.50150603
19765,0.3393885
19766,0.12201107
19767,0.044926126
19768,0.090375
19769,0.0063433703
19770,0.22162873
19771,0.43397358
19772,0.54774857
19773,0.50597876
19774,0.32892627
19775,0.09831574
19776,0.075706005
19777,0.085808225
19778,0.046164475
19779,0.26230973
19780,0.42411596
19781,0.45556742
19782,0.4384379
19783,0.26915506
19784,0.051292572
19785,0.08427492
19786,0.08137648
19787,0.05225046
19788,0.28032073
19789,0.48908347
19790,0.5777348
19791,0.509956
19792,0.31938607
19793,0.09075298
19794,0.06661943
19795,0.088449
19796,0.025106918
19797,0.24890453
19798,0.4650484
19799,0.57097393
19800,0.5173908
19801,0.33301044
19802,0.10409135
19803,0.071581684
19804,0.09534795
19805,0.013088621
19806,0.2290887
19807,0.44330084
19808,0.55782986
19809,0.5219035
19810,0.35200885
19811,0.12616442
19812,0.044832256
19813,0.0868631
19814,0.01677677
19815,0.2344481
19816,0.4088462
19817,0.45474395
19818,0.4417134
19819,0.2974543
19820,0.037082493
19821,0.09144075
19822,0.1014633
19823,0.02128838
19824,0.23426531
19825,0.42211133
19826,0.54520524
19827,0.5438087
19828,0.35084373
19829,0.10921672
19830,0.0584569
19831,0.07271025
19832,0.05319216
19833,0.2799896
19834,0.4712001
19835,0.51125425
19836,0.37978765
19837,0.20581771
19838,0.052925147
19839,0.084146224
19840,0.085021675
19841,0.049954623
19842,0.27576897
19843,0.4837877
19844,0.57499003
19845,0.483317
19846,0.33541116
19847,0.06360671
19848,0.06379985
19849,0.09407576
19850,0.01797491
19851,0.23765378
19852,0.4254844
19853,0.4858709
19854,0.4996721
19855,0.3585223
19856,0.11852084
19857,0.05668706
19858,0.09600217
19859,0.016770203
19860,0.24046853
19861,0.45616576
19862,0.56795394
19863,0.5259288
19864,0.3499632
19865,0.1211079
19866,0.050444625
19867,0.08857054
19868,0.008880148
19869,0.21657832
19870,0.42651927
19871,0.52029
19872,0.5126173
19873,0.3472874
19874,0.12584086
19875,0.044614702
19876,0.089578435
19877,0.0016439529
19878,0.19419768
19879,0.39994615
19880,0.5413643
19881,0.439121
19882,0.23836447
19883,0.047533028
19884,0.12766083
19885,0.11737769
19886,-0.0010942495
19887,0.20359653
19888,0.4182718
19889,0.4885659
19890,0.46751183
19891,0.355652
19892,0.12920721
19893,0.05615517
19894,0.09163941
19895,0.016627064
19896,0.23759425
19897,0.46084172
19898,0.5758291
19899,0.5178154
19900,0.3464923
19901,0.12221956
19902,0.049994256
19903,0.098729834
19904,0.0050955936
19905,0.22174782
19906,0.43709075
19907,0.55335486
19908,0.5203869
19909,0.35281143
19910,0.12799613
19911,0.050561707
19912,0.09201705
19913,0.0073896805
19914,0.21317796
19915,0.42089626
19916,0.5357219
19917,0.50828046
19918,0.2875853
19919,0.06820739
19920,0.079682656
19921,0.10627349
19922,-0.00021314574
19923,0.20804588
19924,0.42914551
19925,0.5542233
19926,0.4968303
19927,0.2594717
19928,0.07771267
19929,0.04452437
19930,0.09849102
19931,-0.0032068803
19932,0.20502453
19933,0.42877322
19934,0.56668055
19935,0.5520289
19936,0.3865683
19937,0.14797358
19938,0.037199643
19939,0.09169108
19940,-0.0031944695
19941,0.19858186
19942,0.41378817
19943,0.5388629
19944,0.5147447
19945,0.35609436
19946,0.13465384
19947,0.03880141
19948,0.091221
19949,-0.0034739769
19950,0.19172776
19951,0.37864777
19952,0.52855444
19953,0.507774
19954,0.35309982
19955,0.12409531
19956,0.04989392
19957,0.09624208
19958,-0.001965182
19959,0.18131065
19960,0.39349508
19961,0.5223671
19962,0.5039659
19963,0.3513677
19964,0.081374556
19965,0.04634216
19966,0.09196764
19967,-0.0034691005
19968,0.1938866
19969,0.40639755
19970,0.5284523
19971,0.5045111
19972,0.34828132
19973,0.13150112
19974,0.03821674
19975,0.08967446
19976,-0.0034199262
19977,0.18937291
19978,0.40286863
19979,0.53338146
19980,0.5109586
19981,0.34530988
19982,0.0938772
19983,0.066802934
19984,0.09725624
19985,-0.003363882
19986,0.1965367
19987,0.41155913
19988,0.5445816
19989,0.52801627
19990,0.36775032
19991,0.14131485
19992,0.03682857
19993,0.08811987
19994,0.011515647
19995,0.21808128
19996,0.4307392
19997,0.54390025
19998,0.44451264
19999,0.32212818
20000,0.09142582
20001,0.06527387
20002,0.08622328
20003,0.025517926
20004,0.23696853
20005,0.44181594
20006,0.5514891
20007,0.51291656
20008,0.33838412
20009,0.112380475
20010,0.048941337
20011,0.07530394
20012,0.051843144
20013,0.26944047
20014,0.44295123
20015,0.53307205
20016,0.4516413
20017,0.26276317
20018,0.043878246
20019,0.07345949
20020,0.038418315
20021,0.11699149
20022,0.32708567
20023,0.48097354
20024,0.50003636
20025,0.3917198
20026,0.19484858
20027,0.027439643
20028,0.08598442
20029,0.036437914
20030,0.13086697
20031,0.3542031
20032,0.50981385
20033,0.52546066
20034,0.40096125
20035,0.1965073
20036,0.00024054293
20037,0.10794251
20038,0.058573943
20039,0.0939304
20040,0.31123513
20041,0.48992282
20042,0.5524763
20043,0.4705194
20044,0.27911025
20045,0.062761776
20046,0.075862795
20047,0.07711796
20048,0.04806557
20049,0.26062012
20050,0.4551196
20051,0.5449246
20052,0.4890512
20053,0.31227425
20054,0.093988545
20055,0.06057241
20056,0.086310014
20057,0.019706767
20058,0.22664817
20059,0.43012887
20060,0.5377671
20061,0.50006074
20062,0.33431324
20063,0.08559102
20064,0.047631636
20065,0.086312145
20066,0.012213616
20067,0.21875061
20068,0.42016158
20069,0.5259699
20070,0.491718
20071,0.32943946
20072,0.11273416
20073,0.049125407
20074,0.08916765
20075,0.004260123
20076,0.20423937
20077,0.41024205
20078,0.5270247
20079,0.45214096
20080,0.31950566
20081,0.13025507
20082,0.041018143
20083,0.07713664
20084,0.027239872
20085,0.22812124
20086,0.38990408
20087,0.4803765
20088,0.39272985
20089,0.21883765
20090,0.06472099
20091,0.062616065
20092,0.087963685
20093,0.019103397
20094,0.20867197
20095,0.40657413
20096,0.44200477
20097,0.4518904
20098,0.30478
20099,0.11083838
20100,0.058018222
20101,0.08605513
20102,0.027691483
20103,0.25031435
20104,0.46684667
20105,0.56569463
20106,0.5029163
20107,0.31587234
20108,0.09040644
20109,0.076689206
20110,0.08996404
20111,0.025110073
20112,0.23962922
20113,0.44775367
20114,0.55945915
20115,0.51664025
20116,0.3408157
20117,0.11461205
20118,0.05280889
20119,0.09041588
20120,0.017169889
20121,0.24140714
20122,0.46999285
20123,0.5789507
20124,0.5145156
20125,0.31802896
20126,0.08630729
20127,0.0705112
20128,0.08617009
20129,0.03251252
20130,0.25035837
20131,0.45836687
20132,0.56195575
20133,0.5155015
20134,0.3381909
20135,0.111606635
20136,0.0545413
20137,0.09468723
20138,0.008028618
20139,0.21698584
20140,0.42939097
20141,0.54762596
20142,0.45754978
20143,0.30341423
20144,0.13169731
20145,0.04526895
20146,0.10011345
20147,-0.0036694456
20148,0.20337361
20149,0.42162004
20150,0.5487494
20151,0.52612144
20152,0.29491338
20153,0.12812552
20154,0.038054414
20155,0.09054859
20156,0.004066008
20157,0.20989239
20158,0.41804165
20159,0.4805598
20160,0.5087602
20161,0.34442523
20162,0.124207705
20163,0.044926375
20164,0.091295995
20165,-0.0009513472
20166,0.19993982
20167,0.40971988
20168,0.53130347
20169,0.51148677
20170,0.35489765
20171,0.13400641
20172,0.039211236
20173,0.0915802
20174,-0.002233857
20175,0.18541591
20176,0.40112007
20177,0.54063267
20178,0.5123097
20179,0.34983075
20180,0.07379837
20181,0.08127872
20182,0.11280945
20183,0.0044399165
20184,0.21607074
20185,0.44627488
20186,0.5758623
20187,0.5387739
20188,0.34916595
20189,0.10702669
20190,0.05591049
20191,0.06290157
20192,0.076285355
20193,0.29249242
20194,0.48915944
20195,0.539743
20196,0.4374079
20197,0.16829711
20198,0.01739614
20199,0.08625037
20200,0.051007614
20201,0.10191583
20202,0.30778322
20203,0.50816846
20204,0.5433031
20205,0.44880462
20206,0.24132887
20207,0.027773112
20208,0.10898039
20209,0.06969703
20210,0.0708437
20211,0.28867146
20212,0.4785806
20213,0.5574625
20214,0.48933437
20215,0.30250245
20216,0.079563715
20217,0.064084895
20218,0.077042565
20219,0.03975771
20220,0.24424922
20221,0.44176894
20222,0.5349083
20223,0.48095343
20224,0.29259977
20225,0.09137474
20226,0.063779466
20227,0.084447496
20228,0.021253534
20229,0.22496384
20230,0.42359936
20231,0.47368103
20232,0.35039032
20233,0.19449724
20234,0.05348074
20235,0.15207703
20236,0.109852515
20237,0.027677499
20238,0.2734384
20239,0.47035533
20240,0.47566256
20241,0.35710725
20242,0.20432046
20243,0.040545866
20244,0.12001565
20245,0.10917178
20246,0.05790035
20247,0.31320214
20248,0.47961056
20249,0.59857863
20250,0.45061925
20251,0.28367487
20252,0.050617453
20253,0.081764616
20254,0.09411837
20255,0.04829425
20256,0.2940675
20257,0.52067786
20258,0.62670976
20259,0.5541815
20260,0.3679698
20261,0.118971296
20262,0.056367073
20263,0.09889744
20264,0.020491512
20265,0.22762173
20266,0.45121777
20267,0.54635125
20268,0.48021987
20269,0.3525706
20270,0.12120688
20271,0.051539466
20272,0.094060384
20273,0.011871502
20274,0.22327642
20275,0.42501011
20276,0.5693461
20277,0.5300476
20278,0.34994882
20279,0.116223104
20280,0.052352633
20281,0.097497284
20282,0.010488505
20283,0.21871305
20284,0.3985416
20285,0.47306335
20286,0.43198717
20287,0.3123535
20288,0.089123346
20289,0.07935418
20290,0.09747193
20291,0.0021263934
20292,0.21752149
20293,0.4395596
20294,0.5656078
20295,0.5416207
20296,0.37318143
20297,0.10588701
20298,0.037422784
20299,0.09163998
20300,-0.0019304575
20301,0.201138
20302,0.41364837
20303,0.53720725
20304,0.5145544
20305,0.35018438
20306,0.13731045
20307,0.037016295
20308,0.08760487
20309,-0.003648788
20310,0.18969305
20311,0.40035072
20312,0.52497464
20313,0.46233058
20314,0.3221636
20315,0.09213734
20316,0.04078102
20317,0.091700196
20318,-0.004712723
20319,0.19668451
20320,0.4095797
20321,0.51302683
20322,0.502361
20323,0.35996947
20324,0.13862444
20325,0.038343515
20326,0.09363588
20327,-0.0042913
20328,0.19429219
20329,0.4038758
20330,0.5271299
20331,0.50999105
20332,0.3565966
20333,0.13665663
20334,0.036131505
20335,0.089818284
20336,-0.0038261982
20337,0.1900558
20338,0.3947767
20339,0.49452585
20340,0.44630924
20341,0.30989155
20342,0.04548489
20343,0.057381302
20344,0.09481941
20345,-0.0010781258
20346,0.19474252
20347,0.41233373
20348,0.5417134
20349,0.52351415
20350,0.36682418
20351,0.1457107
20352,0.030199364
20353,0.079410456
20354,0.010524621
20355,0.20459178
20356,0.4011796
20357,0.5060176
20358,0.4685499
20359,0.31267628
20360,0.10547091
20361,0.04924833
20362,0.08624008
20363,0.0063913986
20364,0.20187023
20365,0.40361166
20366,0.5170977
20367,0.4914523
20368,0.33424878
20369,0.12073143
20370,0.043905366
20371,0.08875005
20372,0.004393779
20373,0.20128708
20374,0.40479168
20375,0.49690354
20376,0.49536306
20377,0.33816186
20378,0.12402406
20379,0.042211946
20380,0.08951068
20381,-0.00017420528
20382,0.19182082
20383,0.39432296
20384,0.49715787
20385,0.46361017
20386,0.27373472
20387,0.024782084
20388,0.06699535
20389,0.10454437
20390,-0.0041264985
20391,0.20032251
20392,0.42344406
20393,0.5517701
20394,0.52714145
20395,0.36473557
20396,0.1399882
20397,0.036240608
20398,0.08281664
20399,0.009738653
20400,0.2117444
20401,0.41071394
20402,0.5189098
20403,0.48499814
20404,0.32453325
20405,0.09200387
20406,0.08743289
20407,0.09698869
20408,-0.001537329
20409,0.18353087
20410,0.35076895
20411,0.44144404
20412,0.371377
20413,0.28318578
20414,0.10810982
20415,0.057629563
20416,0.09535741
20417,0.007143849
20418,0.22544403
20419,0.4449106
20420,0.56669927
20421,0.5365859
20422,0.36584163
20423,0.13160333
20424,0.044021223
20425,0.08932376
20426,0.00903913
20427,0.2083713
20428,0.4180074
20429,0.5315987
20430,0.5006672
20431,0.3397837
20432,0.12288962
20433,0.041965708
20434,0.08992306
20435,0.0009789513
20436,0.19754688
20437,0.40219584
20438,0.52459776
20439,0.50054336
20440,0.3438686
20441,0.090718456
20442,0.03537818
20443,0.07640855
20444,0.031456277
20445,0.2307839
20446,0.4208016
20447,0.44867006
20448,0.42213622
20449,0.25073102
20450,0.0654172
20451,0.07072257
20452,0.07865983
20453,0.037504084
20454,0.24448279
20455,0.44144356
20456,0.5247543
20457,0.40314385
20458,0.2941675
20459,0.09600573
20460,0.07410104
20461,0.08440824
20462,0.03370376
20463,0.26024053
20464,0.4667229
20465,0.5541417
20466,0.48953807
20467,0.30199543
20468,0.05651014
20469,0.06982227
20470,0.08726752
20471,0.028161347
20472,0.22412416
20473,0.4354444
20474,0.5676384
20475,0.50347406
20476,0.33399296
20477,0.1043566
20478,0.07337673
20479,0.086987175
20480,0.02836673
20481,0.24761924
20482,0.4613801
20483,0.54517734
20484,0.41094324
20485,0.3058639
20486,0.09327192
20487,0.08289894
20488,0.09152648
20489,0.021635536
20490,0.23903856
20491,0.45212469
20492,0.56826776
20493,0.52727884
20494,0.30466712
20495,0.12199815
20496,0.05181718
20497,0.09456174
20498,0.010224845
20499,0.22263156
20500,0.42801353
20501,0.56151366
20502,0.5271796
20503,0.28081793
20504,0.11649597
20505,0.0498343
20506,0.09561116
20507,0.0029955641
20508,0.21791029
20509,0.4369372
20510,0.55822766
20511,0.53094465
20512,0.35624537
20513,0.13412987
20514,0.047799513
20515,0.094464265
20516,-0.004221822
20517,0.20135611
20518,0.41739705
20519,0.5462572
20520,0.5036648
20521,0.3451084
20522,0.14109667
20523,0.038216703
20524,0.09535918
20525,-0.0018457281
20526,0.20672435
20527,0.4194631
20528,0.5380315
20529,0.48348248
20530,0.350823
20531,0.10173592
20532,0.064518265
20533,0.08270099
20534,0.020443294
20535,0.2244752
20536,0.44036943
20537,0.5292311
20538,0.48287833
20539,0.29693905
20540,0.07708939
20541,0.06888775
20542,0.08419107
20543,0.03419925
20544,0.2518197
20545,0.45875338
20546,0.55560833
20547,0.500984
20548,0.31789115
20549,0.09391302
20550,0.060586788
20551,0.08122131
20552,0.032170534
20553,0.23859285
20554,0.40996563
20555,0.5042676
20556,0.4914837
20557,0.31930378
20558,0.10077744
20559,0.05459202
20560,0.08524306
20561,0.015826724
20562,0.2181489
20563,0.4210354
20564,0.53581834
20565,0.5001466
20566,0.3322442
20567,0.1141282
20568,0.0490621
20569,0.088990055
20570,0.009227114
20571,0.20933464
20572,0.41230297
20573,0.5252645
20574,0.495549
20575,0.337341
20576,0.12226523
20577,0.041649632
20578,0.08371683
20579,0.0050894385
20580,0.19959736
20581,0.40699604
20582,0.5202705
20583,0.4909754
20584,0.33161476
20585,0.10384282
20586,0.04669002
20587,0.08902492
20588,0.0072181784
20589,0.2062892
20590,0.4112842
20591,0.5256878
20592,0.4333692
20593,0.34077156
20594,0.12200343
20595,0.04543868
20596,0.09073724
20597,0.0030097826
20598,0.20351388
20599,0.4105712
20600,0.528664
20601,0.50329167
20602,0.34706363
20603,0.13087487
20604,0.03854536
20605,0.086633444
20606,0.009024309
20607,0.20529039
20608,0.4004204
20609,0.50569797
20610,0.4740337
20611,0.29573524
20612,0.112649456
20613,0.046168193
20614,0.08732182
20615,0.0023939805
20616,0.1974321
20617,0.37670588
20618,0.51890785
20619,0.49231616
20620,0.3367501
20621,0.124358
20622,0.061303813
20623,0.09131881
20624,0.0043452
20625,0.20631447
20626,0.41413486
20627,0.5316154
20628,0.49673405
20629,0.29273903
20630,0.08101746
20631,0.050806493
20632,0.08364087
20633,0.023286236
20634,0.23937379
20635,0.44241717
20636,0.54313505
20637,0.48829466
20638,0.30809292
20639,0.08794957
20640,0.061912503
20641,0.082355194
20642,0.030964142
20643,0.24005507
20644,0.45580652
20645,0.55046815
20646,0.49471325
20647,0.3137007
20648,0.090280294
20649,0.063143805
20650,0.07652168
20651,0.03347839
20652,0.2337805
20653,0.42825902
20654,0.5226823
20655,0.47689542
20656,0.308997
20657,0.09590469
20658,0.0548527
20659,0.07516858
20660,0.038378697
20661,0.24071151
20662,0.42458096
20663,0.4874781
20664,0.44330984
20665,0.2922832
20666,0.08316787
20667,0.0597703
20668,0.079292744
20669,0.031398524
20670,0.23352304
20671,0.42445624
20672,0.5182441
20673,0.4725448
20674,0.3085163
20675,0.099206656
20676,0.04956259
20677,0.07625335
20678,0.029644087
20679,0.22257166
20680,0.40413678
20681,0.48809105
20682,0.44906053
20683,0.29068726
20684,0.08982141
20685,0.05407765
20686,0.08031014
20687,0.023483269
20688,0.22796427
20689,0.42311415
20690,0.5116186
20691,0.47207925
20692,0.30435154
20693,0.08698578
20694,0.052428167
20695,0.0507301
20696,0.09772787
20697,0.3036407
20698,0.47666132
20699,0.507956
20700,0.37734863
20701,0.166411
20702,0.015034745
20703,0.08685975
20704,0.019672845
20705,0.13898836
20706,0.33508804
20707,0.47764912
20708,0.47959772
20709,0.4028046
20710,0.20955956
20711,0.013475347
20712,0.088881396
20713,0.062695935
20714,0.07566809
20715,0.28502506
20716,0.46449983
20717,0.51849514
20718,0.4655329
20719,0.2827557
20720,0.07007006
20721,0.07065558
20722,0.07833773
20723,0.04913676
20724,0.26211482
20725,0.46214208
20726,0.5474504
20727,0.47902754
20728,0.29428747
20729,0.07691032
20730,0.06913481
20731,0.08019327
20732,0.0495895
20733,0.2702401
20734,0.46349806
20735,0.48248294
20736,0.46916097
20737,0.2815803
20738,0.06246473
20739,0.08025299
20740,0.07988158
20741,0.05661653
20742,0.2771676
20743,0.47907984
20744,0.5666766
20745,0.50162435
20746,0.31530222
20747,0.0906259
20748,0.06140862
20749,0.082018785
20750,0.038745563
20751,0.25618035
20752,0.45179117
20753,0.54111034
20754,0.48392108
20755,0.28715357
20756,0.021320459
20757,0.07200405
20758,0.084922746
20759,0.025977165
20760,0.24600782
20761,0.4516267
20762,0.55156106
20763,0.50358963
20764,0.32879707
20765,0.10741359
20766,0.053586885
20767,0.081944585
20768,0.02789981
20769,0.23357838
20770,0.42804605
20771,0.52480865
20772,0.48134184
20773,0.31456634
20774,0.101413116
20775,0.07146185
20776,0.08561286
20777,0.018787095
20778,0.22854069
20779,0.43047535
20780,0.54576695
20781,0.49270865
20782,0.3125148
20783,0.09196057
20784,0.06263385
20785,0.08840317
20786,0.020786483
20787,0.23045817
20788,0.41187403
20789,0.5363313
20790,0.42171106
20791,0.25834385
20792,0.10545554
20793,0.05781991
20794,0.09285572
20795,0.013885694
20796,0.23047875
20797,0.446606
20798,0.55250955
20799,0.53266233
20800,0.35947788
20801,0.12876758
20802,0.046950962
20803,0.09435484
20804,-0.00021930877
20805,0.19893682
20806,0.402682
20807,0.5193362
20808,0.4726162
20809,0.3628744
20810,0.13372411
20811,0.043901775
20812,0.10034622
20813,0.007236909
20814,0.22935788
20815,0.45115602
20816,0.5622779
20817,0.5125122
20818,0.33096036
20819,0.10429499
20820,0.056903224
20821,0.08587432
20822,0.022016047
20823,0.23028004
20824,0.43379334
20825,0.5402997
20826,0.50131947
20827,0.33438057
20828,0.063306
20829,0.09854074
20830,0.09790971
20831,0.0020924378
20832,0.21420424
20833,0.44062993
20834,0.5654334
20835,0.524848
20836,0.3444876
20837,0.11250056
20838,0.053759027
20839,0.08495648
20840,0.029527817
20841,0.24031726
20842,0.42748374
20843,0.5373668
20844,0.4889387
20845,0.29248095
20846,0.10201587
20847,0.067360535
20848,0.0892504
20849,0.019045427
20850,0.22705804
20851,0.43013757
20852,0.5364569
20853,0.49531212
20854,0.26081824
20855,0.03779077
20856,0.06409465
20857,0.09263176
20858,0.0046077194
20859,0.21092434
20860,0.38929707
20861,0.4239931
20862,0.3380899
20863,0.1967675
20864,0.02915806
20865,0.079076916
20866,0.10573216
20867,0.004038346
20868,0.23744598
20869,0.47535926
20870,0.58285207
20871,0.5344533
20872,0.4009252
20873,0.09678335
20874,0.058983326
20875,0.10175172
20876,-0.0027301533
20877,0.21197441
20878,0.44821647
20879,0.5488488
20880,0.5508971
20881,0.37765604
20882,0.14247602
20883,0.04134641
20884,0.09199866
20885,-0.00034114067
20886,0.21051618
20887,0.4429392
20888,0.50884753
20889,0.53160214
20890,0.35015905
20891,0.11725725
20892,0.08325579
20893,0.10169531
20894,0.0052900226
20895,0.2187238
20896,0.41863793
20897,0.54968846
20898,0.53172326
20899,0.36240554
20900,0.09883997
20901,0.041712817
20902,0.088869765
20903,0.013554182
20904,0.23043318
20905,0.4427259
20906,0.57611215
20907,0.52420354
20908,0.32835898
20909,0.08940515
20910,0.0625623
20911,0.06641774
20912,0.065568104
20913,0.26738495
20914,0.4569294
20915,0.52330333
20916,0.44904205
20917,0.26877204
20918,0.0617875
20919,0.0701039
20920,0.07084466
20921,0.06412241
20922,0.2733698
20923,0.4822075
20924,0.5455343
20925,0.4537765
20926,0.25611362
20927,0.00068247924
20928,0.10158035
20929,0.0816375
20930,0.053092383
20931,0.26659116
20932,0.4709473
20933,0.56749535
20934,0.50065404
20935,0.31282607
20936,0.06886961
20937,0.06363125
20938,0.0817005
20939,0.041512433
20940,0.26013222
20941,0.45740512
20942,0.54455966
20943,0.48537362
20944,0.30670598
20945,0.088695556
20946,0.06277914
20947,0.08700693
20948,0.020701017
20949,0.22010088
20950,0.4340692
20951,0.5408104
20952,0.50183964
20953,0.298296
20954,0.11636599
20955,0.05010853
20956,0.091243334
20957,0.00437261
20958,0.21674079
20959,0.41815373
20960,0.5629084
20961,0.52777123
20962,0.3420756
20963,0.1075668
20964,0.068025775
20965,0.090403944
20966,0.0202055
20967,0.23482676
20968,0.4456719
20969,0.5469231
20970,0.46346205
20971,0.34979588
20972,0.120983064
20973,0.050106853
20974,0.09281833
20975,0.004487883
20976,0.21209183
20977,0.43273166
20978,0.55414134
20979,0.5229322
20980,0.35406253
20981,0.1272581
20982,0.04462674
20983,0.08655579
20984,0.014991896
20985,0.2317695
20986,0.44839215
20987,0.54824084
20988,0.49949846
20989,0.3187414
20990,0.09372441
20991,0.060652867
20992,0.08082284
20993,0.02794727
20994,0.23282208
20995,0.4309224
20996,0.5316397
20997,0.4887806
20998,0.3218176
20999,0.08716412
21000,0.052421484
21001,0.0851888
21002,0.012109339
21003,0.213279
21004,0.41599298
21005,0.5270258
21006,0.49525273
21007,0.33505163
21008,0.12016361
21009,0.04482152
21010,0.08960471
21011,-0.00020561228
21012,0.20550792
21013,0.41403133
21014,0.52172184
21015,0.43485913
21016,0.3406216
21017,0.1144775
21018,0.053182203
21019,0.09167282
21020,0.007414125
21021,0.2146905
21022,0.41133958
21023,0.5502577
21024,0.49213558
21025,0.3526063
21026,0.0915459
21027,0.04621841
21028,0.09409235
21029,-0.00080517307
21030,0.20600356
21031,0.42565128
21032,0.5499557
21033,0.52277875
21034,0.3592827
21035,0.13541864
21036,0.040269803
21037,0.09284569
21038,-0.0041239946
21039,0.19039702
21040,0.39921567
21041,0.5407631
21042,0.5252417
21043,0.31465062
21044,0.13762179
21045,0.03886867
21046,0.08758041
21047,0.004226818
21048,0.21418388
21049,0.43178558
21050,0.5444942
21051,0.5024672
21052,0.33127972
21053,0.110832535
21054,0.06499173
21055,0.09357914
21056,0.00788538
21057,0.21258931
21058,0.42081973
21059,0.5374176
21060,0.5083208
21061,0.34638545
21062,0.12698783
21063,0.04666204
21064,0.09615933
21065,-0.0039736116
21066,0.19608957
21067,0.41240418
21068,0.48674852
21069,0.5245449
21070,0.357701
21071,0.12976249
21072,0.04308599
21073,0.090292014
21074,0.0019951807
21075,0.20332566
21076,0.41191077
21077,0.5289286
21078,0.5111135
21079,0.34920284
21080,0.11799573
21081,0.04117344
21082,0.08607172
21083,0.009621377
21084,0.210112
21085,0.38191536
21086,0.52158386
21087,0.49257544
21088,0.33253565
21089,0.11601671
21090,0.048118427
21091,0.07863829
21092,0.026586443
21093,0.23657043
21094,0.4343347
21095,0.5216661
21096,0.46436357
21097,0.24210253
21098,0.08160517
21099,0.06354495
21100,0.08079966
21101,0.035812207
21102,0.23607565
21103,0.42917368
21104,0.51999736
21105,0.47123247
21106,0.30425593
21107,0.094044976
21108,0.056320228
21109,0.08377788
21110,0.016987469
21111,0.21655431
21112,0.4151961
21113,0.48340017
21114,0.4904078
21115,0.30551553
21116,0.11341461
21117,0.047850706
21118,0.083771616
21119,0.010594452
21120,0.20840263
21121,0.40872175
21122,0.52382493
21123,0.49834412
21124,0.33707944
21125,0.11833042
21126,0.043054864
21127,0.06939488
21128,0.042467874
21129,0.25150138
21130,0.44527858
21131,0.5202348
21132,0.44186538
21133,0.2540423
21134,0.04780404
21135,0.07713422
21136,0.064380385
21137,0.06551553
21138,0.27495554
21139,0.46474826
21140,0.53990704
21141,0.46228436
21142,0.2066279
21143,0.05849942
21144,0.07873204
21145,0.08200788
21146,0.04597355
21147,0.25727418
21148,0.46424899
21149,0.55728686
21150,0.4682088
21151,0.32338127
21152,0.09861009
21153,0.06091772
21154,0.08814226
21155,0.029180115
21156,0.25567058
21157,0.47930413
21158,0.5898882
21159,0.5185079
21160,0.31387547
21161,0.07488808
21162,0.07464553
21163,0.074338615
21164,0.057845104
21165,0.27399167
21166,0.46730018
21167,0.5521087
21168,0.49006882
21169,0.30839542
21170,0.088372104
21171,0.064206176
21172,0.08263234
21173,0.027194833
21174,0.2354274
21175,0.4365852
21176,0.54467124
21177,0.49236724
21178,0.32994232
21179,0.109233946
21180,0.05174487
21181,0.085259415
21182,0.0141625
21183,0.20744425
21184,0.41534528
21185,0.52499086
21186,0.49147108
21187,0.3308758
21188,0.09906407
21189,0.045641247
21190,0.083743766
21191,0.008769156
21192,0.2036682
21193,0.40798017
21194,0.5192669
21195,0.49043822
21196,0.33372876
21197,0.11870635
21198,0.04403029
21199,0.09317478
21200,0.002394836
21201,0.19737725
21202,0.40178078
21203,0.52478504
21204,0.45449448
21205,0.31881186
21206,0.12207204
21207,0.04455436
21208,0.087322995
21209,0.0050943103
21210,0.20440508
21211,0.41010457
21212,0.5259891
21213,0.4987031
21214,0.34093055
21215,0.12621626
21216,0.041746117
21217,0.0854968
21218,0.004876147
21219,0.2016521
21220,0.40261474
21221,0.5008867
21222,0.43827742
21223,0.20612554
21224,0.0608473
21225,0.08706898
21226,0.10772492
21227,0.0009248853
21228,0.21356407
21229,0.43765345
21230,0.5673912
21231,0.5198443
21232,0.36959413
21233,0.13688491
21234,0.03996734
21235,0.08558518
21236,0.013219287
21237,0.21406691
21238,0.42248234
21239,0.4964514
21240,0.4999609
21241,0.3128739
21242,0.10950133
21243,0.053338233
21244,0.091183335
21245,0.010654239
21246,0.21559429
21247,0.4271962
21248,0.5410818
21249,0.5078089
21250,0.34198615
21251,0.12131074
21252,0.07322382
21253,0.09826685
21254,-0.0014590716
21255,0.19589305
21256,0.42531168
21257,0.49989548
21258,0.5312735
21259,0.3555734
21260,0.12140973
21261,0.07407495
21262,0.111012615
21263,-0.00031040702
21264,0.21174312
21265,0.44295856
21266,0.55797887
21267,0.5493097
21268,0.37001216
21269,0.1328803
21270,0.046060186
21271,0.09355301
21272,0.01575397
21273,0.23472118
21274,0.4565708
21275,0.5296755
21276,0.49083284
21277,0.33383757
21278,0.10275082
21279,0.061371848
21280,0.07303419
21281,0.059189577
21282,0.2949668
21283,0.50809556
21284,0.5773741
21285,0.46865085
21286,0.24793302
21287,0.026446594
21288,0.08120708
21289,0.036894776
21290,0.13578437
21291,0.37052733
21292,0.53171647
21293,0.545925
21294,0.39778602
21295,0.18315403
21296,0.04409904
21297,0.09460984
21298,0.026842754
21299,0.13668413
21300,0.327138
21301,0.5096223
21302,0.54418015
21303,0.43094403
21304,0.22334926
21305,0.01512352
21306,0.08421961
21307,0.043603845
21308,0.108750135
21309,0.32155988
21310,0.48600334
21311,0.52488625
21312,0.3889857
21313,0.23627558
21314,0.032532413
21315,0.08202824
21316,0.05984116
21317,0.091311
21318,0.3083569
21319,0.4809588
21320,0.5344656
21321,0.44393504
21322,0.25057483
21323,0.04261111
21324,0.08236473
21325,0.07514253
21326,0.05526127
21327,0.26802617
21328,0.45995232
21329,0.5453567
21330,0.4854403
21331,0.30643576
21332,0.06144065
21333,0.06321614
21334,0.08823146
21335,0.02434348
21336,0.23424569
21337,0.43862697
21338,0.5307067
21339,0.5044541
21340,0.33420053
21341,0.103699416
21342,0.05114948
21343,0.09580821
21344,0.004733494
21345,0.20965874
21346,0.42742327
21347,0.55492747
21348,0.5005826
21349,0.31625247
21350,0.124241285
21351,0.047592383
21352,0.08375188
21353,0.021065291
21354,0.23695697
21355,0.4557195
21356,0.55938953
21357,0.49949887
21358,0.31071943
21359,0.08429982
21360,0.06819378
21361,0.08801393
21362,0.027669992
21363,0.24237269
21364,0.45337266
21365,0.5589203
21366,0.5123902
21367,0.33648208
21368,0.11179489
21369,0.053816278
21370,0.09022705
21371,0.018745355
21372,0.23871976
21373,0.45381913
21374,0.55571544
21375,0.5052718
21376,0.3265998
21377,0.10025064
21378,0.055431195
21379,0.078620374
21380,0.03403666
21381,0.2356833
21382,0.4272587
21383,0.5266046
21384,0.4787281
21385,0.30714187
21386,0.06626853
21387,0.058991697
21388,0.087860495
21389,0.022913758
21390,0.22888456
21391,0.42333412
21392,0.53623796
21393,0.49588102
21394,0.3283139
21395,0.110856585
21396,0.051123817
21397,0.08962675
21398,0.006177403
21399,0.20291479
21400,0.42368367
21401,0.54532033
21402,0.4774784
21403,0.29432684
21404,0.12059483
21405,0.050904263
21406,0.08859686
21407,0.009612896
21408,0.21651135
21409,0.42626494
21410,0.54226774
21411,0.47364983
21412,0.3501106
21413,0.1279077
21414,0.05009472
21415,0.091680355
21416,-0.00058890274
21417,0.20706394
21418,0.41875052
21419,0.5347542
21420,0.4545649
21421,0.34616718
21422,0.1250606
21423,0.044822402
21424,0.09153114
21425,-0.00107698
21426,0.2001313
21427,0.4105505
21428,0.53436637
21429,0.51480174
21430,0.35585245
21431,0.13432236
21432,0.03935149
21433,0.09083808
21434,0.0005429918
21435,0.20375827
21436,0.40905076
21437,0.52559817
21438,0.49814957
21439,0.3406533
21440,0.12570165
21441,0.04179245
21442,0.08942559
21443,-0.0029665036
21444,0.19489661
21445,0.37921265
21446,0.5244725
21447,0.5007774
21448,0.3454216
21449,0.13037929
21450,0.056106117
21451,0.08873287
21452,-0.0045425994
21453,0.19543009
21454,0.41143042
21455,0.54204124
21456,0.5197742
21457,0.35056794
21458,0.11969911
21459,0.047093038
21460,0.07018257
21461,0.055871677
21462,0.28167912
21463,0.4758173
21464,0.5213017
21465,0.445169
21466,0.23749022
21467,0.024524644
21468,0.08386208
21469,0.05622363
21470,0.08537286
21471,0.2996646
21472,0.43685728
21473,0.5315261
21474,0.4585115
21475,0.26866823
21476,0.056231525
21477,0.074924834
21478,0.068440594
21479,0.06281848
21480,0.28535753
21481,0.47941983
21482,0.54895824
21483,0.4674531
21484,0.27386737
21485,0.05661146
21486,0.07859608
21487,0.081065394
21488,0.049386926
21489,0.27086052
21490,0.46805006
21491,0.5544534
21492,0.49305803
21493,0.3117486
21494,0.09032777
21495,0.06351545
21496,0.08808528
21497,0.02086172
21498,0.22844523
21499,0.43914714
21500,0.5495641
21501,0.51309013
21502,0.34130257
21503,0.1146515
21504,0.055057775
21505,0.088978454
21506,0.03584284
21507,0.26449728
21508,0.47014475
21509,0.5538248
21510,0.47679704
21511,0.2533844
21512,7.2036404e-05
21513,0.0950946
21514,0.08594372
21515,0.051500585
21516,0.29306737
21517,0.48075286
21518,0.5607213
21519,0.51007384
21520,0.30613095
21521,0.0739248
21522,0.076745
21523,0.08811002
21524,0.038651474
21525,0.2617634
21526,0.47132784
21527,0.5150691
21528,0.5246521
21529,0.34099498
21530,0.10849673
21531,0.059048835
21532,0.09163404
21533,0.015220277
21534,0.23108917
21535,0.4422447
21536,0.55532205
21537,0.5193559
21538,0.35012522
21539,0.11302975
21540,0.047899283
21541,0.09105401
21542,0.003414752
21543,0.20660336
21544,0.4161585
21545,0.5367182
21546,0.51278096
21547,0.35158628
21548,0.13039914
21549,0.06127014
21550,0.092729315
21551,-0.0042403517
21552,0.19583823
21553,0.40849635
21554,0.5339731
21555,0.5140429
21556,0.35857633
21557,0.14035256
21558,0.031841006
21559,0.08146854
21560,0.0062304162
21561,0.19503112
21562,0.3905955
21563,0.46809033
21564,0.44702333
21565,0.2425038
21566,0.020448437
21567,0.06948699
21568,0.10563339
21569,0.0025694882
21570,0.20766197
21571,0.41956836
21572,0.5435457
21573,0.51716095
21574,0.35417068
21575,0.098611265
21576,0.039184883
21577,0.09017471
21578,0.0010261834
21579,0.2010798
21580,0.4136262
21581,0.5331554
21582,0.5056372
21583,0.34585872
21584,0.12812509
21585,0.039473843
21586,0.08582318
21587,0.010474143
21588,0.20850112
21589,0.41562527
21590,0.535056
21591,0.4982878
21592,0.32700205
21593,0.10632513
21594,0.049603477
21595,0.07169281
21596,0.035605803
21597,0.21785627
21598,0.4182921
21599,0.49102715
21600,0.39435652
