step,reward
1,-1.4745601e-05
2,-0.0001483524
3,-0.00021138492
4,-0.00051682314
5,0.0032321322
6,0.017645955
7,0.02072816
8,0.0140819885
9,0.004383898
10,-0.0019030619
11,0.0010469432
12,0.017965326
13,0.037566923
14,0.03877924
15,0.026655443
16,0.0074437005
17,-0.0017051571
18,-0.0002931659
19,0.013135704
20,0.025866099
21,0.024157649
22,0.01600664
23,0.0051317746
24,0.00038791564
25,-0.0012887997
26,0.0034493147
27,0.013467811
28,0.022074321
29,0.029221505
30,0.029359318
31,0.015309525
32,0.002783565
33,-0.0008609961
34,0.0025088517
35,0.017666003
36,0.036061797
37,0.04461106
38,0.03866952
39,0.025191095
40,0.0047872923
41,3.338803e-05
42,0.0039197505
43,0.023110896
44,0.041716516
45,0.055935856
46,0.04444003
47,0.022261009
48,0.0042906143
49,-0.001000606
50,0.0033812677
51,0.014180022
52,0.023743689
53,0.032666467
54,0.0274262
55,0.009382635
56,0.0015442866
57,-0.0008316093
58,0.0059467666
59,0.020542733
60,0.026735106
61,0.0226845
62,0.023326974
63,0.009028033
64,-0.0012564838
65,-0.0009868657
66,0.0032712265
67,0.014086549
68,0.02442965
69,0.025972359
70,0.020662673
71,0.008334143
72,-0.0008524743
73,-0.0014399524
74,0.0022591846
75,0.010693266
76,0.017813
77,0.012973891
78,0.008824202
79,0.006226803
80,0.00017783744
81,-0.0014209681
82,0.0048766606
83,0.01662797
84,0.020353975
85,0.018814398
86,0.009142844
87,0.002054851
88,-0.0011598921
89,-0.0014287177
90,0.002906645
91,0.010934829
92,0.021165956
93,0.029989691
94,0.028651433
95,0.012423303
96,0.0021662028
97,-0.0012746705
98,0.0059419274
99,0.019696571
100,0.03700257
101,0.045286488
102,0.0410854
103,0.027115287
104,0.008670795
105,-0.001378834
106,0.0038032779
107,0.019847533
108,0.037057117
109,0.04160287
110,0.04222851
111,0.026396917
112,0.008889221
113,-0.00076795963
114,0.0011227591
115,0.01578629
116,0.02853736
117,0.039100464
118,0.02962008
119,0.014678017
120,0.0032715956
121,-0.0010240511
122,0.002723082
123,0.0152523955
124,0.031663936
125,0.035960555
126,0.026378632
127,0.009537128
128,0.0023621402
129,0.0013461104
130,0.004572488
131,0.022948097
132,0.0336972
133,0.03994303
134,0.024756368
135,0.0058334516
136,0.0028550788
137,0.00078698224
138,0.005545387
139,0.017393326
140,0.023490032
141,0.016192114
142,0.010784596
143,0.004591843
144,0.00092831533
145,-0.0012681317
146,0.0037106972
147,0.008527984
148,0.0072940853
149,0.0015069463
150,0.0029666657
151,0.009264078
152,0.0064728092
153,-0.001422669
154,0.0067368094
155,0.014501968
156,0.0140945325
157,0.0064377426
158,0.0006171737
159,0.00894205
160,0.009086853
161,0.0007365965
162,0.008047705
163,0.0189243
164,0.019561663
165,0.009843385
166,0.0041600927
167,0.0093999775
168,0.00964261
169,0.0026985377
170,0.00975599
171,0.0292275
172,0.040625416
173,0.029083395
174,0.0049577164
175,0.012283292
176,0.015916111
177,0.0044796215
178,0.0099743875
179,0.024886565
180,0.02476211
181,0.01709149
182,0.0018754905
183,0.0119891325
184,0.0151552055
185,0.005577245
186,0.0116771385
187,0.029424522
188,0.043133616
189,0.0329709
190,0.0043199877
191,0.011477844
192,0.01403122
193,0.0021023222
194,0.012982353
195,0.03238374
196,0.036829274
197,0.01996093
198,0.007381757
199,0.0037230547
200,0.0078061903
201,-0.0003940435
202,0.009350088
203,0.020660171
204,0.028248152
205,0.025145324
206,0.008471762
207,0.0021033227
208,0.0010545857
209,-0.001908644
210,0.0045700837
211,0.010580245
212,0.0108141955
213,0.014491228
214,0.007833514
215,0.0044487105
216,0.000904331
217,-0.0015979314
218,0.004114737
219,0.011109981
220,0.008033395
221,0.011809731
222,0.0031677142
223,-0.00073771307
224,-1.8734718e-06
225,-0.0013681554
226,0.0020133448
227,0.0070166755
228,0.008937067
229,0.013226219
230,0.0062623527
231,0.00020556431
232,0.00056615786
233,-0.0013811442
234,0.0056930026
235,0.015272171
236,0.015287485
237,0.011444725
238,0.0014355871
239,0.0051813256
240,0.0037494288
241,-0.0005988348
242,0.003280189
243,0.011264275
244,0.015861403
245,0.0054546855
246,0.0021062575
247,0.0034993237
248,0.00047572167
249,-0.0018079228
250,0.0038532116
251,0.014517203
252,0.020911807
253,0.021958876
254,0.013010841
255,0.0011208323
256,2.487353e-05
257,-0.0009168889
258,0.0047897967
259,0.011100573
260,0.012754963
261,0.00938899
262,0.00329261
263,0.00399035
264,0.0032219975
265,-0.000950064
266,0.0060196747
267,0.015711611
268,0.024708953
269,0.02207495
270,0.015272747
271,0.003506082
272,-0.0010450946
273,-0.0014522066
274,0.002285644
275,0.009052245
276,0.01547221
277,0.010591906
278,0.0077300463
279,0.00405848
280,-0.0012481576
281,-0.0015365134
282,0.0063531515
283,0.016381871
284,0.019347316
285,0.022853345
286,0.022026166
287,0.013586769
288,0.0016410509
289,-0.0014990865
290,0.0025520814
291,0.016059868
292,0.03249221
293,0.040868383
294,0.037707604
295,0.02354361
296,0.005080212
297,-0.0012209092
298,0.0044950005
299,0.019335544
300,0.039030433
301,0.04864055
302,0.039116804
303,0.018833313
304,0.0028096768
305,0.0015343286
306,0.0026584226
307,0.019267172
308,0.034171127
309,0.04294299
310,0.026906326
311,0.011742288
312,-0.000711891
313,0.0021390608
314,0.0057477364
315,0.027212624
316,0.050976194
317,0.05234203
318,0.041641355
319,0.02273167
320,0.0019123366
321,0.0018822844
322,0.0078007565
323,0.02897649
324,0.050013263
325,0.054972574
326,0.047961988
327,0.026963694
328,0.0007731769
329,0.0033362415
330,0.006227895
331,0.028549358
332,0.055123467
333,0.06590033
334,0.0586644
335,0.033382267
336,0.0042549833
337,0.0038487813
338,0.005210034
339,0.03760214
340,0.07491997
341,0.09093518
342,0.087272145
343,0.049514495
344,0.012485025
345,0.00523558
346,0.0011173696
347,0.034694698
348,0.07118539
349,0.09287257
350,0.08896258
351,0.056424897
352,0.015008121
353,0.00246864
354,0.0027755976
355,0.038141042
356,0.08231073
357,0.111891374
358,0.100939244
359,0.068992585
360,0.022117155
361,-0.0009413678
362,0.0026308857
363,0.032068096
364,0.064946115
365,0.08317058
366,0.08102023
367,0.054847725
368,0.016222807
369,0.0036478708
370,0.0006378272
371,0.03249867
372,0.0731203
373,0.10215486
374,0.097637765
375,0.06675256
376,0.023798428
377,0.0008414623
378,-0.00025478995
379,0.034408826
380,0.07713021
381,0.11018917
382,0.09953892
383,0.06745707
384,0.025166305
385,0.0009971865
386,-0.0013276974
387,0.035999723
388,0.08807272
389,0.1286097
390,0.12244513
391,0.09043212
392,0.037458733
393,-0.0008978697
394,-0.00080702966
395,0.033084884
396,0.080013126
397,0.110632434
398,0.11657381
399,0.07814644
400,0.030279435
401,-0.0014717072
402,-0.0011860781
403,0.03282226
404,0.08065743
405,0.10924018
406,0.1123938
407,0.0730565
408,0.027719673
409,0.0018578146
410,-0.0014192883
411,0.031814314
412,0.076517604
413,0.10316052
414,0.09605463
415,0.06154982
416,0.016113207
417,0.007481949
418,-0.0009766505
419,0.036451876
420,0.08579137
421,0.1220323
422,0.11749568
423,0.07355141
424,0.014436704
425,0.013981073
426,0.0051887454
427,0.03495787
428,0.09622462
429,0.13335915
430,0.119263455
431,0.06710256
432,0.015451515
433,0.017889142
434,0.0076974407
435,0.037530523
436,0.096937
437,0.13744275
438,0.11812762
439,0.056741647
440,-0.00097588915
441,0.030040663
442,0.010440327
443,0.0427072
444,0.1082399
445,0.14843762
446,0.1317225
447,0.08027855
448,-0.00042779348
449,0.037414107
450,0.015966974
451,0.042231046
452,0.11053078
453,0.13542724
454,0.120314874
455,0.043240186
456,0.010120368
457,0.04222897
458,0.007751832
459,0.05464151
460,0.1305555
461,0.15150928
462,0.12775086
463,0.070561595
464,0.00047340046
465,0.03323937
466,0.006468568
467,0.0527806
468,0.11876001
469,0.14998764
470,0.11280392
471,0.060299873
472,0.0029707714
473,0.03014636
474,0.005843512
475,0.051422093
476,0.10917571
477,0.121633
478,0.07989549
479,0.011099811
480,0.03688897
481,0.040204313
482,-0.0032195388
483,0.057161953
484,0.109930545
485,0.10805211
486,0.05426248
487,0.017259998
488,0.056606937
489,0.04941386
490,-0.0007247126
491,0.062382843
492,0.1055151
493,0.105879426
494,0.038949993
495,0.028245252
496,0.06813753
497,0.05203019
498,-0.0010158876
499,0.06789614
500,0.106062405
501,0.0993067
502,0.042719774
503,0.02143522
504,0.05906735
505,0.053691056
506,-0.0018957378
507,0.07324377
508,0.1236164
509,0.108804695
510,0.036974628
511,0.038439836
512,0.09321042
513,0.072198085
514,0.0013557854
515,0.07392587
516,0.11403169
517,0.09687077
518,0.011856598
519,0.059370197
520,0.10367805
521,0.07171182
522,-0.0042765937
523,0.08712148
524,0.14255248
525,0.13987188
526,0.078446075
527,0.02093013
528,0.060650904
529,0.048921857
530,0.0068525597
531,0.07770958
532,0.122075036
533,0.105476335
534,0.046093434
535,0.03530792
536,0.06931252
537,0.044368375
538,0.0077500446
539,0.07370803
540,0.10682775
541,0.09029145
542,0.034715526
543,0.04838504
544,0.09415353
545,0.06110946
546,-0.0011954559
547,0.07251497
548,0.101470575
549,0.07310316
550,0.005199677
551,0.08386893
552,0.11519814
553,0.07583465
554,-0.00029963534
555,0.08454517
556,0.13501528
557,0.13231695
558,0.05251201
559,0.029348237
560,0.070727795
561,0.05480428
562,0.002976119
563,0.07989939
564,0.12910572
565,0.11452276
566,0.030433847
567,0.030174773
568,0.070291616
569,0.050696842
570,0.0012678099
571,0.076691784
572,0.132557
573,0.13541493
574,0.09315077
575,0.009215761
576,0.034592517
577,0.04017597
578,0.0009032299
579,0.067510515
580,0.10950978
581,0.12068549
582,0.07303636
583,0.0034800027
584,0.05035327
585,0.041000232
586,0.0007243266
587,0.05934629
588,0.08955289
589,0.074421816
590,0.00821004
591,0.049786884
592,0.071629494
593,0.03953824
594,0.011687636
595,0.065690294
596,0.08430206
597,0.07156281
598,0.0030118092
599,0.042463753
600,0.05133167
601,0.030999705
602,0.017074583
603,0.079369776
604,0.11943108
605,0.1108527
606,0.047373213
607,0.0065104105
608,0.04405431
609,0.040152
610,-0.0014199442
611,0.06893177
612,0.1236714
613,0.13796994
614,0.10893043
615,0.047507256
616,0.019799862
617,0.044357393
618,0.011420544
619,0.055507455
620,0.13620026
621,0.17488864
622,0.1458303
623,0.08617444
624,0.0052158246
625,0.025608901
626,0.011324804
627,0.04735373
628,0.11784349
629,0.16333611
630,0.14445975
631,0.069240935
632,0.0020865714
633,0.032712176
634,0.013091996
635,0.04493196
636,0.119441494
637,0.15673028
638,0.14217237
639,0.07028638
640,-0.0011312594
641,0.0417725
642,0.018906685
643,0.0436659
644,0.13043259
645,0.18558739
646,0.17637813
647,0.1117747
648,0.021828441
649,0.025056474
650,0.01646672
651,0.038650215
652,0.115502834
653,0.1704385
654,0.16742016
655,0.11417191
656,0.037568238
657,0.021363217
658,0.014113531
659,0.037786596
660,0.10942498
661,0.1479036
662,0.13934985
663,0.069886856
664,0.0006764325
665,0.03374378
666,0.013974942
667,0.04207937
668,0.10155166
669,0.12637426
670,0.0840647
671,0.017177118
672,0.036992338
673,0.056189273
674,0.013150116
675,0.05539093
676,0.11759101
677,0.11632972
678,0.067873724
679,0.019437097
680,0.0578071
681,0.057750165
682,0.0010526851
683,0.062300723
684,0.10726785
685,0.07900377
686,0.0042091254
687,0.053044118
688,0.076472245
689,0.05079879
690,0.0069270795
691,0.074433446
692,0.09640814
693,0.062545225
694,0.010027065
695,0.049524654
696,0.07630888
697,0.04024641
698,0.016210482
699,0.075497985
700,0.08324873
701,0.066836044
702,0.00077962846
703,0.03629697
704,0.04872357
705,0.021375755
706,0.022014404
707,0.061782017
708,0.06519059
709,0.03198482
710,0.01780481
711,0.053574596
712,0.054567933
713,0.022668686
714,0.020768136
715,0.058699362
716,0.0634626
717,0.046796497
718,0.016217038
719,0.055530272
720,0.061660185
721,0.028063312
722,0.017957373
723,0.061819658
724,0.066665985
725,0.051264144
726,0.010269764
727,0.03879789
728,0.050525565
729,0.026362127
730,0.017371189
731,0.066488095
732,0.09252626
733,0.06089648
734,0.01942903
735,0.01476653
736,0.034063708
737,0.01993888
738,0.015182768
739,0.06773412
740,0.094210654
741,0.092388764
742,0.044151757
743,0.010852408
744,0.036235876
745,0.0239271
746,0.009127841
747,0.05071431
748,0.074208625
749,0.071990654
750,0.01904603
751,0.020624368
752,0.03603295
753,0.019974394
754,0.01304519
755,0.06353959
756,0.10243787
757,0.0936882
758,0.06542333
759,0.013534874
760,0.01228528
761,0.013279686
762,0.010847479
763,0.05630358
764,0.08485091
765,0.08297883
766,0.062247753
767,0.020287441
768,0.0099949315
769,0.010713049
770,0.008738965
771,0.051064815
772,0.087412946
773,0.095081575
774,0.08088491
775,0.0429836
776,0.008425807
777,0.0041117296
778,0.007807468
779,0.045237664
780,0.08357944
781,0.10025066
782,0.08577059
783,0.046726454
784,0.0104166
785,0.0028943322
786,0.0043854094
787,0.035294816
788,0.06740672
789,0.087705314
790,0.08141651
791,0.054881804
792,0.017783932
793,-0.0008550085
794,0.004539123
795,0.03528509
796,0.0720974
797,0.08768265
798,0.080842614
799,0.05073274
800,0.017108213
801,-0.0012464797
802,0.004138788
803,0.029657941
804,0.059420817
805,0.081473105
806,0.075956926
807,0.050270718
808,0.019563287
809,-0.0008169785
810,0.0028686062
811,0.027649788
812,0.060022462
813,0.086345956
814,0.081989646
815,0.059876494
816,0.024488386
817,0.00045739743
818,0.0013929657
819,0.026814003
820,0.060366467
821,0.087029845
822,0.08409607
823,0.060511634
824,0.026992904
825,0.0014059143
826,0.0020964302
827,0.029664736
828,0.06940017
829,0.09571955
830,0.095450275
831,0.0643
832,0.027588246
833,0.0027602618
834,0.0013995112
835,0.02741603
836,0.064978726
837,0.08825505
838,0.09383396
839,0.06704146
840,0.028733604
841,0.0022594072
842,0.0005116423
843,0.024611412
844,0.059696544
845,0.08837612
846,0.09210837
847,0.062432826
848,0.024433285
849,7.812865e-05
850,0.0010880886
851,0.026338886
852,0.06509606
853,0.088669784
854,0.09079039
855,0.06557917
856,0.02595439
857,0.00061974477
858,0.00081916933
859,0.024305362
860,0.05568145
861,0.07910703
862,0.07280804
863,0.049267728
864,0.01787505
865,-0.0014543388
866,0.002813206
867,0.027424237
868,0.055573773
869,0.07607248
870,0.07143254
871,0.041209187
872,0.0111208
873,-0.0005140811
874,0.003357452
875,0.02891952
876,0.05802227
877,0.07719324
878,0.06736278
879,0.037585337
880,0.009023895
881,0.0010775671
882,0.0031369254
883,0.024232225
884,0.043824963
885,0.05145232
886,0.034677934
887,0.012793406
888,0.0005874587
889,0.0016786525
890,0.0048577646
891,0.026393078
892,0.043883763
893,0.04170927
894,0.02651758
895,0.011985994
896,0.00097011134
897,7.350184e-05
898,0.0073775444
899,0.022705223
900,0.032305364
901,0.034475107
902,0.024335014
903,0.014568928
904,-0.00054255023
905,-0.0011577678
906,0.004573819
907,0.017734943
908,0.030782377
909,0.027447715
910,0.019824255
911,0.008748099
912,-0.0005624313
913,-0.00029302784
914,0.0068927337
915,0.023631921
916,0.043129496
917,0.05097788
918,0.04639178
919,0.026041193
920,0.006916312
921,-0.00033681898
922,0.0050858357
923,0.024198351
924,0.04173243
925,0.05197346
926,0.04343772
927,0.029836833
928,0.008124147
929,-0.0008951891
930,0.0042702155
931,0.022437016
932,0.03926564
933,0.044581033
934,0.039556067
935,0.026078764
936,0.004121155
937,-0.00023363158
938,0.0038104781
939,0.016582891
940,0.033391323
941,0.03547003
942,0.021349087
943,0.007729436
944,-0.00022299297
945,-0.00093286147
946,0.0042309514
947,0.013244457
948,0.02725467
949,0.0317753
950,0.022291726
951,0.01160303
952,0.0020672048
953,-0.0015910602
954,0.0016074012
955,0.00900054
956,0.0140871145
957,0.022287589
958,0.020019459
959,0.00868318
960,0.0023832174
961,-0.0014753285
962,0.00029221526
963,0.0059797876
964,0.010853029
965,0.01448489
966,0.010548857
967,0.0104517285
968,0.0031547055
969,-0.0011042422
970,-0.00090688403
971,0.009482106
972,0.022234337
973,0.024057891
974,0.025221594
975,0.019364607
976,0.006371095
977,-0.0011162756
978,-0.00013672875
979,0.0029817626
980,0.0107544465
981,0.014533672
982,0.012981833
983,0.005719399
984,0.0023071896
985,-0.0010496208
986,0.00038642634
987,0.0010566104
988,0.006902552
989,0.010752671
990,0.011349482
991,0.012118704
992,0.0033189438
993,-0.0010257859
994,0.0005770627
995,0.00046349177
996,0.0020092828
997,0.011228498
998,0.011536194
999,0.008838635
1000,0.0030704348
1001,-0.0012746798
1002,0.00055457104
1003,0.0051464266
1004,0.0071357023
1005,0.011612058
1006,0.012351436
1007,0.0077134683
1008,0.0023114742
1009,-0.00127933
1010,0.000873358
1011,0.0020293877
1012,0.0049962495
1013,0.0031151832
1014,0.00515961
1015,0.003502194
1016,0.0014360343
1017,-0.0013090759
1018,0.0016110303
1019,6.005034e-05
1020,0.0010838083
1021,0.0052311793
1022,0.010926984
1023,0.006999753
1024,0.0026419987
1025,-0.0007684846
1026,0.0014039355
1027,0.0011980229
1028,0.0049429117
1029,0.006455239
1030,0.0025318542
1031,0.001365717
1032,-0.00026741048
1033,-0.0013897361
1034,-0.00018547464
1035,0.0037422483
1036,0.003588919
1037,0.0011032899
1038,0.00077139953
1039,0.0009795853
1040,0.00063136395
1041,-0.00150426
1042,0.002363637
1043,0.014443257
1044,0.025133686
1045,0.034598194
1046,0.027242336
1047,0.015062202
1048,0.0052091633
1049,-0.0013827676
1050,0.0020567663
1051,0.012336817
1052,0.020799914
1053,0.030978022
1054,0.0275373
1055,0.015624424
1056,0.006380291
1057,-0.0010961515
1058,0.00081028126
1059,0.013821849
1060,0.030356834
1061,0.039169606
1062,0.038364276
1063,0.02718908
1064,0.009947071
1065,-0.0007001282
1066,0.0016261684
1067,0.015708333
1068,0.033864096
1069,0.049381405
1070,0.048754778
1071,0.033359744
1072,0.01306647
1073,0.00050132
1074,0.00022655597
1075,0.012450222
1076,0.029203055
1077,0.04632684
1078,0.04247034
1079,0.0295761
1080,0.0133202765
1081,0.00020687701
1082,0.0004775416
1083,0.0130300755
1084,0.033316538
1085,0.044934247
1086,0.04624599
1087,0.034224644
1088,0.0136196455
1089,-0.00018043665
1090,-0.00014303142
1091,0.012810734
1092,0.035140466
1093,0.05204295
1094,0.052038148
1095,0.033798423
1096,0.01386602
1097,6.253191e-05
1098,-0.0002986095
1099,0.013009288
1100,0.03491504
1101,0.04719907
1102,0.049099218
1103,0.037912544
1104,0.018182002
1105,0.0013066432
1106,-4.2901956e-06
1107,0.014572802
1108,0.033880565
1109,0.05034464
1110,0.053394686
1111,0.0387725
1112,0.018490795
1113,0.0016472671
1114,-0.0006671075
1115,0.013658396
1116,0.036252953
1117,0.05539626
1118,0.052931797
1119,0.038344275
1120,0.01681552
1121,0.0013290793
1122,-0.0007320096
1123,0.01216355
1124,0.034598555
1125,0.053351235
1126,0.05528806
1127,0.039471835
1128,0.016999112
1129,0.0010827725
1130,0.00044598477
1131,0.016039483
1132,0.03946294
1133,0.05375811
1134,0.059098423
1135,0.041830666
1136,0.018571613
1137,0.0020616995
1138,0.00013944949
1139,0.016146008
1140,0.04234018
1141,0.059543572
1142,0.06189673
1143,0.04458212
1144,0.01968908
1145,0.0019131926
1146,0.00024068146
1147,0.013193272
1148,0.03125502
1149,0.04337907
1150,0.046895232
1151,0.03510417
1152,0.013620894
1153,6.4279884e-05
1154,0.0011037189
1155,0.015509105
1156,0.032504186
1157,0.04536401
1158,0.03917397
1159,0.02656609
1160,0.01046378
1161,-0.00052822224
1162,0.00010800664
1163,0.011987614
1164,0.029314417
1165,0.043936122
1166,0.038099013
1167,0.02532333
1168,0.008441668
1169,-0.000401897
1170,0.0006930707
1171,0.009264534
1172,0.01977791
1173,0.029183874
1174,0.028807301
1175,0.021347513
1176,0.0076867323
1177,-0.00086504326
1178,0.00019631989
1179,0.013825417
1180,0.031685047
1181,0.045108557
1182,0.039000746
1183,0.02932046
1184,0.011486787
1185,-0.00036830874
1186,-0.00017530104
1187,0.011042813
1188,0.028960409
1189,0.045780588
1190,0.04510795
1191,0.029265665
1192,0.011771986
1193,-6.5816916e-05
1194,-0.00023047737
1195,0.011825998
1196,0.03188361
1197,0.043782815
1198,0.04107631
1199,0.028367262
1200,0.012919635
1201,0.00010601722
1202,-0.00043948798
1203,0.00981378
1204,0.026796779
1205,0.037993234
1206,0.038642664
1207,0.024802025
1208,0.010690259
1209,-0.000114191556
1210,-0.000588168
1211,0.005791127
1212,0.016506165
1213,0.021694178
1214,0.023597661
1215,0.021883165
1216,0.008658547
1217,-0.0011948813
1218,0.002067749
1219,0.0010596369
1220,0.005249585
1221,0.008885819
1222,0.012091675
1223,0.011344245
1224,0.0047699856
1225,-0.0011899931
1226,0.0005994098
1227,0.0049428
1228,0.008726274
1229,0.013348062
1230,0.010608649
1231,0.010054421
1232,0.0034630075
1233,-0.0012193605
1234,-0.00079490215
1235,0.001820704
1236,0.007928385
1237,0.007861026
1238,0.0060856566
1239,0.0030797294
1240,0.0018107562
1241,-0.0013605425
1242,-0.00093457
1243,0.0046995394
1244,0.010055151
1245,0.010544676
1246,0.010025092
1247,0.011342044
1248,0.0040195715
1249,-0.00043316913
1250,0.0012355158
1251,0.0010782488
1252,0.0021
1253,0.005127721
1254,0.014079024
1255,0.011729845
1256,0.0042099636
1257,-0.00036444643
1258,0.0014506367
1259,0.0034099151
1260,0.009049915
1261,0.011625318
1262,0.0104966955
1263,0.008375926
1264,0.0052913623
1265,-0.0011717775
1266,0.0015921547
1267,0.00010322104
1268,0.0037994783
1269,0.010992004
1270,0.012161322
1271,0.0070004985
1272,0.004428202
1273,-0.0012953901
1274,0.0016345839
1275,0.0048222053
1276,0.0024576813
1277,0.002871911
1278,0.0069549982
1279,0.008414758
1280,0.004115426
1281,1.5923986e-05
1282,0.0061167735
1283,0.0093
1284,0.00073304866
1285,0.009743793
1286,0.010779083
1287,0.0092384545
1288,0.003440435
1289,-0.0005195435
1290,0.0008870735
1291,-0.0003280256
1292,0.0064825946
1293,0.007973847
1294,0.012969592
1295,0.008976737
1296,0.0043545924
1297,-0.0010959138
1298,0.00030845858
1299,0.0009385064
1300,0.008905701
1301,0.019799566
1302,0.023731237
1303,0.014489058
1304,0.0061630337
1305,-0.0011387414
1306,0.0008350335
1307,0.0011496267
1308,0.007421382
1309,0.016925693
1310,0.02366075
1311,0.017061302
1312,0.006658512
1313,-0.00034553144
1314,0.0024724712
1315,0.002887512
1316,0.017251948
1317,0.028137783
1318,0.029234216
1319,0.019059114
1320,0.008316784
1321,5.290145e-05
1322,0.0032306516
1323,-0.00022945555
1324,0.008113429
1325,0.017818581
1326,0.025233028
1327,0.020134062
1328,0.009586417
1329,0.0003918301
1330,0.0051817335
1331,0.00065206434
1332,0.012329601
1333,0.02096664
1334,0.027035814
1335,0.020734202
1336,0.009089999
1337,0.00012497394
1338,0.004870948
1339,0.0015090079
1340,0.007787663
1341,0.019411337
1342,0.024417307
1343,0.01923308
1344,0.009728883
1345,-3.4162076e-05
1346,0.0059505273
1347,0.0017705896
1348,0.009578727
1349,0.021148952
1350,0.02455442
1351,0.022511406
1352,0.009690375
1353,0.001593408
1354,0.008393984
1355,0.0046324846
1356,0.0034721552
1357,0.014091953
1358,0.021374993
1359,0.017797802
1360,0.008473197
1361,-0.00026774505
1362,0.0054092063
1363,0.0036045872
1364,0.009058265
1365,0.017976772
1366,0.021280475
1367,0.02085582
1368,0.009667157
1369,1.2237462e-05
1370,0.006828912
1371,0.00027620347
1372,0.010861257
1373,0.024829822
1374,0.027847894
1375,0.022207981
1376,0.009851442
1377,0.00050696544
1378,0.006451697
1379,0.0020922562
1380,0.008651804
1381,0.022174634
1382,0.026509767
1383,0.022228561
1384,0.009924541
1385,0.0022381595
1386,0.007839382
1387,0.0030363824
1388,0.005443143
1389,0.020216212
1390,0.027616706
1391,0.0231464
1392,0.009881285
1393,0.00060455786
1394,0.006577967
1395,0.005213615
1396,0.006270706
1397,0.016764767
1398,0.025071396
1399,0.02320495
1400,0.011388818
1401,-0.00025950605
1402,0.0062811114
1403,0.0042440416
1404,0.0073649446
1405,0.023172824
1406,0.029627418
1407,0.024234528
1408,0.010262818
1409,-0.0005099424
1410,0.0033455538
1411,0.0025414105
1412,0.013477206
1413,0.025081052
1414,0.031972352
1415,0.02486442
1416,0.012032777
1417,0.00047186454
1418,0.0021147812
1419,0.0029824562
1420,0.020499967
1421,0.032963995
1422,0.038554307
1423,0.02975726
1424,0.013337796
1425,0.00013241207
1426,-0.00081189093
1427,0.011101957
1428,0.03269397
1429,0.050316975
1430,0.05207077
1431,0.03678313
1432,0.017495858
1433,0.0015706391
1434,0.0001223603
1435,0.015444595
1436,0.0386002
1437,0.056276433
1438,0.062645964
1439,0.045306355
1440,0.021005852
1441,0.0028963692
1442,3.1724107e-05
1443,0.015565132
1444,0.039640423
1445,0.05889122
1446,0.05748803
1447,0.043046672
1448,0.020598317
1449,0.0017062156
1450,0.00061508873
1451,0.015872117
1452,0.04269771
1453,0.06267095
1454,0.06560977
1455,0.04582915
1456,0.02008002
1457,0.0012104716
1458,0.001509581
1459,0.021307934
1460,0.04931969
1461,0.07257035
1462,0.07214529
1463,0.05123454
1464,0.02455502
1465,0.0026825243
1466,0.00083459937
1467,0.019921608
1468,0.048544854
1469,0.06957859
1470,0.06962312
1471,0.053376395
1472,0.025861884
1473,0.0026335143
1474,0.0012165838
1475,0.024372788
1476,0.056166165
1477,0.08405703
1478,0.086683095
1479,0.059020925
1480,0.026410222
1481,0.0031152335
1482,0.0009359241
1483,0.021669023
1484,0.05421821
1485,0.08138781
1486,0.08028697
1487,0.06156303
1488,0.02925375
1489,0.0036958947
1490,0.00091071054
1491,0.021160735
1492,0.051216412
1493,0.07907895
1494,0.080024034
1495,0.06056764
1496,0.029335026
1497,0.004211478
1498,0.0005023873
1499,0.021541962
1500,0.055703226
1501,0.08639313
1502,0.08886306
1503,0.07146543
1504,0.03477168
1505,0.0059543937
1506,7.529289e-05
1507,0.02113421
1508,0.05864825
1509,0.08925831
1510,0.09699128
1511,0.073309705
1512,0.036152635
1513,0.0055899806
1514,0.000280255
1515,0.021385895
1516,0.05611174
1517,0.0832323
1518,0.08632883
1519,0.065904304
1520,0.032051872
1521,0.004449684
1522,0.00041914755
1523,0.019976672
1524,0.05197212
1525,0.07787438
1526,0.080536716
1527,0.06238657
1528,0.03214627
1529,0.00509368
1530,9.479816e-05
1531,0.019754706
1532,0.051287998
1533,0.07608433
1534,0.08193123
1535,0.060985316
1536,0.029622111
1537,0.00511514
1538,-2.1925429e-05
1539,0.01896978
1540,0.052771695
1541,0.082357526
1542,0.08838135
1543,0.06889337
1544,0.03468641
1545,0.0059478013
1546,4.8674643e-05
1547,0.019598944
1548,0.051224366
1549,0.07601267
1550,0.08457979
1551,0.06299165
1552,0.029376138
1553,0.0046616485
1554,0.00033609476
1555,0.021431843
1556,0.055947732
1557,0.08222575
1558,0.0836606
1559,0.061200853
1560,0.03035393
1561,0.0040965276
1562,0.00031374942
1563,0.019042961
1564,0.050626297
1565,0.07861878
1566,0.08024511
1567,0.06209184
1568,0.02965825
1569,0.004489183
1570,-5.1907962e-05
1571,0.01630614
1572,0.042870145
1573,0.06872292
1574,0.07213113
1575,0.05800059
1576,0.026569916
1577,0.0036340377
1578,0.00038921693
1579,0.018857177
1580,0.046695355
1581,0.07017025
1582,0.071530975
1583,0.053858552
1584,0.022987483
1585,0.0020648516
1586,0.0006434396
1587,0.02100953
1588,0.05124781
1589,0.07692544
1590,0.073410325
1591,0.049955547
1592,0.020401478
1593,0.00103744
1594,0.0013732965
1595,0.023953542
1596,0.058712706
1597,0.083033904
1598,0.078473814
1599,0.05950158
1600,0.026346697
1601,0.00083253696
1602,0.0016880498
1603,0.02886546
1604,0.065150954
1605,0.08553347
1606,0.08982723
1607,0.06485674
1608,0.028653337
1609,0.0017105112
1610,0.0017184465
1611,0.027824078
1612,0.06469633
1613,0.09053041
1614,0.08544285
1615,0.06436129
1616,0.027218372
1617,0.0019131028
1618,0.0010509643
1619,0.02469073
1620,0.058800865
1621,0.08063091
1622,0.085188024
1623,0.062220022
1624,0.028777702
1625,0.0013329472
1626,0.0013596996
1627,0.025467804
1628,0.060078368
1629,0.088342816
1630,0.08512221
1631,0.06022687
1632,0.02657009
1633,0.0018727094
1634,0.00215516
1635,0.028203119
1636,0.06448954
1637,0.08604221
1638,0.082954355
1639,0.05723848
1640,0.025825573
1641,0.0010549052
1642,0.0012941395
1643,0.027417859
1644,0.06628318
1645,0.090833016
1646,0.095566615
1647,0.07076876
1648,0.032336537
1649,0.002543223
1650,0.00069830904
1651,0.02697615
1652,0.06920868
1653,0.100661464
1654,0.10331659
1655,0.07747264
1656,0.035908327
1657,0.004899524
1658,0.00062786706
1659,0.02577467
1660,0.061725747
1661,0.094071314
1662,0.09763863
1663,0.07216897
1664,0.034342743
1665,0.0046781767
1666,0.00041620084
1667,0.022128746
1668,0.056446802
1669,0.07854715
1670,0.07848749
1671,0.058511477
1672,0.027698843
1673,0.003372954
1674,0.00019215595
1675,0.018007204
1676,0.046106547
1677,0.068891004
1678,0.07213787
1679,0.052409578
1680,0.026769958
1681,0.003735585
1682,-0.0004951734
1683,0.017827297
1684,0.04654046
1685,0.0710718
1686,0.07223769
1687,0.05347157
1688,0.02565625
1689,0.0037966166
1690,-0.0007222895
1691,0.012498453
1692,0.034316976
1693,0.052097607
1694,0.05481744
1695,0.045071285
1696,0.02064469
1697,0.0022369823
1698,-0.000877662
1699,0.013769856
1700,0.03629803
1701,0.051943064
1702,0.054474562
1703,0.041903295
1704,0.019358682
1705,0.0014354271
1706,0.00015977735
1707,0.016674394
1708,0.041893844
1709,0.06021124
1710,0.06253166
1711,0.04589688
1712,0.020707792
1713,0.0018550559
1714,-0.0006048849
1715,0.015273854
1716,0.03726301
1717,0.05596766
1718,0.061070483
1719,0.04333497
1720,0.021260329
1721,0.002313439
1722,-0.00062082626
1723,0.011875133
1724,0.03163717
1725,0.04958177
1726,0.054338366
1727,0.04024011
1728,0.017685466
1729,0.0012511577
1730,-0.0002506537
1731,0.013796681
1732,0.034009434
1733,0.053962838
1734,0.057917137
1735,0.03976351
1736,0.017162606
1737,0.0011800971
1738,-0.000671908
1739,0.014189719
1740,0.03548674
1741,0.05234052
1742,0.04886348
1743,0.034345623
1744,0.015224654
1745,0.0010306442
1746,-0.00014944677
1747,0.012035505
1748,0.032930307
1749,0.04655463
1750,0.04975233
1751,0.037699588
1752,0.015665937
1753,0.00096654776
1754,0.0005906997
1755,0.016482253
1756,0.037483014
1757,0.053864103
1758,0.055290565
1759,0.03754681
1760,0.016239012
1761,0.00066399085
1762,0.0016198567
1763,0.018959606
1764,0.04123452
1765,0.054379486
1766,0.051593456
1767,0.03891143
1768,0.016984504
1769,0.0013721533
1770,-0.00036794686
1771,0.0136937
1772,0.034207024
1773,0.052766923
1774,0.055578116
1775,0.039899662
1776,0.015145362
1777,0.00038733974
1778,0.00019815669
1779,0.014657661
1780,0.035409365
1781,0.05325693
1782,0.05328996
1783,0.040160168
1784,0.017124815
1785,0.0010320506
1786,-0.0003161113
1787,0.016240316
1788,0.038732722
1789,0.053292356
1790,0.05668054
1791,0.043366093
1792,0.018835284
1793,0.0013615664
1794,-0.000536102
1795,0.012233762
1796,0.03480302
1797,0.053825557
1798,0.054879665
1799,0.041460678
1800,0.020067213
1801,0.0018458548
1802,-0.0005080012
1803,0.011509657
1804,0.0328312
1805,0.052756913
1806,0.054393575
1807,0.03980487
1808,0.019017695
1809,0.0011782169
1810,0.0014033748
1811,0.007133086
1812,0.026494546
1813,0.04393269
1814,0.04775317
1815,0.03433918
1816,0.0147759775
1817,0.0002671138
1818,0.0056810533
1819,0.00023706749
1820,0.019544654
1821,0.032924958
1822,0.03487585
1823,0.025260279
1824,0.011750776
1825,0.00045904313
1826,0.006398505
1827,0.002270498
1828,0.0070948065
1829,0.021141
1830,0.026995925
1831,0.025105925
1832,0.011397799
1833,0.0007484708
1834,0.00786947
1835,0.0072617712
1836,0.0023945845
1837,0.014374513
1838,0.02049026
1839,0.019181162
1840,0.009709521
1841,0.00079691235
1842,0.00881365
1843,0.00869097
1844,0.0034640436
1845,0.009194323
1846,0.016640194
1847,0.017312946
1848,0.00790277
1849,0.0017416528
1850,0.010445358
1851,0.011526077
1852,0.0018612249
1853,0.013222814
1854,0.020332456
1855,0.016894914
1856,0.0077440613
1857,0.0016058201
1858,0.009810155
1859,0.0087362705
1860,0.0016874284
1861,0.007198859
1862,0.017952543
1863,0.017488768
1864,0.0074880966
1865,0.0020045321
1866,0.009604082
1867,0.006461381
1868,0.0019687912
1869,0.010197878
1870,0.016633576
1871,0.014702379
1872,0.008150033
1873,0.0013626845
1874,0.010953812
1875,0.01365427
1876,0.0068543837
1877,0.006141764
1878,0.017004503
1879,0.014114392
1880,0.00674784
1881,0.0020547211
1882,0.010485223
1883,0.011582092
1884,0.004719002
1885,0.0042774836
1886,0.014565858
1887,0.015410098
1888,0.006680995
1889,0.0013658683
1890,0.0081296135
1891,0.00953841
1892,0.006215557
1893,0.0023863732
1894,0.01131489
1895,0.0153675815
1896,0.007484749
1897,0.0012308576
1898,0.008795067
1899,0.008409799
1900,0.00011863317
1901,0.012854836
1902,0.01977336
1903,0.017192833
1904,0.007333514
1905,0.00020423747
1906,0.0064880974
1907,0.0038894678
1908,0.0015279434
1909,0.011438691
1910,0.017714562
1911,0.017338742
1912,0.008024194
1913,-0.0007645298
1914,0.0052570393
1915,0.0070008854
1916,0.0010859213
1917,0.007398062
1918,0.014316108
1919,0.013014491
1920,0.0071771843
1921,0.0018192924
1922,0.010293177
1923,0.011770318
1924,0.0018942482
1925,0.012240458
1926,0.015126035
1927,0.012880889
1928,0.0057355487
1929,0.001203337
1930,0.005843913
1931,0.002683924
1932,0.0049965205
1933,0.016746674
1934,0.022267723
1935,0.015646327
1936,0.007833127
1937,-0.0006124305
1938,0.0033603832
1939,0.0011862017
1940,0.0017511412
1941,0.0068717096
1942,0.016111922
1943,0.015535336
1944,0.0070577874
1945,-0.0009599774
1946,0.004820394
1947,0.0034857146
1948,0.00055488094
1949,0.012960095
1950,0.016293252
1951,0.011367902
1952,0.0062824273
1953,-0.00032797985
1954,0.0034216228
1955,0.00050287857
1956,0.008357857
1957,0.019959345
1958,0.025617402
1959,0.018600915
1960,0.0073272614
1961,-0.00034900458
1962,0.0029797982
1963,0.0019222407
1964,0.009696317
1965,0.016680565
1966,0.018185847
1967,0.017087366
1968,0.007784767
1969,-0.00085674244
1970,0.0018323406
1971,0.0015832717
1972,0.016882412
1973,0.027683007
1974,0.02686878
1975,0.022413108
1976,0.00893679
1977,-0.0010308356
1978,0.0009424353
1979,0.006034567
1980,0.022118531
1981,0.029695258
1982,0.033803713
1983,0.025508648
1984,0.010992218
1985,-0.000499615
1986,-0.00032605312
1987,0.008571338
1988,0.027092636
1989,0.04009955
1990,0.041023333
1991,0.030043146
1992,0.013211291
1993,0.00043813512
1994,-0.00040524727
1995,0.011269236
1996,0.027028453
1997,0.03977621
1998,0.03784979
1999,0.027980175
2000,0.011738477
2001,0.00026660308
2002,0.0003219432
2003,0.011151601
2004,0.02842374
2005,0.040853444
2006,0.043394648
2007,0.027213745
2008,0.011103713
2009,-0.00027348567
2010,0.00060353207
2011,0.013596398
2012,0.031408552
2013,0.044309583
2014,0.04585359
2015,0.028735068
2016,0.012194969
2017,-0.000337044
2018,0.00082289544
2019,0.012173863
2020,0.032838807
2021,0.046412066
2022,0.04644233
2023,0.032448918
2024,0.012914712
2025,-0.00020297285
2026,0.0006281198
2027,0.015067763
2028,0.037528954
2029,0.055809993
2030,0.055128835
2031,0.040329512
2032,0.016422385
2033,0.0006892778
2034,-0.000616792
2035,0.013490027
2036,0.037366465
2037,0.05064642
2038,0.049564335
2039,0.036337595
2040,0.017139968
2041,0.0016439491
2042,-0.00038427324
2043,0.012796447
2044,0.03335213
2045,0.05148419
2046,0.05090643
2047,0.039921995
2048,0.017210104
2049,0.0010973532
2050,-0.0002395981
2051,0.015188073
2052,0.03850044
2053,0.057389732
2054,0.05371854
2055,0.0376212
2056,0.017118143
2057,0.001196776
2058,0.00025414792
2059,0.012420604
2060,0.03319542
2061,0.052214433
2062,0.055686153
2063,0.0427887
2064,0.019277275
2065,0.0011831723
2066,0.00083231146
2067,0.020241773
2068,0.045721497
2069,0.061437562
2070,0.063618675
2071,0.04731129
2072,0.021894017
2073,0.0022855354
2074,0.00012783555
2075,0.017053863
2076,0.04596152
2077,0.06675079
2078,0.06864304
2079,0.05148341
2080,0.024852533
2081,0.003474572
2082,-0.00039438816
2083,0.016710553
2084,0.044445883
2085,0.06328214
2086,0.0696901
2087,0.05367906
2088,0.0252773
2089,0.0038428167
2090,0.00027257134
2091,0.018485459
2092,0.047039904
2093,0.07332874
2094,0.080703326
2095,0.06254305
2096,0.029228535
2097,0.0041436884
2098,0.000362815
2099,0.019462304
2100,0.049691882
2101,0.07452677
2102,0.0797266
2103,0.05998032
2104,0.030449038
2105,0.00535783
2106,-0.00017063349
2107,0.019068733
2108,0.05284225
2109,0.07875808
2110,0.08207369
2111,0.06364906
2112,0.030967858
2113,0.0041937456
2114,-7.188134e-05
2115,0.018909656
2116,0.049744517
2117,0.07259305
2118,0.07660467
2119,0.05830904
2120,0.029556924
2121,0.0052380282
2122,-0.0001815604
2123,0.017325256
2124,0.04652303
2125,0.069999345
2126,0.073320694
2127,0.05782627
2128,0.0268878
2129,0.0041873446
2130,0.00010317727
2131,0.016616018
2132,0.04394638
2133,0.06888163
2134,0.07283504
2135,0.05457573
2136,0.024658786
2137,0.0029849957
2138,0.00036122045
2139,0.018174885
2140,0.048517715
2141,0.07438153
2142,0.08052755
2143,0.062454123
2144,0.026948763
2145,0.002970452
2146,0.0009659417
2147,0.023975926
2148,0.059533723
2149,0.08614353
2150,0.08484197
2151,0.0653793
2152,0.03180101
2153,0.004106491
2154,0.00053616916
2155,0.022408834
2156,0.057082772
2157,0.08495834
2158,0.086678125
2159,0.06381216
2160,0.031292204
2161,0.005004996
2162,0.00025563396
2163,0.02071491
2164,0.055002198
2165,0.08262523
2166,0.08992568
2167,0.070947364
2168,0.033828244
2169,0.00516867
2170,0.00039977522
2171,0.021628654
2172,0.055236775
2173,0.082138844
2174,0.09046685
2175,0.07187448
2176,0.033969812
2177,0.0050697112
2178,0.00020907272
2179,0.02132217
2180,0.05285886
2181,0.0790342
2182,0.08578497
2183,0.06579433
2184,0.031230433
2185,0.004338879
2186,0.00072331063
2187,0.021400535
2188,0.05487268
2189,0.079006515
2190,0.08375315
2191,0.06368815
2192,0.031071043
2193,0.00438957
2194,-0.0002345285
2195,0.017389024
2196,0.0476421
2197,0.07387229
2198,0.079331934
2199,0.05975663
2200,0.028926075
2201,0.00410401
2202,-0.00024068955
2203,0.018161396
2204,0.046405744
2205,0.06804321
2206,0.07520006
2207,0.05754905
2208,0.028181605
2209,0.004225406
2210,-0.00022534886
2211,0.016872771
2212,0.045058496
2213,0.06928437
2214,0.075798474
2215,0.05841224
2216,0.02777078
2217,0.0040521226
2218,-0.00020963972
2219,0.016793136
2220,0.043405075
2221,0.070092455
2222,0.07539215
2223,0.057862576
2224,0.028099235
2225,0.004065462
2226,-0.0007631
2227,0.0151821785
2228,0.04191997
2229,0.062350474
2230,0.06814264
2231,0.051448986
2232,0.025220428
2233,0.0028739315
2234,-0.00013765658
2235,0.013636517
2236,0.039998468
2237,0.061778788
2238,0.06579933
2239,0.04988995
2240,0.023661243
2241,0.0030211494
2242,-0.000100588775
2243,0.012492492
2244,0.036329914
2245,0.057107884
2246,0.06502862
2247,0.049519762
2248,0.025712935
2249,0.0037151778
2250,0.00031375006
2251,0.012329461
2252,0.038877267
2253,0.060286663
2254,0.06285854
2255,0.04917855
2256,0.024934584
2257,0.0034077517
2258,0.00028925657
2259,0.013036994
2260,0.036386676
2261,0.05655478
2262,0.06354287
2263,0.05090247
2264,0.024552638
2265,0.0029517235
2266,4.6066067e-05
2267,0.012697907
2268,0.03688419
2269,0.05780829
2270,0.063405395
2271,0.049417567
2272,0.026470268
2273,0.0044951076
2274,-0.0006239519
2275,0.012813176
2276,0.03915183
2277,0.062341798
2278,0.06689245
2279,0.054984547
2280,0.028951393
2281,0.005187396
2282,-0.0008339705
2283,0.01478453
2284,0.043766327
2285,0.068193756
2286,0.07452244
2287,0.055678133
2288,0.028260726
2289,0.004480909
2290,-0.00027152692
2291,0.017130785
2292,0.046342134
2293,0.070665374
2294,0.075602986
2295,0.0578249
2296,0.02797687
2297,0.0044100457
2298,-0.00031128607
2299,0.016576573
2300,0.044438373
2301,0.069925874
2302,0.0760858
2303,0.056020413
2304,0.027852215
2305,0.0038372525
2306,-0.00041602552
2307,0.016784245
2308,0.04436417
2309,0.064538985
2310,0.07320964
2311,0.05807258
2312,0.027911194
2313,0.0046636523
2314,-0.0005034991
2315,0.01697508
2316,0.04790146
2317,0.07120448
2318,0.074241765
2319,0.056195613
2320,0.027995234
2321,0.0042556636
2322,-0.00013057934
2323,0.017074855
2324,0.044425413
2325,0.07133543
2326,0.077224016
2327,0.062036134
2328,0.031863093
2329,0.0058950456
2330,-0.0001384134
2331,0.01793886
2332,0.04764663
2333,0.07675659
2334,0.086050555
2335,0.06634407
2336,0.03205825
2337,0.005125637
2338,0.00014158897
2339,0.019139359
2340,0.052296363
2341,0.07947131
2342,0.084114216
2343,0.06473277
2344,0.031206015
2345,0.0053697582
2346,9.946292e-05
2347,0.019361366
2348,0.05053106
2349,0.07609852
2350,0.08408853
2351,0.063919745
2352,0.029764824
2353,0.0043004584
2354,-0.00048101388
2355,0.01834665
2356,0.046991836
2357,0.072335504
2358,0.07358514
2359,0.05336721
2360,0.025344327
2361,0.003236878
2362,-0.000656357
2363,0.015177728
2364,0.04097352
2365,0.064328805
2366,0.067768104
2367,0.053949606
2368,0.026755141
2369,0.0041360077
2370,-0.00035620155
2371,0.01620411
2372,0.04431865
2373,0.06771279
2374,0.07413144
2375,0.05809948
2376,0.029723238
2377,0.0051989635
2378,-0.0005079163
2379,0.01511636
2380,0.04613496
2381,0.07179775
2382,0.07540062
2383,0.05789278
2384,0.027964646
2385,0.0039685103
2386,0.0001986681
2387,0.013385208
2388,0.040898014
2389,0.058913875
2390,0.06239652
2391,0.047941256
2392,0.022495305
2393,0.0023517017
2394,-0.0006354841
2395,0.012218711
2396,0.036075383
2397,0.0524007
2398,0.059884015
2399,0.047832847
2400,0.02310897
2401,0.003237614
2402,-0.00019548275
2403,0.014757788
2404,0.041844446
2405,0.065263756
2406,0.06915119
2407,0.05359823
2408,0.027115209
2409,0.003832702
2410,0.00017415814
2411,0.01902674
2412,0.04661025
2413,0.06693791
2414,0.07095594
2415,0.057712328
2416,0.028896654
2417,0.0039588315
2418,0.00040637923
2419,0.02057928
2420,0.051105235
2421,0.07481549
2422,0.0811294
2423,0.060695246
2424,0.03020704
2425,0.0040732455
2426,-0.00021280802
2427,0.018477295
2428,0.045118596
2429,0.06900638
2430,0.06920985
2431,0.052788183
2432,0.025091887
2433,0.002993971
2434,0.00050522876
2435,0.017248863
2436,0.04532128
2437,0.06649488
2438,0.072573744
2439,0.054663967
2440,0.026840452
2441,0.0037414208
2442,1.0842807e-05
2443,0.019806858
2444,0.05235189
2445,0.07734035
2446,0.07729041
2447,0.05825488
2448,0.027528128
2449,0.003781325
2450,-0.00015722669
2451,0.015994582
2452,0.04269061
2453,0.06526179
2454,0.067636564
2455,0.053160083
2456,0.025659166
2457,0.0032270285
2458,-0.00028742698
2459,0.017034506
2460,0.047156453
2461,0.06808949
2462,0.07137854
2463,0.05443114
2464,0.02505258
2465,0.0030131813
2466,-0.0007305373
2467,0.013705899
2468,0.03735781
2469,0.06051496
2470,0.064308226
2471,0.048266906
2472,0.023488687
2473,0.002674065
2474,-0.0006091303
2475,0.017108414
2476,0.04296531
2477,0.0612148
2478,0.06790597
2479,0.052366406
2480,0.02651831
2481,0.004034381
2482,-0.0005659059
2483,0.014808539
2484,0.042802032
2485,0.06319377
2486,0.06613314
2487,0.053291187
2488,0.025502343
2489,0.0033526365
2490,-0.00027434656
2491,0.014940766
2492,0.03963458
2493,0.06093193
2494,0.06345544
2495,0.047780186
2496,0.024955485
2497,0.0031765532
2498,0.00014375802
2499,0.014005094
2500,0.03941199
2501,0.06155758
2502,0.062317926
2503,0.04973358
2504,0.024215931
2505,0.0032962242
2506,-3.907457e-05
2507,0.013359123
2508,0.037967283
2509,0.060708314
2510,0.06567943
2511,0.05058188
2512,0.026215855
2513,0.004092995
2514,-0.00030530235
2515,0.012700285
2516,0.040191997
2517,0.06274976
2518,0.06823659
2519,0.053515755
2520,0.026641171
2521,0.003875882
2522,0.00026443572
2523,0.011090021
2524,0.034766246
2525,0.055592585
2526,0.063926555
2527,0.049300857
2528,0.023586318
2529,0.0020275442
2530,0.0006307562
2531,0.013189234
2532,0.037707087
2533,0.054694686
2534,0.06080637
2535,0.046218198
2536,0.022495862
2537,0.0024486145
2538,0.0010307226
2539,0.00932095
2540,0.0323348
2541,0.053575
2542,0.059646428
2543,0.04674684
2544,0.022580992
2545,0.002620629
2546,0.0014695465
2547,0.00923692
2548,0.03203239
2549,0.05300886
2550,0.058761336
2551,0.04686782
2552,0.023671618
2553,0.0034438025
2554,0.00095667085
2555,0.00921382
2556,0.030968297
2557,0.05167694
2558,0.056846097
2559,0.04608711
2560,0.02308537
2561,0.0029302423
2562,0.00145394
2563,0.009163925
2564,0.03193686
2565,0.054531652
2566,0.060262572
2567,0.045014933
2568,0.020840827
2569,0.001483854
2570,0.001811333
2571,0.009884976
2572,0.033132244
2573,0.053092677
2574,0.056231078
2575,0.042782664
2576,0.022035988
2577,0.002626963
2578,0.0010032866
2579,0.009697231
2580,0.032881763
2581,0.054251548
2582,0.060395326
2583,0.047378276
2584,0.023197064
2585,0.0026673814
2586,0.0017017811
2587,0.00942102
2588,0.030908423
2589,0.048414662
2590,0.05556665
2591,0.044283673
2592,0.02263765
2593,0.0028273833
2594,0.0013453421
2595,0.007629642
2596,0.031231187
2597,0.05174133
2598,0.05576202
2599,0.04327845
2600,0.021398196
2601,0.0012557226
2602,0.002683838
2603,0.010063259
2604,0.030216387
2605,0.04498938
2606,0.04927165
2607,0.038923487
2608,0.019286366
2609,0.001171317
2610,0.0019218889
2611,0.0067866556
2612,0.026847718
2613,0.045746908
2614,0.051462766
2615,0.041160163
2616,0.019647334
2617,0.0016562333
2618,0.0027525602
2619,0.00627977
2620,0.027959675
2621,0.048130322
2622,0.051082402
2623,0.04088462
2624,0.018681526
2625,0.00031281455
2626,0.0040503675
2627,0.00476227
2628,0.022211757
2629,0.040174797
2630,0.044339392
2631,0.03399144
2632,0.016688298
2633,0.00048083963
2634,0.0042558084
2635,0.004101916
2636,0.02144136
2637,0.035686653
2638,0.0429414
2639,0.035894252
2640,0.017752672
2641,-2.626219e-05
2642,0.0037532928
2643,0.005297334
2644,0.022379506
2645,0.03882764
2646,0.043077707
2647,0.03539867
2648,0.01682667
2649,-0.00011579692
2650,0.0041251583
2651,0.005061915
2652,0.02257719
2653,0.040303107
2654,0.044843268
2655,0.036530834
2656,0.017281529
2657,0.00046211242
2658,0.002997866
2659,0.0059181657
2660,0.02407086
2661,0.04101017
2662,0.046817236
2663,0.03763016
2664,0.019213492
2665,0.0017910625
2666,0.00353676
2667,0.003997848
2668,0.021959119
2669,0.041454334
2670,0.045575403
2671,0.03765649
2672,0.01830589
2673,0.001037521
2674,0.0018581444
2675,0.008949889
2676,0.029746976
2677,0.049360562
2678,0.054068804
2679,0.041826148
2680,0.02169876
2681,0.002610719
2682,0.001364969
2683,0.0092875175
2684,0.033595648
2685,0.055191334
2686,0.058459885
2687,0.047360558
2688,0.02326611
2689,0.0030281541
2690,0.0009281902
2691,0.00959259
2692,0.034903612
2693,0.055127315
2694,0.060477678
2695,0.047886893
2696,0.024407363
2697,0.0032796338
2698,0.00090444717
2699,0.010800592
2700,0.035121813
2701,0.05583047
2702,0.061513815
2703,0.04880488
2704,0.02417951
2705,0.0030993093
2706,0.0017197747
2707,0.009418572
2708,0.033151176
2709,0.054985065
2710,0.058939375
2711,0.044975974
2712,0.022124186
2713,0.0023714115
2714,0.0013927296
2715,0.009839474
2716,0.032220185
2717,0.052755687
2718,0.057937298
2719,0.04514014
2720,0.021731561
2721,0.0027117583
2722,0.0011008142
2723,0.00877638
2724,0.03274561
2725,0.051857244
2726,0.059907954
2727,0.047507405
2728,0.02274476
2729,0.002700163
2730,0.0018667785
2731,0.0067709247
2732,0.026854735
2733,0.04818089
2734,0.055365752
2735,0.04219102
2736,0.020840324
2737,0.001994244
2738,0.0017371044
2739,0.009529132
2740,0.03337838
2741,0.053050548
2742,0.055557214
2743,0.04288792
2744,0.021360772
2745,0.0021654079
2746,0.003031267
2747,0.0064276354
2748,0.025770584
2749,0.04402603
2750,0.048885375
2751,0.03980829
2752,0.01864017
2753,0.0007767429
2754,0.002777402
2755,0.007084582
2756,0.027453195
2757,0.046651956
2758,0.049723882
2759,0.03907668
2760,0.018362582
2761,0.00087342743
2762,0.003076636
2763,0.0040538833
2764,0.024706656
2765,0.040995415
2766,0.04843146
2767,0.037471335
2768,0.018140245
2769,0.00059277733
2770,0.0033200546
2771,0.006466846
2772,0.024659336
2773,0.043426093
2774,0.05041222
2775,0.039022386
2776,0.018720053
2777,0.0009897649
2778,0.003447608
2779,0.0049164332
2780,0.023012785
2781,0.04229145
2782,0.045916393
2783,0.037453465
2784,0.018408377
2785,0.0010337406
2786,0.0035119206
2787,0.0040210215
2788,0.023732703
2789,0.042797912
2790,0.046618327
2791,0.03803697
2792,0.017886145
2793,-0.0003402414
2794,0.0044882875
2795,0.005468378
2796,0.024280746
2797,0.041546043
2798,0.045792498
2799,0.03560142
2800,0.016643029
2801,0.00030336867
2802,0.0032603187
2803,0.0046439823
2804,0.024897266
2805,0.043007787
2806,0.047969073
2807,0.039458077
2808,0.019936195
2809,0.0016103969
2810,0.0036814408
2811,0.0054468336
2812,0.025782147
2813,0.042521253
2814,0.050201062
2815,0.040385433
2816,0.020726142
2817,0.0024950071
2818,0.0031237025
2819,0.0050461907
2820,0.02678972
2821,0.04834991
2822,0.05453975
2823,0.04276401
2824,0.020521255
2825,0.0014548989
2826,0.0035008627
2827,0.005672069
2828,0.025245726
2829,0.045118734
2830,0.05013737
2831,0.038093608
2832,0.019084899
2833,0.0017211083
2834,0.0028037792
2835,0.00550691
2836,0.025605612
2837,0.04610672
2838,0.052659333
2839,0.041047685
2840,0.02048539
2841,0.001928108
2842,0.0034251004
2843,0.0041901916
2844,0.025904391
2845,0.045682102
2846,0.05223752
2847,0.039430052
2848,0.018992567
2849,0.00019855791
2850,0.003574286
2851,0.0075868503
2852,0.026476383
2853,0.043760214
2854,0.047313623
2855,0.038580135
2856,0.018286422
2857,0.0006739642
2858,0.0037304542
2859,0.0056698434
2860,0.025397211
2861,0.042938963
2862,0.048619483
2863,0.038856365
2864,0.02000381
2865,0.0019988762
2866,0.003515118
2867,0.003412925
2868,0.023788463
2869,0.040309444
2870,0.04890908
2871,0.03983642
2872,0.019658579
2873,0.0010991984
2874,0.0026028114
2875,0.0067177103
2876,0.027667835
2877,0.04449719
2878,0.052381877
2879,0.041679062
2880,0.02078187
2881,0.002023296
2882,0.0026110099
2883,0.007112123
2884,0.028549362
2885,0.046635017
2886,0.051947955
2887,0.042193793
2888,0.020052744
2889,0.00044686673
2890,0.0038470356
2891,0.0068423194
2892,0.027407575
2893,0.042813845
2894,0.046845015
2895,0.038190506
2896,0.018371742
2897,0.0012558587
2898,0.0034711931
2899,0.0055727246
2900,0.024831086
2901,0.04488875
2902,0.05122018
2903,0.03937395
2904,0.018781941
2905,0.0001899731
2906,0.0051299976
2907,0.004283561
2908,0.024342814
2909,0.040286284
2910,0.046264637
2911,0.036803402
2912,0.017918231
2913,-8.155347e-05
2914,0.0055789724
2915,0.0026835538
2916,0.022088554
2917,0.039119955
2918,0.04445802
2919,0.035433613
2920,0.017268978
2921,0.000476124
2922,0.0050778794
2923,0.0010070011
2924,0.019613631
2925,0.03585955
2926,0.04246167
2927,0.034632314
2928,0.017317448
2929,7.504824e-05
2930,0.0060329176
2931,0.0011073953
2932,0.018972356
2933,0.036910746
2934,0.04109191
2935,0.032567054
2936,0.015630318
2937,-0.00049257587
2938,0.00485978
2939,0.0030906815
2940,0.022299819
2941,0.039089076
2942,0.043991845
2943,0.03501743
2944,0.017668305
2945,0.0005103028
2946,0.0056941328
2947,0.0011700667
2948,0.017496023
2949,0.033482663
2950,0.03953707
2951,0.0328506
2952,0.014785712
2953,0.0011030507
2954,0.008546499
2955,0.0031434419
2956,0.010595158
2957,0.02682587
2958,0.03378026
2959,0.027152129
2960,0.011096038
2961,0.0021335913
2962,0.0075653507
2963,0.001763325
2964,0.014304512
2965,0.029289244
2966,0.035769694
2967,0.028501999
2968,0.013056921
2969,0.0007893559
2970,0.006776398
2971,0.00048654067
2972,0.015893815
2973,0.031668678
2974,0.037250508
2975,0.030362716
2976,0.014951332
2977,0.00035737845
2978,0.006913512
2979,0.000670458
2980,0.0149745885
2981,0.032346375
2982,0.03714569
2983,0.030120386
2984,0.013398352
2985,0.0014130761
2986,0.0070111635
2987,-0.000109876586
2988,0.015201041
2989,0.030021673
2990,0.03629213
2991,0.029593186
2992,0.013627153
2993,0.0011217381
2994,0.007962302
2995,0.0022752213
2996,0.013471278
2997,0.02796966
2998,0.035030324
2999,0.029445147
3000,0.013681217
3001,0.0012057193
3002,0.007725416
3003,0.0003625289
3004,0.01544167
3005,0.030217575
3006,0.03732791
3007,0.029681245
3008,0.014614068
3009,-0.00012291028
3010,0.0059374915
3011,0.0006972055
3012,0.01704399
3013,0.035225518
3014,0.0414255
3015,0.033483125
3016,0.016377421
3017,-0.0002043398
3018,0.0061553963
3019,0.0015247031
3020,0.017947005
3021,0.036182635
3022,0.042804085
3023,0.03433509
3024,0.015903512
3025,0.00035683878
3026,0.0072055473
3027,0.00071298983
3028,0.016531136
3029,0.033217058
3030,0.0378108
3031,0.031355172
3032,0.01511506
3033,-3.08748e-05
3034,0.0058389157
3035,-0.00015100141
3036,0.017699664
3037,0.03473117
3038,0.041390672
3039,0.033344164
3040,0.016129533
3041,-0.0004016599
3042,0.005849919
3043,0.00085767644
3044,0.018030258
3045,0.03521747
3046,0.041867375
3047,0.033829518
3048,0.01651198
3049,0.00039597205
3050,0.0064508338
3051,0.0006168897
3052,0.018192481
3053,0.034047328
3054,0.040064
3055,0.03290816
3056,0.016163485
3057,-7.392184e-05
3058,0.0060243635
3059,0.0004352965
3060,0.018540492
3061,0.034250006
3062,0.04091262
3063,0.033506673
3064,0.016120441
3065,3.4358847e-05
3066,0.00615416
3067,0.00081743294
3068,0.016398467
3069,0.03386714
3070,0.04141984
3071,0.033452228
3072,0.016462367
3073,-2.9364892e-06
3074,0.006394489
3075,0.0005820603
3076,0.018988624
3077,0.03485309
3078,0.040516954
3079,0.032872535
3080,0.015549703
3081,0.0012490037
3082,0.008195325
3083,-0.00015688411
3084,0.016109657
3085,0.030975128
3086,0.036995668
3087,0.02890488
3088,0.012516592
3089,0.0011707123
3090,0.007366883
3091,0.0015044108
3092,0.012370268
3093,0.027607292
3094,0.03447659
3095,0.029175024
3096,0.013996799
3097,0.0015361585
3098,0.0092940675
3099,0.003436376
3100,0.011662873
3101,0.027886922
3102,0.03337025
3103,0.02668396
3104,0.0116442805
3105,0.0022105025
3106,0.008484884
3107,0.0035547996
3108,0.011097618
3109,0.025016822
3110,0.03144132
3111,0.027253835
3112,0.012448752
3113,0.0021837638
3114,0.0088200355
3115,0.0035930853
3116,0.012018685
3117,0.027848639
3118,0.03410398
3119,0.027360708
3120,0.012514069
3121,0.0013119187
3122,0.007480548
3123,0.002519557
3124,0.013089325
3125,0.027770367
3126,0.035936832
3127,0.029849472
3128,0.013603634
3129,0.001108343
3130,0.007991129
3131,0.0021143553
3132,0.013016732
3133,0.029627975
3134,0.036373198
3135,0.028992053
3136,0.013656564
3137,0.0010327849
3138,0.007795462
3139,0.0016082973
3140,0.014670654
3141,0.029651767
3142,0.036893077
3143,0.030170377
3144,0.014314129
3145,0.00072728936
3146,0.0075876648
3147,0.00048359443
3148,0.014646545
3149,0.03089631
3150,0.03794973
3151,0.03066427
3152,0.014390548
3153,0.0006696092
3154,0.0073168455
3155,0.001557702
3156,0.01462525
3157,0.030899785
3158,0.03778137
3159,0.030344237
3160,0.01438974
3161,0.00075088313
3162,0.007247559
3163,0.0019203898
3164,0.01334714
3165,0.030749884
3166,0.037818365
3167,0.029961832
3168,0.014181627
3169,0.00077728915
3170,0.00747335
3171,0.0017533384
3172,0.014844581
3173,0.029295778
3174,0.03548942
3175,0.029439375
3176,0.01439693
3177,0.001015289
3178,0.00848216
3179,0.0021976861
3180,0.01323929
3181,0.027731547
3182,0.03358713
3183,0.028602
3184,0.012941392
3185,0.0019171652
3186,0.008359789
3187,0.0017251193
3188,0.013046493
3189,0.02888373
3190,0.034508124
3191,0.02870885
3192,0.013887224
3193,0.0008729999
3194,0.0078417985
3195,0.0015418907
3196,0.014763923
3197,0.031720318
3198,0.037517168
3199,0.03045735
3200,0.014317614
3201,0.0008204533
3202,0.0071815853
3203,-0.000110935616
3204,0.016193625
3205,0.031942435
3206,0.03789206
3207,0.030910945
3208,0.01449478
3209,0.0007887364
3210,0.007150907
3211,0.00024807858
3212,0.015454639
3213,0.03008516
3214,0.03755686
3215,0.031288132
3216,0.015065509
3217,0.00077074673
3218,0.007211567
3219,0.00018052792
3220,0.015979534
3221,0.031440157
3222,0.03781631
3223,0.030285528
3224,0.014442976
3225,0.000770353
3226,0.007434527
3227,0.00032349525
3228,0.015574274
3229,0.030378865
3230,0.036334187
3231,0.030738952
3232,0.014617435
3233,0.00046576938
3234,0.0068573523
3235,0.0008965593
3236,0.01592878
3237,0.03195
3238,0.03861901
3239,0.030956479
3240,0.014373199
3241,0.00077345024
3242,0.0074344464
3243,0.0005572128
3244,0.015286137
3245,0.031433173
3246,0.037766952
3247,0.030553509
3248,0.014691679
3249,0.0006478511
3250,0.0072082155
3251,0.00073420285
3252,0.0154528245
3253,0.03152946
3254,0.037150633
3255,0.0303447
3256,0.014706401
3257,0.0007352228
3258,0.007787207
3259,0.0007404914
3260,0.014609615
3261,0.03024733
3262,0.036895633
3263,0.030041598
3264,0.0137189925
3265,0.0010645932
3266,0.007070508
3267,0.0009551202
3268,0.015073917
3269,0.030842159
3270,0.0374438
3271,0.03064676
3272,0.014767176
3273,0.00024464642
3274,0.006888205
3275,0.0013454044
3276,0.013540133
3277,0.030589039
3278,0.03810418
3279,0.030310756
3280,0.0136789
3281,0.0014014733
3282,0.0072226
3283,0.000112080554
3284,0.015122893
3285,0.03028094
3286,0.03727542
3287,0.03032127
3288,0.014620604
3289,0.00051650836
3290,0.006872685
3291,0.00013012072
3292,0.015312657
3293,0.031784218
3294,0.038806178
3295,0.031765845
3296,0.01517255
3297,0.0004061098
3298,0.0075656828
3299,0.00018764389
3300,0.015431264
3301,0.032035287
3302,0.037211653
3303,0.030745517
3304,0.0142394295
3305,0.0008315606
3306,0.0073511084
3307,0.0008402801
3308,0.015574274
3309,0.031192616
3310,0.036835067
3311,0.030849593
3312,0.014880268
3313,0.0005937365
3314,0.007150609
3315,0.0005229598
3316,0.015937634
3317,0.03176055
3318,0.037516378
3319,0.03067746
3320,0.015093655
3321,0.00025585966
3322,0.007937572
3323,0.0013346216
3324,0.015540747
3325,0.03203805
3326,0.037987076
3327,0.02985689
3328,0.0137957325
3329,0.0010399894
3330,0.0071156737
3331,0.00031026363
3332,0.015384057
3333,0.030422436
3334,0.037112232
3335,0.031083666
3336,0.015090184
3337,0.0001719635
3338,0.0071226633
3339,0.00073368655
3340,0.014955137
3341,0.030372227
3342,0.03652476
3343,0.030277178
3344,0.013519697
3345,0.0015720404
3346,0.0077552814
3347,0.0016163299
3348,0.012783437
3349,0.028611682
3350,0.035729986
3351,0.028854027
3352,0.013071646
3353,0.0010068759
3354,0.0070618493
3355,0.001088195
3356,0.014351267
3357,0.031299606
3358,0.03748196
3359,0.030211682
3360,0.01430102
3361,0.00061337696
3362,0.0067351274
3363,0.00035897555
3364,0.015444607
3365,0.031515073
3366,0.038547445
3367,0.03176218
3368,0.015725918
3369,-8.06388e-05
3370,0.0069969636
3371,-0.0001809522
3372,0.016630555
3373,0.032276265
3374,0.038976315
3375,0.031928983
3376,0.015659714
3377,-0.00036156803
3378,0.006389275
3379,0.00013180924
3380,0.015353522
3381,0.032795552
3382,0.040564172
3383,0.032782797
3384,0.015791677
3385,7.855604e-05
3386,0.0063244305
3387,0.00025790028
3388,0.017594125
3389,0.033081345
3390,0.039334383
3391,0.032420687
3392,0.015589635
3393,0.0003124858
3394,0.0067563117
3395,-8.023695e-05
3396,0.01592517
3397,0.03219455
3398,0.039037626
3399,0.032447945
3400,0.0155919995
3401,-0.0001029002
3402,0.0059988457
3403,0.00064219313
3404,0.018004913
3405,0.03539442
3406,0.040973283
3407,0.03293363
3408,0.016260585
3409,-0.00029966712
3410,0.0056102015
3411,0.00089400983
3412,0.018723037
3413,0.035530116
3414,0.042845346
3415,0.034214012
3416,0.01686526
3417,-0.00038242136
3418,0.0057857754
3419,0.0013013222
3420,0.01927947
3421,0.034750048
3422,0.040809467
3423,0.03370503
3424,0.01653235
3425,0.00011652475
3426,0.005476462
3427,0.0021124359
3428,0.019898754
3429,0.036554035
3430,0.043665655
3431,0.036363516
3432,0.018026685
3433,0.00012694285
3434,0.0057662358
3435,0.0021806597
3436,0.021289391
3437,0.036862392
3438,0.04220042
3439,0.034387093
3440,0.016199853
3441,-0.00015402149
3442,0.005285255
3443,0.002126107
3444,0.019163681
3445,0.035310347
3446,0.043321338
3447,0.03567998
3448,0.018135643
3449,0.0011675139
3450,0.0049010073
3451,0.0024385646
3452,0.022056185
3453,0.04103088
3454,0.045771968
3455,0.036968835
3456,0.01825121
3457,0.0008245839
3458,0.005201957
3459,0.0031680819
3460,0.022826996
3461,0.040815525
3462,0.046538334
3463,0.03789264
3464,0.018969243
3465,0.0009824787
3466,0.0043122424
3467,0.0035819227
3468,0.021527208
3469,0.03976503
3470,0.04684189
3471,0.038952336
3472,0.018603096
3473,0.0007134479
3474,0.003995411
3475,0.0040060715
3476,0.023624811
3477,0.041481253
3478,0.047714565
3479,0.038915273
3480,0.019568421
3481,0.0014536448
3482,0.0035220159
3483,0.0046778773
3484,0.025060046
3485,0.04310575
3486,0.050051875
3487,0.04044314
3488,0.020183207
3489,0.0017961828
3490,0.0034209646
3491,0.0053885896
3492,0.026574275
3493,0.04546658
3494,0.051564045
3495,0.04081469
3496,0.01950469
3497,0.00085285277
3498,0.0038053119
3499,0.005113358
3500,0.023894498
3501,0.043525636
3502,0.04908311
3503,0.038926683
3504,0.018914303
3505,0.0008129914
3506,0.004289171
3507,0.0040016538
3508,0.021765044
3509,0.041110866
3510,0.045801688
3511,0.036438916
3512,0.01885687
3513,0.0016362893
3514,0.0036302428
3515,0.003279604
3516,0.022890702
3517,0.04229304
3518,0.048445392
3519,0.03929692
3520,0.019923748
3521,0.001161337
3522,0.004094025
3523,0.0050356905
3524,0.025086304
3525,0.043764308
3526,0.048227794
3527,0.03648078
3528,0.017406873
3529,0.00062207587
3530,0.0034171538
3531,0.0046457616
3532,0.023565235
3533,0.041787602
3534,0.046880797
3535,0.038808566
3536,0.01969779
3537,0.0014531333
3538,0.002767371
3539,0.005943403
3540,0.028245553
3541,0.047646105
3542,0.05303282
3543,0.040631033
3544,0.019657152
3545,0.0012969486
3546,0.0033799908
3547,0.0051686396
3548,0.025964573
3549,0.042934924
3550,0.049940053
3551,0.038853496
3552,0.018872349
3553,0.00061226427
3554,0.0034704537
3555,0.005450789
3556,0.024718931
3557,0.043635327
3558,0.049032733
3559,0.03911878
3560,0.01949684
3561,0.001357282
3562,0.0030710148
3563,0.0056550433
3564,0.025837766
3565,0.044912968
3566,0.051734235
3567,0.041374844
3568,0.020684347
3569,0.0016723177
3570,0.003640561
3571,0.005487868
3572,0.026985968
3573,0.04560729
3574,0.04947504
3575,0.04025919
3576,0.01909826
3577,0.0004897441
3578,0.0036951138
3579,0.004676032
3580,0.0237024
3581,0.0420736
3582,0.047621027
3583,0.038971208
3584,0.018604413
3585,0.000505155
3586,0.0046758773
3587,0.004098867
3588,0.024495274
3589,0.04192493
3590,0.046978004
3591,0.037183512
3592,0.018548328
3593,0.0011352452
3594,0.0040729684
3595,0.003024785
3596,0.021987753
3597,0.04123053
3598,0.047671866
3599,0.038832057
3600,0.019773757
3601,-0.00039583305
3602,-0.0007198124
3603,-0.00032652263
3604,0.00046117275
3605,0.0011081882
3606,0.0050804876
3607,0.00402463
3608,0.001109035
3609,0.00013591442
3610,0.0003558771
3611,0.007613941
3612,0.007426417
3613,0.007299288
3614,0.0007770074
3615,0.0006935488
3616,0.002201003
3617,-0.001230818
3618,0.0071939216
3619,0.024337886
3620,0.037662517
3621,0.037073877
3622,0.02971263
3623,0.0097932005
3624,0.0017279903
3625,0.00081979716
3626,0.008296081
3627,0.0267631
3628,0.037905287
3629,0.0415925
3630,0.033842653
3631,0.013699996
3632,0.00041991705
3633,0.0012035343
3634,0.0066688345
3635,0.028521605
3636,0.053220056
3637,0.059887186
3638,0.051341977
3639,0.03187758
3640,0.0074342247
3641,-3.348803e-05
3642,0.006465369
3643,0.030652346
3644,0.055001628
3645,0.0664109
3646,0.05490109
3647,0.030002695
3648,0.0050315363
3649,0.0013238054
3650,0.0049461243
3651,0.02900473
3652,0.055638943
3653,0.062445614
3654,0.049320705
3655,0.030655893
3656,0.007208594
3657,0.0011849108
3658,0.0056815883
3659,0.0334909
3660,0.05850761
3661,0.07117285
3662,0.062871896
3663,0.03917993
3664,0.011984098
3665,0.00016336644
3666,0.0051206523
3667,0.036230985
3668,0.0663036
3669,0.07903031
3670,0.06479985
3671,0.040786408
3672,0.013394115
3673,0.0022701656
3674,0.003700567
3675,0.03419801
3676,0.070948094
3677,0.09541066
3678,0.09385197
3679,0.058803666
3680,0.017169043
3681,0.00087873265
3682,0.0016796098
3683,0.03281096
3684,0.0741657
3685,0.097271904
3686,0.09915526
3687,0.07117788
3688,0.027650245
3689,-0.0009940728
3690,0.00046825374
3691,0.034144294
3692,0.08371337
3693,0.12190753
3694,0.11604959
3695,0.08664559
3696,0.039969973
3697,0.002987728
3698,-0.000668619
3699,0.030600896
3700,0.07910161
3701,0.116685815
3702,0.12456708
3703,0.09703319
3704,0.04715497
3705,0.0073090103
3706,-0.0014189365
3707,0.0248818
3708,0.072020136
3709,0.10668063
3710,0.1116135
3711,0.08082096
3712,0.039585352
3713,0.004741222
3714,-5.4556294e-05
3715,0.029029557
3716,0.072817065
3717,0.10459843
3718,0.11395908
3719,0.082675375
3720,0.03930609
3721,0.0055530397
3722,-1.7341226e-05
3723,0.027084356
3724,0.07133489
3725,0.10599872
3726,0.10813442
3727,0.08547469
3728,0.041474693
3729,0.0066289157
3730,-0.00015855592
3731,0.025162391
3732,0.06602556
3733,0.10107692
3734,0.10479786
3735,0.07730068
3736,0.038908668
3737,0.0053047724
3738,-0.0001254084
3739,0.024862394
3740,0.06683517
3741,0.09847089
3742,0.10630873
3743,0.08254091
3744,0.038934622
3745,0.006342074
3746,-0.00019771687
3747,0.024006061
3748,0.06275314
3749,0.093473755
3750,0.101290055
3751,0.07391447
3752,0.034735322
3753,0.004343411
3754,0.0005426047
3755,0.026760008
3756,0.0678506
3757,0.10059636
3758,0.105502576
3759,0.07698643
3760,0.03856413
3761,0.005878267
3762,0.00020438456
3763,0.02439292
3764,0.06493153
3765,0.09644499
3766,0.10001534
3767,0.077332176
3768,0.038344845
3769,0.006138242
3770,-3.1045638e-06
3771,0.023142675
3772,0.06296639
3773,0.09689396
3774,0.098141596
3775,0.074584566
3776,0.034514025
3777,0.0053266473
3778,0.00015337113
3779,0.023710418
3780,0.06465833
3781,0.09126319
3782,0.097624175
3783,0.07077219
3784,0.0341472
3785,0.0042607887
3786,0.00016876531
3787,0.022238249
3788,0.057597846
3789,0.08993124
3790,0.095786795
3791,0.07148375
3792,0.03199732
3793,0.0030762537
3794,-0.00013078202
3795,0.02309562
3796,0.06326364
3797,0.09430578
3798,0.10132694
3799,0.07243802
3800,0.034430046
3801,0.0040961127
3802,0.0005282783
3803,0.027772784
3804,0.06891678
3805,0.10268487
3806,0.10652878
3807,0.07927188
3808,0.03794968
3809,0.0051874258
3810,-1.8486986e-05
3811,0.024664126
3812,0.063249476
3813,0.09610769
3814,0.10509546
3815,0.078086115
3816,0.03940248
3817,0.0062200828
3818,0.00019138725
3819,0.024442077
3820,0.064466946
3821,0.09412326
3822,0.10222725
3823,0.076532155
3824,0.035578012
3825,0.0055963574
3826,0.00037091167
3827,0.021639649
3828,0.057744183
3829,0.08221797
3830,0.0835609
3831,0.063102394
3832,0.029076362
3833,0.0046264217
3834,0.0003307102
3835,0.01961413
3836,0.04926462
3837,0.0766456
3838,0.08199709
3839,0.06405806
3840,0.0317916
3841,0.0054747164
3842,-1.2389501e-05
3843,0.019029059
3844,0.051124346
3845,0.07729716
3846,0.086577624
3847,0.06769092
3848,0.03325016
3849,0.0053547476
3850,-4.203734e-05
3851,0.01963018
3852,0.0544563
3853,0.079256326
3854,0.08124763
3855,0.060941987
3856,0.029542722
3857,0.004541314
3858,0.00031925668
3859,0.0186586
3860,0.051324777
3861,0.077280544
3862,0.08281739
3863,0.063810274
3864,0.03241987
3865,0.0053024353
3866,4.6752393e-05
3867,0.019373773
3868,0.05267749
3869,0.0806494
3870,0.08843508
3871,0.06613557
3872,0.0330977
3873,0.0053026425
3874,-0.00010536285
3875,0.020084083
3876,0.054726258
3877,0.08134585
3878,0.0885448
3879,0.066021785
3880,0.033173673
3881,0.00454678
3882,0.0007995588
3883,0.024251204
3884,0.057183523
3885,0.07863582
3886,0.08117084
3887,0.058681153
3888,0.02917864
3889,0.0036124235
3890,0.0005548954
3891,0.021202529
3892,0.052334942
3893,0.073679514
3894,0.07693323
3895,0.05844289
3896,0.024930418
3897,0.002858717
3898,0.0009775772
3899,0.02423624
3900,0.056345273
3901,0.0839657
3902,0.08490641
3903,0.06125388
3904,0.02793397
3905,0.0032979143
3906,0.0014219305
3907,0.024063332
3908,0.055987418
3909,0.07774354
3910,0.08262432
3911,0.06257308
3912,0.030570738
3913,0.004451365
3914,0.00043720973
3915,0.020445356
3916,0.051086225
3917,0.074450925
3918,0.08020686
3919,0.06056035
3920,0.027974354
3921,0.003409821
3922,0.0002660586
3923,0.020009855
3924,0.052067984
3925,0.076201655
3926,0.07701672
3927,0.05570237
3928,0.027570471
3929,0.004101744
3930,0.00013338542
3931,0.017938523
3932,0.047091078
3933,0.072661206
3934,0.07640148
3935,0.05900514
3936,0.028407654
3937,0.0048322445
3938,-0.00041813595
3939,0.018168595
3940,0.047798797
3941,0.07501147
3942,0.07973222
3943,0.05929978
3944,0.028262256
3945,0.0042635025
3946,-9.035127e-05
3947,0.016427405
3948,0.04508575
3949,0.07028998
3950,0.075436264
3951,0.05683944
3952,0.027598185
3953,0.0042726872
3954,-2.3726898e-05
3955,0.016563714
3956,0.043735906
3957,0.0663608
3958,0.07365593
3959,0.056575056
3960,0.02867451
3961,0.0044976943
3962,-0.00033595948
3963,0.017641243
3964,0.048724398
3965,0.06845547
3966,0.06866703
3967,0.05110031
3968,0.024301587
3969,0.0029237566
3970,-0.00073971716
3971,0.017168699
3972,0.042982
3973,0.06622819
3974,0.069362596
3975,0.048705485
3976,0.022171952
3977,0.0021735104
3978,-0.00048255836
3979,0.015048154
3980,0.041195992
3981,0.05874731
3982,0.06271377
3983,0.05128848
3984,0.025150884
3985,0.0033592659
3986,-0.0005815643
3987,0.015120474
3988,0.03891358
3989,0.059386875
3990,0.06240658
3991,0.04963605
3992,0.02342616
3993,0.0025559645
3994,-7.458002e-05
3995,0.012052484
3996,0.032920063
3997,0.053646423
3998,0.055641636
3999,0.043962896
4000,0.019854426
4001,0.0017164559
4002,-0.00057235075
4003,0.013897733
4004,0.040015962
4005,0.06147554
4006,0.06534388
4007,0.047450807
4008,0.021737346
4009,0.002388414
4010,0.00039318827
4011,0.0121979285
4012,0.036143165
4013,0.05609907
4014,0.06018794
4015,0.048593014
4016,0.024027927
4017,0.002706977
4018,0.00030363246
4019,0.011833138
4020,0.03744683
4021,0.057521764
4022,0.062764265
4023,0.048065666
4024,0.024061887
4025,0.0033217086
4026,0.0015634665
4027,0.009222846
4028,0.030547256
4029,0.050620977
4030,0.058028124
4031,0.044987205
4032,0.021322388
4033,0.0020360928
4034,0.0013004388
4035,0.011821439
4036,0.03638154
4037,0.055788778
4038,0.059734907
4039,0.045344096
4040,0.023319755
4041,0.0026130192
4042,0.0009694461
4043,0.010902354
4044,0.03370331
4045,0.054319147
4046,0.06003708
4047,0.047376584
4048,0.024182972
4049,0.0038683356
4050,0.00039944454
4051,0.009390771
4052,0.03319683
4053,0.055594247
4054,0.061738353
4055,0.049708642
4056,0.024285974
4057,0.003186496
4058,0.00020727539
4059,0.010843892
4060,0.033432093
4061,0.052563235
4062,0.058924142
4063,0.045172844
4064,0.022406647
4065,0.0021286572
4066,0.00051176356
4067,0.012788788
4068,0.035229333
4069,0.05701911
4070,0.062032603
4071,0.047440764
4072,0.02268431
4073,0.0026394983
4074,0.00031336508
4075,0.01172637
4076,0.03556163
4077,0.056424074
4078,0.061640095
4079,0.04869013
4080,0.02510572
4081,0.0041743177
4082,0.00020272238
4083,0.011626402
4084,0.03490719
4085,0.057747427
4086,0.06464719
4087,0.04942354
4088,0.0243823
4089,0.0037868551
4090,-0.0004839936
4091,0.013082778
4092,0.039878305
4093,0.06399934
4094,0.06624078
4095,0.051118564
4096,0.026016898
4097,0.0040734597
4098,-0.000116523064
4099,0.015662182
4100,0.04167755
4101,0.06834014
4102,0.07716598
4103,0.060488746
4104,0.030048601
4105,0.005139686
4106,-0.0006076974
4107,0.017000496
4108,0.047427237
4109,0.06893769
4110,0.07630365
4111,0.058891203
4112,0.029125508
4113,0.0050155697
4114,-0.00017871114
4115,0.018014466
4116,0.04712249
4117,0.07313393
4118,0.076911874
4119,0.058743287
4120,0.030134924
4121,0.0048844144
4122,-0.00023143436
4123,0.018332498
4124,0.048155427
4125,0.07573878
4126,0.080835484
4127,0.06030719
4128,0.028403215
4129,0.004032473
4130,-8.152559e-05
4131,0.017049192
4132,0.04523548
4133,0.070437945
4134,0.07741258
4135,0.05751454
4136,0.029111486
4137,0.004552022
4138,-7.644796e-05
4139,0.016237538
4140,0.04528471
4141,0.06691996
4142,0.07666261
4143,0.06106327
4144,0.030060615
4145,0.0045210836
4146,0.00022094336
4147,0.01860264
4148,0.050042648
4149,0.07429147
4150,0.077458344
4151,0.061574437
4152,0.031485684
4153,0.005063484
4154,0.00030088145
4155,0.020402655
4156,0.053827785
4157,0.0838819
4158,0.08932177
4159,0.067969315
4160,0.03438215
4161,0.0059574004
4162,3.1152158e-05
4163,0.021125736
4164,0.055286117
4165,0.08352847
4166,0.084612064
4167,0.06788722
4168,0.034065112
4169,0.005298682
4170,0.00026524707
4171,0.021107456
4172,0.055878285
4173,0.082250245
4174,0.08551231
4175,0.06419773
4176,0.030959714
4177,0.004821957
4178,0.0002337232
4179,0.020152746
4180,0.05549794
4181,0.08432252
4182,0.0912787
4183,0.07211248
4184,0.03760407
4185,0.0070255664
4186,-0.00030072755
4187,0.021503918
4188,0.05933743
4189,0.092577435
4190,0.100537896
4191,0.07779261
4192,0.039310277
4193,0.006719904
4194,-2.4846755e-05
4195,0.022273088
4196,0.05827551
4197,0.09103656
4198,0.09393487
4199,0.07405017
4200,0.034738693
4201,0.0053922944
4202,0.000267082
4203,0.024527302
4204,0.06272692
4205,0.093847744
4206,0.09872224
4207,0.07406309
4208,0.037107173
4209,0.0057819
4210,0.000110749155
4211,0.023362603
4212,0.05960028
4213,0.08946234
4214,0.09772283
4215,0.07370469
4216,0.035848018
4217,0.0052264957
4218,2.2856286e-05
4219,0.023176221
4220,0.06155292
4221,0.09307284
4222,0.10092766
4223,0.07847416
4224,0.038489077
4225,0.005933715
4226,-0.00093738217
4227,0.021106431
4228,0.061671197
4229,0.091504544
4230,0.10067702
4231,0.08079869
4232,0.039513554
4233,0.0053661834
4234,0.00020276138
4235,0.026504746
4236,0.06603314
4237,0.09939347
4238,0.0987712
4239,0.07441338
4240,0.036271654
4241,0.0046433164
4242,0.0008698129
4243,0.02494338
4244,0.0604735
4245,0.091708384
4246,0.095120974
4247,0.0708236
4248,0.03423033
4249,0.0044738995
4250,0.0001678667
4251,0.024347104
4252,0.06381544
4253,0.09648406
4254,0.10275368
4255,0.07848441
4256,0.03938202
4257,0.0061417897
4258,-0.00061952526
4259,0.023506911
4260,0.06611574
4261,0.09735093
4262,0.101225376
4263,0.08160512
4264,0.040918086
4265,0.0058101923
4266,-4.945998e-05
4267,0.025130348
4268,0.06808077
4269,0.100587256
4270,0.10285139
4271,0.07850423
4272,0.038434066
4273,0.0054182676
4274,-0.0007933927
4275,0.024298547
4276,0.066458926
4277,0.10293346
4278,0.11104496
4279,0.083675675
4280,0.043352976
4281,0.005649072
4282,-0.00058597466
4283,0.022562318
4284,0.06682827
4285,0.10795109
4286,0.12067296
4287,0.09327326
4288,0.04525793
4289,0.006029483
4290,-0.0012156249
4291,0.027480673
4292,0.07455389
4293,0.112273134
4294,0.11937542
4295,0.08975779
4296,0.043484475
4297,0.005954769
4298,-0.00091708853
4299,0.025603672
4300,0.0740349
4301,0.11034721
4302,0.11470643
4303,0.086700715
4304,0.03815864
4305,0.0032072554
4306,-0.0008460616
4307,0.029647171
4308,0.080426864
4309,0.11554179
4310,0.12302891
4311,0.09339195
4312,0.042879075
4313,0.006716185
4314,0.00040353579
4315,0.025408866
4316,0.064390935
4317,0.095198646
4318,0.09991086
4319,0.069383964
4320,0.032438073
4321,0.003338571
4322,0.0008787726
4323,0.024388896
4324,0.06339469
4325,0.091969304
4326,0.100567244
4327,0.07437773
4328,0.03651198
4329,0.005021161
4330,0.0005303883
4331,0.02484872
4332,0.063705295
4333,0.093053035
4334,0.09633854
4335,0.07412428
4336,0.036270477
4337,0.00600914
4338,0.00012678362
4339,0.022922365
4340,0.060473707
4341,0.08886292
4342,0.09462986
4343,0.0736864
4344,0.035516392
4345,0.0053695673
4346,0.00019883248
4347,0.024067473
4348,0.06322691
4349,0.09399212
4350,0.10109381
4351,0.07893893
4352,0.039555315
4353,0.006694778
4354,-0.00086676143
4355,0.022185646
4356,0.061172396
4357,0.09760034
4358,0.108028315
4359,0.08404061
4360,0.04236047
4361,0.0055450606
4362,-0.0009270068
4363,0.02320357
4364,0.06876739
4365,0.10872743
4366,0.11776998
4367,0.09118074
4368,0.046985053
4369,0.006763637
4370,0.00065645634
4371,0.023508595
4372,0.0735516
4373,0.11932539
4374,0.13191643
4375,0.10559213
4376,0.053547416
4377,0.0074261213
4378,0.0001874502
4379,0.024832947
4380,0.07672444
4381,0.1227584
4382,0.13156858
4383,0.10172095
4384,0.05018618
4385,0.0058846977
4386,0.0007634215
4387,0.025190778
4388,0.077847734
4389,0.12101282
4390,0.13799463
4391,0.10988165
4392,0.05665079
4393,0.00894399
4394,0.0010708452
4395,0.024679463
4396,0.07964401
4397,0.12655777
4398,0.13828707
4399,0.108696334
4400,0.053962335
4401,0.0075426614
4402,0.00038047868
4403,0.025453957
4404,0.079527915
4405,0.12385623
4406,0.1356896
4407,0.10346083
4408,0.052562468
4409,0.008529283
4410,-4.7451933e-05
4411,0.026043575
4412,0.07742646
4413,0.12044225
4414,0.13282904
4415,0.10581453
4416,0.05441216
4417,0.010029176
4418,-0.00026026857
4419,0.02471479
4420,0.07413365
4421,0.11845718
4422,0.12936947
4423,0.09887914
4424,0.046922285
4425,0.005506966
4426,0.0007366304
4427,0.02510311
4428,0.0799191
4429,0.12690799
4430,0.1367124
4431,0.1013121
4432,0.048540685
4433,0.0041854177
4434,0.00057575037
4435,0.025145795
4436,0.07343628
4437,0.11254502
4438,0.12104649
4439,0.094554536
4440,0.04069332
4441,0.0029425654
4442,4.99835e-05
4443,0.02921195
4444,0.08064074
4445,0.123947255
4446,0.13605599
4447,0.10595985
4448,0.04691551
4449,0.0029206781
4450,0.0015913245
4451,0.027954452
4452,0.08680073
4453,0.13476843
4454,0.144733
4455,0.11309372
4456,0.055992924
4457,0.008162789
4458,0.0017031436
4459,0.025706513
4460,0.0808691
4461,0.1325502
4462,0.14501792
4463,0.111836866
4464,0.055977795
4465,0.008600541
4466,0.00010398019
4467,0.026773594
4468,0.081256345
4469,0.1264431
4470,0.13504012
4471,0.10330569
4472,0.05020391
4473,0.0065103592
4474,1.2428034e-05
4475,0.02609343
4476,0.07870782
4477,0.121822186
4478,0.13481288
4479,0.10559246
4480,0.051157746
4481,0.0075392267
4482,-0.00086059904
4483,0.02511274
4484,0.071483076
4485,0.11448073
4486,0.1206411
4487,0.0950788
4488,0.04628809
4489,0.005948459
4490,-0.00038088136
4491,0.027559428
4492,0.073955186
4493,0.11131186
4494,0.114579946
4495,0.08706194
4496,0.039473217
4497,0.005262875
4498,-2.12444e-05
4499,0.026250657
4500,0.069279425
4501,0.10190664
4502,0.10781621
4503,0.07823293
4504,0.03956959
4505,0.006138786
4506,0.00014794129
4507,0.025158329
4508,0.06554812
4509,0.09817007
4510,0.10305383
4511,0.07861879
4512,0.03868737
4513,0.0059377584
4514,-0.0004112337
4515,0.023298621
4516,0.06399079
4517,0.09838747
4518,0.10660304
4519,0.08362419
4520,0.04278633
4521,0.0073728925
4522,-0.0008937906
4523,0.023918211
4524,0.06717344
4525,0.104058355
4526,0.11088592
4527,0.08482393
4528,0.041343406
4529,0.0058095213
4530,-0.00079794246
4531,0.024859425
4532,0.06828211
4533,0.10409388
4534,0.11218328
4535,0.08843487
4536,0.044606786
4537,0.0076013645
4538,-0.0011566947
4539,0.023374714
4540,0.067372076
4541,0.105794616
4542,0.11102017
4543,0.08982606
4544,0.044955153
4545,0.006949395
4546,-0.0010009133
4547,0.02449644
4548,0.06841997
4549,0.10694403
4550,0.11305903
4551,0.08756598
4552,0.041948516
4553,0.006458952
4554,-0.00091132324
4555,0.025316356
4556,0.07015958
4557,0.10801633
4558,0.11264261
4559,0.085248515
4560,0.040577766
4561,0.006239188
4562,-0.00033036363
4563,0.025088776
4564,0.067462645
4565,0.10246968
4566,0.10614849
4567,0.08414588
4568,0.040327314
4569,0.0060923514
4570,-0.0006276357
4571,0.024660703
4572,0.06658385
4573,0.0994714
4574,0.10756941
4575,0.084073536
4576,0.038181547
4577,0.0044534914
4578,-0.00071540097
4579,0.024935648
4580,0.07286315
4581,0.11110625
4582,0.12495097
4583,0.09891834
4584,0.05041886
4585,0.008218014
4586,-0.0005432026
4587,0.025074359
4588,0.07383635
4589,0.11550085
4590,0.12604447
4591,0.09938491
4592,0.04739857
4593,0.0076975254
4594,-5.639973e-05
4595,0.025108052
4596,0.07680808
4597,0.119749606
4598,0.12574857
4599,0.09908568
4600,0.05133096
4601,0.0074380967
4602,-0.00036700198
4603,0.025617283
4604,0.07660961
4605,0.11908131
4606,0.1289786
4607,0.09959062
4608,0.05003225
4609,0.008023216
4610,-0.00073404505
4611,0.02624032
4612,0.077367686
4613,0.118388206
4614,0.1236703
4615,0.09720239
4616,0.04640802
4617,0.005949083
4618,-0.0004961034
4619,0.025782919
4620,0.0763422
4621,0.11786254
4622,0.12736537
4623,0.099889465
4624,0.04853004
4625,0.007057051
4626,-0.00014063902
4627,0.025619226
4628,0.077964045
4629,0.12095654
4630,0.12635972
4631,0.10084074
4632,0.051548943
4633,0.008303193
4634,-0.00042079168
4635,0.02593238
4636,0.07647875
4637,0.11772592
4638,0.12671395
4639,0.099310175
4640,0.046902005
4641,0.0069298847
4642,-0.0003357475
4643,0.025526477
4644,0.07315101
4645,0.11334405
4646,0.11795595
4647,0.09005005
4648,0.04155844
4649,0.0003441705
4650,0.0027552256
4651,0.024991099
4652,0.07816096
4653,0.12184963
4654,0.133155
4655,0.10213232
4656,0.05149443
4657,0.0040975744
4658,0.002032562
4659,0.02945782
4660,0.08946064
4661,0.141211
4662,0.15230143
4663,0.118834585
4664,0.05936989
4665,0.008189002
4666,0.001948344
4667,0.02589481
4668,0.08343854
4669,0.13102388
4670,0.13895035
4671,0.111135125
4672,0.053510204
4673,0.0056632417
4674,0.0044459915
4675,0.02405832
4676,0.08432611
4677,0.13970204
4678,0.15578634
4679,0.12473219
4680,0.06764389
4681,0.009691938
4682,0.0062636198
4683,0.020193223
4684,0.083550826
4685,0.1441552
4686,0.16530289
4687,0.136539
4688,0.07207856
4689,0.01088416
4690,0.007941586
4691,0.01839069
4692,0.08580306
4693,0.15127239
4694,0.17465346
4695,0.13884524
4696,0.0670487
4697,0.009907263
4698,0.010216547
4699,0.018203713
4700,0.08689102
4701,0.14987846
4702,0.1715806
4703,0.13813737
4704,0.06654962
4705,0.0066937907
4706,0.007838311
4707,0.023020225
4708,0.09593052
4709,0.16430105
4710,0.18357965
4711,0.14658642
4712,0.07550193
4713,0.011089606
4714,0.006878925
4715,0.021627577
4716,0.08809979
4717,0.15001489
4718,0.16944198
4719,0.14073172
4720,0.07612447
4721,0.012267556
4722,0.008016592
4723,0.018787412
4724,0.08556046
4725,0.14910126
4726,0.1726625
4727,0.14274687
4728,0.07212154
4729,0.009952865
4730,0.011341926
4731,0.0152417375
4732,0.08662043
4733,0.15848908
4734,0.18795355
4735,0.15280068
4736,0.08190697
4737,0.0081766285
4738,0.011598056
4739,0.015201053
4740,0.087677054
4741,0.15632439
4742,0.19198519
4743,0.15820777
4744,0.08334629
4745,0.0065629412
4746,0.018223412
4747,0.007938879
4748,0.0827203
4749,0.16361319
4750,0.19515304
4751,0.17333643
4752,0.0995792
4753,0.017157707
4754,0.0179
4755,0.00695691
4756,0.08812689
4757,0.17352895
4758,0.2066552
4759,0.17150094
4760,0.0949228
4761,0.01452895
4762,0.021799799
4763,0.004300749
4764,0.0877709
4765,0.17949858
4766,0.22438562
4767,0.1976996
4768,0.11489708
4769,0.02229203
4770,0.02038211
4771,-0.0007038327
4772,0.08011518
4773,0.17343299
4774,0.22419037
4775,0.19907033
4776,0.11575059
4777,0.017663036
4778,0.024031255
4779,0.0015087745
4780,0.07506869
4781,0.17311724
4782,0.22536679
4783,0.21484536
4784,0.13569695
4785,0.030806873
4786,0.030005712
4787,0.016718272
4788,0.059845228
4789,0.17004946
4790,0.24697839
4791,0.24025638
4792,0.16041006
4793,0.053540293
4794,0.021200068
4795,0.018225618
4796,0.05641124
4797,0.16441675
4798,0.24189578
4799,0.2304458
4800,0.15799661
4801,0.039469082
4802,0.02379452
4803,0.01358607
4804,0.06571864
4805,0.17510858
4806,0.24830121
4807,0.23719674
4808,0.14488225
4809,0.041305482
4810,0.021895856
4811,0.0067968136
4812,0.070919625
4813,0.17168412
4814,0.2243327
4815,0.2051545
4816,0.119811594
4817,0.020163663
4818,0.022206565
4819,-0.0007849081
4820,0.08506788
4821,0.17772484
4822,0.22923267
4823,0.20519961
4824,0.12162628
4825,0.025992606
4826,0.019050933
4827,0.0015387554
4828,0.08463082
4829,0.17649789
4830,0.22566506
4831,0.18999265
4832,0.1106853
4833,0.021418745
4834,0.017299624
4835,0.004911037
4836,0.08695138
4837,0.17604351
4838,0.2180086
4839,0.18244925
4840,0.10084361
4841,0.02014811
4842,0.017483426
4843,0.006664465
4844,0.086141594
4845,0.17404532
4846,0.21472271
4847,0.18690926
4848,0.10152991
4849,0.02287382
4850,0.014718147
4851,0.00807307
4852,0.08588986
4853,0.16835988
4854,0.20727915
4855,0.18072495
4856,0.10246564
4857,0.019869165
4858,0.013671118
4859,0.009327853
4860,0.082532704
4861,0.16169918
4862,0.2014989
4863,0.17399873
4864,0.09773561
4865,0.016792256
4866,0.017985664
4867,0.0030127622
4868,0.07975013
4869,0.1617835
4870,0.20230836
4871,0.18640175
4872,0.1058519
4873,0.021983849
4874,0.020423194
4875,-0.0011131846
4876,0.07859531
4877,0.16590993
4878,0.22084011
4879,0.20019275
4880,0.123408295
4881,0.026233234
4882,0.027419921
4883,0.010854557
4884,0.06657807
4885,0.17188047
4886,0.24036695
4887,0.22809647
4888,0.14676054
4889,0.045277655
4890,0.01901108
4891,0.0068886965
4892,0.06679093
4893,0.16112915
4894,0.2215425
4895,0.19920683
4896,0.118600555
4897,0.025015434
4898,0.024941139
4899,0.0023223765
4900,0.078596644
4901,0.1778238
4902,0.23238629
4903,0.22119418
4904,0.13557312
4905,0.027348572
4906,0.02749819
4907,0.008012363
4908,0.070996225
4909,0.17701527
4910,0.2425529
4911,0.2311645
4912,0.13837638
4913,0.03576288
4914,0.026734894
4915,0.008010357
4916,0.07055153
4917,0.17557316
4918,0.24183722
4919,0.2300142
4920,0.14808337
4921,0.0385581
4922,0.028729886
4923,0.018563377
4924,0.056126326
4925,0.1677977
4926,0.24645849
4927,0.24549517
4928,0.16598678
4929,0.055310097
4930,0.021939998
4931,0.020049915
4932,0.05426705
4933,0.16526589
4934,0.24003887
4935,0.22941905
4936,0.14531249
4937,0.039627712
4938,0.03144811
4939,0.018854108
4940,0.061921846
4941,0.1766401
4942,0.24381179
4943,0.24336857
4944,0.14764908
4945,0.038241137
4946,0.02662732
4947,0.013251278
4948,0.067837425
4949,0.17849761
4950,0.25129637
4951,0.24247734
4952,0.15476379
4953,0.043395564
4954,0.0210009
4955,0.007966075
4956,0.06995991
4957,0.17422113
4958,0.23733905
4959,0.22266059
4960,0.14326912
4961,0.04256239
4962,0.01876108
4963,0.004448684
4964,0.07193568
4965,0.1727445
4966,0.23137507
4967,0.21564287
4968,0.13553247
4969,0.031780012
4970,0.017377263
4971,-3.3091288e-05
4972,0.07443175
4973,0.16645418
4974,0.21931449
4975,0.20277473
4976,0.11809112
4977,0.026667455
4978,0.025687609
4979,0.004301248
4980,0.0737411
4981,0.17472447
4982,0.2361348
4983,0.21936513
4984,0.13637349
4985,0.0360005
4986,0.022691922
4987,0.010687089
4988,0.06676054
4989,0.17240418
4990,0.24159445
4991,0.23085785
4992,0.14721765
4993,0.0396363
4994,0.0213325
4995,0.010554289
4996,0.06657329
4997,0.16920723
4998,0.2309464
4999,0.21568744
5000,0.12939295
5001,0.026879134
5002,0.028291754
5003,0.009649481
5004,0.07224804
5005,0.18251327
5006,0.24442118
5007,0.23628657
5008,0.14124277
5009,0.04026801
5010,0.021701558
5011,0.008337607
5012,0.07008189
5013,0.17485617
5014,0.23900773
5015,0.22770672
5016,0.14180136
5017,0.04014087
5018,0.022841314
5019,0.013587077
5020,0.063303486
5021,0.16834643
5022,0.23169635
5023,0.22018002
5024,0.1385009
5025,0.039556254
5026,0.018456424
5027,0.0054445183
5028,0.07400022
5029,0.17818198
5030,0.23926404
5031,0.22302887
5032,0.14124957
5033,0.04096562
5034,0.013392151
5035,-0.0008968145
5036,0.07817009
5037,0.16962591
5038,0.2113684
5039,0.18478467
5040,0.107264176
5041,0.021115206
5042,0.019360244
5043,0.002527023
5044,0.08300263
5045,0.17252548
5046,0.22293958
5047,0.18868089
5048,0.10141817
5049,0.019355891
5050,0.018466137
5051,0.0066261794
5052,0.086884245
5053,0.17020518
5054,0.20747103
5055,0.1765536
5056,0.09478945
5057,0.014347606
5058,0.021577463
5059,0.003065547
5060,0.08814201
5061,0.1815426
5062,0.22340345
5063,0.19959357
5064,0.11149553
5065,0.021053124
5066,0.018560415
5067,0.0037421333
5068,0.0852884
5069,0.17056628
5070,0.21388948
5071,0.1928781
5072,0.106162675
5073,0.018253727
5074,0.02340627
5075,-0.0019299234
5076,0.07914837
5077,0.17047472
5078,0.21928658
5079,0.2073711
5080,0.12866822
5081,0.0288448
5082,0.025156064
5083,0.007247219
5084,0.06956421
5085,0.16916339
5086,0.22658853
5087,0.20375408
5088,0.11637995
5089,0.022176182
5090,0.03317662
5091,0.01576778
5092,0.06822684
5093,0.17781255
5094,0.24522905
5095,0.23638435
5096,0.1456149
5097,0.033237208
5098,0.027039558
5099,0.010271769
5100,0.072729856
5101,0.18438627
5102,0.24964857
5103,0.22600296
5104,0.13665475
5105,0.02962442
5106,0.025337256
5107,0.006416637
5108,0.07665612
5109,0.18504855
5110,0.24872585
5111,0.23506224
5112,0.14590834
5113,0.037521694
5114,0.025021246
5115,0.0115407985
5116,0.06696347
5117,0.17421946
5118,0.24282321
5119,0.23380007
5120,0.14543007
5121,0.04690851
5122,0.022289224
5123,0.01419638
5124,0.061365277
5125,0.16954571
5126,0.24082384
5127,0.23379697
5128,0.15455694
5129,0.043779083
5130,0.026153998
5131,0.018031185
5132,0.05630755
5133,0.16349521
5134,0.24080218
5135,0.23549333
5136,0.15856533
5137,0.04093492
5138,0.023230834
5139,0.01212085
5140,0.066007905
5141,0.17394315
5142,0.23556808
5143,0.22611046
5144,0.14092676
5145,0.031461563
5146,0.03145158
5147,0.018074345
5148,0.06280718
5149,0.17843969
5150,0.25451577
5151,0.2494326
5152,0.16643539
5153,0.0490413
5154,0.020758249
5155,0.018519003
5156,0.05621995
5157,0.16508718
5158,0.23493762
5159,0.23908249
5160,0.15517
5161,0.049072403
5162,0.026874065
5163,0.024700264
5164,0.052316558
5165,0.16988316
5166,0.2548542
5167,0.25284177
5168,0.17059872
5169,0.05977347
5170,0.019230152
5171,0.02094429
5172,0.05288114
5173,0.16396233
5174,0.23543637
5175,0.24060702
5176,0.15543923
5177,0.04756205
5178,0.020536244
5179,0.015261774
5180,0.061059527
5181,0.17274433
5182,0.24838574
5183,0.23802997
5184,0.15136823
5185,0.04852758
5186,0.020424508
5187,0.011734183
5188,0.06502266
5189,0.17269875
5190,0.23765416
5191,0.2202351
5192,0.14606957
5193,0.040728927
5194,0.017125418
5195,-0.0006390015
5196,0.079063594
5197,0.17519487
5198,0.22957592
5199,0.20579039
5200,0.12296723
5201,0.027822698
5202,0.01997549
5203,-0.00038293563
5204,0.075767875
5205,0.16974685
5206,0.2214377
5207,0.20115651
5208,0.120022036
5209,0.028071266
5210,0.021989308
5211,-0.0006397567
5212,0.07700051
5213,0.17404093
5214,0.23178376
5215,0.21066563
5216,0.12372248
5217,0.024330646
5218,0.021575121
5219,-0.0007033275
5220,0.077714086
5221,0.17382385
5222,0.22475633
5223,0.20556757
5224,0.12777796
5225,0.024512462
5226,0.022968346
5227,0.0023978062
5228,0.07556301
5229,0.1759522
5230,0.23434265
5231,0.21606666
5232,0.12936006
5233,0.028239973
5234,0.028226066
5235,0.013771782
5236,0.06433543
5237,0.17205201
5238,0.24019027
5239,0.23843925
5240,0.15387489
5241,0.04363377
5242,0.022563115
5243,0.012023241
5244,0.06455843
5245,0.17082444
5246,0.24176578
5247,0.23612396
5248,0.1563605
5249,0.043351363
5250,0.021047596
5251,0.0130353775
5252,0.061388347
5253,0.16816731
5254,0.24028903
5255,0.22742188
5256,0.14737263
5257,0.04079274
5258,0.025815152
5259,0.01458103
5260,0.062470153
5261,0.17031899
5262,0.24123226
5263,0.22694176
5264,0.14644644
5265,0.043557797
5266,0.024895173
5267,0.01318164
5268,0.06498256
5269,0.17425758
5270,0.2425439
5271,0.2280304
5272,0.15509321
5273,0.03812706
5274,0.026074715
5275,0.016161514
5276,0.06233999
5277,0.17167276
5278,0.24410473
5279,0.23269603
5280,0.15776098
5281,0.04501787
5282,0.02192433
5283,0.014505908
5284,0.06274479
5285,0.17265587
5286,0.24181928
5287,0.22694236
5288,0.15071909
5289,0.04005499
5290,0.026311135
5291,0.011239891
5292,0.06712239
5293,0.17491688
5294,0.24531004
5295,0.23498245
5296,0.14836787
5297,0.04347663
5298,0.026397001
5299,0.020619823
5300,0.056195125
5301,0.16838196
5302,0.24663289
5303,0.24676886
5304,0.16253644
5305,0.045167137
5306,0.026835939
5307,0.029570654
5308,0.04493481
5309,0.1615695
5310,0.24204165
5311,0.23724474
5312,0.16011687
5313,0.049147703
5314,0.029997814
5315,0.031520568
5316,0.047996465
5317,0.1704485
5318,0.26512483
5319,0.2739938
5320,0.19710676
5321,0.07312295
5322,0.021291155
5323,0.036295608
5324,0.031862844
5325,0.15347284
5326,0.2505269
5327,0.2652878
5328,0.198068
5329,0.072961345
5330,0.016935486
5331,0.033364855
5332,0.03479204
5333,0.15272674
5334,0.24656458
5335,0.26217493
5336,0.19375491
5337,0.07106843
5338,0.018027334
5339,0.028411271
5340,0.040636495
5341,0.15696518
5342,0.24830814
5343,0.26132557
5344,0.18074149
5345,0.064744756
5346,0.02080837
5347,0.029035414
5348,0.042349212
5349,0.16041034
5350,0.24690549
5351,0.26028544
5352,0.18125369
5353,0.06328397
5354,0.019689409
5355,0.02460371
5356,0.046872336
5357,0.16080934
5358,0.23995899
5359,0.24439532
5360,0.16298895
5361,0.054829735
5362,0.024552034
5363,0.0313833
5364,0.043207966
5365,0.16203839
5366,0.2555744
5367,0.2665337
5368,0.18833882
5369,0.06445743
5370,0.02498367
5371,0.03296847
5372,0.036897484
5373,0.1553063
5374,0.24939024
5375,0.2714663
5376,0.19752063
5377,0.07685377
5378,0.012453652
5379,0.022613319
5380,0.046042997
5381,0.15955855
5382,0.2427337
5383,0.24488148
5384,0.16978347
5385,0.05702802
5386,0.01840287
5387,0.01947623
5388,0.05172718
5389,0.16135661
5390,0.23534214
5391,0.23396324
5392,0.15607847
5393,0.040002514
5394,0.029693628
5395,0.026017332
5396,0.052080635
5397,0.16685997
5398,0.25077477
5399,0.24308841
5400,0.1519554
5401,0.039930522
5402,0.035601065
5403,0.034960255
5404,0.04564874
5405,0.16697608
5406,0.25651833
5407,0.26816785
5408,0.18661048
5409,0.061103344
5410,0.028978758
5411,0.036160238
5412,0.041129883
5413,0.16975513
5414,0.26818618
5415,0.28190857
5416,0.20311822
5417,0.07737889
5418,0.019686257
5419,0.0313189
5420,0.03772995
5421,0.1562242
5422,0.24565233
5423,0.2617244
5424,0.18697044
5425,0.06560911
5426,0.024642544
5427,0.02899991
5428,0.042214412
5429,0.16190566
5430,0.24792092
5431,0.2506061
5432,0.17701495
5433,0.05304427
5434,0.027284006
5435,0.033697743
5436,0.042332485
5437,0.16647895
5438,0.2591676
5439,0.2740334
5440,0.19838944
5441,0.07424142
5442,0.017885154
5443,0.02687333
5444,0.042409625
5445,0.15918761
5446,0.24842888
5447,0.2500453
5448,0.18242455
5449,0.06511153
5450,0.018788654
5451,0.026312957
5452,0.044503376
5453,0.15979035
5454,0.24560933
5455,0.2563149
5456,0.17543824
5457,0.05704154
5458,0.022648016
5459,0.024146583
5460,0.0503753
5461,0.1665153
5462,0.24441008
5463,0.24229456
5464,0.17068778
5465,0.047177963
5466,0.0327219
5467,0.038511287
5468,0.035944182
5469,0.15773515
5470,0.25925732
5471,0.2810484
5472,0.20879611
5473,0.082467385
5474,0.017408218
5475,0.043515086
5476,0.018734718
5477,0.14310236
5478,0.25314832
5479,0.28511554
5480,0.21999091
5481,0.09477999
5482,0.014321864
5483,0.041536413
5484,0.01832886
5485,0.1398768
5486,0.25043216
5487,0.2792105
5488,0.20763652
5489,0.08293797
5490,0.019279003
5491,0.04268035
5492,0.020472677
5493,0.14201233
5494,0.2422842
5495,0.2730415
5496,0.20714267
5497,0.0916687
5498,0.011681119
5499,0.036346793
5500,0.027379438
5501,0.1492246
5502,0.25059405
5503,0.2649977
5504,0.19868052
5505,0.07113981
5506,0.02172796
5507,0.031397123
5508,0.040563345
5509,0.16212757
5510,0.25397003
5511,0.2625522
5512,0.17719916
5513,0.06479129
5514,0.01857988
5515,0.02488005
5516,0.04735448
5517,0.16513263
5518,0.2508846
5519,0.25298983
5520,0.17439878
5521,0.059222326
5522,0.01759817
5523,0.015963359
5524,0.056295
5525,0.16354297
5526,0.2379694
5527,0.23302442
5528,0.14571632
5529,0.041157324
5530,0.028697265
5531,0.020660711
5532,0.056740187
5533,0.16975193
5534,0.24547462
5535,0.24289058
5536,0.16678911
5537,0.056775972
5538,0.02177226
5539,0.023751829
5540,0.048191205
5541,0.16300584
5542,0.24889673
5543,0.25513494
5544,0.17531286
5545,0.05829244
5546,0.021636138
5547,0.02576121
5548,0.045384277
5549,0.1596904
5550,0.23981008
5551,0.23584454
5552,0.1600724
5553,0.04380162
5554,0.035648737
5555,0.027597623
5556,0.052814938
5557,0.17431207
5558,0.25205985
5559,0.24175055
5560,0.16667117
5561,0.04520097
5562,0.025470031
5563,0.020659748
5564,0.062116455
5565,0.18414837
5566,0.26582286
5567,0.25760296
5568,0.1671303
5569,0.045354135
5570,0.029873816
5571,0.024767958
5572,0.05375647
5573,0.17222117
5574,0.2577355
5575,0.2596459
5576,0.17907691
5577,0.064555235
5578,0.019456794
5579,0.02049738
5580,0.051461127
5581,0.1601653
5582,0.2336838
5583,0.22580296
5584,0.15181436
5585,0.04743479
5586,0.024932737
5587,0.020474149
5588,0.057553492
5589,0.17345895
5590,0.25312558
5591,0.24334383
5592,0.15599896
5593,0.047797717
5594,0.026606992
5595,0.024157371
5596,0.05092673
5597,0.16832063
5598,0.25304475
5599,0.26085192
5600,0.18038385
5601,0.06046006
5602,0.028434634
5603,0.032011803
5604,0.04190124
5605,0.16231859
5606,0.25650662
5607,0.26205087
5608,0.19147682
5609,0.069270894
5610,0.024301222
5611,0.031168193
5612,0.038995847
5613,0.15605721
5614,0.25125262
5615,0.255891
5616,0.16992894
5617,0.05481407
5618,0.03397159
5619,0.03226977
5620,0.045100704
5621,0.1692911
5622,0.2560185
5623,0.2517495
5624,0.17727052
5625,0.062446877
5626,0.028946778
5627,0.031565312
5628,0.04504094
5629,0.16390674
5630,0.25372815
5631,0.25363985
5632,0.17170061
5633,0.053770024
5634,0.024595443
5635,0.02639384
5636,0.051400684
5637,0.1717538
5638,0.256979
5639,0.25447392
5640,0.16681515
5641,0.054038793
5642,0.02961504
5643,0.031480614
5644,0.047144596
5645,0.16371039
5646,0.25052437
5647,0.25168836
5648,0.17128581
5649,0.04979592
5650,0.028850151
5651,0.01495024
5652,0.067735866
5653,0.18449722
5654,0.26370507
5655,0.24296667
5656,0.15410691
5657,0.040448405
5658,0.023844194
5659,0.0093844365
5660,0.07028291
5661,0.17675257
5662,0.24641395
5663,0.23364325
5664,0.14352633
5665,0.0402012
5666,0.025404971
5667,0.011631993
5668,0.065975495
5669,0.17114992
5670,0.24491367
5671,0.23345661
5672,0.14925344
5673,0.041795775
5674,0.02253174
5675,0.011582463
5676,0.06691697
5677,0.17598875
5678,0.24524511
5679,0.22444098
5680,0.1435671
5681,0.03502187
5682,0.022338375
5683,0.006534217
5684,0.07115658
5685,0.17157
5686,0.23283458
5687,0.22031428
5688,0.12680367
5689,0.025702477
5690,0.023100365
5691,-0.0011959609
5692,0.080015495
5693,0.17801228
5694,0.2362525
5695,0.21393864
5696,0.13038473
5697,0.033253033
5698,0.020746034
5699,0.0013087594
5700,0.074878275
5701,0.16867028
5702,0.2264224
5703,0.19930561
5704,0.11885029
5705,0.02547555
5706,0.020832969
5707,-0.00039936067
5708,0.079162136
5709,0.17712757
5710,0.23238692
5711,0.2066167
5712,0.11945786
5713,0.030055285
5714,0.019642413
5715,0.00059478474
5716,0.077457406
5717,0.17603958
5718,0.23261826
5719,0.20830332
5720,0.11771113
5721,0.027636906
5722,0.02251894
5723,0.0036646407
5724,0.073807664
5725,0.17491554
5726,0.23642991
5727,0.22319202
5728,0.13917875
5729,0.038257606
5730,0.017214322
5731,0.00028044917
5732,0.07578268
5733,0.17230709
5734,0.22663799
5735,0.20675704
5736,0.12744254
5737,0.032061838
5738,0.01900861
5739,-0.0011291638
5740,0.0758524
5741,0.16988659
5742,0.21737756
5743,0.20441346
5744,0.12186311
5745,0.027903313
5746,0.017518517
5747,0.00024622306
5748,0.07853304
5749,0.16771613
5750,0.2066478
5751,0.1835198
5752,0.10354296
5753,0.015686102
5754,0.023502126
5755,0.001120507
5756,0.086348236
5757,0.1764107
5758,0.22972909
5759,0.2032085
5760,0.12358206
5761,0.03125011
5762,0.011380015
5763,0.009901752
5764,0.08755675
5765,0.16820607
5766,0.19670407
5767,0.17248517
5768,0.093944184
5769,0.012840826
5770,0.01485198
5771,0.010189904
5772,0.08609253
5773,0.16672944
5774,0.2039227
5775,0.17328808
5776,0.09292122
5777,0.019414479
5778,0.015368205
5779,0.008587205
5780,0.08649482
5781,0.16867809
5782,0.20252971
5783,0.1743631
5784,0.09656348
5785,0.01721913
5786,0.017662473
5787,0.00449239
5788,0.0819348
5789,0.16372094
5790,0.21140751
5791,0.19096951
5792,0.1161264
5793,0.027032577
5794,0.018530207
5795,-0.0021221458
5796,0.07546092
5797,0.16562736
5798,0.21613126
5799,0.19920042
5800,0.11706581
5801,0.030661855
5802,0.018641569
5803,0.0005532019
5804,0.074291736
5805,0.16634287
5806,0.21397841
5807,0.20076421
5808,0.11892784
5809,0.02485464
5810,0.0248507
5811,0.0035955736
5812,0.074720226
5813,0.17549393
5814,0.23263928
5815,0.20800468
5816,0.12860283
5817,0.029716864
5818,0.024299245
5819,0.0073725306
5820,0.07165897
5821,0.17599916
5822,0.24170476
5823,0.22893625
5824,0.14502434
5825,0.039268468
5826,0.024378616
5827,0.014443869
5828,0.062219527
5829,0.1703853
5830,0.23609515
5831,0.23506792
5832,0.15793836
5833,0.0488878
5834,0.019598514
5835,0.012925625
5836,0.061448082
5837,0.16707611
5838,0.22880104
5839,0.21748477
5840,0.1303803
5841,0.03141591
5842,0.030559544
5843,0.015236461
5844,0.066925146
5845,0.17659451
5846,0.24699241
5847,0.23593447
5848,0.15661064
5849,0.04609693
5850,0.03197686
5851,0.0233343
5852,0.055906486
5853,0.17327182
5854,0.25563937
5855,0.25650293
5856,0.17682078
5857,0.059100658
5858,0.022138126
5859,0.024674676
5860,0.049034532
5861,0.16568288
5862,0.250894
5863,0.25433367
5864,0.17371811
5865,0.060114272
5866,0.020133499
5867,0.01600035
5868,0.05735489
5869,0.16339678
5870,0.23229682
5871,0.2256126
5872,0.1485838
5873,0.0380438
5874,0.02297884
5875,0.007297015
5876,0.07157339
5877,0.17627488
5878,0.23738827
5879,0.21505186
5880,0.12391678
5881,0.02608388
5882,0.026780328
5883,0.0028844515
5884,0.07945456
5885,0.18289962
5886,0.2385016
5887,0.22427571
5888,0.14073353
5889,0.037954204
5890,0.018105261
5891,0.0013351599
5892,0.07421433
5893,0.1731381
5894,0.23077877
5895,0.21361816
5896,0.13174987
5897,0.03498671
5898,0.01607247
5899,0.0013179737
5900,0.07951716
5901,0.17004909
5902,0.2156111
5903,0.193133
5904,0.11415828
5905,0.025774812
5906,0.01598741
5907,0.0039064176
5908,0.080154896
5909,0.16409034
5910,0.20991138
5911,0.18861747
5912,0.102536835
5913,0.016271612
5914,0.018311428
5915,0.004804082
5916,0.08554461
5917,0.17386551
5918,0.21587928
5919,0.18896168
5920,0.10951538
5921,0.021950364
5922,0.017825222
5923,0.002406346
5924,0.07945854
5925,0.16740558
5926,0.20977075
5927,0.18711098
5928,0.113036826
5929,0.02323466
5930,0.022614093
5931,0.0019220435
5932,0.07404126
5933,0.16782404
5934,0.223104
5935,0.21310598
5936,0.13019803
5937,0.032279238
5938,0.023932522
5939,0.008006124
5940,0.06862087
5941,0.17171858
5942,0.23782162
5943,0.22663476
5944,0.13799255
5945,0.043673806
5946,0.015051696
5947,-0.0012721791
5948,0.07485906
5949,0.16707644
5950,0.21457118
5951,0.19589856
5952,0.11716571
5953,0.024231195
5954,0.02162932
5955,-0.0008291593
5956,0.077293895
5957,0.17243935
5958,0.22406656
5959,0.21094766
5960,0.12583072
5961,0.033973545
5962,0.018770529
5963,-0.0004707903
5964,0.07484516
5965,0.16544087
5966,0.21088372
5967,0.19305527
5968,0.11125959
5969,0.018311474
5970,0.026460987
5971,-0.00071914843
5972,0.07920156
5973,0.1770299
5974,0.22618753
5975,0.20516907
5976,0.120182306
5977,0.025491074
5978,0.027506389
5979,0.0043910528
5980,0.076463655
5981,0.17974798
5982,0.240587
5983,0.22956342
5984,0.14302744
5985,0.037085045
5986,0.023051536
5987,0.008303732
5988,0.0682844
5989,0.17159699
5990,0.23249318
5991,0.22075793
5992,0.14002752
5993,0.032034718
5994,0.02798935
5995,0.012970078
5996,0.06437276
5997,0.16643624
5998,0.22582887
5999,0.21880521
6000,0.13910985
6001,0.027750632
6002,0.033597067
6003,0.012251314
6004,0.07186761
6005,0.1843341
6006,0.2456967
6007,0.2323815
6008,0.1363426
6009,0.029419284
6010,0.026578696
6011,0.005500783
6012,0.077677555
6013,0.18201667
6014,0.23384151
6015,0.21841206
6016,0.13599537
6017,0.03302411
6018,0.025262615
6019,0.0044959364
6020,0.07721885
6021,0.1827879
6022,0.24282072
6023,0.22629759
6024,0.14172561
6025,0.03610111
6026,0.023810674
6027,0.0098147355
6028,0.06625001
6029,0.17045176
6030,0.23387152
6031,0.23266193
6032,0.14704219
6033,0.03890142
6034,0.019769123
6035,0.012108823
6036,0.06449781
6037,0.17192687
6038,0.23850603
6039,0.22861975
6040,0.14165418
6041,0.0405049
6042,0.01993675
6043,0.005686194
6044,0.07241017
6045,0.17572947
6046,0.23528431
6047,0.2115813
6048,0.12521726
6049,0.032610837
6050,0.01684285
6051,-0.0006399638
6052,0.07859849
6053,0.17611375
6054,0.22560315
6055,0.20327291
6056,0.12461415
6057,0.029731058
6058,0.015361704
6059,0.0023906515
6060,0.08159489
6061,0.17181799
6062,0.21825987
6063,0.19262573
6064,0.110822216
6065,0.024703933
6066,0.014788847
6067,0.0060817664
6068,0.08389132
6069,0.16789758
6070,0.20409681
6071,0.17074133
6072,0.100773245
6073,0.018328723
6074,0.01720079
6075,0.0060109943
6076,0.082378924
6077,0.16418159
6078,0.20558588
6079,0.17855673
6080,0.10170595
6081,0.018334104
6082,0.014690369
6083,0.008696603
6084,0.08805528
6085,0.17204274
6086,0.2116147
6087,0.18281744
6088,0.10312421
6089,0.019604713
6090,0.013243644
6091,0.010869153
6092,0.08615522
6093,0.16378982
6094,0.19581445
6095,0.17356792
6096,0.09894338
6097,0.016111748
6098,0.014734024
6099,0.0092030885
6100,0.08656821
6101,0.16834642
6102,0.20394965
6103,0.17607006
6104,0.10082861
6105,0.020861415
6106,0.009412803
6107,0.015088676
6108,0.08869573
6109,0.1587315
6110,0.17961217
6111,0.15069422
6112,0.08256305
6113,0.013208898
6114,0.0058710333
6115,0.023566436
6116,0.089349195
6117,0.14468713
6118,0.1555554
6119,0.1287545
6120,0.06426466
6121,0.004545155
6122,0.008480307
6123,0.022144122
6124,0.09157652
6125,0.15631871
6126,0.17819566
6127,0.14913268
6128,0.07739307
6129,0.0111671295
6130,0.008464927
6131,0.019499548
6132,0.08657921
6133,0.14840578
6134,0.1754838
6135,0.13949606
6136,0.07820386
6137,0.011230485
6138,0.008593697
6139,0.019549932
6140,0.08880393
6141,0.15427789
6142,0.18033235
6143,0.14837033
6144,0.07649749
6145,0.014273558
6146,0.0042679673
6147,0.023923531
6148,0.08685981
6149,0.13952932
6150,0.15105616
6151,0.117183
6152,0.052818306
6153,-0.00061875244
6154,0.0066698976
6155,0.024961654
6156,0.09075106
6157,0.14816767
6158,0.17001852
6159,0.12985784
6160,0.060500048
6161,0.0007779158
6162,0.00911044
6163,0.021017421
6164,0.08564298
6165,0.1462742
6166,0.16121833
6167,0.1270402
6168,0.055684835
6169,8.964515e-05
6170,0.0117284395
6171,0.021791298
6172,0.09012078
6173,0.15067354
6174,0.16327366
6175,0.119060785
6176,0.050741687
6177,0.0032937927
6178,0.016827337
6179,0.021052849
6180,0.099003546
6181,0.17090227
6182,0.1920142
6183,0.14935832
6184,0.067176
6185,-0.0008829807
6186,0.021724408
6187,0.015534456
6188,0.10038775
6189,0.18555166
6190,0.22540554
6191,0.184616
6192,0.10064667
6193,0.019774344
6194,0.012374414
6195,0.01347071
6196,0.09180379
6197,0.16887054
6198,0.20195052
6199,0.16931506
6200,0.09433149
6201,0.016374566
6202,0.015288836
6203,0.009575535
6204,0.08491178
6205,0.16482882
6206,0.20326878
6207,0.17030753
6208,0.09045191
6209,0.018239632
6210,0.01516789
6211,0.0105666155
6212,0.087732315
6213,0.16383488
6214,0.2028182
6215,0.16381416
6216,0.09322083
6217,0.015018019
6218,0.015229783
6219,0.01121358
6220,0.086356595
6221,0.1656424
6222,0.19916335
6223,0.16405983
6224,0.09520519
6225,0.0135069415
6226,0.020510504
6227,0.0025163307
6228,0.081234425
6229,0.17029156
6230,0.21613686
6231,0.19852132
6232,0.1190528
6233,0.026273938
6234,0.022305222
6235,-0.0008289111
6236,0.07494005
6237,0.16806848
6238,0.21859427
6239,0.19757314
6240,0.12030529
6241,0.02315567
6242,0.02206782
6243,-0.0015679051
6244,0.077921465
6245,0.17383471
6246,0.2272662
6247,0.20493032
6248,0.122001976
6249,0.03035152
6250,0.024555659
6251,0.0051591466
6252,0.073254146
6253,0.17627606
6254,0.23693484
6255,0.21925007
6256,0.13645747
6257,0.034300283
6258,0.023104997
6259,0.0068179877
6260,0.06938038
6261,0.1700703
6262,0.2364352
6263,0.2207585
6264,0.14107254
6265,0.039262768
6266,0.022423282
6267,0.0079821795
6268,0.06651384
6269,0.16872825
6270,0.2340605
6271,0.22405915
6272,0.14537269
6273,0.042575657
6274,0.022744372
6275,0.013831561
6276,0.058812816
6277,0.16156115
6278,0.22316861
6279,0.22177005
6280,0.15092729
6281,0.045669023
6282,0.025931166
6283,0.021740934
6284,0.054645024
6285,0.16842249
6286,0.24796
6287,0.24941188
6288,0.16762702
6289,0.059409212
6290,0.020885283
6291,0.02408813
6292,0.04654028
6293,0.15893975
6294,0.24384469
6295,0.25294125
6296,0.17835751
6297,0.065618955
6298,0.014102514
6299,0.022070263
6300,0.04728124
6301,0.15815039
6302,0.23436147
6303,0.24277557
6304,0.16751413
6305,0.058149084
6306,0.021610571
6307,0.02675825
6308,0.0435766
6309,0.15735288
6310,0.23979582
6311,0.2503168
6312,0.17564893
6313,0.055469517
6314,0.029985607
6315,0.03564839
6316,0.035331674
6317,0.15429479
6318,0.24838015
6319,0.25266767
6320,0.18096328
6321,0.065591104
6322,0.02308633
6323,0.027726574
6324,0.0482337
6325,0.17115733
6326,0.25917178
6327,0.25751454
6328,0.1838684
6329,0.060129
6330,0.0236499
6331,0.025289223
6332,0.04828454
6333,0.1615164
6334,0.24301215
6335,0.2427816
6336,0.17130356
6337,0.05800806
6338,0.02275878
6339,0.026868911
6340,0.04663648
6341,0.1638474
6342,0.24585253
6343,0.24551222
6344,0.16474316
6345,0.048508327
6346,0.035349354
6347,0.036214113
6348,0.039155252
6349,0.16374725
6350,0.2647939
6351,0.27879745
6352,0.20188874
6353,0.0780681
6354,0.018901
6355,0.041195843
6356,0.021535179
6357,0.13981216
6358,0.24113841
6359,0.27405548
6360,0.20431781
6361,0.08266225
6362,0.01874497
6363,0.045631777
6364,0.014021962
6365,0.14012188
6366,0.25139776
6367,0.28077316
6368,0.21601579
6369,0.09189709
6370,0.012134645
6371,0.049860504
6372,0.007749391
6373,0.13354085
6374,0.2500418
6375,0.29002187
6376,0.22623871
6377,0.10972934
6378,0.005346336
6379,0.051024653
6380,-0.0018069681
6381,0.1211676
6382,0.23874013
6383,0.27964893
6384,0.21709393
6385,0.10271151
6386,0.010937569
6387,0.05662353
6388,0.0019372634
6389,0.11889003
6390,0.24850208
6391,0.29689792
6392,0.25267944
6393,0.116138585
6394,0.007680174
6395,0.054040823
6396,0.006402443
6397,0.11190617
6398,0.24050266
6399,0.2991535
6400,0.24988155
6401,0.12922873
6402,0.0019470498
6403,0.05279358
6404,0.0020425653
6405,0.11296632
6406,0.23572156
6407,0.28688926
6408,0.239421
6409,0.11987868
6410,-0.0009870348
6411,0.045893166
6412,-0.000966646
6413,0.11823923
6414,0.23100308
6415,0.2778438
6416,0.21287747
6417,0.100169316
6418,0.010266033
6419,0.04671336
6420,0.009675703
6421,0.13351749
6422,0.24229464
6423,0.27420703
6424,0.21269664
6425,0.095652625
6426,0.022323404
6427,0.055411212
6428,0.0018226178
6429,0.12928724
6430,0.2468108
6431,0.28222704
6432,0.21603645
6433,0.096427545
6434,0.015611399
6435,0.05469745
6436,0.003906304
6437,0.13807678
6438,0.26113382
6439,0.30643377
6440,0.2425725
6441,0.11198543
6442,0.0054019317
6443,0.043147035
6444,0.01282751
6445,0.13657296
6446,0.2442204
6447,0.28104752
6448,0.2158765
6449,0.08742395
6450,0.016031656
6451,0.047877092
6452,0.011638433
6453,0.13599305
6454,0.24977727
6455,0.28745157
6456,0.22665009
6457,0.103467464
6458,0.009507038
6459,0.04859445
6460,0.00077513116
6461,0.120943755
6462,0.2349329
6463,0.27825186
6464,0.21746314
6465,0.103748955
6466,0.010049456
6467,0.05562622
6468,0.0014708866
6469,0.11778618
6470,0.24294055
6471,0.29288512
6472,0.24215436
6473,0.11975168
6474,0.0054103266
6475,0.058060117
6476,0.011306795
6477,0.10685718
6478,0.23640029
6479,0.29828113
6480,0.25487456
6481,0.13410644
6482,-0.0005661684
6483,0.05664227
6484,0.014218312
6485,0.09922744
6486,0.22772373
6487,0.29009062
6488,0.2563032
6489,0.13231489
6490,0.0015794883
6491,0.055437442
6492,0.012865258
6493,0.103037365
6494,0.2295586
6495,0.29335317
6496,0.25139186
6497,0.13185334
6498,0.0036774154
6499,0.054296628
6500,0.013904505
6501,0.098551735
6502,0.2263575
6503,0.28971127
6504,0.25121823
6505,0.13482337
6506,0.009628921
6507,0.048778903
6508,0.008413093
6509,0.101314925
6510,0.22212426
6511,0.27911273
6512,0.23608783
6513,0.12033596
6514,-0.00083996705
6515,0.051765606
6516,0.005940419
6517,0.105937965
6518,0.2278676
6519,0.28325573
6520,0.24164332
6521,0.12683412
6522,0.004558744
6523,0.04513006
6524,0.0017620586
6525,0.11007105
6526,0.22978817
6527,0.27422348
6528,0.22515877
6529,0.09737989
6530,0.007178502
6531,0.044699777
6532,0.005681985
6533,0.12653211
6534,0.23751801
6535,0.27023983
6536,0.22058718
6537,0.08904142
6538,0.014059715
6539,0.055644777
6540,0.0011560011
6541,0.12814108
6542,0.25008765
6543,0.29741648
6544,0.23730472
6545,0.10514438
6546,0.011876848
6547,0.057061803
6548,0.0009642532
6549,0.11716243
6550,0.24393922
6551,0.2946253
6552,0.25193566
6553,0.12306134
6554,0.005836988
6555,0.06204351
6556,0.0121711325
6557,0.10712433
6558,0.23915452
6559,0.29839483
6560,0.25257927
6561,0.13596812
6562,0.0062055183
6563,0.052188937
6564,0.009001028
6565,0.103357345
6566,0.2301312
6567,0.28824738
6568,0.23898068
6569,0.11397076
6570,0.0008652902
6571,0.04807123
6572,-0.0008644323
6573,0.11708975
6574,0.23943292
6575,0.2803672
6576,0.22228085
6577,0.10759586
6578,0.0040124413
6579,0.042563673
6580,0.012042992
6581,0.13169172
6582,0.23856033
6583,0.27496406
6584,0.20161031
6585,0.07590913
6586,0.029039271
6587,0.053281806
6588,0.007858235
6589,0.13630144
6590,0.2471743
6591,0.2723421
6592,0.21272515
6593,0.088116765
6594,0.024191195
6595,0.05796634
6596,0.0066876872
6597,0.13798323
6598,0.25661704
6599,0.29986718
6600,0.24742353
6601,0.11435147
6602,0.01245348
6603,0.053205155
6604,-0.0026512472
6605,0.12343061
6606,0.24505289
6607,0.2940696
6608,0.23372474
6609,0.11733022
6610,0.0057085394
6611,0.054380085
6612,0.006596339
6613,0.10989787
6614,0.2362761
6615,0.2943452
6616,0.2509333
6617,0.13067052
6618,0.00049592915
6619,0.052728254
6620,0.008756776
6621,0.10496526
6622,0.23122916
6623,0.28931317
6624,0.24423218
6625,0.12502988
6626,-0.00010273617
6627,0.04981392
6628,0.0043464275
6629,0.110199325
6630,0.23345497
6631,0.285838
6632,0.23526967
6633,0.11601271
6634,0.0021821966
6635,0.054206505
6636,0.0027324723
6637,0.11459761
6638,0.23568706
6639,0.287729
6640,0.23570962
6641,0.106665544
6642,0.0047212173
6643,0.051640604
6644,-0.0013648067
6645,0.122899026
6646,0.24312922
6647,0.28747347
6648,0.2313328
6649,0.110366374
6650,0.0041193953
6651,0.051223308
6652,0.0019977598
6653,0.12515205
6654,0.24266027
6655,0.2854749
6656,0.23067294
6657,0.10888934
6658,0.0121988375
6659,0.054995455
6660,0.0040083784
6661,0.111134544
6662,0.23092237
6663,0.2842777
6664,0.23674187
6665,0.10641032
6666,0.012637771
6667,0.06390356
6668,0.008774045
6669,0.11023462
6670,0.23835662
6671,0.29395682
6672,0.25060445
6673,0.12011167
6674,0.0033212332
6675,0.06022832
6676,0.011737358
6677,0.108824104
6678,0.23881103
6679,0.3062764
6680,0.2631092
6681,0.13890539
6682,0.0055219126
6683,0.05148804
6684,0.008996579
6685,0.10557294
6686,0.22894122
6687,0.283622
6688,0.23849857
6689,0.12125472
6690,2.0051491e-05
6691,0.04808045
6692,-0.0021059318
6693,0.11673844
6694,0.23636898
6695,0.28533083
6696,0.23430564
6697,0.10984195
6698,-0.0009818905
6699,0.040694226
6700,0.007628556
6701,0.12423465
6702,0.23582166
6703,0.27177763
6704,0.21431854
6705,0.09838493
6706,0.012204392
6707,0.04519947
6708,0.007763404
6709,0.1258875
6710,0.2335205
6711,0.26025367
6712,0.20043121
6713,0.07303429
6714,0.035110015
6715,0.06319807
6716,-0.0021657061
6717,0.13030562
6718,0.25671402
6719,0.3003894
6720,0.23501904
6721,0.10244208
6722,0.021608
6723,0.06729692
6724,0.008715861
6725,0.115973786
6726,0.23876221
6727,0.28184924
6728,0.21529053
6729,0.09171169
6730,0.045440152
6731,0.08782542
6732,0.018005006
6733,0.1216443
6734,0.26707435
6735,0.32537055
6736,0.24918017
6737,0.10173394
6738,0.038925666
6739,0.077304825
6740,0.006940961
6741,0.1312732
6742,0.27105594
6743,0.3153566
6744,0.23933025
6745,0.10333934
6746,0.03172752
6747,0.06943853
6748,-0.001398846
6749,0.14393963
6750,0.2796102
6751,0.32981178
6752,0.25930333
6753,0.11706441
6754,-0.0005943674
6755,0.035343893
6756,0.026408471
6757,0.1504776
6758,0.25452438
6759,0.27813113
6760,0.19675925
6761,0.079448774
6762,0.019349175
6763,0.032218195
6764,0.037054893
6765,0.15541077
6766,0.25296998
6767,0.2662606
6768,0.19137636
6769,0.07225027
6770,0.015089862
6771,0.02504594
6772,0.043713056
6773,0.15821481
6774,0.24550149
6775,0.25232342
6776,0.17639473
6777,0.060701642
6778,0.01780279
6779,0.019507458
6780,0.05132892
6781,0.16209283
6782,0.24079815
6783,0.23601423
6784,0.15393488
6785,0.044123914
6786,0.026820455
6787,0.022059666
6788,0.053622577
6789,0.16377495
6790,0.23018157
6791,0.23065102
6792,0.14743629
6793,0.035290927
6794,0.029606245
6795,0.01795552
6796,0.06704012
6797,0.18639211
6798,0.25890264
6799,0.2441619
6800,0.15691172
6801,0.04189877
6802,0.028624421
6803,0.016362753
6804,0.065177195
6805,0.17847067
6806,0.25495666
6807,0.24861325
6808,0.15631078
6809,0.041613817
6810,0.026471026
6811,0.021468613
6812,0.056589905
6813,0.17198405
6814,0.2517801
6815,0.25117296
6816,0.1668539
6817,0.05679047
6818,0.025319759
6819,0.031113913
6820,0.04253319
6821,0.16113189
6822,0.25234413
6823,0.2643126
6824,0.19124445
6825,0.07175264
6826,0.018655626
6827,0.030649256
6828,0.039242722
6829,0.15725456
6830,0.24852005
6831,0.2588797
6832,0.17486756
6833,0.06386314
6834,0.023574213
6835,0.032644883
6836,0.038955554
6837,0.16007335
6838,0.25251746
6839,0.26682878
6840,0.19263212
6841,0.06946533
6842,0.01865265
6843,0.027526103
6844,0.040779974
6845,0.15656623
6846,0.24354932
6847,0.25707266
6848,0.17221645
6849,0.063539386
6850,0.02281672
6851,0.028827632
6852,0.043359205
6853,0.16151035
6854,0.252403
6855,0.26064134
6856,0.18563546
6857,0.06689693
6858,0.015786754
6859,0.022199864
6860,0.04863713
6861,0.1617716
6862,0.24080414
6863,0.23638101
6864,0.1576451
6865,0.043455668
6866,0.023883719
6867,0.017445717
6868,0.059795167
6869,0.17192309
6870,0.25294647
6871,0.2464466
6872,0.1630233
6873,0.044419568
6874,0.023179103
6875,0.010988039
6876,0.0674137
6877,0.17674376
6878,0.24334729
6879,0.22709154
6880,0.14649099
6881,0.04093555
6882,0.016448788
6883,0.0001116707
6884,0.07646796
6885,0.16967504
6886,0.22656596
6887,0.20421533
6888,0.114734754
6889,0.022513654
6890,0.017579451
6891,0.0040609445
6892,0.08649158
6893,0.17423627
6894,0.21107048
6895,0.18078506
6896,0.105420135
6897,0.022385582
6898,0.013560524
6899,0.010808658
6900,0.09045136
6901,0.17454547
6902,0.2033377
6903,0.17270526
6904,0.092304476
6905,0.013464351
6906,0.015588742
6907,0.010834124
6908,0.08466469
6909,0.16069621
6910,0.19660349
6911,0.16594449
6912,0.09645161
6913,0.017246084
6914,0.012917491
6915,0.012650075
6916,0.08941936
6917,0.1664751
6918,0.19223967
6919,0.15924913
6920,0.08688462
6921,0.013099546
6922,0.011944238
6923,0.015578112
6924,0.09205954
6925,0.16921088
6926,0.19874029
6927,0.16576158
6928,0.089785464
6929,0.016020747
6930,0.011201552
6931,0.014232172
6932,0.087735295
6933,0.1588519
6934,0.1820193
6935,0.1578302
6936,0.0892871
6937,0.0140932305
6938,0.010260043
6939,0.016875375
6940,0.089845695
6941,0.16141431
6942,0.18872768
6943,0.15672077
6944,0.08294681
6945,0.013194636
6946,0.009333505
6947,0.017551538
6948,0.08707835
6949,0.15441078
6950,0.18187955
6951,0.15471043
6952,0.086070836
6953,0.015672093
6954,0.011113554
6955,0.013395198
6956,0.08260736
6957,0.14827077
6958,0.17789555
6959,0.15298797
6960,0.08262218
6961,0.013569299
6962,0.010111959
6963,0.01675711
6964,0.08924068
6965,0.15944748
6966,0.1818592
6967,0.15350206
6968,0.07790601
6969,0.0111926375
6970,0.01518989
6971,0.011603499
6972,0.08441122
6973,0.16182266
6974,0.19964558
6975,0.17405833
6976,0.098785475
6977,0.018201685
6978,0.01782153
6979,0.002376406
6980,0.07766585
6981,0.16328134
6982,0.20074505
6983,0.17848034
6984,0.10043701
6985,0.012184057
6986,0.026252013
6987,-0.00195666
6988,0.07936557
6989,0.17483033
6990,0.21750282
6991,0.1934294
6992,0.10004303
6993,0.012026555
6994,0.033028204
6995,0.0034404448
6996,0.07941243
6997,0.17793663
6998,0.23314866
6999,0.2092652
7000,0.11373398
7001,0.008751136
7002,0.03612707
7003,0.012167073
7004,0.075094305
7005,0.18853728
7006,0.25936067
7007,0.24031276
7008,0.15030232
7009,0.038144164
7010,0.024760768
7011,0.0063070306
7012,0.07477533
7013,0.18172884
7014,0.24106286
7015,0.21485138
7016,0.13377881
7017,0.028753614
7018,0.026003571
7019,0.0055697444
7020,0.075864464
7021,0.18262705
7022,0.2456277
7023,0.23242582
7024,0.14834604
7025,0.042795964
7026,0.021349188
7027,0.0072000325
7028,0.06789814
7029,0.16901904
7030,0.23010054
7031,0.22326396
7032,0.14154209
7033,0.039023373
7034,0.018302474
7035,0.0066535827
7036,0.06746733
7037,0.16769892
7038,0.23174566
7039,0.22153656
7040,0.14013593
7041,0.03608452
7042,0.024556085
7043,0.011750726
7044,0.06462093
7045,0.17097093
7046,0.24124433
7047,0.2329899
7048,0.1525743
7049,0.041009508
7050,0.017998582
7051,0.007331132
7052,0.06894551
7053,0.17382212
7054,0.23172742
7055,0.20796493
7056,0.13365804
7057,0.03831161
7058,0.014568165
7059,0.0025135665
7060,0.08420963
7061,0.17231037
7062,0.2123439
7063,0.1905727
7064,0.10379008
7065,0.020921268
7066,0.019087473
7067,0.0036745507
7068,0.08152931
7069,0.16819984
7070,0.21344961
7071,0.19294149
7072,0.114920996
7073,0.02441286
7074,0.011651708
7075,0.010312621
7076,0.08776225
7077,0.16785343
7078,0.19688372
7079,0.17136501
7080,0.09286538
7081,0.014932159
7082,0.012310217
7083,0.014753029
7084,0.08964777
7085,0.1610688
7086,0.19557194
7087,0.1652356
7088,0.08644657
7089,0.016789723
7090,0.009114613
7091,0.017311484
7092,0.08809537
7093,0.15189911
7094,0.18020257
7095,0.14156653
7096,0.06971493
7097,0.007739869
7098,0.010294282
7099,0.020695075
7100,0.09048696
7101,0.15414785
7102,0.17462568
7103,0.1433064
7104,0.07669847
7105,0.008803343
7106,0.008756797
7107,0.021945208
7108,0.09351012
7109,0.15881175
7110,0.18101467
7111,0.14590876
7112,0.07612345
7113,0.010431632
7114,0.00783007
7115,0.019586843
7116,0.08673597
7117,0.15143241
7118,0.17625971
7119,0.1394863
7120,0.07862472
7121,0.012740899
7122,0.0058666845
7123,0.022016194
7124,0.089505106
7125,0.15030499
7126,0.17012502
7127,0.13719858
7128,0.07054931
7129,0.008811942
7130,0.0042279456
7131,0.024628986
7132,0.08883977
7133,0.14546043
7134,0.16145158
7135,0.1263352
7136,0.06238258
7137,0.00764862
7138,0.0027358017
7139,0.02539343
7140,0.08558833
7141,0.13865155
7142,0.14862588
7143,0.1133731
7144,0.055443123
7145,0.0056125987
7146,0.0036061795
7147,0.025286365
7148,0.08537961
7149,0.13754126
7150,0.1522243
7151,0.121532686
7152,0.062129036
7153,0.0073868404
7154,0.006917709
7155,0.020260502
7156,0.08432242
7157,0.14528911
7158,0.16677162
7159,0.136285
7160,0.07077693
7161,0.008745647
7162,0.0068531735
7163,0.020684026
7164,0.08778069
7165,0.14997977
7166,0.16960517
7167,0.1336687
7168,0.0642679
7169,0.0077915806
7170,0.00631924
7171,0.022603316
7172,0.08744876
7173,0.14882395
7174,0.17109947
7175,0.13642511
7176,0.06576725
7177,0.008399663
7178,0.0077334987
7179,0.021142906
7180,0.08806295
7181,0.15119307
7182,0.17450184
7183,0.14046736
7184,0.071501575
7185,0.008094877
7186,0.009229912
7187,0.01834483
7188,0.08437547
7189,0.1480236
7190,0.1727476
7191,0.14806461
7192,0.07423981
7193,0.009872105
7194,0.012303963
7195,0.015729291
7196,0.08884797
7197,0.16152938
7198,0.19058423
7199,0.16092257
7200,0.08800401
7201,0.016824398
7202,0.00840614
7203,0.018110216
7204,0.088773705
7205,0.15727592
7206,0.1782698
7207,0.14771222
7208,0.077225015
7209,0.012913482
7210,0.0052040303
7211,0.022738047
7212,0.08838028
7213,0.1471344
7214,0.16090433
7215,0.12772952
7216,0.06865691
7217,0.010782639
7218,0.003476068
7219,0.025774714
7220,0.089372754
7221,0.1454171
7222,0.15886061
7223,0.121837676
7224,0.05906286
7225,0.0087584285
7226,0.002097758
7227,0.026977606
7228,0.08673873
7229,0.13257474
7230,0.14896928
7231,0.11277791
7232,0.058768287
7233,0.0075802
7234,0.0026747002
7235,0.024765288
7236,0.08003436
7237,0.12532604
7238,0.14370896
7239,0.11850363
7240,0.060926117
7241,0.0068979184
7242,0.0055103535
7243,0.021738982
7244,0.08387557
7245,0.14090416
7246,0.15989278
7247,0.12545726
7248,0.06507276
7249,0.008935086
7250,0.009537181
7251,0.016778734
7252,0.08209974
7253,0.14290965
7254,0.16811407
7255,0.14510226
7256,0.08070382
7257,0.012798117
7258,0.010448293
7259,0.016135111
7260,0.0859002
7261,0.15010694
7262,0.17384338
7263,0.13810903
7264,0.07409549
7265,0.0053382
7266,0.011542307
7267,0.019478707
7268,0.091789015
7269,0.1593984
7270,0.18771799
7271,0.15177375
7272,0.07461538
7273,0.0068408377
7274,0.012700592
7275,0.01624488
7276,0.089644216
7277,0.15657267
7278,0.18499291
7279,0.14601259
7280,0.08016181
7281,0.008031534
7282,0.0127913
7283,0.017950581
7284,0.09305364
7285,0.15965286
7286,0.18064295
7287,0.14634565
7288,0.07131129
7289,0.008291351
7290,0.006774688
7291,0.027464852
7292,0.10087896
7293,0.16495597
7294,0.18115728
7295,0.140321
7296,0.07250804
7297,0.011817108
7298,0.0015918255
7299,0.027912205
7300,0.08731228
7301,0.13821533
7302,0.14717941
7303,0.106866986
7304,0.047898382
7305,0.0023805758
7306,0.0025800546
7307,0.027119724
7308,0.082703315
7309,0.13406624
7310,0.147503
7311,0.10754774
7312,0.053125966
7313,0.004375636
7314,0.003190077
7315,0.026749337
7316,0.08677623
7317,0.13655037
7318,0.15523234
7319,0.123174325
7320,0.06295839
7321,0.009584399
7322,0.0047692554
7323,0.022314437
7324,0.08367666
7325,0.13652712
7326,0.14981513
7327,0.11627415
7328,0.059991393
7329,0.0050358237
7330,0.004194796
7331,0.025660928
7332,0.088312514
7333,0.13799362
7334,0.15082262
7335,0.12078538
7336,0.061239593
7337,0.006180763
7338,0.0043357736
7339,0.025695996
7340,0.08975261
7341,0.1440096
7342,0.1644747
7343,0.12732108
7344,0.06456038
7345,0.011287609
7346,0.0013190135
7347,0.027351895
7348,0.0870014
7349,0.13656679
7350,0.14763942
7351,0.11281124
7352,0.05669332
7353,0.008934036
7354,-0.0011377982
7355,0.02783726
7356,0.07713108
7357,0.11974843
7358,0.12723243
7359,0.096643806
7360,0.047700856
7361,0.00596821
7362,-0.00074344524
7363,0.025787888
7364,0.072753504
7365,0.11301234
7366,0.12233327
7367,0.0907984
7368,0.04493114
7369,0.0065205963
7370,2.4641864e-05
7371,0.028969351
7372,0.075737625
7373,0.10843382
7374,0.11204369
7375,0.08338567
7376,0.03974297
7377,0.0055641094
7378,-0.0002640318
7379,0.02486631
7380,0.06598964
7381,0.102087595
7382,0.1089798
7383,0.0835148
7384,0.03931986
7385,0.0042068684
7386,-0.00076813763
7387,0.023219086
7388,0.06600203
7389,0.09947103
7390,0.113235556
7391,0.09040803
7392,0.04102367
7393,0.005828377
7394,-0.0001990957
7395,0.029126033
7396,0.07411946
7397,0.106845304
7398,0.11566999
7399,0.0834016
7400,0.040414266
7401,0.006104907
7402,0.0003855467
7403,0.02729527
7404,0.06729236
7405,0.10079094
7406,0.103132345
7407,0.07472126
7408,0.036453813
7409,0.005472088
7410,8.0601196e-05
7411,0.024485277
7412,0.06537744
7413,0.09452488
7414,0.10346794
7415,0.07858451
7416,0.03629306
7417,0.005570106
7418,-7.497915e-05
7419,0.022733353
7420,0.059383534
7421,0.091048546
7422,0.09596028
7423,0.0757492
7424,0.035055704
7425,0.0045538014
7426,0.00071450556
7427,0.025303826
7428,0.064704075
7429,0.09480981
7430,0.09857332
7431,0.07170585
7432,0.035020977
7433,0.0054319436
7434,0.0003453988
7435,0.023624409
7436,0.061680604
7437,0.08912415
7438,0.095889434
7439,0.07441502
7440,0.03638747
7441,0.005403595
7442,9.573146e-05
7443,0.021597566
7444,0.05746578
7445,0.08865519
7446,0.09457326
7447,0.07153819
7448,0.036099736
7449,0.0047351737
7450,-0.0007037121
7451,0.023541238
7452,0.064738914
7453,0.10112461
7454,0.110261045
7455,0.08466535
7456,0.042088985
7457,0.005900697
7458,-0.0011507965
7459,0.02468666
7460,0.06940861
7461,0.10499398
7462,0.116265886
7463,0.08963124
7464,0.042915206
7465,0.0066464515
7466,-0.0006446362
7467,0.025659662
7468,0.06924426
7469,0.103234634
7470,0.11192862
7471,0.08690469
7472,0.042901997
7473,0.0061964206
7474,-0.0013068265
7475,0.024290245
7476,0.069195986
7477,0.10734605
7478,0.11592418
7479,0.08989936
7480,0.042718202
7481,0.0071286513
7482,-0.0009759981
7483,0.025680063
7484,0.070917174
7485,0.10650301
7486,0.11648093
7487,0.08833759
7488,0.043546177
7489,0.0057251835
7490,-0.0008579452
7491,0.024250215
7492,0.06544717
7493,0.096214995
7494,0.10685867
7495,0.08424092
7496,0.041792218
7497,0.005083712
7498,-0.0009827781
7499,0.027087493
7500,0.07194863
7501,0.1102698
7502,0.11716238
7503,0.08727258
7504,0.04112901
7505,0.005781901
7506,-0.00066989096
7507,0.025307493
7508,0.06845425
7509,0.10467507
7510,0.1124288
7511,0.08688807
7512,0.0421567
7513,0.0060524414
7514,-0.00044523977
7515,0.026403364
7516,0.07000799
7517,0.10196335
7518,0.108973406
7519,0.08649809
7520,0.042668987
7521,0.0059396178
7522,-0.0013272336
7523,0.024391573
7524,0.068813555
7525,0.107162744
7526,0.11801587
7527,0.092981845
7528,0.046170257
7529,0.006261217
7530,-0.00043096556
7531,0.022947332
7532,0.070087396
7533,0.10676748
7534,0.11850502
7535,0.094295785
7536,0.045027502
7537,0.004901574
7538,0.0011460287
7539,0.02564532
7540,0.07652715
7541,0.124063686
7542,0.13289735
7543,0.10873958
7544,0.052755326
7545,0.006669868
7546,0.0017647517
7547,0.024914734
7548,0.08072759
7549,0.12829286
7550,0.13522036
7551,0.10978953
7552,0.057264064
7553,0.0058812895
7554,0.0009137618
7555,0.02641224
7556,0.081941195
7557,0.12558168
7558,0.13086359
7559,0.09465605
7560,0.039865166
7561,0.002730609
7562,0.0005190091
7563,0.029110502
7564,0.08604828
7565,0.12401569
7566,0.13601772
7567,0.09750239
7568,0.046776496
7569,0.004652968
7570,-0.0014948801
7571,0.032458525
7572,0.08645344
7573,0.12459486
7574,0.13378929
7575,0.096207574
7576,0.042060718
7577,0.0034576412
7578,0.0008973011
7579,0.026072891
7580,0.07804875
7581,0.12141021
7582,0.13282594
7583,0.102138
7584,0.04936863
7585,0.005700842
7586,0.00042238575
7587,0.027818134
7588,0.079737924
7589,0.12595712
7590,0.1337686
7591,0.10582176
7592,0.050039273
7593,0.005791516
7594,-0.00021347485
7595,0.027337559
7596,0.076437876
7597,0.12242471
7598,0.12936065
7599,0.095073104
7600,0.047850125
7601,0.0040344363
7602,0.0005966311
7603,0.026633034
7604,0.08140224
7605,0.124778606
7606,0.13190626
7607,0.10346015
7608,0.051062886
7609,0.005897221
7610,-0.00043992605
7611,0.028153438
7612,0.08134315
7613,0.124529995
7614,0.1295099
7615,0.09698423
7616,0.046866845
7617,0.0052572596
7618,0.00016228831
7619,0.026058799
7620,0.07845914
7621,0.122052684
7622,0.13612357
7623,0.10474661
7624,0.049151633
7625,0.0061256867
7626,-0.00039902749
7627,0.026856337
7628,0.07544837
7629,0.116544
7630,0.12677193
7631,0.097250484
7632,0.048315153
7633,0.0058517894
7634,-0.0010365644
7635,0.028342407
7636,0.07979902
7637,0.120923474
7638,0.12843966
7639,0.097760215
7640,0.04719633
7641,0.006082122
7642,-0.0011706962
7643,0.026638499
7644,0.07637204
7645,0.11501397
7646,0.11774802
7647,0.09365546
7648,0.04191989
7649,0.005009423
7650,-0.0014510567
7651,0.026068758
7652,0.07009735
7653,0.108417615
7654,0.10954239
7655,0.08157646
7656,0.038576446
7657,0.0035626348
7658,-0.0012025748
7659,0.027148267
7660,0.069638655
7661,0.10256228
7662,0.10559099
7663,0.07658455
7664,0.03228176
7665,-0.00019732863
7666,6.429735e-05
7667,0.031140579
7668,0.07832226
7669,0.10947063
7670,0.11349582
7671,0.082681745
7672,0.03858079
7673,0.0029251543
7674,-0.0015591007
7675,0.02896128
7676,0.078192405
7677,0.115489244
7678,0.12210334
7679,0.095809706
7680,0.04887688
7681,0.006265945
7682,-0.0014410627
7683,0.027751658
7684,0.07778738
7685,0.11521549
7686,0.12134822
7687,0.09052276
7688,0.040788215
7689,0.0032440103
7690,-0.00078669854
7691,0.025736425
7692,0.072287895
7693,0.11395187
7694,0.1278462
7695,0.099806525
7696,0.048820578
7697,0.0073134964
7698,0.000541002
7699,0.025185281
7700,0.07548432
7701,0.11689136
7702,0.12727144
7703,0.10155973
7704,0.046946574
7705,0.005936694
7706,0.0011272654
7707,0.026625745
7708,0.08247664
7709,0.1301341
7710,0.14311445
7711,0.111703806
7712,0.054870006
7713,0.007126448
7714,0.0022602645
7715,0.025097517
7716,0.08239369
7717,0.12853956
7718,0.1463906
7719,0.11171176
7720,0.05811718
7721,0.0069131684
7722,0.0025706058
7723,0.024956185
7724,0.083055355
7725,0.13329698
7726,0.1469737
7727,0.11410075
7728,0.059940804
7729,0.008621255
7730,0.0021583056
7731,0.024700068
7732,0.08089433
7733,0.12835099
7734,0.1373194
7735,0.10708245
7736,0.05571284
7737,0.0057101045
7738,0.0018466423
7739,0.02706796
7740,0.08735167
7741,0.13330369
7742,0.14692861
7743,0.11149019
7744,0.053936984
7745,0.007248857
7746,0.002170784
7747,0.025810905
7748,0.084119044
7749,0.13410014
7750,0.14448999
7751,0.10894735
7752,0.052959587
7753,0.0077915275
7754,0.0014219747
7755,0.026703298
7756,0.08433501
7757,0.13404228
7758,0.14437622
7759,0.11217458
7760,0.055002093
7761,0.0072417357
7762,0.0011522553
7763,0.026129307
7764,0.08012141
7765,0.12629408
7766,0.14003286
7767,0.10998235
7768,0.053917356
7769,0.0074909213
7770,-0.0007437794
7771,0.027667502
7772,0.07977092
7773,0.119326636
7774,0.12732318
7775,0.09533641
7776,0.04770884
7777,0.005828319
7778,-0.00064440485
7779,0.02721014
7780,0.076134205
7781,0.12039239
7782,0.12746723
7783,0.09414961
7784,0.044410605
7785,0.004107317
7786,0.0004953628
7787,0.026075415
7788,0.07949154
7789,0.1231812
7790,0.13653655
7791,0.10622698
7792,0.052571386
7793,0.006683157
7794,0.0007842274
7795,0.025857182
7796,0.080343336
7797,0.1266072
7798,0.13714442
7799,0.10680085
7800,0.05244484
7801,0.0076010716
7802,0.0008881858
7803,0.025318589
7804,0.076131195
7805,0.12157431
7806,0.13690063
7807,0.10837024
7808,0.05424594
7809,0.00717224
7810,0.0014073119
7811,0.02478535
7812,0.07790352
7813,0.12824176
7814,0.14048527
7815,0.10784254
7816,0.055933837
7817,0.008862493
7818,0.0010763181
7819,0.02499277
7820,0.07994188
7821,0.12637705
7822,0.13402706
7823,0.110441156
7824,0.054040134
7825,0.0061230743
7826,0.003051655
7827,0.023802826
7828,0.07878616
7829,0.12458747
7830,0.14061403
7831,0.111122936
7832,0.051971678
7833,0.0005894528
7834,0.006419544
7835,0.023201494
7836,0.08511693
7837,0.14306071
7838,0.16532044
7839,0.13373828
7840,0.06952351
7841,0.0094131455
7842,0.007017065
7843,0.020769281
7844,0.08712658
7845,0.14450157
7846,0.1687559
7847,0.13999905
7848,0.072802074
7849,0.010078887
7850,0.0057688626
7851,0.022467136
7852,0.088137485
7853,0.14758483
7854,0.16671504
7855,0.13505265
7856,0.06676556
7857,0.010184277
7858,0.005742872
7859,0.021945756
7860,0.086245544
7861,0.14520943
7862,0.1654742
7863,0.13217734
7864,0.0728387
7865,0.010785166
7866,0.008209577
7867,0.018113177
7868,0.084542036
7869,0.14918579
7870,0.16892196
7871,0.14649312
7872,0.07872545
7873,0.012695705
7874,0.010449418
7875,0.014485962
7876,0.08360469
7877,0.15453093
7878,0.1860739
7879,0.15703477
7880,0.087222755
7881,0.016017118
7882,0.009034823
7883,0.016267499
7884,0.08722599
7885,0.15781434
7886,0.18551129
7887,0.14760718
7888,0.07723995
7889,0.011856834
7890,0.007849751
7891,0.02118986
7892,0.09113293
7893,0.15665783
7894,0.1792987
7895,0.14438574
7896,0.071455926
7897,0.008742013
7898,0.006145361
7899,0.022469783
7900,0.08716489
7901,0.14539708
7902,0.16179296
7903,0.12587163
7904,0.062844336
7905,0.0074975234
7906,0.0062376214
7907,0.023184253
7908,0.09020659
7909,0.15205689
7910,0.1658052
7911,0.1371171
7912,0.06694137
7913,0.0037646033
7914,0.011131791
7915,0.017837813
7916,0.08877724
7917,0.15821174
7918,0.1869712
7919,0.1580881
7920,0.0863989
7921,0.014838399
7922,0.010050464
7923,0.015538924
7924,0.08342765
7925,0.15410718
7926,0.180813
7927,0.15538521
7928,0.0865143
7929,0.0134009505
7930,0.012363796
7931,0.013063226
7932,0.085992776
7933,0.15892705
7934,0.19122495
7935,0.16239041
7936,0.08832296
7937,0.017468344
7938,0.013315955
7939,0.011177559
7940,0.08525944
7941,0.16078636
7942,0.19451894
7943,0.16766173
7944,0.092647366
7945,0.018372225
7946,0.010381615
7947,0.014760346
7948,0.085907236
7949,0.15805441
7950,0.18800955
7951,0.15421282
7952,0.08718965
7953,0.01700714
7954,0.010267261
7955,0.01561509
7956,0.085479
7957,0.15393208
7958,0.17844492
7959,0.14216255
7960,0.075109
7961,0.008424425
7962,0.013423281
7963,0.017505405
7964,0.09250982
7965,0.16406515
7966,0.19103959
7967,0.16443214
7968,0.088045284
7969,0.01193921
7970,0.016554788
7971,0.008963487
7972,0.0827838
7973,0.15800631
7974,0.1986945
7975,0.17765
7976,0.095872656
7977,0.014954896
7978,0.017867807
7979,0.0059535704
7980,0.08133942
7981,0.1566184
7982,0.19681275
7983,0.16505578
7984,0.0948989
7985,0.017856782
7986,0.015037755
7987,0.011848572
7988,0.0924342
7989,0.17439218
7990,0.2118271
7991,0.18270397
7992,0.103576094
7993,0.021576213
7994,0.011518755
7995,0.011746238
7996,0.086510286
7997,0.16370346
7998,0.1945299
7999,0.16626818
8000,0.09148873
8001,0.017099164
8002,0.012317434
8003,0.012730351
8004,0.08745666
8005,0.16397776
8006,0.19681402
8007,0.16650835
8008,0.09062427
8009,0.014605852
8010,0.013041876
8011,0.013910685
8012,0.08782926
8013,0.16236138
8014,0.18814774
8015,0.16053624
8016,0.09127562
8017,0.014949601
8018,0.011899028
8019,0.014378147
8020,0.08743321
8021,0.16041519
8022,0.1870473
8023,0.1593279
8024,0.093302794
8025,0.018538052
8026,0.007398193
8027,0.018939162
8028,0.08968699
8029,0.15644844
8030,0.17909825
8031,0.14326061
8032,0.07469005
8033,0.010501178
8034,0.0059714494
8035,0.022069504
8036,0.08685707
8037,0.14470321
8038,0.16988693
8039,0.13867028
8040,0.0703706
8041,0.010553876
8042,0.006004517
8043,0.021180812
8044,0.08713995
8045,0.14406215
8046,0.16788682
8047,0.13070212
8048,0.071432486
8049,0.0091337375
8050,0.0068042655
8051,0.020232314
8052,0.083114974
8053,0.14278331
8054,0.16179495
8055,0.13031897
8056,0.06199355
8057,0.006246414
8058,0.008515138
8059,0.021104865
8060,0.09027649
8061,0.15561587
8062,0.17928658
8063,0.14807166
8064,0.07859729
8065,0.010109488
8066,0.009741403
8067,0.01655861
8068,0.08420932
8069,0.15471928
8070,0.18238813
8071,0.15296307
8072,0.08363119
8073,0.015510177
8074,0.010133337
8075,0.014508846
8076,0.082531676
8077,0.14735562
8078,0.17606667
8079,0.15318914
8080,0.08110968
8081,0.008393725
8082,0.0138412155
8083,0.013403857
8084,0.08915421
8085,0.16612206
8086,0.19748943
8087,0.16658266
8088,0.09260212
8089,0.01533155
8090,0.012664526
8091,0.011150459
8092,0.08278963
8093,0.1600097
8094,0.18882442
8095,0.16630188
8096,0.089684136
8097,0.013740697
8098,0.015431641
8099,0.009657562
8100,0.08188085
8101,0.15355445
8102,0.17694005
8103,0.13591194
8104,0.055533085
8105,0.01607697
8106,0.038937714
8107,-0.0004057095
8108,0.089809366
8109,0.180206
8110,0.21525164
8111,0.16493899
8112,0.07808711
8113,0.010563124
8114,0.054331917
8115,0.012443728
8116,0.089446716
8117,0.2104842
8118,0.28304246
8119,0.26718098
8120,0.16112952
8121,0.030447176
8122,0.046597887
8123,0.033353347
8124,0.051927347
8125,0.17798537
8126,0.26959732
8127,0.2827594
8128,0.20387639
8129,0.081348985
8130,0.02207147
8131,0.03913676
8132,0.02822196
8133,0.1509706
8134,0.25512967
8135,0.2797173
8136,0.20898639
8137,0.08184716
8138,0.020639187
8139,0.050356716
8140,0.0089139305
8141,0.13476348
8142,0.2510619
8143,0.2916804
8144,0.23501258
8145,0.109428026
8146,0.008383012
8147,0.054832906
8148,0.00027062139
8149,0.116419196
8150,0.24028729
8151,0.2944959
8152,0.24135035
8153,0.12191623
8154,0.0014571957
8155,0.05673409
8156,0.008161339
8157,0.107526794
8158,0.23407096
8159,0.2921932
8160,0.24932337
8161,0.130763
8162,0.0013709132
8163,0.056533918
8164,0.012468476
8165,0.10008857
8166,0.22841354
8167,0.29109454
8168,0.2505045
8169,0.13186377
8170,0.0056982776
8171,0.05170914
8172,0.00988487
8173,0.102234766
8174,0.229272
8175,0.2855034
8176,0.23699512
8177,0.11509695
8178,0.0011155921
8179,0.053360246
8180,0.0007635569
8181,0.11458083
8182,0.2352417
8183,0.283782
8184,0.23855227
8185,0.11719702
8186,-0.0007183388
8187,0.043400567
8188,0.006211728
8189,0.12588081
8190,0.23917791
8191,0.27682242
8192,0.22180927
8193,0.10025247
8194,0.010941874
8195,0.04265837
8196,0.017238729
8197,0.13596076
8198,0.24030876
8199,0.27415055
8200,0.20936878
8201,0.08679061
8202,0.019244574
8203,0.03823197
8204,0.024155747
8205,0.14637364
8206,0.2508821
8207,0.27535355
8208,0.2049648
8209,0.08087972
8210,0.02159602
8211,0.049789146
8212,0.010885047
8213,0.1359945
8214,0.25129774
8215,0.29126433
8216,0.23205552
8217,0.10738666
8218,0.011828149
8219,0.04998261
8220,0.0014053506
8221,0.1262175
8222,0.24574931
8223,0.28850746
8224,0.22223343
8225,0.09425385
8226,0.013119431
8227,0.050496824
8228,0.0020598911
8229,0.12708615
8230,0.24701326
8231,0.28765434
8232,0.23427239
8233,0.10509253
8234,0.009737948
8235,0.05521504
8236,-0.0025665709
8237,0.11926525
8238,0.23747657
8239,0.28062645
8240,0.22789429
8241,0.10510162
8242,0.0038336087
8243,0.04603988
8244,0.009496589
8245,0.1344066
8246,0.2478547
8247,0.2746944
8248,0.21370374
8249,0.08293524
8250,0.020848248
8251,0.038868822
8252,0.025578998
8253,0.14486653
8254,0.23431194
8255,0.24690692
8256,0.16307597
8257,0.044807624
8258,0.042968724
8259,0.05114517
8260,0.03275197
8261,0.16337603
8262,0.25298405
8263,0.26283026
8264,0.16259205
8265,0.036607236
8266,0.06124157
8267,0.05800908
8268,0.030996801
8269,0.17601828
8270,0.29350528
8271,0.31453472
8272,0.2182334
8273,0.07417492
8274,0.033699904
8275,0.065619245
8276,0.0058465265
8277,0.14467616
8278,0.26386356
8279,0.30082503
8280,0.23439172
8281,0.10354046
8282,0.020688646
8283,0.06286344
8284,-0.0025293399
8285,0.12838985
8286,0.2512572
8287,0.28920013
8288,0.23105589
8289,0.09315636
8290,0.02549171
8291,0.07415738
8292,0.0077402126
8293,0.12286577
8294,0.25551286
8295,0.3095181
8296,0.25246942
8297,0.124855466
8298,0.0042182473
8299,0.06487754
8300,0.009839787
8301,0.11661837
8302,0.2517731
8303,0.31264824
8304,0.27040473
8305,0.13776195
8306,0.00658507
8307,0.058439065
8308,0.015086094
8309,0.09993781
8310,0.22627446
8311,0.28737023
8312,0.25391597
8313,0.138847
8314,0.006090588
8315,0.053206716
8316,0.012138005
8317,0.10059161
8318,0.22830002
8319,0.29137677
8320,0.24550952
8321,0.12602574
8322,0.0018846471
8323,0.052437156
8324,0.008071767
8325,0.106995866
8326,0.22849832
8327,0.27904993
8328,0.23729752
8329,0.10425473
8330,0.013420826
8331,0.056292444
8332,0.005672697
8333,0.113443255
8334,0.23487556
8335,0.2856173
8336,0.2393262
8337,0.1209016
8338,0.008163853
8339,0.05539875
8340,0.0024333738
8341,0.11927489
8342,0.24506906
8343,0.29995748
8344,0.24990167
8345,0.11770318
8346,-0.00042274833
8347,0.05322184
8348,0.005546432
8349,0.11203503
8350,0.23478776
8351,0.2940184
8352,0.2420183
8353,0.12452628
8354,-0.0004980563
8355,0.058288895
8356,0.010454843
8357,0.10489391
8358,0.23357584
8359,0.29489163
8360,0.2541542
8361,0.13453262
8362,0.0033161547
8363,0.054903705
8364,0.014725454
8365,0.09783514
8366,0.22680993
8367,0.2915028
8368,0.25330386
8369,0.13243195
8370,0.009138448
8371,0.04747003
8372,0.006359267
8373,0.10411887
8374,0.22246508
8375,0.2799269
8376,0.23217115
8377,0.11174702
8378,0.0016788385
8379,0.050366335
8380,-0.00033923914
8381,0.11465696
8382,0.23115984
8383,0.27103028
8384,0.22632311
8385,0.09445252
8386,0.020256616
8387,0.054346755
8388,0.0033436008
8389,0.13224809
8390,0.25553593
8391,0.2993522
8392,0.2416603
8393,0.105976604
8394,0.008118595
8395,0.049498837
8396,-0.00022977078
8397,0.12338282
8398,0.24075963
8399,0.28753394
8400,0.2317607
8401,0.102068454
8402,0.01241154
8403,0.0562588
8404,0.0036089912
8405,0.11567164
8406,0.2421904
8407,0.29732126
8408,0.25179058
8409,0.13105592
8410,0.0033608102
8411,0.050753273
8412,0.008045103
8413,0.103338175
8414,0.22382773
8415,0.28496167
8416,0.23335458
8417,0.12284984
8418,0.0046320832
8419,0.055191297
8420,0.01145622
8421,0.103951216
8422,0.23088968
8423,0.2875531
8424,0.24580626
8425,0.11728105
8426,-0.00024451874
8427,0.060254667
8428,0.014882543
8429,0.10219755
8430,0.23430432
8431,0.2981513
8432,0.25071084
8433,0.12852168
8434,0.0028450098
8435,0.05697158
8436,0.013542059
8437,0.10203517
8438,0.22803412
8439,0.2934504
8440,0.251386
8441,0.13522385
8442,0.0042692823
8443,0.05351547
8444,0.010573847
8445,0.103977
8446,0.23100008
8447,0.28978235
8448,0.24727117
8449,0.1276671
8450,0.00018910773
8451,0.055393837
8452,0.013225121
8453,0.09883856
8454,0.22306108
8455,0.28662714
8456,0.24760617
8457,0.12449629
8458,0.002066751
8459,0.053790685
8460,0.0123294685
8461,0.10110017
8462,0.22860108
8463,0.28780788
8464,0.25261882
8465,0.13061827
8466,0.0019087167
8467,0.054981902
8468,0.013032561
8469,0.10193414
8470,0.23060538
8471,0.29146326
8472,0.24313802
8473,0.12485852
8474,-1.824752e-05
8475,0.052800287
8476,0.0132217705
8477,0.09950286
8478,0.22638427
8479,0.28571516
8480,0.24941301
8481,0.13535193
8482,0.00491627
8483,0.049043544
8484,0.005518369
8485,0.104195066
8486,0.22451255
8487,0.27504912
8488,0.23158574
8489,0.11684866
8490,0.006927061
8491,0.059450068
8492,0.0112633305
8493,0.10317086
8494,0.22562234
8495,0.27710634
8496,0.21952213
8497,0.10244235
8498,0.025775937
8499,0.073593
8500,0.014116557
8501,0.110682555
8502,0.23802282
8503,0.29221186
8504,0.24260683
8505,0.09660607
8506,0.031507935
8507,0.07471443
8508,0.008221578
8509,0.12503017
8510,0.24971217
8511,0.28105554
8512,0.19558139
8513,0.048049804
8514,0.071468614
8515,0.08864035
8516,-0.0032610127
8517,0.15021168
8518,0.28393143
8519,0.31903508
8520,0.22678755
8521,0.058207836
8522,0.05913604
8523,0.086470224
8524,-0.00048001134
8525,0.15483667
8526,0.2779628
8527,0.3094348
8528,0.22959918
8529,0.0813686
8530,0.051142275
8531,0.09047583
8532,0.0076913326
8533,0.14286532
8534,0.2839784
8535,0.321113
8536,0.2325285
8537,0.08896262
8538,0.049399793
8539,0.0933935
8540,0.017183835
8541,0.13091157
8542,0.28035954
8543,0.3452213
8544,0.27855343
8545,0.1349114
8546,0.02260258
8547,0.08220775
8548,0.01966306
8549,0.11640207
8550,0.25129592
8551,0.30889416
8552,0.22825573
8553,0.0945411
8554,0.031168776
8555,0.07555074
8556,0.00058822124
8557,0.14116691
8558,0.2785704
8559,0.32343003
8560,0.24848433
8561,0.09949345
8562,0.02285032
8563,0.06377616
8564,-0.0011978173
8565,0.13593404
8566,0.26325247
8567,0.29919928
8568,0.23824756
8569,0.096000046
8570,0.027908597
8571,0.069772825
8572,0.0033299017
8573,0.12599786
8574,0.24582815
8575,0.28123322
8576,0.21733743
8577,0.08643778
8578,0.031298142
8579,0.07050918
8580,0.0011139025
8581,0.13447763
8582,0.26645634
8583,0.3208801
8584,0.26011238
8585,0.12672038
8586,0.010070925
8587,0.06551897
8588,0.013035386
8589,0.11193702
8590,0.25025046
8591,0.31682217
8592,0.2718155
8593,0.14446193
8594,0.005251582
8595,0.05282211
8596,0.012118946
8597,0.10053568
8598,0.22641486
8599,0.28728077
8600,0.25067106
8601,0.124587566
8602,0.0041858377
8603,0.052292798
8604,0.011701161
8605,0.10057784
8606,0.22704533
8607,0.28781354
8608,0.25041318
8609,0.12488989
8610,0.0013379807
8611,0.058013815
8612,0.012135642
8613,0.100795545
8614,0.22468208
8615,0.28444663
8616,0.23544009
8617,0.12112064
8618,0.0065974146
8619,0.05963405
8620,0.0117262015
8621,0.107105054
8622,0.24024984
8623,0.30375648
8624,0.26262352
8625,0.13557538
8626,0.0061229113
8627,0.053563792
8628,0.010859454
8629,0.101595365
8630,0.227519
8631,0.28878406
8632,0.24769819
8633,0.12452093
8634,0.004070114
8635,0.051069807
8636,0.0032502178
8637,0.11125769
8638,0.23066135
8639,0.27519792
8640,0.23215336
8641,0.11169861
8642,0.0062630195
8643,0.05332033
8644,-0.0017461224
8645,0.11881341
8646,0.24219945
8647,0.2899447
8648,0.2459157
8649,0.120305024
8650,0.0028670994
8651,0.058727097
8652,0.010503809
8653,0.10494883
8654,0.23361261
8655,0.2979586
8656,0.2550955
8657,0.12653533
8658,0.0060613044
8659,0.050106376
8660,0.0059100557
8661,0.10675654
8662,0.22969164
8663,0.28099996
8664,0.22812316
8665,0.11994916
8666,0.0066837473
8667,0.05461527
8668,0.0065417923
8669,0.10756944
8670,0.22761983
8671,0.28250927
8672,0.24075824
8673,0.114011645
8674,0.011604213
8675,0.06294421
8676,0.0106859
8677,0.11130597
8678,0.24263485
8679,0.2930284
8680,0.23705924
8681,0.11498111
8682,0.00942773
8683,0.064232826
8684,0.013530888
8685,0.10841719
8686,0.23857707
8687,0.2951463
8688,0.23929954
8689,0.11848752
8690,0.006541554
8691,0.0650607
8692,0.010127357
8693,0.1158933
8694,0.2533212
8695,0.30603385
8696,0.24795406
8697,0.13176376
8698,0.0025622346
8699,0.058299676
8700,0.009261074
8701,0.10933605
8702,0.2395263
8703,0.3008596
8704,0.25459692
8705,0.12713143
8706,0.0032919277
8707,0.053716317
8708,0.010764484
8709,0.10298671
8710,0.2302895
8711,0.29132962
8712,0.24868083
8713,0.13006991
8714,0.00034860836
8715,0.054883774
8716,0.014155437
8717,0.099326245
8718,0.22865015
8719,0.2922375
8720,0.25021797
8721,0.13318972
8722,0.0019919113
8723,0.05583392
8724,0.014807081
8725,0.09807198
8726,0.22506925
8727,0.2896737
8728,0.2428826
8729,0.13186374
8730,0.0053812563
8731,0.04891218
8732,0.0065905973
8733,0.105585724
8734,0.22957689
8735,0.280347
8736,0.24182448
8737,0.123619676
8738,0.0017819848
8739,0.045862637
8740,-0.0013928063
8741,0.11259376
8742,0.23119602
8743,0.27267793
8744,0.23118712
8745,0.10988025
8746,0.007379162
8747,0.057955295
8748,0.007248408
8749,0.10909968
8750,0.23614496
8751,0.2943127
8752,0.25244072
8753,0.13188861
8754,-0.00019103987
8755,0.054963905
8756,0.011903393
8757,0.10216994
8758,0.22690533
8759,0.27629796
8760,0.23652747
8761,0.105938084
8762,0.015292547
8763,0.064970806
8764,0.011169007
8765,0.10845104
8766,0.24066184
8767,0.29959765
8768,0.25888655
8769,0.1367391
8770,0.0022308463
8771,0.055620115
8772,0.012782684
8773,0.10299965
8774,0.23227492
8775,0.28848535
8776,0.25487065
8777,0.12871452
8778,0.0032557219
8779,0.057483688
8780,0.015002914
8781,0.10027867
8782,0.22400288
8783,0.28432548
8784,0.24579298
8785,0.12488685
8786,0.0022258153
8787,0.055467308
8788,0.0075156754
8789,0.10781897
8790,0.23003349
8791,0.28555632
8792,0.24378142
8793,0.12289852
8794,0.0059875767
8795,0.05866148
8796,0.011592043
8797,0.10677879
8798,0.23885943
8799,0.29634723
8800,0.2544529
8801,0.132997
8802,0.0045694346
8803,0.05249161
8804,0.011227838
8805,0.10298168
8806,0.23102395
8807,0.2909969
8808,0.2395502
8809,0.12042958
8810,0.005531058
8811,0.05656511
8812,0.00725825
8813,0.10690708
8814,0.22539875
8815,0.2788797
8816,0.23092628
8817,0.101690136
8818,0.019173585
8819,0.06421226
8820,0.011651065
8821,0.11118592
8822,0.24585159
8823,0.31187692
8824,0.27016592
8825,0.14156446
8826,0.0012989601
8827,0.055228952
8828,0.01459601
8829,0.099820405
8830,0.22493544
8831,0.282292
8832,0.23879065
8833,0.112239204
8834,0.002944453
8835,0.06154758
8836,0.013373945
8837,0.107577294
8838,0.24405664
8839,0.30756554
8840,0.26217732
8841,0.1366528
8842,0.004714725
8843,0.05090427
8844,0.004999076
8845,0.109219894
8846,0.2310595
8847,0.27612746
8848,0.22126529
8849,0.10829811
8850,0.006887422
8851,0.052124742
8852,-0.0025585848
8853,0.122243345
8854,0.2413407
8855,0.28093073
8856,0.23325838
8857,0.11399754
8858,0.010409036
8859,0.058082957
8860,0.0041997214
8861,0.11455965
8862,0.24021046
8863,0.2904518
8864,0.23328577
8865,0.10391407
8866,0.024317492
8867,0.07543823
8868,0.018046612
8869,0.106047064
8870,0.23927999
8871,0.2976546
8872,0.24159516
8873,0.11159747
8874,0.022603387
8875,0.069017924
8876,0.0077824146
8877,0.12281865
8878,0.257209
8879,0.30824745
8880,0.25043744
8881,0.1193846
8882,0.011150419
8883,0.06239708
8884,0.006670013
8885,0.118857615
8886,0.25311753
8887,0.30846086
8888,0.25209105
8889,0.11948418
8890,0.008359706
8891,0.06444285
8892,0.016956449
8893,0.10431896
8894,0.24004324
8895,0.30603695
8896,0.27052772
8897,0.14304148
8898,0.01111971
8899,0.048453458
8900,0.009717068
8901,0.103523836
8902,0.22526132
8903,0.27854335
8904,0.23704836
8905,0.106363125
8906,0.0050869603
8907,0.055723492
8908,0.0035452736
8909,0.11500566
8910,0.24121113
8911,0.29734096
8912,0.24278577
8913,0.1206419
8914,0.0002001758
8915,0.05413484
8916,0.0060749874
8917,0.11009695
8918,0.2336241
8919,0.2830989
8920,0.2383363
8921,0.118256204
8922,0.006720752
8923,0.05946441
8924,0.010704558
8925,0.10949797
8926,0.23696627
8927,0.29464316
8928,0.2506903
8929,0.1325274
8930,0.0012399727
8931,0.055852473
8932,0.011744595
8933,0.104104675
8934,0.23347338
8935,0.28498426
8936,0.24042106
8937,0.12877977
8938,0.00284983
8939,0.053396538
8940,0.010291476
8941,0.103673205
8942,0.2289009
8943,0.29186904
8944,0.25102264
8945,0.13251336
8946,0.0042736176
8947,0.05589107
8948,0.014694035
8949,0.09920027
8950,0.22985013
8951,0.28813967
8952,0.2510194
8953,0.12017516
8954,0.0060515963
8955,0.06259978
8956,0.0146767525
8957,0.10277343
8958,0.23182769
8959,0.2899438
8960,0.24365062
8961,0.12383591
8962,-0.0007997745
8963,0.056690022
8964,0.01121601
8965,0.109185
8966,0.23844847
8967,0.29623714
8968,0.24951598
8969,0.13088278
8970,-0.0006480105
8971,0.056551088
8972,0.009920901
8973,0.107916996
8974,0.23819467
8975,0.29797208
8976,0.24912496
8977,0.13019174
8978,-0.00011821464
8979,0.052344207
8980,0.0056750043
8981,0.110454805
8982,0.23568138
8983,0.29152912
8984,0.24147563
8985,0.121488824
8986,-0.0002448064
8987,0.047180805
8988,-0.0018585555
8989,0.11448989
8990,0.2306365
8991,0.27713123
8992,0.22622643
8993,0.11445225
8994,0.008050644
8995,0.05281614
8996,0.0036736631
8997,0.10946037
8998,0.23054895
8999,0.28540045
9000,0.24608813
9001,0.12643209
9002,-0.00059487356
9003,0.055588067
9004,0.008512683
9005,0.1073746
9006,0.23092967
9007,0.28668183
9008,0.23531933
9009,0.11563708
9010,0.0047916025
9011,0.04577858
9012,0.0040710326
9013,0.12458259
9014,0.24039884
9015,0.28283924
9016,0.22683206
9017,0.10079402
9018,0.011119333
9019,0.04642933
9020,0.009448664
9021,0.1319224
9022,0.2458791
9023,0.2853584
9024,0.22289899
9025,0.09495386
9026,0.01291294
9027,0.04993251
9028,0.0042328592
9029,0.12858684
9030,0.24258274
9031,0.280566
9032,0.22879204
9033,0.10441005
9034,0.014392173
9035,0.057967756
9036,0.00087537686
9037,0.119339414
9038,0.24214786
9039,0.29592884
9040,0.24701627
9041,0.12238693
9042,0.007870305
9043,0.058360223
9044,0.01013423
9045,0.10609304
9046,0.23126471
9047,0.2907006
9048,0.24145329
9049,0.12863736
9050,0.0047701453
9051,0.057670195
9052,0.008142874
9053,0.107644774
9054,0.23536645
9055,0.29779562
9056,0.2505755
9057,0.12708405
9058,0.00048380555
9059,0.054702483
9060,0.0076603685
9061,0.10932476
9062,0.23475212
9063,0.2945091
9064,0.24938518
9065,0.124599054
9066,-0.0011771516
9067,0.050391782
9068,0.0029260663
9069,0.112156734
9070,0.23577426
9071,0.28981492
9072,0.24080361
9073,0.118327394
9074,0.00054325035
9075,0.05235906
9076,0.005108105
9077,0.10942572
9078,0.22989576
9079,0.28977627
9080,0.24366058
9081,0.11575722
9082,0.008108033
9083,0.06134796
9084,0.009589921
9085,0.106277935
9086,0.23263255
9087,0.2820151
9088,0.24072771
9089,0.110667706
9090,0.019051863
9091,0.061814085
9092,0.008769015
9093,0.11359878
9094,0.2430723
9095,0.29070735
9096,0.24429165
9097,0.12027619
9098,0.007443396
9099,0.06171479
9100,0.007819977
9101,0.112230405
9102,0.23744573
9103,0.2812532
9104,0.23307045
9105,0.09594825
9106,0.027863916
9107,0.07214641
9108,0.0144060245
9109,0.11433962
9110,0.2536848
9111,0.32297626
9112,0.26846534
9113,0.14071582
9114,0.0103510395
9115,0.05830392
9116,0.014555538
9117,0.10194687
9118,0.23475496
9119,0.30043375
9120,0.25321287
9121,0.13662688
9122,0.0066431263
9123,0.04982181
9124,0.00992027
9125,0.10269826
9126,0.22615029
9127,0.28286588
9128,0.24261388
9129,0.12153848
9130,0.003790758
9131,0.05570199
9132,0.011152593
9133,0.10562499
9134,0.23217739
9135,0.29755878
9136,0.25263327
9137,0.12781888
9138,-0.0013299708
9139,0.055932563
9140,0.00996468
9141,0.105499625
9142,0.23412575
9143,0.29552048
9144,0.2520529
9145,0.12776174
9146,0.0028872672
9147,0.054855857
9148,0.013667136
9149,0.0997735
9150,0.22832744
9151,0.2916757
9152,0.24603903
9153,0.120173946
9154,-0.00083164533
9155,0.06096038
9156,0.01660228
9157,0.098463826
9158,0.22534196
9159,0.27797836
9160,0.22328925
9161,0.105463654
9162,0.0143954335
9163,0.06750482
9164,0.011865428
9165,0.11472177
9166,0.25221062
9167,0.31669354
9168,0.2738769
9169,0.14460613
9170,0.0030164341
9171,0.054250475
9172,0.013285839
9173,0.10062308
9174,0.22968945
9175,0.2952175
9176,0.2531345
9177,0.13005598
9178,0.0035671466
9179,0.056322064
9180,0.014282027
9181,0.09951182
9182,0.2230259
9183,0.28319636
9184,0.23416318
9185,0.121333905
9186,0.0043500145
9187,0.05579355
9188,0.0091951825
9189,0.10764762
9190,0.23385842
9191,0.29670352
9192,0.2555042
9193,0.13435608
9194,0.0037730397
9195,0.05373846
9196,0.011088207
9197,0.10125694
9198,0.22794221
9199,0.28823307
9200,0.24816506
9201,0.1304651
9202,0.0035872106
9203,0.05379828
9204,0.013816294
9205,0.09796225
9206,0.22612068
9207,0.28745762
9208,0.2523401
9209,0.13156395
9210,0.0012324206
9211,0.05582743
9212,0.013396405
9213,0.10162256
9214,0.23092675
9215,0.29342481
9216,0.25395378
9217,0.1335909
9218,0.0069697434
9219,0.053894248
9220,0.014330515
9221,0.098423645
9222,0.22383949
9223,0.27782628
9224,0.23680544
9225,0.12236571
9226,0.00076244015
9227,0.052068487
9228,0.0043315906
9229,0.1098819
9230,0.23453459
9231,0.29191133
9232,0.24090856
9233,0.117485374
9234,0.0033385612
9235,0.055212
9236,0.0071553392
9237,0.107717924
9238,0.23441532
9239,0.28726354
9240,0.24684171
9241,0.12941076
9242,0.0013148877
9243,0.05462552
9244,0.009171939
9245,0.10423342
9246,0.22541688
9247,0.28407028
9248,0.23726662
9249,0.11555041
9250,0.0010594394
9251,0.058379136
9252,0.012384182
9253,0.10339752
9254,0.23341517
9255,0.29848444
9256,0.25801626
9257,0.13622485
9258,0.002343791
9259,0.054532982
9260,0.014369609
9261,0.09888107
9262,0.2279041
9263,0.2916303
9264,0.24791913
9265,0.13534038
9266,0.005398738
9267,0.055549737
9268,0.015610022
9269,0.09633993
9270,0.22034979
9271,0.28460756
9272,0.23401129
9273,0.12089749
9274,0.0039450065
9275,0.059210822
9276,0.0064039696
9277,0.10993755
9278,0.23516624
9279,0.28743353
9280,0.2311064
9281,0.09957857
9282,0.013415013
9283,0.057775233
9284,0.0014864064
9285,0.123299
9286,0.25407174
9287,0.30005422
9288,0.24788772
9289,0.124706745
9290,-0.0006838403
9291,0.048993874
9292,-0.0001650576
9293,0.12345707
9294,0.24210049
9295,0.28373984
9296,0.22302538
9297,0.09908344
9298,0.009111136
9299,0.055330116
9300,0.00035820715
9301,0.11715905
9302,0.24206495
9303,0.295712
9304,0.24794532
9305,0.12618075
9306,-0.0006568171
9307,0.055339057
9308,0.010697378
9309,0.10303125
9310,0.22893834
9311,0.29006064
9312,0.24710815
9313,0.12002655
9314,-0.0010431384
9315,0.053194355
9316,0.012784386
9317,0.10156911
9318,0.23091088
9319,0.29433346
9320,0.25450858
9321,0.1345876
9322,0.0056107286
9323,0.0537551
9324,0.013375381
9325,0.0993071
9326,0.22675993
9327,0.2854847
9328,0.25161865
9329,0.13270472
9330,0.0037880037
9331,0.054356113
9332,0.013544222
9333,0.0988988
9334,0.22666933
9335,0.28690645
9336,0.25073883
9337,0.13319427
9338,0.004940481
9339,0.054380625
9340,0.01443065
9341,0.09740365
9342,0.22519608
9343,0.28881443
9344,0.2518652
9345,0.13489538
9346,0.004496728
9347,0.053892907
9348,0.0144330645
9349,0.09740365
9350,0.2256141
9351,0.28940052
9352,0.25078675
9353,0.13243885
9354,0.009222196
9355,0.05151373
9356,0.009823997
9357,0.09858901
9358,0.22192256
9359,0.28508067
9360,0.24096107
9361,0.12360546
9362,0.0012224963
9363,0.04871519
9364,0.0049814703
9365,0.10692378
9366,0.22785479
9367,0.28426424
9368,0.23892148
9369,0.11517345
9370,0.0015380752
9371,0.051514737
9372,0.0038969743
9373,0.10887602
9374,0.23132199
9375,0.2827011
9376,0.22761399
9377,0.11613135
9378,0.0008787126
9379,0.053785816
9380,0.0030000957
9381,0.11047924
9382,0.23174214
9383,0.284398
9384,0.24040337
9385,0.11587858
9386,0.00619542
9387,0.055320915
9388,0.009263559
9389,0.10716505
9390,0.23451792
9391,0.287556
9392,0.23234995
9393,0.10579163
9394,0.013605044
9395,0.06549266
9396,0.015384529
9397,0.105746426
9398,0.2379183
9399,0.30399093
9400,0.2581325
9401,0.121422805
9402,0.015496608
9403,0.07228551
9404,0.02058401
9405,0.10087417
9406,0.22937256
9407,0.27803904
9408,0.23084775
9409,0.10409643
9410,0.027219472
9411,0.0758346
9412,0.015688784
9413,0.11808289
9414,0.26101485
9415,0.32837102
9416,0.27459812
9417,0.13849282
9418,0.0035562892
9419,0.062005516
9420,0.01778729
9421,0.10345859
9422,0.23885463
9423,0.3107199
9424,0.2681099
9425,0.14532933
9426,0.011904433
9427,0.05119814
9428,0.012898468
9429,0.09888208
9430,0.22600175
9431,0.28253245
9432,0.25014824
9433,0.13114406
9434,0.0051629534
9435,0.053939946
9436,0.01401987
9437,0.098478146
9438,0.22353715
9439,0.28338465
9440,0.23877081
9441,0.12208229
9442,0.0022529769
9443,0.05609809
9444,0.009593121
9445,0.10757374
9446,0.23650983
9447,0.2922441
9448,0.23489769
9449,0.11182165
9450,0.006201653
9451,0.056635074
9452,0.005739551
9453,0.11206329
9454,0.2405591
9455,0.29547605
9456,0.25265074
9457,0.1299209
9458,0.001343596
9459,0.052603837
9460,0.008799032
9461,0.10480748
9462,0.23078759
9463,0.28224695
9464,0.23999551
9465,0.12638207
9466,-0.00056331174
9467,0.055582136
9468,0.012482881
9469,0.10108715
9470,0.22890067
9471,0.2881298
9472,0.2412459
9473,0.13159887
9474,0.0036756482
9475,0.053529806
9476,0.011649989
9477,0.10236277
9478,0.22585727
9479,0.28397354
9480,0.2281326
9481,0.09806309
9482,0.01820697
9483,0.06295413
9484,0.008980031
9485,0.11307238
9486,0.2467622
9487,0.3109797
9488,0.265596
9489,0.13716911
9490,-0.00123059
9491,0.05467836
9492,0.009152625
9493,0.104858115
9494,0.22914203
9495,0.29025546
9496,0.2490241
9497,0.12928168
9498,0.004346962
9499,0.05042771
9500,0.0060734795
9501,0.1050255
9502,0.2276295
9503,0.28457937
9504,0.23500212
9505,0.1219354
9506,0.00035821216
9507,0.055529132
9508,0.009238131
9509,0.105532505
9510,0.23316161
9511,0.29401964
9512,0.24554297
9513,0.115789
9514,0.006389654
9515,0.0625506
9516,0.011711941
9517,0.105618544
9518,0.23784985
9519,0.30096784
9520,0.25110874
9521,0.13103692
9522,0.00055482774
9523,0.054332063
9524,0.008544828
9525,0.10708365
9526,0.22757559
9527,0.27785277
9528,0.23116599
9529,0.114563644
9530,0.011505934
9531,0.05824936
9532,0.00024661352
9533,0.11788789
9534,0.23818052
9535,0.28509644
9536,0.22223233
9537,0.09157896
9538,0.022605121
9539,0.05789519
9540,0.0037192826
9541,0.13483575
9542,0.25311226
9543,0.29670966
9544,0.23619062
9545,0.1012017
9546,0.0139209535
9547,0.051989034
9548,0.006465522
9549,0.13610771
9550,0.25748736
9551,0.2971718
9552,0.23517828
9553,0.10052226
9554,0.020874748
9555,0.053972676
9556,-0.0008108504
9557,0.12590618
9558,0.24751793
9559,0.2955989
9560,0.24484503
9561,0.11946504
9562,0.004328305
9563,0.055460993
9564,0.0071154996
9565,0.1089448
9566,0.23629598
9567,0.2959045
9568,0.25116926
9569,0.13111578
9570,0.003788019
9571,0.05307402
9572,0.008533185
9573,0.10632067
9574,0.23321119
9575,0.2872899
9576,0.24019943
9577,0.12289659
9578,-0.000761498
9579,0.045443643
9580,0.0016117233
9581,0.121654116
9582,0.23379101
9583,0.28069472
9584,0.22612824
9585,0.10612696
9586,0.005792072
9587,0.04311819
9588,0.010992064
9589,0.1307128
9590,0.23987508
9591,0.2737372
9592,0.21337141
9593,0.094500616
9594,0.0146311745
9595,0.04981738
9596,0.002662316
9597,0.124576546
9598,0.23970996
9599,0.28892452
9600,0.23508999
9601,0.10972632
9602,0.013357522
9603,0.059259377
9604,0.0060331076
9605,0.114020154
9606,0.23999149
9607,0.2977684
9608,0.25302744
9609,0.13026373
9610,-0.00059235096
9611,0.057699956
9612,0.013651904
9613,0.10078018
9614,0.22675765
9615,0.2848858
9616,0.2338874
9617,0.114041895
9618,0.0057545584
9619,0.060775198
9620,0.011664007
9621,0.105564125
9622,0.23318702
9623,0.2950297
9624,0.23905629
9625,0.124401316
9626,-3.141188e-05
9627,0.05883114
9628,0.01170444
9629,0.10445046
9630,0.2308617
9631,0.2836007
9632,0.23685691
9633,0.11828319
9634,0.0039194953
9635,0.06025508
9636,0.011380766
9637,0.10934318
9638,0.23907879
9639,0.305881
9640,0.2575497
9641,0.13350871
9642,0.00095634244
9643,0.059612084
9644,0.012210096
9645,0.10303571
9646,0.22638327
9647,0.27543938
9648,0.23062216
9649,0.096535444
9650,0.024931684
9651,0.07815738
9652,0.019240472
9653,0.106220454
9654,0.2392693
9655,0.30033192
9656,0.25082305
9657,0.12576717
9658,0.015929045
9659,0.06320259
9660,0.008368038
9661,0.11717545
9662,0.25119963
9663,0.30594152
9664,0.25963515
9665,0.122274116
9666,0.002360359
9667,0.056233637
9668,0.0075874384
9669,0.1111195
9670,0.23901635
9671,0.30204737
9672,0.25699732
9673,0.13355269
9674,0.0050395047
9675,0.052563526
9676,0.00725578
9677,0.10794034
9678,0.23150937
9679,0.27653727
9680,0.217976
9681,0.10063105
9682,0.022322087
9683,0.058109842
9684,-0.0017856745
9685,0.12722571
9686,0.24121721
9687,0.27388322
9688,0.20169193
9689,0.06988035
9690,0.031796534
9691,0.056847848
9692,0.014948244
9693,0.15344146
9694,0.27564433
9695,0.30631292
9696,0.22828065
9697,0.09852763
9698,0.022848133
9699,0.057575483
9700,0.0001417899
9701,0.13143598
9702,0.257817
9703,0.30995354
9704,0.24992245
9705,0.12062141
9706,0.0022987574
9707,0.05773081
9708,0.011281649
9709,0.10801505
9710,0.23931694
9711,0.300655
9712,0.2572067
9713,0.1363838
9714,0.007013189
9715,0.05098624
9716,0.010411874
9717,0.10149436
9718,0.22501776
9719,0.27446908
9720,0.22005689
9721,0.094972566
9722,0.014940983
9723,0.05754585
9724,1.842971e-05
9725,0.1227376
9726,0.25097138
9727,0.30020398
9728,0.24281387
9729,0.1207357
9730,0.002989312
9731,0.057305787
9732,0.0075479103
9733,0.11011152
9734,0.23784696
9735,0.29552215
9736,0.255167
9737,0.13445611
9738,0.007699256
9739,0.053054634
9740,0.0099697355
9741,0.103889406
9742,0.22751792
9743,0.27625117
9744,0.23396014
9745,0.12158209
9746,-0.000223301
9747,0.052064758
9748,0.0049425117
9749,0.10836425
9750,0.23286831
9751,0.28892547
9752,0.24287948
9753,0.12204226
9754,-4.2426516e-05
9755,0.047977608
9756,0.0027172833
9757,0.109377064
9758,0.22792034
9759,0.2760441
9760,0.22118837
9761,0.10976189
9762,0.00523456
9763,0.056232546
9764,0.0073033767
9765,0.10901171
9766,0.23679337
9767,0.2963326
9768,0.2512012
9769,0.12788038
9770,0.0006159758
9771,0.05813194
9772,0.01402236
9773,0.10038857
9774,0.23020911
9775,0.29183668
9776,0.24825437
9777,0.120219424
9778,0.010777051
9779,0.06398331
9780,0.018101327
9781,0.09981248
9782,0.23330039
9783,0.30225536
9784,0.26705173
9785,0.14424215
9786,0.010742053
9787,0.051986147
9788,0.013843441
9789,0.097872436
9790,0.22523369
9791,0.2880909
9792,0.2498612
9793,0.12836362
9794,0.005078572
9795,0.05396931
9796,0.014430832
9797,0.09728562
9798,0.22467421
9799,0.28776878
9800,0.24552186
9801,0.13459577
9802,0.002505843
9803,0.049735706
9804,0.009323957
9805,0.101397075
9806,0.21839173
9807,0.2747518
9808,0.23262787
9809,0.11282015
9810,0.013874075
9811,0.06014764
9812,0.010435782
9813,0.10859448
9814,0.23974395
9815,0.30191633
9816,0.2519498
9817,0.13356932
9818,4.8761372e-05
9819,0.056685984
9820,0.01226216
9821,0.10301806
9822,0.23219699
9823,0.29153842
9824,0.25573054
9825,0.13505104
9826,0.0075096916
9827,0.05121234
9828,0.008255376
9829,0.10391364
9830,0.22897801
9831,0.28665882
9832,0.2399664
9833,0.12185732
9834,-0.00017228397
9835,0.05274825
9836,0.0050604846
9837,0.1079354
9838,0.22868331
9839,0.27600226
9840,0.23017153
9841,0.107778385
9842,0.0064993734
9843,0.06280861
9844,0.0127497725
9845,0.10568178
9846,0.23857377
9847,0.3041076
9848,0.26072505
9849,0.13762467
9850,0.0058291187
9851,0.054497182
9852,0.014814513
9853,0.09820501
9854,0.22721095
9855,0.28555158
9856,0.2377312
9857,0.11371283
9858,0.01533515
9859,0.07013321
9860,0.020228172
9861,0.09912132
9862,0.22967753
9863,0.28521124
9864,0.23772725
9865,0.10649414
9866,0.017887993
9867,0.072502315
9868,0.01577711
9869,0.11353992
9870,0.24979034
9871,0.30231842
9872,0.25645506
9873,0.11246458
9874,0.014190854
9875,0.06589586
9876,0.015349096
9877,0.11105114
9878,0.24734284
9879,0.3103748
9880,0.2695792
9881,0.14129177
9882,0.00046949228
9883,0.05343688
9884,0.0070266277
9885,0.111664936
9886,0.2384257
9887,0.28812554
9888,0.24693616
9889,0.12536392
9890,-0.00013841037
9891,0.05372326
9892,0.0039595366
9893,0.1127293
9894,0.23716122
9895,0.29023132
9896,0.24180108
9897,0.12054384
9898,0.0015313698
9899,0.05808163
9900,0.009746876
9901,0.10372892
9902,0.22869842
9903,0.29016668
9904,0.24297671
9905,0.12001768
9906,0.0029942435
9907,0.058437813
9908,0.013658292
9909,0.10264211
9910,0.22790055
9911,0.27435762
9912,0.21964659
9913,0.094633766
9914,0.034904037
9915,0.07423889
9916,0.009646736
9917,0.11901512
9918,0.25323153
9919,0.2960694
9920,0.2393342
9921,0.109219715
9922,0.024110455
9923,0.07181455
9924,0.010855821
9925,0.12134212
9926,0.26071712
9927,0.3252654
9928,0.2799464
9929,0.14756238
9930,0.0068230103
9931,0.056978982
9932,0.014403751
9933,0.10203144
9934,0.23127373
9935,0.2903676
9936,0.25553128
9937,0.1371962
9938,0.0053491043
9939,0.05580045
9940,0.014474611
9941,0.09965495
9942,0.2280554
9943,0.28648221
9944,0.25184995
9945,0.12685992
9946,-0.0011034342
9947,0.055632316
9948,0.014177758
9949,0.100162975
9950,0.22991465
9951,0.28754368
9952,0.24091539
9953,0.13069367
9954,0.008336955
9955,0.052597463
9956,0.012360062
9957,0.0999229
9958,0.22754365
9959,0.28743955
9960,0.25055617
9961,0.13227932
9962,0.005194339
9963,0.0550411
9964,0.014501334
9965,0.097288735
9966,0.22182031
9967,0.28488198
9968,0.24299784
9969,0.13302834
9970,0.004941135
9971,0.050767396
9972,0.011032746
9973,0.102612905
9974,0.22902235
9975,0.28663784
9976,0.24336648
9977,0.1257563
9978,0.00027523167
9979,0.05428714
9980,0.007559915
9981,0.107247554
9982,0.22795102
9983,0.27437857
9984,0.21254173
9985,0.08468475
9986,0.0341217
9987,0.07227601
9988,0.009179336
9989,0.118292265
9990,0.25233895
9991,0.29977414
9992,0.24046549
9993,0.10368727
9994,0.019791096
9995,0.073357135
9996,0.015800122
9997,0.11395564
9998,0.24945585
9999,0.31421554
10000,0.25718096
10001,0.1166166
10002,0.021676278
10003,0.075961635
10004,0.020462114
10005,0.109758206
10006,0.24327503
10007,0.30470318
10008,0.2552757
10009,0.12210528
10010,0.009617036
10011,0.06888305
10012,0.010857929
10013,0.11322981
10014,0.24247214
10015,0.2984708
10016,0.24840334
10017,0.1187304
10018,0.009349716
10019,0.061223272
10020,0.0032178948
10021,0.12192751
10022,0.2545146
10023,0.31057575
10024,0.2531611
10025,0.12913992
10026,-0.0002847612
10027,0.05706768
10028,0.008381351
10029,0.10766151
10030,0.2361877
10031,0.29358742
10032,0.2539924
10033,0.13241442
10034,0.0025597238
10035,0.05424704
10036,0.01236844
10037,0.099624924
10038,0.22699793
10039,0.28993228
10040,0.24903563
10041,0.13263805
10042,0.0040293206
10043,0.051461004
10044,0.012649542
10045,0.098494336
10046,0.22507988
10047,0.28666928
10048,0.24822614
10049,0.13030794
10050,0.003327893
10051,0.054100465
10052,0.013778364
10053,0.098505035
10054,0.2230619
10055,0.28272602
10056,0.2476435
10057,0.13126941
10058,0.0029978033
10059,0.0545666
10060,0.013516532
10061,0.09905859
10062,0.2268358
10063,0.2907755
10064,0.25210205
10065,0.13371667
10066,0.004711855
10067,0.05397084
10068,0.014337697
10069,0.09736971
10070,0.22507693
10071,0.2878544
10072,0.24362203
10073,0.117397204
10074,-0.00021108612
10075,0.05690225
10076,0.014334361
10077,0.10132769
10078,0.2327472
10079,0.29136366
10080,0.25888667
10081,0.1370626
10082,0.0056888526
10083,0.0525985
10084,0.013996286
10085,0.098223776
10086,0.22430946
10087,0.28165475
10088,0.24943727
10089,0.12825722
10090,-0.00090848806
10091,0.05404479
10092,0.013116441
10093,0.102615125
10094,0.23273192
10095,0.29520866
10096,0.2542821
10097,0.13486306
10098,0.003687783
10099,0.043324634
10100,-0.0021851305
10101,0.116503485
10102,0.23510483
10103,0.2797508
10104,0.22387443
10105,0.10275254
10106,0.0070342533
10107,0.04009673
10108,0.017215483
10109,0.135867
10110,0.23704354
10111,0.26901412
10112,0.2066323
10113,0.08464628
10114,0.022904294
10115,0.04826796
10116,0.0111358715
10117,0.13352554
10118,0.24730094
10119,0.2843835
10120,0.22750948
10121,0.0953825
10122,0.009755836
10123,0.051243115
10124,-0.0017227312
10125,0.12205809
10126,0.24351604
10127,0.28991812
10128,0.23386055
10129,0.11218097
10130,0.014682891
10131,0.061469074
10132,0.005658524
10133,0.11293509
10134,0.23752421
10135,0.28457153
10136,0.24291639
10137,0.10841324
10138,0.018426074
10139,0.06334142
10140,0.010235863
10141,0.112497255
10142,0.24453133
10143,0.29071793
10144,0.24076344
10145,0.12083069
10146,0.006152442
10147,0.061645858
10148,0.0070297318
10149,0.115054145
10150,0.24062173
10151,0.29318947
10152,0.24305622
10153,0.11763332
10154,0.0017755409
10155,0.054054696
10156,-0.00017272611
10157,0.11802865
10158,0.23755835
10159,0.29058468
10160,0.24599253
10161,0.12035168
10162,0.0034474286
10163,0.055285387
10164,0.006190557
10165,0.10909043
10166,0.22998261
10167,0.27925447
10168,0.22242896
10169,0.10444711
10170,0.009142463
10171,0.05739288
10172,-0.0026123358
10173,0.12524757
10174,0.24886411
10175,0.2963647
10176,0.2415731
10177,0.10305091
10178,0.011487352
10179,0.051535133
10180,0.00033893273
10181,0.12502652
10182,0.24680321
10183,0.2905897
10184,0.2306037
10185,0.11721453
10186,0.008540258
10187,0.053150747
10188,0.002826772
10189,0.11539958
10190,0.2414157
10191,0.2937021
10192,0.24492584
10193,0.12100911
10194,0.00752872
10195,0.05377405
10196,0.0046090633
10197,0.11218592
10198,0.23843384
10199,0.2953755
10200,0.24851605
10201,0.1263766
10202,-0.00067285344
10203,0.052487038
10204,0.0024429928
10205,0.11197118
10206,0.23049684
10207,0.28539604
10208,0.23647867
10209,0.12085805
10210,0.0014647433
10211,0.05542942
10212,0.008312376
10213,0.10625876
10214,0.23250304
10215,0.29013246
10216,0.2437661
10217,0.12738474
10218,-0.0009903379
10219,0.048886895
10220,0.00086174556
10221,0.11326323
10222,0.22817147
10223,0.27820128
10224,0.22995067
10225,0.10697596
10226,0.007908126
10227,0.052088242
10228,-0.0011293988
10229,0.11969796
10230,0.23983137
10231,0.2862481
10232,0.22914784
10233,0.10181452
10234,0.006943761
10235,0.05871796
10236,0.00666866
10237,0.11214964
10238,0.23834862
10239,0.2863757
10240,0.22897476
10241,0.100038014
10242,0.015067561
10243,0.062919304
10244,0.008265148
10245,0.11690343
10246,0.25251982
10247,0.31417817
10248,0.2637509
10249,0.12944895
10250,-0.0010650769
10251,0.058662698
10252,0.012307278
10253,0.10534336
10254,0.23760101
10255,0.29827058
10256,0.2598994
10257,0.13752909
10258,0.00043085357
10259,0.0597829
10260,0.016863726
10261,0.09691586
10262,0.22577357
10263,0.28539285
10264,0.24343395
10265,0.12872961
10266,0.001725004
10267,0.05775716
10268,0.011901721
10269,0.10454349
10270,0.23392405
10271,0.29114205
10272,0.25025886
10273,0.11927775
10274,0.006703104
10275,0.06173401
10276,0.014102181
10277,0.10464531
10278,0.23862764
10279,0.30410478
10280,0.26039997
10281,0.12745696
10282,0.0029747607
10283,0.05617373
10284,0.013500708
10285,0.103412025
10286,0.2351188
10287,0.29197687
10288,0.25650188
10289,0.13304901
10290,-0.0007308819
10291,0.055319432
10292,0.01106544
10293,0.105016954
10294,0.23304681
10295,0.29246792
10296,0.25087294
10297,0.1256465
10298,0.0019415949
10299,0.056403663
10300,0.014447559
10301,0.100097895
10302,0.23029341
10303,0.29483435
10304,0.24727775
10305,0.13316001
10306,0.0022689411
10307,0.05742795
10308,0.016340746
10309,0.09751141
10310,0.2264211
10311,0.29379296
10312,0.25819096
10313,0.13683425
10314,0.005022246
10315,0.052046683
10316,0.013164299
10317,0.10033501
10318,0.22911635
10319,0.2918557
10320,0.25171688
10321,0.123782575
10322,0.0050806347
10323,0.04755324
10324,0.003367279
10325,0.11087379
10326,0.23350307
10327,0.28326663
10328,0.23568088
10329,0.11563241
10330,0.0013086414
10331,0.048941422
10332,-0.0006774005
10333,0.11432267
10334,0.230382
10335,0.27492034
10336,0.2174223
10337,0.10640924
10338,0.01419809
10339,0.05769001
10340,0.0024070835
10341,0.11822444
10342,0.24454787
10343,0.29012507
10344,0.23551449
10345,0.11509336
10346,0.006157101
10347,0.057873532
10348,0.006864813
10349,0.11323455
10350,0.24351034
10351,0.3031262
10352,0.2582571
10353,0.13714439
10354,0.0022507869
10355,0.0533337
10356,0.011771462
10357,0.10035511
10358,0.22717935
10359,0.28902465
10360,0.24622862
10361,0.12711015
10362,0.0014303908
10363,0.055986553
10364,0.014726594
10365,0.09750952
10366,0.22106563
10367,0.285626
10368,0.24753545
10369,0.118869744
10370,0.00014449889
10371,0.06028073
10372,0.014176581
10373,0.10276648
10374,0.23102213
10375,0.28968936
10376,0.24424538
10377,0.11890075
10378,0.0063114287
10379,0.056541074
10380,0.0050144307
10381,0.11487229
10382,0.23755838
10383,0.29036123
10384,0.23057017
10385,0.10152026
10386,0.016524184
10387,0.058248896
10388,0.002418445
10389,0.119903915
10390,0.24831428
10391,0.30832064
10392,0.25785503
10393,0.12971312
10394,0.0016541091
10395,0.047767762
10396,-0.00028534583
10397,0.11595039
10398,0.23730752
10399,0.28656527
10400,0.23548606
10401,0.11422956
10402,0.0077145863
10403,0.0540724
10404,0.0043670163
10405,0.11033124
10406,0.2342363
10407,0.28719553
10408,0.24357685
10409,0.12819731
10410,0.0003862778
10411,0.053386122
10412,0.0084369555
10413,0.10639231
10414,0.2277165
10415,0.2849536
10416,0.23992582
10417,0.120066434
10418,0.0014510489
10419,0.055709824
10420,0.010512923
10421,0.104963504
10422,0.23319402
10423,0.294519
10424,0.25343174
10425,0.13370419
10426,0.004135417
10427,0.051635575
10428,0.011653231
10429,0.099390686
10430,0.22573239
10431,0.2865659
10432,0.24727114
10433,0.1278739
10434,0.004195671
10435,0.05255712
10436,0.012865719
10437,0.099002115
10438,0.22612208
10439,0.28105944
10440,0.24024808
10441,0.11717319
10442,-0.001083428
10443,0.059088416
10444,0.0127603905
10445,0.10065231
10446,0.22341269
10447,0.27352008
10448,0.22339901
10449,0.10579619
10450,0.016161874
10451,0.06601038
10452,0.013548082
10453,0.11180173
10454,0.2517824
10455,0.3137622
10456,0.2733614
10457,0.13706675
10458,-0.00080555736
10459,0.059694022
10460,0.016202714
10461,0.09845908
10462,0.22941715
10463,0.28682137
10464,0.23697081
10465,0.1154867
10466,0.0047315713
10467,0.06359626
10468,0.013994876
10469,0.105706565
10470,0.2363902
10471,0.29099154
10472,0.23354031
10473,0.10895497
10474,0.02085055
10475,0.070494264
10476,0.014052135
10477,0.11045975
10478,0.2440111
10479,0.30482626
10480,0.23814955
10481,0.1017833
10482,0.02442168
10483,0.07206952
10484,0.010562344
10485,0.11987906
10486,0.26135933
10487,0.3201615
10488,0.27944583
10489,0.14398555
10490,0.007304324
10491,0.0533091
10492,0.011981613
10493,0.10244629
10494,0.23136173
10495,0.2907417
10496,0.24394962
10497,0.13305713
10498,-0.0004832346
10499,0.055539787
10500,0.014177758
10501,0.100162975
10502,0.23029742
10503,0.29484832
10504,0.25570905
10505,0.12903292
10506,0.0038902294
10507,0.054917358
10508,0.014131442
10509,0.09953158
10510,0.22764787
10511,0.2901048
10512,0.24826065
10513,0.121408686
10514,0.0012922576
10515,0.05552389
10516,0.014620919
10517,0.10016802
10518,0.23058225
10519,0.29467407
10520,0.24780484
10521,0.12576349
10522,0.002377648
10523,0.058789536
10524,0.016587773
10525,0.09812924
10526,0.2294936
10527,0.29463634
10528,0.24407077
10529,0.12942794
10530,-0.0011315005
10531,0.055775337
10532,0.012738371
10533,0.10291508
10534,0.23394342
10535,0.29336196
10536,0.24724439
10537,0.13322297
10538,-0.0004520847
10539,0.058850925
10540,0.014860792
10541,0.10026777
10542,0.23229203
10543,0.29647836
10544,0.24831283
10545,0.13362986
10546,0.0060105133
10547,0.05239604
10548,0.01440214
10549,0.09840039
10550,0.22687545
10551,0.29017428
10552,0.24554428
10553,0.12860997
10554,0.008285825
10555,0.05102326
10556,0.009746987
10557,0.10131212
10558,0.22495583
10559,0.2844833
10560,0.24412268
10561,0.12766114
10562,0.0022026903
10563,0.054017745
10564,0.012807848
10565,0.09849939
10566,0.2217949
10567,0.28630728
10568,0.23705523
10569,0.12615009
10570,0.0044910037
10571,0.059455436
10572,0.014498776
10573,0.10032372
10574,0.23112027
10575,0.298003
10576,0.25509706
10577,0.13535139
10578,0.00018341094
10579,0.055072065
10580,0.0144618815
10581,0.10001303
10582,0.22656009
10583,0.28818256
10584,0.25455704
10585,0.13488215
10586,0.0027266848
10587,0.053828448
10588,0.013742598
10589,0.098039865
10590,0.22657658
10591,0.28587013
10592,0.2509844
10593,0.12493988
10594,0.0028820531
10595,0.057258043
10596,0.014767995
10597,0.09971454
10598,0.23100418
10599,0.28895834
10600,0.25009724
10601,0.1329281
10602,0.00325023
10603,0.057064917
10604,0.014339706
10605,0.10070244
10606,0.23019369
10607,0.28582337
10608,0.23786193
10609,0.12551217
10610,0.002348093
10611,0.05912834
10612,0.012490468
10613,0.103970006
10614,0.23553663
10615,0.29312068
10616,0.2541368
10617,0.1259504
10618,-0.000119335484
10619,0.052520968
10620,0.0069121746
10621,0.10827214
10622,0.23090503
10623,0.28422487
10624,0.2428828
10625,0.11981084
10626,0.004929101
10627,0.058407277
10628,0.009810996
10629,0.105660655
10630,0.23579374
10631,0.29050615
10632,0.25380218
10633,0.13250539
10634,0.0031108938
10635,0.056731597
10636,0.013948101
10637,0.10094728
10638,0.23124875
10639,0.29288852
10640,0.24749963
10641,0.11930136
10642,0.0028579747
10643,0.059660465
10644,0.013080482
10645,0.101807944
10646,0.23098645
10647,0.29811978
10648,0.2585314
10649,0.13247243
10650,0.0028325664
10651,0.056019336
10652,0.014376892
10653,0.099861026
10654,0.22918211
10655,0.29366773
10656,0.25462854
10657,0.13573712
10658,0.0063341903
10659,0.053715754
10660,0.015084416
10661,0.09818367
10662,0.22728047
10663,0.28504962
10664,0.24950162
10665,0.12720364
10666,0.002575973
10667,0.04854075
10668,0.0014800462
10669,0.11170756
10670,0.23195729
10671,0.26902655
10672,0.21368651
10673,0.09371764
10674,0.014066438
10675,0.049534194
10676,0.0076428466
10677,0.13346274
10678,0.2523608
10679,0.29350096
10680,0.23051102
10681,0.09926511
10682,0.018350461
10683,0.05850467
10684,0.00011067721
10685,0.118411586
10686,0.23910215
10687,0.29179138
10688,0.24965759
10689,0.12757975
10690,0.0041303486
10691,0.057220373
10692,0.009419414
10693,0.10719627
10694,0.23313111
10695,0.2975059
10696,0.2483463
10697,0.13245204
10698,-0.0005430238
10699,0.055413272
10700,0.012133796
10701,0.10341929
10702,0.22966942
10703,0.28709036
10704,0.23644932
10705,0.115606934
10706,0.014313671
10707,0.06678487
10708,0.01753202
10709,0.102181114
10710,0.23600766
10711,0.28964233
10712,0.24374034
10713,0.104334675
10714,0.016228305
10715,0.07127416
10716,0.017722992
10717,0.11059855
10718,0.25163177
10719,0.3133784
10720,0.26592696
10721,0.13491924
10722,-0.0010585058
10723,0.059989918
10724,0.016271167
10725,0.10418226
10726,0.23701581
10727,0.30580083
10728,0.26665697
10729,0.14144771
10730,0.00936387
10731,0.05082956
10732,0.011647233
10733,0.10116761
10734,0.22788052
10735,0.28746793
10736,0.2364698
10737,0.11587888
10738,0.0075963633
10739,0.058676764
10740,0.011541013
10741,0.103632
10742,0.23240098
10743,0.2919378
10744,0.25356433
10745,0.124363765
10746,0.001596793
10747,0.05720981
10748,0.014013725
10749,0.10209716
10750,0.23264456
10751,0.29212993
10752,0.25711226
10753,0.13850743
10754,0.0069545945
10755,0.0537104
10756,0.013811542
10757,0.097834334
10758,0.22571708
10759,0.28928944
10760,0.25070667
10761,0.13311039
10762,0.00074054964
10763,0.05541954
10764,0.015240327
10765,0.09770958
10766,0.22461294
10767,0.29068172
10768,0.24409407
10769,0.12838513
10770,0.004468266
10771,0.054658234
10772,0.014209093
10773,0.09820424
10774,0.22309573
10775,0.28911585
10776,0.25167987
10777,0.1315595
10778,0.0023150821
10779,0.054362394
10780,0.013138974
10781,0.101898596
10782,0.2284306
10783,0.28798518
10784,0.23767096
10785,0.12736297
10786,-0.00080821104
10787,0.05983772
10788,0.014689939
10789,0.10133286
10790,0.23320428
10791,0.29179955
10792,0.2585519
10793,0.13176355
10794,0.005383155
10795,0.054759145
10796,0.012509187
10797,0.09989172
10798,0.22316746
10799,0.28118825
10800,0.24179609
10801,0.120269895
10802,-0.00017421611
10803,0.05839568
10804,0.01034077
10805,0.10767387
10806,0.23631792
10807,0.29785317
10808,0.25451225
10809,0.12942283
10810,0.0038446658
10811,0.054813273
10812,0.012017313
10813,0.10277819
10814,0.23185301
10815,0.28656754
10816,0.2510173
10817,0.12456738
10818,-0.0011040941
10819,0.056830186
10820,0.011306875
10821,0.10472929
10822,0.23342259
10823,0.2946804
10824,0.24968201
10825,0.12320617
10826,-0.00019631966
10827,0.055703443
10828,0.0140529815
10829,0.100792505
10830,0.22932401
10831,0.2951141
10832,0.25538185
10833,0.13584103
10834,0.0069698044
10835,0.054574948
10836,0.01491053
10837,0.09639122
10838,0.2258618
10839,0.289278
10840,0.2503699
10841,0.13056919
10842,2.604269e-05
10843,0.057031974
10844,0.015739232
10845,0.096954085
10846,0.22648779
10847,0.2853395
10848,0.2536402
10849,0.12991965
10850,0.0032906386
10851,0.05562218
10852,0.012839689
10853,0.09871012
10854,0.22331393
10855,0.27558365
10856,0.24055299
10857,0.12477677
10858,0.0067770127
10859,0.06358251
10860,0.013913784
10861,0.1034446
10862,0.23319107
10863,0.29348674
10864,0.2513314
10865,0.13007943
10866,0.00073682435
10867,0.053189058
10868,0.008626733
10869,0.1076114
10870,0.23418693
10871,0.29317632
10872,0.2456694
10873,0.12874761
10874,0.0021936982
10875,0.05510462
10876,0.01226844
10877,0.10077
10878,0.2273193
10879,0.28248048
10880,0.24198343
10881,0.117082484
10882,0.0064806025
10883,0.060071874
10884,0.012407548
10885,0.10531302
10886,0.23710854
10887,0.3004738
10888,0.25374842
10889,0.13253178
10890,0.006101138
10891,0.055894356
10892,0.015024122
10893,0.09801874
10894,0.22745922
10895,0.28571585
10896,0.24240617
10897,0.11993205
10898,0.0029677437
10899,0.060923368
10900,0.012585098
10901,0.106515184
10902,0.23866811
10903,0.29904607
10904,0.25837454
10905,0.13634034
10906,0.0054793954
10907,0.05439048
10908,0.014647876
10909,0.097589955
10910,0.2240479
10911,0.2824634
10912,0.2504319
10913,0.13449606
10914,0.0034021935
10915,0.05477726
10916,0.013908165
10917,0.09844945
10918,0.22503258
10919,0.28302652
10920,0.24918367
10921,0.123820305
10922,0.0058010225
10923,0.0604658
10924,0.015860744
10925,0.09994933
10926,0.22939765
10927,0.28887713
10928,0.25456303
10929,0.1240314
10930,0.0019961423
10931,0.06015992
10932,0.009822696
10933,0.10654836
10934,0.2275288
10935,0.27147147
10936,0.22701125
10937,0.09015619
10938,0.035446726
10939,0.07404399
10940,0.01040812
10941,0.11928515
10942,0.2544989
10943,0.30874538
10944,0.25805464
10945,0.12801851
10946,0.0035436023
10947,0.06627895
10948,0.016754525
10949,0.1075091
10950,0.23961306
10951,0.29052347
10952,0.22661483
10953,0.09826833
10954,0.02209664
10955,0.07041707
10956,0.007915041
10957,0.12429132
10958,0.26352844
10959,0.32549977
10960,0.26722488
10961,0.13658796
10962,-0.00067100924
10963,0.0579917
10964,0.013324523
10965,0.106802486
10966,0.24092771
10967,0.30215517
10968,0.25542492
10969,0.13500074
10970,0.0013025716
10971,0.05530079
10972,0.013991036
10973,0.1002108
10974,0.22968283
10975,0.2946083
10976,0.2546978
10977,0.13654187
10978,0.008510513
10979,0.05074427
10980,0.01131127
10981,0.100778975
10982,0.22643827
10983,0.28116155
10984,0.23365921
10985,0.12075886
10986,0.00022987335
10987,0.048882276
10988,0.0005103925
10989,0.11230473
10990,0.23371896
10991,0.28703162
10992,0.2389143
10993,0.111944534
10994,0.0008165202
10995,0.053828716
10996,0.003336394
10997,0.11382494
10998,0.2387635
10999,0.29168385
11000,0.23522338
11001,0.1109506
11002,0.00966961
11003,0.057791915
11004,0.0029056438
11005,0.11814654
11006,0.24636225
11007,0.29938954
11008,0.2477426
11009,0.12260296
11010,0.00433373
11011,0.051899035
11012,0.00074777124
11013,0.11436092
11014,0.2340763
11015,0.28010356
11016,0.22912869
11017,0.107348405
11018,0.009925056
11019,0.058468446
11020,0.004721537
11021,0.11501507
11022,0.24352734
11023,0.3015612
11024,0.2565174
11025,0.12794617
11026,0.0024580518
11027,0.054896466
11028,0.010269824
11029,0.10643122
11030,0.23501544
11031,0.2936711
11032,0.23807083
11033,0.12697902
11034,0.0024527833
11035,0.049552657
11036,0.0019245388
11037,0.112893775
11038,0.23534147
11039,0.28666815
11040,0.23651814
11041,0.105376765
11042,0.010087237
11043,0.050090216
11044,0.0023423645
11045,0.12558192
11046,0.2435356
11047,0.28755027
11048,0.23028283
11049,0.09849216
11050,0.021005781
11051,0.060024463
11052,0.0042880466
11053,0.11502215
11054,0.24466453
11055,0.30234903
11056,0.25662526
11057,0.13297454
11058,0.0030362303
11059,0.055956297
11060,0.011947662
11061,0.102783546
11062,0.23102857
11063,0.28674582
11064,0.2364043
11065,0.12158172
11066,0.0008132678
11067,0.05543881
11068,0.012361045
11069,0.10157994
11070,0.22933188
11071,0.2905443
11072,0.2391084
11073,0.12095604
11074,-0.0002606688
11075,0.060428277
11076,0.012042054
11077,0.103575975
11078,0.23423655
11079,0.29140994
11080,0.24531229
11081,0.13145831
11082,0.0034915064
11083,0.063049994
11084,0.017005874
11085,0.09924533
11086,0.22580533
11087,0.2803916
11088,0.21976076
11089,0.09051095
11090,0.025719322
11091,0.07991537
11092,0.01742587
11093,0.112807244
11094,0.2436998
11095,0.28489757
11096,0.2073278
11097,0.07794436
11098,0.056277327
11099,0.094744794
11100,0.019895786
11101,0.12686703
11102,0.2734989
11103,0.33220893
11104,0.26969522
11105,0.121668525
11106,0.018184833
11107,0.08163709
11108,0.018334143
11109,0.118907504
11110,0.2623451
11111,0.31744036
11112,0.26861295
11113,0.12892076
11114,0.012825707
11115,0.06525742
11116,0.008077817
11117,0.12184722
11118,0.2582482
11119,0.31648618
11120,0.26285774
11121,0.13454641
11122,0.00037581264
11123,0.0590155
11124,0.0098915305
11125,0.107253216
11126,0.23855463
11127,0.29983667
11128,0.25515467
11129,0.12573549
11130,0.005422415
11131,0.052050404
11132,0.011684673
11133,0.09994673
11134,0.22112563
11135,0.27545166
11136,0.2338256
11137,0.1044936
11138,0.02171944
11139,0.06726542
11140,0.0153159425
11141,0.10717009
11142,0.24521835
11143,0.31458426
11144,0.26620847
11145,0.14422554
11146,0.008229406
11147,0.0549003
11148,0.015646638
11149,0.099517554
11150,0.2295051
11151,0.29335013
11152,0.25148958
11153,0.13528414
11154,0.0054411795
11155,0.055264276
11156,0.0128539475
11157,0.0985872
11158,0.22549723
11159,0.2867972
11160,0.24237974
11161,0.12714742
11162,0.0023766728
11163,0.057817142
11164,0.013808853
11165,0.102749944
11166,0.23468414
11167,0.29812333
11168,0.24613807
11169,0.13281439
11170,0.00072387536
11171,0.055504393
11172,0.013242766
11173,0.100772485
11174,0.23068012
11175,0.28768957
11176,0.24664934
11177,0.12012347
11178,0.0046909386
11179,0.061880805
11180,0.016701655
11181,0.09909242
11182,0.22137685
11183,0.28074333
11184,0.23970209
11185,0.11195099
11186,0.010749796
11187,0.06422026
11188,0.009233696
11189,0.11767635
11190,0.25159055
11191,0.30032504
11192,0.24276756
11193,0.11806348
11194,0.00663548
11195,0.057759166
11196,0.0017404759
11197,0.120949
11198,0.24602064
11199,0.29380447
11200,0.23972744
11201,0.10109161
11202,0.023922147
11203,0.066007555
11204,0.007499064
11205,0.11803899
11206,0.25343323
11207,0.31295317
11208,0.25808555
11209,0.12083585
11210,0.015163632
11211,0.06784452
11212,0.013677568
11213,0.107192874
11214,0.23569742
11215,0.28856355
11216,0.24402882
11217,0.12211902
11218,0.013352372
11219,0.065195225
11220,0.014020481
11221,0.109428816
11222,0.24496314
11223,0.30159596
11224,0.24857435
11225,0.11153781
11226,0.010740635
11227,0.06499164
11228,0.015811816
11229,0.10791629
11230,0.24376383
11231,0.3123849
11232,0.26999286
11233,0.14084056
11234,-0.0008096808
11235,0.06320625
11236,0.016421113
11237,0.09908305
11238,0.2284136
11239,0.28079095
11240,0.23575413
11241,0.11734057
11242,0.014999194
11243,0.06563194
11244,0.012553233
11245,0.11084029
11246,0.2410467
11247,0.3046756
11248,0.24451303
11249,0.11327975
11250,0.008643848
11251,0.06314843
11252,0.011809981
11253,0.11440842
11254,0.2523194
11255,0.31367913
11256,0.26823717
11257,0.1396308
11258,0.005552196
11259,0.057675354
11260,0.012788904
11261,0.102692895
11262,0.23152126
11263,0.28673956
11264,0.24399102
11265,0.12482705
11266,-0.0006289486
11267,0.054914903
11268,0.007605911
11269,0.10991537
11270,0.23464167
11271,0.28262597
11272,0.24233875
11273,0.12597026
11274,0.0024492326
11275,0.05637819
11276,0.009882301
11277,0.10435231
11278,0.22520137
11279,0.26996028
11280,0.22429869
11281,0.1089208
11282,0.011259322
11283,0.06407275
11284,0.010933653
11285,0.11224392
11286,0.23891234
11287,0.29187617
11288,0.24448368
11289,0.10106656
11290,0.03125619
11291,0.07583241
11292,0.01532737
11293,0.11440242
11294,0.25009444
11295,0.3037794
11296,0.24753273
11297,0.10633681
11298,0.024053285
11299,0.071479544
11300,0.004112732
11301,0.12635589
11302,0.25443545
11303,0.2980665
11304,0.23929118
11305,0.09342567
11306,0.026388502
11307,0.06837882
11308,0.004543462
11309,0.12424753
11310,0.2573592
11311,0.31344
11312,0.25617716
11313,0.12887135
11314,0.0047270562
11315,0.06251496
11316,0.010453466
11317,0.112911984
11318,0.24828821
11319,0.30853608
11320,0.2629123
11321,0.12838921
11322,0.0062299883
11323,0.060980853
11324,0.016481698
11325,0.1022766
11326,0.2349451
11327,0.30135584
11328,0.257972
11329,0.13640893
11330,0.007279742
11331,0.051507913
11332,0.008935595
11333,0.10475282
11334,0.22355874
11335,0.2722784
11336,0.22563623
11337,0.109315015
11338,0.008340287
11339,0.05594593
11340,0.0010131095
11341,0.120290816
11342,0.2444955
11343,0.28703162
11344,0.22848444
11345,0.09925377
11346,0.01657238
11347,0.058363456
11348,0.0017035303
11349,0.12354312
11350,0.24945338
11351,0.29228872
11352,0.23087354
11353,0.099800594
11354,0.0120916385
11355,0.05282066
11356,0.005106132
11357,0.13695863
11358,0.255892
11359,0.30011857
11360,0.2368218
11361,0.1084264
11362,0.007905483
11363,0.049091924
11364,0.00385963
11365,0.1291734
11366,0.24336304
11367,0.27465314
11368,0.2095376
11369,0.07808532
11370,0.025364034
11371,0.055124726
11372,0.0023610601
11373,0.13339917
11374,0.25901014
11375,0.3080941
11376,0.25134337
11377,0.1222171
11378,0.00415677
11379,0.053780828
11380,0.0030572983
11381,0.11497386
11382,0.23607513
11383,0.29284647
11384,0.24462304
11385,0.124298245
11386,-0.0009066033
11387,0.056388363
11388,0.010257124
11389,0.10240729
11390,0.22856204
11391,0.2866796
11392,0.2396004
11393,0.12839302
11394,0.0006894409
11395,0.057050176
11396,0.013954683
11397,0.099155165
11398,0.2266471
11399,0.27909645
11400,0.22573228
11401,0.10722709
11402,0.016486198
11403,0.064011075
11404,0.01267996
11405,0.10875704
11406,0.2425891
11407,0.3097378
11408,0.27001676
11409,0.14314964
11410,0.0072145136
11411,0.051073596
11412,0.010893136
11413,0.10309533
11414,0.22803186
11415,0.28496033
11416,0.23073804
11417,0.11566035
11418,0.010595162
11419,0.06450535
11420,0.012226162
11421,0.1065557
11422,0.23215415
11423,0.28723028
11424,0.2244782
11425,0.102872185
11426,0.026143653
11427,0.068505876
11428,0.0060403477
11429,0.12380073
11430,0.25710383
11431,0.31666562
11432,0.25872254
11433,0.127504
11434,3.2566255e-05
11435,0.047729883
11436,-0.0027076348
11437,0.12379239
11438,0.2476018
11439,0.2867391
11440,0.23514943
11441,0.1073458
11442,0.009613161
11443,0.049678005
11444,0.005375373
11445,0.1298015
11446,0.2469122
11447,0.28528327
11448,0.22899671
11449,0.10335388
11450,0.008553762
11451,0.04676284
11452,0.0043650437
11453,0.12498785
11454,0.23944639
11455,0.27638838
11456,0.23087066
11457,0.11110127
11458,0.01008992
11459,0.054465584
11460,0.006438559
11461,0.1079585
11462,0.22997639
11463,0.27844816
11464,0.22122212
11465,0.096391015
11466,0.017594306
11467,0.06836762
11468,0.009453354
11469,0.11622987
11470,0.24686018
11471,0.3006176
11472,0.237973
11473,0.11257811
11474,0.02328819
11475,0.07010834
11476,0.010082718
11477,0.117470585
11478,0.24810784
11479,0.3068734
11480,0.26205423
11481,0.12057673
11482,0.0033888614
11483,0.05785653
11484,0.008801784
11485,0.115612574
11486,0.250082
11487,0.30745402
11488,0.256495
11489,0.12992112
11490,0.0020390085
11491,0.055915732
11492,0.0122696925
11493,0.10279709
11494,0.23109333
11495,0.29346585
11496,0.25145236
11497,0.13333221
11498,0.0003567707
11499,0.054771937
11500,0.013959425
11501,0.09941044
11502,0.22923991
11503,0.2927766
11504,0.24561569
11505,0.12885056
11506,0.00012522936
11507,0.06003068
11508,0.015651938
11509,0.099782616
11510,0.23147613
11511,0.29683384
11512,0.2532399
11513,0.13812144
11514,0.006545071
11515,0.054355487
11516,0.014902335
11517,0.097863026
11518,0.22745942
11519,0.29285637
11520,0.25465354
11521,0.13547641
11522,0.0076084775
11523,0.04832836
11524,0.0058167484
11525,0.107109286
11526,0.23064658
11527,0.28483194
11528,0.23190549
11529,0.103566244
11530,0.0032111146
11531,0.051814858
11532,-0.0020426565
11533,0.11644244
11534,0.23467457
11535,0.27677453
11536,0.21589437
11537,0.09850761
11538,0.02034521
11539,0.06427195
11540,0.0052729202
11541,0.11559795
11542,0.24291661
11543,0.301401
11544,0.2531576
11545,0.12543504
11546,-0.00020704535
11547,0.0605806
11548,0.013656989
11549,0.10475279
11550,0.23628382
11551,0.2916278
11552,0.24127348
11553,0.12660737
11554,0.0005958162
11555,0.056994945
11556,0.01313799
11557,0.10571719
11558,0.23885383
11559,0.30296686
11560,0.2601438
11561,0.12866956
11562,0.003931402
11563,0.060413
11564,0.017623898
11565,0.09788562
11566,0.22847345
11567,0.29047444
11568,0.2561784
11569,0.13863228
11570,-0.0009606617
11571,0.054988753
11572,0.009490627
11573,0.10576365
11574,0.23295914
11575,0.28924772
11576,0.24248739
11577,0.12250389
11578,-0.00042302883
11579,0.059525855
11580,0.008936755
11581,0.10706821
11582,0.23627716
11583,0.2984499
11584,0.25447112
11585,0.1299819
11586,0.0009146349
11587,0.059776064
11588,0.016597629
11589,0.09671399
11590,0.22101676
11591,0.27244288
11592,0.23360328
11593,0.11239451
11594,0.009627502
11595,0.06815863
11596,0.012651038
11597,0.11242549
11598,0.2416639
11599,0.3005639
11600,0.2406348
11601,0.1181065
11602,0.015666794
11603,0.06512494
11604,0.011365214
11605,0.11385022
11606,0.2513411
11607,0.30673793
11608,0.26786408
11609,0.1289829
11610,0.0014180068
11611,0.057508357
11612,0.014683747
11613,0.10296008
11614,0.2350574
11615,0.29974094
11616,0.25698352
11617,0.13941297
11618,0.0064995014
11619,0.054558683
11620,0.014583288
11621,0.098400034
11622,0.2274956
11623,0.2915446
11624,0.2529613
11625,0.1347132
11626,0.0023366003
11627,0.05365448
11628,0.015120882
11629,0.09686361
11630,0.22530459
11631,0.2892802
11632,0.25157267
11633,0.12635426
11634,0.00086392823
11635,0.05986115
11636,0.017771913
11637,0.096433334
11638,0.22158775
11639,0.2862447
11640,0.24851686
11641,0.13172291
11642,0.0013505259
11643,0.058344673
11644,0.010685435
11645,0.10720875
11646,0.23450896
11647,0.29032284
11648,0.2357392
11649,0.10531606
11650,0.010859421
11651,0.060463417
11652,0.0084526595
11653,0.114609964
11654,0.24866365
11655,0.30613476
11656,0.24717666
11657,0.10981349
11658,0.018242441
11659,0.06392607
11660,0.0074805617
11661,0.11439487
11662,0.23996891
11663,0.2966155
11664,0.2515319
11665,0.12365689
11666,0.011016058
11667,0.061715733
11668,0.0118476115
11669,0.111029044
11670,0.24114509
11671,0.2975351
11672,0.25478065
11673,0.11923673
11674,0.0023206722
11675,0.058114596
11676,0.011475804
11677,0.10812863
11678,0.23945403
11679,0.3043776
11680,0.2536592
11681,0.13860849
11682,0.0049790326
11683,0.05321105
11684,0.011950656
11685,0.102867335
11686,0.23070821
11687,0.2904079
11688,0.24693067
11689,0.12263074
11690,0.0059320964
11691,0.05816514
11692,0.014773084
11693,0.10018403
11694,0.22687846
11695,0.28008097
11696,0.23597372
11697,0.115764804
11698,0.0027122013
11699,0.05632376
11700,0.007830104
11701,0.11123109
11702,0.24079807
11703,0.29591346
11704,0.2467665
11705,0.12832418
11706,-0.0007738226
11707,0.059801437
11708,0.013643275
11709,0.104958944
11710,0.23512314
11711,0.294718
11712,0.25857416
11713,0.13163626
11714,0.0006264028
11715,0.053586617
11716,0.0063064657
11717,0.11030203
11718,0.23749742
11719,0.29120085
11720,0.23677588
11721,0.1196501
11722,0.0018990736
11723,0.056622345
11724,0.0070427493
11725,0.11133811
11726,0.23880379
11727,0.29385823
11728,0.24198376
11729,0.11663141
11730,-0.0003911851
11731,0.05630661
11732,0.011424659
11733,0.105009995
11734,0.23025255
11735,0.28876773
11736,0.24731575
11737,0.1264761
11738,0.0029601841
11739,0.050692342
11740,-0.002116655
11741,0.11825999
11742,0.24014957
11743,0.2880923
11744,0.23276652
11745,0.116709076
11746,0.0023776293
11747,0.050922018
11748,0.0006040528
11749,0.11335449
11750,0.23387456
11751,0.28580198
11752,0.2362197
11753,0.11661377
11754,-0.00020573987
11755,0.05535038
11756,0.009720211
11757,0.10404064
11758,0.22666411
11759,0.27514964
11760,0.21750002
11761,0.10576557
11762,0.01404009
11763,0.06558016
11764,0.011694203
11765,0.11190862
11766,0.24514085
11767,0.30829853
11768,0.26160616
11769,0.13001654
11770,0.0059723207
11771,0.062318306
11772,0.013213879
11773,0.10807632
11774,0.24181415
11775,0.30589524
11776,0.26345703
11777,0.14039235
11778,0.010274321
11779,0.045945395
11780,0.0047012283
11781,0.10739855
11782,0.22769687
11783,0.2726144
11784,0.22575942
11785,0.11677407
11786,0.00042022055
11787,0.049288213
11788,-0.002438696
11789,0.11688234
11790,0.23644453
11791,0.28158224
11792,0.22257091
11793,0.11241277
11794,0.0058539202
11795,0.056712266
11796,0.006507928
11797,0.11002057
11798,0.23549123
11799,0.29188687
11800,0.25292864
11801,0.13248122
11802,-0.00079983973
11803,0.05669417
11804,0.010963598
11805,0.1035405
11806,0.23077382
11807,0.2903101
11808,0.24905789
11809,0.12994677
11810,0.00073220127
11811,0.05785272
11812,0.01455739
11813,0.098890655
11814,0.22820547
11815,0.29209083
11816,0.25361153
11817,0.13662362
11818,0.008266184
11819,0.05001048
11820,0.0107459575
11821,0.098818526
11822,0.22402076
11823,0.28437832
11824,0.24331988
11825,0.1233043
11826,-0.0010081377
11827,0.0553039
11828,0.01112291
11829,0.10093471
11830,0.22422042
11831,0.28035757
11832,0.23688495
11833,0.12331938
11834,0.007359623
11835,0.06139432
11836,0.011407552
11837,0.106146246
11838,0.23197022
11839,0.2925812
11840,0.23564512
11841,0.102770574
11842,0.014663476
11843,0.05981729
11844,0.006107225
11845,0.11631524
11846,0.24578261
11847,0.28887117
11848,0.23838478
11849,0.11843584
11850,0.016484197
11851,0.06532955
11852,0.008115046
11853,0.113397025
11854,0.24017236
11855,0.2881154
11856,0.22794566
11857,0.0962453
11858,0.022640105
11859,0.07262732
11860,0.0144402
11861,0.11647762
11862,0.26028442
11863,0.3192992
11864,0.26860294
11865,0.13613343
11866,-0.000985441
11867,0.06478777
11868,0.018347172
11869,0.10133631
11870,0.23759331
11871,0.30634487
11872,0.2706221
11873,0.14380285
11874,0.009307661
11875,0.05139024
11876,0.011680515
11877,0.10112983
11878,0.22519433
11879,0.27711236
11880,0.22560358
11881,0.10238355
11882,0.013346281
11883,0.06600845
11884,0.013135282
11885,0.110189974
11886,0.24219538
11887,0.3064573
11888,0.2505352
11889,0.12653553
11890,0.0014388693
11891,0.06095625
11892,0.015049339
11893,0.10517989
11894,0.23888093
11895,0.3076893
11896,0.2583416
11897,0.1432272
11898,0.00809265
11899,0.05373843
11900,0.0128685925
11901,0.10010074
11902,0.228485
11903,0.28573823
11904,0.25176367
11905,0.13239887
11906,0.004138387
11907,0.054152537
11908,0.014159292
11909,0.09906058
11910,0.2270128
11911,0.2891466
11912,0.24886265
11913,0.12998267
11914,0.0017851461
11915,0.051918857
11916,0.008734006
11917,0.10312803
11918,0.22376956
11919,0.28271443
11920,0.2422757
11921,0.116519965
11922,0.001282188
11923,0.0540212
11924,0.009656169
11925,0.10487886
11926,0.2327197
11927,0.28861395
11928,0.243855
11929,0.11775821
11930,-0.00016244128
11931,0.056100253
11932,0.01093986
11933,0.104087606
11934,0.23259023
11935,0.28765732
11936,0.25407693
11937,0.13412035
11938,0.00068692036
11939,0.050918426
11940,0.005419884
11941,0.10746412
11942,0.23000425
11943,0.27775064
11944,0.23356979
11945,0.11073554
11946,0.0031720237
11947,0.056826185
11948,0.009738173
11949,0.106902435
11950,0.23485586
11951,0.29720104
11952,0.25169593
11953,0.13537762
11954,0.0011287332
11955,0.055434875
11956,0.012003793
11957,0.10077
11958,0.22807617
11959,0.28598288
11960,0.2439517
11961,0.11862603
11962,0.005006889
11963,0.06400748
11964,0.017976804
11965,0.09856007
11966,0.23080488
11967,0.29825196
11968,0.2646267
11969,0.14167362
11970,0.009827041
11971,0.054494437
11972,0.014801043
11973,0.097581625
11974,0.22683994
11975,0.29153234
11976,0.2439785
11977,0.12804258
11978,0.0018606756
11979,0.057367425
11980,0.012291954
11981,0.103173606
11982,0.22810948
11983,0.28248686
11984,0.22852327
11985,0.098159775
11986,0.015953885
11987,0.068634905
11988,0.014982697
11989,0.10823892
11990,0.24308527
11991,0.29636714
11992,0.23697887
11993,0.12009667
11994,0.003452723
11995,0.062068645
11996,0.006251962
11997,0.11762836
11998,0.24987416
11999,0.30870274
12000,0.2557403
12001,0.12432386
12002,0.002442088
12003,0.059865206
12004,0.0099173905
12005,0.108176485
12006,0.2388
12007,0.2960274
12008,0.24959339
12009,0.13705792
12010,0.0069106356
12011,0.053263634
12012,0.0095296055
12013,0.10223233
12014,0.22781041
12015,0.27862883
12016,0.23170343
12017,0.11885762
12018,-0.00077990344
12019,0.05447527
12020,0.0033498823
12021,0.11442395
12022,0.23831503
12023,0.2965853
12024,0.24635343
12025,0.114680715
12026,0.004966503
12027,0.05497721
12028,0.0075267013
12029,0.10928554
12030,0.23538764
12031,0.28746748
12032,0.25114024
12033,0.13149637
12034,0.001463601
12035,0.0579036
12036,0.012543598
12037,0.10398753
12038,0.23320101
12039,0.29606536
12040,0.24329662
12041,0.1236386
12042,-0.00075760507
12043,0.056760304
12044,0.0121561345
12045,0.10451169
12046,0.2333708
12047,0.2905921
12048,0.25438476
12049,0.1318097
12050,0.00086955365
12051,0.05646624
12052,0.013693749
12053,0.10039736
12054,0.22960389
12055,0.2934056
12056,0.25456405
12057,0.13003494
12058,0.0012489717
12059,0.052294265
12060,0.013432769
12061,0.09910842
12062,0.22585987
12063,0.28467074
12064,0.24277316
12065,0.13246846
12066,-0.0004831258
12067,0.05786894
12068,0.014077393
12069,0.10120832
12070,0.22980164
12071,0.29304576
12072,0.25432494
12073,0.13361144
12074,0.0030254389
12075,0.05446164
12076,0.011999237
12077,0.1007484
12078,0.22765467
12079,0.28867257
12080,0.24855402
12081,0.12298519
12082,0.0015133052
12083,0.059292518
12084,0.016368572
12085,0.09893072
12086,0.22924578
12087,0.293824
12088,0.24089663
12089,0.11676013
12090,0.0043887757
12091,0.05905343
12092,0.011537437
12093,0.104525
12094,0.22910066
12095,0.2835865
12096,0.23782453
12097,0.121386886
12098,0.0040095886
12099,0.0591248
12100,0.010948599
12101,0.10861714
12102,0.24078424
12103,0.29952753
12104,0.2577879
12105,0.13453768
12106,0.011505689
12107,0.049119934
12108,0.0033327655
12109,0.10919989
12110,0.22940403
12111,0.28289577
12112,0.23453091
12113,0.114625596
12114,0.0031706546
12115,0.055249244
12116,0.0071458826
12117,0.10744583
12118,0.22959787
12119,0.29217756
12120,0.24915369
12121,0.13026625
12122,0.001728568
12123,0.05458735
12124,0.012940638
12125,0.09986188
12126,0.22747648
12127,0.29005647
12128,0.24544951
12129,0.13427989
12130,0.0041781534
12131,0.051009223
12132,0.00830272
12133,0.105421364
12134,0.23076056
12135,0.28623408
12136,0.2379723
12137,0.10889962
12138,0.005860499
12139,0.056905814
12140,0.009239874
12141,0.107985176
12142,0.2365136
12143,0.2967935
12144,0.25482216
12145,0.13269131
12146,0.0031993045
12147,0.054790426
12148,0.013644969
12149,0.099639475
12150,0.22814977
12151,0.29158264
12152,0.25293866
12153,0.12778093
12154,0.0053903316
12155,0.05663846
12156,0.014973723
12157,0.09739613
12158,0.22242264
12159,0.2781481
12160,0.22673939
12161,0.10413745
12162,0.013832925
12163,0.063919656
12164,0.010521838
12165,0.11130231
12166,0.240712
12167,0.29710644
12168,0.2413616
12169,0.10407634
12170,0.022847818
12171,0.0703034
12172,0.012534758
12173,0.115215786
12174,0.25305596
12175,0.30604306
12176,0.25780252
12177,0.12845093
12178,0.0127201015
12179,0.06975106
12180,0.015464665
12181,0.109397225
12182,0.24780975
12183,0.30383092
12184,0.2650879
12185,0.1436343
12186,0.0045458674
12187,0.053910684
12188,0.013261426
12189,0.10231738
12190,0.23292209
12191,0.29628366
12192,0.25441125
12193,0.13542855
12194,-0.00023794768
12195,0.055457722
12196,0.015381876
12197,0.09795209
12198,0.22846992
12199,0.29371476
12200,0.25374693
12201,0.13671257
12202,0.0029197945
12203,0.05736195
12204,0.014173808
12205,0.09827692
12206,0.22070794
12207,0.26665577
12208,0.20833917
12209,0.08851552
12210,0.036882035
12211,0.0791213
12212,0.015602832
12213,0.11646747
12214,0.24971882
12215,0.31022677
12216,0.24657789
12217,0.11265715
12218,0.019371323
12219,0.06388891
12220,0.003923748
12221,0.12622689
12222,0.25632393
12223,0.30155194
12224,0.24419439
12225,0.09844235
12226,0.032628953
12227,0.07906701
12228,0.015849773
12229,0.11587546
12230,0.25345248
12231,0.3106235
12232,0.24147592
12233,0.10368893
12234,0.022785936
12235,0.071913056
12236,0.012133159
12237,0.120590895
12238,0.2558914
12239,0.3180549
12240,0.2680565
12241,0.13633327
12242,-0.00013216934
12243,0.061368197
12244,0.009590571
12245,0.11247835
12246,0.24381834
12247,0.30568036
12248,0.26294783
12249,0.1324092
12250,0.0023914818
12251,0.05342351
12252,0.008445377
12253,0.10516759
12254,0.22852822
12255,0.28834155
12256,0.25023457
12257,0.12160544
12258,0.007493036
12259,0.061313696
12260,0.01386325
12261,0.10173095
12262,0.22727238
12263,0.28298742
12264,0.23587407
12265,0.1120426
12266,0.012175026
12267,0.0642116
12268,0.01459242
12269,0.10767581
12270,0.24422202
12271,0.3047207
12272,0.25928965
12273,0.12150141
12274,0.013037673
12275,0.061285984
12276,0.0126303695
12277,0.107717596
12278,0.24232681
12279,0.3066932
12280,0.25948825
12281,0.13443194
12282,0.003572254
12283,0.05521824
12284,0.012572981
12285,0.10234911
12286,0.23244764
12287,0.29582328
12288,0.2547009
12289,0.13464321
12290,0.006719427
12291,0.053391714
12292,0.0127969105
12293,0.10006593
12294,0.22534764
12295,0.28743562
12296,0.24768916
12297,0.13026054
12298,0.0049420325
12299,0.048484575
12300,0.0045348657
12301,0.108471334
12302,0.230638
12303,0.27599066
12304,0.22405098
12305,0.113147184
12306,0.003745812
12307,0.05096661
12308,-0.0019710404
12309,0.1182237
12310,0.23338163
12311,0.26895005
12312,0.2036058
12313,0.0843884
12314,0.02799336
12315,0.05792642
12316,0.00033277902
12317,0.13196284
12318,0.25771186
12319,0.3022299
12320,0.24447866
12321,0.10699817
12322,0.020127542
12323,0.05937257
12324,0.0033589646
12325,0.12049049
12326,0.24821138
12327,0.3081235
12328,0.26067936
12329,0.13095309
12330,0.002535033
12331,0.046373166
12332,-0.0008687868
12333,0.12054907
12334,0.24097909
12335,0.27885568
12336,0.21985914
12337,0.10119796
12338,0.012087586
12339,0.053434752
12340,-0.00058589946
12341,0.12435013
12342,0.24612667
12343,0.29402557
12344,0.23518877
12345,0.10890725
12346,0.0076637524
12347,0.050624065
12348,-0.0028564509
12349,0.12141103
12350,0.24358751
12351,0.28712952
12352,0.2374631
12353,0.11402463
12354,0.0025356608
12355,0.046905167
12356,0.0019624638
12357,0.121690586
12358,0.2391787
12359,0.28267753
12360,0.22636992
12361,0.09975405
12362,0.011593351
12363,0.052100115
12364,-0.0008104672
12365,0.12198809
12366,0.2416194
12367,0.28955492
12368,0.23022558
12369,0.10644905
12370,0.0062081036
12371,0.056735765
12372,0.008492147
12373,0.10896945
12374,0.23757817
12375,0.29807693
12376,0.25561297
12377,0.13362913
12378,0.0038201385
12379,0.054658085
12380,0.013893795
12381,0.09935168
12382,0.22486065
12383,0.27923542
12384,0.23399624
12385,0.11109503
12386,0.006621588
12387,0.060850475
12388,0.014113968
12389,0.105312675
12390,0.23957838
12391,0.30336875
12392,0.26359442
12393,0.13917838
12394,0.0068566957
12395,0.05448769
12396,0.014981289
12397,0.09796247
12398,0.2271881
12399,0.29135224
12400,0.2532353
12401,0.1352049
12402,0.0066922945
12403,0.050364636
12404,0.009418575
12405,0.10105971
12406,0.22436316
12407,0.27574337
12408,0.22602966
12409,0.114843234
12410,0.010670767
12411,0.06532609
12412,0.015423596
12413,0.1033699
12414,0.23358935
12415,0.29280582
12416,0.25165182
12417,0.12342913
12418,-9.867945e-05
12419,0.05623088
12420,0.005330707
12421,0.1128398
12422,0.24097553
12423,0.29832625
12424,0.25041452
12425,0.12774125
12426,-0.00047005166
12427,0.044768807
12428,0.0012854715
12429,0.11951512
12430,0.22638685
12431,0.267047
12432,0.19586322
12433,0.08076858
12434,0.02678198
12435,0.05369012
12436,0.011438569
12437,0.13964231
12438,0.25031018
12439,0.28389484
12440,0.22677396
12441,0.08979529
12442,0.019633846
12443,0.05258269
12444,0.0062778117
12445,0.13688399
12446,0.26005873
12447,0.29738563
12448,0.24272065
12449,0.10413235
12450,0.018437013
12451,0.05974347
12452,0.0046921885
12453,0.11821648
12454,0.245613
12455,0.30687663
12456,0.2547358
12457,0.13081843
12458,0.0019434555
12459,0.054852083
12460,0.010981688
12461,0.10422885
12462,0.23230997
12463,0.29300782
12464,0.251957
12465,0.1334905
12466,0.002311354
12467,0.048197113
12468,0.008240251
12469,0.10474346
12470,0.22994459
12471,0.28559598
12472,0.23941691
12473,0.11938725
12474,-0.0004296141
12475,0.049987815
12476,-0.0024233162
12477,0.11717297
12478,0.23656178
12479,0.27960604
12480,0.22890791
12481,0.10610172
12482,0.0067695677
12483,0.054127064
12484,2.2454653e-05
12485,0.113416195
12486,0.2286547
12487,0.27571583
12488,0.22399242
12489,0.099817306
12490,0.021234348
12491,0.060481466
12492,0.006495876
12493,0.11510426
12494,0.23832119
12495,0.28989628
12496,0.2409255
12497,0.11905971
12498,0.010218948
12499,0.06177335
12500,0.010431852
12501,0.11206053
12502,0.24187006
12503,0.29522562
12504,0.25198284
12505,0.11617658
12506,0.016254578
12507,0.07256863
12508,0.01587224
12509,0.10714927
12510,0.24393713
12511,0.3076344
12512,0.2701498
12513,0.13190548
12514,0.004797707
12515,0.062146988
12516,0.01497934
12517,0.10276443
12518,0.23401885
12519,0.29891673
12520,0.2497404
12521,0.11987738
12522,0.005811135
12523,0.066614725
12524,0.01813879
12525,0.101338185
12526,0.23569818
12527,0.29273993
12528,0.23652507
12529,0.1003692
12530,0.03173299
12531,0.083815254
12532,0.024007972
12533,0.10488933
12534,0.24326085
12535,0.3012407
12536,0.2342164
12537,0.08423511
12538,0.036759578
12539,0.08188357
12540,0.011249679
12541,0.12605573
12542,0.25944707
12543,0.3124714
12544,0.25420785
12545,0.116432324
12546,0.01229527
12547,0.05770005
12548,-0.0010589021
12549,0.13804969
12550,0.26409262
12551,0.30466992
12552,0.23640878
12553,0.10509682
12554,0.014511698
12555,0.0566817
12556,0.0021668046
12557,0.13271299
12558,0.25882256
12559,0.30697772
12560,0.2509628
12561,0.12381588
12562,0.0015219158
12563,0.056702323
12564,0.008442156
12565,0.10941207
12566,0.23749013
12567,0.29531917
12568,0.2522624
12569,0.12876636
12570,0.0014419381
12571,0.05462634
12572,0.011938063
12573,0.101436324
12574,0.23015112
12575,0.29220888
12576,0.25174513
12577,0.13341288
12578,0.003821212
12579,0.054178353
12580,0.013630894
12581,0.098447956
12582,0.22192137
12583,0.27405763
12584,0.22225714
12585,0.111495264
12586,0.011153738
12587,0.06322065
12588,0.013473818
12589,0.10773876
12590,0.24340591
12591,0.30336174
12592,0.2571651
12593,0.13889045
12594,0.002792079
12595,0.057720374
12596,0.013848316
12597,0.10290192
12598,0.23447049
12599,0.29526177
12600,0.2565647
12601,0.13865487
12602,0.007929428
12603,0.050776992
12604,0.009511808
12605,0.10175499
12606,0.22717866
12607,0.2852841
12608,0.24521095
12609,0.12751868
12610,0.004075805
12611,0.04887866
12612,0.0056593334
12613,0.10644446
12614,0.2282052
12615,0.28146276
12616,0.23506488
12617,0.11845128
12618,0.0020178487
12619,0.05328874
12620,0.008561002
12621,0.10406791
12622,0.2300501
12623,0.28864425
12624,0.24667802
12625,0.12900856
12626,0.00073610153
12627,0.05317046
12628,0.0130109005
12629,0.1001271
12630,0.22741975
12631,0.2912557
12632,0.24972014
12633,0.12680215
12634,0.004611522
12635,0.04802658
12636,0.004816503
12637,0.108692914
12638,0.23159736
12639,0.2814808
12640,0.23603967
12641,0.10718134
12642,0.015305898
12643,0.062382836
12644,0.010568703
12645,0.10814436
12646,0.23604888
12647,0.2994523
12648,0.25843042
12649,0.13309154
12650,0.00173197
12651,0.056586947
12652,0.013316976
12653,0.10191161
12654,0.23134491
12655,0.29362288
12656,0.24926837
12657,0.13308086
12658,0.007286123
12659,0.05247618
12660,0.009186715
12661,0.10315714
12662,0.2273481
12663,0.27734324
12664,0.23255257
12665,0.111976996
12666,0.0065284898
12667,0.05498448
12668,-0.00039422698
12669,0.11987528
12670,0.24505676
12671,0.29320282
12672,0.23573391
12673,0.111108966
12674,0.0071247597
12675,0.048620276
12676,0.00046146777
12677,0.123686455
12678,0.2370439
12679,0.26853123
12680,0.20851772
12681,0.07436534
12682,0.039464623
12683,0.07451782
12684,0.004971712
12685,0.12226082
12686,0.25055727
12687,0.3030979
12688,0.23500149
12689,0.08604192
12690,0.047469337
12691,0.08440884
12692,0.01683036
12693,0.12298156
12694,0.27018803
12695,0.32375428
12696,0.25624806
12697,0.11395645
12698,0.023158437
12699,0.08085425
12700,0.016665317
12701,0.11768604
12702,0.25828195
12703,0.31705654
12704,0.2625729
12705,0.11495624
12706,0.02099013
12707,0.077521905
12708,0.020354144
12709,0.1126532
12710,0.25486276
12711,0.31178877
12712,0.2599313
12713,0.11026476
12714,0.017886372
12715,0.07482517
12716,0.015565147
12717,0.11744011
12718,0.25655234
12719,0.30697754
12720,0.2476712
12721,0.1180634
12722,0.013689532
12723,0.061456244
12724,0.003318451
12725,0.12685709
12726,0.2627431
12727,0.31734854
12728,0.2557886
12729,0.12932755
12730,-0.0013459316
12731,0.057386145
12732,0.00993911
12733,0.10774911
12734,0.2351093
12735,0.2943914
12736,0.25732064
12737,0.12810567
12738,0.00015773752
12739,0.059371777
12740,0.014078416
12741,0.101205185
12742,0.23269254
12743,0.29133174
12744,0.2520663
12745,0.13652824
12746,0.007418569
12747,0.051736947
12748,0.0075766784
12749,0.10343498
12750,0.22714362
12751,0.27650145
12752,0.22886796
12753,0.115917444
12754,-0.0002697634
12755,0.051163588
12756,-0.0007854968
12757,0.11875097
12758,0.2434416
12759,0.2905203
12760,0.2274547
12761,0.10379166
12762,0.012317479
12763,0.056313824
12764,-0.0015705585
12765,0.124981515
12766,0.24796477
12767,0.29636112
12768,0.2422058
12769,0.10785509
12770,0.006201386
12771,0.057768285
12772,0.0073361383
12773,0.11102968
12774,0.23708047
12775,0.30145517
12776,0.25482723
12777,0.12357927
12778,0.0020709478
12779,0.05513418
12780,0.013254799
12781,0.10072765
12782,0.23186769
12783,0.2956698
12784,0.25428513
12785,0.13466571
12786,0.0045588743
12787,0.05430204
12788,0.014064138
12789,0.09784839
12790,0.22382703
12791,0.29108995
12792,0.24425377
12793,0.12683545
12794,0.0028957205
12795,0.054978557
12796,0.014237681
12797,0.10011519
12798,0.22787689
12799,0.29016903
12800,0.25327975
12801,0.12864137
12802,0.00598726
12803,0.054403964
12804,0.012336668
12805,0.09912777
12806,0.22693701
12807,0.2890155
12808,0.2503454
12809,0.12767087
12810,0.0059465873
12811,0.048907466
12812,0.009613657
12813,0.10129671
12814,0.22578454
12815,0.28342474
12816,0.23350263
12817,0.12524289
12818,-0.0009498778
12819,0.05470663
12820,0.012597614
12821,0.10043041
12822,0.22788566
12823,0.29137617
12824,0.24672979
12825,0.13342609
12826,0.0045088725
12827,0.054198317
12828,0.012577975
12829,0.0992251
12830,0.22614388
12831,0.28908262
12832,0.2500113
12833,0.13284385
12834,0.004298809
12835,0.051082652
12836,0.008768115
12837,0.10393394
12838,0.22829875
12839,0.28360304
12840,0.23989935
12841,0.121219955
12842,-5.438854e-05
12843,0.052742064
12844,0.005923733
12845,0.108029224
12846,0.22954066
12847,0.2791816
12848,0.223111
12849,0.10788566
12850,0.0071703224
12851,0.058433987
12852,0.008999243
12853,0.11052543
12854,0.23796543
12855,0.29472327
12856,0.2570449
12857,0.13263024
12858,0.0014688866
12859,0.05507085
12860,0.013308178
12861,0.10097178
12862,0.23098351
12863,0.29415098
12864,0.2544176
12865,0.13160738
12866,0.00010415143
12867,0.054230306
12868,0.012892461
12869,0.09937178
12870,0.22728163
12871,0.28953034
12872,0.24348105
12873,0.121959
12874,0.0014137719
12875,0.057778724
12876,0.014284407
12877,0.09855884
12878,0.22610116
12879,0.2815364
12880,0.23504654
12881,0.10474234
12882,0.013200757
12883,0.06428738
12884,0.013675159
12885,0.106177546
12886,0.22928792
12887,0.27115574
12888,0.20532818
12889,0.08592849
12890,0.04347818
12891,0.07993306
12892,0.004794145
12893,0.13123715
12894,0.2614316
12895,0.30373242
12896,0.22193979
12897,0.072009444
12898,0.051562864
12899,0.08430189
12900,0.00344153
12901,0.13618277
12902,0.25841358
12903,0.28838062
12904,0.20205288
12905,0.054865845
12906,0.05940646
12907,0.079286225
12908,0.007229095
12909,0.16285153
12910,0.29224098
12911,0.3292422
12912,0.22756667
12913,0.08221103
12914,0.045189735
12915,0.07552241
12916,0.00689338
12917,0.15804201
12918,0.28917482
12919,0.32479474
12920,0.24898635
12921,0.092169136
12922,0.03477602
12923,0.07223406
12924,-0.0029963471
12925,0.13613933
12926,0.26049063
12927,0.29640734
12928,0.2349701
12929,0.08454511
12930,0.034633692
12931,0.066020824
12932,-0.0023367917
12933,0.14073996
12934,0.27018076
12935,0.316058
12936,0.2510384
12937,0.11096503
12938,0.011193364
12939,0.046702467
12940,0.014150225
12941,0.14346784
12942,0.2563588
12943,0.29539254
12944,0.22916642
12945,0.101175494
12946,0.00900151
12947,0.041727882
12948,0.015598831
12949,0.13544752
12950,0.24179071
12951,0.27335474
12952,0.2155224
12953,0.09196977
12954,0.019117722
12955,0.05391975
12956,-0.00030173757
12957,0.1254117
12958,0.24443127
12959,0.2884003
12960,0.24276768
12961,0.11072828
12962,0.00358624
12963,0.0580661
12964,0.010085621
12965,0.10686871
12966,0.23752199
12967,0.2984367
12968,0.24775265
12969,0.12212449
12970,0.006041136
12971,0.059508774
12972,0.0113330735
12973,0.10463305
12974,0.22992963
12975,0.27883017
12976,0.23780257
12977,0.11040436
12978,0.017542597
12979,0.06879117
12980,0.012076295
12981,0.107864596
12982,0.23377115
12983,0.29109403
12984,0.23356651
12985,0.09389115
12986,0.032423217
12987,0.08080849
12988,0.01641632
12989,0.11632844
12990,0.2594969
12991,0.3222358
12992,0.259163
12993,0.11982259
12994,0.011028509
12995,0.0678903
12996,0.017322619
12997,0.109642394
12998,0.25223216
12999,0.3126951
13000,0.2669732
13001,0.13788345
13002,0.006898892
13003,0.05485649
13004,0.009980468
13005,0.10943273
13006,0.24033536
13007,0.29949006
13008,0.25384235
13009,0.13283476
13010,0.0029584726
13011,0.05009713
13012,0.004263863
13013,0.1089519
13014,0.22806785
13015,0.274887
13016,0.22265486
13017,0.10830433
13018,0.005740094
13019,0.05814463
13020,0.0036316437
13021,0.11421872
13022,0.23647563
13023,0.28697088
13024,0.23834547
13025,0.12166067
13026,0.00071464875
13027,0.057656743
13028,0.010264425
13029,0.108469225
13030,0.23898901
13031,0.29393333
13032,0.23974912
13033,0.10876097
13034,0.015344274
13035,0.07037912
13036,0.017258335
13037,0.10431951
13038,0.23804294
13039,0.295855
13040,0.2552161
13041,0.12196451
13042,0.012599691
13043,0.0660043
13044,0.01045521
13045,0.111987144
13046,0.23721397
13047,0.2852018
13048,0.21381493
13049,0.08638701
13050,0.025721366
13051,0.069894746
13052,0.002721836
13053,0.12712139
13054,0.25743935
13055,0.30390614
13056,0.24068242
13057,0.09365643
13058,0.030668192
13059,0.07394817
13060,0.011978214
13061,0.119758375
13062,0.2602532
13063,0.3199717
13064,0.2678662
13065,0.13815358
13066,0.0068955696
13067,0.0635109
13068,0.0132424
13069,0.10841673
13070,0.2404789
13071,0.29827532
13072,0.24227382
13073,0.109913655
13074,0.009166149
13075,0.065545514
13076,0.015086296
13077,0.10749922
13078,0.24103405
13079,0.30659622
13080,0.26667097
13081,0.13864012
13082,-0.00032051618
13083,0.05739697
13084,0.011528812
13085,0.10577007
13086,0.2341724
13087,0.29881087
13088,0.25833654
13089,0.12813823
13090,0.0051224898
13091,0.052541494
13092,0.012984218
13093,0.10009745
13094,0.22801822
13095,0.2909818
13096,0.25001764
13097,0.13522664
13098,0.009224665
13099,0.04976349
13100,0.007478594
13101,0.10477969
13102,0.22777477
13103,0.27491537
13104,0.2265269
13105,0.10477971
13106,0.0046649943
13107,0.051825795
13108,0.0014912034
13109,0.114440136
13110,0.23347443
13111,0.28203446
13112,0.24106099
13113,0.12115424
13114,0.008648506
13115,0.06106325
13116,0.009965463
13117,0.10768813
13118,0.23870784
13119,0.3006292
13120,0.2557655
13121,0.13120356
13122,0.004921136
13123,0.054912787
13124,0.014287237
13125,0.09950349
13126,0.22638284
13127,0.28293556
13128,0.23878679
13129,0.1262753
13130,-0.0011661849
13131,0.05318423
13132,0.0060185827
13133,0.11227905
13134,0.23900749
13135,0.28673017
13136,0.23558173
13137,0.116841204
13138,0.0005922052
13139,0.056572564
13140,0.006251514
13141,0.1109616
13142,0.23855989
13143,0.2887406
13144,0.24425057
13145,0.11609717
13146,0.0049260776
13147,0.05841469
13148,0.010361779
13149,0.10765831
13150,0.23635267
13151,0.29725605
13152,0.24779604
13153,0.1336072
13154,0.004844113
13155,0.056373093
13156,0.013449386
13157,0.10008405
13158,0.22939773
13159,0.2930365
13160,0.25458586
13161,0.13447212
13162,0.005895839
13163,0.054043733
13164,0.014242098
13165,0.09783473
13166,0.22608285
13167,0.28379038
13168,0.25234225
13169,0.1343732
13170,0.0050304434
13171,0.0515955
13172,0.012579419
13173,0.09907805
13174,0.22525638
13175,0.286573
13176,0.24764866
13177,0.1294824
13178,0.0014272748
13179,0.05406933
13180,0.014295879
13181,0.09784896
13182,0.2265046
13183,0.290943
13184,0.25173646
13185,0.12760957
13186,0.0029705148
13187,0.05087692
13188,0.010311865
13189,0.10221476
13190,0.22683164
13191,0.28498635
13192,0.23806576
13193,0.116726235
13194,-0.0009732658
13195,0.05575325
13196,0.012488674
13197,0.10431804
13198,0.23491818
13199,0.29716834
13200,0.25445756
13201,0.13142751
13202,0.001168746
13203,0.05467167
13204,0.010853179
13205,0.10490838
13206,0.23002203
13207,0.2941525
13208,0.24409822
13209,0.12227564
13210,0.0081761405
13211,0.058214754
13212,0.009127949
13213,0.10869598
13214,0.2377909
13215,0.2989165
13216,0.25564295
13217,0.13404761
13218,0.00016753236
13219,0.05288105
13220,0.010837173
13221,0.100594
13222,0.22728175
13223,0.2827655
13224,0.23965603
13225,0.1270989
13226,0.0022497228
13227,0.05511993
13228,0.013206815
13229,0.10137234
13230,0.22499818
13231,0.2813563
13232,0.22961064
13233,0.11299417
13234,0.006427045
13235,0.06034727
13236,0.009551497
13237,0.109847434
13238,0.23726362
13239,0.29269332
13240,0.24994262
13241,0.11353219
13242,0.0025317539
13243,0.057506584
13244,0.00575959
13245,0.11341874
13246,0.24142273
13247,0.30033153
13248,0.25356403
13249,0.1299768
13250,-0.0004218864
13251,0.055590898
13252,0.009994137
13253,0.10634933
13254,0.23649083
13255,0.2955645
13256,0.24004523
13257,0.12643406
13258,-0.0011092287
13259,0.050304227
13260,0.0039062242
13261,0.108805016
13262,0.2325096
13263,0.2837056
13264,0.22905129
13265,0.11405871
13266,0.011512783
13267,0.062399425
13268,0.0100107435
13269,0.109070644
13270,0.2307955
13271,0.27645457
13272,0.22203071
13273,0.09122768
13274,0.036189828
13275,0.073667265
13276,0.0035236508
13277,0.12816644
13278,0.26275766
13279,0.3167737
13280,0.26472214
13281,0.1353344
13282,-0.00036738208
13283,0.049835328
13284,-0.0021725853
13285,0.124185
13286,0.24708211
13287,0.29695624
13288,0.23981477
13289,0.10728971
13290,0.011506386
13291,0.056502912
13292,0.0039018749
13293,0.115686074
13294,0.23927838
13295,0.29226634
13296,0.24891494
13297,0.12586617
13298,0.0023407873
13299,0.05508863
13300,0.011531772
13301,0.10295815
13302,0.23178153
13303,0.2917371
13304,0.25291845
13305,0.13366066
13306,0.007483878
13307,0.050330184
13308,0.009738357
13309,0.10142664
13310,0.22510569
13311,0.28327376
13312,0.24263805
13313,0.12477267
13314,0.0015967285
13315,0.05417154
13316,0.010675985
13317,0.100613795
13318,0.22746614
13319,0.2877942
13320,0.24490699
13321,0.12838988
13322,0.00023713347
13323,0.055067122
13324,0.013145888
13325,0.10035423
13326,0.22363235
13327,0.28551447
13328,0.25135073
13329,0.13235846
13330,0.0016201518
13331,0.05545303
13332,0.013005887
13333,0.10095749
13334,0.22957867
13335,0.29239532
13336,0.2531531
13337,0.13605846
13338,0.0080878055
13339,0.054169837
13340,0.014564145
13341,0.09791799
13342,0.22553374
13343,0.28114983
13344,0.24191098
13345,0.12610407
13346,0.00022046245
13347,0.055109613
13348,0.012233583
13349,0.103057005
13350,0.23021649
13351,0.291864
13352,0.25260052
13353,0.12472161
13354,0.00386925
13355,0.054345183
13356,0.013106978
13357,0.10130463
13358,0.23098975
13359,0.2928568
13360,0.24820083
13361,0.13020408
13362,0.0023713948
13363,0.056035448
13364,0.012516426
13365,0.10205569
13366,0.22989413
13367,0.2825247
13368,0.24354945
13369,0.13174327
13370,0.00060782477
13371,0.056505464
13372,0.01368657
13373,0.100672424
13374,0.22663833
13375,0.29090583
13376,0.25352755
13377,0.13084108
13378,0.0039134976
13379,0.05415088
13380,0.010091139
13381,0.10372508
13382,0.230538
13383,0.28678226
13384,0.24576765
13385,0.12733461
13386,-0.00022441451
13387,0.054976523
13388,0.012502613
13389,0.10202335
13390,0.22987364
13391,0.2941657
13392,0.24352202
13393,0.11781255
13394,0.011139653
13395,0.063344896
13396,0.0144048575
13397,0.10439851
13398,0.23793662
13399,0.30623752
13400,0.26180184
13401,0.13670823
13402,0.002865874
13403,0.05465395
13404,0.011677303
13405,0.10364075
13406,0.2311894
13407,0.29203326
13408,0.24959499
13409,0.12954175
13410,0.0046365475
13411,0.047815632
13412,0.0054194797
13413,0.10437354
13414,0.22136757
13415,0.27669626
13416,0.231196
13417,0.122617304
13418,0.0022075488
13419,0.04954081
13420,0.0057040844
13421,0.10414041
13422,0.22452185
13423,0.28081995
13424,0.2412527
13425,0.12395652
13426,0.001787633
13427,0.05101844
13428,0.009212118
13429,0.10287606
13430,0.22455738
13431,0.2854933
13432,0.242661
13433,0.12537836
13434,-0.0004078829
13435,0.058146555
13436,0.013583389
13437,0.10068292
13438,0.22923885
13439,0.29338405
13440,0.25173715
13441,0.1281538
13442,0.0037590335
13443,0.053556673
13444,0.013141108
13445,0.09876918
13446,0.22783943
13447,0.29124013
13448,0.250799
13449,0.13151206
13450,0.0035562878
13451,0.054265484
13452,0.014274537
13453,0.098185994
13454,0.22660157
13455,0.28522494
13456,0.24281377
13457,0.13430224
13458,-0.0010116673
13459,0.05302735
13460,0.008248339
13461,0.107268415
13462,0.23407431
13463,0.29018825
13464,0.24325451
13465,0.12054816
13466,0.0049078297
13467,0.057647143
13468,0.0083449045
13469,0.10765197
13470,0.2353975
13471,0.29518744
13472,0.25279874
13473,0.13177451
13474,0.006510771
13475,0.050534453
13476,0.01134436
13477,0.099270925
13478,0.22452793
13479,0.28734544
13480,0.24520893
13481,0.12174298
13482,0.00021251885
13483,0.055085737
13484,0.012480088
13485,0.10119676
13486,0.22745478
13487,0.2858008
13488,0.2523838
13489,0.13242537
13490,0.003622394
13491,0.054624256
13492,0.012648251
13493,0.099597625
13494,0.22672705
13495,0.28906995
13496,0.25067544
13497,0.1265542
13498,-0.00088306837
13499,0.053838976
13500,0.011909768
13501,0.10165703
13502,0.22999091
13503,0.28979203
13504,0.24793027
13505,0.12209376
13506,0.0032233833
13507,0.056246184
13508,0.013487827
13509,0.09968637
13510,0.2289651
13511,0.28885633
13512,0.25229314
13513,0.12546542
13514,0.0071911337
13515,0.049096234
13516,0.007514762
13517,0.103208624
13518,0.22549887
13519,0.28248814
13520,0.23328112
13521,0.1200776
13522,0.0027310906
13523,0.055569444
13524,0.011812957
13525,0.10276171
13526,0.23129934
13527,0.28724054
13528,0.2540072
13529,0.124354556
13530,0.0039047815
13531,0.063024096
13532,0.015774231
13533,0.10065269
13534,0.23336433
13535,0.2919068
13536,0.24255
13537,0.12970756
13538,0.0025478685
13539,0.054183394
13540,0.011742552
13541,0.10556232
13542,0.23400998
13543,0.29709986
13544,0.25283474
13545,0.1250456
13546,0.005612774
13547,0.060817696
13548,0.014476472
13549,0.102868244
13550,0.2354472
13551,0.29678467
13552,0.25721997
13553,0.12845173
13554,0.0054263505
13555,0.053871587
13556,0.01043707
13557,0.103594065
13558,0.22694573
13559,0.28225604
13560,0.24187028
13561,0.11950714
13562,0.005279473
13563,0.052969348
13564,0.0054364884
13565,0.10998745
13566,0.235604
13567,0.29255655
13568,0.24418694
13569,0.12330363
13570,-0.0012924289
13571,0.05557256
13572,0.01172593
13573,0.102745205
13574,0.23099433
13575,0.29216477
13576,0.24370864
13577,0.12907618
13578,0.0061998395
13579,0.052302938
13580,0.013232907
13581,0.09790744
13582,0.22453003
13583,0.2905696
13584,0.25103778
13585,0.12578379
13586,0.005801305
13587,0.052664503
13588,0.01128196
13589,0.10068907
13590,0.22744727
13591,0.28955016
13592,0.24271326
13593,0.12188926
13594,0.0009995754
13595,0.050693817
13596,0.0043141777
13597,0.111055754
13598,0.23015346
13599,0.28588262
13600,0.23724104
13601,0.114296705
13602,0.0054520764
13603,0.04945652
13604,0.004860277
13605,0.12468437
13606,0.23633727
13607,0.27529272
13608,0.22032498
13609,0.094371274
13610,0.009285006
13611,0.040766902
13612,0.017298806
13613,0.13863087
13614,0.24565096
13615,0.27649248
13616,0.21381144
13617,0.091584645
13618,0.017480636
13619,0.049203884
13620,0.0073681436
13621,0.12917034
13622,0.23967966
13623,0.27887094
13624,0.21306421
13625,0.09441771
13626,0.020370694
13627,0.059734054
13628,-0.0013030935
13629,0.12802531
13630,0.2481479
13631,0.29239503
13632,0.22692628
13633,0.10732824
13634,0.008038178
13635,0.050611027
13636,0.0043936586
13637,0.13166532
13638,0.24640732
13639,0.27804634
13640,0.22313203
13641,0.08677084
13642,0.030153602
13643,0.057803504
13644,0.0021804676
13645,0.13472669
13646,0.25789702
13647,0.30651617
13648,0.24840817
13649,0.11580483
13650,0.009049498
13651,0.05240091
13652,0.0016916476
13653,0.12699816
13654,0.24354441
13655,0.29457217
13656,0.23919894
13657,0.111093834
13658,0.004449387
13659,0.045565125
13660,0.004037352
13661,0.12360941
13662,0.23319057
13663,0.2779649
13664,0.22875929
13665,0.10609583
13666,0.008248023
13667,0.051650234
13668,-0.00040345825
13669,0.11594176
13670,0.23559561
13671,0.28251982
13672,0.22857085
13673,0.1024329
13674,0.014754368
13675,0.06419425
13676,0.010852553
13677,0.10900867
13678,0.2382929
13679,0.29088324
13680,0.23610687
13681,0.11335423
13682,0.009138203
13683,0.065126844
13684,0.010783082
13685,0.11348546
13686,0.24514855
13687,0.30556738
13688,0.25512037
13689,0.13177541
13690,0.004785806
13691,0.057982598
13692,0.008899236
13693,0.11138513
13694,0.24198939
13695,0.3027908
13696,0.25541368
13697,0.12941514
13698,0.0027797618
13699,0.048372023
13700,0.0016607898
13701,0.11261441
13702,0.23456237
13703,0.2855919
13704,0.23683107
13705,0.10832414
13706,0.0055484017
13707,0.05325678
13708,0.00072534825
13709,0.11372276
13710,0.23666486
13711,0.29198536
13712,0.24281193
13713,0.119883604
13714,0.0027970625
13715,0.055735976
13716,0.0085770115
13717,0.106404185
13718,0.23320031
13719,0.29017168
13720,0.2496918
13721,0.12993757
13722,0.0012900401
13723,0.057430014
13724,0.013443416
13725,0.099903405
13726,0.22802548
13727,0.2830409
13728,0.23336531
13729,0.124440715
13730,-0.0011043085
13731,0.050349098
13732,0.0037915406
13733,0.11414492
13734,0.23965338
13735,0.28520837
13736,0.22663724
13737,0.11519207
13738,0.0027022664
13739,0.05058389
13740,-0.0025667439
13741,0.122384995
13742,0.24422756
13743,0.28406015
13744,0.22849946
13745,0.1096612
13746,0.013088351
13747,0.05664032
13748,0.0040974626
13749,0.113865025
13750,0.24039406
13751,0.29129764
13752,0.24274966
13753,0.11790886
13754,0.0049132975
13755,0.056570765
13756,0.011463302
13757,0.105743214
13758,0.23626131
13759,0.2954704
13760,0.25370434
13761,0.13637903
13762,0.005109586
13763,0.054968353
13764,0.0126268715
13765,0.101177394
13766,0.22910897
13767,0.29128242
13768,0.24598303
13769,0.12746246
13770,0.00063455733
13771,0.054902952
13772,0.012496689
13773,0.10081024
13774,0.22867149
13775,0.29107365
13776,0.25178537
13777,0.13416222
13778,0.003294572
13779,0.055663362
13780,0.0140059935
13781,0.09760645
13782,0.22441941
13783,0.28410572
13784,0.25078645
13785,0.12828887
13786,0.0023763005
13787,0.05455488
13788,0.014411646
13789,0.098293535
13790,0.22777097
13791,0.29132587
13792,0.25264168
13793,0.13460442
13794,0.0053396495
13795,0.05202383
13796,0.0139873475
13797,0.098585434
13798,0.22682457
13799,0.28811482
13800,0.24061471
13801,0.12309946
13802,0.003239533
13803,0.052304696
13804,0.007231977
13805,0.10611622
13806,0.22733991
13807,0.28532982
13808,0.23356435
13809,0.10740161
13810,0.015622033
13811,0.066486195
13812,0.015611081
13813,0.1044295
13814,0.23805891
13815,0.3065719
13816,0.26682115
13817,0.1420888
13818,0.008716824
13819,0.054259878
13820,0.015444779
13821,0.09750917
13822,0.22680299
13823,0.29093507
13824,0.25286686
13825,0.13499099
13826,0.0062628854
13827,0.051040947
13828,0.01091516
13829,0.10036581
13830,0.2258191
13831,0.2840942
13832,0.24291305
13833,0.12501605
13834,0.00030216982
13835,0.053780686
13836,0.01223295
13837,0.10006857
13838,0.22549517
13839,0.28692603
13840,0.2509287
13841,0.13289212
13842,0.0024146964
13843,0.055962287
13844,0.011044405
13845,0.0999755
13846,0.22253753
13847,0.2855175
13848,0.24804583
13849,0.123668544
13850,0.0061825803
13851,0.0558878
13852,0.0051534297
13853,0.11127112
13854,0.23140296
13855,0.27926636
13856,0.22257736
13857,0.10735777
13858,0.008368729
13859,0.056604035
13860,0.00091452035
13861,0.1202693
13862,0.24381687
13863,0.30104926
13864,0.25184226
13865,0.12846026
13866,0.0023572682
13867,0.051009513
13868,0.0042513926
13869,0.10918853
13870,0.23316258
13871,0.28568506
13872,0.23805319
13873,0.118137114
13874,0.0035985992
13875,0.054339163
13876,0.0071322904
13877,0.10695845
13878,0.23166393
13879,0.29014647
13880,0.24781467
13881,0.1290019
13882,0.0022183275
13883,0.05291564
13884,0.010658458
13885,0.10012998
13886,0.22647975
13887,0.28708363
13888,0.24426495
13889,0.13257818
13890,0.0040971735
13891,0.050820604
13892,0.011109803
13893,0.09961607
13894,0.22462197
13895,0.28341705
13896,0.24665613
13897,0.12978512
13898,0.0049667177
13899,0.049010392
13900,0.006979197
13901,0.10492311
13902,0.22857009
13903,0.2810951
13904,0.22912253
13905,0.112058915
13906,0.005262748
13907,0.056998417
13908,0.0074411
13909,0.10854989
13910,0.23546368
13911,0.2885009
13912,0.24356136
13913,0.13140322
13914,-0.0012083
13915,0.055373125
13916,0.013114241
13917,0.101638325
13918,0.23092112
13919,0.29420266
13920,0.25471884
13921,0.13430955
13922,0.0074879723
13923,0.054146647
13924,0.01447459
13925,0.09776377
13926,0.22554667
13927,0.2879499
13928,0.25078887
13929,0.12821625
13930,-0.00031409768
13931,0.059347533
13932,0.016427916
13933,0.09642637
13934,0.22590029
13935,0.2870721
13936,0.24202512
13937,0.119812556
13938,0.0009522509
13939,0.054994494
13940,0.0075288564
13941,0.111608885
13942,0.23759244
13943,0.2825275
13944,0.23766425
13945,0.10165427
13946,0.012105941
13947,0.06324414
13948,0.006826856
13949,0.11629069
13950,0.24855767
13951,0.30254555
13952,0.25422022
13953,0.13484232
13954,0.0059835445
13955,0.05486982
13956,0.009051292
13957,0.1071836
13958,0.23684642
13959,0.2960839
13960,0.2433018
13961,0.1145399
13962,0.009799503
13963,0.059926685
13964,0.012370228
13965,0.105970606
13966,0.23908418
13967,0.29885715
13968,0.2479362
13969,0.124222785
13970,0.0005455961
13971,0.052186996
13972,0.0063292263
13973,0.11029863
13974,0.23756832
13975,0.2935158
13976,0.24523932
13977,0.12386159
13978,0.0013219854
13979,0.04553972
13980,-0.002052793
13981,0.117635906
13982,0.23512657
13983,0.27976245
13984,0.21941204
13985,0.10143734
13986,0.0064417655
13987,0.04572349
13988,0.0046395343
13989,0.12527198
13990,0.23964524
13991,0.28064522
13992,0.22951712
13993,0.10637883
13994,0.011785155
13995,0.05289578
13996,0.00040420867
13997,0.1152397
13998,0.23763916
13999,0.29180917
14000,0.24628828
14001,0.12612945
14002,0.00012205285
14003,0.05492486
14004,0.0098445
14005,0.10281317
14006,0.2292296
14007,0.29060706
14008,0.24829139
14009,0.1285656
14010,0.0023468942
14011,0.05446977
14012,0.013917837
14013,0.0981008
14014,0.22486709
14015,0.28592408
14016,0.25178212
14017,0.13297662
14018,0.0043666493
14019,0.054080073
14020,0.014124655
14021,0.09800064
14022,0.22583252
14023,0.28901303
14024,0.25027528
14025,0.1309485
14026,0.0055369767
14027,0.053821903
14028,0.015210773
14029,0.09668003
14030,0.22413503
14031,0.29098794
14032,0.25182787
14033,0.13220112
14034,0.0037291776
14035,0.053123698
14036,0.011730723
14037,0.099385604
14038,0.22694564
14039,0.2893505
14040,0.24379085
14041,0.122398466
14042,0.008295185
14043,0.06051031
14044,0.015574983
14045,0.10064459
14046,0.23043026
14047,0.29458347
14048,0.25158685
14049,0.12728897
14050,0.004882023
14051,0.059952322
14052,0.0155370515
14053,0.10292047
14054,0.23376943
14055,0.2901928
14056,0.24908516
14057,0.12456582
14058,0.009218146
14059,0.06080085
14060,0.015551164
14061,0.103409916
14062,0.23902525
14063,0.305812
14064,0.26528823
14065,0.1433775
14066,0.008405122
14067,0.05321563
14068,0.012963868
14069,0.099151365
14070,0.22379711
14071,0.27829605
14072,0.24399188
14073,0.12994213
14074,0.0018110482
14075,0.05518159
14076,0.0105245095
14077,0.10228629
14078,0.22519019
14079,0.27977997
14080,0.23766142
14081,0.11399179
14082,0.0056237457
14083,0.059425034
14084,0.01315097
14085,0.105097376
14086,0.23250553
14087,0.28773704
14088,0.2373422
14089,0.108112365
14090,0.018098917
14091,0.0698053
14092,0.018225256
14093,0.10668012
14094,0.24484278
14095,0.31275517
14096,0.25409898
14097,0.11729692
14098,0.011119062
14099,0.056787718
14100,-0.0008330764
14101,0.12513743
14102,0.25096533
14103,0.29749382
14104,0.23298064
14105,0.1081157
14106,0.009180797
14107,0.05090631
14108,-6.0684048e-05
14109,0.12608033
14110,0.24569665
14111,0.28504735
14112,0.23160906
14113,0.09951753
14114,0.013251444
14115,0.06200879
14116,0.0072183264
14117,0.11334675
14118,0.24038662
14119,0.29935032
14120,0.25276214
14121,0.13272844
14122,0.0001598713
14123,0.06053852
14124,0.013750506
14125,0.104025155
14126,0.23711164
14127,0.30125085
14128,0.26035768
14129,0.13916883
14130,0.008869193
14131,0.047851257
14132,0.005561541
14133,0.10663888
14134,0.2278968
14135,0.2738471
14136,0.23343107
14137,0.111817576
14138,0.0030329372
14139,0.04383102
14140,0.007880727
14141,0.13077965
14142,0.24435793
14143,0.2790278
14144,0.21719451
14145,0.0970062
14146,0.007334681
14147,0.035880182
14148,0.021511838
14149,0.13632691
14150,0.23825574
14151,0.26720476
14152,0.20275106
14153,0.084235564
14154,0.014609074
14155,0.034827553
14156,0.027742133
14157,0.1431457
14158,0.2413548
14159,0.26546666
14160,0.19474113
14161,0.07408432
14162,0.020904057
14163,0.04064474
14164,0.024770176
14165,0.14706293
14166,0.2510465
14167,0.27638492
14168,0.20844334
14169,0.08713059
14170,0.018407775
14171,0.04789173
14172,0.009427368
14173,0.13200727
14174,0.24719337
14175,0.28665686
14176,0.22014973
14177,0.09494456
14178,0.016201045
14179,0.057062704
14180,0.00040333695
14181,0.120185934
14182,0.245863
14183,0.29900557
14184,0.2507765
14185,0.12544718
14186,0.0020991513
14187,0.054665048
14188,0.011617398
14189,0.10202344
14190,0.22968239
14191,0.2913703
14192,0.25133923
14193,0.13287984
14194,0.0047439164
14195,0.05392948
14196,0.014621799
14197,0.097370505
14198,0.22531918
14199,0.28924587
14200,0.2448257
14201,0.13381554
14202,0.005284021
14203,0.05427627
14204,0.011717196
14205,0.10095371
14206,0.22673616
14207,0.28829104
14208,0.24276547
14209,0.1273983
14210,0.0018937709
14211,0.054605264
14212,0.010760189
14213,0.10135714
14214,0.2243775
14215,0.2770526
14216,0.23461032
14217,0.12325815
14218,0.0026529697
14219,0.059446815
14220,0.014064338
14221,0.102310084
14222,0.23208107
14223,0.2871167
14224,0.24113542
14225,0.1094585
14226,0.014764502
14227,0.06801499
14228,0.017972782
14229,0.104262374
14230,0.23343901
14231,0.2967425
14232,0.25588533
14233,0.1346206
14234,0.0064303176
14235,0.064819485
14236,0.013936168
14237,0.105552405
14238,0.23356552
14239,0.28892568
14240,0.2263333
14241,0.10776819
14242,0.01901566
14243,0.06735875
14244,0.011853704
14245,0.1144437
14246,0.2443938
14247,0.3031541
14248,0.24413697
14249,0.10051238
14250,0.025208281
14251,0.06628522
14252,0.0054539237
14253,0.123883165
14254,0.25466037
14255,0.31340635
14256,0.2676096
14257,0.13884589
14258,0.0054719774
14259,0.04865714
14260,-0.0012276775
14261,0.118301675
14262,0.2401281
14263,0.28865284
14264,0.22901383
14265,0.10376761
14266,0.010092036
14267,0.05083593
14268,0.0029257967
14269,0.12639186
14270,0.24475262
14271,0.28508025
14272,0.22917911
14273,0.10932015
14274,0.0060088113
14275,0.0490197
14276,0.0008157091
14277,0.12225219
14278,0.23580293
14279,0.28016457
14280,0.21963672
14281,0.09703272
14282,0.014435357
14283,0.05972495
14284,-0.0014927193
14285,0.1188778
14286,0.23555885
14287,0.27354527
14288,0.21994542
14289,0.0813173
14290,0.030130278
14291,0.07138252
14292,0.006098196
14293,0.12591958
14294,0.26495132
14295,0.32823575
14296,0.2738304
14297,0.1383442
14298,-0.0012623516
14299,0.056892466
14300,0.0074126683
14301,0.10761299
14302,0.22881098
14303,0.27428025
14304,0.22887254
14305,0.09419886
14306,0.023375832
14307,0.07246702
14308,0.013217171
14309,0.1121942
14310,0.24460931
14311,0.2920655
14312,0.24165833
14313,0.101477094
14314,0.028169498
14315,0.07362561
14316,0.0078115575
14317,0.122817345
14318,0.25648704
14319,0.312351
14320,0.25902197
14321,0.12975849
14322,0.010145515
14323,0.059773806
14324,0.003270181
14325,0.11870722
14326,0.24507514
14327,0.28691116
14328,0.22334272
14329,0.10072017
14330,0.027592521
14331,0.0677956
14332,0.0031624048
14333,0.12053795
14334,0.24350253
14335,0.29101458
14336,0.22038758
14337,0.08626172
14338,0.03237708
14339,0.07656284
14340,0.010177758
14341,0.12251958
14342,0.25980276
14343,0.31295925
14344,0.24352519
14345,0.10891174
14346,0.024442712
14347,0.080536775
14348,0.015678858
14349,0.11493912
14350,0.25167692
14351,0.3044156
14352,0.241468
14353,0.11217748
14354,0.02438934
14355,0.07363956
14356,0.011149637
14357,0.12210055
14358,0.26326892
14359,0.31853282
14360,0.26563424
14361,0.1315424
14362,-0.0011371528
14363,0.06365723
14364,0.013968434
14365,0.10913469
14366,0.24380636
14367,0.31219676
14368,0.26908743
14369,0.14419156
14370,0.008557314
14371,0.053781442
14372,0.014892294
14373,0.09958554
14374,0.22820476
14375,0.28371042
14376,0.24609226
14377,0.11517421
14378,0.0021891857
14379,0.05582561
14380,0.005878042
14381,0.11292541
14382,0.24071798
14383,0.29550424
14384,0.23957752
14385,0.11894532
14386,0.0064971307
14387,0.05819839
14388,0.012827119
14389,0.10274435
14390,0.23123273
14391,0.29221246
14392,0.23998041
14393,0.11664941
14394,0.0030701486
14395,0.059862923
14396,0.01094639
14397,0.10825355
14398,0.24085928
14399,0.3015121
14400,0.25170517
