step,reward
1,0.0019602084
2,0.00013440834
3,7.5e-06
4,3.2033335e-05
5,0.00070083333
6,0.0025025331
7,0.0041184085
8,7.053334e-05
9,0.00023520003
10,0.00022963336
11,9.075001e-06
12,6.7500005e-05
13,0.0012675
14,0.00026403333
15,0.00032013337
16,0.00040700837
17,0.00042563336
18,0.003796875
19,0.00017763334
20,0.0004720334
21,4.4083336e-06
22,0.00050840835
23,0.000195075
24,0.0024752086
25,0.0056718756
26,0.0059784087
27,0.0027265332
28,5.2008338e-05
29,0.00035363334
30,0.00048803337
31,0.00058963336
32,0.00071053335
33,0.0008060083
34,0.008200534
35,0.014344536
36,0.00011407501
37,3.2033335e-05
38,4.5633336e-05
39,0.0006533334
40,0.002091675
41,0.00018253335
42,0.00021333335
43,0.002679075
44,0.00028213335
45,0.0018565333
46,7.053334e-05
47,0.00012200834
48,1.6133334e-05
49,0.000676875
50,0.0025761332
51,0.0045880335
52,0.00012
53,6.4533335e-05
54,0.0006627
55,0.0009633334
56,1.6333332e-06
57,0.0003745333
58,0.0017176333
59,0.00020280002
60,0.00024367501
61,0.0003333334
62,0.0003640084
63,0.00031363333
64,0.0023585334
65,0.0026133335
66,0.00048
67,0.00029140836
68,0.0005547001
69,0.00068640837
70,0.0007400333
71,0.007068676
72,0.011310208
73,3.5208333e-05
74,9.9008335e-05
75,0.00093520834
76,0.0025392002
77,0.00017763334
78,0.000195075
79,0.00028213335
80,0.00032013337
81,0.00028213335
82,0.00018253335
83,0.0010325334
84,1.6333332e-06
85,0.000210675
86,0.0014770086
87,0.0035752086
88,0.0046127997
89,0.0032552083
90,0.00081640837
91,0.00011800835
92,0.00022140834
93,0.0026040082
94,0.00033667503
95,0.0032448003
96,0.0003924084
97,0.00034340835
98,0.0035208336
99,0.00024653334
100,8.333335e-05
101,0.0003640084
102,2.4083333e-06
103,7.2074996e-05
104,0.0014421332
105,0.0041772006
106,0.0057270085
107,0.0041184085
108,8.533334e-06
109,0.0005334083
110,9.0133326e-05
111,0.00012200834
112,0.00022140834
113,0.00035363334
114,0.0004840083
115,0.00056333333
116,0.005562408
117,0.0003605333
118,0.00012
119,0.00056333333
120,0.00023520003
121,0.00015413333
122,0.000279075
123,0.00041070004
124,0.0046625338
125,0.00041440837
126,0.00021600834
127,0.00013020835
128,0.0006912
129,0.00035020834
130,8.670001e-05
131,0.0020090083
132,0.00035707498
133,0.0033602086
134,0.0063365335
135,7.3633346e-05
136,8.333334e-07
137,1.7633334e-05
138,4.2008338e-05
139,0.00012403334
140,0.00024940833
141,0.00038163335
142,0.0004720334
143,0.0047376333
144,0.007857009
145,0.0048514092
146,0.00031363333
147,0.0022533333
148,0.010212075
149,0.015255077
150,0.00016803335
151,0.0005461334
152,5.8800008e-05
153,4.6875004e-05
154,2.7074999e-05
155,8.500834e-05
156,1.2033334e-05
157,0.0005764084
158,0.0023320087
159,0.0002187
160,0.00021600834
161,0.0002523
162,0.000226875
163,0.00014740834
164,0.00080083334
165,2.0833335e-07
166,0.00025813334
167,0.0016060084
168,0.0036963
169,0.0046127997
170,0.003151875
171,8.533334e-06
172,6.020834e-05
173,8.8408335e-05
174,0.00014963334
175,0.002142075
176,0.005427075
177,0.006961634
178,0.00507
179,0.0016206751
180,8.8408335e-05
181,0.00015640832
182,0.0016354084
183,0.00019763334
184,0.000226875
185,0.00035363334
186,0.004332009
187,0.009013333
188,0.00017520833
189,3.5208333e-05
190,1.5408334e-05
191,4.083333e-07
192,5.740834e-05
193,0.0006580083
194,0.0022102084
195,0.00019000833
196,0.0017941332
197,0.00019000833
198,0.0013200332
199,0.0017327999
200,0.00055900833
201,0.000165675
202,0.0029900083
203,0.007332033
204,0.00878941
205,0.0057270085
206,0.0014076749
207,0.00014300835
208,0.00021333335
209,0.00022413337
210,0.0025484087
211,0.0003300083
212,0.00034340835
213,0.00046413334
214,0.000541875
215,0.000541875
216,0.0004485333
217,0.00029453338
218,0.0017710081
219,1.1408334e-05
220,0.000108299995
221,0.0011656334
222,0.0032656335
223,0.0046127997
224,0.0035316749
225,3.0083336e-06
226,0.00034680005
227,7.053334e-05
228,0.0008965335
229,0.00018253335
230,0.0022016333
231,0.005400209
232,0.0064974087
233,3.2033335e-05
234,1.2675001e-05
235,0.0
236,1.5408334e-05
237,0.00042563336
238,0.00014083333
239,0.0019521335
240,0.0050052083
241,0.00020540835
242,0.00012
243,0.0011285334
244,0.0016133332
245,0.0005764084
246,0.00012200834
247,0.00034680005
248,0.00049613335
249,0.00061653333
250,0.0006816333
251,0.0065564085
252,0.00041440837
253,0.00013440834
254,0.0006533334
255,7.500001e-08
256,6.1633335e-05
257,0.00017520833
258,0.0025668752
259,0.00034340835
260,0.00027000002
261,0.00023240835
262,0.00015187502
263,0.0008216334
264,3.0000004e-07
265,0.0002523
266,0.0015914085
267,0.00022140834
268,0.0022102084
269,0.0044652
270,0.0038874084
271,8.008334e-06
272,0.00010640834
273,0.0015265334
274,0.0002523
275,0.0003040083
276,0.00042563336
277,0.00051253336
278,0.000516675
279,0.00042940833
280,0.0032240332
281,0.0036852083
282,0.000826875
283,0.00068640837
284,0.00068640837
285,0.007332033
286,0.0006674084
287,0.0044774082
288,0.00024653334
289,0.0010443002
290,7.008333e-06
291,5.8800008e-05
292,9.72e-05
293,0.0016650752
294,0.0045633335
295,0.000210675
296,0.0013601334
297,9.187501e-05
298,2.8033332e-05
299,8.0033344e-05
300,3.0083336e-06
301,0.00010083333
302,0.00022963336
303,0.0031416332
304,0.0070074084
305,0.007068676
306,1.0083334e-06
307,4.2008338e-05
308,0.0006120084
309,0.00011800835
310,0.0015052083
311,0.0040600337
312,0.0002187
313,0.0017404085
314,0.0034776332
315,5.4675e-05
316,8.0033344e-05
317,5.208334e-06
318,0.00030720004
319,0.0014352085
320,0.0031621335
321,0.00015870002
322,0.0013467001
323,0.0028518748
324,5.3333337e-05
325,9.72e-05
326,3.6750005e-06
327,4.6875004e-05
328,0.00013440834
329,0.002142075
330,0.00034340835
331,0.0003333334
332,0.0034561334
333,0.0058800005
334,0.0037074084
335,8.500834e-05
336,0.000316875
337,0.003979008
338,0.00048803337
339,0.004296033
340,0.008383409
341,0.0076002083
342,5.333334e-07
343,7.053334e-05
344,0.00010267501
345,0.0014008334
346,0.00023800835
347,0.00029453338
348,0.0036963
349,0.007921875
350,0.00016803335
351,3.8533333e-05
352,0.00023520003
353,7.500001e-08
354,2.7074999e-05
355,0.0007450084
356,0.0026602084
357,0.004600409
358,0.0046127997
359,1.1408334e-05
360,8.333334e-07
361,1.6133334e-05
362,1.4008336e-05
363,5.3333337e-05
364,0.0010680334
365,0.0033496334
366,0.005214008
367,9.9008335e-05
368,4.5633336e-05
369,4.9408336e-05
370,0.00036750003
371,1.6333332e-06
372,8.0033344e-05
373,9.540834e-05
374,0.0016280335
375,0.0044896337
376,0.00020803335
377,0.0013534083
378,0.0022274083
379,0.0013601334
380,4.8133337e-05
381,0.0014076749
382,0.0040368
383,0.005838076
384,0.00010640834
385,0.0006533334
386,8.8408335e-05
387,0.0007056751
388,2.9008334e-05
389,7.500001e-08
390,8.1674996e-05
391,9.0133326e-05
392,0.00019763334
393,0.0027840333
394,0.0003605333
395,0.0028616334
396,0.0046252087
397,0.0027936753
398,8.0033344e-05
399,0.0022016333
400,0.0057546757
401,0.0074261334
402,8.670001e-05
403,0.00041440837
404,6.3075e-05
405,0.0005504083
406,2.340833e-05
407,2.0833337e-05
408,6.020834e-05
409,0.0008748
410,0.0027744086
411,0.00020540835
412,0.0018252002
413,0.00019000833
414,0.0013002082
415,5.0700004e-05
416,1.0083334e-06
417,5.0700004e-05
418,0.0006440333
419,0.0001728
420,0.0002523
421,0.00034680005
422,0.0036410084
423,0.0061776754
424,2.5208332e-05
425,4.6875004e-05
426,7.840833e-05
427,0.00017040833
428,0.00030083334
429,0.00043319998
430,0.004864133
431,0.009117634
432,9.540834e-05
433,7.053334e-05
434,1.1408334e-05
435,0.00042187504
436,0.0017176333
437,0.0034561334
438,0.00014963334
439,0.0012224084
440,0.00014083333
441,0.0010325334
442,4.0833336e-05
443,5.333334e-07
444,6.1633335e-05
445,0.00068640837
446,0.0022620086
447,0.003933075
448,0.0040950086
449,0.0023496752
450,1.6875001e-05
451,0.000541875
452,0.0013467001
453,0.0019280084
454,0.0021000335
455,4.9408336e-05
456,0.0005720334
457,0.0018486752
458,0.00011020835
459,0.000676875
460,2.340833e-05
461,1.6133334e-05
462,2.6133332e-05
463,0.000112133326
464,0.0018881336
465,0.00032340837
466,0.00032340837
467,0.00034680005
468,0.00030083334
469,0.00019763334
470,8.1674996e-05
471,8.533334e-06
472,1.2675001e-05
473,9.0133326e-05
474,0.00020803335
475,0.00030720004
476,0.00034340835
477,0.0031008334
478,0.0044165333
479,8.333334e-09
480,0.0005208334
481,0.0023056336
482,0.00023240835
483,0.0023144083
484,0.0051352084
485,0.0053868005
486,0.0024570748
487,9.0133326e-05
488,0.00023520003
489,0.00031040836
490,0.0004181333
491,0.0005504083
492,0.0061776754
493,0.000594075
494,0.00038163335
495,0.00031040836
496,0.00020020833
497,0.0011470084
498,0.0007600333
499,8.0033344e-05
500,0.002091675
501,0.005740834
502,0.0072696335
503,0.0046750084
504,0.0008802084
505,0.00033667503
506,0.00037807503
507,0.00042563336
508,0.004800675
509,0.000541875
510,0.0045633335
511,0.00042940833
512,0.00029140836
513,0.00024367501
514,0.00015870002
515,6.1633335e-05
516,0.00014520001
517,2.5208332e-05
518,0.00013653334
519,0.0021675
520,0.005280133
521,0.00015640832
522,5.0700004e-05
523,2.6133332e-05
524,7.840833e-05
525,1.3333334e-05
526,0.0005852083
527,0.000195075
528,0.0024480335
529,0.00032013337
530,0.0025854083
531,0.0042483
532,1.4008336e-05
533,5.8800008e-05
534,7.680001e-05
535,0.000165675
536,0.0024661333
537,0.006091875
538,0.0072385343
539,3.1008334e-05
540,4.8000006e-06
541,3.6750005e-06
542,0.000108299995
543,0.0005764084
544,0.0016133332
545,0.0028910085
546,0.00012
547,0.0010384084
548,0.00013020835
549,9.0133326e-05
550,0.0006533334
551,6.533333e-06
552,4.2008338e-05
553,0.0006627
554,0.0023144083
555,0.0041067
556,0.004284075
557,1.4700002e-05
558,1.875e-06
559,1.4083332e-06
560,7.680001e-05
561,5.4675e-05
562,0.0010034083
563,0.00023240835
564,0.00029767503
565,0.0003888
566,0.00041070004
567,0.0036741337
568,0.0052008326
569,0.0022188004
570,0.00020803335
571,0.000516675
572,0.0060634078
573,0.0006440333
574,0.004940833
575,0.008500834
576,0.0062496336
577,0.0011470084
578,0.00037100833
579,0.005454009
580,0.0006030083
581,0.0049922997
582,0.00049613335
583,0.00038520835
584,0.0003924084
585,0.0035100086
586,0.00016333334
587,1.9200002e-05
588,1.6333332e-06
589,0.00026107504
590,0.001491075
591,0.0034240086
592,0.004344034
593,0.0030401333
594,6.075e-06
595,0.00039603334
596,7.3633346e-05
597,0.00011020835
598,0.00020803335
599,0.0029008337
600,0.00040700837
601,0.0003640084
602,0.0037185336
603,0.0062640756
604,0.003921633
605,0.0002523
606,0.00046807507
607,0.006380208
608,0.0133352075
609,0.000316875
610,0.00013867502
611,0.00016803335
612,0.0016280335
613,0.0023408332
614,0.0009075
615,0.00013867502
616,0.0028421334
617,0.0071610743
618,0.008738134
619,0.0058102086
620,0.0014840333
621,0.00013867502
622,0.0019602084
623,0.0037296754
624,9.540834e-05
625,8.8408335e-05
626,0.00019253335
627,0.0027456335
628,0.00035707498
629,0.0028421334
630,0.00018500832
631,5.8800008e-05
632,1.2033334e-05
633,3.0083336e-06
634,5.3333337e-05
635,0.0011844083
636,0.00025813334
637,0.00028829998
638,0.00032013337
639,0.000279075
640,0.00018253335
641,0.001026675
642,0.000648675
643,8.1674996e-05
644,0.00027300834
645,0.00041440837
646,0.004700009
647,0.00041440837
648,0.0025392002
649,0.0032240332
650,0.0011163
651,0.00018500832
652,0.0035425334
653,0.008517676
654,0.009864533
655,4.8133337e-05
656,5.4675e-05
657,9.9008335e-05
658,6.4533335e-05
659,1.2033334e-05
660,0.0004408334
661,0.0017633336
662,0.00019253335
663,0.00022963336
664,0.00032013337
665,0.0033920333
666,0.00024367501
667,0.0011408334
668,1.0208334e-05
669,3.9675004e-05
670,0.0006816333
671,0.0023852084
672,0.00020280002
673,0.00020020833
674,0.00023800835
675,0.0022188004
676,0.0031827001
677,0.001287075
678,6.600833e-05
679,0.00047600834
680,0.000648675
681,0.0071302084
682,0.0006580083
683,0.0044530085
684,0.00024653334
685,7.2074996e-05
686,1.6133334e-05
687,2.7e-06
688,5.2008338e-05
689,0.0012160332
690,0.00026403333
691,0.0027265332
692,0.00026700835
693,0.00015413333
694,0.0010920333
695,0.0010740083
696,3e-05
697,0.0012160332
698,0.00028829998
699,0.0031416332
700,0.0067350087
701,0.00015187502
702,0.0005376334
703,0.0005461334
704,9.075001e-06
705,0.0005208334
706,0.0020336334
707,0.0038760337
708,0.0045510083
709,4.6875004e-05
710,0.00019253335
711,2.0008336e-05
712,9.72e-05
713,2.7074999e-05
714,0.0001323
715,0.0012675
716,0.0034133336
717,0.004953675
718,8.500834e-05
719,0.00041440837
720,3.4133336e-05
721,0.00015640832
722,3.0000004e-07
723,0.00016803335
724,0.0010680334
725,0.00018253335
726,0.002142075
727,0.00028829998
728,0.00023520003
729,0.00020803335
730,0.0015480085
731,0.0016280335
732,2.6133332e-05
733,0.0012545333
734,0.0040950086
735,0.0062208
736,0.0053600334
737,1.4083332e-06
738,6.7500005e-05
739,1.2033334e-05
740,0.00018750002
741,0.00075500837
742,0.000116033334
743,0.0015480085
744,0.00027300834
745,0.00028829998
746,0.000316875
747,0.000279075
748,0.00018253335
749,0.0010208334
750,0.00063940836
751,2.43e-05
752,0.00031363333
753,0.00047600834
754,0.005280133
755,0.009792134
756,9.9008335e-05
757,2.0833335e-07
758,8.008334e-06
759,4.8133337e-05
760,0.0009976333
761,0.00023520003
762,0.0003040083
763,0.003586134
764,0.007038009
765,0.005782408
766,0.0013736334
767,0.00038520835
768,0.0006075001
769,0.0007056751
770,0.0076161334
771,0.014874134
772,0.013546877
773,3.0000004e-07
774,5.6033343e-05
775,0.0005376334
776,0.0011224084
777,0.0015265334
778,5.8800008e-05
779,9.72e-05
780,0.00020540835
781,0.0003040083
782,0.0032760752
783,0.0056306995
784,2.340833e-05
785,4.2008338e-05
786,7.5208336e-05
787,0.0013134085
788,0.00026403333
789,0.00032013337
790,0.00040700837
791,0.00042563336
792,0.003796875
793,0.0053734086
794,0.0023056336
795,3e-05
796,0.00063480006
797,0.0076320753
798,0.0007650751
799,0.0056581334
800,0.009487408
801,0.0067950753
802,0.0011656334
803,0.00089107506
804,0.0007301334
805,0.0007803
806,0.0008748
807,0.0090828
808,0.016756035
809,0.0136107
810,0.003796875
811,0.00021600834
812,0.0070533343
813,0.0007854083
814,0.0060492004
815,0.011310208
816,0.00023800835
817,0.000108299995
818,0.001287075
819,0.00011407501
820,0.00056333333
821,0.00041070004
822,3.9675004e-05
823,0.00016803335
824,0.0025484087
825,0.0062785344
826,0.007410408
827,3e-05
828,3.0083336e-06
829,2.7e-06
830,1.6875001e-05
831,0.00042940833
832,0.00014083333
833,0.0019440751
834,0.00031363333
835,0.0029900083
836,0.0057270085
837,7.2074996e-05
838,7.3633346e-05
839,2.0833335e-07
840,0.00035020834
841,0.0017025335
842,0.00020803335
843,0.0022274083
844,0.0050440338
845,0.00013653334
846,4.32e-05
847,0.00027603333
848,0.000180075
849,3.7408336e-05
850,0.00014963334
851,0.00028213335
852,0.0036630754
853,0.007905634
854,0.00017040833
855,3.9675004e-05
856,1.8408336e-05
857,8.333334e-07
858,4.6875004e-05
859,0.00061653333
860,0.00017040833
861,0.0021675
862,0.0050830087
863,0.00014520001
864,0.0006120084
865,0.0006721334
866,7.008333e-06
867,7.840833e-05
868,0.0014076749
869,0.000279075
870,0.0003300083
871,0.00041440837
872,0.00043319998
873,0.00036750003
874,0.00024083335
875,0.0014076749
876,0.0010150084
877,7.500001e-08
878,0.00034340835
879,0.004637634
880,0.00050840835
881,0.0037296754
882,0.00022140834
883,0.0009633334
884,6.533333e-06
885,6.020834e-05
886,9.72e-05
887,0.000210675
888,0.0029205335
889,0.00037100833
890,0.0029205335
891,0.00018750002
892,5.8800008e-05
893,1.2033334e-05
894,0.0
895,5.740834e-05
896,0.0012610084
897,0.00026700835
898,0.0027456335
899,0.005400209
900,7.2074996e-05
901,8.500834e-05
902,3.0000004e-07
903,6.1633335e-05
904,0.0012480749
905,0.0037408334
906,0.00023240835
907,0.0018881336
908,0.0037408334
909,0.0032656335
910,0.0008694083
911,0.00016803335
912,0.0029205335
913,0.0004033333
914,0.0037744083
915,0.00042940833
916,0.003586134
917,0.006526875
918,0.005122134
919,2.2533332e-05
920,0.00016333334
921,0.00024367501
922,0.0031008334
923,0.0004181333
924,0.0038420085
925,0.0003924084
926,0.000279075
927,0.00023800835
928,0.0017710081
929,0.0018881336
930,0.00027000002
931,0.0008321334
932,0.000516675
933,0.005562408
934,0.0109443
935,0.009702009
936,0.0032552083
937,0.0002523
938,0.00048
939,0.005057009
940,0.00051253336
941,0.0004408334
942,0.0050310753
943,0.010120033
944,0.0091875
945,1.0083334e-06
946,0.0005852083
947,0.0016725332
948,0.00010083333
949,0.00012813334
950,0.0020008332
951,0.0003300083
952,0.0031110086
953,0.00028520834
954,0.00015870002
955,9.540834e-05
956,0.00046807507
957,0.00017520833
958,0.00018500832
959,0.0023056336
960,0.00034003335
961,0.00032669998
962,0.00034680005
963,0.0031416332
964,0.00014740834
965,0.00037807503
966,6.533333e-06
967,8.8408335e-05
968,0.0016428002
969,0.0045633335
970,0.0060492004
971,4.5633336e-05
972,5.6033343e-05
973,8.333334e-09
974,1.0208334e-05
975,5.2008338e-05
976,0.00014083333
977,0.00026700835
978,0.000399675
979,0.0045510083
980,0.008602134
981,0.006810134
982,2.7074999e-05
983,0.00020020833
984,0.00028520834
985,0.0034884084
986,0.007857009
987,0.008875201
988,0.0054136333
989,1.6875001e-05
990,6.7500005e-05
991,5.8800008e-05
992,8.0033344e-05
993,0.0011470084
994,0.00021333335
995,0.0024480335
996,0.0058102086
997,0.006810134
998,0.004071675
999,3e-05
1000,0.0009408001
1001,0.00012403334
1002,0.00014300835
1003,0.0020254082
1004,0.005187676
1005,0.006765008
1006,0.0050052083
1007,6.75e-07
1008,2.43e-05
1009,2.43e-05
1010,0.00035363334
1011,8.8408335e-05
1012,0.00015870002
1013,0.0023585334
1014,0.005894009
1015,0.0002187
1016,0.00011800835
1017,0.0011102085
1018,5.2008338e-05
1019,8.8408335e-05
1020,1.6875001e-05
1021,0.0006721334
1022,0.0025576334
1023,0.0045633335
1024,0.0046875
1025,0.0025761332
1026,2.43e-05
1027,0.00068640837
1028,9.72e-05
1029,0.00012403334
1030,0.00022140834
1031,0.00035707498
1032,0.0043681334
1033,0.0090828
1034,0.008534533
1035,0.0031827001
1036,0.000195075
1037,0.0034776332
1038,0.0003924084
1039,0.00035707498
1040,0.0042483
1041,0.009205009
1042,0.00023800835
1043,9.540834e-05
1044,8.8408335e-05
1045,0.0006580083
1046,0.00058963336
1047,7.5e-06
1048,0.0010150084
1049,0.00035363334
1050,0.0038874084
1051,0.00042187504
1052,0.00029767503
1053,0.0002523
1054,0.00016333334
1055,6.3075e-05
1056,0.00015640832
1057,2.43e-05
1058,0.00013440834
1059,0.0021590083
1060,0.00031363333
1061,0.00025520835
1062,0.0023144083
1063,0.000108299995
1064,9.633333e-06
1065,5.208334e-06
1066,6.020834e-05
1067,0.00017040833
1068,0.002511675
1069,0.00034003335
1070,0.00026700835
1071,0.00023240835
1072,0.0017327999
1073,0.0018486752
1074,2.5208332e-05
1075,0.00018750002
1076,0.0027840333
1077,0.0067350087
1078,0.0077763004
1079,0.0045018755
1080,4.0833336e-05
1081,0.00014083333
1082,0.0015480085
1083,0.003402675
1084,0.00014740834
1085,0.00015187502
1086,0.00026403333
1087,0.0003605333
1088,0.0037856335
1089,0.00026700835
1090,0.0012352082
1091,1.2033334e-05
1092,1.6133334e-05
1093,8.8408335e-05
1094,0.00020803335
1095,0.0029008337
1096,0.0065712007
1097,0.00016333334
1098,4.4408334e-05
1099,0.00028213335
1100,0.00018253335
1101,2.8033332e-05
1102,0.0011594085
1103,0.000279075
1104,0.00034340835
1105,0.0039445334
1106,0.0003640084
1107,0.00019763334
1108,0.00012
1109,0.000621075
1110,0.00029140836
1111,8.8408335e-05
1112,0.0019926752
1113,0.00035363334
1114,0.0033390748
1115,0.00030083334
1116,0.00016333334
1117,9.9008335e-05
1118,3.1008334e-05
1119,8.333334e-09
1120,0.00015187502
1121,0.0011594085
1122,0.0030502086
1123,0.0042483
1124,0.0032552083
1125,0.0009690084
1126,9.9008335e-05
1127,0.00020280002
1128,0.0024480335
1129,0.005589675
1130,0.006780033
1131,0.004940833
1132,0.0018960749
1133,0.00011800835
1134,0.00033667503
1135,0.000108299995
1136,0.00011020835
1137,0.0014490751
1138,0.00024083335
1139,0.0026226752
1140,0.006091875
1141,0.0069921343
1142,0.004071675
1143,0.000594075
1144,0.00048803337
1145,0.0037185336
1146,0.00031040836
1147,0.00027603333
1148,0.00039603334
1149,0.0047502085
1150,0.0005002083
1151,0.00034003335
1152,0.0029601331
1153,0.0041772006
1154,8.333334e-09
1155,9.363332e-05
1156,0.00020803335
1157,0.0029205335
1158,0.00040700837
1159,0.0035970751
1160,0.00030720004
1161,0.0019120085
1162,6.900833e-05
1163,0.00011407501
1164,3.3333336e-06
1165,0.00068640837
1166,0.00023520003
1167,0.000316875
1168,0.00040700837
1169,0.00042940833
1170,0.0038081335
1171,0.00017763334
1172,2.1675003e-05
1173,1.0083334e-06
1174,0.00024367501
1175,0.00014300835
1176,0.0020501334
1177,0.00029453338
1178,0.00024367501
1179,0.0022188004
1180,0.00010267501
1181,0.00023800835
1182,1.0208334e-05
1183,9.363332e-05
1184,0.00021600834
1185,0.00034680005
1186,0.0004408334
1187,0.0044774082
1188,0.0003040083
1189,0.00010083333
1190,2.9008334e-05
1191,2.7074999e-05
1192,4.2008338e-05
1193,0.00015413333
1194,0.00028213335
1195,0.0034561334
1196,0.0068403
1197,8.8408335e-05
1198,1.6333332e-06
1199,4.0333334e-06
1200,3.8533333e-05
1201,0.00012200834
1202,0.0019926752
1203,0.0003300083
1204,0.00032669998
1205,0.00035020834
1206,0.0003040083
1207,0.00019763334
1208,0.0011285334
1209,0.0007450084
1210,8.1674996e-05
1211,0.00027603333
1212,0.0004181333
1213,0.00050840835
1214,0.00051253336
1215,0.00042563336
1216,0.0032033334
1217,8.500834e-05
1218,2.0833335e-07
1219,0.00022140834
1220,0.00014300835
1221,0.0020584085
1222,0.00029453338
1223,0.00024367501
1224,0.0022188004
1225,0.00010267501
1226,0.00023800835
1227,1.0208334e-05
1228,9.363332e-05
1229,0.0016950082
1230,0.00030720004
1231,0.000316875
1232,0.00034003335
1233,0.00029767503
1234,0.00019253335
1235,0.001098075
1236,0.00071540836
1237,8.1674996e-05
1238,0.0020833337
1239,0.0057131997
1240,0.00024083335
1241,0.0014560336
1242,0.0023232002
1243,6.533333e-06
1244,1.6875001e-05
1245,6.900833e-05
1246,0.00016333334
1247,0.00029140836
1248,0.0037520085
1249,0.008052409
1250,0.00017040833
1251,0.000567675
1252,1.0208334e-05
1253,2.4083333e-06
1254,3.5208333e-05
1255,0.00083740836
1256,0.0002187
1257,0.0025854083
1258,0.00032669998
1259,0.0026133335
1260,0.0001728
1261,5.4675e-05
1262,1.08e-05
1263,3.0000004e-07
1264,5.8800008e-05
1265,0.00017040833
1266,0.0025208336
1267,0.0059080343
1268,0.00015870002
1269,4.8133337e-05
1270,2.340833e-05
1271,6.7500005e-05
1272,1.4008336e-05
1273,9.187501e-05
1274,0.00021333335
1275,0.00034340835
1276,0.0004370084
1277,0.0004524084
1278,0.0040136334
1279,0.005685634
1280,0.0024390086
1281,0.0002187
1282,0.0005376334
1283,0.00068640837
1284,0.007473409
1285,0.0141701335
1286,0.00019763334
1287,2.2533332e-05
1288,0.00011407501
1289,5.333334e-07
1290,3.4133336e-05
1291,0.0008321334
1292,0.0002187
1293,0.00029453338
1294,0.00038520835
1295,0.0039675003
1296,0.00027603333
1297,9.363332e-05
1298,2.5208332e-05
1299,1.8408336e-05
1300,0.00014083333
1301,0.0013872002
1302,0.00023800835
1303,0.0024120333
1304,0.00024367501
1305,0.0016133332
1306,6.1633335e-05
1307,9.72e-05
1308,6.533333e-06
1309,0.0007056751
1310,0.0028033333
1311,0.00024083335
1312,0.0021252085
1313,0.000210675
1314,0.0014145334
1315,5.3333337e-05
1316,1.4083332e-06
1317,1.4008336e-05
1318,0.0005334083
1319,0.0021760087
1320,0.0041301334
1321,0.0045018755
1322,0.002679075
1323,0.00045630004
1324,0.00024083335
1325,0.00024083335
1326,0.00029767503
1327,0.0004033333
1328,0.0005334083
1329,0.0006533334
1330,0.0068403
1331,0.0122210095
1332,0.009065409
1333,0.001710075
1334,0.00050430006
1335,0.007254075
1336,0.014586076
1337,0.000316875
1338,0.00014963334
1339,0.00022140834
1340,0.0024843
1341,0.00019000833
1342,6.600833e-05
1343,0.00027603333
1344,5.2008338e-05
1345,0.00032669998
1346,0.00024940833
1347,0.00035707498
1348,0.004141875
1349,0.007938134
1350,9.187501e-05
1351,8.1674996e-05
1352,5.333334e-07
1353,0.00038520835
1354,0.0017941332
1355,0.0037296754
1356,0.0046500755
1357,5.6033343e-05
1358,0.00024653334
1359,0.00048
1360,0.00033667503
1361,3.6750005e-06
1362,0.0005852083
1363,0.0026696336
1364,0.0050052083
1365,0.0055216337
1366,3.7408336e-05
1367,9.075001e-06
1368,0.00013440834
1369,0.000210675
1370,3.1008334e-05
1371,0.00022963336
1372,0.000180075
1373,0.00029453338
1374,0.00042563336
1375,0.004775409
1376,0.008961409
1377,0.007038009
1378,2.9008334e-05
1379,0.000210675
1380,0.0026040082
1381,0.0059220744
1382,0.000226875
1383,0.00017763334
1384,0.0022881336
1385,0.0002523
1386,0.0017025335
1387,0.0022188004
1388,1.875e-06
1389,8.8408335e-05
1390,0.0015552
1391,0.004356075
1392,0.00023520003
1393,0.0018408335
1394,0.00018253335
1395,0.00011020835
1396,0.0007905334
1397,9.633333e-06
1398,3e-05
1399,8.670001e-05
1400,0.00020020833
1401,0.0028227004
1402,0.0064240335
1403,0.00016100833
1404,0.000621075
1405,1.3333334e-05
1406,1.4083332e-06
1407,3.2033335e-05
1408,0.000112133326
1409,0.0018802084
1410,0.00032013337
1411,0.0030704085
1412,0.00028213335
1413,0.00015870002
1414,9.540834e-05
1415,0.00046807507
1416,8.333334e-07
1417,0.00035707498
1418,0.0018486752
1419,0.0039102086
1420,0.00014520001
1421,0.0009296334
1422,6.900833e-05
1423,2.1675003e-05
1424,1.2000002e-06
1425,4.0833336e-05
1426,0.00058963336
1427,0.0021168
1428,0.000195075
1429,0.00019763334
1430,0.0022274083
1431,0.003979008
1432,1.9200002e-05
1433,2.9008334e-05
1434,6.7500005e-05
1435,0.00015870002
1436,0.00028829998
1437,0.0036963
1438,0.00042563336
1439,0.00030720004
1440,0.0027170083
1441,0.0038420085
1442,0.0015696336
1443,0.00017763334
1444,0.003619008
1445,0.000516675
1446,0.00047600834
1447,0.0051352084
1448,0.0004370084
1449,0.0026320333
1450,0.0033285336
1451,1.875e-06
1452,0.00010640834
1453,0.0002187
1454,0.0030502086
1455,0.0071610743
1456,0.008068801
1457,2.340833e-05
1458,1.0083334e-06
1459,3.6300004e-05
1460,1.9200002e-05
1461,6.020834e-05
1462,0.0011470084
1463,0.0034992
1464,0.005346675
1465,0.0047502085
1466,0.0021505335
1467,4.32e-05
1468,0.00010640834
1469,0.0001323
1470,0.0016800084
1471,0.0041772006
1472,0.00020803335
1473,0.0017710081
1474,0.0040252088
1475,0.0044286754
1476,0.0021930751
1477,8.333335e-05
1478,0.00026403333
1479,0.0035316749
1480,0.007744133
1481,0.00024940833
1482,0.0016950082
1483,0.0036963
1484,0.000108299995
1485,0.0004840083
1486,1.2033334e-05
1487,6.75e-07
1488,0.00014740834
1489,0.0010680334
1490,0.00019253335
1491,0.00025520835
1492,0.0031110086
1493,0.0062496336
1494,0.005280133
1495,0.0013200332
1496,0.00031040836
1497,0.004876875
1498,0.010472009
1499,0.00028829998
1500,0.00017040833
1501,0.00024367501
1502,0.0027075
1503,0.00020280002
1504,0.0009690084
1505,8.008334e-06
1506,1.7633334e-05
1507,0.00061653333
1508,0.0023852084
1509,0.00021600834
1510,0.000210675
1511,0.00024940833
1512,0.00022413337
1513,0.0016800084
1514,0.0017864085
1515,2.5208332e-05
1516,0.0012675
1517,0.004141875
1518,0.0062785344
1519,0.0053868005
1520,0.0022533333
1521,6.020834e-05
1522,0.0011656334
1523,0.0001323
1524,0.0012936335
1525,0.0032656335
1526,0.004637634
1527,0.0042602085
1528,0.0024030753
1529,4.8000006e-06
1530,1.9200002e-05
1531,1.9200002e-05
1532,0.00029140836
1533,0.0010092
1534,0.002091675
1535,0.0030200335
1536,0.0031212
1537,0.0022102084
1538,0.0008586751
1539,2.0833337e-05
1540,5.0700004e-05
1541,7.5208336e-05
1542,0.00013440834
1543,0.0019845334
1544,0.00032669998
1545,0.0032760752
1546,0.0003640084
1547,0.0027936753
1548,0.00017763334
1549,5.6033343e-05
1550,1.08e-05
1551,2.0833335e-07
1552,0.00030083334
1553,0.0016950082
1554,0.0037408334
1555,0.00014963334
1556,0.0009804083
1557,7.2074996e-05
1558,2.2533332e-05
1559,5.740834e-05
1560,1.0208334e-05
1561,0.00010267501
1562,0.0018018751
1563,0.004876875
1564,0.00021600834
1565,0.00012607501
1566,0.00011800835
1567,0.0008748
1568,0.0008321334
1569,3e-05
1570,0.00016803335
1571,0.0025484087
1572,0.0062930076
1573,0.00022413337
1574,0.000116033334
1575,0.001098075
1576,0.0015696336
1577,1.0083334e-06
1578,7.2074996e-05
1579,0.0013467001
1580,0.003933075
1581,0.005768533
1582,0.004876875
1583,0.0020418752
1584,8.0033344e-05
1585,0.0007905334
1586,0.00023800835
1587,0.00025813334
1588,0.0003605333
1589,0.0044286754
1590,0.009558675
1591,0.009828299
1592,0.004775409
1593,9.187501e-05
1594,0.0019521335
1595,0.00020540835
1596,0.0017786999
1597,0.00024083335
1598,0.0025484087
1599,0.00034680005
1600,0.00032340837
1601,0.00034340835
1602,0.00030083334
1603,0.0022446748
1604,5.2008338e-05
1605,2.1333335e-06
1606,0.00030720004
1607,0.0016354084
1608,0.00020803335
1609,0.00022413337
1610,0.0024843
1611,0.004380208
1612,0.0028616334
1613,0.000195075
1614,0.0003605333
1615,0.0051352084
1616,0.0006075001
1617,0.00051253336
1618,0.0054136333
1619,0.0004524084
1620,0.0027075
1621,0.0034133336
1622,0.0011781335
1623,0.00019253335
1624,0.0036630754
1625,0.008755209
1626,0.0100467
1627,4.6875004e-05
1628,2.4083333e-06
1629,6.075e-06
1630,4.32e-05
1631,4.4083336e-06
1632,4.0833336e-05
1633,0.00097470003
1634,0.00023800835
1635,0.0027170083
1636,0.0060208333
1637,0.00014963334
1638,4.2008338e-05
1639,2.0008336e-05
1640,5.0700004e-05
1641,1.5408334e-05
1642,9.363332e-05
1643,0.00021600834
1644,0.00034680005
1645,0.0004408334
1646,0.0044652
1647,0.0003040083
1648,0.0014008334
1649,1.4700002e-05
1650,1.4700002e-05
1651,8.670001e-05
1652,0.0015987
1653,0.00029767503
1654,0.0029304083
1655,0.0056718756
1656,7.2074996e-05
1657,1.4083332e-06
1658,4.4083336e-06
1659,3.9675004e-05
1660,0.0008965335
1661,0.00022413337
1662,0.0026226752
1663,0.0058660083
1664,0.00014740834
1665,4.2008338e-05
1666,2.0833337e-05
1667,5.3333337e-05
1668,1.5408334e-05
1669,0.00061653333
1670,0.00020020833
1671,0.0024661333
1672,0.00032013337
1673,0.0002523
1674,0.0022881336
1675,0.0032552083
1676,0.0013067999
1677,6.900833e-05
1678,0.0034992
1679,0.0005852083
1680,0.005280133
1681,0.00048803337
1682,0.0034347004
1683,0.00020280002
1684,0.0008748
1685,0.0006627
1686,1.875e-06
1687,0.0012416334
1688,0.00038163335
1689,0.0040600337
1690,0.008300033
1691,0.00016100833
1692,3.3075e-05
1693,0.00019763334
1694,0.0
1695,0.00013653334
1696,0.00097470003
1697,0.00018253335
1698,0.00024940833
1699,0.00034003335
1700,0.00037100833
1701,0.0033285336
1702,0.0047376333
1703,0.0020008332
1704,3.7408336e-05
1705,0.00058963336
1706,0.0071302084
1707,0.0007301334
1708,0.00052500836
1709,0.005018133
1710,0.00032669998
1711,0.00010640834
1712,0.00049613335
1713,8.333334e-07
1714,0.0003640084
1715,0.00017520833
1716,0.00027300834
1717,0.0033180085
1718,0.00032669998
1719,0.002091675
1720,0.0026980087
1721,0.000924075
1722,0.000165675
1723,0.00039603334
1724,0.000541875
1725,0.0006627
1726,0.0007203
1727,0.0068705333
1728,0.011020834
1729,0.006615675
1730,0.00015413333
1731,0.00050430006
1732,0.0058102086
1733,0.000621075
1734,0.00507
1735,0.0095052
1736,0.0082502095
1737,0.0027170083
1738,0.00022140834
1739,0.0036852083
1740,0.00768
1741,0.008003333
1742,0.0048133335
1743,1.6333332e-06
1744,3.6750005e-06
1745,5.633333e-06
1746,0.000112133326
1747,6.075e-06
1748,1.2000002e-06
1749,3e-05
1750,0.0007600333
1751,0.000210675
1752,0.0025300083
1753,0.00032340837
1754,0.0002523
1755,0.00022140834
1756,0.00014300835
1757,0.0007650751
1758,1.3333334e-07
1759,5.4675e-05
1760,0.00016803335
1761,0.0024843
1762,0.00033667503
1763,0.00026700835
1764,0.00023240835
1765,0.0017327999
1766,3.6300004e-05
1767,1.3333334e-07
1768,0.00034680005
1769,0.0019120085
1770,0.0040950086
1771,0.0048133335
1772,2.7074999e-05
1773,2.0833337e-05
1774,3.6750005e-06
1775,4.5633336e-05
1776,6.020834e-05
1777,0.0011163
1778,0.0034133336
1779,0.00022413337
1780,0.000195075
1781,0.00022963336
1782,0.0021590083
1783,0.00010267501
1784,9.075001e-06
1785,4.0333334e-06
1786,6.4533335e-05
1787,0.0013400083
1788,0.0039560087
1789,0.0055216337
1790,0.004071675
1791,6.533333e-06
1792,6.600833e-05
1793,9.540834e-05
1794,0.0013200332
1795,0.00022963336
1796,0.00028829998
1797,0.00041440837
1798,0.0046625338
1799,0.00041440837
1800,0.00021600834
1801,0.0015408334
1802,0.0015914085
1803,2.7074999e-05
1804,0.0012740084
1805,0.0041301334
1806,0.0062496336
1807,0.0053600334
1808,1.2000002e-06
1809,1.1408334e-05
1810,0.00012
1811,2.7074999e-05
1812,0.00048803337
1813,0.0017633336
1814,0.00018253335
1815,0.0019440751
1816,0.00026403333
1817,0.0022188004
1818,0.00015413333
1819,0.0007056751
1820,3.6750005e-06
1821,2.1675003e-05
1822,9.9008335e-05
1823,0.0002187
1824,0.0030200335
1825,0.0067950753
1826,0.0069160094
1827,0.0029601331
1828,0.00012813334
1829,0.0003040083
1830,0.0003745333
1831,0.00048
1832,0.0006075001
1833,0.0067050746
1834,0.012937633
1835,0.00019253335
1836,2.5208332e-05
1837,9.075001e-06
1838,8.333334e-09
1839,2.0833337e-05
1840,0.00063480006
1841,0.0024120333
1842,0.00021600834
1843,0.000210675
1844,0.00024653334
1845,0.002296875
1846,0.000108299995
1847,9.633333e-06
1848,4.8000006e-06
1849,6.020834e-05
1850,0.00017040833
1851,0.0025025331
1852,0.00034003335
1853,0.0027456335
1854,0.0044774082
1855,0.0027265332
1856,7.680001e-05
1857,0.00027603333
1858,0.0004033333
1859,0.0005376334
1860,0.0006533334
1861,0.006855408
1862,0.012261408
1863,0.00010640834
1864,4.4408334e-05
1865,2.43e-05
1866,0.00056333333
1867,0.0020008332
1868,0.00019000833
1869,0.0019845334
1870,0.00026403333
1871,0.00022140834
1872,0.0020172002
1873,9.363332e-05
1874,0.000210675
1875,1.08e-05
1876,9.540834e-05
1877,0.00021600834
1878,0.00034680005
1879,0.004071675
1880,0.007840834
1881,9.187501e-05
1882,8.333335e-05
1883,3.0000004e-07
1884,6.7500005e-05
1885,0.00016803335
1886,0.00030083334
1887,0.0038420085
1888,0.0004370084
1889,0.00031363333
1890,0.00026403333
1891,0.00017040833
1892,0.00094640837
1893,1.0083334e-06
1894,0.000226875
1895,0.0015194083
1896,0.003619008
1897,0.00015870002
1898,0.00010267501
1899,0.0010034083
1900,4.6875004e-05
1901,7.840833e-05
1902,1.7633334e-05
1903,0.0006816333
1904,0.0025761332
1905,0.00022413337
1906,0.00021333335
1907,0.0023496752
1908,0.000180075
1909,0.00086403335
1910,0.00068640837
1911,3.9675004e-05
1912,0.00018253335
1913,0.0026980087
1914,0.0065712007
1915,0.000226875
1916,0.0012740084
1917,0.0020254082
1918,5.208334e-06
1919,1.6875001e-05
1920,0.00046413334
1921,0.00014740834
1922,0.0020008332
1923,0.000316875
1924,0.0030100083
1925,0.005768533
1926,0.0047376333
1927,1.5408334e-05
1928,0.00013867502
1929,0.0002187
1930,0.00032669998
1931,0.0041067
1932,0.009013333
1933,0.009434134
1934,0.004712534
1935,0.00036750003
1936,0.001171875
1937,0.0004485333
1938,0.004212675
1939,0.00043319998
1940,0.0003924084
1941,0.0045880335
1942,0.009398701
1943,0.00017520833
1944,3.3075e-05
1945,1.4700002e-05
1946,2.7074999e-05
1947,3.5208333e-05
1948,0.0007450084
1949,0.0026040082
1950,0.00021333335
1951,0.0019120085
1952,0.0038760337
1953,6.020834e-05
1954,8.8408335e-05
1955,5.208334e-06
1956,5.0700004e-05
1957,0.00014083333
1958,0.00026700835
1959,0.000399675
1960,0.00048803337
1961,0.0048896335
1962,0.00032669998
1963,0.0014981332
1964,1.6133334e-05
1965,1.4008336e-05
1966,8.500834e-05
1967,0.0015841334
1968,0.004440834
1969,0.000210675
1970,0.0013804084
1971,0.0022707
1972,7.5e-06
1973,1.5408334e-05
1974,6.600833e-05
1975,0.00015870002
1976,0.0023941335
1977,0.0059784087
1978,0.007145634
1979,0.004356075
1980,0.00071053335
1981,0.00021600834
1982,0.0003300083
1983,0.0036410084
1984,0.007648034
1985,0.008333335
1986,4.8133337e-05
1987,1.4700002e-05
1988,0.000316875
1989,0.00081120007
1990,9.633333e-06
1991,3.6750005e-06
1992,0.0002523
1993,0.00012200834
1994,0.0018096336
1995,0.004775409
1996,0.00020803335
1997,0.00012200834
1998,0.00011407501
1999,0.0008480083
2000,0.0008060083
2001,3e-05
2002,0.0011656334
2003,0.003796875
2004,0.0058660083
2005,0.00010267501
2006,4.32e-05
2007,0.00045630004
2008,0.0006674084
2009,0.00018750002
2010,8.670001e-05
2011,0.0018018751
2012,0.0003300083
2013,0.0033708
2014,0.00037100833
2015,0.00027300834
2016,0.0024390086
2017,0.000112133326
2018,0.00026403333
2019,2.0008336e-05
2020,0.00047600834
2021,0.0027456335
2022,0.00028829998
2023,0.00026700835
2024,0.00029767503
2025,0.00026107504
2026,0.00017040833
2027,0.00094640837
2028,0.0005720334
2029,8.333335e-05
2030,0.0020584085
2031,0.0056306995
2032,0.00023800835
2033,0.0014490751
2034,9.187501e-05
2035,0.00040700837
2036,5.333334e-07
2037,0.00011800835
2038,0.00010640834
2039,0.001710075
2040,0.00030083334
2041,0.00031040836
2042,0.0032448003
2043,0.005562408
2044,2.2533332e-05
2045,1.8408336e-05
2046,0.00051253336
2047,0.00015640832
2048,0.0020667
2049,0.0052008326
2050,0.00020540835
2051,0.00011800835
2052,0.000108299995
2053,0.00081120007
2054,0.0007600333
2055,3.1008334e-05
2056,0.0011594085
2057,0.0037744083
2058,0.005838076
2059,0.0051483
2060,0.0022707
2061,0.00011800835
2062,0.00018253335
2063,0.0022881336
2064,0.004838701
2065,0.0054945336
2066,0.0039675003
2067,4.0333334e-06
2068,1.1408334e-05
2069,2.340833e-05
2070,3.4133336e-05
2071,2.0833337e-05
2072,1.4083332e-06
2073,3.6300004e-05
2074,0.0005720334
2075,0.002091675
2076,0.00019763334
2077,0.0018644085
2078,0.00019763334
2079,0.0013534083
2080,0.0017786999
2081,0.0005764084
2082,0.000165675
2083,0.00036750003
2084,0.00051253336
2085,0.00063480006
2086,0.0006960083
2087,0.0066752094
2088,0.010735209
2089,3.4133336e-05
2090,9.363332e-05
2091,0.00010267501
2092,0.00019763334
2093,0.0003300083
2094,0.0041067
2095,0.008636033
2096,0.0001728
2097,3.7408336e-05
2098,1.6875001e-05
2099,5.333334e-07
2100,5.3333337e-05
2101,0.0006440333
2102,0.00017040833
2103,0.0002523
2104,0.0031008334
2105,0.0062352084
2106,0.0052668746
2107,1.3333334e-05
2108,0.00014300835
2109,0.00022140834
2110,0.0003333334
2111,0.004141875
2112,0.0090828
2113,0.009487408
2114,0.004725075
2115,8.333335e-05
2116,0.0018174084
2117,0.0037296754
2118,0.0039445334
2119,3.5208333e-05
2120,0.00029140836
2121,0.00011407501
2122,0.0015480085
2123,0.0034992
2124,0.0033496334
2125,2.7e-06
2126,0.00049613335
2127,0.00013867502
2128,0.0017710081
2129,0.004600409
2130,0.0061633335
2131,0.004788033
2132,0.0017404085
2133,2.0008336e-05
2134,0.0010034083
2135,0.0032656335
2136,0.0044652
2137,0.0037856335
2138,0.0021675
2139,0.0008321334
2140,0.00020020833
2141,1.2000002e-06
2142,5.633333e-06
2143,7.5e-06
2144,5.4675e-05
2145,4.0833336e-05
2146,0.00083740836
2147,0.0028227004
2148,0.004700009
2149,0.004575675
2150,0.0023585334
2151,0.00026107504
2152,0.0004181333
2153,0.00023520003
2154,0.000279075
2155,0.003402675
2156,0.00768
2157,0.00025520835
2158,0.0016133332
2159,0.00015187502
2160,9.363332e-05
2161,5.6033343e-05
2162,1.2675001e-05
2163,2.0833335e-07
2164,5.4675e-05
2165,0.0012416334
2166,0.0037856335
2167,0.005400209
2168,0.0040600337
2169,5.208334e-06
2170,0.00044467498
2171,0.0012288002
2172,8.500834e-05
2173,0.0009976333
2174,0.0029601331
2175,0.004637634
2176,9.72e-05
2177,0.000516675
2178,0.0009185334
2179,0.00059853337
2180,2.6133332e-05
2181,0.00012200834
2182,0.0018881336
2183,0.004979409
2184,0.00024083335
2185,0.000180075
2186,0.0020172002
2187,0.00363
2188,0.0024030753
2189,5.6033343e-05
2190,0.0017327999
2191,0.000316875
2192,0.0032865335
2193,0.0072385343
2194,0.007857009
2195,0.004212675
2196,5.3333337e-05
2197,0.00015640832
2198,0.0016875002
2199,0.00020280002
2200,0.0020750083
2201,0.0049922997
2202,0.0063510756
2203,6.3075e-05
2204,1.8408336e-05
2205,2.43e-05
2206,0.000180075
2207,0.00010083333
2208,3.7408336e-05
2209,0.00014300835
2210,0.00027300834
2211,0.00040700837
2212,0.0046127997
2213,0.00041070004
2214,0.002511675
2215,0.0031930087
2216,1.875e-06
2217,0.000621075
2218,0.0024843
2219,0.00022963336
2220,0.00024653334
2221,0.0003333334
2222,0.0035100086
2223,0.00024940833
2224,0.001171875
2225,0.0009804083
2226,2.9008334e-05
2227,0.00024367501
2228,0.0037074084
2229,0.008534533
2230,0.00024940833
2231,0.000108299995
2232,0.0010092
2233,0.0014421332
2234,0.00049613335
2235,0.00013440834
2236,0.0026414085
2237,0.0067200335
2238,0.00027300834
2239,0.0018486752
2240,0.00017040833
2241,0.0011531999
2242,0.0015052083
2243,2.7e-06
2244,0.00048
2245,0.0020254082
2246,0.0039675003
2247,0.00015187502
2248,0.0011907001
2249,0.00013653334
2250,0.0009976333
2251,0.0013333336
2252,2.4083333e-06
2253,0.0004485333
2254,0.0019360333
2255,0.0038533336
2256,0.00015413333
2257,0.0012160332
2258,0.0025854083
2259,4.9408336e-05
2260,9.540834e-05
2261,6.533333e-06
2262,5.4675e-05
2263,0.00015640832
2264,0.0023763
2265,0.0003640084
2266,0.0033390748
2267,0.0062496336
2268,7.2074996e-05
2269,6.75e-07
2270,6.075e-06
2271,0.00026403333
2272,0.0012805335
2273,0.0029403002
2274,0.00016100833
2275,0.00014963334
2276,0.00019000833
2277,0.00017763334
2278,0.00011407501
2279,3.9675004e-05
2280,6.1633335e-05
2281,5.8800008e-05
2282,0.0011656334
2283,0.0002523
2284,0.00028213335
2285,0.0030200335
2286,0.00022140834
2287,0.0010384084
2288,0.0008533334
2289,1.6875001e-05
2290,0.0011781335
2291,0.0050052083
2292,0.008101633
2293,0.0001323
2294,0.0005292
2295,3.5208333e-05
2296,0.00014963334
2297,4.083333e-07
2298,3.4133336e-05
2299,0.0008321334
2300,0.0002187
2301,0.00029453338
2302,0.00038520835
2303,0.00040700837
2304,0.0036410084
2305,0.005161409
2306,0.0022016333
2307,0.00020803335
2308,0.00051253336
2309,0.0060492004
2310,0.00063940836
2311,0.004940833
2312,0.00036750003
2313,0.0021590083
2314,0.0026980087
2315,0.00089107506
2316,0.0001728
2317,0.0032865335
2318,0.00048
2319,0.0004524084
2320,0.0005208334
2321,0.0005208334
2322,0.0045633335
2323,0.000210675
2324,0.0005852083
2325,3.0083336e-06
2326,0.00048
2327,0.0021845335
2328,0.000226875
2329,0.000226875
2330,0.0024752086
2331,0.0043681334
2332,0.0028421334
2333,6.4533335e-05
2334,0.0019764085
2335,0.005320009
2336,0.007068676
2337,9.187501e-05
2338,4.8133337e-05
2339,8.333335e-05
2340,9.0133326e-05
2341,0.000676875
2342,7.5e-06
2343,3.6300004e-05
2344,0.00063940836
2345,0.00018253335
2346,0.0022794085
2347,0.0003040083
2348,0.00024653334
2349,0.00021600834
2350,0.0016060084
2351,3.3075e-05
2352,3.3333336e-08
2353,0.00037100833
2354,0.0019521335
2355,0.00022963336
2356,0.0021930751
2357,0.0044044084
2358,0.0038194088
2359,8.008334e-06
2360,0.0007203
2361,0.000165675
2362,0.0019764085
2363,0.004940833
2364,0.000226875
2365,0.0016800084
2366,0.00016803335
2367,0.00010453333
2368,0.0007450084
2369,0.000676875
2370,3.2033335e-05
2371,0.0011594085
2372,0.0037632005
2373,0.0058102086
2374,0.0051352084
2375,0.0022620086
2376,5.0700004e-05
2377,0.00012
2378,0.00014300835
2379,0.0018018751
2380,0.00027000002
2381,0.00031363333
2382,0.0038646753
2383,0.008200534
2384,0.00788941
2385,3.3333336e-08
2386,0.00036750003
2387,8.500834e-05
2388,0.00012403334
2389,0.0018565333
2390,0.004876875
2391,0.00023520003
2392,0.0017710081
2393,0.0034776332
2394,0.0030401333
2395,0.00081120007
2396,0.00017763334
2397,0.00037807503
2398,0.0044896337
2399,0.009630208
2400,0.00027000002
2401,0.00014520001
2402,0.00017763334
2403,0.00016803335
2404,0.0012545333
2405,2.2533332e-05
2406,8.008334e-06
2407,7.2074996e-05
2408,0.0014145334
2409,0.000279075
2410,0.0028227004
2411,0.00027000002
2412,0.00015413333
2413,0.001098075
2414,1.7633334e-05
2415,1.0208334e-05
2416,0.00048
2417,0.00017763334
2418,0.0023144083
2419,0.0053868005
2420,0.00014963334
2421,0.0006120084
2422,0.0006627
2423,0.00011020835
2424,0.0003300083
2425,0.0025484087
2426,0.005548801
2427,0.00020540835
2428,0.0014421332
2429,0.0028910085
2430,4.8133337e-05
2431,2.1333335e-06
2432,4.0333334e-06
2433,0.000210675
2434,0.0011346751
2435,0.00017763334
2436,0.0020667
2437,0.000279075
2438,0.00023240835
2439,0.0021084086
2440,9.9008335e-05
2441,0.00022413337
2442,9.633333e-06
2443,0.000516675
2444,0.0002523
2445,0.0030805336
2446,0.00037100833
2447,0.0028812
2448,0.004637634
2449,0.0027840333
2450,8.0033344e-05
2451,0.0022102084
2452,0.0003640084
2453,0.0036080335
2454,0.007744133
2455,0.00021333335
2456,0.0010680334
2457,6.600833e-05
2458,1.8408336e-05
2459,3.9675004e-05
2460,2.2533332e-05
2461,0.0007056751
2462,0.00020803335
2463,0.0025208336
2464,0.0057131997
2465,0.00014963334
2466,4.4408334e-05
2467,2.1675003e-05
2468,5.740834e-05
2469,1.4700002e-05
2470,9.363332e-05
2471,0.00021333335
2472,0.002970075
2473,0.0003745333
2474,0.0029403002
2475,0.0047376333
2476,0.0028518748
2477,8.1674996e-05
2478,0.0022446748
2479,0.005838076
2480,0.0075050085
2481,8.500834e-05
2482,0.0004033333
2483,0.0009976333
2484,0.001171875
2485,8.333334e-09
2486,0.00014300835
2487,7.840833e-05
2488,0.0012675
2489,0.00025520835
2490,0.0028130086
2491,0.0061490084
2492,0.0062352084
2493,1.2000002e-06
2494,0.00020020833
2495,6.1633335e-05
2496,0.00010640834
2497,0.0016650752
2498,0.00029767503
2499,0.0031008334
2500,0.006600833
2501,0.00014740834
2502,0.00052500836
2503,1.0208334e-05
2504,7.500001e-08
2505,3.6300004e-05
2506,0.0008694083
2507,0.00022413337
2508,0.00029767503
2509,0.0035316749
2510,0.0069311997
2511,0.0057270085
2512,1.7633334e-05
2513,0.0011408334
2514,0.0002187
2515,0.00026403333
2516,0.0003924084
2517,0.004712534
2518,0.009666075
2519,0.008926875
2520,0.0032344083
2521,0.000210675
2522,0.0037074084
2523,0.00041070004
2524,0.0003640084
2525,0.004332009
2526,0.009345674
2527,0.009630208
2528,1.1408334e-05
2529,1.1408334e-05
2530,1.4700002e-05
2531,3.3075e-05
2532,0.00063480006
2533,0.0021336332
2534,0.00019000833
2535,0.0019440751
2536,0.0045018755
2537,0.0049152006
2538,0.0023941335
2539,8.0033344e-05
2540,0.0013601334
2541,0.0004181333
2542,0.0042364085
2543,0.008892408
2544,0.0094518745
2545,0.005320009
2546,2.9008334e-05
2547,0.0007854083
2548,6.1633335e-05
2549,0.00050840835
2550,0.0013534083
2551,0.000116033334
2552,0.0013940083
2553,0.0037856335
2554,0.005122134
2555,4.6875004e-05
2556,8.0033344e-05
2557,1.3333334e-07
2558,3.4133336e-05
2559,0.00037100833
2560,0.000116033334
2561,0.0016875002
2562,0.0045141336
2563,0.00020280002
2564,0.0013134085
2565,0.0021590083
2566,0.0013200332
2567,4.2008338e-05
2568,0.00024083335
2569,0.0035425334
2570,0.0004720334
2571,0.0042483
2572,0.008333335
2573,0.0076002083
2574,4.083333e-07
2575,0.0004524084
2576,9.363332e-05
2577,0.0011041333
2578,0.0029900083
2579,0.0044896337
2580,0.00010640834
2581,8.0033344e-05
2582,0.0010561333
2583,0.0021000335
2584,1.4008336e-05
2585,8.008334e-06
2586,5.2008338e-05
2587,0.00014083333
2588,0.00026700835
2589,0.000399675
2590,0.0045510083
2591,0.008619075
2592,0.006825209
2593,2.7074999e-05
2594,0.0014700001
2595,0.00025520835
2596,0.00028829998
2597,0.0036520334
2598,0.008184008
2599,0.008806533
2600,0.0045880335
2601,0.0004370084
2602,0.000957675
2603,0.0050440338
2604,0.007808534
2605,0.00012200834
2606,7.840833e-05
2607,0.0013668751
2608,0.0036963
2609,0.00014083333
2610,0.00070083333
2611,0.0008216334
2612,5.633333e-06
2613,7.680001e-05
2614,0.000180075
2615,0.0026133335
2616,0.00038163335
2617,0.00035363334
2618,0.00363
2619,0.0002523
2620,0.0011781335
2621,1.08e-05
2622,3.8533333e-05
2623,9.187501e-05
2624,0.0016280335
2625,0.0045018755
2626,0.0059643
2627,0.0041301334
2628,0.0009520334
2629,0.00015870002
2630,0.0024480335
2631,0.0053067002
2632,0.0060208333
2633,0.0042364085
2634,0.0017556751
2635,0.00028213335
2636,1.08e-05
2637,0.000226875
2638,1.7633334e-05
2639,2.6133332e-05
2640,0.0005376334
2641,0.00192
2642,0.003586134
2643,0.0042364085
2644,4.6875004e-05
2645,0.000210675
2646,0.00042940833
2647,0.00031040836
2648,3.6750005e-06
2649,0.000108299995
2650,0.00023240835
2651,0.0031724083
2652,0.00042563336
2653,0.0037074084
2654,0.00031363333
2655,0.00016803335
2656,0.0011844083
2657,0.001171875
2658,9.187501e-05
2659,0.00023240835
2660,0.0004370084
2661,0.000567675
2662,0.00063940836
2663,0.006206409
2664,0.010028408
2665,3.3075e-05
2666,8.500834e-05
2667,9.9008335e-05
2668,0.0015552
2669,0.004284075
2670,0.006006675
2671,0.004864133
2672,0.0018960749
2673,4.4408334e-05
2674,0.0009075
2675,0.0032136752
2676,0.004575675
2677,0.0039905333
2678,0.0023232002
2679,0.00089107506
2680,0.00020020833
2681,1.4700002e-05
2682,2.4083333e-06
2683,3.6300004e-05
2684,1.7633334e-05
2685,5.740834e-05
2686,0.00014740834
2687,0.0022620086
2688,0.0057270085
2689,0.0002187
2690,0.0013067999
2691,8.500834e-05
2692,0.00037100833
2693,3.0000004e-07
2694,0.00012403334
2695,0.000957675
2696,0.00018500832
2697,0.0021930751
2698,0.0050830087
2699,0.00014300835
2700,0.000594075
2701,0.000648675
2702,7.5e-06
2703,7.840833e-05
2704,0.0014076749
2705,0.00027603333
2706,0.0029800336
2707,0.0064240335
2708,0.00014740834
2709,0.000541875
2710,1.08e-05
2711,8.333334e-09
2712,0.00017763334
2713,0.000116033334
2714,0.0018018751
2715,0.00030720004
2716,0.00031363333
2717,0.0032656335
2718,0.005589675
2719,0.0035534084
2720,8.1674996e-05
2721,0.0023674082
2722,0.00038520835
2723,0.0037632005
2724,0.00043319998
2725,0.00363
2726,0.006600833
2727,7.053334e-05
2728,4.9408336e-05
2729,1.08e-05
2730,0.0004033333
2731,0.00014300835
2732,0.0019764085
2733,0.005057009
2734,0.00020803335
2735,0.0012805335
2736,8.500834e-05
2737,2.6133332e-05
2738,6.900833e-05
2739,5.633333e-06
2740,0.00061653333
2741,0.0025576334
2742,0.004700009
2743,0.0048896335
2744,1.4008336e-05
2745,3.3333336e-08
2746,2.4083333e-06
2747,1.5408334e-05
2748,6.020834e-05
2749,0.00014963334
2750,0.0023056336
2751,0.0057963002
2752,0.0070227003
2753,0.004332009
2754,0.00073507504
2755,0.0003888
2756,0.0035970751
2757,0.0067350087
2758,0.006690133
2759,3.2033335e-05
2760,1.8408336e-05
2761,7.3633346e-05
2762,0.00012200834
2763,0.0012480749
2764,6.020834e-05
2765,3.0083336e-06
2766,1.08e-05
2767,7.3633346e-05
2768,0.0014421332
2769,0.00028213335
2770,0.00030083334
2771,0.0003300083
2772,0.0030000003
2773,0.0042602085
2774,0.0
2775,9.363332e-05
2776,0.0016354084
2777,0.00030083334
2778,0.003151875
2779,0.00035707498
2780,0.0027648
2781,0.0044652
2782,0.002679075
2783,7.840833e-05
2784,0.0021590083
2785,0.0056581334
2786,0.007347675
2787,0.0056306995
2788,1.2000002e-06
2789,3.0083336e-06
2790,2.1333335e-06
2791,3.3333336e-08
2792,2.6133332e-05
2793,4.2008338e-05
2794,0.00012200834
2795,0.00024653334
2796,0.0032865335
2797,0.0072385343
2798,0.000165675
2799,0.000594075
2800,1.1408334e-05
2801,8.333334e-09
2802,3.6300004e-05
2803,0.00012
2804,0.0019845334
2805,0.005214008
2806,0.00021600834
2807,0.00012403334
2808,0.0011656334
2809,5.4675e-05
2810,2.1333335e-06
2811,3.5208333e-05
2812,7.840833e-05
2813,0.0014560336
2814,0.0041654087
2815,0.00020803335
2816,0.0013872002
2817,9.363332e-05
2818,0.00042187504
2819,0.00027000002
2820,1.9200002e-05
2821,0.0012480749
2822,0.00030720004
2823,0.0003640084
2824,0.0041536335
2825,0.007954409
2826,0.006380208
2827,0.0014352085
2828,0.0003300083
2829,0.0005852083
2830,0.00068640837
2831,0.00079567503
2832,0.008416876
2833,0.015686532
2834,0.012937633
2835,1.4008336e-05
2836,0.00017763334
2837,0.0019521335
2838,0.0041301334
2839,0.004838701
2840,6.1633335e-05
2841,5.3333337e-05
2842,0.00097470003
2843,0.002511675
2844,6.600833e-05
2845,0.00016803335
2846,4.2008338e-05
2847,0.00015187502
2848,0.00016333334
2849,0.0023674082
2850,0.0058800005
2851,0.0002187
2852,0.000116033334
2853,0.001098075
2854,0.0015696336
2855,1.0083334e-06
2856,7.2074996e-05
2857,0.0013467001
2858,0.00027300834
2859,0.00032669998
2860,0.003796875
2861,0.007363334
2862,0.006006675
2863,0.0013940083
2864,0.0004181333
2865,0.005644408
2866,0.011564034
2867,0.0116427
2868,2.9008334e-05
2869,1.5408334e-05
2870,1.4700002e-05
2871,0.00020803335
2872,0.00032669998
2873,6.900833e-05
2874,0.00020540835
2875,0.00020020833
2876,0.00032013337
2877,0.0004485333
2878,0.0050052083
2879,0.009328035
2880,9.72e-05
2881,4.083333e-07
2882,2.8033332e-05
2883,4.5633336e-05
2884,0.00094640837
2885,0.0030704085
2886,0.004940833
2887,0.0046500755
2888,0.0022881336
2889,3.4133336e-05
2890,9.540834e-05
2891,0.00012200834
2892,0.0015768749
2893,0.0039905333
2894,0.0054405336
2895,9.187501e-05
2896,0.000567675
2897,0.0013668751
2898,0.0015052083
2899,0.0005852083
2900,2.340833e-05
2901,0.0015624084
2902,0.00032340837
2903,0.0034240086
2904,0.0075050085
2905,0.008068801
2906,0.0042602085
2907,0.00043319998
2908,0.0008216334
2909,0.004575675
2910,0.0072852084
2911,0.0063510756
2912,0.0032240332
2913,4.4083336e-06
2914,2.4083333e-06
2915,1.2675001e-05
2916,1.5408334e-05
2917,0.00011020835
2918,4.4408334e-05
2919,9.72e-05
2920,0.00014520001
2921,0.0021930751
2922,0.00034680005
2923,0.0032136752
2924,0.0060776332
2925,7.2074996e-05
2926,6.7500005e-05
2927,1.0083334e-06
2928,0.00037100833
2929,0.00015640832
2930,0.00025520835
2931,0.00038163335
2932,0.0043923
2933,0.00039603334
2934,0.000210675
2935,0.0014981332
2936,2.8033332e-05
2937,1.4083332e-06
2938,0.00041070004
2939,0.00018253335
2940,0.0023941335
2941,0.000316875
2942,0.0025947
2943,0.0001728
2944,0.0007803
2945,0.00058963336
2946,4.2008338e-05
2947,0.0013067999
2948,0.00029140836
2949,0.0031416332
2950,0.0067050746
2951,0.00014963334
2952,0.0005376334
2953,1.0208334e-05
2954,7.500001e-08
2955,3.6300004e-05
2956,0.00012
2957,0.0019845334
2958,0.0003300083
2959,0.00032669998
2960,0.00035020834
2961,0.0031621335
2962,0.0045018755
2963,8.333334e-09
2964,0.00052500836
2965,0.00020020833
2966,0.0025300083
2967,0.0060776332
2968,0.0071147997
2969,0.004224533
2970,0.0006440333
2971,0.00046413334
2972,0.0037408334
2973,0.00032013337
2974,0.0027075
2975,0.0059502083
2976,0.006961634
2977,0.0046127997
2978,4.8000006e-06
2979,0.00030083334
2980,2.9008334e-05
2981,0.00030083334
2982,7.680001e-05
2983,0.00014740834
2984,0.0022360333
2985,0.0056718756
2986,0.006900834
2987,3.4133336e-05
2988,1.2675001e-05
2989,1.4083332e-06
2990,8.333335e-05
2991,5.6033343e-05
2992,0.00013440834
2993,0.00026107504
2994,0.0003924084
2995,0.0044774082
2996,0.008500834
2997,0.0067500006
2998,2.6133332e-05
2999,0.0014490751
3000,0.0002523
3001,0.0026040082
3002,0.0059925327
3003,0.007192008
3004,5.3333337e-05
3005,0.00013440834
3006,1.2675001e-05
3007,5.740834e-05
3008,6.533333e-06
3009,0.00017520833
3010,0.0012936335
3011,0.0032760752
3012,0.0046625338
3013,7.840833e-05
3014,0.00039603334
3015,0.00072520843
3016,0.0004840083
3017,2.340833e-05
3018,0.00011020835
3019,0.00021600834
3020,0.00035020834
3021,0.004332009
3022,0.0004720334
3023,0.0034776332
3024,0.005427075
3025,0.0031827001
3026,0.0001323
3027,0.0004370084
3028,0.0006627
3029,0.007316409
3030,0.014432134
3031,0.013293076
3032,6.75e-07
3033,5.2008338e-05
3034,0.00049613335
3035,5.8800008e-05
3036,9.0133326e-05
3037,0.0014700001
3038,0.000279075
3039,0.0029800336
3040,0.0064094085
3041,0.00014740834
3042,3.8533333e-05
3043,0.00023800835
3044,0.00014300835
3045,3.8533333e-05
3046,0.0010740083
3047,0.00025520835
3048,0.0028714086
3049,0.0062785344
3050,0.00014963334
3051,4.0833336e-05
3052,1.9200002e-05
3053,4.6875004e-05
3054,1.6133334e-05
3055,9.540834e-05
3056,0.00021600834
3057,0.00034680005
3058,0.0040600337
3059,0.007824676
3060,0.006322008
3061,2.2533332e-05
3062,0.0013134085
3063,0.003619008
3064,0.00019253335
3065,0.0017252085
3066,0.00026107504
3067,0.00027000002
3068,0.0029008337
3069,0.0050310753
3070,2.1675003e-05
3071,1.6875001e-05
3072,7.053334e-05
3073,0.000165675
3074,0.00029453338
3075,0.0037856335
3076,0.008101633
3077,0.00017040833
3078,3.8533333e-05
3079,0.00023520003
3080,0.00013653334
3081,3.8533333e-05
3082,0.0010740083
3083,0.00025520835
3084,0.00032013337
3085,0.0037520085
3086,0.0072852084
3087,0.0059502083
3088,0.0013940083
3089,0.0003040083
3090,0.004775409
3091,0.010267501
3092,0.00028520834
3093,0.0017327999
3094,0.0036520334
3095,0.0039102086
3096,3.6750005e-06
3097,1.4700002e-05
3098,3.8533333e-05
3099,0.0007056751
3100,0.0022881336
3101,0.0039560087
3102,0.004344034
3103,3.6300004e-05
3104,0.00014300835
3105,1.6875001e-05
3106,8.333335e-05
3107,1.9200002e-05
3108,0.00014300835
3109,0.0012675
3110,0.00022140834
3111,0.000279075
3112,0.00036750003
3113,0.0003924084
3114,0.0035316749
3115,0.000165675
3116,0.00043319998
3117,5.208334e-06
3118,0.0005208334
3119,0.0022707
3120,0.000226875
3121,0.0021000335
3122,0.00021333335
3123,0.0014352085
3124,5.4675e-05
3125,8.333335e-05
3126,1.08e-05
3127,0.0007301334
3128,0.000226875
3129,0.00030720004
3130,0.0036410084
3131,0.0071147997
3132,8.8408335e-05
3133,1.4083332e-06
3134,1.1408334e-05
3135,0.00026700835
3136,0.0012352082
3137,0.0001728
3138,0.0019926752
3139,0.00027300834
3140,0.0022881336
3141,0.0038307
3142,0.0023763
3143,0.00012
3144,0.0014840333
3145,0.000541875
3146,0.005535209
3147,0.011174701
3148,0.010792035
3149,0.0047376333
3150,0.00017763334
3151,0.0018723003
3152,0.00048803337
3153,0.004332009
3154,0.008484009
3155,0.00022413337
3156,0.00014520001
3157,0.0019120085
3158,0.0041772006
3159,0.0038420085
3160,4.8000006e-06
3161,0.00061653333
3162,0.0020667
3163,0.0034884084
3164,0.0038988001
3165,0.0030200335
3166,0.0014981332
3167,0.00031363333
3168,3.1008334e-05
3169,4.9408336e-05
3170,0.000621075
3171,0.000116033334
3172,0.0014770086
3173,0.00026403333
3174,0.00031363333
3175,0.0036741337
3176,0.0071610743
3177,0.0058660083
3178,1.9200002e-05
3179,0.000165675
3180,0.0021590083
3181,0.00030720004
3182,0.0030704085
3183,0.00038163335
3184,0.0033390748
3185,0.00029140836
3186,0.0018174084
3187,0.0023144083
3188,2.1333335e-06
3189,0.0005547001
3190,0.00019000833
3191,0.0024210084
3192,0.0058520334
3193,0.000210675
3194,0.0012352082
3195,0.0019845334
3196,0.0011907001
3197,2.9008334e-05
3198,0.0011408334
3199,0.00038520835
3200,0.0041772006
3201,0.00048
3202,0.00039603334
3203,0.0004033333
3204,0.003586134
3205,0.00016803335
3206,2.0008336e-05
3207,3.3333336e-06
3208,0.00022413337
3209,0.00016333334
3210,0.00027000002
3211,0.0033180085
3212,0.006600833
3213,0.0055216337
3214,1.5408334e-05
3215,0.0010680334
3216,0.0031008334
3217,0.00018500832
3218,0.0017327999
3219,0.00026403333
3220,0.00027603333
3221,0.00030720004
3222,0.00027000002
3223,0.00017520833
3224,0.0009804083
3225,1.2000002e-06
3226,4.9408336e-05
3227,0.00015870002
3228,0.0024030753
3229,0.0056994082
3230,0.006120409
3231,3.6750005e-06
3232,2.7074999e-05
3233,0.0004370084
3234,0.0013601334
3235,0.00013020835
3236,0.00018253335
3237,0.00030083334
3238,0.00039603334
3239,0.0040950086
3240,0.00028213335
3241,0.0013067999
3242,1.3333334e-05
3243,3.2033335e-05
3244,0.000648675
3245,0.00018750002
3246,0.00027000002
3247,0.0032760752
3248,0.006526875
3249,0.0054675005
3250,0.0013467001
3251,0.0003333334
3252,0.00507
3253,0.0005764084
3254,0.004838701
3255,0.009558675
3256,0.009292801
3257,0.004212675
3258,0.00010083333
3259,0.0019926752
3260,0.00020280002
3261,0.00018750002
3262,0.00028520834
3263,0.0036741337
3264,0.00046413334
3265,0.00039603334
3266,0.0039560087
3267,0.00027000002
3268,0.0012480749
3269,1.2033334e-05
3270,1.6133334e-05
3271,8.8408335e-05
3272,0.00020803335
3273,0.0029008337
3274,0.0065712007
3275,0.006765008
3276,1.6333332e-06
3277,0.00020803335
3278,0.00080083334
3279,0.0015552
3280,0.0021930751
3281,0.0024661333
3282,0.0022102084
3283,0.0014770086
3284,5.333334e-07
3285,4.4083336e-06
3286,1.6133334e-05
3287,9.187501e-05
3288,4.32e-05
3289,0.0008586751
3290,0.0028518748
3291,0.00021600834
3292,0.0018960749
3293,0.0038194088
3294,0.0033708
3295,6.533333e-06
3296,9.363332e-05
3297,0.000165675
3298,0.00027603333
3299,0.00041070004
3300,0.0005376334
3301,0.0058102086
3302,0.0106032
3303,0.00010083333
3304,5.740834e-05
3305,1.2033334e-05
3306,0.00049613335
3307,0.00016100833
3308,0.0021168
3309,0.00032669998
3310,0.0030704085
3311,0.0058520334
3312,7.2074996e-05
3313,1.0083334e-06
3314,5.208334e-06
3315,4.0833336e-05
3316,0.00091300835
3317,0.0030200335
3318,0.00022140834
3319,0.00020020833
3320,0.00023800835
3321,0.0022188004
3322,0.0031724083
3323,7.500001e-08
3324,0.0004720334
3325,0.0021168
3326,0.00022413337
3327,0.0002523
3328,0.0030603004
3329,0.0061490084
3330,8.333335e-05
3331,2.1333335e-06
3332,6.533333e-06
3333,0.00023520003
3334,0.0011781335
3335,0.00017763334
3336,0.0020418752
3337,0.0047628004
3338,0.0052008326
3339,0.002511675
3340,7.840833e-05
3341,0.0018018751
3342,0.0043080086
3343,0.00018253335
3344,0.00017040833
3345,0.0023941335
3346,0.00032340837
3347,0.0026508
3348,0.004344034
3349,0.0026508
3350,0.00012813334
3351,0.0016280335
3352,0.0071610743
3353,0.00046020836
3354,0.00034680005
3355,0.0038760337
3356,0.0074261334
3357,0.006006675
3358,2.0833337e-05
3359,0.0001728
3360,0.0022360333
3361,0.0052668746
3362,0.0065564085
3363,0.004940833
3364,0.0020090083
3365,0.00016333334
3366,0.000279075
3367,0.0013601334
3368,0.0020667
3369,5.0700004e-05
3370,0.0005334083
3371,0.00015413333
3372,0.0020172002
3373,0.004826009
3374,0.005333334
3375,5.208334e-06
3376,8.8408335e-05
3377,4.4408334e-05
3378,9.187501e-05
3379,0.0015123001
3380,0.0042364085
3381,0.0059784087
3382,0.004876875
3383,0.0019280084
3384,6.020834e-05
3385,0.00012607501
3386,0.0013668751
3387,0.0030704085
3388,0.00014300835
3389,0.0013601334
3390,0.0035752086
3391,0.00017520833
3392,0.000116033334
3393,0.00011020835
3394,0.0008216334
3395,1.08e-05
3396,2.5208332e-05
3397,0.0005852083
3398,0.0022274083
3399,0.00020803335
3400,0.0019360333
3401,0.0039445334
3402,0.0034884084
3403,6.533333e-06
3404,0.00063940836
3405,0.002091675
3406,0.0034992
3407,0.0038760337
3408,0.0029800336
3409,6.075e-06
3410,1.2675001e-05
3411,6.533333e-06
3412,2.4083333e-06
3413,1.4083332e-06
3414,0.00016333334
3415,0.0010034083
3416,0.0026320333
3417,0.0040136334
3418,8.670001e-05
3419,4.6875004e-05
3420,0.00050840835
3421,2.43e-05
3422,2.5208332e-05
3423,5.2008338e-05
3424,0.00011020835
3425,0.0018408335
3426,0.004928008
3427,0.0063074995
3428,0.004189009
3429,1.6133334e-05
3430,0.00071053335
3431,0.0017404085
3432,9.0133326e-05
3433,0.000116033334
3434,0.00022963336
3435,0.0003605333
3436,0.0041772006
3437,0.008019675
3438,0.006438676
3439,0.0014560336
3440,0.0003333334
3441,0.0005852083
3442,0.0006912
3443,0.00080083334
3444,0.008450408
3445,0.0157323
3446,0.012958408
3447,0.0037185336
3448,0.00016803335
3449,0.0065416335
3450,0.014300834
3451,0.014126699
3452,0.0070840325
3453,0.0010740083
3454,0.00016333334
3455,0.00011800835
3456,5.3333337e-05
3457,0.00041070004
3458,0.0008533334
3459,5.6033343e-05
3460,0.0007701334
3461,0.0025208336
3462,0.0042602085
3463,0.000108299995
3464,0.0006256333
3465,0.0011041333
3466,0.00071540836
3467,1.7633334e-05
3468,0.000165675
3469,0.0026040082
3470,0.0003924084
3471,0.0037408334
3472,0.0075842994
3473,0.007145634
3474,8.333334e-09
3475,5.740834e-05
3476,0.0007600333
3477,0.0019926752
3478,0.0030704085
3479,9.9008335e-05
3480,0.00094640837
3481,0.0025484087
3482,0.000112133326
3483,0.00061653333
3484,0.00075000006
3485,0.00016333334
3486,0.00025813334
3487,0.0024570748
3488,0.0003300083
3489,0.0031930087
3490,0.00035363334
3491,0.00026107504
3492,0.0023408332
3493,0.000108299995
3494,0.0002523
3495,1.6875001e-05
3496,0.000112133326
3497,0.0020667
3498,0.0054675005
3499,0.00022413337
3500,0.0013668751
3501,0.0022016333
3502,0.0013200332
3503,3.6300004e-05
3504,0.00024653334
3505,0.0004181333
3506,0.0050052083
3507,0.010584409
3508,0.010584409
3509,7.5e-06
3510,9.9008335e-05
3511,0.00030720004
3512,0.000516675
3513,3.9675004e-05
3514,0.000648675
3515,0.002296875
3516,0.0040833335
3517,0.004296033
3518,1.5408334e-05
3519,3.3333336e-08
3520,4.0333334e-06
3521,1.08e-05
3522,0.0003333334
3523,0.0014421332
3524,0.00018253335
3525,0.00022963336
3526,0.00032013337
3527,0.003402675
3528,0.00024367501
3529,8.333335e-05
3530,0.0003640084
3531,2.4083333e-06
3532,7.2074996e-05
3533,0.0014421332
3534,0.00028520834
3535,0.0028518748
3536,0.005562408
3537,0.004637634
3538,1.3333334e-05
3539,0.0001323
3540,0.000210675
3541,0.00032013337
3542,0.00045630004
3543,0.00058080006
3544,0.006192034
3545,0.00050840835
3546,0.0029800336
3547,0.0037296754
3548,0.0013002082
3549,0.00014740834
3550,0.004212675
3551,0.0006120084
3552,0.0005461334
3553,0.0057270085
3554,0.010434675
3555,9.9008335e-05
3556,5.3333337e-05
3557,1.3333334e-05
3558,7.3633346e-05
3559,0.0013400083
3560,0.0039102086
3561,0.00022963336
3562,0.00019000833
3563,0.000226875
3564,0.0021252085
3565,0.00010083333
3566,0.00023240835
3567,1.2033334e-05
3568,0.000112133326
3569,0.0020501334
3570,0.005427075
3571,0.006810134
3572,3.8533333e-05
3573,2.340833e-05
3574,1.875e-06
3575,6.1633335e-05
3576,6.3075e-05
3577,0.0011346751
3578,0.0034454088
3579,0.0052668746
3580,0.004712534
3581,3.6750005e-06
3582,2.7074999e-05
3583,7.5e-06
3584,0.00014300835
3585,0.0006580083
3586,0.0016950082
3587,0.0028910085
3588,0.003402675
3589,0.0026696336
3590,0.0011594085
3591,8.0033344e-05
3592,0.00032013337
3593,0.00014300835
3594,0.0016650752
3595,0.0040833335
3596,0.0054675005
3597,8.8408335e-05
3598,0.0005376334
3599,0.0013067999
3600,0.0014560336
3601,0.0005764084
3602,2.0008336e-05
3603,0.0015194083
3604,0.0046127997
3605,0.00026403333
3606,0.00023240835
3607,0.0028324083
3608,0.0057546757
3609,8.1674996e-05
3610,0.00010267501
3611,2.1333335e-06
3612,6.3075e-05
3613,0.0012610084
3614,0.00026700835
3615,0.00032340837
3616,0.00041070004
3617,0.0042008334
3618,0.00028829998
3619,0.0013333336
3620,1.3333334e-05
3621,3.1008334e-05
3622,9.0133326e-05
3623,0.00020540835
3624,0.0028812
3625,0.00036750003
3626,0.00028213335
3627,0.002511675
3628,0.000116033334
3629,0.00027603333
3630,2.340833e-05
3631,0.00046807507
3632,0.0027456335
3633,0.0054945336
3634,0.00015870002
3635,8.1674996e-05
3636,0.00079567503
3637,0.0011531999
3638,1.4083332e-06
3639,0.0003888
3640,0.00015870002
3641,0.002142075
3642,0.0053868005
3643,0.006586009
3644,3.4133336e-05
3645,7.500001e-08
3646,8.333334e-07
3647,9.633333e-06
3648,4.9408336e-05
3649,0.0010208334
3650,0.00023800835
3651,0.0027075
3652,0.0059925327
3653,0.00014740834
3654,4.2008338e-05
3655,0.00026107504
3656,2.0833335e-07
3657,0.00011407501
3658,0.00010267501
3659,0.0016800084
3660,0.0045633335
3661,0.00020803335
3662,0.0013467001
3663,9.0133326e-05
3664,2.8033332e-05
3665,2.4083333e-06
3666,2.6133332e-05
3667,0.000516675
3668,0.00016803335
3669,0.0021845335
3670,0.0051483
3671,0.005576033
3672,0.0026508
3673,8.670001e-05
3674,0.00023520003
3675,0.0028033333
3676,0.0062352084
3677,0.0072852084
3678,0.005057009
3679,0.0017633336
3680,6.020834e-05
3681,0.00046807507
3682,0.0015696336
3683,7.2074996e-05
3684,0.0006580083
3685,0.0019764085
3686,0.0034347004
3687,0.00012200834
3688,0.0009976333
3689,0.0022274083
3690,0.0022188004
3691,1.2000002e-06
3692,0.0003333334
3693,0.000112133326
3694,0.0015552
3695,0.004212675
3696,0.00022413337
3697,0.0017633336
3698,0.0035100086
3699,0.0030805336
3700,6.075e-06
3701,8.8408335e-05
3702,0.0013200332
3703,0.0035534084
3704,0.00020803335
3705,0.00020280002
3706,0.0025484087
3707,0.005280133
3708,8.0033344e-05
3709,3.0083336e-06
3710,2.7e-06
3711,0.000195075
3712,0.00011020835
3713,0.000210675
3714,0.0029205335
3715,0.00037100833
3716,0.00028213335
3717,0.0025208336
3718,0.000116033334
3719,0.000279075
3720,9.075001e-06
3721,9.187501e-05
3722,0.0016800084
3723,0.00030720004
3724,0.00031363333
3725,0.0032970088
3726,0.0056306995
3727,0.0035752086
3728,0.00023520003
3729,0.0017556751
3730,0.000676875
3731,0.0067050746
3732,0.013104301
3733,0.00024940833
3734,0.0009408001
3735,0.0013534083
3736,0.00072520843
3737,1.2000002e-06
3738,0.001098075
3739,0.00032340837
3740,0.0035643002
3741,0.007824676
3742,0.0083667
3743,0.0043681334
3744,6.1633335e-05
3745,0.00017520833
3746,0.000195075
3747,0.002296875
3748,0.0052934084
3749,0.00021600834
3750,0.0017025335
3751,0.0002187
3752,0.00019000833
3753,0.0017710081
3754,8.333335e-05
3755,6.075e-06
3756,1.2033334e-05
3757,6.900833e-05
3758,0.000180075
3759,0.0026226752
3760,0.00034680005
3761,0.0027936753
3762,0.0045510083
3763,0.0027552084
3764,0.00013020835
3765,0.0016950082
3766,0.007379009
3767,0.0113490755
3768,0.009310409
3769,0.0036741337
3770,0.00015640832
3771,0.00022963336
3772,0.00023800835
3773,0.00023800835
3774,0.00029453338
3775,0.000399675
3776,0.0005334083
3777,0.000648675
3778,0.006825209
3779,0.012200834
3780,0.00010640834
3781,4.4408334e-05
3782,1.6875001e-05
3783,7.3633346e-05
3784,0.0013200332
3785,0.00026700835
3786,0.00032340837
3787,0.0037632005
3788,0.00035363334
3789,0.0022274083
3790,8.1674996e-05
3791,3.6750005e-06
3792,2.340833e-05
3793,0.000516675
3794,0.0020336334
3795,0.00020280002
3796,0.0019280084
3797,0.00020280002
3798,0.00012403334
3799,0.00088563334
3800,1.2033334e-05
3801,2.2533332e-05
3802,0.0005764084
3803,0.00018253335
3804,0.0023144083
3805,0.0053600334
3806,0.005740834
3807,0.0026696336
3808,6.3075e-05
3809,0.0016725332
3810,0.00046413334
3811,0.0045264084
3812,0.009345674
3813,0.009756034
3814,0.005333334
3815,3.5208333e-05
3816,0.0008748
3817,0.0015265334
3818,0.0013668751
3819,1.2033334e-05
3820,0.000195075
3821,0.0011041333
3822,0.0027552084
3823,0.0038194088
3824,0.002970075
3825,0.000924075
3826,8.670001e-05
3827,0.0015624084
3828,0.0037074084
3829,0.00016803335
3830,0.000165675
3831,0.000279075
3832,0.003402675
3833,0.0067500006
3834,0.005617009
3835,0.0013668751
3836,0.00035020834
3837,0.00058963336
3838,0.0064680083
3839,0.012937633
3840,0.00028829998
3841,0.0014145334
3842,0.0025761332
3843,3.6300004e-05
3844,4.5633336e-05
3845,1.0083334e-06
3846,0.00032013337
3847,0.0015624084
3848,0.0034133336
3849,0.0044652
3850,0.003619008
3851,0.0015194083
3852,3.5208333e-05
3853,0.0007203
3854,9.363332e-05
3855,0.001026675
3856,0.00019000833
3857,0.00025813334
3858,0.00038163335
3859,0.004380208
3860,0.008333335
3861,9.363332e-05
3862,7.840833e-05
3863,1.4083332e-06
3864,0.000399675
3865,0.00016100833
3866,0.00025813334
3867,0.00038520835
3868,0.0044286754
3869,0.008416876
3870,9.363332e-05
3871,6.75e-07
3872,2.0008336e-05
3873,0.00031363333
3874,0.000116033334
3875,0.0017025335
3876,0.0045510083
3877,0.0059080343
3878,0.0040252088
3879,0.0008965335
3880,0.000180075
3881,0.00032013337
3882,0.00038520835
3883,0.00048803337
3884,0.0006120084
3885,0.0007203
3886,0.007457634
3887,0.013167076
3888,0.00011020835
3889,3.8533333e-05
3890,3.3075e-05
3891,8.0033344e-05
3892,0.00017520833
3893,0.0025668752
3894,0.0062930076
3895,0.007394701
3896,2.9008334e-05
3897,2.4083333e-06
3898,7.5e-06
3899,1.7633334e-05
3900,0.00042940833
3901,0.00014083333
3902,0.00023240835
3903,0.0003605333
3904,0.0041772006
3905,0.00038163335
3906,0.0023763
3907,8.670001e-05
3908,0.00015870002
3909,1.4700002e-05
3910,0.0006627
3911,0.0025576334
3912,0.004575675
3913,0.004712534
3914,0.0025947
3915,2.43e-05
3916,0.0006912
3917,0.0016354084
3918,8.333335e-05
3919,0.0009185334
3920,0.00020020833
3921,0.0023496752
3922,0.0053734086
3923,0.0056994082
3924,0.0026226752
3925,9.363332e-05
3926,0.0020336334
3927,0.00027603333
3928,0.002679075
3929,0.00035020834
3930,0.00035707498
3931,0.0040368
3932,0.0077280756
3933,0.0062208
3934,0.0014145334
3935,0.00032340837
3936,0.0005720334
3937,0.006322008
3938,0.012710209
3939,0.012464408
3940,0.0060350085
3941,8.0033344e-05
3942,0.00017040833
3943,0.00013653334
3944,0.00014963334
3945,0.000210675
3946,0.0027456335
3947,0.0003888
3948,0.0003888
3949,0.004332009
3950,0.008217076
3951,9.187501e-05
3952,6.75e-07
3953,2.0833337e-05
3954,0.00031363333
3955,0.000116033334
3956,0.00020803335
3957,0.0028910085
3958,0.00036750003
3959,0.0029008337
3960,0.00018750002
3961,0.0008321334
3962,5.208334e-06
3963,2.0833337e-05
3964,0.0006580083
3965,0.0024752086
3966,0.0002187
3967,0.000210675
3968,0.0023232002
3969,0.0041301334
3970,1.9200002e-05
3971,3.1008334e-05
3972,6.7500005e-05
3973,0.0012288002
3974,0.0036520334
3975,0.005481008
3976,0.004775409
3977,0.0021000335
3978,0.000112133326
3979,0.00068640837
3980,0.0029800336
3981,0.000195075
3982,0.0017404085
3983,0.0042602085
3984,0.0056306995
3985,0.0043923
3986,0.0016502083
3987,5.740834e-05
3988,0.001026675
3989,0.0021760087
3990,0.0025761332
3991,0.0022188004
3992,0.0015624084
3993,1.3333334e-05
3994,0.00018253335
3995,0.0007203
3996,0.0010920333
3997,0.000621075
3998,3.6300004e-05
3999,0.00014083333
4000,0.002091675
4001,0.0053600334
4002,0.0069464087
4003,0.0050960337
4004,0.0016576335
4005,6.75e-07
4006,0.00020803335
4007,0.0002523
4008,0.00031040836
4009,0.0004181333
4010,0.0005461334
4011,0.0006627
4012,0.0069464087
4013,0.012383008
4014,0.00010640834
4015,3.3333336e-08
4016,5.8800008e-05
4017,5.3333337e-05
4018,0.00013440834
4019,0.0021252085
4020,0.00034340835
4021,0.0032033334
4022,0.0060634078
4023,0.0049152006
4024,1.6875001e-05
4025,0.0010502083
4026,0.00020540835
4027,0.0022620086
4028,0.005427075
4029,0.006780033
4030,0.004826009
4031,1.6333332e-06
4032,2.8033332e-05
4033,2.7074999e-05
4034,4.6875004e-05
4035,0.00079567503
4036,0.0024752086
4037,0.00019253335
4038,0.00021333335
4039,0.002679075
4040,0.000279075
4041,0.0018565333
4042,0.0024120333
4043,0.0008216334
4044,0.00015640832
4045,0.0003745333
4046,0.0046750084
4047,0.0100467
4048,0.00024653334
4049,9.540834e-05
4050,0.00088563334
4051,0.0012675
4052,0.00042187504
4053,0.00011020835
4054,0.0022360333
4055,0.0059080343
4056,0.00026403333
4057,0.0018644085
4058,0.003586134
4059,0.0030704085
4060,0.0007905334
4061,0.00020020833
4062,0.0032656335
4063,0.00042940833
4064,0.00041440837
4065,0.0048133335
4066,0.009774076
4067,0.008961409
4068,0.0032033334
4069,0.00021600834
4070,0.00042940833
4071,0.004600409
4072,0.009310409
4073,0.009594409
4074,0.0054675005
4075,0.0011970083
4076,3.4133336e-05
4077,0.00014520001
4078,0.0012675
4079,0.0022881336
4080,0.0024300003
4081,0.00192
4082,0.0012936335
4083,0.0008586751
4084,0.00059853337
4085,0.0003924084
4086,7.500001e-08
4087,1.6875001e-05
4088,0.00014300835
4089,0.00058963336
4090,0.0015336752
4091,0.0026980087
4092,0.0033075
4093,5.0700004e-05
4094,2.8033332e-05
4095,0.0003333334
4096,0.00050430006
4097,0.00012813334
4098,8.0033344e-05
4099,0.00021333335
4100,0.0030100083
4101,0.007099408
4102,0.00022963336
4103,0.0012480749
4104,0.0019602084
4105,0.0011470084
4106,2.2533332e-05
4107,0.00023240835
4108,0.00039603334
4109,0.0005334083
4110,0.0006533334
4111,0.00071053335
4112,0.000676875
4113,0.005824134
4114,0.008184008
4115,0.00363
4116,8.008334e-06
4117,0.0008216334
4118,0.009666075
4119,0.018650135
4120,0.01645021
4121,0.0059502083
4122,1.2033334e-05
4123,0.0043200003
4124,0.011485634
4125,0.000316875
4126,0.0017633336
4127,0.0038533336
4128,0.0001728
4129,0.00014300835
4130,0.0016800084
4131,0.00014083333
4132,0.00068640837
4133,0.00052500836
4134,3.9675004e-05
4135,0.0012545333
4136,0.0039445334
4137,0.0059502083
4138,0.0051352084
4139,0.0021845335
4140,9.363332e-05
4141,0.00018500832
4142,0.00024940833
4143,0.0028421334
4144,0.0062640756
4145,0.00022413337
4146,0.0001728
4147,0.0002523
4148,0.00029140836
4149,0.0026885336
4150,0.00012607501
4151,0.00031363333
4152,3.6300004e-05
4153,0.0004370084
4154,0.00026403333
4155,0.0032552083
4156,0.0070840325
4157,0.00016100833
4158,3.9675004e-05
4159,0.00024653334
4160,1.3333334e-07
4161,2.7074999e-05
4162,0.00073507504
4163,0.0026414085
4164,0.0002187
4165,0.0019602084
4166,0.0039445334
4167,0.0034668753
4168,0.00093520834
4169,0.00018500832
4170,0.00041070004
4171,0.0005292
4172,0.0060208333
4173,0.0006302084
4174,0.004864133
4175,0.008383409
4176,7.2074996e-05
4177,2.7074999e-05
4178,1.5408334e-05
4179,0.0004720334
4180,0.0018174084
4181,0.0035425334
4182,0.0043080086
4183,5.2008338e-05
4184,0.00023520003
4185,0.00046807507
4186,0.0003333334
4187,4.0333334e-06
4188,0.0005720334
4189,0.0026414085
4190,0.004979409
4191,0.0055080755
4192,3.8533333e-05
4193,0.000108299995
4194,0.00023240835
4195,0.0001728
4196,3.3333336e-08
4197,0.00048
4198,0.00019000833
4199,0.0024661333
4200,0.0059643
4201,0.0070227003
4202,2.9008334e-05
4203,4.4083336e-06
4204,4.0333334e-06
4205,0.000108299995
4206,5.740834e-05
4207,0.0010325334
4208,0.00023240835
4209,0.0026602084
4210,0.0059080343
4211,0.0060776332
4212,0.002679075
4213,3.6300004e-05
4214,0.0019280084
4215,0.00047600834
4216,0.004575675
4217,0.009381008
4218,0.009756034
4219,0.0053067002
4220,3.6300004e-05
4221,9.9008335e-05
4222,0.0008427
4223,0.0015987
4224,0.0018960749
4225,0.0017941332
4226,0.0015265334
4227,0.0012416334
4228,0.00093520834
4229,0.0005547001
4230,0.00015640832
4231,8.533334e-06
4232,6.600833e-05
4233,0.001062075
4234,0.0030300752
4235,0.00020020833
4236,0.0018881336
4237,0.00024653334
4238,0.00020803335
4239,0.00018750002
4240,0.00012
4241,0.0006302084
4242,0.00030083334
4243,8.670001e-05
4244,0.00025813334
4245,0.000399675
4246,0.0045387005
4247,0.008602134
4248,0.006810134
4249,0.0014981332
4250,0.00035707498
4251,0.00061653333
4252,0.0067500006
4253,0.0006816333
4254,0.0005334083
4255,0.005589675
4256,0.0101752095
4257,0.007744133
4258,3.8533333e-05
4259,0.00024083335
4260,0.0029304083
4261,0.00036750003
4262,0.00036750003
4263,0.004380208
4264,0.0004720334
4265,0.0034561334
4266,0.005400209
4267,1.4700002e-05
4268,8.8408335e-05
4269,8.670001e-05
4270,0.0014008334
4271,0.003979008
4272,0.005740834
4273,8.670001e-05
4274,0.00038520835
4275,0.0006816333
4276,0.0004408334
4277,4.4083336e-06
4278,0.0006960083
4279,0.00025520835
4280,0.0030502086
4281,0.000399675
4282,0.0035100086
4283,0.0064680083
4284,0.005122134
4285,2.0833337e-05
4286,0.0011531999
4287,0.0032552083
4288,0.00018500832
4289,0.001710075
4290,0.004224533
4291,0.000180075
4292,0.00011020835
4293,0.00010453333
4294,0.0007803
4295,0.0007301334
4296,2.1675003e-05
4297,0.00020540835
4298,0.0032344083
4299,0.007664008
4300,0.00024083335
4301,0.000112133326
4302,0.00010267501
4303,0.0007650751
4304,0.00071053335
4305,3.1008334e-05
4306,0.00016333334
4307,0.0003040083
4308,0.0038646753
4309,0.008233634
4310,0.007954409
4311,0.0031110086
4312,3.0083336e-06
4313,0.00048
4314,0.0006030083
4315,0.0064827004
4316,0.012937633
4317,0.0126075
4318,0.0060208333
4319,0.0005504083
4320,0.0009408001
4321,0.0003605333
4322,0.0003040083
4323,0.0032656335
4324,0.0069311997
4325,0.007760208
4326,5.3333337e-05
4327,0.00019253335
4328,0.00058080006
4329,0.0008216334
4330,0.00042940833
4331,3.4133336e-05
4332,0.0009408001
4333,0.0029601331
4334,0.00021333335
4335,0.0020090083
4336,0.0045387005
4337,0.00012813334
4338,0.0005461334
4339,1.3333334e-05
4340,1.0083334e-06
4341,0.00014740834
4342,0.0010680334
4343,0.0028518748
4344,0.0043080086
4345,0.0039560087
4346,0.0019602084
4347,2.6133332e-05
4348,0.0006533334
4349,9.0133326e-05
4350,0.0010150084
4351,0.00019000833
4352,0.0022360333
4353,0.0003300083
4354,0.0030502086
4355,0.0057963002
4356,7.053334e-05
4357,6.900833e-05
4358,5.333334e-07
4359,0.00035707498
4360,0.001710075
4361,0.00363
4362,0.004600409
4363,5.8800008e-05
4364,0.00026700835
4365,0.00051253336
4366,2.7e-06
4367,8.008334e-06
4368,0.00031363333
4369,0.00012813334
4370,0.0018486752
4371,0.004838701
4372,0.0061490084
4373,0.004071675
4374,1.6133334e-05
4375,0.0006912
4376,0.0017025335
4377,0.0023056336
4378,0.0022881336
4379,0.0018723003
4380,2.1675003e-05
4381,3.3075e-05
4382,0.00058080006
4383,6.900833e-05
4384,0.00037100833
4385,0.00024653334
4386,1.8408336e-05
4387,0.0011907001
4388,0.00029767503
4389,0.0032552083
4390,0.0069311997
4391,0.006810134
4392,0.0027840333
4393,1.08e-05
4394,0.00041070004
4395,0.0005376334
4396,0.00063480006
4397,0.0069768755
4398,0.013824534
4399,0.00026403333
4400,0.0009918751
4401,0.0014076749
4402,0.0007450084
4403,1.0083334e-06
4404,0.00020020833
4405,0.0029304083
4406,0.0070227003
4407,0.008350008
4408,5.3333337e-05
4409,7.008333e-06
4410,0.000108299995
4411,0.00016803335
4412,4.0333334e-06
4413,0.00030720004
4414,0.0001323
4415,0.0019120085
4416,0.0049665337
4417,0.0062496336
4418,3.8533333e-05
4419,6.75e-07
4420,2.0833335e-07
4421,3.1008334e-05
4422,0.0003605333
4423,0.0013668751
4424,0.0028714086
4425,0.0038307
4426,0.0032760752
4427,0.0015265334
4428,0.00013020835
4429,0.00035707498
4430,0.0019602084
4431,0.0035100086
4432,0.0038420085
4433,4.9408336e-05
4434,0.00042187504
4435,0.0014282999
4436,0.002296875
4437,0.0017941332
4438,0.00038163335
4439,0.000226875
4440,0.0025668752
4441,0.0003300083
4442,0.00034340835
4443,0.0041654087
4444,0.008687009
4445,0.008217076
4446,0.0031110086
4447,0.00018253335
4448,0.00038520835
4449,0.0004485333
4450,0.0005461334
4451,0.0061633335
4452,0.0124848
4453,0.011900209
4454,0.0050830087
4455,0.00014520001
4456,0.00046020836
4457,0.005187676
4458,0.00046807507
4459,0.0037074084
4460,0.0004033333
4461,0.0035752086
4462,0.00036750003
4463,0.0027744086
4464,0.00017520833
4465,5.4675e-05
4466,1.0208334e-05
4467,4.083333e-07
4468,0.00031040836
4469,0.0017025335
4470,0.00021600834
4471,0.00022963336
4472,0.0025300083
4473,0.0044530085
4474,0.0029008337
4475,6.600833e-05
4476,0.0020008332
4477,0.0053734086
4478,0.00025813334
4479,0.00021333335
4480,0.0026320333
4481,0.005400209
4482,0.0046875
4483,0.0012352082
4484,0.00024083335
4485,0.0043200003
4486,0.009594409
4487,0.010434675
4488,0.0062208
4489,0.0014630083
4490,2.5208332e-05
4491,0.0013872002
4492,0.00012403334
4493,9.363332e-05
4494,0.00014963334
4495,0.0002523
4496,0.0003888
4497,0.000516675
4498,0.005617009
4499,0.0004720334
4500,0.0028130086
4501,0.00010083333
4502,0.00018750002
4503,1.4083332e-06
4504,0.000116033334
4505,0.0020667
4506,0.0054405336
4507,0.00022140834
4508,0.00012403334
4509,0.000116033334
4510,7.2074996e-05
4511,0.00033667503
4512,9.0133326e-05
4513,9.187501e-05
4514,0.0019120085
4515,0.005214008
4516,0.00022413337
4517,0.0014008334
4518,0.0022707
4519,0.0013668751
4520,4.9408336e-05
4521,0.00019000833
4522,0.00031040836
4523,0.0004485333
4524,0.0005720334
4525,0.006120409
4526,0.011097634
4527,0.008383409
4528,0.0016428002
4529,0.00081640837
4530,0.008134534
4531,0.015052802
4532,0.000279075
4533,0.00012200834
4534,0.0016428002
4535,0.00020280002
4536,0.0014352085
4537,0.0018960749
4538,0.00063480006
4539,0.00015413333
4540,0.00037807503
4541,0.00052500836
4542,0.0059925327
4543,0.0005852083
4544,0.0003745333
4545,0.00030720004
4546,0.002296875
4547,5.3333337e-05
4548,9.075001e-06
4549,0.0002523
4550,0.0017710081
4551,0.0040950086
4552,0.00016333334
4553,0.00010083333
4554,9.72e-05
4555,6.1633335e-05
4556,0.00027000002
4557,5.2008338e-05
4558,0.00032013337
4559,0.0023941335
4560,0.0052404087
4561,0.0059643
4562,0.0035425334
4563,0.00055900833
4564,0.00017763334
4565,0.0025208336
4566,0.00029140836
4567,0.0027075
4568,0.0060492004
4569,0.00022140834
4570,0.00015187502
4571,0.0017327999
4572,0.0031724083
4573,0.0021336332
4574,0.00014740834
4575,0.0011781335
4576,0.005824134
4577,0.009684034
4578,0.00867
4579,7.008333e-06
4580,1.6875001e-05
4581,3.3333336e-08
4582,3.3333336e-08
4583,3.1008334e-05
4584,0.00034003335
4585,0.0013134085
4586,0.0028033333
4587,0.00014520001
4588,0.0012805335
4589,0.00014963334
4590,0.0010860085
4591,0.0014490751
4592,0.00045630004
4593,0.00017040833
4594,0.00033667503
4595,0.00047600834
4596,0.0055216337
4597,0.011020834
4598,0.009846408
4599,2.1333335e-06
4600,0.00010083333
4601,0.00013440834
4602,0.0017176333
4603,0.00026403333
4604,0.00031040836
4605,0.0038420085
4606,0.008151009
4607,0.007857009
4608,0.0030704085
4609,3.0083336e-06
4610,0.0028812
4611,0.00055900833
4612,0.000516675
4613,0.0006302084
4614,0.006900834
4615,0.00063940836
4616,0.000399675
4617,0.00032340837
4618,0.0024210084
4619,0.002679075
4620,0.00049613335
4621,0.0007650751
4622,0.0059784087
4623,0.011252034
4624,0.00021333335
4625,0.0008321334
4626,0.0012352082
4627,0.0006816333
4628,3.9675004e-05
4629,0.0011102085
4630,0.0033496334
4631,0.0051483
4632,0.000116033334
4633,0.00077520835
4634,0.00010083333
4635,0.0007803
4636,3.2033335e-05
4637,2.0833335e-07
4638,7.680001e-05
4639,8.8408335e-05
4640,0.0015408334
4641,0.0043080086
4642,0.005782408
4643,0.004071675
4644,0.00097470003
4645,0.00013867502
4646,0.000316875
4647,0.0035534084
4648,0.007536676
4649,0.00023520003
4650,0.0016060084
4651,0.0035425334
4652,0.00010640834
4653,0.00049207505
4654,0.00055900833
4655,9.187501e-05
4656,9.9008335e-05
4657,0.0018802084
4658,0.0050960337
4659,0.00024940833
4660,0.00018750002
4661,0.0020750083
4662,0.0037185336
4663,0.0024570748
4664,5.740834e-05
4665,0.0017633336
4666,0.004864133
4667,0.006660301
4668,0.005454009
4669,0.0024570748
4670,0.00027603333
4671,0.00023520003
4672,0.0014630083
4673,0.0023941335
4674,0.0023496752
4675,0.0017252085
4676,0.0011163
4677,0.00075500837
4678,0.00058080006
4679,0.0004408334
4680,0.00021333335
4681,6.533333e-06
4682,0.000226875
4683,0.0012352082
4684,0.0027648
4685,0.0038533336
4686,0.0036520334
4687,2.0008336e-05
4688,7.008333e-06
4689,0.00012
4690,0.00019000833
4691,2.6133332e-05
4692,0.00022963336
4693,0.00017520833
4694,0.00029140836
4695,0.0004181333
4696,0.004725075
4697,0.008892408
4698,0.0070074084
4699,0.0015123001
4700,0.0005720334
4701,0.006660301
4702,0.0006533334
4703,0.0005208334
4704,0.0006120084
4705,0.0064680083
4706,0.0116427
4707,0.008704035
4708,4.8133337e-05
4709,0.00027603333
4710,0.0032760752
4711,0.007099408
4712,0.007987009
4713,0.0052271998
4714,0.0015987
4715,1.4008336e-05
4716,0.0006674084
4717,0.0017864085
4718,6.1633335e-05
4719,6.3075e-05
4720,0.0011346751
4721,0.0034561334
4722,0.005280133
4723,9.72e-05
4724,0.0004720334
4725,0.0008321334
4726,0.0005376334
4727,8.008334e-06
4728,0.0007400333
4729,0.0032552083
4730,0.00028213335
4731,0.00027603333
4732,0.0003605333
4733,0.0037520085
4734,0.0063510756
4735,0.0039905333
4736,0.00026403333
4737,0.0004720334
4738,0.006438676
4739,0.013419676
4740,0.000316875
4741,0.0015552
4742,0.0001323
4743,0.00088563334
4744,0.0011594085
4745,0.0003333334
4746,0.00011407501
4747,0.0022620086
4748,0.0059220744
4749,0.00026403333
4750,0.0018565333
4751,0.0035643002
4752,0.0030603004
4753,0.0007854083
4754,0.00019763334
4755,0.0032552083
4756,0.00042563336
4757,0.00041440837
4758,0.00052500836
4759,0.005685634
4760,0.010416033
4761,0.00010083333
4762,5.740834e-05
4763,1.08e-05
4764,7.3633346e-05
4765,0.0001728
4766,0.0025392002
4767,0.0062496336
4768,0.007363334
4769,0.0043923
4770,3.4133336e-05
4771,0.0010384084
4772,0.00013440834
4773,0.0013400083
4774,0.0033602086
4775,0.00018750002
4776,0.0017176333
4777,0.003979008
4778,0.00012200834
4779,0.0005547001
4780,0.0006256333
4781,0.000108299995
4782,0.00030720004
4783,0.0024480335
4784,0.005427075
4785,0.0064827004
4786,0.0044652
4787,0.0013266751
4788,2.1333335e-06
4789,0.0012675
4790,0.0033180085
4791,0.00013653334
4792,0.001171875
4793,0.000210675
4794,0.0023941335
4795,0.0054136333
4796,0.00014300835
4797,0.0005764084
4798,0.000621075
4799,9.540834e-05
4800,0.0003333334
4801,0.002511675
4802,0.00031040836
4803,0.0029900083
4804,0.00033667503
4805,0.0026226752
4806,0.0042602085
4807,0.0025761332
4808,0.000116033334
4809,0.0016428002
4810,0.0005720334
4811,0.0006120084
4812,0.00071053335
4813,0.007347675
4814,0.013020833
4815,0.009558675
4816,5.8800008e-05
4817,0.0023852084
4818,0.0058520334
4819,0.0069921343
4820,6.7500005e-05
4821,0.00038163335
4822,9.540834e-05
4823,0.0010800001
4824,9.72e-05
4825,0.00048803337
4826,0.00034340835
4827,7.008333e-06
4828,0.0011970083
4829,0.004224533
4830,0.006586009
4831,0.0057270085
4832,1.4083332e-06
4833,7.5208336e-05
4834,0.00020540835
4835,2.0008336e-05
4836,0.0003640084
4837,0.0014560336
4838,0.0030603004
4839,0.00014740834
4840,0.0012675
4841,0.0027265332
4842,5.2008338e-05
4843,0.00010083333
4844,3.6750005e-06
4845,4.5633336e-05
4846,0.0009918751
4847,0.0031930087
4848,0.0050830087
4849,0.00010267501
4850,4.9408336e-05
4851,5.3333337e-05
4852,0.0003924084
4853,2.1333335e-06
4854,7.5208336e-05
4855,0.0007854083
4856,0.0024570748
4857,0.00019253335
4858,0.00018750002
4859,0.00022413337
4860,0.00020540835
4861,0.00013440834
4862,0.00071053335
4863,0.00036750003
4864,8.670001e-05
4865,0.0020090083
4866,0.0054945336
4867,0.0069921343
4868,0.0045510083
4869,2.1675003e-05
4870,0.00083740836
4871,0.0020008332
4872,0.0025668752
4873,5.8800008e-05
4874,7.840833e-05
4875,0.000180075
4876,0.0024390086
4877,0.00026700835
4878,0.0017941332
4879,0.0023408332
4880,0.00080083334
4881,0.00014963334
4882,0.0033496334
4883,0.0005002083
4884,0.0045387005
4885,0.008858009
4886,0.007970701
4887,0.0028033333
4888,6.533333e-06
4889,0.0033496334
4890,0.0005547001
4891,0.0048514092
4892,0.009684034
4893,0.009828299
4894,0.005187676
4895,0.0007400333
4896,0.000399675
4897,0.000279075
4898,0.0025854083
4899,0.00507
4900,0.0054405336
4901,4.6875004e-05
4902,0.00029767503
4903,0.0011041333
4904,0.0019280084
4905,0.0016576335
4906,0.00042563336
4907,0.00014083333
4908,0.0022016333
4909,0.005346675
4910,0.00023240835
4911,0.0018174084
4912,0.000226875
4913,0.0019440751
4914,0.00013867502
4915,4.5633336e-05
4916,7.5e-06
4917,3.6750005e-06
4918,0.0003640084
4919,0.000165675
4920,0.00026107504
4921,0.0032136752
4922,0.006438676
4923,0.005400209
4924,1.4700002e-05
4925,0.0010384084
4926,0.0030200335
4927,0.004440834
4928,0.004224533
4929,0.0026885336
4930,0.0010092
4931,0.00010083333
4932,3.2033335e-05
4933,0.0003924084
4934,5.4675e-05
4935,0.00071053335
4936,0.00016333334
4937,0.0020584085
4938,0.005161409
4939,0.0063365335
4940,3.5208333e-05
4941,2.0008336e-05
4942,1.4083332e-06
4943,6.1633335e-05
4944,0.0005334083
4945,0.00012813334
4946,0.0017633336
4947,0.00029453338
4948,0.0028616334
4949,0.00027000002
4950,0.0017404085
4951,0.0022446748
4952,2.1333335e-06
4953,0.000541875
4954,0.00018750002
4955,0.0023941335
4956,0.005824134
4957,0.006900834
4958,0.0041772006
4959,0.000676875
4960,0.00041440837
4961,0.003586134
4962,0.006615675
4963,0.00016100833
4964,0.00012
4965,0.0018252002
4966,0.004575675
4967,0.005214008
4968,0.0026602084
4969,7.053334e-05
4970,0.001710075
4971,0.0041536335
4972,0.00018253335
4973,0.0015624084
4974,0.0038874084
4975,0.005018133
4976,0.0034776332
4977,8.533334e-06
4978,0.00048803337
4979,0.001287075
4980,8.333335e-05
4981,0.00097470003
4982,0.002910675
4983,0.00020020833
4984,0.0017556751
4985,0.003586134
4986,0.0032033334
4987,0.00089107506
4988,0.00016100833
4989,0.0028324083
4990,0.00039603334
4991,0.0037296754
4992,0.00788941
4993,0.008233634
4994,0.0041772006
4995,0.0003640084
4996,0.00094640837
4997,0.00039603334
4998,0.000399675
4999,0.00049613335
5000,0.0056994082
5001,0.011701876
5002,0.0002523
5003,8.500834e-05
5004,0.00080083334
5005,0.0011408334
5006,1.6333332e-06
5007,0.0003924084
5008,0.00015870002
5009,0.0021505335
5010,0.005400209
5011,0.000210675
5012,0.000116033334
5013,0.0011041333
5014,5.2008338e-05
5015,8.8408335e-05
5016,7.008333e-06
5017,0.0006912
5018,0.0027552084
5019,0.0049024085
5020,0.0049665337
5021,0.0026508
5022,0.00032013337
5023,0.00015640832
5024,0.00024083335
5025,0.0027648
5026,0.006134701
5027,0.007192008
5028,0.0050052083
5029,0.0017633336
5030,6.600833e-05
5031,0.00044467498
5032,0.0015336752
5033,7.2074996e-05
5034,7.680001e-05
5035,0.000165675
5036,0.0024661333
5037,0.006091875
5038,0.0072385343
5039,0.0043681334
5040,0.0006912
5041,0.0004485333
5042,0.0037744083
5043,0.0068705333
5044,0.00015870002
5045,0.0010860085
5046,0.0028324083
5047,0.0039905333
5048,0.0031314085
5049,0.00097470003
5050,9.187501e-05
5051,0.00019253335
5052,0.0023408332
5053,0.0054136333
5054,0.0002187
5055,0.001710075
5056,0.0038420085
5057,0.00011407501
5058,4.0833336e-05
5059,0.00026403333
5060,0.00017040833
5061,3.1008334e-05
5062,0.000165675
5063,0.0003040083
5064,0.0004370084
5065,0.0048896335
5066,0.00042563336
5067,0.00022140834
5068,0.0015841334
5069,0.0016354084
5070,0.00019763334
5071,0.00025520835
5072,0.00048
5073,0.0006120084
5074,0.0064974087
5075,0.00052500836
5076,0.0030704085
5077,0.0038420085
5078,0.0013400083
5079,0.00014520001
5080,0.0042721336
5081,0.000621075
5082,0.005400209
5083,0.00048803337
5084,0.00032013337
5085,0.0027840333
5086,0.0039102086
5087,0.0015987
5088,5.740834e-05
5089,0.0005334083
5090,0.00071053335
5091,0.0077120336
5092,0.0006960083
5093,0.00042187504
5094,0.0035970751
5095,0.0050310753
5096,8.333334e-09
5097,0.00010083333
5098,0.0017404085
5099,0.0047376333
5100,0.0064680083
5101,0.0050440338
5102,8.333334e-09
5103,1.8408336e-05
5104,0.00018500832
5105,0.00048
5106,0.00093520834
5107,0.0015624084
5108,0.0021845335
5109,7.680001e-05
5110,0.0007450084
5111,0.00011020835
5112,0.0008748
5113,3.6300004e-05
5114,4.6875004e-05
5115,3.1008334e-05
5116,0.00079567503
5117,0.0027840333
5118,0.004712534
5119,0.000112133326
5120,0.0006256333
5121,4.8133337e-05
5122,1.4700002e-05
5123,2.6133332e-05
5124,3.7408336e-05
5125,0.00075500837
5126,0.0026133335
5127,0.00021333335
5128,0.0019040334
5129,0.00019763334
5130,0.00012
5131,7.2074996e-05
5132,2.0008336e-05
5133,8.008334e-06
5134,0.00018500832
5135,0.0014770086
5136,0.0036741337
5137,0.004788033
5138,0.0033920333
5139,0.0008480083
5140,9.540834e-05
5141,0.00026700835
5142,0.00034340835
5143,0.0040368
5144,0.00048803337
5145,0.0042602085
5146,0.008300033
5147,0.007536676
5148,5.333334e-07
5149,0.00045630004
5150,0.0013601334
5151,0.0021168
5152,0.0023763
5153,0.0021675
5154,3e-05
5155,0.00029767503
5156,0.0009520334
5157,0.0012740084
5158,0.0006302084
5159,3.0000004e-07
5160,0.00019253335
5161,0.0003333334
5162,0.0041772006
5163,0.009152534
5164,0.0095408335
5165,0.0047376333
5166,0.0003605333
5167,0.0012096752
5168,0.0056306995
5169,0.0082668
5170,0.00011020835
5171,0.00061653333
5172,0.0018486752
5173,0.00014083333
5174,0.0011656334
5175,0.0020833337
5176,0.0013668751
5177,4.0833336e-05
5178,0.0012805335
5179,0.0037856335
5180,0.005617009
5181,0.0051090755
5182,0.0027075
5183,0.00050430006
5184,7.5208336e-05
5185,0.0009861334
5186,0.0019926752
5187,7.680001e-05
5188,0.00080083334
5189,0.00018253335
5190,0.0022360333
5191,0.005174534
5192,0.005562408
5193,3.6750005e-06
5194,0.000116033334
5195,4.9408336e-05
5196,0.0007600333
5197,0.0023585334
5198,0.00019000833
5199,0.0018960749
5200,0.004380208
5201,0.0048133335
5202,0.0023585334
5203,7.053334e-05
5204,0.0016576335
5205,0.00024367501
5206,0.0024570748
5207,0.00033667503
5208,0.00035020834
5209,0.00042940833
5210,0.004380208
5211,0.0073008006
5212,0.0045264084
5213,0.00029453338
5214,0.0021252085
5215,0.009720001
5216,0.014652302
5217,0.011368534
5218,6.75e-07
5219,0.00030083334
5220,1.1408334e-05
5221,5.0700004e-05
5222,0.00017040833
5223,0.000541875
5224,0.0013400083
5225,0.0024030753
5226,0.0030704085
5227,0.002679075
5228,5.208334e-06
5229,3.0000004e-07
5230,1.4083332e-06
5231,6.900833e-05
5232,5.2008338e-05
5233,0.0009804083
5234,0.00022963336
5235,0.0026414085
5236,0.00032669998
5237,0.00025520835
5238,0.0023056336
5239,0.0032656335
5240,0.0013134085
5241,6.7500005e-05
5242,0.0035100086
5243,0.009363333
5244,0.00035363334
5245,0.00020280002
5246,0.00022963336
5247,0.00020803335
5248,0.00013440834
5249,0.00072520843
5250,3.3333336e-08
5251,5.6033343e-05
5252,0.00016803335
5253,0.0025025331
5254,0.0058800005
5255,0.0062496336
5256,0.0028714086
5257,6.020834e-05
5258,0.0003640084
5259,0.0045880335
5260,0.009558675
5261,0.010010133
5262,0.0057546757
5263,1.4008336e-05
5264,0.0003888
5265,0.00043319998
5266,0.000180075
5267,4.2008338e-05
5268,5.8800008e-05
5269,0.00037100833
5270,0.00011800835
5271,0.0016950082
5272,0.0042602085
5273,0.00014083333
5274,5.2008338e-05
5275,0.00034340835
5276,0.00024367501
5277,1.4008336e-05
5278,0.0011285334
5279,0.00029453338
5280,0.0032448003
5281,0.0069160094
5282,0.00015413333
5283,3.7408336e-05
5284,0.00023240835
5285,0.00013653334
5286,4.32e-05
5287,0.0011781335
5288,0.0037074084
5289,0.00023800835
5290,0.0019602084
5291,0.00019253335
5292,0.000116033334
5293,7.053334e-05
5294,0.000316875
5295,7.840833e-05
5296,9.363332e-05
5297,0.0019120085
5298,0.0052008326
5299,0.006660301
5300,0.0043923
5301,0.00089107506
5302,0.00025813334
5303,0.00035020834
5304,0.00040700837
5305,0.004637634
5306,0.009828299
5307,0.010341633
5308,0.005644408
5309,3.8533333e-05
5310,0.00010640834
5311,0.0009185334
5312,8.670001e-05
5313,0.00091300835
5314,0.0025392002
5315,0.000180075
5316,0.0017864085
5317,0.00024367501
5318,0.0020833337
5319,0.00014740834
5320,0.000676875
5321,0.00050430006
5322,4.0833336e-05
5323,0.0012675
5324,0.00028520834
5325,0.00034340835
5326,0.00042563336
5327,0.004356075
5328,0.0072696335
5329,2.7074999e-05
5330,5.740834e-05
5331,0.0006960083
5332,0.00015870002
5333,0.0020172002
5334,0.0050830087
5335,0.00020280002
5336,0.000116033334
5337,0.000108299995
5338,0.0008060083
5339,1.08e-05
5340,2.6133332e-05
5341,8.500834e-05
5342,0.00019763334
5343,0.0028130086
5344,0.0064094085
5345,0.006645409
5346,0.0029205335
5347,3.8533333e-05
5348,0.0003924084
5349,0.0005292
5350,0.0058102086
5351,0.00061653333
5352,0.0049922997
5353,0.009381008
5354,0.00014740834
5355,2.2533332e-05
5356,8.533334e-06
5357,8.533334e-06
5358,2.340833e-05
5359,0.00071540836
5360,0.0026133335
5361,0.0045633335
5362,0.0046252087
5363,0.002511675
5364,2.5208332e-05
5365,0.0006912
5366,0.0016280335
5367,0.0021760087
5368,6.020834e-05
5369,0.0006912
5370,0.0022707
5371,0.000165675
5372,0.0013200332
5373,9.9008335e-05
5374,0.00046020836
5375,0.00031040836
5376,1.2675001e-05
5377,0.0012288002
5378,0.0042008334
5379,0.00027300834
5380,0.00022140834
5381,0.0024030753
5382,0.0042364085
5383,0.0027552084
5384,0.00018500832
5385,0.0014352085
5386,0.0005764084
5387,0.005894009
5388,0.00059853337
5389,0.0046252087
5390,0.008019675
5391,0.0059502083
5392,0.0011224084
5393,0.0006721334
5394,0.000648675
5395,0.0007203
5396,0.0077280756
5397,0.015052802
5398,0.0136746755
5399,2.0833335e-07
5400,0.0003924084
5401,0.00091300835
5402,0.0010740083
5403,0.0009976333
5404,0.0009633334
5405,0.001098075
5406,0.0013400083
5407,0.0014560336
5408,0.0011285334
5409,0.00042563336
5410,2.7074999e-05
5411,0.0006256333
5412,0.0018408335
5413,0.0030401333
5414,0.00011020835
5415,0.00012200834
5416,0.0017404085
5417,0.00021333335
5418,0.0015123001
5419,6.020834e-05
5420,9.72e-05
5421,6.075e-06
5422,0.00070083333
5423,0.0027936753
5424,0.0049665337
5425,0.0050052083
5426,1.1408334e-05
5427,1.2000002e-06
5428,2.1675003e-05
5429,1.5408334e-05
5430,0.00037807503
5431,0.0015408334
5432,0.0031930087
5433,0.00014963334
5434,0.0012610084
5435,0.0026980087
5436,5.2008338e-05
5437,9.9008335e-05
5438,8.008334e-06
5439,0.00022963336
5440,0.00015413333
5441,0.0022016333
5442,0.005535209
5443,0.00021333335
5444,0.0012805335
5445,8.333335e-05
5446,0.00036750003
5447,0.00022140834
5448,4.32e-05
5449,0.0011844083
5450,0.0037296754
5451,0.0056994082
5452,0.0050052083
5453,0.0022016333
5454,0.000116033334
5455,0.00072520843
5456,0.0031212
5457,0.00020020833
5458,0.00019253335
5459,0.0026508
5460,0.006380208
5461,0.00022140834
5462,0.0012480749
5463,8.0033344e-05
5464,0.00034680005
5465,2.0833335e-07
5466,0.00013020835
5467,0.00097470003
5468,0.002679075
5469,0.0041654087
5470,0.0039445334
5471,0.0020336334
5472,0.00023240835
5473,0.00034680005
5474,0.0022446748
5475,0.0041184085
5476,0.00012607501
5477,0.0010800001
5478,0.0029601331
5479,0.000165675
5480,0.00011800835
5481,0.000112133326
5482,7.053334e-05
5483,0.0003300083
5484,2.7e-06
5485,0.00041070004
5486,0.000180075
5487,0.0023496752
5488,0.00031363333
5489,0.0025761332
5490,0.00017040833
5491,5.4675e-05
5492,1.08e-05
5493,3.0000004e-07
5494,0.0003040083
5495,0.0016950082
5496,0.0037408334
5497,0.0045633335
5498,0.0030502086
5499,0.0006816333
5500,0.00013440834
5501,0.0021845335
5502,0.00027300834
5503,0.0026133335
5504,0.00034340835
5505,0.0032865335
5506,0.006810134
5507,0.006586009
5508,0.0026320333
5509,6.075e-06
5510,0.0023852084
5511,0.007347675
5512,0.009487408
5513,0.006900834
5514,0.0025761332
5515,3.8533333e-05
5516,0.00047600834
5517,0.0004720334
5518,0.00016333334
5519,2.2533332e-05
5520,3.2033335e-05
5521,0.000316875
5522,0.0013668751
5523,0.0029800336
5524,0.00013020835
5525,0.0009296334
5526,7.2074996e-05
5527,0.00033667503
5528,0.00020020833
5529,3.3075e-05
5530,0.0012416334
5531,0.00028829998
5532,0.003151875
5533,0.0067350087
5534,0.00015187502
5535,0.0005376334
5536,1.0208334e-05
5537,2.1333335e-06
5538,3.4133336e-05
5539,0.0008216334
5540,0.0028227004
5541,0.0002187
5542,0.0019360333
5543,0.00019763334
5544,0.0013400083
5545,5.2008338e-05
5546,7.5208336e-05
5547,1.9200002e-05
5548,0.00010453333
5549,0.0018174084
5550,0.0049024085
5551,0.0063074995
5552,4.2008338e-05
5553,3.8533333e-05
5554,1.08e-05
5555,3.9675004e-05
5556,0.00051253336
5557,0.00013867502
5558,0.00022413337
5559,0.0030401333
5560,0.00037807503
5561,0.00028520834
5562,0.0025392002
5563,0.0035970751
5564,7.500001e-08
5565,9.0133326e-05
5566,0.00020020833
5567,0.0028421334
5568,0.0067950753
5569,0.007792409
5570,2.5208332e-05
5571,1.0083334e-06
5572,3.3333336e-06
5573,1.6133334e-05
5574,6.1633335e-05
5575,0.0011656334
5576,0.0002523
5577,0.00031363333
5578,0.0036741337
5579,0.00034680005
5580,0.0022016333
5581,0.0028227004
5582,1.875e-06
5583,9.72e-05
5584,0.0016725332
5585,0.0003040083
5586,0.00034340835
5587,0.0039560087
5588,0.0076320753
5589,9.0133326e-05
5590,8.333335e-05
5591,3.0000004e-07
5592,0.0003745333
5593,0.0017786999
5594,0.0037296754
5595,0.0046625338
5596,0.0035970751
5597,2.0833335e-07
5598,5.740834e-05
5599,0.00014300835
5600,1.6133334e-05
5601,0.00033667503
5602,0.0014076749
5603,0.0030100083
5604,0.0040136334
5605,0.0033920333
5606,0.0015408334
5607,0.000116033334
5608,0.000112133326
5609,0.0015265334
5610,0.00020280002
5611,0.0021168
5612,0.00031040836
5613,0.0003333334
5614,0.0038533336
5615,0.00035707498
5616,0.000195075
5617,0.0013940083
5618,0.0014145334
5619,0.00014520001
5620,0.0009075
5621,0.0051352084
5622,0.00042563336
5623,0.0032970088
5624,0.0059502083
5625,6.3075e-05
5626,4.6875004e-05
5627,1.0208334e-05
5628,0.00039603334
5629,0.0016428002
5630,0.0033708
5631,0.0042721336
5632,5.740834e-05
5633,2.6133332e-05
5634,3.3075e-05
5635,0.00024367501
5636,3.0000004e-07
5637,0.000108299995
5638,0.00089107506
5639,0.0025668752
5640,0.0041067
5641,0.0039905333
5642,0.0021168
5643,2.1675003e-05
5644,7.3633346e-05
5645,9.9008335e-05
5646,0.0013601334
5647,0.0035752086
5648,0.0050960337
5649,0.0045880335
5650,0.0024661333
5651,0.0005002083
5652,4.5633336e-05
5653,0.00011020835
5654,0.00013440834
5655,0.001710075
5656,0.004224533
5657,0.005644408
5658,8.8408335e-05
5659,0.00052500836
5660,0.0012805335
5661,0.0014352085
5662,8.333334e-09
5663,0.00018253335
5664,0.0009185334
5665,0.0021845335
5666,0.00014740834
5667,0.0015336752
5668,0.0037296754
5669,0.0043200003
5670,0.0022794085
5671,5.4675e-05
5672,0.0014008334
5673,0.00022140834
5674,0.0023144083
5675,0.0054675005
5676,0.006780033
5677,0.004788033
5678,0.0014630083
5679,5.333334e-07
5680,0.00020020833
5681,0.00023800835
5682,0.00029767503
5683,0.0004033333
5684,0.0005376334
5685,0.0060634078
5686,0.011900209
5687,0.010434675
5688,0.0034240086
5689,0.000279075
5690,0.0045880335
5691,0.009292801
5692,0.009257633
5693,3e-05
5694,7.053334e-05
5695,0.00044467498
5696,0.0011531999
5697,0.0013534083
5698,0.0005720334
5699,5.8800008e-05
5700,0.0013601334
5701,0.0038307
5702,0.005562408
5703,0.004979409
5704,0.0025947
5705,1.1408334e-05
5706,0.00029767503
5707,0.00052500836
5708,1.8408336e-05
5709,3.9675004e-05
5710,0.0008748
5711,0.00022140834
5712,0.0025854083
5713,0.0058102086
5714,0.0060350085
5715,2.1333335e-06
5716,3.1008334e-05
5717,0.0004840083
5718,0.0014490751
5719,0.00013020835
5720,0.0015194083
5721,0.0040252088
5722,0.00018750002
5723,0.0012545333
5724,8.670001e-05
5725,0.00039603334
5726,0.00024653334
5727,4.2008338e-05
5728,0.0011844083
5729,0.0037408334
5730,0.0057131997
5731,9.9008335e-05
5732,4.2008338e-05
5733,4.5633336e-05
5734,0.00034003335
5735,0.0002523
5736,1.08e-05
5737,0.001098075
5738,0.0038646753
5739,0.006134701
5740,0.00011020835
5741,0.00051253336
5742,0.0008748
5743,0.0005504083
5744,2.8033332e-05
5745,0.0008748
5746,0.000210675
5747,0.0024934085
5748,0.00035363334
5749,0.0032033334
5750,0.0060350085
5751,7.053334e-05
5752,6.4533335e-05
5753,8.533334e-06
5754,5.740834e-05
5755,0.0011408334
5756,0.0034992
5757,0.005346675
5758,0.0047628004
5759,0.0021590083
5760,0.00013653334
5761,0.00063480006
5762,0.0029205335
5763,0.00020020833
5764,0.0018018751
5765,0.004380208
5766,0.00020540835
5767,0.0015841334
5768,0.0031930087
5769,5.2008338e-05
5770,2.4083333e-06
5771,3.6750005e-06
5772,0.000210675
5773,0.0011346751
5774,0.0027744086
5775,0.0040368
5776,0.0036741337
5777,0.0018174084
5778,0.00018500832
5779,0.00035363334
5780,0.0021336332
5781,0.0038646753
5782,0.0041772006
5783,0.0030704085
5784,8.008334e-06
5785,5.6033343e-05
5786,0.00034680005
5787,0.0006912
5788,4.0333334e-06
5789,2.0008336e-05
5790,0.00035363334
5791,0.0014282999
5792,0.0030100083
5793,0.0039905333
5794,0.0033496334
5795,0.0015194083
5796,2.7074999e-05
5797,0.00059853337
5798,8.333335e-05
5799,0.000957675
5800,0.002679075
5801,0.004189009
5802,0.00011020835
5803,8.8408335e-05
5804,0.0011408334
5805,0.0022360333
5806,0.0015841334
5807,0.00011800835
5808,0.00023240835
5809,0.0035534084
5810,0.0082668
5811,0.009434134
5812,0.0057546757
5813,0.0012096752
5814,0.00014740834
5815,0.000279075
5816,0.00028520834
5817,0.0031314085
5818,0.0067350087
5819,0.000226875
5820,0.0016133332
5821,0.0035970751
5822,0.0039905333
5823,0.0020172002
5824,8.8408335e-05
5825,0.001062075
5826,0.00036750003
5827,0.0038533336
5828,0.008283408
5829,0.00024940833
5830,0.0015052083
5831,0.0028812
5832,0.0025208336
5833,0.0006721334
5834,0.00013867502
5835,0.00029453338
5836,0.00041440837
5837,0.004940833
5838,0.0005547001
5839,0.004440834
5840,0.007808534
5841,7.2074996e-05
5842,3.5208333e-05
5843,1.9200002e-05
5844,7.053334e-05
5845,0.000165675
5846,0.00029453338
5847,0.00042563336
5848,0.004800675
5849,0.00042187504
5850,0.00022140834
5851,0.0015696336
5852,3e-05
5853,6.75e-07
5854,0.00039603334
5855,0.0019926752
5856,0.0041067
5857,0.00014300835
5858,8.500834e-05
5859,0.0008427
5860,0.0012224084
5861,1.4083332e-06
5862,0.0003888
5863,0.00015870002
5864,0.0021590083
5865,0.005400209
5866,0.006600833
5867,0.0041536335
5868,0.00075000006
5869,0.00032669998
5870,0.0033285336
5871,0.0064240335
5872,0.0065712007
5873,3.7408336e-05
5874,2.2533332e-05
5875,8.0033344e-05
5876,0.0011285334
5877,0.0022533333
5878,0.0016206751
5879,0.00012813334
5880,0.0009075
5881,0.00042187504
5882,0.00050430006
5883,0.005740834
5884,0.0113490755
5885,0.00018500832
5886,0.00048
5887,5.208334e-06
5888,7.5e-06
5889,0.00026700835
5890,0.0012805335
5891,0.0029304083
5892,0.004071675
5893,0.0035534084
5894,0.0016725332
5895,0.00014300835
5896,0.0003888
5897,0.0021168
5898,0.0037408334
5899,0.0039905333
5900,0.0029403002
5901,8.533334e-06
5902,6.4533335e-05
5903,0.0003745333
5904,3.5208333e-05
5905,0.00016803335
5906,7.3633346e-05
5907,8.670001e-05
5908,0.00015640832
5909,0.00028213335
5910,0.0036520334
5911,0.007873201
5912,0.00768
5913,0.0030704085
5914,6.533333e-06
5915,0.0027456335
5916,0.0005504083
5917,0.0050052083
5918,0.010010133
5919,0.010138408
5920,0.0052934084
5921,0.00072520843
5922,0.00044467498
5923,0.0031827001
5924,0.005018133
5925,0.0041772006
5926,0.002091675
5927,0.00061653333
5928,6.75e-07
5929,4.8000006e-06
5930,0.00021333335
5931,0.00063480006
5932,0.0005852083
5933,5.8800008e-05
5934,0.000116033334
5935,0.00025813334
5936,0.0034454088
5937,0.0004485333
5938,0.0038420085
5939,0.006961634
5940,7.2074996e-05
5941,2.0833335e-07
5942,2.9008334e-05
5943,0.00035363334
5944,0.0013601334
5945,0.000165675
5946,0.00021600834
5947,0.0027456335
5948,0.0056306995
5949,0.004864133
5950,0.0012740084
5951,0.00023520003
5952,0.00045630004
5953,0.0052271998
5954,0.0005764084
5955,0.0004840083
5956,0.005174534
5957,0.009523009
5958,0.007347675
5959,0.0015194083
5960,0.0006580083
5961,0.0071147997
5962,0.0136107
5963,0.000279075
5964,0.00013440834
5965,0.00020540835
5966,0.0023408332
5967,0.0041772006
5968,0.0027552084
5969,6.1633335e-05
5970,0.00024940833
5971,0.0032865335
5972,0.0075684097
5973,0.008704035
5974,0.0054405336
5975,1.4008336e-05
5976,0.0005376334
5977,0.0009918751
5978,0.0009918751
5979,0.00081640837
5980,2.340833e-05
5981,6.600833e-05
5982,0.0012936335
5983,0.0035970751
5984,0.0044896337
5985,0.0025761332
5986,0.000210675
5987,0.00091300835
5988,0.00040700837
5989,0.00046413334
5990,0.00058963336
5991,0.00070083333
5992,0.00075000006
5993,0.007145634
5994,0.011427009
5995,0.006825209
5996,0.0004181333
5997,0.0030502086
5998,0.013272034
5999,0.0007056751
6000,0.00043319998
6001,0.004575675
6002,0.008534533
6003,0.0066752094
6004,0.0014282999
6005,0.00056333333
6006,0.0064680083
6007,0.012648534
6008,0.0122210095
6009,0.006091875
6010,4.5633336e-05
6011,0.0008480083
6012,0.0010384084
6013,6.75e-07
6014,4.083333e-07
6015,0.000108299995
6016,9.187501e-05
6017,0.0015552
6018,0.00028829998
6019,0.00030083334
6020,0.0003300083
6021,0.0030000003
6022,0.0042602085
6023,0.0
6024,0.000516675
6025,0.0022794085
6026,0.0043923
6027,0.005057009
6028,0.0035208336
6029,0.0011470084
6030,2.7e-06
6031,0.00013867502
6032,0.0016502083
6033,0.00020803335
6034,0.00023520003
6035,0.0003605333
6036,0.0044165333
6037,0.009152534
6038,0.008585209
6039,0.0031827001
6040,1.3333334e-07
6041,0.0033390748
6042,0.00058963336
6043,0.005174534
6044,0.010230534
6045,0.00024653334
6046,0.0013266751
6047,0.00012403334
6048,0.0008748
6049,0.0011531999
6050,2.7e-06
6051,0.00044467498
6052,0.0019120085
6053,0.0038194088
6054,0.00015413333
6055,0.0012160332
6056,0.00013867502
6057,9.363332e-05
6058,0.0006721334
6059,0.00059853337
6060,7.5e-06
6061,0.0010208334
6062,0.00035707498
6063,0.0039102086
6064,0.008085209
6065,0.00016100833
6066,0.00051253336
6067,8.533334e-06
6068,1.2000002e-06
6069,0.000210675
6070,0.00011800835
6071,0.0017864085
6072,0.00030720004
6073,0.00031040836
6074,0.00033667503
6075,0.0030502086
6076,0.004332009
6077,0.0
6078,9.363332e-05
6079,0.00020803335
6080,0.002910675
6081,0.0069311997
6082,0.00788941
6083,0.0044774082
6084,4.4408334e-05
6085,0.00014740834
6086,0.0015987
6087,0.0034884084
6088,0.0043080086
6089,0.0035643002
6090,0.0020172002
6091,0.0006816333
6092,6.4533335e-05
6093,1.9200002e-05
6094,0.00023800835
6095,0.0006075001
6096,0.0010920333
6097,0.0016502083
6098,0.0021252085
6099,0.0022446748
6100,3.3075e-05
6101,2.43e-05
6102,0.0003040083
6103,0.00046020836
6104,0.00011407501
6105,7.680001e-05
6106,0.0016133332
6107,0.004575675
6108,0.0064094085
6109,0.0051352084
6110,7.500001e-08
6111,0.000116033334
6112,1.6133334e-05
6113,0.00021600834
6114,0.00081640837
6115,0.0018565333
6116,0.0001323
6117,0.00016803335
6118,0.0022360333
6119,0.00024940833
6120,0.0017025335
6121,0.0022274083
6122,0.00075500837
6123,0.00014963334
6124,0.00041070004
6125,0.00055900833
6126,0.0063074995
6127,0.0006030083
6128,0.0041772006
6129,0.00023800835
6130,0.0010092
6131,0.0007854083
6132,7.008333e-06
6133,0.0012480749
6134,0.005018133
6135,0.00034340835
6136,0.0026226752
6137,0.004876875
6138,5.8800008e-05
6139,6.75e-07
6140,1.6875001e-05
6141,4.2008338e-05
6142,0.0009020084
6143,0.0029900083
6144,0.004876875
6145,0.0046500755
6146,7.5e-06
6147,2.4083333e-06
6148,3.3075e-05
6149,1.6875001e-05
6150,0.0003924084
6151,0.00013440834
6152,0.0018802084
6153,0.004876875
6154,0.00020540835
6155,0.0012936335
6156,0.0021168
6157,0.001287075
6158,3.7408336e-05
6159,0.0011470084
6160,0.0049024085
6161,0.008019675
6162,0.007316409
6163,0.0035643002
6164,0.0004485333
6165,0.00031363333
6166,0.0021252085
6167,0.00014520001
6168,0.0012288002
6169,0.0030401333
6170,0.0043681334
6171,0.0040950086
6172,0.0023941335
6173,3.0083336e-06
6174,0.00014083333
6175,1.3333334e-05
6176,0.000180075
6177,0.0007301334
6178,0.0017556751
6179,0.0028616334
6180,0.0032865335
6181,0.0025484087
6182,0.001098075
6183,7.5208336e-05
6184,0.00030720004
6185,0.0015768749
6186,0.00014520001
6187,0.0015336752
6188,0.00025813334
6189,0.0027552084
6190,0.006006675
6191,0.00014520001
6192,3.9675004e-05
6193,0.00024940833
6194,0.00015413333
6195,3.8533333e-05
6196,0.00014963334
6197,0.00028213335
6198,0.0036520334
6199,0.00042563336
6200,0.00030720004
6201,0.00025813334
6202,0.0019360333
6203,0.002091675
6204,0.00032669998
6205,0.00081120007
6206,0.005589675
6207,0.01028601
6208,0.009434134
6209,0.003921633
6210,0.00012200834
6211,0.0022274083
6212,0.004380208
6213,0.004380208
6214,0.002736075
6215,0.0011041333
6216,0.0003040083
6217,8.333335e-05
6218,6.020834e-05
6219,7.2074996e-05
6220,3.3333336e-08
6221,5.2008338e-05
6222,5.2008338e-05
6223,0.0009918751
6224,0.003151875
6225,0.005018133
6226,0.00010267501
6227,0.0005292
6228,0.0009296334
6229,0.00059853337
6230,1.08e-05
6231,0.0007701334
6232,0.0033920333
6233,0.00028829998
6234,0.0026133335
6235,0.005576033
6236,0.0056306995
6237,1.2000002e-06
6238,0.00017520833
6239,0.00070083333
6240,0.0014214085
6241,0.0021168
6242,0.0024934085
6243,5.740834e-05
6244,0.00052500836
6245,0.0014008334
6246,0.0016280335
6247,8.333334e-09
6248,0.00017520833
6249,0.00091300835
6250,0.0021930751
6251,0.0033708
6252,0.0035425334
6253,0.0024661333
6254,8.333334e-09
6255,4.32e-05
6256,6.533333e-06
6257,0.00012403334
6258,0.0006030083
6259,0.00011407501
6260,0.0015768749
6261,0.0042483
6262,0.0056033335
6263,0.0039102086
6264,1.0208334e-05
6265,7.3633346e-05
6266,0.0009020084
6267,0.0022446748
6268,0.00013653334
6269,0.0014352085
6270,0.0037744083
6271,0.0050440338
6272,4.4408334e-05
6273,7.3633346e-05
6274,4.32e-05
6275,1.2033334e-05
6276,0.00046020836
6277,0.0018174084
6278,0.000195075
6279,0.00022963336
6280,0.00032013337
6281,0.003402675
6282,0.00024367501
6283,8.333335e-05
6284,0.0003640084
6285,0.00010083333
6286,0.00026107504
6287,0.0023852084
6288,0.0054675005
6289,0.0063365335
6290,0.003796875
6291,2.7074999e-05
6292,0.00086403335
6293,0.000116033334
6294,0.0012224084
6295,0.00020540835
6296,0.0023408332
6297,0.0003333334
6298,0.0030805336
6299,0.005838076
6300,0.0047502085
6301,0.0011041333
6302,0.0002523
6303,0.00046807507
6304,0.005346675
6305,0.011078409
6306,0.000279075
6307,0.00013653334
6308,0.0015552
6309,0.0028714086
6310,0.0019440751
6311,0.0001323
6312,0.00027300834
6313,0.00046807507
6314,0.0006075001
6315,0.0067350087
6316,0.012979201
6317,0.011174701
6318,0.0035100086
6319,0.00031363333
6320,0.00056333333
6321,0.0058102086
6322,0.00056333333
6323,0.004600409
6324,0.00046413334
6325,0.00037100833
6326,0.00038163335
6327,0.0034133336
6328,0.004826009
6329,0.0020418752
6330,3.7408336e-05
6331,0.0041301334
6332,0.011290802
6333,0.013419676
6334,5.740834e-05
6335,3.4133336e-05
6336,2.1333335e-06
6337,6.533333e-06
6338,9.075001e-06
6339,0.00029140836
6340,0.0013333336
6341,0.000180075
6342,0.0020336334
6343,0.0047376333
6344,0.00013653334
6345,0.00058963336
6346,1.4700002e-05
6347,1.0083334e-06
6348,0.00015640832
6349,0.0009976333
6350,0.0026320333
6351,0.0040368
6352,0.0038081335
6353,0.0019602084
6354,2.1675003e-05
6355,0.0005852083
6356,0.0014076749
6357,8.0033344e-05
6358,0.00091300835
6359,0.0027744086
6360,0.004440834
6361,0.0042602085
6362,0.0021845335
6363,0.00024083335
6364,0.00038520835
6365,0.00022140834
6366,0.0024300003
6367,0.005454009
6368,0.006586009
6369,0.004826009
6370,0.0018723003
6371,0.00012607501
6372,8.8408335e-05
6373,0.0009690084
6374,0.0018960749
6375,0.0022102084
6376,4.5633336e-05
6377,7.053334e-05
6378,0.0013266751
6379,0.00023800835
6380,0.002142075
6381,0.0036741337
6382,1.4700002e-05
6383,1.6133334e-05
6384,0.00046413334
6385,0.0017941332
6386,0.0035100086
6387,0.00014520001
6388,0.0011781335
6389,0.0025392002
6390,0.0024390086
6391,2.1333335e-06
6392,6.3075e-05
6393,0.00013020835
6394,0.0019360333
6395,0.0050440338
6396,0.006660301
6397,7.2074996e-05
6398,2.1675003e-05
6399,0.0002523
6400,0.00037807503
6401,3.0083336e-06
6402,5.6033343e-05
6403,0.0011224084
6404,0.0034668753
6405,0.005333334
6406,0.004775409
6407,3.6750005e-06
6408,2.8033332e-05
6409,7.5e-06
6410,0.00014520001
6411,0.0006627
6412,0.0017025335
6413,0.0028910085
6414,0.0033920333
6415,0.0026602084
6416,0.0011531999
6417,8.0033344e-05
6418,0.00032013337
6419,0.00014300835
6420,0.00019000833
6421,0.0025208336
6422,0.0061061336
6423,0.0075050085
6424,0.005161409
6425,0.0014700001
6426,0.00010640834
6427,0.0001728
6428,0.0017864085
6429,0.0037856335
6430,0.0045141336
6431,6.4533335e-05
6432,0.00049613335
6433,0.0015696336
6434,0.0023941335
6435,2.2533332e-05
6436,9.633333e-06
6437,2.7074999e-05
6438,0.00043319998
6439,0.0001323
6440,0.0018486752
6441,0.0048133335
6442,0.00020540835
6443,0.001287075
6444,0.0021168
6445,0.001287075
6446,3.8533333e-05
6447,0.0011470084
6448,0.0049024085
6449,0.008019675
6450,0.007316409
6451,0.0035643002
6452,0.0004485333
6453,0.00031363333
6454,0.0021252085
6455,0.0034133336
6456,0.0030906748
6457,0.0018881336
6458,4.4083336e-06
6459,9.187501e-05
6460,0.0006721334
6461,0.0016133332
6462,0.0017327999
6463,0.000648675
6464,2.9008334e-05
6465,0.00024653334
6466,0.0032970088
6467,0.0076161334
6468,0.008772301
6469,4.6875004e-05
6470,6.7500005e-05
6471,0.00012813334
6472,8.670001e-05
6473,1.2675001e-05
6474,0.00046020836
6475,0.0018174084
6476,0.0035643002
6477,0.004344034
6478,0.0033285336
6479,3.0000004e-07
6480,4.8133337e-05
6481,0.00012
6482,0.00024653334
6483,0.00055900833
6484,0.0012096752
6485,0.0021084086
6486,0.00010453333
6487,0.0010092
6488,0.0001323
6489,0.0010034083
6490,0.0013534083
6491,0.00042563336
6492,0.00016803335
6493,0.0027075
6494,0.006660301
6495,0.00026107504
6496,0.0001728
6497,0.00020540835
6498,0.0019521335
6499,9.187501e-05
6500,7.5e-06
6501,6.533333e-06
6502,6.4533335e-05
6503,0.0013266751
6504,0.003921633
6505,0.0054945336
6506,5.3333337e-05
6507,4.8000006e-06
6508,2.0008336e-05
6509,6.75e-07
6510,0.00024083335
6511,0.0013134085
6512,0.00019253335
6513,0.00024367501
6514,0.0030200335
6515,0.0060776332
6516,0.005161409
6517,0.0013067999
6518,0.00025520835
6519,0.0041536335
6520,0.00050840835
6521,0.0044286754
6522,0.008961409
6523,0.008926875
6524,0.004212675
6525,0.00025520835
6526,0.00032013337
6527,0.00041070004
6528,0.004344034
6529,0.008823675
6530,0.009205009
6531,3.7408336e-05
6532,7.840833e-05
6533,0.00030720004
6534,0.0005504083
6535,0.0003605333
6536,2.1333335e-06
6537,0.00012200834
6538,0.0020254082
6539,0.0053067002
6540,0.006961634
6541,0.005161409
6542,0.001710075
6543,1.875e-06
6544,0.0012936335
6545,0.0036852083
6546,0.0046625338
6547,0.0036520334
6548,0.0018960749
6549,0.0006440333
6550,6.75e-07
6551,5.333334e-07
6552,3.7408336e-05
6553,7.053334e-05
6554,2.1333335e-06
6555,0.00024653334
6556,0.00014740834
6557,0.0021168
6558,0.0003333334
6559,0.0031212
6560,0.00028520834
6561,0.0018018751
6562,6.600833e-05
6563,0.000108299995
6564,4.4083336e-06
6565,0.0006912
6566,0.00023240835
6567,0.0027936753
6568,0.00034340835
6569,0.00026403333
6570,0.0023763
6571,0.0033708
6572,0.0013601334
6573,6.600833e-05
6574,0.00049207505
6575,0.0060350085
6576,0.012444034
6577,0.00026700835
6578,8.670001e-05
6579,0.0008060083
6580,3.6300004e-05
6581,5.333334e-07
6582,1.6133334e-05
6583,0.000567675
6584,0.0022533333
6585,0.0042008334
6586,0.0045141336
6587,0.0026414085
6588,0.00042940833
6589,0.00026403333
6590,0.00024083335
6591,0.00029767503
6592,0.0035752086
6593,0.0004524084
6594,0.0040484085
6595,0.008003333
6596,0.00014740834
6597,0.00044467498
6598,0.00041440837
6599,3.2033335e-05
6600,0.00010267501
6601,0.00023240835
6602,0.00037100833
6603,0.0045141336
6604,0.009345674
6605,0.008704035
6606,0.0032033334
6607,5.333334e-07
6608,0.0034240086
6609,0.0094518745
6610,0.011213333
6611,7.053334e-05
6612,0.00023240835
6613,0.0008216334
6614,0.0015194083
6615,0.0014008334
6616,2.1333335e-06
6617,4.8133337e-05
6618,0.0008533334
6619,0.0026133335
6620,0.0042721336
6621,0.004440834
6622,0.0028714086
6623,0.0008533334
6624,0.0
6625,0.00072520843
6626,0.0021084086
6627,0.0029502087
6628,7.2074996e-05
6629,8.670001e-05
6630,0.0015052083
6631,0.0039905333
6632,0.00014520001
6633,5.6033343e-05
6634,0.0003745333
6635,0.00027603333
6636,9.075001e-06
6637,0.0011163
6638,0.0039445334
6639,0.0062496336
6640,0.005548801
6641,0.0024300003
6642,0.00011800835
6643,0.0008427
6644,0.00027000002
6645,0.002679075
6646,0.00032669998
6647,0.0031314085
6648,0.006855408
6649,0.00020280002
6650,9.72e-05
6651,0.0009185334
6652,0.0013200332
6653,0.0004485333
6654,0.00013867502
6655,0.000316875
6656,0.004071675
6657,0.008978699
6658,0.0094518745
6659,0.0047502085
6660,8.0033344e-05
6661,0.0017864085
6662,0.00019253335
6663,0.0017025335
6664,0.00023800835
6665,0.00028213335
6666,0.0004033333
6667,0.00049207505
6668,0.0049152006
6669,0.00032669998
6670,0.0015052083
6671,0.0012936335
6672,6.900833e-05
6673,0.001171875
6674,0.00046807507
6675,0.004940833
6676,0.009810209
6677,0.00017040833
6678,0.0004720334
6679,0.00042187504
6680,2.8033332e-05
6681,0.0004408334
6682,0.0025025331
6683,0.0050830087
6684,0.0058520334
6685,0.0039560087
6686,0.001171875
6687,1.2000002e-06
6688,0.001098075
6689,0.0029403002
6690,0.00013020835
6691,0.0011656334
6692,0.00021333335
6693,0.0024120333
6694,0.005454009
6695,0.00014300835
6696,0.0005764084
6697,0.00061653333
6698,9.540834e-05
6699,0.00033667503
6700,0.002511675
6701,0.00030720004
6702,0.0029800336
6703,0.00033667503
6704,0.0026226752
6705,0.00017040833
6706,0.0007650751
6707,4.0333334e-06
6708,7.3633346e-05
6709,0.0008060083
6710,0.0025208336
6711,0.004189009
6712,0.0041654087
6713,1.08e-05
6714,4.083333e-07
6715,1.08e-05
6716,1.2675001e-05
6717,5.2008338e-05
6718,0.0010561333
6719,0.0033180085
6720,0.005187676
6721,0.004725075
6722,0.0022188004
6723,0.000165675
6724,0.0005764084
6725,0.0028421334
6726,0.00020540835
6727,0.0018565333
6728,0.0044896337
6729,0.005838076
6730,0.0044530085
6731,0.0015987
6732,1.6875001e-05
6733,0.00017040833
6734,0.0020336334
6735,0.004344034
6736,0.005057009
6737,0.0038194088
6738,0.0018408335
6739,0.0004524084
6740,6.533333e-06
6741,0.000108299995
6742,0.00032669998
6743,2.6133332e-05
6744,0.00041070004
6745,0.0015480085
6746,0.00017520833
6747,0.0002187
6748,0.0027648
6749,0.0056581334
6750,8.1674996e-05
6751,0.000108299995
6752,3.3333336e-06
6753,0.00028829998
6754,0.00016100833
6755,0.00026700835
6756,0.0034884084
6757,0.00041070004
6758,0.0031416332
6759,0.0050052083
6760,0.002970075
6761,0.00013020835
6762,0.00041070004
6763,0.0056033335
6764,0.011900209
6765,0.012200834
6766,0.0062785344
6767,0.0007600333
6768,0.00027603333
6769,0.0031724083
6770,0.005589675
6771,0.00010267501
6772,0.0006721334
6773,0.0020254082
6774,0.0035100086
6775,0.0037296754
6776,1.6875001e-05
6777,8.533334e-06
6778,3.0000004e-07
6779,1.2675001e-05
6780,5.740834e-05
6781,0.0011163
6782,0.0034454088
6783,0.00022413337
6784,0.0018881336
6785,0.0037632005
6786,0.0032970088
6787,0.00088563334
6788,0.00018253335
6789,0.0033285336
6790,0.0077120336
6791,0.00026700835
6792,0.00018750002
6793,0.00026403333
6794,0.0003040083
6795,0.0027840333
6796,0.0039675003
6797,8.333334e-09
6798,9.0133326e-05
6799,0.0016060084
6800,0.0044774082
6801,0.0062352084
6802,8.333335e-05
6803,0.0003300083
6804,0.0005852083
6805,0.00037807503
6806,2.1333335e-06
6807,0.0006674084
6808,0.0028812
6809,0.00026107504
6810,0.0024570748
6811,0.005333334
6812,0.0054945336
6813,0.0024390086
6814,3.6300004e-05
6815,0.0003300083
6816,0.004189009
6817,0.008840834
6818,0.009434134
6819,4.32e-05
6820,9.540834e-05
6821,2.9008334e-05
6822,0.00032013337
6823,0.0004720334
6824,0.00011407501
6825,0.00019763334
6826,0.0019845334
6827,0.004826009
6828,0.00021600834
6829,0.0016133332
6830,0.00016333334
6831,0.0011346751
6832,0.001491075
6833,0.00046413334
6834,0.00012607501
6835,0.0024752086
6836,0.006365634
6837,0.00027000002
6838,0.00018253335
6839,0.00021333335
6840,0.0020254082
6841,0.0029008337
6842,0.0011594085
6843,7.2074996e-05
6844,0.0004524084
6845,0.005617009
6846,0.011741408
6847,0.01150521
6848,0.005122134
6849,0.00020540835
6850,0.0019602084
6851,0.0072230087
6852,0.009434134
6853,0.006630534
6854,0.0023585334
6855,0.00018750002
6856,4.32e-05
6857,1.3333334e-05
6858,3.1008334e-05
6859,2.7074999e-05
6860,6.7500005e-05
6861,0.00031363333
6862,0.0010740083
6863,0.0023408332
6864,0.0033602086
6865,7.2074996e-05
6866,0.0004408334
6867,0.00083740836
6868,0.0005764084
6869,2.340833e-05
6870,0.0008060083
6871,0.00020280002
6872,0.0024480335
6873,0.0058660083
6874,0.006900834
6875,0.004141875
6876,0.0006533334
6877,0.00042940833
6878,0.00035363334
6879,0.0036963
6880,0.007664008
6881,0.008300033
6882,4.5633336e-05
6883,0.00013653334
6884,3.5208333e-05
6885,0.00037100833
6886,0.0005376334
6887,2.7e-06
6888,0.00035020834
6889,0.0016133332
6890,0.0034347004
6891,0.0044286754
6892,0.0035534084
6893,0.0014700001
6894,6.7500005e-05
6895,0.0005292
6896,0.0022620086
6897,0.0036520334
6898,9.9008335e-05
6899,0.0008802084
6900,0.0025761332
6901,0.00016333334
6902,0.00012403334
6903,0.0011844083
6904,0.001710075
6905,8.333334e-07
6906,0.00041440837
6907,0.0018802084
6908,0.000210675
6909,0.0022102084
6910,0.0050052083
6911,0.00013653334
6912,0.00056333333
6913,0.0006120084
6914,9.72e-05
6915,0.00032669998
6916,0.0024843
6917,0.005427075
6918,0.0064240335
6919,0.0043923
6920,0.001287075
6921,2.7e-06
6922,0.0012610084
6923,0.0032760752
6924,0.00013440834
6925,0.0011594085
6926,0.000210675
6927,0.0023852084
6928,0.0003040083
6929,0.0024843
6930,0.0040950086
6931,1.4008336e-05
6932,1.9200002e-05
6933,7.3633346e-05
6934,0.0013134085
6935,0.00026700835
6936,0.002910675
6937,0.0063074995
6938,0.0063365335
6939,0.0026885336
6940,2.2533332e-05
6941,0.00038163335
6942,0.0046750084
6943,0.009666075
6944,0.00026107504
6945,0.0015987
6946,0.00019253335
6947,0.0016800084
6948,0.002910675
6949,0.0018644085
6950,9.72e-05
6951,0.00028213335
6952,0.0041067
6953,0.009240076
6954,0.0101752095
6955,0.005894009
6956,2.9008334e-05
6957,0.0008321334
6958,6.600833e-05
6959,0.0005376334
6960,9.540834e-05
6961,0.001287075
6962,0.0036410084
6963,0.00021600834
6964,0.00018500832
6965,0.00022140834
6966,0.0020750083
6967,9.9008335e-05
6968,8.008334e-06
6969,5.208334e-06
6970,6.600833e-05
6971,0.0013467001
6972,0.00027300834
6973,0.00029767503
6974,0.0031416332
6975,0.005400209
6976,0.0034454088
6977,7.840833e-05
6978,0.0023056336
6979,0.0060208333
6980,0.0077120336
6981,0.005782408
6982,0.0022102084
6983,0.00011800835
6984,0.00011800835
6985,0.00012813334
6986,0.0013467001
6987,0.0030000003
6988,0.00014083333
6989,0.0013534083
6990,0.00023240835
6991,0.0023763
6992,0.004775409
6993,0.0041184085
6994,0.0010740083
6995,0.00020540835
6996,0.0034776332
6997,0.007905634
6998,0.008978699
6999,0.0057963002
7000,3.3333336e-06
7001,2.0008336e-05
7002,8.1674996e-05
7003,9.363332e-05
7004,0.00013653334
7005,2.8033332e-05
7006,0.0006256333
7007,0.0023144083
7008,0.00020803335
7009,0.00020540835
7010,0.00024083335
7011,0.0022620086
7012,0.0032344083
7013,7.500001e-08
7014,0.00047600834
7015,0.0021252085
7016,0.0041772006
7017,0.00015640832
7018,0.0012033334
7019,0.0025484087
7020,0.0024210084
7021,2.4083333e-06
7022,0.0004033333
7023,0.00012200834
7024,0.000195075
7025,0.0027552084
7026,0.0003924084
7027,0.0034992
7028,0.0064827004
7029,0.0051483
7030,2.0833337e-05
7031,0.0011531999
7032,0.0032448003
7033,0.00018500832
7034,0.00019000833
7035,0.0026226752
7036,0.0060350085
7037,0.00015640832
7038,0.00061653333
7039,1.4008336e-05
7040,6.75e-07
7041,0.00015187502
7042,0.0010860085
7043,0.0028714086
7044,0.000180075
7045,0.00016803335
7046,0.0019360333
7047,0.0035100086
7048,0.0023408332
7049,0.00016333334
7050,0.0012480749
7051,0.0061490084
7052,0.010138408
7053,0.008944133
7054,5.633333e-06
7055,4.4083336e-06
7056,9.075001e-06
7057,7.5e-06
7058,4.6875004e-05
7059,0.00032340837
7060,0.0011781335
7061,0.00015187502
7062,0.0017941332
7063,0.00025813334
7064,0.0002187
7065,0.0020172002
7066,0.0028812
7067,0.0011408334
7068,7.680001e-05
7069,0.0033285336
7070,0.008840834
7071,0.0107163
7072,0.006825209
7073,0.0015265334
7074,0.00014300835
7075,0.0029008337
7076,0.0056581334
7077,0.0054405336
7078,0.0030603004
7079,1.3333334e-07
7080,7.500001e-08
7081,0.000180075
7082,0.0009185334
7083,0.0014770086
7084,0.00088563334
7085,3.9675004e-05
7086,0.00015640832
7087,0.0022707
7088,0.0056994082
7089,0.0072230087
7090,0.0051483
7091,0.0015841334
7092,8.333334e-07
7093,0.00021600834
7094,0.0023941335
7095,0.0049152006
7096,0.00016100833
7097,0.0012936335
7098,0.0033285336
7099,0.0045018755
7100,0.0033390748
7101,4.4083336e-06
7102,0.00036750003
7103,0.0010502083
7104,0.0016950082
7105,0.002091675
7106,6.3075e-05
7107,0.00071540836
7108,0.002142075
7109,0.0030200335
7110,0.0020418752
7111,0.00029767503
7112,0.00044467498
7113,0.0033075
7114,0.006512134
7115,0.0070074084
7116,0.0045018755
7117,0.0014008334
7118,2.0833337e-05
7119,0.00049207505
7120,0.0014076749
7121,0.0017252085
7122,0.0014490751
7123,0.0010680334
7124,0.0008802084
7125,0.0008965335
7126,0.00097470003
7127,0.00086403335
7128,0.00042940833
7129,1.5408334e-05
7130,0.00034340835
7131,0.00015640832
7132,0.0020254082
7133,0.005122134
7134,0.006630534
7135,0.0049152006
7136,5.333334e-07
7137,0.000180075
7138,0.00038520835
7139,2.0833337e-05
7140,0.0003333334
7141,0.00011800835
7142,0.0017327999
7143,0.004600409
7144,0.00020280002
7145,0.0013134085
7146,8.8408335e-05
7147,0.00039603334
7148,0.00024653334
7149,2.43e-05
7150,0.0012545333
7151,0.0041067
7152,0.0062496336
7153,0.0053868005
7154,0.0022620086
7155,8.670001e-05
7156,0.00088563334
7157,0.0034454088
7158,0.00020020833
7159,0.001710075
7160,0.0041654087
7161,0.00020020833
7162,0.0015768749
7163,0.00016333334
7164,0.0011408334
7165,4.4408334e-05
7166,6.75e-07
7167,5.8800008e-05
7168,8.500834e-05
7169,0.0015123001
7170,0.0042602085
7171,0.005740834
7172,4.8133337e-05
7173,7.053334e-05
7174,8.333334e-09
7175,9.633333e-06
7176,0.00032340837
7177,0.0014352085
7178,0.0031110086
7179,0.00015413333
7180,0.0013200332
7181,0.00015187502
7182,9.9008335e-05
7183,6.020834e-05
7184,0.00026107504
7185,4.4083336e-06
7186,0.0004485333
7187,0.0020584085
7188,0.0040950086
7189,0.0046252087
7190,0.0028421334
7191,0.0005208334
7192,0.00021600834
7193,0.00024940833
7194,0.0028130086
7195,0.006192034
7196,0.0072075003
7197,0.0049922997
7198,3.3333336e-08
7199,6.020834e-05
7200,3.8533333e-05
7201,5.633333e-06
7202,1.1408334e-05
7203,0.0001728
7204,0.00091300835
7205,0.0023763
7206,0.0037074084
7207,8.8408335e-05
7208,5.0700004e-05
7209,5.6033343e-05
7210,0.00041440837
7211,0.00032669998
7212,2.7e-06
7213,0.0010740083
7214,0.00031040836
7215,0.0034133336
7216,0.0072385343
7217,0.0070533343
7218,2.0833335e-07
7219,4.9408336e-05
7220,0.0006816333
7221,0.00012403334
7222,0.00018500832
7223,0.00031040836
7224,0.003933075
7225,0.008350008
7226,0.008019675
7227,0.0031110086
7228,2.1333335e-06
7229,0.0029601331
7230,0.00867
7231,0.0107163
7232,0.0072852084
7233,6.75e-07
7234,9.9008335e-05
7235,1.6875001e-05
7236,1.8408336e-05
7237,0.00017520833
7238,0.000108299995
7239,3.5208333e-05
7240,0.00014083333
7241,0.0022188004
7242,0.0056581334
7243,0.0069160094
7244,0.0043200003
7245,0.0007650751
7246,0.0003605333
7247,0.00035707498
7248,0.0037856335
7249,0.0004181333
7250,0.0037296754
7251,0.007792409
7252,0.008085209
7253,0.0040833335
7254,0.00035020834
7255,0.00027603333
7256,0.0034776332
7257,0.0069464087
7258,0.0071610743
7259,3.8533333e-05
7260,0.00017040833
7261,0.00075000006
7262,0.0015336752
7263,0.0015052083
7264,1.0083334e-06
7265,0.00026700835
7266,0.0011408334
7267,0.0024300003
7268,0.0034240086
7269,8.670001e-05
7270,7.680001e-05
7271,0.0010325334
7272,9.9008335e-05
7273,0.00050840835
7274,1.875e-06
7275,8.8408335e-05
7276,0.00010083333
7277,0.0016650752
7278,0.00029767503
7279,0.0029205335
7280,0.0056581334
7281,0.0046875
7282,0.0011285334
7283,0.000316875
7284,0.000516675
7285,0.005782408
7286,0.011800835
7287,0.011820677
7288,0.0059220744
7289,0.0006627
7290,0.00071053335
7291,0.0040484085
7292,0.0058660083
7293,6.600833e-05
7294,0.00038163335
7295,0.000116033334
7296,0.00020280002
7297,0.00029767503
7298,0.0032033334
7299,0.00023240835
7300,0.001098075
7301,0.00091300835
7302,3.9675004e-05
7303,0.00019000833
7304,0.0028033333
7305,0.0004033333
7306,0.0003640084
7307,0.0037185336
7308,0.0062640756
7309,0.003921633
7310,0.0002523
7311,0.00046807507
7312,0.00071540836
7313,0.007824676
7314,0.015277635
7315,0.01388901
7316,2.0833335e-07
7317,0.0004033333
7318,5.2008338e-05
7319,5.6033343e-05
7320,0.00011020835
7321,0.0017252085
7322,0.004637634
7323,0.00023520003
7324,0.0017941332
7325,0.0035316749
7326,0.0030805336
7327,0.0008216334
7328,0.000180075
7329,0.0031930087
7330,0.0074261334
7331,0.008636033
7332,0.0057546757
7333,0.0017710081
7334,1.2675001e-05
7335,0.0007803
7336,0.0020501334
7337,0.0022881336
7338,2.43e-05
7339,0.00025813334
7340,0.0012288002
7341,0.0028324083
7342,0.0037520085
7343,0.0028227004
7344,0.0008216334
7345,3.3075e-05
7346,0.0016354084
7347,0.004296033
7348,0.005617009
7349,0.0045880335
7350,0.0023408332
7351,2.7e-06
7352,3.6750005e-06
7353,2.7e-06
7354,6.75e-07
7355,2.7074999e-05
7356,0.00030083334
7357,0.0012160332
7358,0.00016333334
7359,0.0018881336
7360,0.0044896337
7361,0.004979409
7362,5.633333e-06
7363,1.6875001e-05
7364,0.00032013337
7365,0.0011041333
7366,0.0022274083
7367,0.0031008334
7368,0.0031110086
7369,0.0021252085
7370,0.0007854083
7371,2.5208332e-05
7372,0.00033667503
7373,0.0014145334
7374,0.0024752086
7375,0.0029008337
7376,0.0025668752
7377,0.0017710081
7378,0.00091300835
7379,0.000279075
7380,7.008333e-06
7381,2.8033332e-05
7382,0.00046020836
7383,0.00010453333
7384,0.00017040833
7385,0.0024934085
7386,0.006134701
7387,0.007254075
7388,0.004356075
7389,3.2033335e-05
7390,0.0010150084
7391,0.0023056336
7392,0.0028130086
7393,0.0024210084
7394,0.0016576335
7395,1.08e-05
7396,0.00014520001
7397,5.3333337e-05
7398,0.000541875
7399,0.0007854083
7400,2.1333335e-06
7401,0.0003640084
7402,0.00015187502
7403,0.0020833337
7404,0.0052668746
7405,0.0064974087
7406,0.0041301334
7407,2.1675003e-05
7408,0.00010083333
7409,0.0011656334
7410,0.0027265332
7411,0.0036852083
7412,0.0034347004
7413,0.0022794085
7414,0.0009861334
7415,0.00017763334
7416,1.2675001e-05
7417,0.00031363333
7418,0.0008321334
7419,6.900833e-05
7420,0.0009075
7421,0.00020540835
7422,0.0024300003
7423,0.0055216337
7424,0.0058102086
7425,0.0026414085
7426,9.72e-05
7427,0.0002523
7428,0.0029502087
7429,0.0064974087
7430,0.00022963336
7431,0.0001728
7432,0.0022188004
7433,0.004700009
7434,0.004212675
7435,0.0011781335
7436,0.00019763334
7437,0.0034133336
7438,0.007808534
7439,0.00026700835
7440,0.0018174084
7441,0.0039102086
7442,0.000108299995
7443,0.00047600834
7444,0.0005292
7445,8.0033344e-05
7446,9.9008335e-05
7447,0.0018644085
7448,0.0003300083
7449,0.0003640084
7450,0.004141875
7451,0.007905634
7452,9.0133326e-05
7453,7.840833e-05
7454,8.333334e-07
7455,0.0003888
7456,0.00016100833
7457,0.0021760087
7458,0.005454009
7459,0.006630534
7460,0.0041536335
7461,0.0007450084
7462,0.00033667503
7463,0.00034680005
7464,0.0036741337
7465,0.00768
7466,0.00023240835
7467,0.00016100833
7468,0.0020833337
7469,0.0044652
7470,7.5208336e-05
7471,0.00012200834
7472,9.633333e-06
7473,0.00024367501
7474,0.0015987
7475,0.000226875
7476,0.0024390086
7477,0.005427075
7478,0.0056718756
7479,0.0025576334
7480,4.5633336e-05
7481,0.00033667503
7482,0.0042721336
7483,0.0004840083
7484,0.0004370084
7485,0.004979409
7486,0.0100467
7487,0.00017763334
7488,3.1008334e-05
7489,1.3333334e-05
7490,2.2533332e-05
7491,2.0008336e-05
7492,0.0006721334
7493,0.0025300083
7494,0.0045018755
7495,0.0046252087
7496,0.0025484087
7497,2.340833e-05
7498,0.0006721334
7499,0.0015987
7500,0.0021505335
7501,6.1633335e-05
7502,0.00070083333
7503,0.002296875
7504,0.0037408334
7505,6.600833e-05
7506,0.000226875
7507,0.000226875
7508,1.0208334e-05
7509,0.00036750003
7510,0.0020584085
7511,0.004344034
7512,0.0052934084
7513,0.0038760337
7514,0.0013400083
7515,9.633333e-06
7516,0.0008427
7517,0.0026885336
7518,0.0037744083
7519,0.0033920333
7520,0.0021675
7521,0.0010150084
7522,0.00035020834
7523,7.680001e-05
7524,1.6333332e-06
7525,3.9675004e-05
7526,0.00025813334
7527,0.00081640837
7528,0.0017480336
7529,0.00012403334
7530,0.0013668751
7531,0.00021600834
7532,0.0019280084
7533,0.00014083333
7534,0.0006580083
7535,0.00048803337
7536,3.0000004e-07
7537,0.0012096752
7538,0.0045141336
7539,0.007099408
7540,0.006134701
7541,0.0025208336
7542,7.680001e-05
7543,0.0010860085
7544,0.0039675003
7545,0.005548801
7546,8.500834e-05
7547,0.00059853337
7548,0.00014520001
7549,0.0017404085
7550,0.00020280002
7551,0.0014282999
7552,0.0018881336
7553,0.0006256333
7554,0.00013867502
7555,0.0027170083
7556,0.00042187504
7557,0.004002075
7558,0.008019675
7559,0.0074418755
7560,0.0027648
7561,1.3333334e-07
7562,0.0029403002
7563,0.008316676
7564,0.010138408
7565,0.0068856752
7566,0.0022620086
7567,5.3333337e-05
7568,0.0005852083
7569,0.000594075
7570,0.000210675
7571,2.43e-05
7572,1.6333332e-06
7573,0.00020540835
7574,0.001287075
7575,0.0031416332
7576,0.0041772006
7577,0.0030906748
7578,0.00086403335
7579,4.9408336e-05
7580,0.0018486752
7581,0.0046500755
7582,0.00020020833
7583,0.000180075
7584,0.0025025331
7585,0.0057963002
7586,0.006134701
7587,0.0028033333
7588,5.6033343e-05
7589,0.0018330083
7590,0.0004840083
7591,0.0046625338
7592,0.009558675
7593,0.0098826755
7594,0.005346675
7595,0.00081120007
7596,0.0003640084
7597,0.0030000003
7598,0.004928008
7599,8.333335e-05
7600,0.0005720334
7601,0.0018408335
7602,0.0033496334
7603,0.0037296754
7604,0.0023496752
7605,0.00048
7606,0.00013440834
7607,0.0018565333
7608,0.0041067
7609,0.00016333334
7610,0.0014008334
7611,0.003586134
7612,0.0047628004
7613,4.2008338e-05
7614,7.5208336e-05
7615,4.6875004e-05
7616,1.2033334e-05
7617,0.00042187504
7618,0.001710075
7619,0.0034454088
7620,0.004296033
7621,0.0033602086
7622,0.0013668751
7623,5.6033343e-05
7624,0.0005208334
7625,0.0021675
7626,0.00015640832
7627,0.0015194083
7628,0.0002523
7629,0.0026980087
7630,0.0059080343
7631,0.0060208333
7632,1.6333332e-06
7633,3.3075e-05
7634,0.00050840835
7635,0.000108299995
7636,0.0014352085
7637,0.00026403333
7638,0.0028324083
7639,0.0061633335
7640,0.0062208
7641,0.0026602084
7642,2.43e-05
7643,0.0020584085
7644,0.0068403
7645,0.0003333334
7646,0.0024934085
7647,0.0003040083
7648,0.00028829998
7649,0.00031363333
7650,0.00027603333
7651,0.0020750083
7652,0.0022533333
7653,0.0003745333
7654,0.00079567503
7655,0.0056994082
7656,0.010565634
7657,0.009702009
7658,0.0040252088
7659,0.00010453333
7660,0.0018565333
7661,0.0063074995
7662,0.008068801
7663,7.3633346e-05
7664,4.2008338e-05
7665,0.0009185334
7666,0.0028033333
7667,0.00013440834
7668,0.00075000006
7669,2.43e-05
7670,1.4700002e-05
7671,8.0033344e-05
7672,0.00011407501
7673,0.0018565333
7674,0.000316875
7675,0.0030300752
7676,0.005824134
7677,0.004775409
7678,0.0011285334
7679,0.00034003335
7680,0.0005292
7681,0.0058660083
7682,0.011940075
7683,0.011900209
7684,1.8408336e-05
7685,7.5e-06
7686,8.008334e-06
7687,3.3333336e-06
7688,3.2033335e-05
7689,0.00029140836
7690,0.0011594085
7691,0.00015870002
7692,0.0018565333
7693,0.0044286754
7694,0.004953675
7695,0.0024752086
7696,9.9008335e-05
7697,0.0013067999
7698,0.005400209
7699,0.0082502095
7700,0.00013867502
7701,8.500834e-05
7702,0.0012936335
7703,0.0030805336
7704,0.0030805336
7705,0.0010384084
7706,6.4533335e-05
7707,0.002679075
7708,0.0070533343
7709,0.00029453338
7710,0.0021252085
7711,0.0044896337
7712,0.0046500755
7713,0.0021168
7714,7.840833e-05
7715,0.0017176333
7716,0.0041301334
7717,0.000180075
7718,0.00017040833
7719,0.0023941335
7720,0.005617009
7721,0.006006675
7722,0.0027840333
7723,6.4533335e-05
7724,0.0017556751
7725,0.006453333
7726,0.009170008
7727,0.0073008006
7728,0.0031212
7729,2.9008334e-05
7730,0.00041070004
7731,7.5e-06
7732,2.0833337e-05
7733,9.540834e-05
7734,0.00042940833
7735,9.72e-05
7736,0.0014421332
7737,0.0040252088
7738,0.00019763334
7739,0.00012607501
7740,0.0011970083
7741,5.6033343e-05
7742,2.4083333e-06
7743,3.3075e-05
7744,0.00055900833
7745,0.002091675
7746,0.0038874084
7747,0.0042364085
7748,0.0025484087
7749,1.4700002e-05
7750,0.0005208334
7751,0.0013200332
7752,0.0019120085
7753,0.0021084086
7754,5.0700004e-05
7755,0.0005852083
7756,0.00013653334
7757,0.0014352085
7758,0.0026320333
7759,1.3333334e-05
7760,2.43e-05
7761,0.0004408334
7762,0.0016502083
7763,0.000180075
7764,0.0019521335
7765,0.0045510083
7766,0.0049922997
7767,4.8000006e-06
7768,8.333335e-05
7769,4.32e-05
7770,0.0007056751
7771,0.0022533333
7772,0.0038874084
7773,0.00012607501
7774,0.0009861334
7775,0.0021845335
7776,0.0021590083
7777,0.0007203
7778,6.3075e-05
7779,0.0021760087
7780,0.0003745333
7781,0.000399675
7782,0.0046875
7783,0.009594409
7784,0.008840834
7785,4.083333e-07
7786,7.840833e-05
7787,0.0009918751
7788,0.0024390086
7789,0.00014083333
7790,0.0014282999
7791,0.0037632005
7792,0.000180075
7793,0.00011800835
7794,0.0011224084
7795,0.0016133332
7796,0.0005764084
7797,0.00012
7798,0.0027170083
7799,0.0069921343
7800,0.008653008
7801,0.005838076
7802,7.5e-06
7803,0.00042940833
7804,0.000826875
7805,0.0008802084
7806,2.1675003e-05
7807,5.3333337e-05
7808,0.00015187502
7809,0.0023232002
7810,0.00032340837
7811,0.0026602084
7812,0.00017763334
7813,5.740834e-05
7814,0.0002187
7815,2.6133332e-05
7816,0.00038520835
7817,0.00024083335
7818,0.0030300752
7819,0.0067050746
7820,0.006765008
7821,0.0028714086
7822,2.340833e-05
7823,0.0022446748
7824,0.007332033
7825,0.00034340835
7826,0.002511675
7827,0.005427075
7828,0.0060776332
7829,0.0035316749
7830,0.00052500836
7831,0.00041070004
7832,0.0032344083
7833,0.00028520834
7834,0.0025025331
7835,0.0056306995
7836,0.0067350087
7837,0.0046127997
7838,0.0013400083
7839,9.0133326e-05
7840,0.0013668751
7841,0.00014083333
7842,0.00014520001
7843,0.0020501334
7844,0.0052271998
7845,0.006780033
7846,0.0050052083
7847,0.0016502083
7848,1.875e-06
7849,0.0012480749
7850,0.00022963336
7851,0.0021845335
7852,0.004876875
7853,0.00020020833
7854,0.0016133332
7855,0.00021333335
7856,0.0018723003
7857,0.0032033334
7858,0.0020418752
7859,0.00010640834
7860,0.0013067999
7861,0.0059643
7862,0.0004181333
7863,0.0033075
7864,0.0065564085
7865,0.006192034
7866,0.0024120333
7867,1.875e-06
7868,0.0023496752
7869,0.0070840325
7870,0.009100208
7871,0.006630534
7872,0.0025208336
7873,0.00020020833
7874,0.0002187
7875,0.0008965335
7876,0.0009861334
7877,7.5e-06
7878,0.00010453333
7879,0.00070083333
7880,0.00015413333
7881,0.0019602084
7882,0.00027603333
7883,0.0023408332
7884,0.0039102086
7885,0.0024210084
7886,0.00012200834
7887,0.0014981332
7888,0.0005461334
7889,0.005589675
7890,0.011252034
7891,0.010849008
7892,4.0333334e-06
7893,0.00015413333
7894,0.00042563336
7895,0.0006256333
7896,0.0008321334
7897,0.0011594085
7898,7.053334e-05
7899,0.0009296334
7900,0.0026508
7901,0.00012200834
7902,0.000676875
7903,0.0008216334
7904,0.00018750002
7905,0.00025520835
7906,0.002511675
7907,0.005782408
7908,0.0069768755
7909,0.004775409
7910,0.0013736334
7911,6.075e-06
7912,0.00020280002
7913,0.0022360333
7914,0.00024940833
7915,0.00025813334
7916,0.0033285336
7917,0.0076161334
7918,0.00022963336
7919,0.0011970083
7920,0.0018723003
7921,0.0010920333
7922,1.9200002e-05
7923,0.000226875
7924,0.0003888
7925,0.004725075
7926,0.010101676
7927,0.010249009
7928,0.0048514092
7929,0.00028829998
7930,0.0014840333
7931,0.0062208
7932,0.00867
7933,0.0065712007
7934,0.002679075
7935,0.00035020834
7936,3.3075e-05
7937,0.00024940833
7938,0.00017520833
7939,3e-05
7940,2.7e-06
7941,5.740834e-05
7942,0.00055900833
7943,0.00015413333
7944,0.00023520003
7945,0.0029502087
7946,0.0059925327
7947,0.0051090755
7948,0.0013067999
7949,0.00024940833
7950,0.0040950086
7951,0.00050430006
7952,0.00045630004
7953,0.005187676
7954,0.010397409
7955,0.009381008
7956,0.0032552083
7957,1.1408334e-05
7958,0.0039445334
7959,0.010267501
7960,0.011662409
7961,6.020834e-05
7962,1.6133334e-05
7963,0.00045630004
7964,0.0014700001
7965,5.740834e-05
7966,1.1408334e-05
7967,1.2675001e-05
7968,6.3075e-05
7969,0.0008321334
7970,0.0026508
7971,0.004380208
7972,0.0043080086
7973,9.633333e-06
7974,6.75e-07
7975,1.8408336e-05
7976,0.00012403334
7977,0.0005292
7978,0.0014421332
7979,0.0026414085
7980,0.0033285336
7981,5.4675e-05
7982,3.1008334e-05
7983,3.8533333e-05
7984,0.00028213335
7985,0.000195075
7986,2.1675003e-05
7987,0.0011163
7988,0.0037632005
7989,0.0002523
7990,0.00021333335
7991,0.0023408332
7992,0.004141875
7993,1.9200002e-05
7994,3.1008334e-05
7995,0.00051253336
7996,0.0018018751
7997,0.0034133336
7998,0.0041184085
7999,0.003151875
8000,4.083333e-07
8001,3.8533333e-05
8002,7.008333e-06
8003,0.0001323
8004,0.0006256333
8005,0.0016576335
8006,0.00014300835
8007,0.0015914085
8008,0.0038874084
8009,0.00013020835
8010,0.0006075001
8011,0.0006960083
8012,0.00013020835
8013,0.00010640834
8014,0.0002523
8015,0.003402675
8016,0.007808534
8017,0.0085683
8018,0.004600409
8019,5.8800008e-05
8020,0.0014630083
8021,0.0031110086
8022,0.00010267501
8023,0.00010267501
8024,0.0016950082
8025,0.0046127997
8026,0.0060208333
8027,0.0041067
8028,0.0009185334
8029,0.00016333334
8030,0.0024843
8031,0.0053600334
8032,0.0060492004
8033,0.0042364085
8034,0.0017404085
8035,0.00027300834
8036,1.2675001e-05
8037,0.00022963336
8038,1.7633334e-05
8039,0.00020280002
8040,0.0007650751
8041,0.0017786999
8042,0.0028518748
8043,0.0032240332
8044,0.0024843
8045,0.001062075
8046,7.2074996e-05
8047,8.0033344e-05
8048,0.0001323
8049,0.0017025335
8050,0.004224533
8051,0.0056581334
8052,0.004712534
8053,0.0022620086
8054,0.00033667503
8055,0.000116033334
8056,0.001098075
8057,0.0020501334
8058,0.0022881336
8059,4.2008338e-05
8060,6.4533335e-05
8061,0.0012480749
8062,0.0034884084
8063,0.00014083333
8064,6.020834e-05
8065,0.0004033333
8066,0.0003040083
8067,5.633333e-06
8068,0.0011041333
8069,0.00030720004
8070,0.0033708
8071,0.007145634
8072,0.0069768755
8073,0.0028130086
8074,8.008334e-06
8075,0.00042187504
8076,0.005057009
8077,0.010304533
8078,0.010509408
8079,3.2033335e-05
8080,3.6300004e-05
8081,0.00019000833
8082,0.00041440837
8083,0.000316875
8084,6.075e-06
8085,0.0005208334
8086,0.002511675
8087,0.004864133
8088,0.000165675
8089,0.00012200834
8090,0.0014700001
8091,0.0027648
8092,0.0018960749
8093,0.00013653334
8094,0.0010680334
8095,0.00046413334
8096,0.0049665337
8097,0.000541875
8098,0.004296033
8099,0.00033667503
8100,0.0020254082
8101,7.2074996e-05
8102,0.000116033334
8103,3.0083336e-06
8104,0.000116033334
8105,0.00024940833
8106,0.00038163335
8107,0.0043923
8108,0.00039603334
8109,0.0024480335
8110,0.0031110086
8111,0.0010740083
8112,0.00018253335
8113,0.0034776332
8114,0.008400134
8115,0.00029140836
8116,0.0018174084
8117,0.0033814088
8118,0.0028616334
8119,0.00071053335
8120,0.000210675
8121,0.00036750003
8122,0.00048
8123,0.005576033
8124,0.01150521
8125,0.0002523
8126,8.670001e-05
8127,0.00081120007
8128,0.0011531999
8129,0.0003745333
8130,0.00010640834
8131,0.0021675
8132,0.0057546757
8133,0.007489201
8134,7.2074996e-05
8135,0.00021600834
8136,0.00038163335
8137,0.00024367501
8138,8.333334e-09
8139,0.00059853337
8140,0.00021333335
8141,0.0026508
8142,0.0062930076
8143,0.00021333335
8144,0.0012096752
8145,0.0019360333
8146,0.0011531999
8147,4.6875004e-05
8148,0.0013333336
8149,0.00026403333
8150,0.0029008337
8151,0.006615675
8152,0.007410408
8153,0.0041654087
8154,0.0005376334
8155,0.0006030083
8156,0.0040368
8157,0.00031040836
8158,0.0025761332
8159,0.0056994082
8160,0.0067350087
8161,0.0045510083
8162,3.6750005e-06
8163,0.00026403333
8164,0.0005208334
8165,0.00061653333
8166,2.6133332e-05
8167,0.00046020836
8168,0.0018486752
8169,0.000195075
8170,0.0018960749
8171,0.0039102086
8172,0.0034884084
8173,0.0009690084
8174,0.0001728
8175,0.0030000003
8176,0.0070227003
8177,0.008283408
8178,0.0056306995
8179,0.0018252002
8180,2.8033332e-05
8181,0.00012607501
8182,0.0012480749
8183,0.0023232002
8184,0.0025208336
8185,0.0020008332
8186,0.0013333336
8187,0.0008586751
8188,0.0005764084
8189,0.0003640084
8190,0.00014083333
8191,3.3333336e-08
8192,0.00026107504
8193,0.0011907001
8194,0.0025668752
8195,0.003586134
8196,8.670001e-05
8197,0.0006721334
8198,0.0016280335
8199,0.0017633336
8200,0.0006674084
8201,2.7074999e-05
8202,0.0017404085
8203,0.0051090755
8204,0.00027300834
8205,0.0021930751
8206,0.00025813334
8207,0.0021252085
8208,0.0035534084
8209,0.0022102084
8210,0.00010640834
8211,0.0014214085
8212,0.006365634
8213,0.010101676
8214,0.00016333334
8215,0.0007600333
8216,8.500834e-05
8217,6.1633335e-05
8218,0.00044467498
8219,0.00035707498
8220,1.4083332e-06
8221,0.0010740083
8222,0.0040368
8223,0.006512134
8224,0.005824134
8225,2.7e-06
8226,5.8800008e-05
8227,0.0001728
8228,0.0003300083
8229,0.0006440333
8230,0.0012352082
8231,0.0020172002
8232,0.0025576334
8233,0.0023232002
8234,0.0012936335
8235,0.00022413337
8236,6.3075e-05
8237,0.001026675
8238,0.000165675
8239,0.0018644085
8240,0.0046875
8241,0.00022140834
8242,0.0016725332
8243,0.0033180085
8244,0.0029403002
8245,0.00080083334
8246,0.00016100833
8247,0.00036750003
8248,0.0043923
8249,0.009469633
8250,0.010138408
8251,0.0056718756
8252,3.4133336e-05
8253,0.00089107506
8254,6.900833e-05
8255,0.0005547001
8256,0.0014352085
8257,0.0023941335
8258,0.0029304083
8259,0.002679075
8260,1.9200002e-05
8261,9.9008335e-05
8262,0.00026107504
8263,0.00022140834
8264,1.1408334e-05
8265,0.00048803337
8266,0.0019040334
8267,0.00019763334
8268,0.0020667
8269,0.0047376333
8270,0.0051090755
8271,0.0024390086
8272,7.053334e-05
8273,0.0014560336
8274,0.005644408
8275,0.008350008
8276,0.0069921343
8277,0.0032656335
8278,0.00051253336
8279,6.7500005e-05
8280,6.1633335e-05
8281,0.0005002083
8282,5.6033343e-05
8283,0.00070083333
8284,0.0021590083
8285,0.0037185336
8286,0.0041301334
8287,0.0029205335
8288,8.333334e-09
8289,6.4533335e-05
8290,0.00014740834
8291,0.00026700835
8292,0.0005547001
8293,0.0011594085
8294,0.00010453333
8295,0.0013067999
8296,0.003402675
8297,0.0041301334
8298,0.0023232002
8299,0.00017520833
8300,0.00089107506
8301,0.0045018755
8302,0.00034003335
8303,0.002910675
8304,0.0062930076
8305,0.006900834
8306,0.0038307
8307,0.00048
8308,0.0005764084
8309,0.003796875
8310,0.0064827004
8311,0.00013867502
8312,0.0009520334
8313,0.0025947
8314,0.003796875
8315,0.0031008334
8316,0.0010443002
8317,7.5e-06
8318,0.0015408334
8319,0.0044286754
8320,0.006006675
8321,0.0050052083
8322,0.0025484087
8323,0.00059853337
8324,1.3333334e-07
8325,0.00027603333
8326,3.6300004e-05
8327,0.00038163335
8328,0.0011531999
8329,0.0021845335
8330,0.00011800835
8331,0.00014520001
8332,0.0019926752
8333,0.004344034
8334,0.0039905333
8335,0.0011656334
8336,0.00014740834
8337,0.0035752086
8338,0.00049613335
8339,0.0044774082
8340,0.0090828
8341,0.009065409
8342,0.0042721336
8343,0.00025813334
8344,0.0012936335
8345,0.0054945336
8346,0.007824676
8347,0.006134701
8348,0.0026980087
8349,0.00046413334
8350,3.0083336e-06
8351,0.00015187502
8352,0.00013653334
8353,4.0833336e-05
8354,1.9200002e-05
8355,1.6133334e-05
8356,0.00050840835
8357,0.0020833337
8358,0.00020803335
8359,0.0019845334
8360,0.0040368
8361,0.0035534084
8362,0.0009690084
8363,0.00018253335
8364,0.0034776332
8365,0.00046413334
8366,0.0042008334
8367,0.008636033
8368,0.000210675
8369,0.0009976333
8370,0.0015408334
8371,0.00088563334
8372,1.0208334e-05
8373,0.0010680334
8374,0.0043080086
8375,0.0070533343
8376,0.00014740834
8377,0.0008586751
8378,0.00010083333
8379,7.2074996e-05
8380,0.000516675
8381,0.00042940833
8382,8.333334e-09
8383,0.0010561333
8384,0.004141875
8385,0.00029767503
8386,0.0023941335
8387,0.00022140834
8388,0.0014421332
8389,5.3333337e-05
8390,8.0033344e-05
8391,1.2675001e-05
8392,0.0007400333
8393,0.0028130086
8394,0.0049024085
8395,0.0048896335
8396,0.0025668752
8397,0.00029453338
8398,0.00043319998
8399,0.0002523
8400,0.0026980087
8401,0.0059220744
8402,0.0002187
8403,0.0016354084
8404,0.0036741337
8405,0.004071675
8406,0.0020584085
8407,9.0133326e-05
8408,0.0010860085
8409,0.0046500755
8410,0.007363334
8411,0.0066752094
8412,1.7633334e-05
8413,3.6300004e-05
8414,0.00022963336
8415,2.7074999e-05
8416,0.00013867502
8417,5.4675e-05
8418,9.9008335e-05
8419,0.0012480749
8420,0.00024083335
8421,0.0026696336
8422,0.005894009
8423,0.00014520001
8424,0.00055900833
8425,0.00058963336
8426,8.500834e-05
8427,0.00034680005
8428,0.0025025331
8429,0.005400209
8430,0.00020020833
8431,0.00014300835
8432,0.0016576335
8433,0.00013867502
8434,0.000676875
8435,3.6750005e-06
8436,7.2074996e-05
8437,9.72e-05
8438,0.00020803335
8439,0.002910675
8440,0.006586009
8441,0.006765008
8442,0.0029403002
8443,3.3075e-05
8444,0.0021590083
8445,0.00051253336
8446,0.004826009
8447,0.009774076
8448,0.0002523
8449,0.0013940083
8450,0.00013020835
8451,0.0009075
8452,0.0011970083
8453,0.00035020834
8454,0.00011407501
8455,0.0022794085
8456,0.0059643
8457,0.007648034
8458,0.0054675005
8459,0.0016576335
8460,2.1333335e-06
8461,0.0015696336
8462,0.0040484085
8463,0.004800675
8464,0.0035100086
8465,0.0016725332
8466,0.00050430006
8467,9.540834e-05
8468,1.6133334e-05
8469,5.208334e-06
8470,8.333334e-07
8471,6.7500005e-05
8472,0.00046807507
8473,0.001491075
8474,0.00015640832
8475,0.0017556751
8476,0.0042008334
8477,0.0047376333
8478,0.0024120333
8479,0.00010640834
8480,0.0012224084
8481,0.0052008326
8482,0.008052409
8483,0.0070533343
8484,0.0034992
8485,0.00063940836
8486,3.9675004e-05
8487,0.00075000006
8488,5.3333337e-05
8489,0.00044467498
8490,0.0012352082
8491,0.0022102084
8492,0.0028910085
8493,0.0028130086
8494,2.43e-05
8495,0.00012813334
8496,0.00031040836
8497,0.00025520835
8498,5.208334e-06
8499,0.00046020836
8500,0.00020803335
8501,0.00030720004
8502,0.0038646753
8503,0.008233634
8504,0.007921875
8505,0.0030906748
8506,2.7e-06
8507,0.002910675
8508,0.008585209
8509,0.0106408335
8510,8.333335e-05
8511,0.00032340837
8512,0.0010325334
8513,0.0017327999
8514,2.43e-05
8515,2.7074999e-05
8516,7.008333e-06
8517,0.00032013337
8518,0.00013020835
8519,0.0018802084
8520,0.0048896335
8521,0.00020540835
8522,0.0013002082
8523,8.670001e-05
8524,0.00038520835
8525,0.00023800835
8526,2.6133332e-05
8527,0.0012545333
8528,0.00029767503
8529,0.00035707498
8530,0.0040833335
8531,0.007824676
8532,0.0063074995
8533,0.0014282999
8534,0.00046413334
8535,0.0059502083
8536,0.01202001
8537,0.011920135
8538,0.006192034
8539,0.0009918751
8540,0.00022140834
8541,0.00019763334
8542,0.0015624084
8543,0.0026980087
8544,0.0026885336
8545,3e-05
8546,4.5633336e-05
8547,0.0010092
8548,0.0030200335
8549,0.004002075
8550,0.0024752086
8551,0.00027300834
8552,0.0006960083
8553,0.0042008334
8554,0.0075208335
8555,0.0074261334
8556,0.0042483
8557,0.0010443002
8558,1.6333332e-06
8559,0.0006912
8560,0.0014770086
8561,0.0015194083
8562,0.0011224084
8563,1.4700002e-05
8564,4.5633336e-05
8565,0.0010384084
8566,0.0030906748
8567,0.004071675
8568,1.6875001e-05
8569,4.0333334e-06
8570,0.00014963334
8571,6.7500005e-05
8572,0.0011285334
8573,0.003402675
8574,0.0052008326
8575,0.0046500755
8576,3.6750005e-06
8577,2.5208332e-05
8578,7.008333e-06
8579,2.0008336e-05
8580,0.0004720334
8581,0.0017710081
8582,0.0034561334
8583,0.004212675
8584,0.0032552083
8585,0.0013002082
8586,4.9408336e-05
8587,0.00011407501
8588,0.001491075
8589,0.0033920333
8590,0.0043200003
8591,0.0036741337
8592,1.7633334e-05
8593,0.00011020835
8594,0.00048
8595,0.00081120007
8596,0.00050430006
8597,4.0333334e-06
8598,0.0007650751
8599,0.0032552083
8600,0.0057270085
8601,0.0058800005
8602,0.0034992
8603,0.0008060083
8604,4.0833336e-05
8605,0.0012740084
8606,0.0028324083
8607,0.0032760752
8608,0.0025854083
8609,0.0015408334
8610,0.0007650751
8611,0.0003640084
8612,0.00017520833
8613,5.740834e-05
8614,5.633333e-06
8615,2.8033332e-05
8616,0.0005852083
8617,0.00016100833
8618,0.0020833337
8619,0.005214008
8620,0.0064094085
8621,0.004071675
8622,0.0007600333
8623,0.00029767503
8624,0.00033667503
8625,0.003619008
8626,0.0075842994
8627,0.0082668
8628,4.8133337e-05
8629,0.00014740834
8630,0.00047600834
8631,0.0007203
8632,0.0004033333
8633,8.333334e-09
8634,0.00081640837
8635,0.0032033334
8636,0.0054945336
8637,0.005589675
8638,0.0033285336
8639,0.0007854083
8640,3.2033335e-05
8641,0.00014740834
8642,0.00017520833
8643,0.0021000335
8644,0.004940833
8645,0.0062208
8646,0.0048133335
8647,0.0020501334
8648,0.00020540835
8649,0.0002187
8650,0.00010640834
8651,0.000116033334
8652,0.0015194083
8653,0.0038760337
8654,0.005346675
8655,0.0046252087
8656,0.0023585334
8657,0.0004181333
8658,6.600833e-05
8659,9.187501e-05
8660,0.0010325334
8661,0.0024570748
8662,0.0034240086
8663,0.0033496334
8664,3.4133336e-05
8665,3.1008334e-05
8666,0.0005461334
8667,0.0012352082
8668,1.1408334e-05
8669,6.075e-06
8670,0.00028520834
8671,0.00012607501
8672,0.0018330083
8673,0.0048133335
8674,0.006134701
8675,0.0040833335
8676,0.0008533334
8677,0.00022140834
8678,0.002970075
8679,0.0061490084
8680,0.006600833
8681,4.5633336e-05
8682,0.00024367501
8683,0.0009408001
8684,0.0017404085
8685,3e-05
8686,4.6875004e-05
8687,7.500001e-08
8688,0.00028520834
8689,0.00014300835
8690,0.0020336334
8691,0.00032669998
8692,0.0030704085
8693,0.0058520334
8694,0.004788033
8695,0.0011224084
8696,0.00034680005
8697,0.0047376333
8698,0.009973634
8699,0.010434675
8700,0.005936133
8701,1.6875001e-05
8702,0.0004370084
8703,1.2033334e-05
8704,4.2008338e-05
8705,1.3333334e-05
8706,0.00033667503
8707,0.0014352085
8708,0.0030704085
8709,0.0040833335
8710,0.0034240086
8711,0.0015336752
8712,0.000108299995
8713,0.00011407501
8714,0.0015408334
8715,0.0035100086
8716,0.0044286754
8717,0.0037296754
8718,0.0021168
8719,0.0007056751
8720,8.533334e-06
8721,0.00011407501
8722,0.000180075
8723,0.0002523
8724,2.9008334e-05
8725,8.333335e-05
8726,0.0015265334
8727,0.0043200003
8728,0.0058102086
8729,4.8133337e-05
8730,6.7500005e-05
8731,8.333334e-09
8732,4.2008338e-05
8733,4.9408336e-05
8734,0.00013020835
8735,0.0020750083
8736,0.0053734086
8737,0.00021600834
8738,0.0013200332
8739,0.002142075
8740,0.001287075
8741,4.8133337e-05
8742,0.0013940083
8743,0.004002075
8744,0.0057963002
8745,0.0051352084
8746,0.0026226752
8747,0.00044467498
8748,0.00010083333
8749,0.0011907001
8750,0.0023144083
8751,7.840833e-05
8752,0.0007701334
8753,0.0023941335
8754,0.0040252088
8755,0.00010453333
8756,0.00061653333
8757,0.001098075
8758,4.8000006e-06
8759,1.08e-05
8760,5.4675e-05
8761,0.00014520001
8762,0.0022446748
8763,0.005685634
8764,0.0069311997
8765,0.0043200003
8766,0.00075500837
8767,0.00036750003
8768,0.00035707498
8769,0.0004033333
8770,0.00050430006
8771,0.0057546757
8772,0.011800835
8773,0.011427009
8774,0.0050052083
8775,0.00013867502
8776,0.0026226752
8777,0.0051090755
8778,0.00011800835
8779,9.0133326e-05
8780,0.000195075
8781,0.0027456335
8782,0.0062930076
8783,0.0065564085
8784,0.0029008337
8785,4.2008338e-05
8786,0.0020336334
8787,0.0070227003
8788,0.009612301
8789,0.000112133326
8790,0.000541875
8791,0.0015052083
8792,0.0021845335
8793,0.0015914085
8794,0.00028213335
8795,0.00028520834
8796,0.0025947
8797,0.005548801
8798,0.0064974087
8799,0.0046252087
8800,0.0017327999
8801,0.00010267501
8802,0.00031363333
8803,0.0012936335
8804,7.3633346e-05
8805,0.00072520843
8806,0.0021252085
8807,0.0035970751
8808,0.00012
8809,0.000957675
8810,0.002142075
8811,0.0021505335
8812,0.00072520843
8813,5.740834e-05
8814,0.002142075
8815,0.0057963002
8816,0.0076002083
8817,0.005838076
8818,0.0023320087
8819,0.00015187502
8820,0.00042187504
8821,0.0017786999
8822,0.0025025331
8823,0.0021590083
8824,0.0014145334
8825,1.08e-05
8826,0.000210675
8827,0.0010384084
8828,0.00010267501
8829,0.00075500837
8830,0.0010092
8831,2.7e-06
8832,0.00042563336
8833,0.0018565333
8834,0.0037408334
8835,0.00015413333
8836,0.0012352082
8837,0.0026226752
8838,0.0024934085
8839,0.0007701334
8840,9.363332e-05
8841,0.002511675
8842,0.00039603334
8843,0.00040700837
8844,0.0047628004
8845,0.009702009
8846,0.008926875
8847,0.0032033334
8848,3.3333336e-06
8849,0.0036080335
8850,0.0006030083
8851,0.0052271998
8852,0.010267501
8853,0.010249009
8854,0.0052404087
8855,0.0006674084
8856,0.0005002083
8857,0.0032865335
8858,0.00020280002
8859,0.0015265334
8860,0.0035208336
8861,0.004700009
8862,8.500834e-05
8863,6.020834e-05
8864,0.0008586751
8865,0.0017633336
8866,0.0012936335
8867,9.9008335e-05
8868,0.00079567503
8869,0.00037807503
8870,0.0042483
8871,0.0090828
8872,0.00023240835
8873,0.001098075
8874,0.0016800084
8875,0.000957675
8876,1.08e-05
8877,0.0011285334
8878,0.0045018755
8879,0.00032013337
8880,0.0027075
8881,0.0056306995
8882,0.005617009
8883,8.333334e-07
8884,0.00019253335
8885,6.020834e-05
8886,0.00083740836
8887,0.0025025331
8888,0.00019000833
8889,0.0018644085
8890,0.0043200003
8891,0.0047502085
8892,0.0023408332
8893,8.500834e-05
8894,0.0012936335
8895,0.0052668746
8896,0.0003300083
8897,0.00028213335
8898,0.0003924084
8899,0.0044774082
8900,0.008484009
8901,0.0067350087
8902,0.0014840333
8903,0.00052500836
8904,0.006380208
8905,0.012648534
8906,0.00028213335
8907,0.0015265334
8908,0.0032136752
8909,0.0034992
8910,0.0017633336
8911,7.5208336e-05
8912,0.0009633334
8913,0.0041772006
8914,0.00029767503
8915,0.0025668752
8916,0.0057270085
8917,0.0064827004
8918,0.0037744083
8919,3.1008334e-05
8920,0.0009296334
8921,0.0021336332
8922,9.187501e-05
8923,0.00011020835
8924,0.0017864085
8925,0.004788033
8926,0.0061776754
8927,0.004141875
8928,1.4700002e-05
8929,0.000676875
8930,0.00010267501
8931,0.0011346751
8932,0.0030100083
8933,0.0044774082
8934,0.004284075
8935,0.0025484087
8936,0.0006580083
8937,6.533333e-06
8938,0.00075500837
8939,0.00012403334
8940,0.0013067999
8941,0.0033390748
8942,0.0047502085
8943,0.004344034
8944,0.0024210084
8945,5.633333e-06
8946,0.00018750002
8947,0.00034680005
8948,0.00043319998
8949,0.000594075
8950,0.0009690084
8951,0.0015914085
8952,8.8408335e-05
8953,0.0009408001
8954,0.0022446748
8955,0.0023144083
8956,0.00081640837
8957,4.4408334e-05
8958,0.0021590083
8959,0.0059643
8960,0.007873201
8961,0.0060350085
8962,0.0023763
8963,0.00014083333
8964,0.00046413334
8965,0.0018802084
8966,0.0025854083
8967,0.0021760087
8968,0.0013736334
8969,0.00080083334
8970,0.0005720334
8971,0.0005504083
8972,0.000541875
8973,3.0083336e-06
8974,5.333334e-07
8975,5.8800008e-05
8976,0.0004408334
8977,0.00011407501
8978,0.0016428002
8979,0.0044044084
8980,0.005768533
8981,0.0039675003
8982,0.0009075
8983,0.00016100833
8984,0.0027170083
8985,0.005894009
8986,0.00019253335
8987,0.0014421332
8988,0.0035534084
8989,0.0046500755
8990,0.0033180085
8991,0.0008480083
8992,8.500834e-05
8993,0.00026107504
8994,0.0030603004
8995,0.006690133
8996,0.007648034
8997,0.0051352084
8998,0.0016650752
8999,3.1008334e-05
9000,0.000567675
9001,0.00010640834
9002,0.0009520334
9003,0.0022102084
9004,0.0031212
9005,0.0031621335
9006,0.0023585334
9007,0.0012096752
9008,0.00031363333
9009,3.3333336e-08
9010,4.32e-05
9011,7.3633346e-05
9012,0.0010920333
9013,0.0030603004
9014,0.00020020833
9015,0.0018644085
9016,0.0042602085
9017,0.00012607501
9018,0.0005547001
9019,1.4008336e-05
9020,1.4083332e-06
9021,0.00014083333
9022,0.0010561333
9023,0.0028518748
9024,0.0043200003
9025,8.8408335e-05
9026,4.5633336e-05
9027,0.00048803337
9028,0.0007203
9029,0.00020803335
9030,8.8408335e-05
9031,0.0018330083
9032,0.005057009
9033,0.006855408
9034,0.0052668746
9035,0.0018408335
9036,9.633333e-06
9037,0.0012160332
9038,0.0036630754
9039,0.00016803335
9040,0.0014008334
9041,0.00022963336
9042,0.002511675
9043,0.005589675
9044,0.0058102086
9045,0.0025947
9046,4.2008338e-05
9047,0.0018096336
9048,0.006380208
9049,0.00033667503
9050,0.0025668752
9051,0.00031363333
9052,0.0028227004
9053,0.0053868005
9054,6.7500005e-05
9055,7.053334e-05
9056,2.0833335e-07
9057,0.00034680005
9058,0.0016950082
9059,0.003619008
9060,0.00016333334
9061,0.0013200332
9062,0.0027840333
9063,0.0026040082
9064,2.7e-06
9065,0.0004408334
9066,0.0016133332
9067,0.0029800336
9068,0.00012813334
9069,0.0012224084
9070,0.00019253335
9071,0.0017710081
9072,0.0001323
9073,0.0006256333
9074,0.00046020836
9075,1.0083334e-06
9076,0.0012096752
9077,0.0044530085
9078,0.0069921343
9079,0.00011407501
9080,4.2008338e-05
9081,0.0004408334
9082,0.000648675
9083,2.4083333e-06
9084,0.00035363334
9085,0.0016354084
9086,0.0034776332
9087,0.00015870002
9088,0.00013867502
9089,0.0016354084
9090,0.00013867502
9091,0.000676875
9092,0.000516675
9093,3.9675004e-05
9094,0.0012480749
9095,0.003933075
9096,0.00024653334
9097,0.0019845334
9098,0.0038988001
9099,0.0033708
9100,0.0008802084
9101,0.00017520833
9102,0.00035707498
9103,0.004284075
9104,0.009275208
9105,0.009973634
9106,0.0056306995
9107,0.0009633334
9108,0.00028829998
9109,0.00029140836
9110,0.00028213335
9111,0.0030805336
9112,0.00036750003
9113,0.0034240086
9114,0.007332033
9115,0.00020540835
9116,0.0010502083
9117,0.0016650752
9118,0.00097470003
9119,1.6133334e-05
9120,0.0010800001
9121,0.0044286754
9122,0.0072696335
9123,0.00014963334
9124,0.00086403335
9125,0.0018330083
9126,0.0018096336
9127,0.000594075
9128,6.3075e-05
9129,0.0019764085
9130,0.00034340835
9131,0.0034884084
9132,0.0075684097
9133,0.00021333335
9134,0.0010860085
9135,0.001710075
9136,0.0009976333
9137,4.4408334e-05
9138,0.0012610084
9139,0.0036963
9140,0.0054945336
9141,0.0050310753
9142,0.0026980087
9143,1.0208334e-05
9144,0.00028520834
9145,0.00050430006
9146,0.000567675
9147,0.00063940836
9148,0.00088563334
9149,6.7500005e-05
9150,0.00012
9151,0.0017710081
9152,0.003979008
9153,0.0037408334
9154,0.0011470084
9155,0.00011800835
9156,0.0032970088
9157,0.008085209
9158,0.0095408335
9159,0.006322008
9160,0.0018723003
9161,4.0333334e-06
9162,0.00015640832
9163,0.0014840333
9164,0.0026885336
9165,0.0027744086
9166,0.0020336334
9167,1.3333334e-05
9168,0.000195075
9169,9.0133326e-05
9170,0.0011102085
9171,0.0021675
9172,0.0015265334
9173,0.00011020835
9174,0.0009185334
9175,0.004725075
9176,0.008233634
9177,0.007840834
9178,0.0039905333
9179,0.0005547001
9180,0.00030083334
9181,0.0022794085
9182,0.0037408334
9183,0.0033920333
9184,0.0020172002
9185,0.0008694083
9186,0.00034340835
9187,3.3333336e-06
9188,1.4008336e-05
9189,0.00021600834
9190,0.00034003335
9191,7.5208336e-05
9192,0.00019763334
9193,0.0018252002
9194,0.00027603333
9195,0.00031040836
9196,0.00363
9197,0.0070840325
9198,0.0058102086
9199,0.0013736334
9200,0.0003924084
9201,0.005454009
9202,0.011290802
9203,0.011485634
9204,0.006206409
9205,0.0011163
9206,0.00014520001
9207,0.0018881336
9208,0.0029502087
9209,0.0022188004
9210,0.0009633334
9211,0.00029453338
9212,0.00016100833
9213,0.00035363334
9214,0.0009020084
9215,6.3075e-05
9216,4.2008338e-05
9217,0.00029140836
9218,0.00020280002
9219,2.0833337e-05
9220,0.0011224084
9221,0.003796875
9222,0.005936133
9223,0.005280133
9224,0.0023320087
9225,0.00012403334
9226,0.0007701334
9227,0.0032865335
9228,0.0049922997
9229,0.0045141336
9230,0.0026508
9231,0.0009633334
9232,0.00016803335
9233,8.333334e-07
9234,2.7074999e-05
9235,7.840833e-05
9236,0.000195075
9237,4.0833336e-05
9238,0.00010453333
9239,0.0017710081
9240,0.00031040836
9241,0.0030100083
9242,0.005782408
9243,0.0047628004
9244,0.0011346751
9245,0.00024940833
9246,0.00046413334
9247,0.005320009
9248,0.011040009
9249,0.01127141
9250,0.005838076
9251,0.00075000006
9252,0.000567675
9253,0.0037074084
9254,0.0056306995
9255,0.0044774082
9256,0.0020501334
9257,0.00048803337
9258,4.9408336e-05
9259,1.5408334e-05
9260,1.0208334e-05
9261,1.8408336e-05
9262,0.00013440834
9263,6.3075e-05
9264,7.840833e-05
9265,0.0011781335
9266,0.0034561334
9267,0.0052008326
9268,0.004600409
9269,3.0083336e-06
9270,2.9008334e-05
9271,9.72e-05
9272,0.00023520003
9273,0.0005852083
9274,0.001287075
9275,0.0022274083
9276,0.00010453333
9277,0.00011020835
9278,0.0013940083
9279,0.0026602084
9280,0.0018408335
9281,0.00013653334
9282,0.001026675
9283,0.00045630004
9284,0.0049024085
9285,0.0101752095
9286,0.010120033
9287,7.5e-06
9288,9.363332e-05
9289,0.00029140836
9290,0.00049613335
9291,3.9675004e-05
9292,0.0006533334
9293,0.0023144083
9294,0.0041067
9295,0.0043080086
9296,1.4700002e-05
9297,1.875e-06
9298,2.4083333e-06
9299,1.4008336e-05
9300,0.00038520835
9301,0.0015768749
9302,0.0032448003
9303,0.0041654087
9304,0.0033814088
9305,0.0014421332
9306,8.0033344e-05
9307,0.00046413334
9308,0.0021168
9309,0.0035316749
9310,0.0036741337
9311,4.32e-05
9312,0.00037100833
9313,0.0013266751
9314,0.0022016333
9315,0.0017864085
9316,0.00040700837
9317,0.00019253335
9318,0.0024570748
9319,0.0003300083
9320,0.0032240332
9321,0.0070533343
9322,0.0076320753
9323,0.0041067
9324,0.0004524084
9325,0.0007301334
9326,0.004284075
9327,0.0069921343
9328,0.0062496336
9329,0.0032970088
9330,0.0008480083
9331,2.0833337e-05
9332,9.72e-05
9333,0.00018750002
9334,0.00013653334
9335,0.00011020835
9336,0.00023240835
9337,0.00072520843
9338,0.000116033334
9339,0.0015408334
9340,0.0039102086
9341,0.0045880335
9342,0.0024570748
9343,5.6033343e-05
9344,0.0014560336
9345,0.000226875
9346,0.0023585334
9347,0.005548801
9348,0.006825209
9349,0.004788033
9350,0.0014421332
9351,1.4083332e-06
9352,0.00020020833
9353,0.00023800835
9354,0.0027170083
9355,0.0060350085
9356,0.0070840325
9357,0.004979409
9358,0.0017786999
9359,7.3633346e-05
9360,0.00042187504
9361,0.0015052083
9362,0.0020090083
9363,0.0017556751
9364,0.0012545333
9365,0.00091300835
9366,0.00080083334
9367,0.00079567503
9368,0.0006960083
9369,0.0003605333
9370,1.6875001e-05
9371,0.00028213335
9372,0.0015265334
9373,0.00018500832
9374,0.0020584085
9375,0.0050310753
9376,0.006134701
9377,3.3075e-05
9378,1.9200002e-05
9379,1.2000002e-06
9380,1.4700002e-05
9381,0.00042563336
9382,0.0016800084
9383,0.0033814088
9384,0.00014740834
9385,0.0012160332
9386,0.0026133335
9387,5.0700004e-05
9388,9.9008335e-05
9389,8.008334e-06
9390,0.000226875
9391,0.0015123001
9392,0.0035970751
9393,0.004864133
9394,7.053334e-05
9395,3e-05
9396,0.00034680005
9397,0.000516675
9398,0.0001323
9399,0.00019000833
9400,0.0020172002
9401,0.004928008
9402,0.006322008
9403,0.0046875
9404,4.083333e-07
9405,0.00016100833
9406,0.00034680005
9407,0.00047600834
9408,0.0006674084
9409,0.0010502083
9410,0.0016354084
9411,0.0021505335
9412,5.4675e-05
9413,0.00040700837
9414,4.0833336e-05
9415,0.00020540835
9416,8.333334e-09
9417,0.00014740834
9418,0.0010092
9419,0.0027075
9420,0.004141875
9421,0.0038874084
9422,0.0019764085
9423,0.0002187
9424,0.00012200834
9425,0.0017025335
9426,0.0038420085
9427,0.0047376333
9428,0.0038307
9429,0.0020418752
9430,0.0006030083
9431,3e-05
9432,8.333335e-05
9433,0.00035363334
9434,0.0006440333
9435,4.5633336e-05
9436,0.00068640837
9437,0.0023674082
9438,0.00020020833
9439,0.00019763334
9440,0.00023520003
9441,0.0022016333
9442,0.003151875
9443,7.500001e-08
9444,0.0004720334
9445,0.0021168
9446,0.0041654087
9447,0.0049152006
9448,0.0035316749
9449,1.3333334e-07
9450,9.72e-05
9451,0.00021600834
9452,0.00034003335
9453,0.00059853337
9454,0.0011163
9455,9.540834e-05
9456,0.0012033334
9457,0.0032033334
9458,0.003979008
9459,0.002296875
9460,0.000195075
9461,0.00081120007
9462,0.0043200003
9463,0.0074261334
9464,0.0071302084
9465,0.003979008
9466,6.533333e-06
9467,0.00017763334
9468,0.00015187502
9469,4.2008338e-05
9470,1.5408334e-05
9471,0.00010267501
9472,0.00063940836
9473,0.0019440751
9474,0.00016803335
9475,0.00017763334
9476,0.0002187
9477,0.0020584085
9478,9.72e-05
9479,0.00022413337
9480,1.0208334e-05
9481,0.000594075
9482,0.0024120333
9483,0.0044530085
9484,0.004700009
9485,0.0026696336
9486,0.00039603334
9487,0.00031363333
9488,0.0025208336
9489,0.00024083335
9490,0.00024367501
9491,0.00036750003
9492,0.0044652
9493,0.009257633
9494,0.008636033
9495,2.0833335e-07
9496,0.00047600834
9497,0.0014352085
9498,0.0022102084
9499,0.0024390086
9500,0.0021675
9501,0.0015987
9502,0.00094640837
9503,0.00038163335
9504,3.9675004e-05
9505,7.3633346e-05
9506,0.0005852083
9507,0.001491075
9508,0.00011800835
9509,0.0013736334
9510,0.0037296754
9511,0.00507
9512,0.0036852083
9513,6.075e-06
9514,0.00044467498
9515,0.0012160332
9516,8.333335e-05
9517,0.0009861334
9518,0.0029403002
9519,0.0046252087
9520,0.0043200003
9521,0.002142075
9522,0.00020803335
9523,0.0004408334
9524,0.002511675
9525,0.004380208
9526,0.0044896337
9527,0.0030603004
9528,3.6750005e-06
9529,2.340833e-05
9530,2.9008334e-05
9531,0.00035707498
9532,0.000541875
9533,0.00014520001
9534,0.000180075
9535,0.00022963336
9536,0.0030805336
9537,0.007176533
9538,0.008052409
9539,0.0044774082
9540,0.0005461334
9541,0.00026107504
9542,0.003402675
9543,0.0068856752
9544,0.0071610743
9545,0.0044044084
9546,0.0014008334
9547,7.840833e-05
9548,0.00012200834
9549,0.00037807503
9550,8.533334e-06
9551,9.187501e-05
9552,0.00048
9553,0.00010640834
9554,0.00019000833
9555,0.002679075
9556,0.00035020834
9557,0.0028033333
9558,0.0045510083
9559,0.0027552084
9560,0.00013020835
9561,0.0016950082
9562,0.000594075
9563,0.0006302084
9564,0.0068403
9565,0.013125209
9566,0.011232675
9567,0.0034992
9568,7.2074996e-05
9569,0.005253634
9570,0.01234241
9571,0.012958408
9572,3.8533333e-05
9573,4.8133337e-05
9574,0.0003300083
9575,0.000957675
9576,0.0012224084
9577,0.0005720334
9578,2.7e-06
9579,0.0011970083
9580,0.0041067
9581,0.006365634
9582,0.005838076
9583,0.0030200335
9584,0.00050430006
9585,0.0001323
9586,0.00014740834
9587,0.0015194083
9588,0.00018750002
9589,0.0019602084
9590,0.004800675
9591,0.006206409
9592,6.600833e-05
9593,2.0833337e-05
9594,2.7074999e-05
9595,0.000195075
9596,3.3333336e-08
9597,0.00012403334
9598,0.00093520834
9599,0.0026133335
9600,0.00018253335
9601,0.0016280335
9602,0.0033814088
9603,0.0030805336
9604,0.00088563334
9605,0.00013867502
9606,0.0030300752
9607,0.007316409
9608,0.008687009
9609,0.0059080343
9610,0.0018802084
9611,2.1675003e-05
9612,0.0007600333
9613,0.002091675
9614,0.0023852084
9615,0.0017252085
9616,0.00097470003
9617,8.533334e-06
9618,0.00021600834
9619,9.9008335e-05
9620,0.0012033334
9621,0.0023144083
9622,1.4008336e-05
9623,1.6875001e-05
9624,0.0003924084
9625,0.00013440834
9626,0.0018802084
9627,0.004876875
9628,0.00020540835
9629,0.0012936335
9630,0.0021168
9631,0.001287075
9632,4.6875004e-05
9633,0.0013736334
9634,0.0039560087
9635,0.005768533
9636,0.000108299995
9637,0.0006627
9638,0.0015336752
9639,0.0016206751
9640,2.0833335e-07
9641,0.00022963336
9642,0.0010502083
9643,0.00014300835
9644,0.0017404085
9645,0.00028520834
9646,0.00029453338
9647,0.0031008334
9648,0.005333334
9649,0.003402675
9650,7.840833e-05
9651,0.00029767503
9652,0.0037632005
9653,0.008416876
9654,0.009363333
9655,3.9675004e-05
9656,3.5208333e-05
9657,4.0333334e-06
9658,1.6875001e-05
9659,1.4083332e-06
9660,0.00024653334
9661,0.0013067999
9662,0.00019000833
9663,0.0021336332
9664,0.00028213335
9665,0.0023496752
9666,0.0039102086
9667,1.4008336e-05
9668,5.2008338e-05
9669,0.00059853337
9670,0.0019120085
9671,0.0034347004
9672,0.0040136334
9673,0.0030000003
9674,2.0833335e-07
9675,4.2008338e-05
9676,7.008333e-06
9677,0.0001323
9678,0.0006256333
9679,0.0016502083
9680,0.0028714086
9681,0.0034240086
9682,0.0027170083
9683,0.0011970083
9684,8.670001e-05
9685,8.8408335e-05
9686,0.0012352082
9687,0.0029502087
9688,0.0039560087
9689,0.0036080335
9690,0.0022881336
9691,0.00091300835
9692,0.0001323
9693,2.1675003e-05
9694,0.00029140836
9695,4.6875004e-05
9696,0.0006533334
9697,0.002091675
9698,0.0036852083
9699,0.0041654087
9700,0.0029900083
9701,0.0010800001
9702,1.9200002e-05
9703,0.00055900833
9704,0.00014963334
9705,0.0016428002
9706,0.0039905333
9707,0.005346675
9708,8.670001e-05
9709,0.000541875
9710,8.0033344e-05
9711,0.0006627
9712,0.0009185334
9713,2.4083333e-06
9714,0.000399675
9715,0.0017786999
9716,0.00020540835
9717,0.0021590083
9718,0.0049152006
9719,0.00013653334
9720,0.000567675
9721,0.000621075
9722,0.00010083333
9723,0.00032669998
9724,0.0024843
9725,0.0054405336
9726,0.00020280002
9727,0.00014520001
9728,0.0016875002
9729,0.00014083333
9730,0.0006816333
9731,0.0005208334
9732,3.9675004e-05
9733,0.0012545333
9734,0.0039445334
9735,0.0059502083
9736,0.0051352084
9737,0.0021845335
9738,9.363332e-05
9739,0.0008060083
9740,0.0032552083
9741,0.00019763334
9742,0.0017176333
9743,0.004189009
9744,0.00020280002
9745,0.0015768749
9746,0.00016333334
9747,0.0011408334
9748,0.0015052083
9749,2.4083333e-06
9750,0.0004720334
9751,0.0020090083
9752,0.0039445334
9753,0.004700009
9754,0.0034561334
9755,0.0
9756,7.840833e-05
9757,1.08e-05
9758,0.000165675
9759,0.00070083333
9760,0.000116033334
9761,0.0015552
9762,0.0041772006
9763,0.005535209
9764,4.4408334e-05
9765,6.1633335e-05
9766,3.1008334e-05
9767,1.9200002e-05
9768,0.00048
9769,0.00014740834
9770,0.0020008332
9771,0.000316875
9772,0.00031363333
9773,0.00034003335
9774,0.00029453338
9775,0.0022188004
9776,5.2008338e-05
9777,2.4083333e-06
9778,5.6033343e-05
9779,0.0012224084
9780,0.0037185336
9781,0.005320009
9782,0.0040368
9783,0.0011285334
9784,6.3075e-05
9785,0.0023232002
9786,0.0056581334
9787,0.006765008
9788,0.0048896335
9789,0.0020254082
9790,0.00028520834
9791,3.5208333e-05
9792,0.0003640084
9793,0.0005461334
9794,0.0005292
9795,0.0005461334
9796,0.0007600333
9797,0.0012545333
9798,8.500834e-05
9799,0.000957675
9800,0.0023056336
9801,0.0023852084
9802,0.0008427
9803,0.00010267501
9804,0.0020750083
9805,0.0052668746
9806,0.0068403
9807,8.500834e-05
9808,4.4408334e-05
9809,0.0006721334
9810,0.0014421332
9811,0.0010920333
9812,2.43e-05
9813,0.00013440834
9814,0.0020336334
9815,0.0052668746
9816,0.0068705333
9817,7.053334e-05
9818,0.00023240835
9819,0.0004181333
9820,0.00027300834
9821,3.0000004e-07
9822,0.0006030083
9823,0.0025947
9824,0.004826009
9825,0.0053067002
9826,0.0034992
9827,0.0010208334
9828,1.2000002e-06
9829,0.0009633334
9830,0.0026040082
9831,0.003402675
9832,0.0029502087
9833,0.0018960749
9834,0.000957675
9835,0.0004033333
9836,0.00013653334
9837,1.9200002e-05
9838,1.8408336e-05
9839,3.2033335e-05
9840,8.333335e-05
9841,0.0014214085
9842,0.0040484085
9843,0.005824134
9844,0.0048514092
9845,0.0019845334
9846,6.600833e-05
9847,0.0008216334
9848,0.0031416332
9849,0.0046127997
9850,9.0133326e-05
9851,0.00071053335
9852,0.0021845335
9853,0.0034992
9854,0.0031212
9855,8.333334e-09
9856,0.00014740834
9857,0.0005720334
9858,7.3633346e-05
9859,0.0010325334
9860,0.00022140834
9861,0.0025576334
9862,0.00032013337
9863,0.0025761332
9864,0.004212675
9865,1.4008336e-05
9866,2.0008336e-05
9867,7.5208336e-05
9868,0.0013266751
9869,0.00026700835
9870,0.00032340837
9871,0.0037632005
9872,0.007316409
9873,0.0059643
9874,0.0013940083
9875,0.0003040083
9876,0.0005504083
9877,0.0061061336
9878,0.012362699
9879,0.0122210095
9880,0.0059925327
9881,0.00061653333
9882,0.00081120007
9883,0.0043080086
9884,0.0060492004
9885,0.0044530085
9886,1.6333332e-06
9887,3.0083336e-06
9888,0.0003040083
9889,0.00013020835
9890,0.0014630083
9891,0.0027265332
9892,0.0018486752
9893,0.00012607501
9894,0.00026403333
9895,0.0039445334
9896,0.008961409
9897,0.009991876
9898,0.0058660083
9899,0.0011102085
9900,0.00018750002
9901,0.0002523
9902,0.00025520835
9903,0.0028421334
9904,0.00035020834
9905,0.0033180085
9906,0.007176533
9907,0.00020540835
9908,0.0010680334
9909,0.0016875002
9910,0.0009918751
9911,1.6875001e-05
9912,0.0010800001
9913,0.0044652
9914,0.007316409
9915,0.0067950753
9916,1.3333334e-05
9917,1.2000002e-06
9918,1.2675001e-05
9919,1.7633334e-05
9920,6.533333e-06
9921,0.000316875
9922,0.0014490751
9923,0.0031621335
9924,0.00015640832
9925,0.0013333336
9926,0.0028324083
9927,0.0026602084
9928,0.00081120007
9929,0.00012813334
9930,0.0024030753
9931,0.0058800005
9932,0.007332033
9933,0.0054136333
9934,0.0020584085
9935,4.0833336e-05
9936,0.000621075
9937,0.0010092
9938,0.00091300835
9939,0.00070083333
9940,2.0833337e-05
9941,6.4533335e-05
9942,0.0012805335
9943,0.003586134
9944,0.0044774082
9945,0.0025761332
9946,0.00021333335
9947,0.0009020084
9948,0.004712534
9949,0.007938134
9950,0.000165675
9951,0.0010384084
9952,0.00015413333
9953,0.0014560336
9954,0.0026133335
9955,0.0017252085
9956,9.9008335e-05
9957,0.00026107504
9958,0.0038760337
9959,0.008823675
9960,0.009864533
9961,0.005824134
9962,0.0011224084
9963,0.000210675
9964,0.0027648
9965,0.0050440338
9966,0.004700009
9967,1.9200002e-05
9968,0.00012403334
9969,0.00079567503
9970,0.0020750083
9971,0.0027552084
9972,0.0017786999
9973,0.00022413337
9974,0.00046807507
9975,0.0031827001
9976,0.0061490084
9977,0.006630534
9978,0.0043080086
9979,0.0013940083
9980,3.4133336e-05
9981,0.00040700837
9982,8.500834e-05
9983,8.670001e-05
9984,0.0012033334
9985,0.0032656335
9986,0.004826009
9987,0.0045141336
9988,1.7633334e-05
9989,3.5208333e-05
9990,0.000108299995
9991,9.9008335e-05
9992,8.333334e-09
9993,0.00038163335
9994,0.0018330083
9995,0.0038194088
9996,0.0047502085
9997,0.003619008
9998,0.0013804084
9999,4.32e-05
10000,0.0008060083
10001,0.0017633336
10002,0.0022274083
10003,0.0021084086
10004,0.0016950082
10005,0.0012288002
10006,0.0008060083
10007,0.0004181333
10008,9.72e-05
10009,1.6875001e-05
10010,0.00042940833
10011,0.0014008334
10012,0.0025854083
10013,0.0033075
10014,0.0030300752
10015,1.8408336e-05
10016,8.0033344e-05
10017,0.00021600834
10018,0.00018750002
10019,2.4083333e-06
10020,0.0004181333
10021,0.002091675
10022,0.0042721336
10023,0.005122134
10024,0.0037074084
10025,0.0012805335
10026,9.633333e-06
10027,0.00080083334
10028,0.000180075
10029,0.00020280002
10030,0.0003040083
10031,0.0038760337
10032,0.008602134
10033,0.009135076
10034,0.0046625338
10035,0.0004033333
10036,0.001062075
10037,0.0004370084
10038,0.0041654087
10039,0.008333335
10040,0.008687009
10041,0.005122134
10042,0.0012610084
10043,5.633333e-06
10044,0.0009520334
10045,0.0019602084
10046,4.5633336e-05
10047,0.00038163335
10048,0.00011020835
10049,0.0016206751
10050,0.004380208
10051,0.0057546757
10052,0.003979008
10053,0.0009185334
10054,0.00015413333
10055,0.0023674082
10056,0.00028520834
10057,0.0026885336
10058,0.0060350085
10059,0.0071302084
10060,0.0047628004
10061,4.8000006e-06
10062,0.00031040836
10063,0.00059853337
10064,2.2533332e-05
10065,0.000316875
10066,0.0012936335
10067,0.0028227004
10068,0.00014963334
10069,0.00014083333
10070,0.0016800084
10071,0.0031110086
10072,0.0021084086
10073,0.00014963334
10074,0.0011470084
10075,0.00049207505
10076,0.0052008326
10077,0.010659676
10078,0.00023800835
10079,0.0010325334
10080,0.0015408334
10081,0.0008586751
10082,5.633333e-06
10083,0.0011163
10084,0.004356075
10085,0.0070227003
10086,0.00014300835
10087,8.333335e-05
10088,0.00012
10089,0.0012160332
10090,5.8800008e-05
10091,0.000112133326
10092,1.5408334e-05
10093,0.0006533334
10094,0.0025208336
10095,0.0045264084
10096,0.0046875
10097,1.3333334e-05
10098,7.500001e-08
10099,2.1333335e-06
10100,9.0133326e-05
10101,0.0005334083
10102,0.0015696336
10103,0.0028812
10104,0.0035643002
10105,0.0029008337
10106,2.1333335e-06
10107,1.1408334e-05
10108,4.2008338e-05
10109,0.00014740834
10110,4.32e-05
10111,0.000826875
10112,0.0027552084
10113,0.004600409
10114,0.0045141336
10115,0.0023496752
10116,2.7074999e-05
10117,0.00071053335
10118,9.72e-05
10119,0.0010680334
10120,0.0028812
10121,0.004356075
10122,0.0042483
10123,0.0025854083
10124,0.00070083333
10125,4.6875004e-05
10126,0.00072520843
10127,0.0015696336
10128,0.0020172002
10129,0.0020008332
10130,0.0017176333
10131,0.0013333336
10132,1.4008336e-05
10133,1.5408334e-05
10134,0.00022413337
10135,0.00035020834
10136,7.680001e-05
10137,0.00020020833
10138,0.0018486752
10139,0.0044774082
10140,0.005838076
10141,0.0044652
10142,0.0016133332
10143,1.7633334e-05
10144,0.00093520834
10145,0.0030502086
10146,0.004224533
10147,7.680001e-05
10148,0.0006302084
10149,0.0020336334
10150,0.0033814088
10151,0.0031212
10152,0.0012740084
10153,4.8000006e-06
10154,0.0012160332
10155,0.0041654087
10156,0.0061633335
10157,0.000116033334
10158,0.0007905334
10159,0.00013867502
10160,0.0013804084
10161,0.000112133326
10162,0.0005461334
10163,0.0003888
10164,4.0333334e-06
10165,0.000195075
10166,0.00035363334
10167,0.004356075
10168,0.0090828
10169,0.008551409
10170,0.0031930087
10171,3.3333336e-08
10172,0.0033075
10173,0.009257633
10174,0.011097634
10175,0.0072696335
10176,0.0021845335
10177,3.1008334e-05
10178,0.00010640834
10179,0.0008060083
10180,0.0011041333
10181,0.0008586751
10182,0.00056333333
10183,0.0005002083
10184,0.0007450084
10185,0.001287075
10186,0.0017864085
10187,0.0016428002
10188,8.333334e-07
10189,4.32e-05
10190,0.00026107504
10191,0.00081120007
10192,0.0017252085
10193,0.0026696336
10194,0.0030100083
10195,0.0023496752
10196,0.0010502083
10197,8.8408335e-05
10198,0.00024940833
10199,0.0014214085
10200,0.0027456335
10201,0.00011407501
10202,0.0011285334
10203,0.003151875
10204,0.0001728
10205,0.0012416334
10206,0.0021252085
10207,8.008334e-06
10208,3.9675004e-05
10209,0.00049613335
10210,0.00013440834
10211,0.0018486752
10212,0.004788033
10213,0.00020280002
10214,0.001287075
10215,8.670001e-05
10216,0.00038520835
10217,0.00023520003
10218,2.6133332e-05
10219,0.0012545333
10220,0.00029767503
10221,0.0032344083
10222,0.006900834
10223,0.006780033
10224,4.083333e-07
10225,0.00026700835
10226,0.0009408001
10227,0.0016950082
10228,0.0022360333
10229,7.2074996e-05
10230,0.0007854083
10231,0.00015640832
10232,0.0015624084
10233,0.0028033333
10234,0.0018565333
10235,0.000112133326
10236,0.0011470084
10237,0.00046413334
10238,0.0005334083
10239,0.0059925327
10240,0.011741408
10241,0.010323075
10242,0.0033920333
10243,3.4133336e-05
10244,0.0006440333
10245,0.0070074084
10246,0.013440834
10247,0.012689633
10248,0.0061061336
10249,0.00075500837
10250,0.00041440837
10251,0.0025484087
10252,0.0032760752
10253,1.7633334e-05
10254,8.0033344e-05
10255,0.000541875
10256,0.0017786999
10257,0.0032970088
10258,0.0037074084
10259,0.0023763
10260,0.00050430006
10261,0.00012200834
10262,0.0018252002
10263,0.0041067
10264,0.0049922997
10265,0.003933075
10266,0.0020008332
10267,0.0005376334
10268,1.4008336e-05
10269,2.2533332e-05
10270,0.00024653334
10271,0.0006120084
10272,5.740834e-05
10273,0.00083740836
10274,0.0027075
10275,0.0044652
10276,0.0043681334
10277,0.002296875
10278,0.00027000002
10279,0.0003745333
10280,0.000226875
10281,0.0024934085
10282,0.00032013337
10283,0.0031212
10284,0.00038163335
10285,0.00034003335
10286,0.0034884084
10287,0.0059080343
10288,0.0037185336
10289,8.670001e-05
10290,0.00032013337
10291,0.0004485333
10292,0.0052668746
10293,0.011001674
10294,0.010868033
10295,6.075e-06
10296,0.00012
10297,0.00035707498
10298,2.7074999e-05
10299,0.00041440837
10300,0.0015552
10301,0.0031314085
10302,0.0039905333
10303,5.8800008e-05
10304,2.8033332e-05
10305,0.0003333334
10306,0.0005002083
10307,0.00012607501
10308,0.00019000833
10309,0.0019926752
10310,0.00030083334
10311,0.0030300752
10312,0.006438676
10313,0.006365634
10314,0.0026414085
10315,0.00012403334
10316,0.0024570748
10317,0.0055216337
10318,0.0063510756
10319,5.8800008e-05
10320,0.00035020834
10321,0.0011907001
10322,8.8408335e-05
10323,0.00061653333
10324,2.340833e-05
10325,1.6875001e-05
10326,7.053334e-05
10327,0.0009075
10328,0.0027936753
10329,0.0045141336
10330,0.004332009
10331,0.0022188004
10332,0.00024083335
10333,0.000399675
10334,0.0024661333
10335,0.0044165333
10336,0.0045880335
10337,0.0031621335
10338,0.0014214085
10339,0.00034340835
10340,1.0208334e-05
10341,4.8133337e-05
10342,0.000180075
10343,0.0003745333
10344,0.00072520843
10345,0.0013134085
10346,0.0020501334
10347,0.0025025331
10348,0.0022188004
10349,0.0012096752
10350,0.00020280002
10351,0.00011407501
10352,0.0011970083
10353,0.0027265332
10354,0.0036410084
10355,0.0033708
10356,0.0022360333
10357,0.00097470003
10358,0.000180075
10359,1.0208334e-05
10360,0.00029767503
10361,0.00081120007
10362,6.900833e-05
10363,0.0009185334
10364,0.0028518748
10365,0.004575675
10366,0.0043681334
10367,7.5e-06
10368,4.0333334e-06
10369,3.6750005e-06
10370,0.00010640834
10371,5.740834e-05
10372,0.0010325334
10373,0.00023240835
10374,0.0026602084
10375,0.0059080343
10376,0.006091875
10377,0.002679075
10378,3.5208333e-05
10379,0.0019360333
10380,0.006660301
10381,0.009170008
10382,0.007099408
10383,2.4083333e-06
10384,6.075e-06
10385,2.340833e-05
10386,0.0002187
10387,0.00030720004
10388,5.3333337e-05
10389,0.00023520003
10390,0.0018802084
10391,0.0044165333
10392,0.0056718756
10393,0.0043080086
10394,0.0015480085
10395,1.6875001e-05
10396,0.0009020084
10397,0.0029502087
10398,0.0041067
10399,0.0036080335
10400,0.0021930751
10401,0.00093520834
10402,0.00027300834
10403,4.5633336e-05
10404,3.3333336e-08
10405,3.6300004e-05
10406,0.00021600834
10407,0.00071540836
10408,0.0016280335
10409,0.0026414085
10410,0.0030906748
10411,0.0024752086
10412,0.0011346751
10413,1.6875001e-05
10414,0.000399675
10415,0.0010092
10416,0.0015624084
10417,0.00192
10418,6.3075e-05
10419,0.00072520843
10420,0.0021760087
10421,0.0030603004
10422,0.0020584085
10423,0.00029767503
10424,0.0004524084
10425,0.0033496334
10426,0.0065564085
10427,0.007038009
10428,4.4408334e-05
10429,0.00016803335
10430,0.000541875
10431,0.00080083334
10432,0.0004370084
10433,8.333334e-09
10434,0.0008694083
10435,0.0033390748
10436,0.005644408
10437,0.0056581334
10438,0.0032970088
10439,0.0007400333
10440,4.4408334e-05
10441,0.00014740834
10442,0.0016060084
10443,0.0034992
10444,0.0043080086
10445,0.0035643002
10446,1.5408334e-05
10447,1.3333334e-05
10448,0.00032669998
10449,0.00083740836
10450,0.00071540836
10451,6.4533335e-05
10452,0.00051253336
10453,0.0030300752
10454,0.0059643
10455,0.006526875
10456,0.0040950086
10457,0.0010150084
10458,3.1008334e-05
10459,0.0014214085
10460,0.0032448003
10461,0.00011407501
10462,0.0009861334
10463,0.0027840333
10464,0.004332009
10465,0.004071675
10466,7.008333e-06
10467,3.3333336e-06
10468,2.8033332e-05
10469,0.00014083333
10470,0.0005334083
10471,0.0014008334
10472,0.0025484087
10473,0.0032344083
10474,5.4675e-05
10475,0.00032013337
10476,0.00063940836
10477,0.00045630004
10478,1.9200002e-05
10479,0.00071053335
10480,0.0024570748
10481,0.0042721336
10482,0.004637634
10483,0.0031008334
10484,0.0009690084
10485,8.333334e-07
10486,0.00075000006
10487,0.0022446748
10488,0.003151875
10489,0.002970075
10490,0.002091675
10491,0.0011656334
10492,0.0005208334
10493,0.000165675
10494,1.3333334e-05
10495,4.0833336e-05
10496,0.00034340835
10497,0.0010325334
10498,0.0020090083
10499,0.0028421334
10500,8.333335e-05
10501,0.00072520843
10502,0.0017633336
10503,0.0018881336
10504,0.00071053335
10505,3e-05
10506,0.0018252002
10507,0.0052934084
10508,0.0073008006
10509,0.0059080343
10510,0.0025576334
10511,0.00023520003
10512,0.000112133326
10513,0.0012675
10514,0.00012200834
10515,0.00013020835
10516,0.0018881336
10517,0.0049152006
10518,0.006526875
10519,0.0049665337
10520,0.0017252085
10521,7.680001e-05
10522,0.0012740084
10523,0.0026133335
10524,0.0029205335
10525,0.002296875
10526,0.0014352085
10527,0.00080083334
10528,0.0004524084
10529,0.0002523
10530,8.333334e-09
10531,1.4700002e-05
10532,0.00012813334
10533,0.00055900833
10534,0.0015052083
10535,0.00014083333
10536,0.0015841334
10537,0.0038988001
10538,0.0045018755
10539,0.0023674082
10540,0.00012813334
10541,0.001098075
10542,0.004928008
10543,0.007857009
10544,0.0070533343
10545,0.00363
10546,0.00072520843
10547,2.43e-05
10548,0.00071540836
10549,0.0012805335
10550,0.0012033334
10551,0.00086403335
10552,0.000676875
10553,0.0007600333
10554,0.0010860085
10555,0.0014214085
10556,0.0013134085
10557,0.0006302084
10558,1.8408336e-05
10559,0.00048803337
10560,0.0022360333
10561,0.004141875
10562,0.004712534
10563,5.4675e-05
10564,0.00034003335
10565,0.0009520334
10566,0.0011970083
10567,0.0005504083
10568,4.0333334e-06
10569,0.0012096752
10570,0.0040833335
10571,0.006322008
10572,0.005782408
10573,0.0030000003
10574,0.0005002083
10575,9.363332e-05
10576,0.0011844083
10577,0.0023232002
10578,0.0026040082
10579,0.0021168
10580,2.0833337e-05
10581,0.00027000002
10582,0.00010083333
10583,0.0011844083
10584,0.0022707
10585,0.0015768749
10586,0.00011020835
10587,0.000957675
10588,0.00042187504
10589,0.0005002083
10590,0.0056994082
10591,0.01127141
10592,0.010010133
10593,0.0033602086
10594,2.43e-05
10595,0.004356075
10596,0.0109443
10597,0.012120301
10598,0.007176533
10599,0.0017327999
10600,9.9008335e-05
10601,0.0009520334
10602,0.0010208334
10603,0.0003924084
10604,3.5208333e-05
10605,8.333334e-07
10606,9.363332e-05
10607,0.0008480083
10608,0.0025208336
10609,0.0038646753
10610,0.0032760752
10611,0.0011594085
10612,2.4083333e-06
10613,0.0015194083
10614,0.0045264084
10615,0.006206409
10616,0.005187676
10617,0.0026226752
10618,0.000594075
10619,2.0833335e-07
10620,0.00031363333
10621,0.0006960083
10622,0.000826875
10623,0.0008533334
10624,0.0009690084
10625,0.0012545333
10626,0.0015987
10627,0.0016875002
10628,0.0012224084
10629,0.000399675
10630,4.8000006e-06
10631,0.00073507504
10632,0.0023852084
10633,0.00017520833
10634,0.0017786999
10635,0.0044165333
10636,0.005562408
10637,0.0037185336
10638,0.00079567503
10639,0.00018500832
10640,0.00030083334
10641,0.0033602086
10642,0.0071610743
10643,0.007987009
10644,0.005161409
10645,0.0015552
10646,1.08e-05
10647,0.000676875
10648,0.0017710081
10649,6.020834e-05
10650,6.1633335e-05
10651,0.0011163
10652,0.0034133336
10653,0.0052404087
10654,0.004700009
10655,3.6750005e-06
10656,2.5208332e-05
10657,9.0133326e-05
10658,0.00022963336
10659,0.0005852083
10660,0.0013002082
10661,0.0022533333
10662,0.0028616334
10663,0.0025300083
10664,0.0013266751
10665,0.00018750002
10666,0.00016803335
10667,0.0014008334
10668,0.002970075
10669,0.0001323
10670,0.00014740834
10671,0.0021675
10672,0.00030720004
10673,0.0002523
10674,0.0002187
10675,0.0016428002
10676,0.0017404085
10677,0.00022963336
10678,0.0008480083
10679,0.005333334
10680,0.009666075
10681,0.008840834
10682,0.0037074084
10683,0.00010640834
10684,0.0016280335
10685,0.0056994082
10686,0.00025813334
10687,0.000195075
10688,0.00031040836
10689,0.0004408334
10690,0.0049152006
10691,0.009205009
10692,0.007192008
10693,0.0015336752
10694,0.0006030083
10695,0.006855408
10696,0.0006627
10697,0.005214008
10698,0.0100467
10699,0.009523009
10700,0.0041654087
10701,0.00015640832
10702,0.0016354084
10703,0.0060208333
10704,0.008019675
10705,0.0059080343
10706,0.0023674082
10707,0.00032340837
10708,1.6133334e-05
10709,0.00015870002
10710,9.9008335e-05
10711,1.2033334e-05
10712,2.7e-06
10713,9.0133326e-05
10714,0.0006960083
10715,0.00016100833
10716,0.0020254082
10717,0.0048133335
10718,0.0052934084
10719,0.0025854083
10720,8.8408335e-05
10721,0.0014421332
10722,0.005740834
10723,0.008551409
10724,0.007176533
10725,0.0033390748
10726,0.00050430006
10727,7.2074996e-05
10728,0.00070083333
10729,0.001026675
10730,0.0008586751
10731,0.00061653333
10732,0.0005764084
10733,4.0833336e-05
10734,0.00071540836
10735,0.0022794085
10736,0.0032552083
10737,0.0022102084
10738,2.0833337e-05
10739,0.000826875
10740,0.0024210084
10741,0.00016333334
10742,0.0016502083
10743,0.0041772006
10744,0.0053734086
10745,0.0036741337
10746,1.08e-05
10747,0.0005504083
10748,0.0014145334
10749,0.0020418752
10750,0.0022016333
10751,0.0019764085
10752,0.0015336752
10753,0.0009861334
10754,0.0004524084
10755,3.0083336e-06
10756,0.000108299995
10757,0.00038163335
10758,0.0008965335
10759,0.0016576335
10760,0.0024030753
10761,8.333335e-05
10762,0.0007803
10763,0.0018881336
10764,4.9408336e-05
10765,0.00012403334
10766,2.2533332e-05
10767,0.00017520833
10768,0.0014421332
10769,0.00363
10770,0.0050440338
10771,0.0042008334
10772,0.0017710081
10773,8.0033344e-05
10774,0.00063480006
10775,0.0026602084
10776,0.0041536335
10777,0.0039675003
10778,0.0025947
10779,0.0011656334
10780,0.00032340837
10781,3.2033335e-05
10782,7.5e-06
10783,1.0208334e-05
10784,0.00019763334
10785,0.00080083334
10786,0.0018723003
10787,0.0029601331
10788,0.0032970088
10789,0.0024752086
10790,0.0010208334
10791,5.740834e-05
10792,0.00032669998
10793,0.0015624084
10794,0.0028033333
10795,0.0032344083
10796,5.740834e-05
10797,0.0005334083
10798,0.0017025335
10799,0.0025668752
10800,0.0018881336
10801,0.00034340835
10802,0.00030720004
10803,0.0028518748
10804,0.0060492004
10805,0.006900834
10806,0.0047376333
10807,0.0016502083
10808,6.020834e-05
10809,0.00041070004
10810,9.9008335e-05
10811,0.000924075
10812,0.0021760087
10813,0.0031212
10814,0.0031827001
10815,3.9675004e-05
10816,0.00031363333
10817,0.00094640837
10818,0.0012352082
10819,0.000594075
10820,1.4083332e-06
10821,0.0011781335
10822,0.0040950086
10823,0.00027603333
10824,0.0023763
10825,0.0050960337
10826,0.0052404087
10827,0.0023408332
10828,3.6300004e-05
10829,0.0016650752
10830,0.0059080343
10831,0.008383409
10832,0.006780033
10833,0.0030300752
10834,0.00042563336
10835,9.187501e-05
10836,0.0007803
10837,0.0011102085
10838,0.00089107506
10839,9.633333e-06
10840,0.00020540835
10841,0.0011656334
10842,0.0028616334
10843,0.0039102086
10844,0.0029900083
10845,0.0008965335
10846,2.9008334e-05
10847,0.0016800084
10848,0.0044530085
10849,0.0057963002
10850,0.004700009
10851,0.0023496752
10852,0.0005504083
10853,4.083333e-07
10854,0.00023240835
10855,0.0005547001
10856,0.00072520843
10857,0.00083740836
10858,0.0010502083
10859,0.0014145334
10860,0.0017710081
10861,0.0017786999
10862,0.0012033334
10863,0.00034680005
10864,1.6875001e-05
10865,0.0008216334
10866,0.0024390086
10867,0.0037856335
10868,0.000108299995
10869,0.0009408001
10870,0.0024934085
10871,0.0032240332
10872,0.0019926752
10873,2.8033332e-05
10874,0.0009296334
10875,0.0026040082
10876,0.0038760337
10877,0.0038646753
10878,0.0026508
10879,0.0011470084
10880,0.00018500832
10881,3e-05
10882,4.8133337e-05
10883,0.0006075001
10884,0.0016650752
10885,0.002736075
10886,0.0031930087
10887,0.002736075
10888,0.0016133332
10889,0.00049613335
10890,3.3333336e-06
10891,0.000316875
10892,0.0011470084
10893,0.0020008332
10894,0.0024661333
10895,0.0024030753
10896,0.0018881336
10897,0.0011408334
10898,0.00043319998
10899,3e-05
10900,3.3075e-05
10901,0.0005547001
10902,0.0016133332
10903,0.0027456335
10904,0.0032760752
10905,0.0028324083
10906,0.0016725332
10907,0.00050840835
10908,2.4083333e-06
10909,0.00034003335
10910,9.0133326e-05
10911,0.0011163
10912,0.0030200335
10913,0.00019253335
10914,0.0018096336
10915,0.0041654087
10916,0.004600409
10917,5.208334e-06
10918,1.6133334e-05
10919,0.0003040083
10920,0.0010680334
10921,0.00012607501
10922,0.0015624084
10923,0.004141875
10924,0.005454009
10925,0.0038194088
10926,0.0009075
10927,0.00014300835
10928,0.0022446748
10929,0.004940833
10930,0.0057270085
10931,0.0041654087
10932,0.0018408335
10933,0.00035020834
10934,1.6333332e-06
10935,2.340833e-05
10936,0.00022413337
10937,0.0005504083
10938,5.6033343e-05
10939,0.000826875
10940,0.00020280002
10941,0.0024120333
10942,0.0054945336
10943,0.0057963002
10944,0.0026508
10945,5.3333337e-05
10946,0.0017404085
10947,0.006322008
10948,0.008944133
10949,0.007145634
10950,0.0030805336
10951,0.0003745333
10952,0.00014083333
10953,0.0009185334
10954,0.0012033334
10955,0.00088563334
10956,0.0005292
10957,0.0004408334
10958,0.0006674084
10959,0.0012224084
10960,0.0017864085
10961,0.001710075
10962,0.00081120007
10963,2.2533332e-05
10964,0.0006030083
10965,0.0026414085
10966,0.0046500755
10967,0.00014300835
10968,0.0011531999
10969,0.0028518748
10970,0.0034776332
10971,0.0020008332
10972,0.000165675
10973,0.00020280002
10974,0.0029403002
10975,0.0067200335
10976,0.007857009
10977,0.0053734086
10978,0.0017864085
10979,3.7408336e-05
10980,0.00058963336
10981,0.0017786999
10982,0.0021590083
10983,0.0017025335
10984,0.0010920333
10985,0.00073507504
10986,2.0008336e-05
10987,0.00034340835
10988,0.0011285334
10989,0.0014981332
10990,0.00073507504
10991,5.2008338e-05
10992,0.0013200332
10993,0.0037856335
10994,0.000226875
10995,0.0019845334
10996,0.004440834
10997,0.0047628004
10998,0.0022707
10999,6.600833e-05
11000,0.0013736334
11001,0.005346675
11002,0.00032340837
11003,0.00027300834
11004,0.00038520835
11005,0.0044044084
11006,0.0083667
11007,0.006660301
11008,0.0014770086
11009,0.000516675
11010,0.0063074995
11011,0.012525634
11012,0.0122412015
11013,0.006192034
11014,0.00091300835
11015,0.00028213335
11016,0.0022707
11017,0.00011020835
11018,0.00068640837
11019,9.9008335e-05
11020,0.0012805335
11021,0.0035970751
11022,0.005280133
11023,0.0045510083
11024,0.0019926752
11025,0.00010640834
11026,0.0006533334
11027,0.0028421334
11028,0.004440834
11029,0.0042008334
11030,0.0026696336
11031,0.0011163
11032,8.333334e-07
11033,4.8000006e-06
11034,8.533334e-06
11035,3.7408336e-05
11036,1.0083334e-06
11037,0.00020280002
11038,0.0013002082
11039,0.0031827001
11040,0.0045018755
11041,0.0038874084
11042,3.0083336e-06
11043,1.8408336e-05
11044,6.7500005e-05
11045,0.00019253335
11046,0.0005504083
11047,0.0013067999
11048,0.0023232002
11049,0.0029800336
11050,0.0026226752
11051,0.0013534083
11052,1.2675001e-05
11053,0.0003640084
11054,0.0009520334
11055,0.0015265334
11056,0.0019280084
11057,0.0020750083
11058,0.0018960749
11059,0.0013736334
11060,0.0006580083
11061,9.540834e-05
11062,8.1674996e-05
11063,0.0007854083
11064,0.0019280084
11065,0.0029008337
11066,0.0031416332
11067,0.002511675
11068,0.0013940083
11069,0.0004033333
11070,1.8408336e-05
11071,0.00031363333
11072,0.0007905334
11073,0.0013067999
11074,0.0017786999
11075,0.0020750083
11076,5.6033343e-05
11077,6.600833e-05
11078,0.0009408001
11079,0.0019120085
11080,0.0013940083
11081,0.000108299995
11082,0.000826875
11083,0.0044044084
11084,0.007857009
11085,0.00018253335
11086,0.0010443002
11087,0.0021252085
11088,0.0020008332
11089,2.1333335e-06
11090,0.0003605333
11091,0.0013940083
11092,0.0027265332
11093,0.0035534084
11094,0.0032448003
11095,0.0019683002
11096,6.75e-07
11097,6.600833e-05
11098,0.0001323
11099,0.00023800835
11100,0.000516675
11101,0.0011346751
11102,0.000108299995
11103,0.0013467001
11104,0.0034776332
11105,0.0042008334
11106,0.0023408332
11107,4.6875004e-05
11108,0.0013002082
11109,0.0033496334
11110,0.0045510083
11111,0.0040484085
11112,0.0024030753
11113,8.333334e-09
11114,2.0833335e-07
11115,6.075e-06
11116,1.6133334e-05
11117,3.0083336e-06
11118,0.00027300834
11119,0.0013601334
11120,0.0030906748
11121,0.004224533
11122,0.0036080335
11123,0.0016428002
11124,2.9008334e-05
11125,0.0006533334
11126,0.0015123001
11127,0.0020336334
11128,0.0020833337
11129,0.0018174084
11130,0.0014145334
11131,0.00094640837
11132,0.0004720334
11133,9.187501e-05
11134,3.2033335e-05
11135,0.0005208334
11136,0.0015336752
11137,0.0026602084
11138,0.0032344083
11139,6.3075e-05
11140,0.00051253336
11141,0.0013400083
11142,4.32e-05
11143,0.00012813334
11144,2.9008334e-05
11145,0.00015413333
11146,0.00015413333
11147,0.0022620086
11148,0.005685634
11149,0.0068856752
11150,3.3075e-05
11151,1.1408334e-05
11152,1.3333334e-07
11153,8.500834e-05
11154,0.00055900833
11155,0.0016502083
11156,0.0030100083
11157,0.0036520334
11158,0.0029008337
11159,0.0012545333
11160,8.0033344e-05
11161,0.00036750003
11162,0.0018018751
11163,0.00015413333
11164,0.0015696336
11165,0.0040368
11166,0.005535209
11167,0.0044774082
11168,0.0017710081
11169,5.3333337e-05
11170,0.0009918751
11171,0.0021168
11172,0.0025392002
11173,0.0022188004
11174,0.0015914085
11175,1.4700002e-05
11176,0.00019000833
11177,0.00073507504
11178,0.0011102085
11179,0.000621075
11180,1.875e-06
11181,0.0009633334
11182,0.0037744083
11183,0.0062640756
11184,0.0060634078
11185,0.0033390748
11186,0.00063940836
11187,9.72e-05
11188,0.0014421332
11189,0.0028616334
11190,0.0030906748
11191,3.8533333e-05
11192,0.00037807503
11193,0.0015123001
11194,0.00015187502
11195,0.0013400083
11196,0.0023763
11197,0.0015552
11198,8.0033344e-05
11199,0.00024940833
11200,0.0036963
11201,0.008500834
11202,0.009594409
11203,0.005768533
11204,0.0011656334
11205,0.0001728
11206,0.0026226752
11207,0.004928008
11208,0.004700009
11209,0.0027170083
11210,0.000957675
11211,0.000195075
11212,3.8533333e-05
11213,4.2008338e-05
11214,4.8000006e-06
11215,2.0833337e-05
11216,4.083333e-07
11217,4.4408334e-05
11218,0.0009804083
11219,0.0031724083
11220,0.00507
11221,0.004725075
11222,0.0022794085
11223,3.6300004e-05
11224,0.00083740836
11225,0.0018802084
11226,0.0023674082
11227,0.0022102084
11228,0.001710075
11229,0.0011844083
11230,0.0007400333
11231,0.00037100833
11232,8.500834e-05
11233,1.6133334e-05
11234,5.3333337e-05
11235,0.00089107506
11236,0.002679075
11237,0.00019763334
11238,0.0019040334
11239,0.0043681334
11240,0.004775409
11241,0.0023320087
11242,7.053334e-05
11243,0.0016502083
11244,0.0040252088
11245,0.005122134
11246,0.0041772006
11247,0.0021930751
11248,0.0006030083
11249,1.4700002e-05
11250,0.0001323
11251,0.0004370084
11252,0.0006912
11253,0.0009296334
11254,0.0012480749
11255,0.0016428002
11256,0.00192
11257,0.0017710081
11258,0.0010860085
11259,0.00025813334
11260,3.8533333e-05
11261,0.00011020835
11262,0.0015194083
11263,0.0039102086
11264,0.00020803335
11265,0.0018096336
11266,0.0041067
11267,0.00012200834
11268,0.0005376334
11269,0.0006030083
11270,0.00010083333
11271,0.00010267501
11272,0.0019360333
11273,0.00034003335
11274,0.0034240086
11275,0.0003745333
11276,0.0028518748
11277,0.0045633335
11278,0.0027265332
11279,0.00012
11280,0.0017404085
11281,0.0074261334
11282,0.00046413334
11283,0.00034340835
11284,0.0038420085
11285,0.007394701
11286,0.0059784087
11287,2.0833337e-05
11288,0.0012480749
11289,0.0034776332
11290,0.004864133
11291,0.004356075
11292,0.0025576334
11293,7.500001e-08
11294,1.4008336e-05
11295,1.0083334e-06
11296,1.08e-05
11297,3.6750005e-06
11298,0.00023520003
11299,0.000116033334
11300,0.0017633336
11301,0.004700009
11302,0.0060492004
11303,0.004071675
11304,0.0008802084
11305,0.00020020833
11306,0.0029008337
11307,0.006091875
11308,0.006615675
11309,0.004344034
11310,2.0833335e-07
11311,3.6750005e-06
11312,4.5633336e-05
11313,0.00029140836
11314,0.00037100833
11315,6.020834e-05
11316,8.1674996e-05
11317,0.0016133332
11318,0.0045633335
11319,0.006380208
11320,0.0050960337
11321,0.0019280084
11322,6.900833e-05
11323,0.00013653334
11324,0.0014770086
11325,0.0032552083
11326,0.0040950086
11327,0.0035100086
11328,0.0020750083
11329,0.0007650751
11330,9.187501e-05
11331,3.2033335e-05
11332,0.0003040083
11333,0.00070083333
11334,5.740834e-05
11335,0.00081640837
11336,0.0026414085
11337,0.00020280002
11338,0.00019253335
11339,0.0021675
11340,0.0038874084
11341,0.0025668752
11342,5.8800008e-05
11343,0.0018174084
11344,0.004979409
11345,0.006765008
11346,0.0054945336
11347,0.0024300003
11348,2.7074999e-05
11349,0.0005002083
11350,0.00083740836
11351,0.0008060083
11352,0.0006912
11353,2.6133332e-05
11354,0.00051253336
11355,0.0020008332
11356,0.0035752086
11357,0.0034454088
11358,0.0014770086
11359,1.4008336e-05
11360,0.000226875
11361,0.0030100083
11362,0.0067350087
11363,0.007808534
11364,0.005280133
11365,0.0017252085
11366,3.3075e-05
11367,0.000112133326
11368,0.0011408334
11369,0.0021505335
11370,0.0023852084
11371,4.0833336e-05
11372,0.00046807507
11373,0.0017633336
11374,0.0032033334
11375,0.0031930087
11376,0.0014421332
11377,2.6133332e-05
11378,0.0010680334
11379,0.00031363333
11380,0.0033180085
11381,0.00041440837
11382,0.0037632005
11383,0.007536676
11384,0.0070533343
11385,0.0026696336
11386,7.500001e-08
11387,0.0004370084
11388,0.0051352084
11389,0.010397409
11390,0.00026403333
11391,0.0015552
11392,0.0033390748
11393,0.0036630754
11394,0.0018486752
11395,8.0033344e-05
11396,0.0009976333
11397,0.0043200003
11398,0.0069311997
11399,0.0064240335
11400,0.0035208336
11401,0.0008480083
11402,4.6875004e-05
11403,0.00052500836
11404,0.00079567503
11405,0.0007203
11406,0.0006075001
11407,0.000676875
11408,0.0010208334
11409,0.0015624084
11410,0.0018881336
11411,0.0015194083
11412,0.0
11413,8.1674996e-05
11414,0.0003605333
11415,0.0009296334
11416,0.0017556751
11417,0.0025484087
11418,0.0027744086
11419,0.002142075
11420,0.0009690084
11421,9.0133326e-05
11422,6.600833e-05
11423,0.0009804083
11424,0.0024752086
11425,0.00014520001
11426,0.0014770086
11427,0.0038420085
11428,0.00507
11429,0.0036080335
11430,0.0009020084
11431,0.00010453333
11432,0.0023320087
11433,0.0053600334
11434,0.0062785344
11435,0.0045264084
11436,0.0019040334
11437,9.075001e-06
11438,8.008334e-06
11439,1.6875001e-05
11440,1.3333334e-05
11441,5.2008338e-05
11442,0.00031363333
11443,0.0011285334
11444,0.0024661333
11445,0.00014083333
11446,0.0012936335
11447,0.00015187502
11448,0.0011041333
11449,0.0014770086
11450,0.00046807507
11451,0.00017040833
11452,0.00033667503
11453,0.0042602085
11454,0.009310409
11455,0.009684034
11456,1.2033334e-05
11457,4.5633336e-05
11458,0.00018253335
11459,2.340833e-05
11460,0.0004181333
11461,0.0015914085
11462,0.0032033334
11463,0.0040600337
11464,0.0032760752
11465,0.0014008334
11466,7.840833e-05
11467,0.00011020835
11468,0.0014840333
11469,0.003402675
11470,0.004332009
11471,0.0036963
11472,1.7633334e-05
11473,1.4700002e-05
11474,4.5633336e-05
11475,0.0005461334
11476,0.000826875
11477,0.00026107504
11478,0.00015187502
11479,0.0022016333
11480,0.005562408
11481,0.007099408
11482,0.0051090755
11483,1.6333332e-06
11484,3e-05
11485,0.000279075
11486,0.0006533334
11487,0.0011041333
11488,7.2074996e-05
11489,0.00097470003
11490,0.002970075
11491,0.004440834
11492,0.003586134
11493,1.2000002e-06
11494,0.00028520834
11495,0.00088563334
11496,7.840833e-05
11497,0.0010150084
11498,0.0030300752
11499,0.0047376333
11500,0.0043923
11501,0.002142075
11502,0.000195075
11503,0.00014300835
11504,0.0019360333
11505,0.0042483
11506,0.00016333334
11507,0.0013872002
11508,0.0035534084
11509,0.00017040833
11510,0.001171875
11511,8.333335e-05
11512,0.00038520835
11513,0.00024083335
11514,2.43e-05
11515,0.0012480749
11516,0.0040833335
11517,0.0062208
11518,0.0053734086
11519,0.0022620086
11520,9.0133326e-05
11521,0.0008748
11522,0.00025813334
11523,0.00027603333
11524,0.0033496334
11525,0.00043319998
11526,0.003933075
11527,0.007824676
11528,0.007254075
11529,1.3333334e-07
11530,0.00039603334
11531,0.0012288002
11532,0.0019764085
11533,0.0023320087
11534,0.0022274083
11535,0.0017556751
11536,0.001098075
11537,5.333334e-07
11538,1.0083334e-06
11539,8.333334e-07
11540,5.4675e-05
11541,0.0004181333
11542,0.0014145334
11543,0.0028227004
11544,0.0036741337
11545,0.0031110086
11546,0.0014490751
11547,0.00012607501
11548,9.9008335e-05
11549,0.00015870002
11550,0.0019845334
11551,0.0047376333
11552,0.0060776332
11553,0.004800675
11554,3.3333336e-06
11555,2.1333335e-06
11556,1.875e-06
11557,1.0208334e-05
11558,3.6750005e-06
11559,0.00025813334
11560,0.00012200834
11561,0.0018174084
11562,0.004788033
11563,0.00020803335
11564,0.0013134085
11565,0.0021505335
11566,0.0013067999
11567,3.9675004e-05
11568,0.0011531999
11569,0.004940833
11570,0.008068801
11571,0.007347675
11572,0.0035643002
11573,3.3075e-05
11574,0.0006960083
11575,0.0011781335
11576,0.0010800001
11577,1.4008336e-05
11578,0.00024653334
11579,0.0012675
11580,0.0029601331
11581,0.0039102086
11582,0.0029008337
11583,0.000826875
11584,4.0833336e-05
11585,0.0017176333
11586,0.0044165333
11587,0.005685634
11588,0.004575675
11589,0.0022794085
11590,0.0005376334
11591,1.0083334e-06
11592,3.3075e-05
11593,0.00032013337
11594,4.5633336e-05
11595,0.00063480006
11596,0.0020501334
11597,0.00018253335
11598,0.0018802084
11599,0.0043923
11600,0.004838701
11601,0.0023852084
11602,8.670001e-05
11603,0.0013134085
11604,0.0004181333
11605,0.004224533
11606,0.008875201
11607,0.0094518745
11608,0.005320009
11609,0.0009185334
11610,0.00026107504
11611,0.0027170083
11612,0.0047502085
11613,0.0043200003
11614,0.0024120333
11615,1.3333334e-07
11616,1.08e-05
11617,0.00032669998
11618,0.0011594085
11619,0.0015841334
11620,0.00080083334
11621,2.0833335e-07
11622,0.0012545333
11623,0.0045264084
11624,0.0070227003
11625,0.006322008
11626,0.0031314085
11627,0.00044467498
11628,0.000210675
11629,0.0016950082
11630,0.002910675
11631,0.0028518748
11632,2.8033332e-05
11633,0.00029453338
11634,0.0013266751
11635,0.002736075
11636,0.0030401333
11637,0.0015914085
11638,8.500834e-05
11639,0.00080083334
11640,0.0037296754
11641,0.0062930076
11642,0.0061633335
11643,0.0036520334
11644,0.0010443002
11645,9.075001e-06
11646,0.0003924084
11647,0.0010680334
11648,0.0013134085
11649,0.0012033334
11650,0.0010561333
11651,3.3075e-05
11652,7.2074996e-05
11653,0.0012416334
11654,0.00017763334
11655,0.0013134085
11656,0.0017710081
11657,0.00058963336
11658,0.00015187502
11659,0.0029601331
11660,0.007347675
11661,0.008875201
11662,0.0058102086
11663,0.0014421332
11664,5.8800008e-05
11665,0.0021590083
11666,0.004637634
11667,0.004864133
11668,0.0031212
11669,0.0012545333
11670,0.00029767503
11671,4.9408336e-05
11672,2.1675003e-05
11673,3.4133336e-05
11674,1.8408336e-05
11675,1.08e-05
11676,0.00038520835
11677,0.0016060084
11678,0.0033180085
11679,0.0042364085
11680,0.003402675
11681,0.0014352085
11682,7.3633346e-05
11683,0.0004840083
11684,0.0021505335
11685,0.0035425334
11686,0.0036630754
11687,4.2008338e-05
11688,0.0003605333
11689,0.0013002082
11690,0.0021845335
11691,2.7074999e-05
11692,2.0833335e-07
11693,2.1675003e-05
11694,0.00031040836
11695,0.0012805335
11696,0.0028130086
11697,0.0038646753
11698,0.0033814088
11699,0.0016206751
11700,2.340833e-05
11701,0.00056333333
11702,0.0013467001
11703,0.0018881336
11704,0.0020418752
11705,0.0018960749
11706,0.0015408334
11707,1.5408334e-05
11708,0.00012403334
11709,0.00034003335
11710,0.00029767503
11711,1.2033334e-05
11712,0.00043319998
11713,0.0023056336
11714,0.00025520835
11715,0.0025300083
11716,0.0055216337
11717,0.0056718756
11718,0.002511675
11719,3.5208333e-05
11720,0.0018018751
11721,0.0004524084
11722,0.0044044084
11723,0.0004840083
11724,0.0041654087
11725,0.008118075
11726,0.007394701
11727,0.0026602084
11728,2.4083333e-06
11729,0.0030401333
11730,0.008350008
11731,0.0100467
11732,0.0067350087
11733,6.75e-07
11734,8.1674996e-05
11735,8.533334e-06
11736,8.500834e-05
11737,1.5408334e-05
11738,2.2533332e-05
11739,4.4408334e-05
11740,0.0007854083
11741,0.0026414085
11742,0.0044652
11743,0.004440834
11744,0.0023674082
11745,0.00029453338
11746,0.0003605333
11747,0.0024752086
11748,0.00022140834
11749,0.0020750083
11750,0.004928008
11751,0.0062208
11752,0.0045633335
11753,0.0015194083
11754,7.3633346e-05
11755,0.00013440834
11756,0.00015413333
11757,0.0019120085
11758,0.0045880335
11759,0.000210675
11760,0.0017480336
11761,0.000226875
11762,0.0019440751
11763,0.0033180085
11764,0.002091675
11765,0.000108299995
11766,0.0013400083
11767,0.006091875
11768,0.00042187504
11769,0.0033180085
11770,0.0065712007
11771,0.006206409
11772,8.333334e-09
11773,0.00029453338
11774,0.0009804083
11775,0.0017176333
11776,0.0022274083
11777,0.0023232002
11778,0.0019845334
11779,0.0013067999
11780,0.0005461334
11781,5.0700004e-05
11782,0.00011800835
11783,0.00080083334
11784,0.000112133326
11785,0.0013736334
11786,0.0037744083
11787,0.00021333335
11788,0.0017404085
11789,0.0034884084
11790,0.0030906748
11791,0.0008480083
11792,0.00016333334
11793,0.003151875
11794,0.007410408
11795,0.00867
11796,0.0058102086
11797,1.4083332e-06
11798,0.00014520001
11799,0.00013653334
11800,4.4408334e-05
11801,2.340833e-05
11802,1.6133334e-05
11803,0.00051253336
11804,0.002091675
11805,0.004002075
11806,0.0044165333
11807,0.002679075
11808,0.00048
11809,0.00012607501
11810,0.0018802084
11811,0.004212675
11812,0.0050830087
11813,6.7500005e-05
11814,0.0004840083
11815,0.000112133326
11816,0.0012224084
11817,0.00010640834
11818,3.7408336e-05
11819,0.00012607501
11820,1.2000002e-06
11821,0.00050430006
11822,0.0025025331
11823,0.0049024085
11824,0.0052668746
11825,0.0029900083
11826,2.5208332e-05
11827,0.00075500837
11828,0.0017710081
11829,0.0023144083
11830,0.0022360333
11831,0.0017941332
11832,0.0012675
11833,0.0007905334
11834,0.00038163335
11835,7.680001e-05
11836,2.43e-05
11837,0.0004370084
11838,0.0013736334
11839,0.0025025331
11840,0.0032033334
11841,0.002970075
11842,0.0018802084
11843,0.0006256333
11844,9.633333e-06
11845,0.00034003335
11846,0.0013002082
11847,0.0022360333
11848,0.0026602084
11849,0.0024570748
11850,0.0018018751
11851,0.0010092
11852,0.00035020834
11853,1.7633334e-05
11854,3e-05
11855,0.0005002083
11856,0.0014981332
11857,0.0026226752
11858,0.0032344083
11859,0.0028910085
11860,1.6875001e-05
11861,8.008334e-06
11862,0.00013440834
11863,0.00021333335
11864,3.3333336e-06
11865,0.0003040083
11866,0.0014560336
11867,0.0032136752
11868,0.004296033
11869,0.0035752086
11870,0.0015696336
11871,9.72e-05
11872,0.00046807507
11873,0.00018253335
11874,0.0020090083
11875,0.0046750084
11876,0.00020803335
11877,0.0016875002
11878,0.0038420085
11879,0.0042602085
11880,0.002142075
11881,9.0133326e-05
11882,0.0011346751
11883,0.00038520835
11884,0.00042940833
11885,0.0005547001
11886,0.0062208
11887,0.012140408
11888,0.0106032
11889,0.0034454088
11890,0.00028829998
11891,0.0046875
11892,0.009469633
11893,0.009381008
11894,0.005122134
11895,0.0011594085
11896,6.1633335e-05
11897,0.0005292
11898,0.0004840083
11899,0.00014740834
11900,1.2675001e-05
11901,1.9200002e-05
11902,0.00028829998
11903,0.0013668751
11904,0.00018253335
11905,0.0018881336
11906,0.0039445334
11907,0.0035534084
11908,0.0010034083
11909,0.00016100833
11910,0.00041440837
11911,0.004876875
11912,0.010304533
11913,0.00027603333
11914,0.00014300835
11915,0.0001728
11916,0.0016725332
11917,0.0024120333
11918,0.00093520834
11919,8.500834e-05
11920,0.0030906748
11921,0.008167501
11922,0.00032013337
11923,0.0020501334
11924,0.0037744083
11925,0.0031212
11926,0.00075000006
11927,0.00024653334
11928,0.0034561334
11929,0.007648034
11930,0.008602134
11931,0.005535209
11932,0.0016060084
11933,3.6750005e-06
11934,0.00081640837
11935,0.0020090083
11936,6.020834e-05
11937,0.0005002083
11938,0.0016133332
11939,0.0030401333
11940,0.0037744083
11941,0.0030300752
11942,0.0013134085
11943,8.333335e-05
11944,0.00038520835
11945,0.0018802084
11946,0.0032760752
11947,0.0035643002
11948,0.0027744086
11949,0.0015768749
11950,0.0006120084
11951,0.000116033334
11952,1.6333332e-06
11953,0.00014300835
11954,0.00049613335
11955,0.0010680334
11956,0.0017786999
11957,0.0023852084
11958,0.0025025331
11959,0.00192
11960,0.00089107506
11961,1.08e-05
11962,0.00028213335
11963,0.0007650751
11964,0.0013200332
11965,0.0018330083
11966,0.0021505335
11967,0.0021000335
11968,0.0015768749
11969,0.0007600333
11970,0.00010267501
11971,0.00010267501
11972,0.0009020084
11973,0.0021084086
11974,0.0030300752
11975,0.0031314085
11976,0.0023941335
11977,7.5e-06
11978,3.2033335e-05
11979,0.00012607501
11980,0.00013020835
11981,1.875e-06
11982,0.00034680005
11983,0.0018330083
11984,0.003933075
11985,0.004928008
11986,0.0037632005
11987,7.500001e-08
11988,7.2074996e-05
11989,0.0001728
11990,0.0003040083
11991,0.00058963336
11992,7.053334e-05
11993,0.00013867502
11994,0.0021252085
11995,0.005161409
11996,0.0056994082
11997,0.0027648
11998,9.187501e-05
11999,0.0015480085
12000,0.006091875
12001,0.008944133
12002,0.00013020835
12003,0.00071540836
12004,0.0018565333
12005,0.002511675
12006,0.0016725332
12007,0.00023240835
12008,0.0004033333
12009,0.0029502087
12010,0.0058800005
12011,0.00019000833
12012,0.0014145334
12013,0.0032865335
12014,0.0037744083
12015,7.008333e-06
12016,3.3075e-05
12017,0.00027300834
12018,0.00088563334
12019,0.0018644085
12020,0.00012403334
12021,0.0013534083
12022,0.0034240086
12023,0.00012403334
12024,0.00061653333
12025,0.0007203
12026,0.00014300835
12027,0.00028213335
12028,0.0024843
12029,0.0056033335
12030,0.0067200335
12031,0.0046127997
12032,0.0013467001
12033,4.0333334e-06
12034,0.000195075
12035,0.0021590083
12036,0.0045018755
12037,0.0051483
12038,0.0037856335
12039,0.0017633336
12040,0.00040700837
12041,2.7e-06
12042,0.00011407501
12043,0.00031363333
12044,0.00049613335
12045,0.00075000006
12046,0.0011781335
12047,0.0017556751
12048,8.0033344e-05
12049,0.00083740836
12050,0.0020336334
12051,0.0021505335
12052,0.0007854083
12053,9.363332e-05
12054,0.0019120085
12055,0.0049665337
12056,0.0065712007
12057,0.0052404087
12058,0.0022881336
12059,0.00023800835
12060,0.00024083335
12061,0.0014076749
12062,0.0022620086
12063,5.740834e-05
12064,0.00058080006
12065,0.00015870002
12066,0.0020418752
12067,0.004864133
12068,0.005346675
12069,0.0026040082
12070,8.0033344e-05
12071,0.00022413337
12072,0.002679075
12073,0.0060208333
12074,0.0071302084
12075,0.0050310753
12076,0.0018096336
12077,7.680001e-05
12078,9.9008335e-05
12079,0.0010443002
12080,0.0020090083
12081,7.2074996e-05
12082,0.00075500837
12083,0.0023852084
12084,0.0040368
12085,0.0041067
12086,1.2675001e-05
12087,1.3333334e-07
12088,6.533333e-06
12089,8.0033344e-05
12090,0.00045630004
12091,0.0014008334
12092,0.0027075
12093,0.00012813334
12094,0.0011408334
12095,0.0025300083
12096,0.0024661333
12097,1.6333332e-06
12098,0.00037807503
12099,0.0014630083
12100,0.0028324083
12101,0.003619008
12102,0.0032448003
12103,0.00192
12104,0.0005504083
12105,7.500001e-08
12106,0.0004485333
12107,9.9008335e-05
12108,0.001171875
12109,0.0031110086
12110,0.004600409
12111,0.004356075
12112,0.0025392002
12113,4.0333334e-06
12114,0.000165675
12115,0.00031040836
12116,1.6875001e-05
12117,0.00029767503
12118,0.001287075
12119,0.0028518748
12120,0.003921633
12121,0.0034347004
12122,0.0016280335
12123,0.00014740834
12124,0.0003605333
12125,0.0020254082
12126,0.00017763334
12127,0.0017556751
12128,0.0043681334
12129,0.0057963002
12130,0.0045141336
12131,0.0016725332
12132,2.5208332e-05
12133,0.0009020084
12134,0.0030502086
12135,0.004284075
12136,0.0037520085
12137,2.0833337e-05
12138,0.00017763334
12139,0.0008586751
12140,0.0017327999
12141,0.0016725332
12142,0.0005292
12143,7.2074996e-05
12144,0.0019360333
12145,0.0003333334
12146,0.0033814088
12147,0.007379009
12148,0.007938134
12149,0.0042008334
12150,0.00043319998
12151,0.00080083334
12152,0.0044896337
12153,0.00030720004
12154,0.00025520835
12155,0.0032656335
12156,0.007473409
12157,0.0082502095
12158,0.0044774082
12159,0.0005002083
12160,0.0007803
12161,0.004600409
12162,0.007457634
12163,0.0001323
12164,0.0008321334
12165,0.00016100833
12166,0.0018330083
12167,0.0039102086
12168,0.0035752086
12169,0.0010384084
12170,0.00014520001
12171,0.0033285336
12172,0.007954409
12173,0.009292801
12174,0.006120409
12175,0.0018096336
12176,4.4083336e-06
12177,0.00093520834
12178,0.002296875
12179,0.0024390086
12180,0.0016206751
12181,0.0008321334
12182,0.00048
12183,1.6875001e-05
12184,0.00034680005
12185,0.0011656334
12186,0.0015480085
12187,8.333334e-07
12188,0.000112133326
12189,7.5208336e-05
12190,0.0012545333
12191,0.0036741337
12192,0.005454009
12193,9.187501e-05
12194,3.9675004e-05
12195,0.00042563336
12196,0.0006256333
12197,0.0001728
12198,8.500834e-05
12199,0.0017633336
12200,0.00032669998
12201,0.0033390748
12202,0.0070074084
12203,0.006810134
12204,0.0027265332
12205,7.008333e-06
12206,0.0024480335
12207,0.0075208335
12208,0.009684034
12209,0.0069921343
12210,0.0025668752
12211,4.2008338e-05
12212,0.00050430006
12213,0.00050840835
12214,8.333334e-09
12215,3.0000004e-07
12216,0.000108299995
12217,0.000826875
12218,0.0024120333
12219,0.000180075
12220,0.0016576335
12221,0.0034454088
12222,0.0031314085
12223,0.0008965335
12224,0.00013867502
12225,0.00037807503
12226,0.0045387005
12227,0.0097380085
12228,0.010341633
12229,0.0057131997
12230,0.0009075
12231,0.00035363334
12232,0.0031314085
12233,0.005214008
12234,0.0045141336
12235,0.0023320087
12236,1.3333334e-07
12237,1.0083334e-06
12238,0.00023800835
12239,0.0010384084
12240,0.0015480085
12241,0.00086403335
12242,6.075e-06
12243,0.0011163
12244,0.0043681334
12245,0.00031040836
12246,0.0026320333
12247,0.005535209
12248,0.00013020835
12249,3.5208333e-05
12250,1.6875001e-05
12251,3.7408336e-05
12252,2.340833e-05
12253,0.00070083333
12254,0.0025854083
12255,0.0045387005
12256,0.0046252087
12257,0.0025208336
12258,0.0003333334
12259,0.00035363334
12260,0.00024083335
12261,0.0026414085
12262,0.0058520334
12263,0.0002187
12264,0.0001728
12265,0.0002523
12266,0.0027936753
12267,0.0048896335
12268,0.0031621335
12269,0.0002187
12270,0.0015696336
12271,0.007489201
12272,0.0118803
12273,0.00017520833
12274,0.0007400333
12275,0.001491075
12276,0.0014630083
12277,0.00047600834
12278,7.840833e-05
12279,0.0016060084
12280,0.0043080086
12281,0.0059643
12282,0.0050440338
12283,0.0024300003
12284,0.00035363334
12285,8.0033344e-05
12286,0.0009918751
12287,0.0019845334
12288,0.0023144083
12289,4.6875004e-05
12290,0.0005292
12291,0.0019120085
12292,0.0033602086
12293,0.0032344083
12294,0.0013940083
12295,1.4700002e-05
12296,0.0011594085
12297,0.00031363333
12298,0.0032865335
12299,0.0072696335
12300,0.008233634
12301,4.32e-05
12302,6.4533335e-05
12303,6.533333e-06
12304,3e-05
12305,1.3333334e-07
12306,4.4408334e-05
12307,0.00013440834
12308,0.00026107504
12309,0.0034561334
12310,0.007536676
12311,0.0074418755
12312,4.083333e-07
12313,0.00029767503
12314,0.0010150084
12315,0.0017864085
12316,0.0022881336
12317,0.0023496752
12318,0.0019683002
12319,0.0012675
12320,0.000516675
12321,4.4408334e-05
12322,0.00012
12323,7.680001e-05
12324,0.0010740083
12325,0.0030000003
12326,0.0045633335
12327,0.004440834
12328,2.1675003e-05
12329,5.6033343e-05
12330,0.00014963334
12331,0.00012813334
12332,7.500001e-08
12333,0.00040700837
12334,0.00017520833
12335,0.0023320087
12336,0.005740834
12337,0.006855408
12338,0.0042008334
12339,0.00070083333
12340,0.0003924084
12341,0.0035316749
12342,0.006586009
12343,0.0065564085
12344,0.0039102086
12345,0.0012224084
12346,1.8408336e-05
12347,0.00015640832
12348,3.0000004e-07
12349,8.333334e-09
12350,2.0008336e-05
12351,0.00029140836
12352,0.0012352082
12353,0.0027648
12354,0.00015187502
12355,0.0013400083
12356,0.0028714086
12357,5.4675e-05
12358,0.00010083333
12359,7.5e-06
12360,0.00023240835
12361,0.0015265334
12362,0.0036080335
12363,0.00018253335
12364,0.0014840333
12365,0.00016100833
12366,0.0011285334
12367,0.0014981332
12368,0.00046807507
12369,0.0001728
12370,0.0028324083
12371,0.0069311997
12372,0.00026700835
12373,0.0001728
12374,0.00020540835
12375,0.0019440751
12376,9.187501e-05
12377,0.00020803335
12378,1.08e-05
12379,0.0006030083
12380,0.0024300003
12381,0.00022413337
12382,0.0020501334
12383,0.0041184085
12384,6.1633335e-05
12385,2.1333335e-06
12386,4.8000006e-06
12387,0.00022140834
12388,0.0011531999
12389,0.00017763334
12390,0.00023520003
12391,0.0029304083
12392,0.005936133
12393,0.00507
12394,0.0013002082
12395,0.00028213335
12396,0.000541875
12397,0.0006533334
12398,0.007145634
12399,0.01410501
12400,0.013041675
12401,0.0052404087
12402,8.333335e-05
12403,0.0027840333
12404,0.008636033
12405,0.010267501
12406,0.006453333
12407,0.0018644085
12408,4.32e-05
12409,4.9408336e-05
12410,1.2033334e-05
12411,2.6133332e-05
12412,2.1675003e-05
12413,6.020834e-05
12414,3.3075e-05
12415,0.0007400333
12416,0.0025947
12417,0.0044774082
12418,0.0045141336
12419,0.0024390086
12420,0.000316875
12421,0.00013867502
12422,0.0002187
12423,0.0025761332
12424,0.0003333334
12425,0.0032240332
12426,0.007038009
12427,0.0076161334
12428,0.0040950086
12429,0.0004485333
12430,0.00024940833
12431,0.0032448003
12432,0.00034340835
12433,0.0030100083
12434,0.006526875
12435,0.0074418755
12436,0.0047502085
12437,0.001171875
12438,4.2008338e-05
12439,0.001710075
12440,0.0037856335
12441,0.0041654087
12442,0.0029304083
12443,0.0014076749
12444,0.00048803337
12445,3.3333336e-08
12446,1.4008336e-05
12447,1.1408334e-05
12448,7.680001e-05
12449,2.0833337e-05
12450,0.00013020835
12451,0.0012224084
12452,0.0033075
12453,0.004838701
12454,8.500834e-05
12455,0.00042563336
12456,3.5208333e-05
12457,1.08e-05
12458,1.3333334e-05
12459,6.020834e-05
12460,0.00081640837
12461,0.0026320333
12462,0.004380208
12463,0.0043200003
12464,1.0208334e-05
12465,8.333334e-07
12466,1.5408334e-05
12467,1.4008336e-05
12468,0.0003640084
12469,0.0015052083
12470,0.0031621335
12471,0.00014963334
12472,0.0012740084
12473,0.00014740834
12474,0.0010680334
12475,4.2008338e-05
12476,5.740834e-05
12477,2.340833e-05
12478,0.00011407501
12479,0.0019120085
12480,0.0050830087
12481,0.00021600834
12482,0.0013467001
12483,8.8408335e-05
12484,0.0003924084
12485,0.00024367501
12486,2.5208332e-05
12487,0.0012545333
12488,0.0041067
12489,0.0062496336
12490,0.0053734086
12491,0.0022533333
12492,8.670001e-05
12493,0.00088563334
12494,0.0034347004
12495,0.005018133
12496,0.004380208
12497,0.0024843
12498,0.0008748
12499,0.00014740834
12500,1.2000002e-06
12501,3.0083336e-06
12502,3.6300004e-05
12503,0.00016803335
12504,0.0005852083
12505,0.0014421332
12506,0.0025300083
12507,0.000112133326
12508,0.000112133326
12509,0.0013940083
12510,0.0026602084
12511,0.0018408335
12512,4.2008338e-05
12513,0.0013940083
12514,0.0040600337
12515,0.0059080343
12516,0.0052271998
12517,1.08e-05
12518,4.8000006e-06
12519,3e-05
12520,3.7408336e-05
12521,6.533333e-06
12522,0.000316875
12523,0.00013020835
12524,0.0018802084
12525,0.0049024085
12526,0.00020803335
12527,0.0013002082
12528,0.0021252085
12529,0.0012936335
12530,3.7408336e-05
12531,0.0011470084
12532,0.004928008
12533,0.00035363334
12534,0.0029304083
12535,0.0059925327
12536,0.0058520334
12537,0.0024030753
12538,1.0208334e-05
12539,0.0003605333
12540,0.0044165333
12541,0.009205009
12542,0.009702009
12543,3.9675004e-05
12544,7.008333e-06
12545,0.00020803335
12546,0.00059853337
12547,0.000541875
12548,4.9408336e-05
12549,0.00044467498
12550,0.0026696336
12551,0.00029453338
12552,0.0028033333
12553,0.0059643
12554,0.0059784087
12555,0.0025300083
12556,0.00011407501
12557,0.0022794085
12558,0.005187676
12559,0.0060776332
12560,0.0044044084
12561,0.0018960749
12562,7.5e-06
12563,9.540834e-05
12564,4.6875004e-05
12565,6.75e-07
12566,8.333334e-07
12567,0.00015187502
12568,0.00010453333
12569,0.0016650752
12570,0.0045264084
12571,0.0059220744
12572,0.004071675
12573,0.000924075
12574,0.00017040833
12575,0.0028033333
12576,0.00032669998
12577,0.002970075
12578,0.00036750003
12579,0.0034133336
12580,0.0069768755
12581,0.006690133
12582,0.0026320333
12583,3.3333336e-06
12584,0.0024752086
12585,0.007473409
12586,0.009558675
12587,0.0068705333
12588,0.002511675
12589,4.0833336e-05
12590,0.00048803337
12591,0.0004840083
12592,0.000165675
12593,2.2533332e-05
12594,3.3333336e-06
12595,0.0002523
12596,0.0014214085
12597,0.0032865335
12598,0.004224533
12599,0.0030200335
12600,0.0007854083
12601,7.2074996e-05
12602,0.0019280084
12603,0.0046500755
12604,0.00019253335
12605,0.0015914085
12606,0.0039102086
12607,0.0050052083
12608,0.0034561334
12609,0.00081640837
12610,0.00012403334
12611,0.0023408332
12612,0.0052668746
12613,0.00018750002
12614,0.0014840333
12615,0.0036741337
12616,0.004775409
12617,0.0033708
12618,0.0008427
12619,0.00012200834
12620,0.0019683002
12621,0.004440834
12622,0.005320009
12623,0.004071675
12624,0.0019602084
12625,0.00046020836
12626,2.7e-06
12627,0.00014520001
12628,0.00038520835
12629,0.0005720334
12630,0.0007905334
12631,0.0011470084
12632,0.0016428002
12633,0.0020418752
12634,0.0019440751
12635,0.0012096752
12636,0.00028520834
12637,4.4408334e-05
12638,0.000957675
12639,0.0025576334
12640,0.0037296754
12641,0.0036963
12642,0.0025668752
12643,0.0011408334
12644,4.8000006e-06
12645,9.633333e-06
12646,9.0133326e-05
12647,0.00028520834
12648,5.0700004e-05
12649,0.00011407501
12650,0.0018723003
12651,0.004979409
12652,0.0063510756
12653,0.0042008334
12654,0.00086403335
12655,0.00017763334
12656,0.0026320333
12657,0.0056033335
12658,0.0062352084
12659,5.3333337e-05
12660,0.00030720004
12661,0.001098075
12662,0.0019040334
12663,0.0016206751
12664,0.00041070004
12665,0.00010267501
12666,0.0018881336
12667,0.0048514092
12668,0.0064094085
12669,0.0051352084
12670,0.0022707
12671,0.00024940833
12672,0.0002187
12673,0.0013467001
12674,0.0022188004
12675,0.0022188004
12676,0.0017025335
12677,1.8408336e-05
12678,0.000279075
12679,0.0012033334
12680,0.0021760087
12681,0.0018802084
12682,4.4083336e-06
12683,0.00042563336
12684,0.0015336752
12685,0.00015187502
12686,0.001710075
12687,0.0043681334
12688,0.0056033335
12689,3.9675004e-05
12690,4.4408334e-05
12691,1.6875001e-05
12692,3e-05
12693,0.00049207505
12694,0.0017556751
12695,0.0033708
12696,0.0040950086
12697,0.0031827001
12698,0.001287075
12699,3.2033335e-05
12700,7.5208336e-05
12701,9.9008335e-05
12702,0.0013601334
12703,0.003586134
12704,0.0050960337
12705,0.0045880335
12706,0.0024570748
12707,0.0005002083
12708,4.5633336e-05
12709,0.00011020835
12710,0.0012224084
12711,0.0028227004
12712,0.0037520085
12713,0.0034347004
12714,0.0022360333
12715,0.0009408001
12716,0.00016100833
12717,1.4700002e-05
12718,0.00030720004
12719,0.00080083334
12720,0.0013400083
12721,0.0018096336
12722,0.0021000335
12723,5.4675e-05
12724,0.000541875
12725,0.0014560336
12726,0.0016875002
12727,0.00070083333
12728,6.900833e-05
12729,0.0015480085
12730,0.000279075
12731,0.0029800336
12732,0.0067200335
12733,0.007473409
12734,0.0041536335
12735,0.000516675
12736,0.00063480006
12737,0.0040950086
12738,0.0069160094
12739,0.0063510756
12740,2.0833337e-05
12741,8.500834e-05
12742,0.0005376334
12743,8.0033344e-05
12744,0.0006674084
12745,2.8033332e-05
12746,3e-05
12747,4.8133337e-05
12748,0.0008427
12749,0.0027744086
12750,0.004600409
12751,0.0044896337
12752,0.0023232002
12753,0.00026403333
12754,0.000399675
12755,0.0025392002
12756,0.0045510083
12757,0.004712534
12758,0.0032033334
12759,0.0014008334
12760,0.000316875
12761,5.633333e-06
12762,1.08e-05
12763,0.00012200834
12764,2.8033332e-05
12765,0.00049207505
12766,0.0017786999
12767,0.003402675
12768,0.0041301334
12769,0.0031930087
12770,0.0012805335
12771,5.0700004e-05
12772,0.00049613335
12773,0.00016333334
12774,0.0017941332
12775,0.00026107504
12776,0.0027265332
12777,0.0003605333
12778,0.0032136752
12779,0.006006675
12780,0.004838701
12781,0.001098075
12782,0.00038163335
12783,0.0048896335
12784,0.010120033
12785,0.00026700835
12786,0.0016133332
12787,0.0034561334
12788,0.00010083333
12789,0.00046020836
12790,0.0005208334
12791,8.1674996e-05
12792,0.00030720004
12793,0.0023320087
12794,0.0051483
12795,0.00020020833
12796,0.0014490751
12797,0.0029304083
12798,4.9408336e-05
12799,7.840833e-05
12800,1.875e-06
12801,0.00026700835
12802,0.0015480085
12803,0.0035534084
12804,0.004725075
12805,0.0038420085
12806,0.0015987
12807,7.053334e-05
12808,0.0005852083
12809,0.0024480335
12810,0.0038646753
12811,0.003796875
12812,3.4133336e-05
12813,0.00029140836
12814,0.0011408334
12815,0.0020172002
12816,3e-05
12817,6.75e-07
12818,1.2675001e-05
12819,0.00026700835
12820,0.0012224084
12821,0.0027936753
12822,0.003933075
12823,0.0034992
12824,0.0016950082
12825,0.00016333334
12826,0.000112133326
12827,0.0015552
12828,0.0035534084
12829,0.0044896337
12830,7.3633346e-05
12831,6.900833e-05
12832,0.0011470084
12833,0.0028324083
12834,0.002910675
12835,0.001026675
12836,4.8133337e-05
12837,0.0024934085
12838,0.006765008
12839,0.008653008
12840,0.0063365335
12841,0.0022707
12842,7.2074996e-05
12843,0.0006580083
12844,0.0021505335
12845,8.670001e-05
12846,0.00071540836
12847,0.0020501334
12848,0.0034668753
12849,0.0038760337
12850,0.0027936753
12851,0.0010384084
12852,2.7074999e-05
12853,0.0004840083
12854,0.0018644085
12855,0.0030100083
12856,0.0031724083
12857,0.0024752086
12858,0.0014770086
12859,0.0006533334
12860,0.0001728
12861,2.1333335e-06
12862,9.9008335e-05
12863,0.0004720334
12864,0.0011408334
12865,0.0019683002
12866,0.00010267501
12867,0.0001323
12868,0.0018802084
12869,0.00022413337
12870,0.0015696336
12871,0.0020750083
12872,0.00070083333
12873,0.00014963334
12874,0.0031724083
12875,0.007857009
12876,0.009363333
12877,5.4675e-05
12878,8.670001e-05
12879,0.00015413333
12880,9.9008335e-05
12881,4.0333334e-06
12882,0.00049613335
12883,0.0020501334
12884,0.0039560087
12885,0.0046750084
12886,0.003402675
12887,0.0012160332
12888,4.5633336e-05
12889,0.00079567503
12890,9.72e-05
12891,0.0010502083
12892,0.0028227004
12893,0.004296033
12894,0.00010640834
12895,0.00077520835
12896,0.0017864085
12897,0.0018565333
12898,0.0006627
12899,4.0833336e-05
12900,0.00025813334
12901,0.0034240086
12902,0.0004485333
12903,0.0040600337
12904,0.008036033
12905,0.007394701
12906,2.0833335e-07
12907,0.0004181333
12908,0.0012805335
12909,0.0020336334
12910,0.0023496752
12911,0.0022016333
12912,0.001710075
12913,0.0010561333
12914,0.0004370084
12915,4.5633336e-05
12916,8.500834e-05
12917,0.000648675
12918,0.0015987
12919,0.0025300083
12920,9.9008335e-05
12921,0.0010034083
12922,0.0026980087
12923,0.0034561334
12924,0.0021000335
12925,0.00021600834
12926,0.000648675
12927,0.0038307
12928,0.006900834
12929,0.006961634
12930,0.004141875
12931,3.0083336e-06
12932,0.00012403334
12933,9.9008335e-05
12934,2.340833e-05
12935,6.75e-07
12936,0.00010267501
12937,0.0007905334
12938,0.0023408332
12939,0.0038760337
12940,0.0039102086
12941,0.0021845335
12942,0.00032340837
12943,0.00025520835
12944,0.0021084086
12945,0.0041536335
12946,0.0046500755
12947,5.3333337e-05
12948,0.000399675
12949,0.0013534083
12950,0.0021930751
12951,0.0017404085
12952,0.00038163335
12953,0.00020803335
12954,0.00027603333
12955,0.003402675
12956,0.0076960083
12957,0.008755209
12958,0.0053868005
12959,0.0011781335
12960,0.00011020835
12961,0.0022446748
12962,0.0044774082
12963,0.0045018755
12964,0.0028130086
12965,0.0011224084
12966,0.00029140836
12967,7.2074996e-05
12968,4.9408336e-05
12969,2.4083333e-06
12970,7.008333e-06
12971,9.075001e-06
12972,0.00029453338
12973,0.00012200834
12974,0.0017941332
12975,0.0047376333
12976,0.0060634078
12977,0.0040600337
12978,0.0008694083
12979,0.00020803335
12980,0.0029205335
12981,0.0061061336
12982,0.00018500832
12983,0.0013601334
12984,0.00021600834
12985,0.0022102084
12986,0.0045018755
12987,0.003933075
12988,0.0010502083
12989,0.00020540835
12990,0.0037744083
12991,0.00048803337
12992,0.0004524084
12993,0.00055900833
12994,0.0059925327
12995,0.010906133
12996,0.0082502095
12997,0.0016280335
12998,0.00079567503
12999,0.008003333
13000,0.00071053335
13001,0.005427075
13002,0.010304533
13003,0.00020540835
13004,0.0008427
13005,0.0012740084
13006,0.00071540836
13007,3.6750005e-06
13008,0.0010150084
13009,0.0039905333
13010,0.00029453338
13011,0.00027300834
13012,0.0032136752
13013,0.0063948
13014,8.333335e-05
13015,9.540834e-05
13016,5.333334e-07
13017,6.4533335e-05
13018,0.0012740084
13019,0.0038081335
13020,0.0056581334
13021,0.004876875
13022,0.002091675
13023,9.72e-05
13024,0.0007450084
13025,0.0030704085
13026,0.00019253335
13027,0.00018750002
13028,0.00030720004
13029,0.0038760337
13030,0.0082502095
13031,0.007954409
13032,0.0031008334
13033,0.00017040833
13034,0.0031416332
13035,0.006780033
13036,0.007363334
13037,0.004712534
13038,3.3333336e-08
13039,1.9200002e-05
13040,1.2675001e-05
13041,0.00021333335
13042,0.00034003335
13043,7.840833e-05
13044,0.00019253335
13045,0.0018174084
13046,0.004440834
13047,0.00020803335
13048,0.0015987
13049,0.0032240332
13050,5.2008338e-05
13051,8.0033344e-05
13052,1.6333332e-06
13053,0.00027300834
13054,0.0015624084
13055,0.0035643002
13056,0.004725075
13057,0.0038307
13058,0.0015841334
13059,6.7500005e-05
13060,0.00058963336
13061,0.0024480335
13062,0.00016803335
13063,0.0015768749
13064,0.0039905333
13065,0.005454009
13066,0.0043923
13067,0.0017404085
13068,5.0700004e-05
13069,0.0007701334
13070,0.00021333335
13071,0.0021845335
13072,0.004953675
13073,0.0061061336
13074,0.0046500755
13075,0.0019521335
13076,2.340833e-05
13077,0.00040700837
13078,0.0006721334
13079,0.0006721334
13080,0.0006440333
13081,0.00077520835
13082,0.0011594085
13083,7.5208336e-05
13084,0.0008748
13085,0.0021505335
13086,0.0022707
13087,0.0008321334
13088,3.5208333e-05
13089,0.0020750083
13090,0.0058520334
13091,0.00028520834
13092,0.0021930751
13093,0.0046625338
13094,0.00012
13095,0.0004840083
13096,0.0005208334
13097,7.3633346e-05
13098,0.0003333334
13099,0.0023941335
13100,0.0052008326
13101,0.006206409
13102,0.004296033
13103,0.0013002082
13104,5.333334e-07
13105,0.001171875
13106,0.00019763334
13107,0.0019040334
13108,0.004380208
13109,0.00019763334
13110,0.0016502083
13111,0.0037856335
13112,0.00011800835
13113,4.32e-05
13114,0.000279075
13115,0.00018500832
13116,3.7408336e-05
13117,0.0010740083
13118,0.0034884084
13119,0.0054675005
13120,0.004940833
13121,0.0022707
13122,0.00014963334
13123,0.0006440333
13124,0.0030100083
13125,0.004788033
13126,0.0045018755
13127,2.8033332e-05
13128,0.00019763334
13129,0.00088563334
13130,0.0017480336
13131,0.0016428002
13132,0.0005002083
13133,8.333335e-05
13134,0.0019683002
13135,0.005161409
13136,0.006825209
13137,0.005400209
13138,0.0023056336
13139,0.00021333335
13140,9.72e-05
13141,0.0011163
13142,0.0021675
13143,0.0024390086
13144,0.0020336334
13145,0.0014352085
13146,0.0009520334
13147,0.0006302084
13148,0.00037807503
13149,0.00012813334
13150,1.0083334e-06
13151,4.9408336e-05
13152,0.0008802084
13153,0.002679075
13154,0.004344034
13155,0.0044652
13156,0.0028421334
13157,0.000826875
13158,3.0000004e-07
13159,0.0007450084
13160,0.00013867502
13161,0.0014630083
13162,0.00363
13163,0.0050052083
13164,0.0044044084
13165,0.0023232002
13166,0.00046020836
13167,5.8800008e-05
13168,0.00079567503
13169,0.0016576335
13170,0.0020667
13171,5.3333337e-05
13172,0.000621075
13173,0.0021252085
13174,0.003586134
13175,0.0033075
13176,0.0013400083
13177,4.0333334e-06
13178,0.0012936335
13179,0.004356075
13180,0.00025520835
13181,0.0021590083
13182,0.004979409
13183,0.005894009
13184,0.0036410084
13185,0.000648675
13186,0.00029767503
13187,0.0030000003
13188,0.0058520334
13189,0.0061061336
13190,0.003921633
13191,0.0014282999
13192,0.00016333334
13193,3e-05
13194,0.00021600834
13195,0.00029453338
13196,1.08e-05
13197,0.00022413337
13198,0.0010920333
13199,0.0026414085
13200,0.0038646753
13201,0.0035643002
13202,0.0018096336
13203,0.00020280002
13204,0.00031363333
13205,0.0020336334
13206,0.003796875
13207,0.00012607501
13208,0.0011041333
13209,0.0030300752
13210,0.004296033
13211,0.0033496334
13212,0.0010208334
13213,9.9008335e-05
13214,0.0017480336
13215,0.004071675
13216,0.00017040833
13217,0.0014770086
13218,0.0037296754
13219,0.0048896335
13220,0.0034668753
13221,7.008333e-06
13222,0.0004524084
13223,0.0012224084
13224,0.0018565333
13225,0.002142075
13226,5.6033343e-05
13227,0.0006302084
13228,0.0019683002
13229,0.0028616334
13230,0.0020008332
13231,0.00032340837
13232,0.00038163335
13233,0.0031314085
13234,0.0063510756
13235,0.0070074084
13236,0.0046127997
13237,0.0014981332
13238,3.3075e-05
13239,0.00046807507
13240,0.0014282999
13241,0.0017941332
13242,0.0015336752
13243,0.0011224084
13244,0.0008965335
13245,0.0008748
13246,0.0009296334
13247,0.00081640837
13248,0.00040700837
13249,1.5408334e-05
13250,0.00032669998
13251,0.0016800084
13252,0.0034240086
13253,0.0043080086
13254,0.0036410084
13255,0.00192
13256,0.0004181333
13257,1.8408336e-05
13258,0.00063940836
13259,0.0015624084
13260,0.002142075
13261,0.0021930751
13262,0.0018802084
13263,0.0014076749
13264,0.0009075
13265,0.00042940833
13266,7.5208336e-05
13267,3.6300004e-05
13268,0.00050840835
13269,0.0014840333
13270,0.0025761332
13271,0.0031724083
13272,0.0028421334
13273,0.0017633336
13274,0.0005764084
13275,2.0833337e-05
13276,0.00037807503
13277,0.0009296334
13278,6.7500005e-05
13279,0.00011020835
13280,0.0018174084
13281,0.004864133
13282,0.0062496336
13283,0.0041772006
13284,1.6133334e-05
13285,0.0006960083
13286,0.0017176333
13287,0.0023144083
13288,6.3075e-05
13289,0.0006912
13290,0.00017040833
13291,0.0019845334
13292,0.0042008334
13293,0.003796875
13294,0.0010740083
13295,0.00016333334
13296,0.0035208336
13297,0.008283408
13298,0.009523009
13299,0.006134701
13300,0.0017327999
13301,4.083333e-07
13302,0.001026675
13303,0.0023674082
13304,0.0024210084
13305,0.0015480085
13306,4.8000006e-06
13307,0.00012
13308,9.9008335e-05
13309,0.0014700001
13310,0.0034133336
13311,7.053334e-05
13312,0.00014520001
13313,2.340833e-05
13314,0.000195075
13315,0.0015265334
13316,0.0037520085
13317,0.0051090755
13318,0.0041772006
13319,0.001710075
13320,4.5633336e-05
13321,0.0008802084
13322,0.00192
13323,0.0023763
13324,0.0021760087
13325,0.0016576335
13326,0.0011408334
13327,0.0007203
13328,0.0003745333
13329,9.187501e-05
13330,1.2033334e-05
13331,0.00038163335
13332,0.0013134085
13333,0.0025208336
13334,0.0033075
13335,0.0031008334
13336,0.0019683002
13337,1.3333334e-07
13338,4.5633336e-05
13339,9.72e-05
13340,1.3333334e-05
13341,0.00031040836
13342,0.0013534083
13343,0.0029601331
13344,0.0040252088
13345,6.7500005e-05
13346,0.00035707498
13347,0.0006816333
13348,3.3333336e-06
13349,2.5208332e-05
13350,5.0700004e-05
13351,0.0010150084
13352,0.00023520003
13353,0.0026885336
13354,0.0059643
13355,0.00014740834
13356,0.000567675
13357,0.000594075
13358,8.670001e-05
13359,0.00034680005
13360,0.0025208336
13361,0.0054136333
13362,0.006380208
13363,0.004332009
13364,0.0012610084
13365,8.333335e-05
13366,0.0012740084
13367,0.0025576334
13368,0.0028518748
13369,0.0022446748
13370,0.0014145334
13371,0.00081120007
13372,0.0004720334
13373,2.7e-06
13374,1.6875001e-05
13375,2.0833337e-05
13376,6.075e-06
13377,0.00032669998
13378,0.0014840333
13379,0.0032136752
13380,0.0042483
13381,6.4533335e-05
13382,0.00032013337
13383,0.0006120084
13384,0.00042187504
13385,7.008333e-06
13386,0.0006302084
13387,0.0028910085
13388,0.005333334
13389,0.005740834
13390,0.003619008
13391,0.0009520334
13392,1.4008336e-05
13393,0.0011531999
13394,0.0028130086
13395,0.0034347004
13396,0.0028033333
13397,0.0017025335
13398,0.000826875
13399,0.00035707498
13400,0.00014083333
13401,2.0833335e-07
13402,2.0833337e-05
13403,0.00014083333
13404,5.2008338e-05
13405,0.00093520834
13406,0.0030000003
13407,0.004838701
13408,0.0045633335
13409,0.0022707
13410,0.00021600834
13411,0.0004720334
13412,0.0026602084
13413,0.004575675
13414,0.00012
13415,0.00097470003
13416,0.00018750002
13417,0.0020501334
13418,0.00022140834
13419,0.0015123001
13420,0.0019764085
13421,0.0006533334
13422,0.00015870002
13423,0.0031416332
13424,0.0077280756
13425,0.00028520834
13426,0.0018330083
13427,0.0034454088
13428,0.0029205335
13429,0.0007301334
13430,0.00020803335
13431,0.0032033334
13432,0.0072852084
13433,0.008383409
13434,6.020834e-05
13435,0.000210675
13436,0.0006075001
13437,0.0008321334
13438,0.00042187504
13439,1.2000002e-06
13440,0.0009408001
13441,0.0034454088
13442,0.005685634
13443,0.005576033
13444,0.0031827001
13445,0.00068640837
13446,5.2008338e-05
13447,0.0012224084
13448,0.0026320333
13449,0.0030401333
13450,0.0024300003
13451,0.0015194083
13452,0.0008216334
13453,3.6750005e-06
13454,5.6033343e-05
13455,0.00021600834
13456,0.000226875
13457,1.2675001e-05
13458,0.00034680005
13459,0.0020172002
13460,0.0043200003
13461,0.0053067002
13462,5.4675e-05
13463,0.000210675
13464,0.00040700837
13465,0.00028213335
13466,1.6875001e-05
13467,0.00061653333
13468,0.0022188004
13469,0.0040136334
13470,0.00013867502
13471,0.001062075
13472,0.0023144083
13473,0.0022533333
13474,0.00072520843
13475,7.3633346e-05
13476,0.00029767503
13477,0.00042563336
13478,0.00507
13479,0.010678534
13480,0.0106408335
13481,0.0049024085
13482,0.00024653334
13483,0.0016576335
13484,0.0065564085
13485,0.008892408
13486,9.187501e-05
13487,4.9408336e-05
13488,0.0009976333
13489,0.00020280002
13490,0.0019360333
13491,0.0033708
13492,0.0021760087
13493,0.00012607501
13494,0.0013067999
13495,0.0061061336
13496,0.00042940833
13497,0.0033814088
13498,0.0066752094
13499,0.00013020835
13500,0.00042940833
13501,0.0004181333
13502,3.7408336e-05
13503,0.0003888
13504,0.0023852084
13505,0.0049922997
13506,0.0058800005
13507,4.8133337e-05
13508,0.00014963334
13509,0.00029767503
13510,0.000210675
13511,1.3333334e-07
13512,0.00052500836
13513,0.0023408332
13514,0.0044896337
13515,0.00015640832
13516,0.001171875
13517,0.0024752086
13518,4.8133337e-05
13519,9.0133326e-05
13520,3.6750005e-06
13521,4.5633336e-05
13522,0.0009918751
13523,0.0031827001
13524,0.0050830087
13525,0.004712534
13526,0.0022707
13527,0.00019000833
13528,0.00015640832
13529,0.0020750083
13530,0.0044896337
13531,0.0052404087
13532,6.1633335e-05
13533,0.00042563336
13534,0.00010453333
13535,0.001171875
13536,0.00010267501
13537,3.7408336e-05
13538,0.00012403334
13539,8.333334e-07
13540,0.00050840835
13541,0.002511675
13542,0.0048896335
13543,0.005253634
13544,0.0029800336
13545,0.00042940833
13546,0.00015870002
13547,0.0022446748
13548,0.0048514092
13549,0.005576033
13550,0.0040600337
13551,0.0018096336
13552,0.00035707498
13553,4.083333e-07
13554,2.2533332e-05
13555,0.00021600834
13556,0.0005376334
13557,0.0009918751
13558,0.0015768749
13559,0.0021252085
13560,7.2074996e-05
13561,0.00071053335
13562,0.000108299995
13563,0.00086403335
13564,3.6300004e-05
13565,4.083333e-07
13566,1.7633334e-05
13567,0.00058080006
13568,0.0022881336
13569,0.0042364085
13570,0.0045264084
13571,0.0026226752
13572,0.0004181333
13573,0.0001323
13574,0.0019360333
13575,0.0043080086
13576,0.00016803335
13577,0.0014145334
13578,0.0035970751
13579,0.0047628004
13580,0.0034240086
13581,0.0008802084
13582,8.500834e-05
13583,0.0021590083
13584,0.0051090755
13585,0.006134701
13586,0.0045387005
13587,0.0020008332
13588,0.00035707498
13589,2.6133332e-05
13590,0.00024083335
13591,0.00035020834
13592,0.0003745333
13593,0.00048803337
13594,0.0008480083
13595,8.333335e-05
13596,0.0011346751
13597,0.0031008334
13598,0.003921633
13599,0.0023144083
13600,0.00021333335
13601,0.0007650751
13602,0.0042364085
13603,0.007379009
13604,0.0001728
13605,0.0011224084
13606,0.0026885336
13607,0.00010083333
13608,0.00052500836
13609,1.5408334e-05
13610,5.333334e-07
13611,0.00014083333
13612,0.00094640837
13613,0.0025761332
13614,0.0040136334
13615,0.0038420085
13616,0.0020172002
13617,0.00024940833
13618,0.00011800835
13619,0.0016800084
13620,0.0038081335
13621,0.004712534
13622,0.0038307
13623,0.0020584085
13624,3.0000004e-07
13625,1.2675001e-05
13626,2.0833335e-07
13627,1.4008336e-05
13628,7.500001e-08
13629,0.00019763334
13630,0.0011907001
13631,0.0029502087
13632,0.0042602085
13633,0.003796875
13634,0.0018174084
13635,2.8033332e-05
13636,0.0006533334
13637,0.0015194083
13638,8.0033344e-05
13639,0.00011020835
13640,0.0017941332
13641,0.0048133335
13642,0.006192034
13643,0.0041536335
13644,0.00088563334
13645,0.00021333335
13646,0.0029800336
13647,0.006206409
13648,0.0066752094
13649,0.004344034
13650,0.0015480085
13651,0.00014740834
13652,6.1633335e-05
13653,0.00031040836
13654,1.2033334e-05
13655,0.00013440834
13656,0.00059853337
13657,0.0015768749
13658,0.0027648
13659,0.0033602086
13660,0.0027265332
13661,2.4083333e-06
13662,7.5e-06
13663,3.0083336e-06
13664,9.187501e-05
13665,0.0005292
13666,0.0015552
13667,0.0028616334
13668,0.0035425334
13669,0.0028910085
13670,0.0013002082
13671,0.00010083333
13672,0.00032669998
13673,0.0017556751
13674,0.0031827001
13675,0.003586134
13676,0.0028714086
13677,0.0016800084
13678,0.0006674084
13679,0.00012403334
13680,2.7e-06
13681,2.340833e-05
13682,4.5633336e-05
13683,0.00010083333
13684,0.00020020833
13685,0.0028421334
13686,0.006780033
13687,0.000226875
13688,0.000112133326
13689,0.0010502083
13690,0.0015052083
13691,1.2000002e-06
13692,0.00041070004
13693,0.0018565333
13694,0.0037856335
13695,0.0046500755
13696,0.0035316749
13697,0.0013400083
13698,3.2033335e-05
13699,0.00063480006
13700,0.0023496752
13701,0.0035752086
13702,0.0034776332
13703,0.0024120333
13704,0.0012288002
13705,0.00044467498
13706,8.333334e-07
13707,8.333334e-07
13708,1.0208334e-05
13709,8.8408335e-05
13710,4.6875004e-05
13711,0.0009020084
13712,0.0029502087
13713,0.004800675
13714,0.00010640834
13715,0.000567675
13716,0.0009976333
13717,0.0006440333
13718,1.2675001e-05
13719,0.00015870002
13720,0.00030083334
13721,0.0038760337
13722,0.008636033
13723,0.009170008
13724,0.0046875
13725,7.3633346e-05
13726,0.0016875002
13727,0.0035100086
13728,0.0037744083
13729,0.0026508
13730,0.0013266751
13731,0.0005208334
13732,0.00020803335
13733,0.00011407501
13734,5.333334e-07
13735,5.333334e-07
13736,5.2008338e-05
13737,0.00041440837
13738,0.0014145334
13739,0.0028324083
13740,0.0036963
13741,6.020834e-05
13742,0.0003300083
13743,0.00063940836
13744,0.0004485333
13745,9.633333e-06
13746,0.0006256333
13747,0.0029205335
13748,0.0054136333
13749,0.0058102086
13750,0.0036520334
13751,4.8000006e-06
13752,0.00024653334
13753,0.00046807507
13754,0.0005547001
13755,0.0006627
13756,0.0009408001
13757,0.0014352085
13758,0.0019521335
13759,0.0020254082
13760,1.5408334e-05
13761,3.7408336e-05
13762,2.9008334e-05
13763,9.075001e-06
13764,0.0003888
13765,0.0016354084
13766,0.0033708
13767,0.004284075
13768,0.0034240086
13769,0.0014214085
13770,6.7500005e-05
13771,0.00050430006
13772,0.0021760087
13773,0.0035534084
13774,0.00363
13775,0.0026320333
13776,0.0013804084
13777,0.00049207505
13778,1.6333332e-06
13779,1.875e-06
13780,1.9200002e-05
13781,0.00011800835
13782,0.00050430006
13783,0.0014008334
13784,0.0026040082
13785,0.0033285336
13786,0.0028324083
13787,0.0013668751
13788,0.00014300835
13789,0.00026107504
13790,0.0016502083
13791,0.0031827001
13792,0.0037185336
13793,0.0030502086
13794,1.6875001e-05
13795,0.00012607501
13796,0.0005376334
13797,3.6300004e-05
13798,1.0208334e-05
13799,0.0
13800,9.0133326e-05
13801,9.0133326e-05
13802,0.0015552
13803,0.004332009
13804,0.0057963002
13805,0.004071675
13806,0.0009690084
13807,0.00014083333
13808,0.0026885336
13809,0.005936133
13810,0.00019763334
13811,0.0014770086
13812,0.00363
13813,0.004712534
13814,0.0033285336
13815,7.008333e-06
13816,0.00043319998
13817,0.0011781335
13818,0.0018174084
13819,0.0021252085
13820,0.0020833337
13821,3.6300004e-05
13822,0.0003745333
13823,0.0011163
13824,0.0014145334
13825,0.0006580083
13826,2.4083333e-06
13827,0.00020803335
13828,0.002970075
13829,0.0070533343
13830,0.00026107504
13831,0.0017025335
13832,0.0032656335
13833,0.0028130086
13834,0.0007301334
13835,0.00015187502
13836,0.0026696336
13837,0.006365634
13838,0.0077120336
13839,7.053334e-05
13840,0.00030083334
13841,0.00080083334
13842,0.0010092
13843,2.0833335e-07
13844,0.000108299995
13845,0.0006912
13846,0.0018881336
13847,0.00015640832
13848,0.0016650752
13849,0.0040136334
13850,0.0045510083
13851,0.0023408332
13852,0.000112133326
13853,0.0011531999
13854,0.0004033333
13855,0.0041654087
13856,0.008806533
13857,0.009416409
13858,0.005333334
13859,0.00093520834
13860,0.00024940833
13861,0.0026885336
13862,0.0047376333
13863,9.363332e-05
13864,0.0006721334
13865,0.0020667
13866,0.0035752086
13867,0.003796875
13868,1.6133334e-05
13869,7.500001e-08
13870,4.083333e-07
13871,4.5633336e-05
13872,0.0003888
13873,0.0013736334
13874,0.00015870002
13875,0.0018174084
13876,0.00025520835
13877,0.0021930751
13878,0.0036963
13879,0.0023056336
13880,0.00011800835
13881,0.0014352085
13882,0.0064827004
13883,0.01028601
13884,0.008806533
13885,0.0037520085
13886,0.0002523
13887,0.00020020833
13888,0.0021675
13889,0.0038874084
13890,0.0037296754
13891,0.0023056336
13892,0.0010034083
13893,0.00035707498
13894,0.00016333334
13895,0.00014300835
13896,2.7e-06
13897,3.6750005e-06
13898,7.008333e-06
13899,0.00029140836
13900,0.00012403334
13901,0.0018252002
13902,0.00030720004
13903,0.0029502087
13904,0.00027603333
13905,0.0017633336
13906,0.0022707
13907,2.1333335e-06
13908,0.0005461334
13909,0.0022446748
13910,0.0042364085
13911,0.0048514092
13912,0.003402675
13913,0.0011346751
13914,4.8000006e-06
13915,0.0007650751
13916,0.0024030753
13917,0.003402675
13918,0.0031621335
13919,3e-05
13920,0.00028520834
13921,9.72e-05
13922,0.00012607501
13923,0.00012607501
13924,8.0033344e-05
13925,0.00038163335
13926,0.00011800835
13927,0.00023240835
13928,0.0023408332
13929,0.0054675005
13930,0.0064240335
13931,0.0038874084
13932,2.6133332e-05
13933,0.0008586751
13934,0.0020090083
13935,0.0025484087
13936,5.740834e-05
13937,0.0006075001
13938,0.0020667
13939,0.00016100833
13940,0.0013200332
13941,0.0023056336
13942,0.001491075
13943,6.900833e-05
13944,0.0010920333
13945,0.005018133
13946,0.0083667
13947,0.000165675
13948,0.00089107506
13949,0.0018486752
13950,0.0017864085
13951,0.0005720334
13952,7.053334e-05
13953,0.00026107504
13954,0.0033814088
13955,0.0077280756
13956,0.008823675
13957,0.005454009
13958,0.0012033334
13959,0.00011020835
13960,0.0022620086
13961,0.0045264084
13962,0.0045633335
13963,0.0028324083
13964,0.0011224084
13965,0.00028520834
13966,6.600833e-05
13967,4.5633336e-05
13968,6.1633335e-05
13969,3e-05
13970,2.0008336e-05
13971,0.0004840083
13972,0.0018096336
13973,0.00018750002
13974,0.0019926752
13975,0.0046127997
13976,0.0050310753
13977,4.4083336e-06
13978,8.8408335e-05
13979,0.00046413334
13980,0.0011531999
13981,0.0020090083
13982,0.0026602084
13983,0.002679075
13984,0.00192
13985,8.333334e-07
13986,8.533334e-06
13987,2.8033332e-05
13988,0.000116033334
13989,4.32e-05
13990,0.00083740836
13991,0.0027936753
13992,0.0046500755
13993,0.0045264084
13994,0.0023496752
13995,0.00026403333
13996,0.00040700837
13997,0.0025668752
13998,0.0002187
13999,0.0020336334
14000,0.004838701
14001,0.0061490084
14002,0.0045387005
14003,0.0015336752
14004,5.208334e-06
14005,0.0010680334
14006,0.0031930087
14007,0.0042364085
14008,0.0035316749
14009,0.0020254082
14010,0.00081120007
14011,0.00022413337
14012,4.0833336e-05
14013,1.2000002e-06
14014,1.9200002e-05
14015,0.00017040833
14016,5.8800008e-05
14017,0.00013020835
14018,0.0020750083
14019,0.0053734086
14020,0.006660301
14021,0.0042602085
14022,2.1675003e-05
14023,0.00081640837
14024,0.0019440751
14025,0.0025208336
14026,5.8800008e-05
14027,0.0006302084
14028,0.0021168
14029,0.00016333334
14030,0.0013134085
14031,0.002296875
14032,9.633333e-06
14033,3.5208333e-05
14034,0.00048
14035,0.0016950082
14036,0.00017520833
14037,0.00021600834
14038,0.0027170083
14039,0.005589675
14040,8.1674996e-05
14041,2.7e-06
14042,3.6750005e-06
14043,3.6300004e-05
14044,0.00011800835
14045,0.00024083335
14046,0.0032552083
14047,0.007192008
14048,0.0072075003
14049,0.0030000003
14050,1.8408336e-05
14051,0.0024300003
14052,0.007760208
14053,0.010101676
14054,0.007316409
14055,0.0026602084
14056,0.00015640832
14057,0.00034340835
14058,0.0011531999
14059,0.0011656334
14060,0.0006533334
14061,1.875e-06
14062,0.00010083333
14063,0.0008586751
14064,0.0025208336
14065,0.0038307
14066,0.0032344083
14067,0.0011408334
14068,2.7e-06
14069,0.00023240835
14070,0.0029304083
14071,0.0065416335
14072,0.0076002083
14073,0.005187676
14074,2.0833335e-07
14075,8.1674996e-05
14076,6.3075e-05
14077,7.500001e-08
14078,6.075e-06
14079,0.00020020833
14080,0.0010680334
14081,0.0026508
14082,0.003933075
14083,0.0036520334
14084,0.0018565333
14085,0.000210675
14086,0.00032013337
14087,0.0020750083
14088,0.0038646753
14089,0.0042483
14090,5.0700004e-05
14091,0.00039603334
14092,0.00010640834
14093,0.0011907001
14094,0.0022620086
14095,0.0015624084
14096,0.00010453333
14097,0.0009690084
14098,0.0048514092
14099,0.0083667
14100,0.007873201
14101,0.0039445334
14102,0.0005208334
14103,0.00015187502
14104,0.00018750002
14105,0.00020020833
14106,0.00025813334
14107,0.0032344083
14108,0.007394701
14109,0.008517676
14110,0.005346675
14111,1.2675001e-05
14112,6.020834e-05
14113,0.0005292
14114,0.0010860085
14115,0.0014840333
14116,0.0017025335
14117,0.0017710081
14118,0.0016576335
14119,0.0013002082
14120,0.00071540836
14121,0.00015187502
14122,3.1008334e-05
14123,0.000594075
14124,0.0017327999
14125,0.0028910085
14126,0.0033602086
14127,0.0028227004
14128,0.0015987
14129,0.00045630004
14130,3.0000004e-07
14131,0.00035707498
14132,0.0011781335
14133,0.0019683002
14134,0.0023763
14135,0.0023056336
14136,0.0018252002
14137,1.2033334e-05
14138,8.500834e-05
14139,0.00024940833
14140,0.00022963336
14141,1.0208334e-05
14142,0.00046413334
14143,0.0018565333
14144,0.0036410084
14145,0.0044165333
14146,0.0033496334
14147,0.001287075
14148,3.8533333e-05
14149,0.0007203
14150,0.0016133332
14151,7.840833e-05
14152,0.0008694083
14153,0.0026602084
14154,0.004332009
14155,0.004212675
14156,0.0022102084
14157,0.00026403333
14158,0.00013020835
14159,0.0018330083
14160,0.0040833335
14161,0.004940833
14162,6.7500005e-05
14163,0.00049207505
14164,0.0015480085
14165,9.72e-05
14166,0.000621075
14167,0.00080083334
14168,4.0333334e-06
14169,0.00042940833
14170,0.00016100833
14171,0.0021505335
14172,0.0053868005
14173,0.00020803335
14174,0.0012675
14175,0.0020501334
14176,0.0012416334
14177,3.3075e-05
14178,0.0011470084
14179,0.0048514092
14180,0.007905634
14181,0.0072230087
14182,0.0035425334
14183,0.0004524084
14184,0.00013653334
14185,0.0016280335
14186,0.00014963334
14187,0.00014740834
14188,0.0020501334
14189,0.0052271998
14190,0.006780033
14191,0.0050052083
14192,0.0016502083
14193,1.875e-06
14194,0.0012545333
14195,0.0035752086
14196,0.0045510083
14197,0.0035970751
14198,0.0019120085
14199,0.000676875
14200,0.00015413333
14201,2.340833e-05
14202,1.2000002e-06
14203,8.533334e-06
14204,0.00012
14205,0.0005720334
14206,0.0015624084
14207,0.0027936753
14208,0.0034133336
14209,5.0700004e-05
14210,2.8033332e-05
14211,0.0003300083
14212,0.00049613335
14213,0.00012607501
14214,0.00019000833
14215,0.0019926752
14216,0.004864133
14217,0.0062640756
14218,0.0046625338
14219,0.0015914085
14220,6.075e-06
14221,0.0010860085
14222,0.0032760752
14223,0.004332009
14224,0.003586134
14225,0.0020254082
14226,1.0083334e-06
14227,1.7633334e-05
14228,3e-05
14229,0.0003745333
14230,1.9200002e-05
14231,1.6133334e-05
14232,2.5208332e-05
14233,0.0007450084
14234,0.00021333335
14235,0.00029140836
14236,0.0034776332
14237,0.006855408
14238,8.670001e-05
14239,9.363332e-05
14240,2.0833335e-07
14241,0.00034003335
14242,0.0017404085
14243,0.00021600834
14244,0.00025520835
14245,0.0031008334
14246,0.0062208
14247,0.0052404087
14248,0.0013134085
14249,0.00030720004
14250,0.004864133
14251,0.010434675
14252,0.00028829998
14253,0.00017040833
14254,0.0021505335
14255,0.004575675
14256,0.0041067
14257,0.0011594085
14258,0.00019253335
14259,0.00039603334
14260,0.0046625338
14261,0.009919008
14262,0.010453334
14263,0.0057131997
14264,3.9675004e-05
14265,0.00097470003
14266,0.0017025335
14267,0.0014981332
14268,1.08e-05
14269,0.00017040833
14270,0.00010640834
14271,0.0016725332
14272,0.0042721336
14273,0.0049665337
14274,0.0026133335
14275,0.00014083333
14276,0.0011907001
14277,0.0053067002
14278,0.00035363334
14279,0.00029767503
14280,0.0036630754
14281,0.007824676
14282,0.0075842994
14283,0.0030100083
14284,5.208334e-06
14285,0.002736075
14286,0.0005461334
14287,0.004953675
14288,0.0099372
14289,0.00024940833
14290,0.0013601334
14291,0.0025854083
14292,0.0022707
14293,4.8000006e-06
14294,0.00046807507
14295,0.0016576335
14296,0.0030100083
14297,0.00012607501
14298,0.00013653334
14299,0.0018960749
14300,0.0041772006
14301,0.0038646753
14302,0.0011470084
14303,0.00013653334
14304,0.0034454088
14305,0.008300033
14306,0.00029140836
14307,0.00019763334
14308,0.0024570748
14309,0.0050960337
14310,0.0044652
14311,8.533334e-06
14312,0.0007905334
14313,0.0024752086
14314,0.0038988001
14315,0.0040368
14316,0.0028714086
14317,0.0012675
14318,0.00020280002
14319,3.1008334e-05
14320,0.0004181333
14321,5.8800008e-05
14322,9.187501e-05
14323,0.001491075
14324,0.0041772006
14325,0.00022963336
14326,0.0018174084
14327,0.0035970751
14328,0.003151875
14329,0.0008427
14330,0.000180075
14331,0.0032344083
14332,0.0075208335
14333,0.00026403333
14334,0.0018408335
14335,0.0039675003
14336,0.0042364085
14337,0.0020336334
14338,6.4533335e-05
14339,0.0015123001
14340,0.0037408334
14341,0.004864133
14342,0.0040950086
14343,0.0022620086
14344,0.00068640837
14345,3.2033335e-05
14346,0.00010453333
14347,0.00042940833
14348,0.0007400333
14349,0.0010208334
14350,0.0013467001
14351,0.0017025335
14352,0.0019040334
14353,0.0016950082
14354,0.0010092
14355,0.000226875
14356,4.4408334e-05
14357,0.0008533334
14358,0.0023056336
14359,0.0034668753
14360,0.0035752086
14361,0.0026133335
14362,0.0012545333
14363,0.00026403333
14364,8.008334e-06
14365,0.00037100833
14366,0.0010150084
14367,0.0016206751
14368,0.0020172002
14369,0.0021084086
14370,0.0018644085
14371,0.0013067999
14372,0.0006075001
14373,8.333335e-05
14374,8.333335e-05
14375,0.00075500837
14376,0.0018565333
14377,0.0028227004
14378,0.0030906748
14379,0.0025208336
14380,1.08e-05
14381,4.9408336e-05
14382,1.1408334e-05
14383,4.4083336e-06
14384,6.75e-07
14385,0.00013653334
14386,0.000924075
14387,0.0025392002
14388,0.00017520833
14389,0.0015987
14390,0.0033390748
14391,0.0030502086
14392,0.0008802084
14393,0.0001323
14394,0.0029900083
14395,0.007254075
14396,0.008653008
14397,0.0059220744
14398,0.0019040334
14399,2.43e-05
14400,0.00075000006
14401,0.0020833337
14402,0.0023941335
14403,0.0017404085
14404,0.0009861334
14405,0.000594075
14406,0.0005376334
14407,0.000676875
14408,2.43e-05
14409,0.0001728
14410,0.000226875
14411,2.5208332e-05
14412,7.2074996e-05
14413,0.0014352085
14414,0.0041772006
14415,0.0060208333
14416,0.0049922997
14417,0.0020090083
14418,6.020834e-05
14419,0.0008802084
14420,0.0032552083
14421,0.004700009
14422,0.0041301334
14423,0.0024030753
14424,0.0009020084
14425,0.00018750002
14426,9.075001e-06
14427,8.008334e-06
14428,5.0700004e-05
14429,0.00018500832
14430,0.00058080006
14431,9.363332e-05
14432,0.0013400083
14433,0.0037856335
14434,0.005214008
14435,0.0038307
14436,0.0010150084
14437,8.1674996e-05
14438,0.0023320087
14439,0.0055216337
14440,0.0065416335
14441,6.600833e-05
14442,0.00038520835
14443,9.72e-05
14444,0.00012
14445,0.0012096752
14446,0.0017556751
14447,0.000648675
14448,0.000108299995
14449,0.0027648
14450,0.0072075003
14451,0.008926875
14452,0.0059925327
14453,0.0015624084
14454,4.0833336e-05
14455,0.0021168
14456,0.004700009
14457,0.0050310753
14458,0.0032656335
14459,0.0013134085
14460,0.0003040083
14461,4.0833336e-05
14462,1.3333334e-07
14463,1.3333334e-05
14464,2.43e-05
14465,1.875e-06
14466,0.00028520834
14467,0.0014214085
14468,0.0031930087
14469,0.00016333334
14470,0.0013804084
14471,0.002910675
14472,5.3333337e-05
14473,3.3333336e-06
14474,2.1333335e-06
14475,0.000180075
14476,0.0010561333
14477,0.0026980087
14478,0.00017040833
14479,0.0015194083
14480,0.00016803335
14481,0.0011844083
14482,0.0015696336
14483,0.0005002083
14484,0.00017040833
14485,0.0028812
14486,0.00042563336
14487,0.0039905333
14488,0.007970701
14489,0.007394701
14490,1.3333334e-07
14491,0.0004033333
14492,0.0012480749
14493,0.0020008332
14494,0.0023408332
14495,0.0022188004
14496,0.0017404085
14497,0.0010800001
14498,0.00044467498
14499,4.5633336e-05
14500,8.8408335e-05
14501,0.0006627
14502,0.00010453333
14503,0.0013400083
14504,0.0037185336
14505,0.0053868005
14506,8.670001e-05
14507,3.6300004e-05
14508,0.00039603334
14509,0.0005852083
14510,0.00015870002
14511,0.00018500832
14512,0.0020750083
14513,0.00031363333
14514,0.00034003335
14515,0.0038988001
14516,0.0075208335
14517,8.8408335e-05
14518,8.333335e-05
14519,2.0833335e-07
14520,0.00037100833
14521,0.0017786999
14522,0.0037296754
14523,0.0046750084
14524,0.0036080335
14525,0.0014008334
14526,4.0833336e-05
14527,0.000621075
14528,0.0023763
14529,0.00015640832
14530,0.000165675
14531,0.0023941335
14532,0.0059220744
14533,0.0002187
14534,0.0012740084
14535,0.0020501334
14536,5.633333e-06
14537,5.6033343e-05
14538,0.00055900833
14539,0.0017864085
14540,0.0032656335
14541,0.00013020835
14542,0.0010740083
14543,0.0001323
14544,0.0009804083
14545,3.9675004e-05
14546,5.0700004e-05
14547,2.7074999e-05
14548,0.0007905334
14549,0.0027840333
14550,0.0047376333
14551,0.00011407501
14552,5.8800008e-05
14553,0.0006030083
14554,0.0008802084
14555,0.00027300834
14556,0.00016100833
14557,0.0022881336
14558,0.00035363334
14559,0.0034561334
14560,0.0071302084
14561,0.006855408
14562,0.0026980087
14563,3.6750005e-06
14564,0.0025208336
14565,0.0076161334
14566,0.009702009
14567,0.0069311997
14568,0.0025025331
14569,0.00014963334
14570,0.0003040083
14571,0.0010384084
14572,0.0010502083
14573,5.208334e-06
14574,7.3633346e-05
14575,0.00059853337
14576,0.0019602084
14577,0.0035425334
14578,0.0038533336
14579,0.0023674082
14580,0.0004524084
14581,0.000165675
14582,0.0019602084
14583,0.004189009
14584,0.004940833
14585,0.0037856335
14586,0.0018723003
14587,0.00048803337
14588,1.2033334e-05
14589,9.72e-05
14590,2.340833e-05
14591,3.7408336e-05
14592,0.0006816333
14593,0.0022274083
14594,0.0038874084
14595,0.0043200003
14596,0.0030100083
14597,0.0010325334
14598,4.0833336e-05
14599,0.00071540836
14600,0.0015768749
14601,0.0020501334
14602,0.0020418752
14603,0.0017404085
14604,0.0013400083
14605,0.00091300835
14606,0.0004720334
14607,0.00010267501
14608,2.340833e-05
14609,0.00048803337
14610,0.0015123001
14611,0.002679075
14612,0.0032970088
14613,6.600833e-05
14614,0.00052500836
14615,0.0013601334
14616,0.0015624084
14617,0.0006440333
14618,1.3333334e-05
14619,0.0015194083
14620,0.004725075
14621,0.0068705333
14622,0.0058800005
14623,7.008333e-06
14624,5.333334e-07
14625,3.0083336e-06
14626,9.633333e-06
14627,5.633333e-06
14628,0.000279075
14629,0.0013333336
14630,0.0030200335
14631,0.004141875
14632,0.0035643002
14633,0.0016428002
14634,2.8033332e-05
14635,0.0006302084
14636,0.0014700001
14637,7.840833e-05
14638,0.0008965335
14639,0.0027265332
14640,0.0044044084
14641,0.0042483
14642,8.533334e-06
14643,1.875e-06
14644,3.0083336e-06
14645,9.9008335e-05
14646,5.740834e-05
14647,0.001026675
14648,0.00023240835
14649,0.00029767503
14650,0.0035534084
14651,0.006961634
14652,0.005740834
14653,0.0013736334
14654,0.00037807503
14655,0.0053734086
14656,0.011174701
14657,0.00028520834
14658,0.0016576335
14659,0.0034992
14660,0.0037520085
14661,0.0018486752
14662,6.600833e-05
14663,0.0010680334
14664,0.004440834
14665,0.0070074084
14666,0.006380208
14667,0.0034347004
14668,6.075e-06
14669,0.00014740834
14670,0.00011407501
14671,2.5208332e-05
14672,1.08e-05
14673,0.000112133326
14674,0.00070083333
14675,0.0020667
14676,0.0035316749
14677,0.0037185336
14678,0.0022016333
14679,0.0003888
14680,0.00010453333
14681,0.0015914085
14682,0.0036852083
14683,0.004637634
14684,0.0038420085
14685,0.0021168
14686,1.3333334e-07
14687,9.633333e-06
14688,8.333334e-07
14689,1.6133334e-05
14690,7.500001e-08
14691,0.00020540835
14692,0.00012200834
14693,0.0018486752
14694,0.00031040836
14695,0.00031363333
14696,0.0032865335
14697,0.005617009
14698,0.0035643002
14699,0.00023520003
14700,0.0017556751
14701,0.0006721334
14702,0.006690133
14703,0.0130834095
14704,0.0121002095
14705,0.004928008
14706,9.363332e-05
14707,0.0024934085
14708,0.007970701
14709,0.009648133
14710,0.0062785344
14711,0.0019602084
14712,3.7408336e-05
14713,0.00029140836
14714,9.9008335e-05
14715,3.5208333e-05
14716,0.00032013337
14717,0.00024940833
14718,8.008334e-06
14719,0.0010502083
14720,0.0037856335
14721,0.0060776332
14722,0.005481008
14723,0.0024661333
14724,0.00013867502
14725,0.0007803
14726,0.0033920333
14727,0.005161409
14728,0.004637634
14729,0.002679075
14730,0.0009408001
14731,3.6750005e-06
14732,2.0833337e-05
14733,3.3333336e-08
14734,1.8408336e-05
14735,5.333334e-07
14736,0.00016803335
14737,0.0011470084
14738,0.0029601331
14739,0.004344034
14740,0.0039102086
14741,4.8000006e-06
14742,9.075001e-06
14743,4.4408334e-05
14744,0.00016100833
14745,0.0005376334
14746,9.363332e-05
14747,0.0013601334
14748,0.0038307
14749,0.0052668746
14750,0.0038533336
14751,6.533333e-06
14752,0.00046020836
14753,0.0012545333
14754,0.0019040334
14755,0.0021760087
14756,0.0020667
14757,0.0016725332
14758,0.001098075
14759,0.00049613335
14760,6.7500005e-05
14761,6.7500005e-05
14762,7.053334e-05
14763,0.0010384084
14764,0.0029502087
14765,0.0045387005
14766,0.0044530085
14767,0.0026885336
14768,3.0083336e-06
14769,0.00015413333
14770,0.00029767503
14771,0.00039603334
14772,0.00058963336
14773,0.0010150084
14774,0.0016800084
14775,0.0022794085
14776,0.0022533333
14777,0.0014076749
14778,0.00032013337
14779,5.8800008e-05
14780,0.0011102085
14781,0.0028324083
14782,0.0039675003
14783,0.0037296754
14784,2.9008334e-05
14785,0.00019253335
14786,0.0006674084
14787,0.0009804083
14788,1.4083332e-06
14789,6.7500005e-05
14790,0.0005547001
14791,0.0017176333
14792,0.00016333334
14793,0.0017710081
14794,0.004224533
14795,0.0047376333
14796,6.075e-06
14797,6.3075e-05
14798,0.0003888
14799,0.0010561333
14800,0.0019602084
14801,0.0027170083
14802,0.0028130086
14803,0.0020501334
14804,0.0008586751
14805,5.8800008e-05
14806,0.00024083335
14807,0.0012805335
14808,0.0024661333
14809,0.000108299995
14810,0.0011285334
14811,0.003151875
14812,0.0044896337
14813,0.0034776332
14814,0.0010443002
14815,0.00010453333
14816,0.0018252002
14817,0.004212675
14818,0.0001728
14819,0.0014700001
14820,0.0037185336
14821,0.00017040833
14822,0.0011594085
14823,0.0019683002
14824,0.0012352082
14825,4.32e-05
14826,0.001287075
14827,0.0037856335
14828,0.0056033335
14829,0.0050830087
14830,0.0026885336
14831,1.1408334e-05
14832,0.00030083334
14833,0.0005292
14834,0.0005852083
14835,0.0006440333
14836,0.0008748
14837,0.0013400083
14838,0.0018644085
14839,0.0020008332
14840,0.0014076749
14841,1.0083334e-06
14842,0.00013440834
14843,0.0004840083
14844,0.001062075
14845,0.0017941332
14846,9.72e-05
14847,0.0011041333
14848,0.0029502087
14849,0.00012
14850,0.00063940836
14851,0.0007650751
14852,0.00016333334
14853,0.00026700835
14854,0.0024934085
14855,0.0056718756
14856,0.0068403
14857,0.0046875
14858,0.0013601334
14859,4.8000006e-06
14860,0.0013872002
14861,0.0035208336
14862,0.0042364085
14863,0.0032344083
14864,1.08e-05
14865,0.00010453333
14866,0.0006674084
14867,9.0133326e-05
14868,0.00072520843
14869,0.0009918751
14870,0.00029140836
14871,0.00018253335
14872,0.0024570748
14873,0.0059925327
14874,0.007410408
14875,0.0051483
14876,0.001491075
14877,6.533333e-06
14878,0.0015480085
14879,0.0038646753
14880,0.0045387005
14881,0.0033390748
14882,0.0016280335
14883,0.0005292
14884,0.00012200834
14885,3e-05
14886,1.1408334e-05
14887,3.3333336e-08
14888,7.840833e-05
14889,0.000541875
14890,0.0016428002
14891,0.0030100083
14892,0.0036741337
14893,0.0029304083
14894,0.0012675
14895,8.1674996e-05
14896,0.00037100833
14897,0.0018174084
14898,0.0031930087
14899,0.0035208336
14900,0.0027744086
14901,0.0016060084
14902,0.0006440333
14903,0.00012813334
14904,1.2000002e-06
14905,0.00014740834
14906,0.000516675
14907,0.001098075
14908,0.0018096336
14909,0.0023941335
14910,0.0024843
14911,0.0018881336
14912,0.00086403335
14913,1.08e-05
14914,0.000279075
14915,0.00075500837
14916,0.0013134085
14917,0.0018252002
14918,0.0021590083
14919,0.0021084086
14920,2.6133332e-05
14921,0.000180075
14922,0.00042563336
14923,0.00034340835
14924,1.1408334e-05
14925,0.00049207505
14926,0.0024934085
14927,0.0049152006
14928,0.00017040833
14929,0.00012607501
14930,0.00016333334
14931,0.0015914085
14932,0.0023056336
14933,0.00089107506
14934,0.00013653334
14935,0.0028130086
14936,0.0004370084
14937,0.0041067
14938,0.008167501
14939,0.007536676
14940,0.0027744086
14941,6.75e-07
14942,0.0030200335
14943,0.008433634
14944,0.010212075
14945,0.0068705333
14946,0.0022188004
14947,5.4675e-05
14948,0.00059853337
14949,0.0006075001
14950,0.0002187
14951,2.5208332e-05
14952,1.7633334e-05
14953,3.5208333e-05
14954,0.00089107506
14955,0.0029900083
14956,0.0046500755
14957,6.600833e-05
14958,0.00018253335
14959,0.00016100833
14960,1.0208334e-05
14961,0.00044467498
14962,0.0017941332
14963,0.0035643002
14964,0.0043681334
14965,0.0033708
14966,0.0013266751
14967,4.4408334e-05
14968,0.0005547001
14969,0.0021930751
14970,0.0034776332
14971,0.0034884084
14972,0.002511675
14973,0.0013266751
14974,0.00049613335
14975,9.9008335e-05
14976,3.3333336e-08
14977,9.187501e-05
14978,0.0003888
14979,0.000957675
14980,0.0017710081
14981,0.0025208336
14982,0.0027170083
14983,0.002091675
14984,0.00094640837
14985,9.0133326e-05
14986,0.00020020833
14987,0.0012545333
14988,0.0025300083
14989,0.0032136752
14990,0.0029601331
14991,2.8033332e-05
14992,0.00022963336
14993,0.00077520835
14994,0.0010920333
14995,0.0005720334
14996,8.333334e-09
14997,0.0010208334
14998,0.0038081335
14999,0.006206409
15000,0.0059220744
15001,1.7633334e-05
15002,1.5408334e-05
15003,4.0333334e-06
15004,2.1675003e-05
15005,1.3333334e-07
15006,0.000226875
15007,0.001287075
15008,0.00019253335
15009,0.0021845335
15010,0.00028829998
15011,0.0023763
15012,0.0039445334
15013,0.0024300003
15014,0.00012
15015,0.0015194083
15016,0.0067500006
15017,0.00044467498
15018,0.003402675
15019,0.0066752094
15020,0.00013020835
15021,0.0004181333
15022,0.00040700837
15023,9.633333e-06
15024,7.680001e-05
15025,0.0013872002
15026,0.004002075
15027,0.00023240835
15028,0.0018486752
15029,0.0036630754
15030,0.0032033334
15031,0.0008533334
15032,0.000165675
15033,0.0028812
15034,0.0067950753
15035,0.008068801
15036,0.005576033
15037,0.0018644085
15038,3.9675004e-05
15039,0.00012200834
15040,0.0012224084
15041,0.0022881336
15042,0.0024934085
15043,0.0020008332
15044,2.0008336e-05
15045,3.9675004e-05
15046,0.00011020835
15047,0.0014421332
15048,0.00012813334
15049,4.6875004e-05
15050,0.00017520833
15051,1.1408334e-05
15052,0.00043319998
15053,0.0024752086
15054,0.0050310753
15055,0.005535209
15056,0.0031930087
15057,0.00047600834
15058,0.00037100833
15059,0.00028829998
15060,0.0030805336
15061,0.006630534
15062,0.0075208335
15063,0.005018133
15064,0.0016280335
15065,3.1008334e-05
15066,0.0005461334
15067,0.00010267501
15068,0.0009296334
15069,0.0021760087
15070,0.0030906748
15071,8.8408335e-05
15072,0.0008321334
15073,0.0023232002
15074,0.0031212
15075,0.0020008332
15076,0.00024940833
15077,0.0005208334
15078,0.0034668753
15079,0.0065712007
15080,0.0069160094
15081,0.004332009
15082,0.0012936335
15083,1.4008336e-05
15084,0.00049207505
15085,0.0013534083
15086,0.0016280335
15087,0.0013736334
15088,0.0010384084
15089,0.00089107506
15090,0.0009408001
15091,0.0010384084
15092,0.0009075
15093,1.0083334e-06
15094,1.6875001e-05
15095,0.00015870002
15096,5.740834e-05
15097,0.0009976333
15098,0.0031314085
15099,0.004940833
15100,0.0045880335
15101,0.0022188004
15102,0.00019253335
15103,0.00050840835
15104,0.0027075
15105,0.0045633335
15106,0.000116033334
15107,0.00093520834
15108,0.0026508
15109,0.003933075
15110,0.0032240332
15111,0.0010860085
15112,7.5e-06
15113,0.0015841334
15114,0.00030083334
15115,0.0030200335
15116,0.0067350087
15117,0.007760208
15118,0.0049665337
15119,0.0012160332
15120,4.8133337e-05
15121,0.0018174084
15122,0.0039675003
15123,0.0043080086
15124,0.0029601331
15125,0.0013601334
15126,3.3333336e-08
15127,1.2675001e-05
15128,0.00022963336
15129,0.0006075001
15130,0.0005292
15131,3.9675004e-05
15132,0.0004720334
15133,0.0027170083
15134,0.005427075
15135,0.0061061336
15136,4.0833336e-05
15137,0.00010640834
15138,0.0002187
15139,0.00015870002
15140,3.3333336e-08
15141,0.0004840083
15142,0.0021675
15143,0.0042364085
15144,0.00015640832
15145,0.00012403334
15146,0.0014981332
15147,0.00012813334
15148,4.6875004e-05
15149,0.00017040833
15150,9.633333e-06
15151,0.0004370084
15152,0.0024752086
15153,0.00027000002
15154,0.0024570748
15155,0.004788033
15156,0.0040484085
15157,0.0010150084
15158,0.00025813334
15159,0.0040252088
15160,0.008858009
15161,0.009702009
15162,4.8133337e-05
15163,0.00011407501
15164,0.00038163335
15165,0.00061653333
15166,0.00036750003
15167,2.0833335e-07
15168,0.00073507504
15169,0.0029900083
15170,0.005280133
15171,0.0055216337
15172,0.003402675
15173,0.00086403335
15174,7.3633346e-05
15175,0.001062075
15176,0.0021675
15177,0.002511675
15178,4.5633336e-05
15179,0.00050430006
15180,0.0018408335
15181,0.0032760752
15182,0.0031930087
15183,0.0014076749
15184,1.9200002e-05
15185,0.0011163
15186,0.0041301334
15187,0.0063074995
15188,0.005740834
15189,0.0031621335
15190,0.00081120007
15191,1.2000002e-06
15192,0.00036750003
15193,0.00089107506
15194,3.6300004e-05
15195,0.0004181333
15196,0.0015052083
15197,0.0030200335
15198,0.0038760337
15199,5.8800008e-05
15200,0.00030720004
15201,0.00059853337
15202,0.0004181333
15203,8.008334e-06
15204,0.0006120084
15205,0.0028518748
15206,0.0053067002
15207,0.005740834
15208,0.0036410084
15209,0.0009690084
15210,1.2033334e-05
15211,0.0011408334
15212,0.0028130086
15213,0.0034561334
15214,0.0028324083
15215,0.0017176333
15216,4.4083336e-06
15217,7.053334e-05
15218,4.2008338e-05
15219,0.00046413334
15220,0.00068640837
15221,0.00019763334
15222,0.0001728
15223,0.00024940833
15224,0.0032865335
15225,0.0075684097
15226,0.008350008
15227,0.0045387005
15228,0.00050430006
15229,0.00079567503
15230,0.0046625338
15231,0.00032340837
15232,0.0025761332
15233,0.005644408
15234,0.006660301
15235,0.0044896337
15236,0.0012740084
15237,7.008333e-06
15238,0.0013534083
15239,0.003402675
15240,0.0040833335
15241,0.0031416332
15242,1.1408334e-05
15243,0.000116033334
15244,0.00071053335
15245,0.0015987
15246,0.0016650752
15247,0.000594075
15248,8.0033344e-05
15249,0.0016576335
15250,0.004440834
15251,0.006091875
15252,0.0050960337
15253,0.0024120333
15254,0.0003300083
15255,0.00015640832
15256,0.0012610084
15257,0.0022446748
15258,0.0023674082
15259,0.0018723003
15260,0.0012805335
15261,0.0008694083
15262,0.000621075
15263,0.00041440837
15264,0.00016803335
15265,3.0000004e-07
15266,0.00027000002
15267,0.0012545333
15268,0.002679075
15269,0.0036741337
15270,0.0034668753
15271,0.002142075
15272,0.000648675
15273,1.0083334e-06
15274,8.0033344e-05
15275,0.00011800835
15276,0.0015552
15277,0.00024940833
15278,0.0026980087
15279,0.0003605333
15280,0.0032136752
15281,0.0060350085
15282,0.004864133
15283,0.0011041333
15284,0.00038163335
15285,0.0005376334
15286,0.005936133
15287,0.012040033
15288,0.011960033
15289,0.005936133
15290,0.00063940836
15291,0.00075500837
15292,0.0041536335
15293,0.005936133
15294,0.004440834
15295,0.0018486752
15296,4.0333334e-06
15297,6.533333e-06
15298,0.0001323
15299,0.0008748
15300,0.0015265334
15301,0.0009804083
15302,3.2033335e-05
15303,0.000924075
15304,0.0041536335
15305,0.007099408
15306,0.006855408
15307,0.0036520334
15308,0.0006120084
15309,0.00017040833
15310,0.0017941332
15311,0.0032552083
15312,0.0032448003
15313,0.0021930751
15314,0.0011224084
15315,0.0005208334
15316,0.00028829998
15317,0.00021333335
15318,0.0001323
15319,2.4083333e-06
15320,2.340833e-05
15321,0.0005292
15322,0.0019120085
15323,0.0035970751
15324,0.00013867502
15325,0.0011163
15326,0.0024300003
15327,0.0023585334
15328,0.00075500837
15329,7.840833e-05
15330,0.0023585334
15331,0.0061490084
15332,0.007857009
15333,8.333335e-05
15334,0.00037807503
15335,0.0009408001
15336,0.0011224084
15337,0.00048
15338,5.0700004e-05
15339,0.0012224084
15340,0.0035425334
15341,0.005280133
15342,0.0048896335
15343,0.002679075
15344,0.0005547001
15345,6.7500005e-05
15346,0.0009185334
15347,0.0018881336
15348,0.0022620086
15349,4.9408336e-05
15350,7.3633346e-05
15351,0.0013601334
15352,0.0037074084
15353,0.0045633335
15354,0.0025761332
15355,0.00019763334
15356,0.000957675
15357,0.00041070004
15358,0.00046807507
15359,0.0053734086
15360,0.011155409
15361,0.010963409
15362,0.004928008
15363,0.00012403334
15364,0.0024210084
15365,0.00023800835
15366,0.0019764085
15367,0.0043923
15368,0.00019000833
15369,0.0015768749
15370,0.00021333335
15371,0.0018723003
15372,0.0032136752
15373,0.0020501334
15374,0.000108299995
15375,0.0013067999
15376,0.0059784087
15377,0.009666075
15378,0.000165675
15379,0.00081120007
15380,0.0016725332
15381,0.0016354084
15382,1.2000002e-06
15383,0.00028520834
15384,0.0011907001
15385,0.0024934085
15386,0.00013867502
15387,0.0013872002
15388,0.0034347004
15389,0.0040600337
15390,0.0022188004
15391,0.00014520001
15392,0.00093520834
15393,0.0045018755
15394,0.0074418755
15395,0.0069464087
15396,2.1675003e-05
15397,4.8133337e-05
15398,0.00025813334
15399,0.0005292
15400,3.3333336e-06
15401,1.9200002e-05
15402,0.00034340835
15403,0.0014008334
15404,0.0029800336
15405,0.003979008
15406,0.0033708
15407,2.7e-06
15408,1.2675001e-05
15409,4.9408336e-05
15410,0.00016333334
15411,0.00052500836
15412,0.0013200332
15413,0.0024030753
15414,0.0030906748
15415,0.0027075
15416,5.208334e-06
15417,2.0833335e-07
15418,8.533334e-06
15419,9.0133326e-05
15420,0.0004720334
15421,0.0014145334
15422,0.0026980087
15423,0.0034668753
15424,0.0029403002
15425,0.0013940083
15426,0.00013440834
15427,0.00029140836
15428,0.0017327999
15429,0.0032552083
15430,0.0037296754
15431,5.6033343e-05
15432,0.00048803337
15433,0.0015841334
15434,0.00010083333
15435,0.000648675
15436,0.0008321334
15437,0.00020803335
15438,0.000226875
15439,0.0024390086
15440,0.005740834
15441,0.00022963336
15442,0.0016060084
15443,0.0031621335
15444,0.0027936753
15445,5.208334e-06
15446,8.1674996e-05
15447,0.00015187502
15448,0.0021760087
15449,0.0054945336
15450,0.007038009
15451,0.0050830087
15452,0.0016060084
15453,0.0
15454,0.0013601334
15455,0.0036963
15456,0.004575675
15457,0.0035208336
15458,0.0018096336
15459,0.00061653333
15460,0.00014083333
15461,2.43e-05
15462,3.3333336e-06
15463,1.875e-06
15464,9.187501e-05
15465,0.000541875
15466,0.0015841334
15467,0.0029008337
15468,0.0035643002
15469,0.0028812
15470,0.0012805335
15471,2.2533332e-05
15472,0.00050840835
15473,0.0012160332
15474,7.5208336e-05
15475,0.0008965335
15476,0.0027552084
15477,0.0044530085
15478,0.004284075
15479,0.0022102084
15480,2.6133332e-05
15481,0.000676875
15482,0.0015841334
15483,0.0021252085
15484,0.002142075
15485,0.0018252002
15486,0.0013736334
15487,0.0008965335
15488,1.875e-06
15489,2.7e-06
15490,1.0083334e-06
15491,3e-05
15492,0.0003745333
15493,0.0014214085
15494,0.0029403002
15495,0.0038760337
15496,0.0032656335
15497,0.0014981332
15498,0.00011800835
15499,0.0003745333
15500,0.0019764085
15501,0.0034992
15502,0.000112133326
15503,0.0010208334
15504,0.00019763334
15505,0.00023520003
15506,0.0025947
15507,0.0045633335
15508,0.0029601331
15509,0.00020280002
15510,0.0014981332
15511,0.007192008
15512,0.011485634
15513,0.009684034
15514,0.0039675003
15515,8.500834e-05
15516,0.0013940083
15517,0.0022707
15518,0.0018330083
15519,5.633333e-06
15520,8.8408335e-05
15521,8.8408335e-05
15522,0.0015123001
15523,0.004002075
15524,0.004788033
15525,0.0025947
15526,0.00016803335
15527,0.0010800001
15528,0.0050830087
15529,0.008184008
15530,0.007363334
15531,1.5408334e-05
15532,1.9200002e-05
15533,0.00016803335
15534,0.00042563336
15535,0.00035707498
15536,1.2675001e-05
15537,0.00055900833
15538,0.0021000335
15539,0.0039102086
15540,0.0045141336
15541,4.4408334e-05
15542,0.000180075
15543,0.00037100833
15544,0.00027000002
15545,2.1333335e-06
15546,0.0005292
15547,0.00021333335
15548,0.0026885336
15549,0.006365634
15550,0.007332033
15551,0.0042602085
15552,0.0006075001
15553,0.0005292
15554,0.003921633
15555,0.0068856752
15556,0.006526875
15557,2.5208332e-05
15558,0.00010640834
15559,6.020834e-05
15560,0.0008427
15561,0.0017252085
15562,1.2675001e-05
15563,1.08e-05
15564,0.00033667503
15565,0.00013020835
15566,0.0018565333
15567,0.004838701
15568,0.0061490084
15569,0.004071675
15570,0.0008427
15571,0.000226875
15572,0.0029900083
15573,0.0061490084
15574,0.00018253335
15575,0.0013333336
15576,0.0033496334
15577,0.0044652
15578,4.2008338e-05
15579,4.4083336e-06
15580,1.8408336e-05
15581,1.0083334e-06
15582,4.4408334e-05
15583,0.00097470003
15584,0.0031621335
15585,0.00507
15586,0.00010453333
15587,0.000541875
15588,0.00094640837
15589,0.0006075001
15590,2.7074999e-05
15591,0.00089107506
15592,0.0028714086
15593,0.0046875
15594,0.00012607501
15595,0.00089107506
15596,0.0019764085
15597,4.4408334e-05
15598,9.9008335e-05
15599,1.08e-05
15600,0.00020803335
15601,0.0014630083
15602,0.0035643002
15603,0.004876875
15604,7.3633346e-05
15605,0.00034340835
15606,0.00063480006
15607,0.00042563336
15608,5.633333e-06
15609,0.0006533334
15610,0.0029403002
15611,0.0053734086
15612,0.0057270085
15613,0.003586134
15614,4.8000006e-06
15615,0.00024367501
15616,0.00046020836
15617,0.0005504083
15618,0.0006627
15619,0.00094640837
15620,0.0014421332
15621,0.0019602084
15622,0.0020336334
15623,0.0013736334
15624,0.00037807503
15625,4.6875004e-05
15626,0.0008802084
15627,0.0023408332
15628,0.0034884084
15629,0.0035752086
15630,0.0025947
15631,0.0012288002
15632,0.00025520835
15633,8.533334e-06
15634,0.00037100833
15635,6.600833e-05
15636,0.0008480083
15637,0.0024934085
15638,0.0040484085
15639,0.0042364085
15640,0.0027936753
15641,0.0008748
15642,1.4083332e-06
15643,0.000648675
15644,0.0020090083
15645,0.0029205335
15646,7.680001e-05
15647,0.00075500837
15648,0.0023674082
15649,0.0037520085
15650,6.3075e-05
15651,1.4700002e-05
15652,8.670001e-05
15653,2.340833e-05
15654,0.00013020835
15655,0.0012416334
15656,0.0033496334
15657,0.0048896335
15658,0.0042721336
15659,0.0019280084
15660,0.00012607501
15661,0.00014520001
15662,0.0019040334
15663,0.0041654087
15664,0.00016100833
15665,0.0013804084
15666,0.0035425334
15667,0.00017040833
15668,0.001171875
15669,0.0019926752
15670,7.5e-06
15671,4.0833336e-05
15672,0.00049613335
15673,0.0017025335
15674,0.0032344083
15675,0.00013440834
15676,0.0011285334
15677,0.0024752086
15678,0.0024030753
15679,0.0007701334
15680,7.680001e-05
15681,0.0023852084
15682,0.006206409
15683,0.007905634
15684,0.0058660083
15685,0.0022016333
15686,4.8133337e-05
15687,0.00072520843
15688,0.001171875
15689,0.0010325334
15690,0.0007301334
15691,1.6875001e-05
15692,0.00037100833
15693,0.0016428002
15694,0.0032136752
15695,0.0033496334
15696,0.0015987
15697,5.2008338e-05
15698,0.0012480749
15699,0.0031930087
15700,0.0043681334
15701,0.0039445334
15702,2.340833e-05
15703,0.00014083333
15704,4.4408334e-05
15705,0.00046020836
15706,0.0006721334
15707,0.00018500832
15708,0.00018253335
15709,0.0021505335
15710,0.00032340837
15711,0.0032240332
15712,0.0067500006
15713,0.006586009
15714,0.0026696336
15715,8.533334e-06
15716,0.0023496752
15717,0.007316409
15718,0.0095052
15719,0.0069464087
15720,4.083333e-07
15721,2.6133332e-05
15722,3.0083336e-06
15723,0.00015640832
15724,0.00029140836
15725,7.3633346e-05
15726,0.00016803335
15727,0.0016800084
15728,0.0042364085
15729,0.000210675
15730,0.0016354084
15731,0.0032865335
15732,0.0029403002
15733,0.00081640837
15734,0.00015187502
15735,0.0030100083
15736,0.0071610743
15737,0.008484009
15738,0.005782408
15739,0.0018565333
15740,2.5208332e-05
15741,0.0007203
15742,0.0020172002
15743,0.0023320087
15744,0.0017176333
15745,0.0009976333
15746,0.000621075
15747,0.000567675
15748,0.00070083333
15749,2.43e-05
15750,0.000165675
15751,0.00021600834
15752,2.1675003e-05
15753,0.00027603333
15754,0.0018408335
15755,0.0041654087
15756,0.005320009
15757,0.004071675
15758,0.0015052083
15759,2.43e-05
15760,0.00080083334
15761,0.00019763334
15762,0.0020090083
15763,0.00027300834
15764,0.0027936753
15765,0.0063365335
15766,0.0071147997
15767,0.0040484085
15768,0.000541875
15769,0.0005504083
15770,0.0038533336
15771,0.006690133
15772,0.0063074995
15773,0.0035534084
15774,0.0010325334
15775,1.7633334e-05
15776,9.075001e-06
15777,1.8408336e-05
15778,4.083333e-07
15779,3.6300004e-05
15780,0.00034680005
15781,0.0013002082
15782,0.0027648
15783,0.00014300835
15784,0.0012675
15785,0.0027456335
15786,0.0026226752
15787,0.00081640837
15788,9.187501e-05
15789,0.0025761332
15790,0.0065564085
15791,0.008184008
15792,0.0059080343
15793,0.0021084086
15794,7.053334e-05
15795,0.0005852083
15796,0.0019521335
15797,0.0024570748
15798,3.5208333e-05
15799,0.00034680005
15800,0.0014421332
15801,0.0030603004
15802,0.0038081335
15803,0.002679075
15804,4.8000006e-06
15805,0.0003300083
15806,0.00094640837
15807,0.0015768749
15808,0.0020254082
15809,0.0021760087
15810,0.0019440751
15811,0.0013668751
15812,0.000621075
15813,7.840833e-05
15814,3.7408336e-05
15815,0.00063940836
15816,0.0018096336
15817,0.00013867502
15818,0.0015194083
15819,0.00025813334
15820,0.00027603333
15821,0.00030720004
15822,0.00027000002
15823,0.0020254082
15824,0.0022016333
15825,0.00035707498
15826,0.00080083334
15827,0.0056581334
15828,0.010472009
15829,0.009612301
15830,0.004002075
15831,0.00010453333
15832,0.00037100833
15833,0.004224533
15834,0.008101633
15835,0.007938134
15836,0.004440834
15837,0.0011346751
15838,9.075001e-06
15839,0.00026700835
15840,0.00048803337
15841,0.0003333334
15842,0.00016100833
15843,0.00015640832
15844,0.00043319998
15845,0.0012416334
15846,0.0024210084
15847,0.0030300752
15848,0.0022533333
15849,0.0006721334
15850,2.2533332e-05
15851,0.00018253335
15852,0.0023320087
15853,0.0054405336
15854,0.006690133
15855,0.004979409
15856,0.0019683002
15857,0.00014083333
15858,0.00031040836
15859,0.0014008334
15860,0.0020667
15861,4.8133337e-05
15862,0.00050840835
15863,0.0018408335
15864,0.0034992
15865,0.0039560087
15866,0.002511675
15867,0.000516675
15868,0.00014300835
15869,0.0019602084
15870,0.0043080086
15871,0.0051090755
15872,0.003921633
15873,0.0019120085
15874,1.875e-06
15875,3.1008334e-05
15876,3.3333336e-06
15877,1.2000002e-06
15878,1.875e-06
15879,0.00017520833
15880,0.0010384084
15881,0.002679075
15882,0.0040252088
15883,0.0037632005
15884,0.0019120085
15885,2.2533332e-05
15886,0.0005852083
15887,0.0014076749
15888,0.0019521335
15889,0.0020833337
15890,0.0018881336
15891,0.0014981332
15892,0.0010092
15893,0.00049207505
15894,8.8408335e-05
15895,4.0833336e-05
15896,0.00056333333
15897,0.000112133326
15898,0.0014560336
15899,0.0039675003
15900,0.005617009
15901,8.333335e-05
15902,0.0003640084
15903,0.0006533334
15904,0.00042563336
15905,4.0333334e-06
15906,0.0006816333
15907,0.0029800336
15908,0.005400209
15909,0.0057270085
15910,0.0035534084
15911,0.0009020084
15912,1.9200002e-05
15913,0.0011656334
15914,0.0027840333
15915,0.0033602086
15916,0.002736075
15917,1.7633334e-05
15918,0.00019763334
15919,0.00094640837
15920,0.0018644085
15921,0.0017480336
15922,0.0005292
15923,8.8408335e-05
15924,0.0020501334
15925,0.005333334
15926,0.0069768755
15927,0.0054405336
15928,0.0022620086
15929,3.2033335e-05
15930,0.0005461334
15931,0.0008965335
15932,0.0008427
15933,0.0006912
15934,0.00070083333
15935,0.0009690084
15936,0.0014352085
15937,0.0017404085
15938,0.0014352085
15939,0.000567675
15940,6.75e-07
15941,0.0006816333
15942,0.000195075
15943,0.0022794085
15944,0.0055216337
15945,0.006900834
15946,0.0049152006
15947,0.0015123001
15948,4.083333e-07
15949,0.0013467001
15950,0.0035970751
15951,0.0044286754
15952,0.0034133336
15953,0.0017786999
15954,3.0000004e-07
15955,1.2033334e-05
15956,0.00021333335
15957,0.0005764084
15958,0.00050430006
15959,3.8533333e-05
15960,0.00046413334
15961,0.0026696336
15962,0.0053600334
15963,0.0060634078
15964,0.004002075
15965,0.0011163
15966,8.0033344e-05
15967,0.0011907001
15968,0.0024120333
15969,0.0027265332
15970,0.0022102084
15971,2.0008336e-05
15972,3.7408336e-05
15973,0.00079567503
15974,0.0021845335
15975,0.0024480335
15976,8.333334e-09
15977,0.0002523
15978,0.00010267501
15979,0.0014840333
15980,0.0040950086
15981,0.005782408
15982,0.0047628004
15983,5.333334e-07
15984,7.5208336e-05
15985,0.00019000833
15986,0.0003333334
15987,0.0006256333
15988,0.0011844083
15989,0.0019521335
15990,9.540834e-05
15991,0.00010640834
15992,0.0013601334
15993,0.0026040082
15994,0.0018096336
15995,0.00013440834
15996,0.0010150084
15997,0.005187676
15998,0.00040700837
15999,0.0033496334
16000,0.0066752094
16001,0.006322008
16002,3.3333336e-08
16003,0.00029767503
16004,7.3633346e-05
16005,0.0009520334
16006,0.0027075
16007,0.0042602085
16008,0.000112133326
16009,8.8408335e-05
16010,0.0011470084
16011,0.0022446748
16012,0.0015841334
16013,0.00011800835
16014,0.000924075
16015,0.004800675
16016,0.0083667
16017,0.000180075
16018,0.0009918751
16019,0.0020254082
16020,0.00192
16021,0.00058963336
16022,8.500834e-05
16023,0.002142075
16024,0.005562408
16025,0.0072230087
16026,0.005548801
16027,0.0022446748
16028,0.00016333334
16029,0.0003605333
16030,0.00012607501
16031,0.00012813334
16032,0.0016206751
16033,0.0040484085
16034,0.005481008
16035,0.0046500755
16036,0.002296875
16037,0.0003745333
16038,9.363332e-05
16039,0.0010443002
16040,0.0020418752
16041,7.5208336e-05
16042,0.0007650751
16043,0.0024120333
16044,0.0040600337
16045,0.0041067
16046,0.0022707
16047,0.00032340837
16048,0.00028213335
16049,0.0002187
16050,0.0024570748
16051,0.005548801
16052,0.0066752094
16053,0.004864133
16054,0.0018723003
16055,0.00012
16056,0.00032340837
16057,0.0013804084
16058,8.0033344e-05
16059,0.00075500837
16060,0.0021845335
16061,0.0036520334
16062,0.00011800835
16063,0.00093520834
16064,0.00011800835
16065,0.0009020084
16066,0.0012160332
16067,0.00037100833
16068,0.00017520833
16069,0.0026226752
16070,0.0064240335
16071,0.00025520835
16072,0.0017404085
16073,0.0033496334
16074,0.0028910085
16075,0.00075500837
16076,0.00018500832
16077,0.0031110086
16078,0.007192008
16079,0.008383409
16080,0.0056306995
16081,0.0017786999
16082,2.0008336e-05
16083,0.00071540836
16084,0.0019683002
16085,0.0022533333
16086,0.0016650752
16087,0.0009804083
16088,0.0006302084
16089,0.000594075
16090,0.00073507504
16091,0.00080083334
16092,4.8000006e-06
16093,6.75e-07
16094,6.1633335e-05
16095,5.0700004e-05
16096,0.0009804083
16097,0.0031212
16098,0.0002187
16099,0.00019763334
16100,0.0021930751
16101,0.003921633
16102,0.0025854083
16103,0.00017763334
16104,0.0013534083
16105,0.0065712007
16106,0.010678534
16107,0.009240076
16108,0.0039675003
16109,0.00026700835
16110,0.0007803
16111,0.0032448003
16112,0.00014740834
16113,0.0010800001
16114,0.0026885336
16115,0.0039905333
16116,0.003921633
16117,0.0024570748
16118,0.00072520843
16119,3.3333336e-08
16120,0.0006030083
16121,0.0018018751
16122,0.0026414085
16123,0.0026885336
16124,0.0021252085
16125,0.0013804084
16126,0.00072520843
16127,0.00026700835
16128,3.3333336e-06
16129,9.187501e-05
16130,0.0003333334
16131,5.740834e-05
16132,0.0009185334
16133,0.002910675
16134,0.004712534
16135,0.0044896337
16136,0.0022620086
16137,0.00022963336
16138,0.0004408334
16139,0.0025854083
16140,0.0045141336
16141,0.0046127997
16142,0.0031008334
16143,0.0013534083
16144,0.00031040836
16145,7.5e-06
16146,4.6875004e-05
16147,0.000165675
16148,0.00034340835
16149,0.00068640837
16150,0.0013002082
16151,9.9008335e-05
16152,0.00014520001
16153,0.0020336334
16154,0.0044165333
16155,0.0040484085
16156,0.0011781335
16157,0.00015187502
16158,0.003619008
16159,0.0085683
16160,0.009828299
16161,0.0062930076
16162,0.0017327999
16163,7.500001e-08
16164,0.0011102085
16165,0.0024843
16166,0.0024752086
16167,0.0015336752
16168,0.00071540836
16169,0.0003888
16170,0.00042187504
16171,0.0006912
16172,0.0009296334
16173,1.0208334e-05
16174,6.533333e-06
16175,2.1675003e-05
16176,0.00038163335
16177,0.0014981332
16178,0.0030906748
16179,0.0040136334
16180,0.0033180085
16181,0.0014700001
16182,9.72e-05
16183,0.0004181333
16184,0.0020418752
16185,0.0035100086
16186,0.0037296754
16187,0.0027936753
16188,0.0014981332
16189,0.0005334083
16190,8.500834e-05
16191,4.8000006e-06
16192,0.00013867502
16193,3.5208333e-05
16194,0.0005764084
16195,0.0019602084
16196,0.00018500832
16197,0.00192
16198,0.0044652
16199,0.0049024085
16200,4.8000006e-06
16201,8.0033344e-05
16202,0.0004408334
16203,0.0011224084
16204,0.0019926752
16205,0.00010640834
16206,0.0011594085
16207,0.000195075
16208,0.0017941332
16209,0.0031416332
16210,0.0020254082
16211,5.3333337e-05
16212,0.00021600834
16213,0.0029304083
16214,0.0069160094
16215,0.008200534
16216,0.005346675
16217,0.0013400083
16218,4.6875004e-05
16219,0.0019280084
16220,0.0042483
16221,0.004575675
16222,0.0030704085
16223,0.0013400083
16224,0.00038163335
16225,8.670001e-05
16226,3.6300004e-05
16227,3.3075e-05
16228,8.533334e-06
16229,4.0833336e-05
16230,0.00050430006
16231,0.0017252085
16232,0.0032656335
16233,0.003979008
16234,0.0031110086
16235,0.0012805335
16236,6.1633335e-05
16237,0.0004524084
16238,0.00016100833
16239,0.0017864085
16240,0.004284075
16241,0.0056033335
16242,0.0045880335
16243,6.075e-06
16244,3.3333336e-08
16245,1.4700002e-05
16246,3e-05
16247,6.75e-07
16248,0.00027000002
16249,0.0014145334
16250,0.0032240332
16251,0.004380208
16252,6.900833e-05
16253,0.00034680005
16254,0.0006533334
16255,0.00044467498
16256,7.5e-06
16257,0.000648675
16258,0.0029502087
16259,0.005427075
16260,0.005782408
16261,0.003619008
16262,5.208334e-06
16263,0.00024940833
16264,0.0004720334
16265,2.0008336e-05
16266,0.00030720004
16267,0.0012805335
16268,0.0028324083
16269,0.0038874084
16270,0.003402675
16271,4.0333334e-06
16272,6.533333e-06
16273,3.4133336e-05
16274,1.4008336e-05
16275,0.00035363334
16276,0.0014770086
16277,0.0031212
16278,0.0040950086
16279,0.003402675
16280,0.0015052083
16281,9.9008335e-05
16282,0.00042940833
16283,0.002091675
16284,0.0035752086
16285,0.0037744083
16286,0.0027840333
16287,0.0014700001
16288,0.00051253336
16289,7.840833e-05
16290,5.208334e-06
16291,0.00013653334
16292,0.0004370084
16293,0.0009520334
16294,0.0016650752
16295,0.0023408332
16296,0.0025668752
16297,0.0020336334
16298,0.00097470003
16299,0.000116033334
16300,0.00016100833
16301,0.0011781335
16302,0.002511675
16303,0.00012403334
16304,0.0012545333
16305,0.0034133336
16306,0.004712534
16307,0.0035208336
16308,0.0009861334
16309,5.6033343e-05
16310,0.0020667
16311,0.005122134
16312,0.0062930076
16313,0.0047376333
16314,0.0021168
16315,8.008334e-06
16316,0.000108299995
16317,6.1633335e-05
16318,5.208334e-06
16319,3.3333336e-06
16320,2.0833337e-05
16321,0.000621075
16322,0.0023585334
16323,0.004296033
16324,0.0045141336
16325,1.5408334e-05
16326,1.4083332e-06
16327,3.6750005e-06
16328,1.4008336e-05
16329,5.740834e-05
16330,0.0011102085
16331,0.0034347004
16332,0.0052934084
16333,9.9008335e-05
16334,0.0004840083
16335,0.0008480083
16336,0.0005461334
16337,2.6133332e-05
16338,0.0008480083
16339,0.0027744086
16340,0.0045880335
16341,0.00012607501
16342,0.00091300835
16343,0.0020172002
16344,4.5633336e-05
16345,9.9008335e-05
16346,1.0208334e-05
16347,0.000210675
16348,0.0014700001
16349,0.0035643002
16350,0.004876875
16351,0.0040368
16352,0.0017025335
16353,8.0033344e-05
16354,0.00014083333
16355,0.0018174084
16356,0.000226875
16357,0.0022533333
16358,0.005320009
16359,0.00022140834
16360,0.0015914085
16361,0.003151875
16362,0.0027936753
16363,0.0007701334
16364,0.00015413333
16365,0.0029403002
16366,0.0069921343
16367,0.008316676
16368,0.0057131997
16369,0.0018723003
16370,3.2033335e-05
16371,0.00012607501
16372,0.0012675
16373,0.000116033334
16374,0.0011224084
16375,0.002910675
16376,0.004332009
16377,0.00010267501
16378,0.0007400333
16379,0.0017176333
16380,0.0018096336
16381,0.0006533334
16382,3.7408336e-05
16383,0.0018252002
16384,0.005214008
16385,0.0071610743
16386,0.00010083333
16387,0.0005208334
16388,7.3633346e-05
16389,0.0006120084
16390,0.0008427
16391,2.7e-06
16392,0.0003924084
16393,0.0017633336
16394,0.00363
16395,0.0045264084
16396,0.0035100086
16397,0.0013804084
16398,4.4408334e-05
16399,0.0005852083
16400,0.00017520833
16401,0.0018881336
16402,0.004440834
16403,0.0057131997
16404,0.0045880335
16405,0.0021000335
16406,0.000279075
16407,7.2074996e-05
16408,0.0008694083
16409,0.0017710081
16410,0.0021336332
16411,0.0019764085
16412,0.0015841334
16413,0.0011844083
16414,0.0008216334
16415,3.6750005e-06
16416,1.1408334e-05
16417,1.0208334e-05
16418,1.4700002e-05
16419,0.00035707498
16420,0.0014770086
16421,0.0031212
16422,0.0040950086
16423,0.0033920333
16424,0.0014981332
16425,9.9008335e-05
16426,0.00042940833
16427,0.002091675
16428,0.0035752086
16429,0.0037632005
16430,0.0027840333
16431,0.0014700001
16432,0.00051253336
16433,7.840833e-05
16434,5.208334e-06
16435,0.00013653334
16436,0.0004370084
16437,0.0009520334
16438,0.0016650752
16439,0.0023408332
16440,0.0025668752
16441,0.0020336334
16442,0.00097470003
16443,0.00011407501
16444,0.00016100833
16445,0.0011781335
16446,0.0025025331
16447,0.00012403334
16448,0.0012545333
16449,0.0034133336
16450,0.004712534
16451,0.0035208336
16452,4.0333334e-06
16453,0.00037807503
16454,0.0010800001
16455,0.0017327999
16456,0.0021168
16457,0.002142075
16458,0.0018252002
16459,0.0012416334
16460,0.00055900833
16461,5.208334e-06
16462,0.00015870002
16463,0.00049613335
16464,0.001026675
16465,0.001710075
16466,0.0023144083
16467,0.0024752086
16468,0.0019360333
16469,0.000924075
16470,0.00011020835
16471,0.00014963334
16472,0.0011224084
16473,0.0024210084
16474,0.00012403334
16475,0.0012675
16476,0.0034454088
16477,0.0047502085
16478,0.0035425334
16479,4.4083336e-06
16480,0.00038520835
16481,0.0010920333
16482,0.0017404085
16483,0.0021168
16484,0.0021336332
16485,0.0018174084
16486,0.0012288002
16487,1.4083332e-06
16488,3.3333336e-08
16489,5.333334e-07
16490,5.2008338e-05
16491,0.00041070004
16492,0.0014076749
16493,0.00015870002
16494,0.0018018751
16495,0.004296033
16496,0.004826009
16497,0.0024300003
16498,6.7500005e-05
16499,0.0016206751
16500,0.0039675003
16501,0.0050830087
16502,0.0041772006
16503,0.0022188004
16504,0.000621075
16505,1.7633334e-05
16506,0.00012813334
16507,3.1008334e-05
16508,0.0003745333
16509,0.0011594085
16510,0.0022102084
16511,0.0030100083
16512,7.840833e-05
16513,0.0006627
16514,0.0016428002
16515,0.0017941332
16516,0.00068640837
16517,2.43e-05
16518,0.00024940833
16519,0.0033496334
16520,0.0077120336
16521,0.00026403333
16522,0.0016576335
16523,0.00015413333
16524,0.0010561333
16525,0.0013804084
16526,0.0004181333
16527,0.00018500832
16528,0.0003300083
16529,0.0041654087
16530,0.00050430006
16531,0.004141875
16532,0.007394701
16533,0.005644408
16534,0.0011408334
16535,0.00056333333
16536,0.0058800005
16537,0.011446534
16538,0.011155409
16539,2.340833e-05
16540,7.008333e-06
16541,9.187501e-05
16542,0.00029453338
16543,0.00028213335
16544,1.5408334e-05
16545,0.0003888
16546,0.0021930751
16547,0.004575675
16548,0.0054675005
16549,5.0700004e-05
16550,0.00017763334
16551,0.00035020834
16552,0.00024653334
16553,1.6133334e-05
16554,8.500834e-05
16555,0.0014700001
16556,0.0041654087
16557,0.0059502083
16558,8.500834e-05
16559,0.00036750003
16560,0.000648675
16561,0.0004181333
16562,3.3333336e-06
16563,0.00068640837
16564,0.0029800336
16565,0.0053868005
16566,0.0056994082
16567,0.0035316749
16568,0.0008965335
16569,1.8408336e-05
16570,0.0011594085
16571,0.0027648
16572,0.0033496334
16573,0.002736075
16574,0.0016725332
16575,0.000826875
16576,0.00037100833
16577,0.00015640832
16578,3.9675004e-05
16579,4.4083336e-06
16580,0.000210675
16581,0.0008965335
16582,0.00012813334
16583,0.0016354084
16584,0.0043200003
16585,0.005617009
16586,0.0038760337
16587,0.00089107506
16588,0.00015413333
16589,0.0026508
16590,0.005768533
16591,0.0064680083
16592,5.4675e-05
16593,0.00030720004
16594,0.0010920333
16595,0.0018881336
16596,0.0016133332
16597,0.00040700837
16598,0.00014300835
16599,0.0021760087
16600,0.005280133
16601,0.00022963336
16602,0.0018096336
16603,0.0040252088
16604,0.0043681334
16605,0.002142075
16606,7.3633346e-05
16607,0.0012224084
16608,0.0049665337
16609,0.0076320753
16610,0.0067050746
16611,0.0033920333
16612,0.0006627
16613,2.2533332e-05
16614,0.000648675
16615,5.2008338e-05
16616,0.0004485333
16617,0.0012545333
16618,0.0022360333
16619,0.0029205335
16620,0.0028130086
16621,2.340833e-05
16622,0.00012403334
16623,0.0003040083
16624,0.00024940833
16625,4.8000006e-06
16626,0.00045630004
16627,0.0022794085
16628,0.0045510083
16629,0.005320009
16630,0.0037185336
16631,0.0012033334
16632,1.6333332e-06
16633,0.0008965335
16634,0.0026602084
16635,0.003619008
16636,0.0032033334
16637,0.0020501334
16638,0.0009861334
16639,4.083333e-07
16640,9.075001e-06
16641,8.500834e-05
16642,0.00011800835
16643,5.633333e-06
16644,0.00027603333
16645,0.0016650752
16646,0.0037632005
16647,0.0049152006
16648,6.4533335e-05
16649,0.00028520834
16650,0.000541875
16651,0.00036750003
16652,4.0333334e-06
16653,0.00061653333
16654,0.0027840333
16655,0.005161409
16656,0.005589675
16657,0.003586134
16658,0.00097470003
16659,7.5e-06
16660,0.0010860085
16661,0.0027456335
16662,0.0034240086
16663,5.740834e-05
16664,0.0005292
16665,0.0018486752
16666,0.0032448003
16667,0.0031314085
16668,0.0013668751
16669,1.6133334e-05
16670,0.0011102085
16671,0.0040833335
16672,0.00026107504
16673,0.0022620086
16674,0.005187676
16675,0.0060634078
16676,0.0036963
16677,0.0006256333
16678,0.00033667503
16679,0.0031212
16680,0.0059643
16681,0.00016100833
16682,0.0011781335
16683,0.0030502086
16684,0.004212675
16685,0.0032240332
16686,0.0009520334
16687,3.5208333e-05
16688,0.0018174084
16689,0.004725075
16690,0.0060208333
16691,0.0047502085
16692,0.0022794085
16693,0.00048
16694,8.333334e-07
16695,0.00026107504
16696,0.0005547001
16697,0.000676875
16698,0.0007650751
16699,0.0009804083
16700,0.0013736334
16701,7.053334e-05
16702,0.00080083334
16703,0.0020008332
16704,0.002142075
16705,0.00080083334
16706,3e-05
16707,0.0019683002
16708,0.005644408
16709,0.007664008
16710,0.0060634078
16711,0.002511675
16712,0.00018750002
16713,0.0004033333
16714,0.0018330083
16715,0.0026320333
16716,0.002296875
16717,0.0014840333
16718,0.0008586751
16719,0.00058080006
16720,0.0005208334
16721,0.00048803337
16722,0.0003040083
16723,3.3075e-05
16724,0.000165675
16725,0.0012096752
16726,0.0029205335
16727,0.00017040833
16728,0.0016206751
16729,0.0038307
16730,0.004344034
16731,0.0022446748
16732,0.00011020835
16733,0.0011041333
16734,0.004838701
16735,0.00768
16736,0.006900834
16737,0.0035752086
16738,0.0007301334
16739,1.8408336e-05
16740,0.0006721334
16741,0.0012288002
16742,0.0011844083
16743,0.0008802084
16744,0.0007056751
16745,0.00079567503
16746,0.0011163
16747,0.0014214085
16748,0.0012936335
16749,0.0006030083
16750,2.1675003e-05
16751,0.000594075
16752,0.0018018751
16753,0.0030200335
16754,0.0034884084
16755,0.0028714086
16756,0.0015841334
16757,0.00042187504
16758,2.0833335e-07
16759,5.8800008e-05
16760,0.0007854083
16761,0.0020418752
16762,0.0031110086
16763,0.0033285336
16764,4.5633336e-05
16765,0.00035363334
16766,0.0010208334
16767,0.0012936335
16768,0.00059853337
16769,3.0083336e-06
16770,0.0012416334
16771,0.004212675
16772,0.0064827004
16773,0.005894009
16774,0.0030000003
16775,1.8408336e-05
16776,0.00042940833
16777,0.00075000006
16778,0.00075500837
16779,0.0006960083
16780,0.0007854083
16781,0.0011163
16782,0.0015841334
16783,0.0018174084
16784,0.0014008334
16785,0.00049613335
16786,1.0083334e-06
16787,0.00075000006
16788,0.0025392002
16789,0.00018750002
16790,0.0018565333
16791,0.0045633335
16792,0.0056718756
16793,0.0037185336
16794,0.0007701334
16795,0.00020803335
16796,0.0027648
16797,0.0057546757
16798,0.0062640756
16799,0.004189009
16800,0.0015987
16801,0.00020020833
16802,2.9008334e-05
16803,0.0002523
16804,0.0003605333
16805,1.2033334e-05
16806,0.00022963336
16807,0.0011041333
16808,0.00016803335
16809,0.0019764085
16810,0.0046625338
16811,0.0051352084
16812,0.002511675
16813,8.670001e-05
16814,0.0014008334
16815,0.0056033335
16816,0.008400134
16817,0.0071147997
16818,0.0033602086
16819,0.0005334083
16820,7.053334e-05
16821,0.00081640837
16822,0.0012416334
16823,0.0010384084
16824,0.00068640837
16825,1.4008336e-05
16826,0.00034340835
16827,0.0015768749
16828,0.003151875
16829,0.0033390748
16830,0.0016354084
16831,5.6033343e-05
16832,0.0009804083
16833,0.0040950086
16834,0.0065564085
16835,0.006120409
16836,0.0034347004
16837,0.00088563334
16838,4.0833336e-05
16839,0.00046807507
16840,0.00071053335
16841,1.6875001e-05
16842,0.00023240835
16843,0.00010083333
16844,0.0015768749
16845,0.004332009
16846,0.005740834
16847,4.5633336e-05
16848,6.020834e-05
16849,0.0
16850,4.4408334e-05
16851,0.00040700837
16852,0.0014352085
16853,0.0028910085
16854,0.0037632005
16855,0.0031621335
16856,0.0014560336
16857,0.00011800835
16858,0.00035363334
16859,0.0019040334
16860,0.0034133336
16861,0.0037632005
16862,0.0029008337
16863,0.0016060084
16864,0.00058963336
16865,9.187501e-05
16866,6.533333e-06
16867,0.00016333334
16868,0.0005002083
16869,0.001026675
16870,0.0016950082
16871,0.002296875
16872,0.0024570748
16873,0.0019280084
16874,2.7e-06
16875,2.0833335e-07
16876,6.075e-06
16877,7.5208336e-05
16878,0.0004408334
16879,0.0013872002
16880,0.0027075
16881,0.0035208336
16882,0.0030100083
16883,0.0014352085
16884,0.00013653334
16885,0.00029767503
16886,0.0017710081
16887,0.0033075
16888,0.0037632005
16889,5.6033343e-05
16890,0.00047600834
16891,0.0015552
16892,0.0024120333
16893,0.0018252002
16894,0.00035707498
16895,0.00026403333
16896,0.0026980087
16897,0.0058800005
16898,0.0068705333
16899,0.0048133335
16900,0.0017404085
16901,8.0033344e-05
16902,0.00038520835
16903,0.00010083333
16904,0.0009633334
16905,0.0022620086
16906,0.0031930087
16907,8.8408335e-05
16908,0.00081640837
16909,0.0022881336
16910,0.0030805336
16911,0.0019926752
16912,0.0002523
16913,0.00050840835
16914,0.0034347004
16915,0.0065416335
16916,0.006900834
16917,0.004344034
16918,0.0013134085
16919,1.5408334e-05
16920,0.00048803337
16921,0.0013601334
16922,0.0016428002
16923,0.0013872002
16924,0.0010502083
16925,0.0008965335
16926,0.0009408001
16927,0.001026675
16928,0.0008965335
16929,0.00043319998
16930,1.2675001e-05
16931,0.00036750003
16932,0.0017864085
16933,0.00019253335
16934,0.0020501334
16935,0.0050052083
16936,0.006091875
16937,3.3075e-05
16938,1.9200002e-05
16939,6.75e-07
16940,7.053334e-05
16941,0.0004840083
16942,0.0015194083
16943,0.0029008337
16944,0.0036520334
16945,0.0030000003
16946,0.0013534083
16947,0.00010453333
16948,0.00034340835
16949,0.0018174084
16950,0.0032656335
16951,0.0036410084
16952,0.0028714086
16953,0.0016354084
16954,0.00063480006
16955,2.1333335e-06
16956,3.5208333e-05
16957,5.8800008e-05
16958,1.0208334e-05
16959,0.000279075
16960,0.0012805335
16961,0.0029008337
16962,0.0040252088
16963,7.053334e-05
16964,0.00038163335
16965,0.0007203
16966,0.00049207505
16967,9.633333e-06
16968,0.0006674084
16969,0.0030502086
16970,0.005576033
16971,0.005894009
16972,3.1008334e-05
16973,5.208334e-06
16974,1.08e-05
16975,8.0033344e-05
16976,2.340833e-05
16977,0.00012403334
16978,0.0012096752
16979,0.0033075
16980,0.004864133
16981,0.004284075
16982,0.0019521335
16983,0.0001323
16984,0.00014520001
16985,0.0019040334
16986,0.0041654087
16987,0.004979409
16988,0.0038533336
16989,0.0019280084
16990,0.00050840835
16991,1.2675001e-05
16992,0.00013653334
16993,9.075001e-06
16994,0.00013020835
16995,0.0006030083
16996,0.0016060084
16997,0.0028130086
16998,0.003402675
16999,0.002736075
17000,0.0012288002
17001,9.72e-05
17002,0.00030720004
17003,0.0016650752
17004,0.0030603004
17005,0.0035100086
17006,0.0028812
17007,1.6875001e-05
17008,0.00013867502
17009,4.8133337e-05
17010,0.00048803337
17011,0.00071053335
17012,2.1333335e-06
17013,0.0003605333
17014,0.0016650752
17015,0.0035100086
17016,0.0044774082
17017,0.0035534084
17018,0.0014421332
17019,5.8800008e-05
17020,0.0005504083
17021,0.0022794085
17022,0.00363
17023,0.0036410084
17024,0.0025668752
17025,0.0013134085
17026,0.00045630004
17027,7.840833e-05
17028,1.2000002e-06
17029,9.72e-05
17030,0.0003745333
17031,6.1633335e-05
17032,0.0009520334
17033,0.0002187
17034,0.0025392002
17035,0.0056994082
17036,0.005936133
17037,2.4083333e-06
17038,0.00015870002
17039,0.0006627
17040,0.0013940083
17041,0.0021168
17042,0.0025300083
17043,0.0023763
17044,0.0016354084
17045,0.000676875
17046,5.2008338e-05
17047,0.00017520833
17048,0.0010208334
17049,0.00012
17050,0.0014008334
17051,0.0002523
17052,0.002736075
17053,0.0003300083
17054,0.0026133335
17055,0.0042602085
17056,1.4008336e-05
17057,6.1633335e-05
17058,0.0006440333
17059,0.0019845334
17060,0.0034776332
17061,0.0039905333
17062,0.0029304083
17063,0.0011102085
17064,3.1008334e-05
17065,0.00049613335
17066,0.0019440751
17067,0.00013867502
17068,0.0014076749
17069,0.0037074084
17070,0.0052404087
17071,0.0043923
17072,0.0018486752
17073,4.5633336e-05
17074,0.00010453333
17075,0.0011781335
17076,0.0027265332
17077,0.00014083333
17078,0.0013872002
17079,0.0036520334
17080,0.0049024085
17081,0.0035534084
17082,0.0009296334
17083,8.1674996e-05
17084,0.0022102084
17085,0.0052404087
17086,0.0062640756
17087,0.004600409
17088,3.6750005e-06
17089,4.0333334e-06
17090,1.9200002e-05
17091,3.1008334e-05
17092,0.00022963336
17093,0.00014740834
17094,3.5208333e-05
17095,0.0011346751
17096,0.0036630754
17097,0.0056718756
17098,0.0050440338
17099,0.0022533333
17100,4.8133337e-05
17101,0.0009976333
17102,0.0021675
17103,0.0026040082
17104,0.0022620086
17105,0.0016060084
17106,0.0010208334
17107,0.0006075001
17108,0.00031363333
17109,8.500834e-05
17110,1.2033334e-05
17111,0.00029767503
17112,0.0010860085
17113,0.0022360333
17114,0.003151875
17115,0.0031724083
17116,0.0021675
17117,0.00079567503
17118,2.340833e-05
17119,0.00035020834
17120,0.0014490751
17121,0.0025025331
17122,0.0029008337
17123,0.0025392002
17124,2.43e-05
17125,2.9008334e-05
17126,0.0005292
17127,0.0012096752
17128,0.000957675
17129,8.1674996e-05
17130,0.0006302084
17131,0.0035425334
17132,0.00033667503
17133,0.0030200335
17134,0.0062640756
17135,0.006134701
17136,0.002511675
17137,1.08e-05
17138,0.0003745333
17139,0.004575675
17140,0.009487408
17141,0.009900834
17142,0.005685634
17143,1.4008336e-05
17144,0.00037807503
17145,9.633333e-06
17146,3.2033335e-05
17147,0.00012607501
17148,0.00047600834
17149,0.0013002082
17150,0.0024661333
17151,0.0032240332
17152,0.0028324083
17153,5.208334e-06
17154,5.333334e-07
17155,1.1408334e-05
17156,1.2675001e-05
17157,0.00035020834
17158,0.0014840333
17159,0.0031416332
17160,0.0041301334
17161,0.0034133336
17162,0.0015052083
17163,9.72e-05
17164,0.0004370084
17165,0.0021084086
17166,0.00016803335
17167,0.0016354084
17168,0.004141875
17169,0.0056033335
17170,7.3633346e-05
17171,0.00030720004
17172,2.6133332e-05
17173,0.00012
17174,3.9675004e-05
17175,0.00011800835
17176,0.00014963334
17177,0.00027000002
17178,0.0035208336
17179,0.0076320753
17180,0.0075208335
17181,0.0030401333
17182,9.633333e-06
17183,0.0026414085
17184,0.008118075
17185,0.010341633
17186,9.187501e-05
17187,0.00038163335
17188,8.670001e-05
17189,0.0009976333
17190,0.0019360333
17191,0.0013668751
17192,9.187501e-05
17193,0.00088563334
17194,0.0044896337
17195,0.00037100833
17196,0.0031416332
17197,0.0063948
17198,0.0061633335
17199,0.0024661333
17200,6.075e-06
17201,0.00038163335
17202,0.0046127997
17203,0.009523009
17204,0.009919008
17205,0.005685634
17206,1.4008336e-05
17207,0.00038520835
17208,9.633333e-06
17209,3.3075e-05
17210,0.00012813334
17211,0.00047600834
17212,0.0013002082
17213,0.0024570748
17214,0.0032240332
17215,0.0028227004
17216,0.0014214085
17217,1.5408334e-05
17218,0.00041440837
17219,0.0010561333
17220,0.0016206751
17221,0.0019602084
17222,6.020834e-05
17223,0.0007056751
17224,0.0021336332
17225,0.0030100083
17226,0.0020501334
17227,0.0003040083
17228,0.0004370084
17229,0.0032970088
17230,0.006512134
17231,0.0070227003
17232,0.0045264084
17233,0.0014076749
17234,2.1675003e-05
17235,0.00049207505
17236,0.0014214085
17237,0.0017327999
17238,0.0014560336
17239,0.0010740083
17240,0.0008802084
17241,0.00089107506
17242,0.0009690084
17243,0.0008586751
17244,0.00042940833
17245,1.6133334e-05
17246,7.5208336e-05
17247,0.0012740084
17248,0.0035100086
17249,0.0051352084
17250,0.004700009
17251,0.0025668752
17252,0.0005376334
17253,4.0833336e-05
17254,0.0009633334
17255,0.0021336332
17256,0.0026040082
17257,0.0022881336
17258,0.0016428002
17259,0.0010443002
17260,0.000621075
17261,0.00031363333
17262,8.0033344e-05
17263,8.533334e-06
17264,0.0003300083
17265,0.0012033334
17266,0.0024120333
17267,0.0032865335
17268,0.0031827001
17269,0.0020750083
17270,0.00071053335
17271,1.2033334e-05
17272,0.00037807503
17273,0.0014282999
17274,0.0024030753
17275,0.0027744086
17276,0.0024480335
17277,0.001710075
17278,0.0009185334
17279,0.0003040083
17280,1.3333334e-05
17281,0.00011407501
17282,0.00061653333
17283,8.8408335e-05
17284,0.0011907001
17285,0.00023800835
17286,0.00029767503
17287,0.0035316749
17288,0.0069311997
17289,0.0057131997
17290,0.0013668751
17291,0.0003745333
17292,0.005346675
17293,0.011136133
17294,0.011407499
17295,0.0062208
17296,0.0011531999
17297,0.00013020835
17298,0.0018408335
17299,0.0029205335
17300,0.0022360333
17301,0.0009976333
17302,0.00031363333
17303,0.00017040833
17304,0.00035707498
17305,0.00089107506
17306,0.0014008334
17307,1.8408336e-05
17308,1.8408336e-05
17309,9.075001e-06
17310,0.00035020834
17311,0.0015123001
17312,0.00018500832
17313,0.0020418752
17314,0.0047376333
17315,0.0051483
17316,0.0024752086
17317,7.680001e-05
17318,0.0014490751
17319,0.0056581334
17320,0.008400134
17321,0.0070533343
17322,8.533334e-06
17323,2.7e-06
17324,1.5408334e-05
17325,0.00023240835
17326,1.2675001e-05
17327,3.0000004e-07
17328,2.5208332e-05
17329,0.0006960083
17330,0.0025484087
17331,0.0044774082
17332,0.004575675
17333,0.002511675
17334,0.00033667503
17335,0.00034340835
17336,0.002511675
17337,0.0046750084
17338,0.004940833
17339,0.0033920333
17340,0.0014770086
17341,0.00031363333
17342,1.875e-06
17343,8.0033344e-05
17344,0.0002187
17345,0.00038163335
17346,0.0006721334
17347,6.7500005e-05
17348,0.0010092
17349,0.00022140834
17350,0.0023763
17351,0.004826009
17352,0.004189009
17353,0.0011041333
17354,0.00022413337
17355,0.003979008
17356,0.0005002083
17357,0.0044286754
17358,0.008978699
17359,0.008944133
17360,0.004224533
17361,0.00025813334
17362,0.0012675
17363,0.005427075
17364,0.007744133
17365,0.0061061336
17366,0.0027075
17367,9.633333e-06
17368,9.187501e-05
17369,2.4083333e-06
17370,2.6133332e-05
17371,0.00022413337
17372,0.00015187502
17373,3e-05
17374,0.001098075
17375,0.00363
17376,0.0056718756
17377,0.0050830087
17378,0.002296875
17379,0.00013653334
17380,0.00070083333
17381,0.0031314085
17382,0.00020540835
17383,0.0018174084
17384,0.0043923
17385,0.0057270085
17386,0.0044044084
17387,0.0016133332
17388,2.0833337e-05
17389,0.0009020084
17390,0.0029900083
17391,0.004189009
17392,0.0036741337
17393,0.0022188004
17394,0.0009296334
17395,0.00025813334
17396,3.8533333e-05
17397,7.500001e-08
17398,3.8533333e-05
17399,0.000210675
17400,0.0006960083
17401,0.0015914085
17402,0.0026133335
17403,0.0030906748
17404,0.0025025331
17405,0.0011594085
17406,0.00011020835
17407,0.00024367501
17408,0.00013653334
17409,0.0016502083
17410,0.004071675
17411,0.0054675005
17412,0.0046127997
17413,0.0022620086
17414,0.0003640084
17415,9.363332e-05
17416,0.00010640834
17417,0.0011531999
17418,0.0026696336
17419,0.0035970751
17420,0.0033814088
17421,0.0022707
17422,0.0010034083
17423,3.3333336e-06
17424,6.900833e-05
17425,0.00012
17426,0.00020540835
17427,0.00046807507
17428,7.3633346e-05
17429,0.0011531999
17430,0.0034133336
17431,0.0049152006
17432,5.4675e-05
17433,0.00012200834
17434,9.363332e-05
17435,1.1408334e-05
17436,0.0004370084
17437,0.0017556751
17438,0.0035100086
17439,0.004332009
17440,0.0033602086
17441,0.0013400083
17442,4.9408336e-05
17443,0.0005376334
17444,0.0021760087
17445,0.0034776332
17446,0.0035208336
17447,0.0025392002
17448,0.0013467001
17449,0.0005002083
17450,9.72e-05
17451,2.0833335e-07
17452,9.72e-05
17453,0.00039603334
17454,0.0009633334
17455,0.0017556751
17456,0.0024934085
17457,0.0026980087
17458,0.0020833337
17459,0.0009520334
17460,9.187501e-05
17461,0.000195075
17462,0.0012416334
17463,0.0025300083
17464,0.00011800835
17465,0.0011970083
17466,0.00022140834
17467,0.0023144083
17468,0.004700009
17469,0.0040833335
17470,0.0010800001
17471,0.0002187
17472,0.0038988001
17473,0.008806533
17474,0.009774076
17475,5.2008338e-05
17476,0.00012813334
17477,0.00041440837
17478,0.0006440333
17479,0.00037100833
17480,8.333334e-09
17481,0.0007701334
17482,0.0030603004
17483,0.005333334
17484,0.0055216337
17485,2.8033332e-05
17486,6.1633335e-05
17487,9.075001e-06
17488,4.4408334e-05
17489,3.0083336e-06
17490,0.00018750002
17491,0.0012805335
17492,0.0032033334
17493,0.0045633335
17494,0.0039560087
17495,0.0018018751
17496,0.00012607501
17497,0.0001323
17498,0.0017633336
17499,0.003921633
17500,0.004775409
17501,0.0038081335
17502,0.0019926752
17503,0.0005764084
17504,2.5208332e-05
17505,8.500834e-05
17506,0.00034680005
17507,0.000621075
17508,0.0009296334
17509,0.0013400083
17510,0.0018018751
17511,0.0020750083
17512,0.0018408335
17513,7.5e-06
17514,9.075001e-06
17515,7.500001e-08
17516,3.9675004e-05
17517,0.00037807503
17518,0.0013736334
17519,0.0028324083
17520,0.0037632005
17521,0.0032136752
17522,0.0015052083
17523,0.0001323
17524,0.00034340835
17525,0.0019120085
17526,0.0034668753
17527,0.0038194088
17528,0.0029502087
17529,0.0016133332
17530,0.00058080006
17531,8.500834e-05
17532,9.075001e-06
17533,0.00017040833
17534,0.0005002083
17535,0.0010092
17536,0.0016650752
17537,0.0022620086
17538,0.0024390086
17539,0.0019360333
17540,0.0009408001
17541,0.00012
17542,0.00014083333
17543,0.0011102085
17544,0.0024300003
17545,0.0032552083
17546,0.0031212
17547,0.0022102084
17548,0.0010740083
17549,0.00025813334
17550,5.333334e-07
17551,0.0002523
17552,0.000826875
17553,0.0014981332
17554,0.0020584085
17555,0.0023144083
17556,0.0021168
17557,2.0833337e-05
17558,0.00013653334
17559,0.00034680005
17560,0.00028829998
17561,8.533334e-06
17562,0.00045630004
17563,0.0023408332
17564,0.0046875
17565,0.005454009
17566,4.5633336e-05
17567,0.00015187502
17568,0.00030720004
17569,0.0002187
17570,4.083333e-07
17571,0.0005208334
17572,0.0023496752
17573,0.0045264084
17574,0.00015870002
17575,0.001171875
17576,0.0024843
17577,4.8133337e-05
17578,9.0133326e-05
17579,5.633333e-06
17580,0.00023520003
17581,0.0015123001
17582,0.0002187
17583,0.0023763
17584,0.005346675
17585,0.0056033335
17586,0.0025576334
17587,4.9408336e-05
17588,0.0003333334
17589,0.00046807507
17590,0.0052668746
17591,0.010925208
17592,0.011155409
17593,0.0057963002
17594,0.00075000006
17595,0.0005504083
17596,0.0036520334
17597,0.005562408
17598,0.0044530085
17599,0.0020584085
17600,0.0005002083
17601,5.6033343e-05
17602,1.7633334e-05
17603,8.8408335e-05
17604,1.5408334e-05
17605,8.333335e-05
17606,2.0833337e-05
17607,0.00013653334
17608,0.0012545333
17609,0.0033496334
17610,0.004864133
17611,8.333335e-05
17612,0.00041440837
17613,0.00075000006
17614,0.00049613335
17615,7.5e-06
17616,0.00070083333
17617,0.00026403333
17618,0.0031416332
17619,0.007145634
17620,0.007905634
17621,0.004344034
17622,0.00050840835
17623,0.00071540836
17624,0.004380208
17625,0.0072230087
17626,0.0064827004
17627,0.003402675
17628,0.0008480083
17629,1.4008336e-05
17630,0.00012200834
17631,0.0002187
17632,0.00014740834
17633,0.00010453333
17634,0.00020803335
17635,5.740834e-05
17636,0.0010561333
17637,0.0032656335
17638,0.004838701
17639,0.0038194088
17640,0.001171875
17641,3e-05
17642,0.0020254082
17643,0.0052934084
17644,0.006645409
17645,0.0050440338
17646,0.0022360333
17647,0.0003745333
17648,1.9200002e-05
17649,0.0003605333
17650,0.0006075001
17651,0.0006302084
17652,0.00063480006
17653,0.00081120007
17654,0.0012352082
17655,0.0017633336
17656,0.0019602084
17657,2.0008336e-05
17658,6.1633335e-05
17659,5.6033343e-05
17660,2.1333335e-06
17661,0.00037100833
17662,0.0017025335
17663,0.0035643002
17664,0.0045018755
17665,0.0035425334
17666,0.0014214085
17667,5.3333337e-05
17668,0.000567675
17669,0.002296875
17670,0.003619008
17671,0.0036080335
17672,0.0025392002
17673,0.0012936335
17674,0.00045630004
17675,8.0033344e-05
17676,6.75e-07
17677,9.187501e-05
17678,0.00036750003
17679,6.1633335e-05
17680,0.0009633334
17681,0.0030000003
17682,0.004788033
17683,0.0045018755
17684,0.0022188004
17685,3.2033335e-05
17686,0.0007650751
17687,0.0017480336
17688,0.0022620086
17689,0.0021760087
17690,0.0017556751
17691,0.0012610084
17692,0.0008060083
17693,0.000399675
17694,8.500834e-05
17695,2.1675003e-05
17696,0.0004408334
17697,0.00010453333
17698,0.0014282999
17699,0.00026403333
17700,0.0028421334
17701,0.0061776754
17702,0.0062352084
17703,0.0026696336
17704,2.43e-05
17705,0.0003745333
17706,0.0046127997
17707,0.009576534
17708,0.009991876
17709,0.0057270085
17710,0.0012545333
17711,3.8533333e-05
17712,0.0013333336
17713,0.0024210084
17714,0.0021000335
17715,8.008334e-06
17716,1.8408336e-05
17717,0.0006302084
17718,0.0024120333
17719,0.0041184085
17720,0.0037520085
17721,0.0014630083
17722,1.2000002e-06
17723,0.0015194083
17724,0.004838701
17725,0.006780033
17726,0.0056581334
17727,0.0027840333
17728,0.00056333333
17729,7.5e-06
17730,0.00042563336
17731,3.9675004e-05
17732,0.00037807503
17733,0.0011285334
17734,0.0021336332
17735,0.0029205335
17736,0.0029304083
17737,0.0020418752
17738,0.0007905334
17739,3.6300004e-05
17740,0.00028520834
17741,0.0013200332
17742,0.0024210084
17743,0.0029403002
17744,6.3075e-05
17745,0.000621075
17746,0.0019040334
17747,0.0027648
17748,0.0019360333
17749,0.00031363333
17750,0.00037100833
17751,0.0030603004
17752,0.0003333334
17753,0.0031110086
17754,0.006780033
17755,0.00020020833
17756,9.540834e-05
17757,0.00091300835
17758,0.0013067999
17759,0.00044467498
17760,0.00013867502
17761,0.0025668752
17762,0.0064974087
17763,0.00026700835
17764,0.000180075
17765,0.0019845334
17766,0.0035752086
17767,0.0023674082
17768,0.00016100833
17769,0.0012805335
17770,0.0062352084
17771,0.010212075
17772,0.008961409
17773,0.0039560087
17774,0.00030720004
17775,0.0006816333
17776,0.0030603004
17777,0.0041654087
17778,4.9408336e-05
17779,0.00035363334
17780,0.0013804084
17781,0.0029205335
17782,0.0036520334
17783,0.0026133335
17784,0.00070083333
17785,5.2008338e-05
17786,0.0016502083
17787,0.0041654087
17788,0.0053600334
17789,0.0043681334
17790,0.0022620086
17791,0.0005852083
17792,7.5e-06
17793,0.00016333334
17794,3.1008334e-05
17795,0.0003605333
17796,0.0011285334
17797,0.0021760087
17798,0.0029800336
17799,0.0029800336
17800,0.0020584085
17801,0.0007854083
17802,2.0008336e-05
17803,0.00039603334
17804,0.0009804083
17805,6.900833e-05
17806,0.00089107506
17807,0.0027648
17808,0.0044774082
17809,0.0043200003
17810,0.0022274083
17811,0.00024940833
17812,0.00013653334
17813,0.0018881336
17814,0.0041772006
17815,0.0050052083
17816,0.0038988001
17817,0.0019521335
17818,0.00051253336
17819,1.1408334e-05
17820,0.000108299995
17821,0.00035363334
17822,0.00058963336
17823,0.0008586751
17824,0.0012545333
17825,0.0017404085
17826,0.0020750083
17827,0.0019040334
17828,0.0011346751
17829,3.6750005e-06
17830,0.00018253335
17831,0.0005764084
17832,0.0011470084
17833,0.0018018751
17834,0.0023144083
17835,6.7500005e-05
17836,7.3633346e-05
17837,0.0010208334
17838,0.0020501334
17839,0.0014770086
17840,0.00011407501
17841,0.0008694083
17842,0.004575675
17843,0.008085209
17844,0.000180075
17845,0.001026675
17846,0.0020833337
17847,0.0019683002
17848,0.0006030083
17849,8.8408335e-05
17850,0.0021845335
17851,0.005644408
17852,0.00025520835
17853,0.0019764085
17854,0.004296033
17855,0.0045633335
17856,0.0021590083
17857,5.740834e-05
17858,0.0013467001
17859,0.0052008326
17860,0.007792409
17861,0.0066752094
17862,1.1408334e-05
17863,1.2033334e-05
17864,0.00014520001
17865,0.00040700837
17866,0.0003640084
17867,2.0833337e-05
17868,0.00043319998
17869,0.0024120333
17870,0.0049024085
17871,0.005685634
17872,0.0039102086
17873,1.4083332e-06
17874,0.0001728
17875,1.8408336e-05
17876,0.000226875
17877,0.0008321334
17878,0.000116033334
17879,0.00018500832
17880,0.0026040082
17881,0.0060208333
17882,0.0063365335
17883,0.0028616334
17884,5.0700004e-05
17885,0.00192
17886,0.006810134
17887,0.009434134
17888,0.007332033
17889,0.0030000003
17890,0.00029767503
17891,0.00020540835
17892,0.0010325334
17893,0.0012352082
17894,0.000826875
17895,0.0004485333
17896,0.0003640084
17897,0.0006075001
17898,0.0012224084
17899,0.0018802084
17900,0.0018486752
17901,0.0008965335
17902,2.9008334e-05
17903,0.000621075
17904,0.0027456335
17905,0.004826009
17906,0.00014520001
17907,0.00012607501
17908,0.0017633336
17909,0.003921633
17910,0.0036852083
17911,0.0011224084
17912,0.00012
17913,0.0032760752
17914,0.008019675
17915,0.0094518745
17916,0.0062785344
17917,0.0018723003
17918,5.208334e-06
17919,0.0009633334
17920,0.0023763
17921,0.0025208336
17922,0.0016650752
17923,0.0008321334
17924,0.00045630004
17925,0.00044467498
17926,0.0006533334
17927,0.00083740836
17928,0.00063940836
17929,0.00012607501
17930,6.1633335e-05
17931,0.0012096752
17932,0.00023520003
17933,0.0026414085
17934,0.0061490084
17935,0.007068676
17936,0.0041184085
17937,3.5208333e-05
17938,0.001026675
17939,0.0023232002
17940,0.0028227004
17941,0.0024120333
17942,0.0016428002
17943,1.08e-05
17944,0.00014520001
17945,0.0006256333
17946,0.0010092
17947,2.7e-06
17948,4.8133337e-05
17949,0.00048803337
17950,0.0016354084
17951,0.0031212
17952,0.0038646753
17953,0.0030906748
17954,0.0013200332
17955,7.680001e-05
17956,0.00041070004
17957,0.00016100833
17958,0.0018018751
17959,0.0043200003
17960,0.0056581334
17961,0.0046127997
17962,0.0021590083
17963,1.6133334e-05
17964,0.00032340837
17965,0.0005547001
17966,0.00058963336
17967,2.1675003e-05
17968,0.00041070004
17969,0.0017327999
17970,0.0035208336
17971,0.0041301334
17972,2.6133332e-05
17973,3e-05
17974,7.500001e-08
17975,4.6875004e-05
17976,0.00041070004
17977,0.0014282999
17978,0.0028714086
17979,0.0037408334
17980,0.003151875
17981,0.0014560336
17982,0.00012
17983,0.00034680005
17984,0.0018960749
17985,0.00016803335
17986,0.0016800084
17987,0.0042364085
17988,0.0056994082
17989,0.0045018755
17990,0.0017176333
17991,3.4133336e-05
17992,0.0008586751
17993,0.0030000003
17994,0.004296033
17995,0.0038081335
17996,0.0023056336
17997,0.0009520334
17998,0.00024940833
17999,2.9008334e-05
18000,1.2000002e-06
18001,4.6875004e-05
18002,0.00021600834
18003,0.000676875
18004,0.0015336752
18005,0.0025484087
18006,0.0030401333
18007,0.0025025331
18008,0.0011844083
18009,0.00012200834
18010,0.00022963336
18011,0.0014700001
18012,0.0029008337
18013,0.0035100086
18014,0.0030300752
18015,0.0019040334
18016,0.00081640837
18017,0.000165675
18018,3.0083336e-06
18019,0.000210675
18020,0.0006580083
18021,0.0012545333
18022,0.0018723003
18023,8.500834e-05
18024,0.000957675
18025,0.0026508
18026,0.0034561334
18027,0.002142075
18028,0.00023520003
18029,0.000621075
18030,0.003796875
18031,0.0069311997
18032,0.007038009
18033,0.004212675
18034,0.0011594085
18035,2.4083333e-06
18036,0.00055900833
18037,0.0013668751
18038,0.0015480085
18039,0.0012480749
18040,0.00093520834
18041,0.00083740836
18042,0.0009520334
18043,0.0011102085
18044,0.0009976333
18045,0.00048803337
18046,1.6133334e-05
18047,0.0003888
18048,0.0018881336
18049,0.0036963
18050,0.00014963334
18051,0.0013266751
18052,0.0032344083
18053,0.0038307
18054,0.0021084086
18055,0.00014520001
18056,0.0008748
18057,0.004296033
18058,0.0072075003
18059,0.00015870002
18060,0.0010384084
18061,0.0025300083
18062,0.0031212
18063,0.0018408335
18064,0.00017040833
18065,0.00063940836
18066,0.0036080335
18067,0.0064974087
18068,0.006600833
18069,0.0040252088
18070,0.001171875
18071,1.0208334e-05
18072,0.00045630004
18073,7.5208336e-05
18074,0.0006960083
18075,0.0017480336
18076,0.0027265332
18077,0.0030805336
18078,0.0025761332
18079,0.0015123001
18080,0.0004720334
18081,4.8000006e-06
18082,0.00028213335
18083,0.0010680334
18084,0.00192
18085,0.0024480335
18086,0.0024480335
18087,0.0019683002
18088,0.0012033334
18089,0.00045630004
18090,3e-05
18091,3.6300004e-05
18092,0.0005852083
18093,0.00011800835
18094,0.0015123001
18095,0.0040833335
18096,0.0057131997
18097,0.0046625338
18098,0.0018644085
18099,5.4675e-05
18100,0.00017040833
18101,0.0021084086
18102,0.0044896337
18103,0.0052008326
18104,0.0038760337
18105,0.0018174084
18106,0.00042187504
18107,2.7e-06
18108,0.00012403334
18109,2.1675003e-05
18110,0.00027000002
18111,0.0009408001
18112,0.0019845334
18113,0.0029403002
18114,0.0031314085
18115,3.3075e-05
18116,1.7633334e-05
18117,0.00023520003
18118,0.0003605333
18119,3.0083336e-06
18120,0.00032340837
18121,0.0015194083
18122,0.0033075
18123,0.004356075
18124,0.0035752086
18125,0.0015265334
18126,3.3075e-05
18127,0.0006912
18128,0.0015696336
18129,0.0020750083
18130,0.0020833337
18131,4.0833336e-05
18132,0.0004840083
18133,0.0016502083
18134,0.0025761332
18135,0.0019521335
18136,0.00038163335
18137,0.000279075
18138,0.0003040083
18139,0.003619008
18140,0.0004524084
18141,0.0040600337
18142,0.008003333
18143,0.007363334
18144,0.0026980087
18145,8.333334e-07
18146,0.0029601331
18147,0.008283408
18148,0.0100467
18149,0.0067950753
18150,0.0022274083
18151,5.2008338e-05
18152,0.0005720334
18153,0.00058080006
18154,0.00020540835
18155,2.43e-05
18156,2.0008336e-05
18157,3.7408336e-05
18158,0.00012813334
18159,0.0020418752
18160,0.0050440338
18161,0.005617009
18162,0.0027744086
18163,0.00010083333
18164,0.001491075
18165,0.0059784087
18166,0.008892408
18167,0.00013440834
18168,0.0007400333
18169,0.0019040334
18170,0.0025576334
18171,0.0016800084
18172,0.000226875
18173,0.00042187504
18174,0.00029140836
18175,0.0034133336
18176,0.007648034
18177,0.008653008
18178,0.0053067002
18179,1.5408334e-05
18180,6.4533335e-05
18181,0.000567675
18182,0.0011531999
18183,6.1633335e-05
18184,0.0007701334
18185,0.0024843
18186,0.0042008334
18187,0.0042364085
18188,1.1408334e-05
18189,3.3333336e-08
18190,9.075001e-06
18191,0.00010453333
18192,0.000516675
18193,0.0014770086
18194,0.002736075
18195,0.0034347004
18196,0.0028616334
18197,0.0013333336
18198,0.00012
18199,9.0133326e-05
18200,0.0012936335
18201,0.0030603004
18202,0.0040600337
18203,8.1674996e-05
18204,0.0006816333
18205,0.0019683002
18206,0.0027648
18207,0.0018881336
18208,0.00028213335
18209,0.0004033333
18210,0.0031110086
18211,0.0062208
18212,0.00019763334
18213,0.00014963334
18214,0.0020008332
18215,0.004332009
18216,0.0039560087
18217,0.0011470084
18218,0.00015187502
18219,0.0035643002
18220,0.00049207505
18221,0.0044530085
18222,0.009048034
18223,0.0090306755
18224,0.0042721336
18225,0.00026107504
18226,0.0012805335
18227,0.00042187504
18228,0.0039445334
18229,0.007938134
18230,0.0083667
18231,0.0050310753
18232,0.0013067999
18233,6.75e-07
18234,0.0008480083
18235,9.72e-05
18236,0.00080083334
18237,0.0019040334
18238,0.0028227004
18239,0.0030502086
18240,4.6875004e-05
18241,0.00038163335
18242,7.3633346e-05
18243,6.3075e-05
18244,0.00046020836
18245,0.00037807503
18246,6.75e-07
18247,0.0010680334
18248,0.0040600337
18249,0.0065712007
18250,0.0058800005
18251,2.7e-06
18252,6.020834e-05
18253,0.00017520833
18254,0.0003333334
18255,0.000648675
18256,0.0012352082
18257,0.0020090083
18258,0.0025484087
18259,0.0023144083
18260,0.001287075
18261,7.5e-06
18262,0.00027000002
18263,0.0007701334
18264,0.0013467001
18265,0.0018723003
18266,0.0021845335
18267,0.0021084086
18268,0.0015624084
18269,0.0007400333
18270,9.540834e-05
18271,0.000108299995
18272,0.0009020084
18273,0.002091675
18274,0.0030000003
18275,0.0031008334
18276,4.0833336e-05
18277,0.0003333334
18278,6.900833e-05
18279,0.00061653333
18280,0.0008694083
18281,0.00025520835
18282,0.00017763334
18283,0.0023320087
18284,0.0057270085
18285,0.007176533
18286,0.00507
18287,0.0015336752
18288,1.6333332e-06
18289,0.0014421332
18290,0.0037520085
18291,0.0045264084
18292,0.0034133336
18293,0.0017176333
18294,0.00058080006
18295,0.00013653334
18296,2.9008334e-05
18297,7.008333e-06
18298,1.2000002e-06
18299,9.363332e-05
18300,0.00055900833
18301,0.0016206751
18302,0.0029403002
18303,0.003586134
18304,0.0028714086
18305,0.0012610084
18306,8.8408335e-05
18307,0.00034680005
18308,0.0017633336
18309,0.003151875
18310,0.0035208336
18311,0.0028130086
18312,0.0016502083
18313,1.0083334e-06
18314,4.4083336e-06
18315,5.6033343e-05
18316,8.333335e-05
18317,1.875e-06
18318,0.00027300834
18319,0.0015768749
18320,0.003586134
18321,0.0047376333
18322,0.0038307
18323,0.0015768749
18324,6.4533335e-05
18325,0.00059853337
18326,0.00019253335
18327,0.0020336334
18328,0.004700009
18329,0.005936133
18330,0.004637634
18331,0.0020336334
18332,0.00022963336
18333,7.5208336e-05
18334,0.00089107506
18335,9.540834e-05
18336,0.0009976333
18337,0.0027170083
18338,0.004189009
18339,0.004189009
18340,0.0026226752
18341,0.0007600333
18342,2.0833335e-07
18343,0.00010453333
18344,0.0012610084
18345,0.0029205335
18346,0.0038760337
18347,0.0035100086
18348,0.0022360333
18349,0.0009075
18350,0.00014083333
18351,2.1675003e-05
18352,0.00032340837
18353,0.00079567503
18354,0.0012936335
18355,0.0017480336
18356,0.0020501334
18357,0.0020254082
18358,2.7074999e-05
18359,2.1675003e-05
18360,0.000279075
18361,0.00042563336
18362,2.7e-06
18363,0.00032669998
18364,0.0015408334
18365,0.0033390748
18366,0.004380208
18367,0.0035752086
18368,0.0015194083
18369,8.0033344e-05
18370,0.00050430006
18371,0.0022446748
18372,0.0036852083
18373,0.00010083333
18374,0.0009020084
18375,0.0026226752
18376,0.0039560087
18377,0.0032760752
18378,0.0011224084
18379,5.633333e-06
18380,0.0015768749
18381,0.004575675
18382,0.00022963336
18383,0.00192
18384,0.0045264084
18385,0.0055080755
18386,0.0035534084
18387,1.5408334e-05
18388,0.00063480006
18389,9.72e-05
18390,0.0010800001
18391,0.0029205335
18392,0.0043923
18393,0.0042721336
18394,0.0025854083
18395,0.0006912
18396,4.8133337e-05
18397,0.00073507504
18398,0.0015841334
18399,0.0020254082
18400,5.6033343e-05
18401,0.0006533334
18402,0.0022016333
18403,0.000165675
18404,0.0013333336
18405,0.0023144083
18406,0.001491075
18407,6.900833e-05
18408,0.0011041333
18409,0.0050440338
18410,0.008383409
18411,0.00768
18412,0.0037296754
18413,3.6300004e-05
18414,0.00075000006
18415,0.0012675
18416,0.0011470084
18417,0.0008060083
18418,0.00063480006
18419,0.0007400333
18420,0.0011041333
18421,0.0014770086
18422,0.0013736334
18423,1.2000002e-06
18424,2.6133332e-05
18425,0.00020280002
18426,0.0007203
18427,0.0016725332
18428,0.0027265332
18429,0.0031621335
18430,0.0025025331
18431,0.0011224084
18432,9.187501e-05
18433,0.00027000002
18434,0.0015194083
18435,0.00014740834
18436,0.0015696336
18437,0.004071675
18438,0.005589675
18439,0.0045141336
18440,0.0017864085
18441,4.9408336e-05
18442,0.0008060083
18443,0.0029601331
18444,0.004332009
18445,0.0039102086
18446,0.0023941335
18447,0.0009918751
18448,0.00025520835
18449,2.5208332e-05
18450,3.3333336e-06
18451,7.008333e-06
18452,0.00015870002
18453,0.00071053335
18454,0.0017710081
18455,0.0029403002
18456,0.0033814088
18457,0.0026040082
18458,0.0011041333
18459,6.900833e-05
18460,0.0003300083
18461,0.0016206751
18462,0.0029205335
18463,0.0033390748
18464,0.0027648
18465,0.0017176333
18466,0.00075000006
18467,0.0001728
18468,9.633333e-06
18469,0.00016100833
18470,0.0004720334
18471,0.0009690084
18472,0.0016354084
18473,0.0022707
18474,0.0024843
18475,0.0019845334
18476,0.0009690084
18477,9.633333e-06
18478,3.4133336e-05
18479,0.00048
18480,0.0014214085
18481,0.002511675
18482,0.003151875
18483,6.7500005e-05
18484,6.3075e-05
18485,0.0008965335
18486,0.0018330083
18487,1.3333334e-05
18488,1.08e-05
18489,5.2008338e-05
18490,0.0010502083
18491,0.0032970088
18492,0.005174534
18493,0.004725075
18494,0.0022188004
18495,0.00016803335
18496,0.0005720334
18497,0.0028324083
18498,0.004637634
18499,0.0044896337
18500,0.0028714086
18501,0.0011844083
18502,1.875e-06
18503,1.2033334e-05
18504,2.1333335e-06
18505,2.0833337e-05
18506,0.0
18507,0.00020803335
18508,0.0012416334
18509,0.0030502086
18510,0.004344034
18511,0.0038081335
18512,0.0017786999
18513,0.00014300835
18514,0.0004370084
18515,0.0022881336
18516,0.003933075
18517,0.0040833335
18518,0.0029008337
18519,0.0014214085
18520,0.00042563336
18521,4.0833336e-05
18522,1.6875001e-05
18523,0.00014740834
18524,0.000399675
18525,0.0008427
18526,0.0015123001
18527,0.0022360333
18528,0.0025668752
18529,0.0021336332
18530,0.0010740083
18531,0.00014740834
18532,0.00014520001
18533,0.0012033334
18534,0.0026133335
18535,0.0034347004
18536,0.0031930087
18537,0.0021590083
18538,0.0009918751
18539,0.000210675
18540,3.0083336e-06
18541,0.00026107504
18542,0.0007905334
18543,0.0014076749
18544,0.0019521335
18545,7.680001e-05
18546,0.00086403335
18547,0.0024570748
18548,0.0032970088
18549,0.0021084086
18550,0.00025813334
18551,0.0005504083
18552,0.003619008
18553,0.006780033
18554,0.0070227003
18555,0.0043200003
18556,0.0012416334
18557,4.9408336e-05
18558,0.0006120084
18559,0.00094640837
18560,0.0008427
18561,0.0006533334
18562,0.0006440333
18563,0.0009075
18564,0.0014008334
18565,0.0017633336
18566,0.0014981332
18567,0.0006120084
18568,2.4083333e-06
18569,0.0006721334
18570,0.0025392002
18571,0.004296033
18572,0.004575675
18573,0.0032240332
18574,0.0013467001
18575,0.00016803335
18576,8.0033344e-05
18577,0.0006440333
18578,0.0012545333
18579,0.0016060084
18580,0.0017025335
18581,0.0016576335
18582,3.7408336e-05
18583,0.00042187504
18584,0.0012416334
18585,0.0015336752
18586,0.0006912
18587,3.6750005e-06
18588,0.0013804084
18589,0.0045880335
18590,0.0068705333
18591,0.0060492004
18592,0.0029304083
18593,0.00039603334
18594,0.000210675
18595,0.0016133332
18596,0.0027456335
18597,0.0027075
18598,0.0019040334
18599,0.0011102085
18600,0.0006440333
18601,0.00044467498
18602,0.00033667503
18603,0.000180075
18604,1.0208334e-05
18605,0.00017040833
18606,0.0010680334
18607,0.0025668752
18608,0.003796875
18609,0.0037632005
18610,0.0024030753
18611,0.00075000006
18612,1.6333332e-06
18613,0.000541875
18614,0.00012200834
18615,0.0013668751
18616,0.0034776332
18617,0.0049024085
18618,0.0044165333
18619,0.0024030753
18620,0.00050840835
18621,3.4133336e-05
18622,0.0008748
18623,0.0019764085
18624,0.0024843
18625,0.0022707
18626,0.0017025335
18627,0.0011346751
18628,8.008334e-06
18629,8.1674996e-05
18630,0.00026403333
18631,4.0333334e-06
18632,5.633333e-06
18633,0.00024367501
18634,0.0012224084
18635,0.000180075
18636,0.0020501334
18637,0.000279075
18638,0.0023232002
18639,0.0038646753
18640,0.0024030753
18641,0.00012
18642,0.0014981332
18643,0.0066752094
18644,0.010509408
18645,0.008909633
18646,0.0037296754
18647,0.000226875
18648,0.00020803335
18649,0.0022102084
18650,0.0039445334
18651,0.0037632005
18652,0.0023144083
18653,0.0009861334
18654,3.0000004e-07
18655,3.4133336e-05
18656,0.0003333334
18657,3.9675004e-05
18658,0.00020803335
18659,0.00010640834
18660,6.3075e-05
18661,0.00016100833
18662,0.0024210084
18663,0.0060208333
18664,0.007192008
18665,0.004356075
18666,0.0007056751
18667,0.00043319998
18668,0.00036750003
18669,0.00040700837
18670,0.0046252087
18671,0.009792134
18672,0.010304533
18673,0.0056306995
18674,0.0008748
18675,0.00037100833
18676,0.0031416332
18677,0.005174534
18678,8.670001e-05
18679,6.4533335e-05
18680,0.0012224084
18681,0.00025520835
18682,0.0026414085
18683,0.005253634
18684,0.0044530085
18685,0.0011224084
18686,0.00026700835
18687,0.00049613335
18688,0.0006075001
18689,0.0067200335
18690,0.013419676
18691,0.012566533
18692,0.005174534
18693,0.000108299995
18694,0.0025484087
18695,0.008233634
18696,0.009991876
18697,0.0064680083
18698,0.0019845334
18699,7.2074996e-05
18700,0.000210675
18701,0.00038163335
18702,0.00011800835
18703,9.075001e-06
18704,1.4083332e-06
18705,1.1408334e-05
18706,0.00048
18707,0.0020418752
18708,0.0039905333
18709,0.0044652
18710,0.002736075
18711,0.00050430006
18712,0.00020803335
18713,0.0022794085
18714,0.004700009
18715,0.005280133
18716,0.0038081335
18717,0.001710075
18718,0.0003640084
18719,4.083333e-07
18720,1.9200002e-05
18721,0.00019000833
18722,0.00049613335
18723,0.0009520334
18724,0.0015696336
18725,0.0021675
18726,0.0024030753
18727,3.7408336e-05
18728,0.00024653334
18729,0.0005376334
18730,4.0333334e-06
18731,1.5408334e-05
18732,0.00032013337
18733,0.0013668751
18734,0.002970075
18735,0.004002075
18736,0.0034240086
18737,0.0015768749
18738,0.00012607501
18739,0.0003888
18740,0.0020584085
18741,0.0001728
18742,0.0017025335
18743,0.00027000002
18744,0.0028130086
18745,0.006091875
18746,0.0061490084
18747,0.0026320333
18748,2.43e-05
18749,0.0020336334
18750,0.006780033
18751,0.0091875
18752,0.0070074084
18753,0.0028324083
18754,0.00027603333
18755,0.00019253335
18756,0.00094640837
18757,0.0011285334
18758,0.0007650751
18759,5.208334e-06
18760,0.00015187502
18761,0.0010150084
18762,0.0026980087
18763,0.0038760337
18764,0.0031008334
18765,0.0010034083
18766,1.3333334e-05
18767,0.0015987
18768,0.0044652
18769,0.0002187
18770,0.00020020833
18771,0.00031363333
18772,0.0037185336
18773,0.007254075
18774,0.0059502083
18775,0.0014008334
18776,0.0004033333
18777,0.005562408
18778,0.011466076
18779,0.011623008
18780,0.0062208
18781,0.001098075
18782,0.00016100833
18783,0.0019440751
18784,0.0029900083
18785,0.0022188004
18786,0.0009408001
18787,0.0
18788,3.9675004e-05
18789,0.00061653333
18790,0.0020254082
18791,0.0030000003
18792,0.0021168
18793,0.00035020834
18794,0.00038520835
18795,0.0032240332
18796,0.00034680005
18797,0.0031930087
18798,0.0069160094
18799,0.007473409
18800,0.0040136334
18801,0.00044467498
18802,0.0007056751
18803,0.00036750003
18804,0.0036852083
18805,0.0075842994
18806,0.008184008
18807,0.0050830087
18808,0.0014076749
18809,6.7500005e-05
18810,0.0008321334
18811,0.001287075
18812,2.1675003e-05
18813,0.00022140834
18814,0.0010150084
18815,0.0024570748
18816,0.0036630754
18817,0.0034776332
18818,8.008334e-06
18819,3.3333336e-08
18820,9.075001e-06
18821,9.72e-05
18822,0.00049613335
18823,0.0014421332
18824,0.0027170083
18825,0.0034454088
18826,0.0029008337
18827,0.0013601334
18828,1.9200002e-05
18829,0.0004720334
18830,0.0011594085
18831,0.001710075
18832,0.0019845334
18833,0.0019602084
18834,0.0016875002
18835,0.0011970083
18836,0.0005852083
18837,9.540834e-05
18838,5.740834e-05
18839,0.0006721334
18840,0.0017710081
18841,0.0028130086
18842,0.0031827001
18843,0.0026508
18844,0.0015265334
18845,0.00045630004
18846,2.1333335e-06
18847,0.00030720004
18848,0.001098075
18849,0.00192
18850,8.8408335e-05
18851,0.0010034083
18852,0.0029502087
18853,0.004356075
18854,0.0034992
18855,1.4083332e-06
18856,0.00028520834
18857,0.0008802084
18858,0.0015408334
18859,8.333335e-05
18860,0.0010034083
18861,0.0029900083
18862,0.0044165333
18863,0.0035425334
18864,0.0011285334
18865,1.8408336e-05
18866,0.0018252002
18867,0.004953675
18868,0.0063948
18869,0.0050440338
18870,0.0023585334
18871,0.00045630004
18872,6.533333e-06
18873,0.00032669998
18874,0.0006256333
18875,0.0006960083
18876,2.340833e-05
18877,0.0004181333
18878,0.0017404085
18879,0.0035100086
18880,0.0041067
18881,0.0026885336
18882,0.00058963336
18883,0.00012813334
18884,0.0019926752
18885,0.0044652
18886,0.005320009
18887,0.0040600337
18888,0.0019440751
18889,0.0004524084
18890,2.1333335e-06
18891,0.00014520001
18892,0.00038163335
18893,0.00056333333
18894,0.0007803
18895,0.0011470084
18896,7.3633346e-05
18897,0.00097470003
18898,0.0027552084
18899,0.00012200834
18900,5.6033343e-05
18901,3.1008334e-05
18902,0.00010267501
18903,8.333334e-09
18904,0.0005334083
18905,0.0025025331
18906,0.0048133335
18907,0.0051352084
18908,0.0029008337
18909,0.00041440837
18910,0.0003605333
18911,0.0027648
18912,0.0051352084
18913,0.005333334
18914,0.0035100086
18915,0.0014008334
18916,0.00023520003
18917,1.4008336e-05
18918,0.00011020835
18919,0.00015870002
18920,0.00021600834
18921,0.00042940833
18922,0.0009804083
18923,0.0018881336
18924,0.0026885336
18925,0.0026602084
18926,0.0015768749
18927,0.00030720004
18928,0.00010453333
18929,0.0013601334
18930,0.003151875
18931,0.0041067
18932,0.003619008
18933,0.0022016333
18934,0.000826875
18935,0.00010267501
18936,3.5208333e-05
18937,0.00033667503
18938,0.0007600333
18939,0.0012033334
18940,6.900833e-05
18941,0.0009185334
18942,0.0028421334
18943,0.00017763334
18944,0.0013333336
18945,0.0022794085
18946,0.0014421332
18947,6.020834e-05
18948,0.0011224084
18949,0.0050310753
18950,0.008316676
18951,0.0076002083
18952,0.0036852083
18953,0.0004485333
18954,0.00035020834
18955,0.00020020833
18956,0.0018802084
18957,0.0038760337
18958,0.00014520001
18959,0.0012675
18960,0.0033496334
18961,0.0045633335
18962,0.003402675
18963,0.00094640837
18964,0.000112133326
18965,0.0018723003
18966,0.0042721336
18967,0.0052008326
18968,0.0040600337
18969,0.0020172002
18970,0.00050430006
18971,6.533333e-06
18972,0.0001323
18973,0.0003924084
18974,0.0006030083
18975,0.00083740836
18976,0.0011970083
18977,7.2074996e-05
18978,0.00094640837
18979,0.0026885336
18980,0.0035534084
18981,0.0022102084
18982,3e-05
18983,0.0009918751
18984,0.0027456335
18985,0.0040252088
18986,0.0039102086
18987,0.0026133335
18988,0.0010800001
18989,7.008333e-06
18990,0.00012200834
18991,0.00020540835
18992,0.00028520834
18993,0.0005002083
18994,0.0010092
18995,0.0018174084
18996,0.0025208336
18997,0.0024843
18998,0.001491075
18999,5.633333e-06
19000,0.00025813334
19001,0.00075000006
19002,7.053334e-05
19003,0.00094640837
19004,0.002910675
19005,0.00020540835
19006,0.0018018751
19007,0.00018750002
19008,0.001287075
19009,0.0016875002
19010,0.0005376334
19011,0.00017040833
19012,0.002970075
19013,0.0072696335
19014,0.008704035
19015,0.005685634
19016,0.0014076749
19017,5.740834e-05
19018,0.0021084086
19019,0.00024367501
19020,0.0020833337
19021,0.004600409
19022,0.005685634
19023,0.0044044084
19024,0.0019280084
19025,1.8408336e-05
19026,0.00034003335
19027,0.000567675
19028,0.000594075
19029,0.000621075
19030,0.000826875
19031,0.0012740084
19032,0.0018174084
19033,6.1633335e-05
19034,0.00049613335
19035,0.0009861334
19036,0.0007056751
19037,3.1008334e-05
19038,0.00015187502
19039,0.00030083334
19040,0.0038646753
19041,0.00048
19042,0.0040252088
19043,0.00032669998
19044,0.0019926752
19045,0.0025208336
19046,0.0008321334
19047,0.00016803335
19048,0.0035425334
19049,0.008619075
19050,0.010028408
19051,0.0061776754
19052,0.0013067999
19053,0.00015870002
19054,0.00030083334
19055,0.002970075
19056,0.005768533
19057,0.00016333334
19058,0.0012096752
19059,0.0031212
19060,0.004296033
19061,0.0032448003
19062,0.0009408001
19063,4.0833336e-05
19064,0.00024653334
19065,0.0029900083
19066,0.006600833
19067,0.0076002083
19068,0.0051483
19069,0.0017025335
19070,3.7408336e-05
19071,0.0005504083
19072,0.0016725332
19073,0.0020501334
19074,3.2033335e-05
19075,0.00035020834
19076,0.0014770086
19077,0.00017763334
19078,0.0018330083
19079,0.00020020833
19080,0.00012403334
19081,7.5208336e-05
19082,0.00035020834
19083,9.72e-05
19084,0.00025520835
19085,0.0023585334
19086,0.000316875
19087,0.0029008337
19088,0.005535209
19089,0.0045510083
19090,0.0010800001
19091,0.00032669998
19092,0.0045387005
19093,0.009648133
19094,0.010193635
19095,0.0059080343
19096,0.0013200332
19097,0.000112133326
19098,0.0012805335
19099,0.0019440751
19100,0.0015052083
19101,0.0007854083
19102,0.00040700837
19103,0.000399675
19104,0.0007301334
19105,0.0012740084
19106,0.0014981332
19107,0.00093520834
19108,1.3333334e-05
19109,7.053334e-05
19110,0.001098075
19111,0.0031008334
19112,0.004712534
19113,0.0045387005
19114,0.0026602084
19115,0.0006580083
19116,1.2675001e-05
19117,0.000112133326
19118,0.0012936335
19119,0.002970075
19120,0.0038988001
19121,0.0034992
19122,0.0022016333
19123,0.00088563334
19124,0.00013440834
19125,2.1675003e-05
19126,0.00031363333
19127,0.00077520835
19128,0.0012740084
19129,0.0017404085
19130,0.0020501334
19131,5.740834e-05
19132,0.000567675
19133,0.0015052083
19134,0.0017327999
19135,0.00071053335
19136,7.053334e-05
19137,0.0015841334
19138,0.004296033
19139,0.0059925327
19140,0.0050960337
19141,0.0024661333
19142,0.0003640084
19143,0.00013653334
19144,0.0012352082
19145,0.0022533333
19146,0.0024210084
19147,0.0019360333
19148,0.0013200332
19149,0.0008748
19150,0.0006075001
19151,0.0003924084
19152,0.00015187502
19153,9.633333e-06
19154,0.00028829998
19155,0.0010740083
19156,0.0022360333
19157,0.0031827001
19158,0.0032033334
19159,0.0021930751
19160,3.3333336e-08
19161,3.3075e-05
19162,5.208334e-06
19163,0.000112133326
19164,0.0005720334
19165,0.0015914085
19166,0.0028518748
19167,0.0034776332
19168,0.0028033333
19169,0.0012545333
19170,9.540834e-05
19171,0.00032013337
19172,0.001710075
19173,0.0031110086
19174,0.0035316749
19175,0.0028616334
19176,0.0017025335
19177,0.0006912
19178,0.00013653334
19179,1.875e-06
19180,0.000165675
19181,0.00055900833
19182,0.0011408334
19183,0.0018252002
19184,0.0023585334
19185,0.0024120333
19186,0.0018252002
19187,0.0008427
19188,9.187501e-05
19189,0.00015187502
19190,0.0010740083
19191,0.0023144083
19192,0.0031110086
19193,0.0030300752
19194,0.0021930751
19195,0.0011163
19196,8.333334e-07
19197,3.7408336e-05
19198,4.0333334e-06
19199,1.4700002e-05
19200,0.0003924084
19201,0.0015914085
19202,0.0032656335
19203,0.0041654087
19204,0.0033602086
19205,0.0014282999
19206,7.680001e-05
19207,0.00046807507
19208,0.0021168
19209,0.0035208336
19210,0.0036630754
19211,0.0026885336
19212,0.0014282999
19213,0.00051253336
19214,8.670001e-05
19215,2.4083333e-06
19216,0.00012
19217,3.4133336e-05
19218,0.0005764084
19219,0.0019683002
19220,0.00018500832
19221,0.00021600834
19222,0.0027265332
19223,0.005589675
19224,0.004826009
19225,0.0012675
19226,0.0002523
19227,0.0044286754
19228,0.000541875
19229,0.0046750084
19230,0.009345674
19231,0.000210675
19232,0.00094640837
19233,0.0014490751
19234,0.000826875
19235,7.008333e-06
19236,0.0010561333
19237,0.004212675
19238,0.0068856752
19239,0.0064680083
19240,0.0033708
19241,0.0005461334
19242,0.000165675
19243,0.0016725332
19244,0.00014300835
19245,0.0012936335
19246,0.0032136752
19247,0.0045510083
19248,0.004189009
19249,0.0023763
19250,0.00056333333
19251,1.4008336e-05
19252,0.0007600333
19253,0.0018802084
19254,0.0025025331
19255,0.0023941335
19256,0.0018486752
19257,1.7633334e-05
19258,0.00020280002
19259,0.0007600333
19260,0.0011163
19261,0.0006120084
19262,3.8533333e-05
19263,0.00014300835
19264,0.0021252085
19265,0.005427075
19266,0.0070074084
19267,6.7500005e-05
19268,0.00021600834
19269,0.0003888
19270,0.0002523
19271,1.3333334e-07
19272,0.00058963336
19273,0.0025392002
19274,0.0047376333
19275,0.005253634
19276,0.0034884084
19277,0.0010384084
19278,4.083333e-07
19279,0.00093520834
19280,0.0025761332
19281,0.003402675
19282,0.0029900083
19283,0.0019360333
19284,6.075e-06
19285,8.0033344e-05
19286,0.00044467498
19287,0.0008216334
19288,0.0005547001
19289,1.2033334e-05
19290,0.0007056751
19291,0.0032136752
19292,0.0057963002
19293,0.0060350085
19294,0.00363
19295,0.0008480083
19296,3.8533333e-05
19297,0.0013134085
19298,0.0029304083
19299,0.0033814088
19300,0.0026320333
19301,0.0015336752
19302,4.0333334e-06
19303,7.3633346e-05
19304,0.00044467498
19305,0.0008321334
19306,0.0005720334
19307,1.4700002e-05
19308,0.0006960083
19309,0.0032136752
19310,0.005824134
19311,0.0060776332
19312,0.0036630754
19313,0.0008586751
19314,3.9675004e-05
19315,0.0013266751
19316,0.0029502087
19317,0.003402675
19318,0.0026320333
19319,0.0015194083
19320,0.00072520843
19321,1.6333332e-06
19322,3.6300004e-05
19323,0.00017040833
19324,0.000195075
19325,1.1408334e-05
19326,0.00032013337
19327,0.00018500832
19328,0.0024843
19329,0.0060350085
19330,0.00021600834
19331,0.0012480749
19332,8.0033344e-05
19333,0.00035020834
19334,0.00020540835
19335,3.4133336e-05
19336,0.000180075
19337,0.0026885336
19338,0.0003924084
19339,0.0035100086
19340,0.006512134
19341,0.005174534
19342,2.0833337e-05
19343,0.0011531999
19344,0.0032552083
19345,0.00018500832
19346,0.0017176333
19347,0.00026107504
19348,0.0025668752
19349,0.005057009
19350,0.004284075
19351,0.0010740083
19352,0.00026403333
19353,0.0041772006
19354,0.009152534
19355,0.009955408
19356,0.0059784087
19357,0.0014490751
19358,1.4008336e-05
19359,0.0012480749
19360,0.0024661333
19361,0.0022620086
19362,1.08e-05
19363,0.00012607501
19364,0.0008586751
19365,0.0024030753
19366,0.00363
19367,0.0030704085
19368,0.0010920333
19369,1.6333332e-06
19370,0.0014282999
19371,0.00029453338
19372,0.0030100083
19373,0.0067350087
19374,0.0077763004
19375,0.004979409
19376,0.0012288002
19377,4.8133337e-05
19378,0.0018174084
19379,0.003979008
19380,0.0043200003
19381,0.002970075
19382,0.0013601334
19383,0.0004370084
19384,0.00012200834
19385,5.4675e-05
19386,3.8533333e-05
19387,5.633333e-06
19388,5.8800008e-05
19389,0.000567675
19390,0.0018018751
19391,0.0032760752
19392,0.0038988001
19393,0.0029900083
19394,5.333334e-07
19395,3.1008334e-05
19396,8.500834e-05
19397,0.00020280002
19398,0.0005334083
19399,0.0012416334
19400,0.0022274083
19401,0.00011020835
19402,0.000116033334
19403,0.0014421332
19404,0.0027265332
19405,0.0018881336
19406,4.2008338e-05
19407,0.00019253335
19408,0.0026696336
19409,0.006453333
19410,0.0002523
19411,0.001710075
19412,0.0032970088
19413,0.0028518748
19414,0.00075000006
19415,0.00015413333
19416,0.0026885336
19417,0.00038163335
19418,0.00363
19419,0.00042187504
19420,0.0035425334
19421,0.0064680083
19422,0.0050830087
19423,0.001098075
19424,0.0004524084
19425,0.0052404087
19426,0.010546875
19427,0.010659676
19428,0.0057963002
19429,0.0010920333
19430,0.00010267501
19431,0.0016206751
19432,0.0026226752
19433,3.3075e-05
19434,0.000226875
19435,0.000957675
19436,0.0023144083
19437,0.0035100086
19438,0.0033920333
19439,0.0018486752
19440,0.00027000002
19441,0.00022413337
19442,0.0018486752
19443,0.00019763334
19444,0.0019764085
19445,0.004800675
19446,0.0061776754
19447,0.0046127997
19448,0.0015841334
19449,7.008333e-06
19450,0.001062075
19451,0.0032240332
19452,0.004296033
19453,0.003586134
19454,0.0020501334
19455,0.0008060083
19456,0.00021600834
19457,3.5208333e-05
19458,5.333334e-07
19459,2.0833337e-05
19460,0.00016803335
19461,0.000648675
19462,0.00010640834
19463,0.00018253335
19464,0.0025854083
19465,0.006006675
19466,0.006322008
19467,0.0028616334
19468,5.2008338e-05
19469,0.0019120085
19470,0.006780033
19471,0.009434134
19472,0.007332033
19473,0.0030100083
19474,0.00030083334
19475,8.500834e-05
19476,0.0007600333
19477,0.0010920333
19478,0.00088563334
19479,0.0006030083
19480,0.000541875
19481,0.00077520835
19482,0.001287075
19483,0.0017480336
19484,0.0015841334
19485,0.0007056751
19486,1.08e-05
19487,0.0006256333
19488,0.0025668752
19489,0.0044530085
19490,0.004775409
19491,0.0033602086
19492,0.0013804084
19493,0.00015640832
19494,0.00010083333
19495,0.00071053335
19496,0.0013134085
19497,0.0016133332
19498,0.0016576335
19499,0.0015768749
19500,0.0014214085
19501,0.0011346751
19502,0.0006721334
19503,0.00017520833
19504,1.6133334e-05
19505,7.680001e-05
19506,0.00014300835
19507,0.0020750083
19508,0.0053067002
19509,0.0068705333
19510,0.005057009
19511,0.0016502083
19512,1.0083334e-06
19513,0.001287075
19514,0.00363
19515,0.004575675
19516,0.003586134
19517,0.0018802084
19518,0.0006533334
19519,0.00014740834
19520,2.2533332e-05
19521,1.4083332e-06
19522,7.008333e-06
19523,0.000112133326
19524,0.00056333333
19525,0.0015624084
19526,0.0028033333
19527,0.0034454088
19528,0.0028130086
19529,0.0012740084
19530,0.00010267501
19531,0.00031040836
19532,0.0016950082
19533,0.0031212
19534,0.00011407501
19535,0.0010740083
19536,0.0030100083
19537,0.0043200003
19538,0.003402675
19539,0.0010502083
19540,2.43e-05
19541,0.0002523
19542,0.0030704085
19543,0.0067500006
19544,0.007744133
19545,0.005187676
19546,0.0016800084
19547,2.9008334e-05
19548,0.0005852083
19549,0.001710075
19550,0.0020584085
19551,0.0016280335
19552,1.5408334e-05
19553,0.00024940833
19554,0.0012675
19555,0.0027456335
19556,0.0031314085
19557,0.0016875002
19558,0.00010453333
19559,0.00077520835
19560,0.0037632005
19561,0.0064240335
19562,0.0063074995
19563,3e-05
19564,0.00010640834
19565,0.00041440837
19566,0.0006960083
19567,2.1333335e-06
19568,3.9675004e-05
19569,0.0004408334
19570,0.0015480085
19571,0.0030603004
19572,0.00013867502
19573,0.0011781335
19574,0.0025668752
19575,0.0024752086
19576,0.0007854083
19577,8.1674996e-05
19578,0.0024480335
19579,0.00039603334
19580,0.0038307
19581,0.008118075
19582,0.008433634
19583,0.0042483
19584,6.900833e-05
19585,0.0015696336
19586,0.0032760752
19587,0.0035752086
19588,0.0025854083
19589,9.633333e-06
19590,0.00012200834
19591,0.0007400333
19592,0.0016576335
19593,0.001710075
19594,5.333334e-07
19595,0.00025520835
19596,0.0011224084
19597,0.0024300003
19598,0.00014083333
19599,0.0014282999
19600,0.0035100086
19601,0.0041301334
19602,8.533334e-06
19603,3.1008334e-05
19604,0.00027300834
19605,0.0008965335
19606,0.0018802084
19607,0.0028227004
19608,0.0030603004
19609,0.0022881336
19610,0.0009633334
19611,6.3075e-05
19612,0.000279075
19613,0.00012403334
19614,0.0014981332
19615,0.00024083335
19616,0.0026040082
19617,0.0060492004
19618,0.0069464087
19619,0.0040600337
19620,0.00059853337
19621,0.00048
19622,0.00035363334
19623,0.0003888
19624,0.0044530085
19625,0.0095052
19626,0.010101676
19627,0.0056033335
19628,3.5208333e-05
19629,0.0008965335
19630,0.0015696336
19631,0.0014076749
19632,1.2033334e-05
19633,0.00019000833
19634,0.00011020835
19635,0.0017025335
19636,0.00026700835
19637,0.0023056336
19638,0.0038760337
19639,0.0024210084
19640,0.00012607501
19641,0.0014770086
19642,0.006660301
19643,0.010528133
19644,0.008944133
19645,0.0037632005
19646,7.053334e-05
19647,0.0011907001
19648,0.0019602084
19649,0.0016133332
19650,0.0008965335
19651,0.0004720334
19652,0.00042563336
19653,0.00070083333
19654,0.0011781335
19655,0.0013804084
19656,0.0008694083
19657,0.00010083333
19658,0.00030720004
19659,0.0020833337
19660,0.0043681334
19661,0.00017763334
19662,0.0014700001
19663,0.0034668753
19664,0.003979008
19665,0.0021084086
19666,0.00011800835
19667,0.00097470003
19668,0.0044896337
19669,0.007316409
19670,0.00015187502
19671,0.00097470003
19672,0.0024030753
19673,0.0030200335
19674,0.0018174084
19675,0.00018253335
19676,0.000594075
19677,0.0034884084
19678,0.0063948
19679,0.006600833
19680,0.0040950086
19681,0.0012288002
19682,1.5408334e-05
19683,0.0004408334
19684,7.680001e-05
19685,0.0007203
19686,0.0018018751
19687,0.0027744086
19688,0.0030906748
19689,0.0025576334
19690,0.0014770086
19691,0.0004485333
19692,3.6750005e-06
19693,0.00028213335
19694,8.1674996e-05
19695,0.0010443002
19696,0.0029008337
19697,0.004440834
19698,0.004356075
19699,0.0026508
19700,0.00071053335
19701,4.9408336e-05
19702,0.00075500837
19703,0.0016206751
19704,0.0020584085
19705,0.0020090083
19706,3.8533333e-05
19707,0.00046413334
19708,0.0016133332
19709,0.0025484087
19710,2.5208332e-05
19711,1.4008336e-05
19712,2.0833337e-05
19713,0.0004181333
19714,0.0016133332
19715,0.0032448003
19716,0.0041067
19717,0.0032970088
19718,1.2000002e-06
19719,2.6133332e-05
19720,7.840833e-05
19721,0.00020020833
19722,0.0005376334
19723,0.0012675
19724,0.0022620086
19725,0.0029304083
19726,0.0026133335
19727,0.0013736334
19728,0.000195075
19729,0.00017520833
19730,0.0014490751
19731,0.0030502086
19732,0.003796875
19733,0.0032760752
19734,0.0020090083
19735,0.00080083334
19736,0.00013020835
19737,1.6133334e-05
19738,0.000226875
19739,0.00059853337
19740,0.0010920333
19741,0.0016650752
19742,0.0021590083
19743,6.7500005e-05
19744,0.0006580083
19745,0.0016725332
19746,0.0018565333
19747,0.00072520843
19748,2.0833337e-05
19749,0.0017404085
19750,0.00035707498
19751,0.0036630754
19752,0.00788941
19753,0.008350008
19754,0.004296033
19755,0.0003924084
19756,0.0009296334
19757,0.0048133335
19758,0.00030720004
19759,0.00024940833
19760,0.0032033334
19761,0.007363334
19762,0.008167501
19763,0.0044652
19764,0.00051253336
19765,0.00075000006
19766,0.0045387005
19767,0.007410408
19768,0.0065712007
19769,0.0033814088
19770,0.0008060083
19771,2.5208332e-05
19772,0.0001728
19773,9.9008335e-05
19774,9.075001e-06
19775,8.333334e-07
19776,1.6133334e-05
19777,0.0005461334
19778,0.0021930751
19779,0.0041301334
19780,0.0044896337
19781,1.8408336e-05
19782,5.208334e-06
19783,3.0000004e-07
19784,7.2074996e-05
19785,0.00050430006
19786,0.0015624084
19787,0.0029403002
19788,0.0036630754
19789,5.3333337e-05
19790,0.00028520834
19791,2.8033332e-05
19792,0.00013867502
19793,5.2008338e-05
19794,0.00010267501
19795,0.0012610084
19796,0.0035316749
19797,0.005187676
19798,0.0045018755
19799,0.0019845334
19800,4.2008338e-05
19801,0.00088563334
19802,0.0019440751
19803,0.0024120333
19804,0.0022016333
19805,3.1008334e-05
19806,0.00036750003
19807,0.0013872002
19808,0.0023232002
19809,0.0018881336
19810,0.00043319998
19811,0.00020020833
19812,0.0025484087
19813,0.005838076
19814,0.0070227003
19815,0.005057009
19816,0.0018802084
19817,3.7408336e-05
19818,5.740834e-05
19819,0.00049207505
19820,5.6033343e-05
19821,0.0007056751
19822,0.0021675
19823,0.0037185336
19824,0.0041301334
19825,0.002910675
19826,0.001026675
19827,1.4700002e-05
19828,0.00056333333
19829,0.0019926752
19830,0.0030704085
19831,0.0031110086
19832,0.0023496752
19833,0.0013668751
19834,0.0006030083
19835,0.00016803335
19836,4.4083336e-06
19837,7.680001e-05
19838,0.00042563336
19839,0.001098075
19840,0.0019683002
19841,0.002679075
19842,0.002736075
19843,0.0019926752
19844,0.00083740836
19845,5.8800008e-05
19846,0.000226875
19847,0.0012352082
19848,0.0024120333
19849,0.0030401333
19850,0.0028227004
19851,2.9008334e-05
19852,0.00024940833
19853,0.0008216334
19854,0.0011408334
19855,0.0005852083
19856,3.3333336e-08
19857,0.000180075
19858,0.0026885336
19859,0.0065416335
19860,0.00025520835
19861,0.0017327999
19862,0.0033285336
19863,0.0028812
19864,0.00075000006
19865,0.00015413333
19866,0.0027075
19867,0.006438676
19868,0.0077763004
19869,0.0054945336
19870,0.0019280084
19871,6.1633335e-05
19872,0.000116033334
19873,0.0011907001
19874,0.0022446748
19875,0.0024661333
19876,0.0020008332
19877,0.0013736334
19878,0.0009020084
19879,0.0006030083
19880,0.0003745333
19881,0.00013653334
19882,1.0208334e-05
19883,0.00028829998
19884,0.0010740083
19885,0.0022360333
19886,0.0031724083
19887,8.670001e-05
19888,0.00071540836
19889,0.0017252085
19890,0.0018565333
19891,0.0006912
19892,3e-05
19893,0.0018096336
19894,0.005253634
19895,0.00027300834
19896,0.0021845335
19897,0.0046875
19898,0.004876875
19899,0.0022274083
19900,4.4408334e-05
19901,0.0015052083
19902,0.00041070004
19903,0.0041184085
19904,0.008653008
19905,0.009257633
19906,3.2033335e-05
19907,1.6875001e-05
19908,3.9675004e-05
19909,3e-05
19910,9.633333e-06
19911,0.0003924084
19912,0.0016428002
19913,0.0033814088
19914,0.004284075
19915,5.740834e-05
19916,0.00027603333
19917,0.0005376334
19918,0.00037807503
19919,5.633333e-06
19920,0.00059853337
19921,0.0027648
19922,0.005161409
19923,0.0056306995
19924,0.003619008
19925,3.3333336e-06
19926,0.00021333335
19927,0.00041440837
19928,0.00051253336
19929,2.8033332e-05
19930,0.0005002083
19931,0.0019602084
19932,0.0037520085
19933,0.004212675
19934,0.0026133335
19935,1.2675001e-05
19936,0.00048803337
19937,0.0012545333
19938,0.0018565333
19939,0.0021000335
19940,0.0020008332
19941,0.0016428002
19942,0.0011102085
19943,1.6333332e-06
19944,4.083333e-07
19945,2.0833335e-07
19946,4.4408334e-05
19947,0.00039603334
19948,0.0013940083
19949,0.00016100833
19950,0.0018252002
19951,0.00025813334
19952,0.0021930751
19953,0.0036963
19954,0.0023056336
19955,0.00011800835
19956,0.0014421332
19957,0.0064827004
19958,0.0004370084
19959,0.0033814088
19960,0.006660301
19961,0.00013020835
19962,2.9008334e-05
19963,0.0001728
19964,8.500834e-05
19965,7.053334e-05
19966,0.0012033334
19967,0.003586134
19968,0.0053868005
19969,0.004725075
19970,0.0021000335
19971,0.00012
19972,0.000165675
19973,0.0021000335
19974,0.00024940833
19975,0.0024030753
19976,0.005562408
19977,0.006780033
19978,0.004712534
19979,0.0014008334
19980,2.1333335e-06
19981,0.0013467001
19982,0.0034992
19983,0.0042602085
19984,5.6033343e-05
19985,0.0004485333
19986,0.0016354084
19987,0.0029900083
19988,0.0030200335
19989,0.0014076749
19990,3.3075e-05
19991,0.00097470003
19992,0.0038874084
19993,0.00026700835
19994,0.00025520835
19995,0.0032552083
19996,0.0071302084
19997,0.007099408
19998,0.0029502087
19999,1.6133334e-05
20000,0.0024210084
20001,0.00768
20002,0.010010133
20003,0.007254075
20004,0.0026508
20005,0.00016100833
20006,0.0003300083
20007,7.2074996e-05
20008,4.5633336e-05
20009,0.0005504083
20010,0.0015336752
20011,0.0025947
20012,0.0031314085
20013,0.0027744086
20014,0.0017025335
20015,0.00055900833
20016,8.008334e-06
20017,0.00031040836
20018,0.0011844083
20019,0.002091675
20020,0.0025668752
20021,0.0024570748
20022,0.0018802084
20023,0.001098075
20024,0.00039603334
20025,2.2533332e-05
20026,0.00012813334
20027,0.00071540836
20028,0.0015987
20029,0.0024120333
20030,0.0027552084
20031,0.0024210084
20032,0.0015336752
20033,0.00055900833
20034,2.340833e-05
20035,0.00021333335
20036,0.0010092
20037,0.0019845334
20038,0.0026320333
20039,0.0026602084
20040,0.0021000335
20041,0.0012224084
20042,0.0004181333
20043,1.4700002e-05
20044,0.0001728
20045,0.000826875
20046,0.0017025335
20047,0.0024210084
20048,0.0026508
20049,0.0022620086
20050,0.0014214085
20051,0.00052500836
20052,2.5208332e-05
20053,0.00018253335
20054,0.0009296334
20055,0.0018881336
20056,0.0025947
20057,0.0027075
20058,0.0021930751
20059,0.0013002082
20060,0.00044467498
20061,1.2033334e-05
20062,0.00023800835
20063,4.5633336e-05
20064,0.0006533334
20065,0.0021084086
20066,0.0037074084
20067,0.0041772006
20068,0.0029900083
20069,0.0010740083
20070,1.8408336e-05
20071,0.000567675
20072,0.0020336334
20073,0.0031416332
20074,0.0031724083
20075,0.0023674082
20076,0.0013534083
20077,0.00058080006
20078,0.00015413333
20079,3.0083336e-06
20080,7.840833e-05
20081,0.0004181333
20082,7.3633346e-05
20083,0.0010800001
20084,0.0032344083
20085,0.00021333335
20086,0.0018096336
20087,0.0036520334
20088,0.0032344083
20089,6.075e-06
20090,0.0006030083
20091,0.0020008332
20092,0.003402675
20093,0.0038307
20094,0.0030100083
20095,0.0015265334
20096,0.0003333334
20097,9.633333e-06
20098,0.00046807507
20099,0.0012288002
20100,0.0018408335
20101,0.0021168
20102,0.0020336334
20103,0.0016725332
20104,0.0011285334
20105,0.0005208334
20106,7.5208336e-05
20107,2.9008334e-05
20108,0.0005334083
20109,0.00011407501
20110,0.0014981332
20111,0.00027000002
20112,0.0028714086
20113,0.00033667503
20114,0.0026602084
20115,0.0043200003
20116,0.0026226752
20117,0.00012
20118,0.0016502083
20119,0.0071610743
20120,0.0110592
20121,0.009135076
20122,0.0036630754
20123,0.0001728
20124,0.00022140834
20125,0.0023056336
20126,0.0040833335
20127,0.0038420085
20128,0.0023144083
20129,0.0009520334
20130,0.00031040836
20131,0.00013653334
20132,0.00012813334
20133,0.0001323
20134,4.5633336e-05
20135,3.5208333e-05
20136,0.00063940836
20137,0.0021336332
20138,0.00019000833
20139,0.00021600834
20140,0.0027265332
20141,0.005589675
20142,0.004826009
20143,0.0012675
20144,0.00023520003
20145,0.0038874084
20146,0.008687009
20147,0.009612301
20148,0.0059502083
20149,7.008333e-06
20150,0.00027300834
20151,0.00029453338
20152,0.000116033334
20153,3.5208333e-05
20154,8.500834e-05
20155,0.00048803337
20156,0.0016133332
20157,0.00016333334
20158,0.0016502083
20159,0.0035100086
20160,0.0032240332
20161,0.00094640837
20162,0.00013020835
20163,0.0030805336
20164,0.007473409
20165,0.008875201
20166,0.0060208333
20167,0.0018881336
20168,1.6875001e-05
20169,0.0008060083
20170,0.00013020835
20171,0.0010920333
20172,0.0024300003
20173,0.0032865335
20174,0.0031724083
20175,0.0022446748
20176,4.4083336e-06
20177,1.6133334e-05
20178,8.670001e-05
20179,0.00010267501
20180,1.4083332e-06
20181,6.4533335e-05
20182,0.0012805335
20183,0.0038194088
20184,0.0056718756
20185,0.004876875
20186,0.002091675
20187,9.540834e-05
20188,0.00075000006
20189,0.0030805336
20190,0.0046750084
20191,0.0042602085
20192,0.0025854083
20193,0.0010092
20194,0.00021333335
20195,8.008334e-06
20196,1.5408334e-05
20197,7.5208336e-05
20198,0.00022140834
20199,4.5633336e-05
20200,0.00081640837
20201,0.0027265332
20202,0.0045510083
20203,0.0044774082
20204,0.0023496752
20205,2.6133332e-05
20206,0.0006960083
20207,9.72e-05
20208,0.001062075
20209,0.0028714086
20210,0.00018750002
20211,0.00019763334
20212,0.002511675
20213,0.0052271998
20214,0.004575675
20215,0.0012352082
20216,0.0002187
20217,0.0036963
20218,0.008333335
20219,0.009345674
20220,0.0058800005
20221,0.0015987
20222,7.500001e-08
20223,0.0010150084
20224,0.0022707
20225,0.0022794085
20226,0.0014560336
20227,0.0007400333
20228,0.0004524084
20229,0.0005002083
20230,0.0007650751
20231,0.000957675
20232,0.0006912
20233,0.00011800835
20234,0.00017520833
20235,0.0015987
20236,0.003796875
20237,0.005057009
20238,0.0043200003
20239,0.0021930751
20240,0.0004033333
20241,5.8800008e-05
20242,9.9008335e-05
20243,0.0011102085
20244,0.0026040082
20245,0.00013867502
20246,0.0013872002
20247,0.0036630754
20248,0.0049152006
20249,0.0035643002
20250,0.0009296334
20251,8.333335e-05
20252,0.0022188004
20253,0.005253634
20254,0.0062785344
20255,0.004600409
20256,0.0019845334
20257,0.0003333334
20258,1.2675001e-05
20259,3e-05
20260,0.00026403333
20261,0.000621075
20262,5.6033343e-05
20263,0.00081640837
20264,0.0026508
20265,0.0044165333
20266,0.004356075
20267,0.0023144083
20268,0.00028520834
20269,0.00013440834
20270,0.0018960749
20271,0.0042008334
20272,0.0050310753
20273,0.0039102086
20274,0.0019521335
20275,0.00050430006
20276,1.0208334e-05
20277,0.00011020835
20278,0.00035707498
20279,0.0005852083
20280,0.0008533334
20281,0.0012416334
20282,0.0017327999
20283,7.3633346e-05
20284,0.0007701334
20285,0.0019120085
20286,0.0020584085
20287,0.00077520835
20288,8.8408335e-05
20289,0.0018330083
20290,0.0048133335
20291,0.006438676
20292,0.005214008
20293,0.0023320087
20294,0.00026403333
20295,0.00021600834
20296,0.0013668751
20297,0.00010083333
20298,0.000957675
20299,0.0025854083
20300,0.0040252088
20301,0.0040833335
20302,0.0026320333
20303,0.00080083334
20304,4.0833336e-05
20305,0.0006721334
20306,0.0014840333
20307,0.0019521335
20308,0.0019926752
20309,0.0017633336
20310,0.0014008334
20311,1.4700002e-05
20312,1.6133334e-05
20313,0.000226875
20314,0.00035020834
20315,7.680001e-05
20316,0.00020020833
20317,0.0018486752
20318,0.00027603333
20319,0.0028421334
20320,0.006120409
20321,0.0061633335
20322,0.0026226752
20323,2.2533332e-05
20324,0.0020584085
20325,0.006810134
20326,0.0003300083
20327,0.00025520835
20328,0.0003640084
20329,0.0042008334
20330,0.008052409
20331,0.006453333
20332,2.340833e-05
20333,0.0013601334
20334,0.0037185336
20335,0.0050960337
20336,0.004440834
20337,1.7633334e-05
20338,8.670001e-05
20339,0.0004033333
20340,0.00071540836
20341,0.00046807507
20342,5.633333e-06
20343,0.00070083333
20344,0.0030805336
20345,0.005548801
20346,0.005824134
20347,0.0035534084
20348,0.0008748
20349,2.6133332e-05
20350,0.00015640832
20351,0.0017176333
20352,0.00020803335
20353,0.0021000335
20354,0.0050440338
20355,0.0063948
20356,0.0046625338
20357,0.0015336752
20358,1.875e-06
20359,0.0011531999
20360,0.0033285336
20361,0.0043080086
20362,0.0034992
20363,0.0019440751
20364,0.00075000006
20365,0.00020020833
20366,3.7408336e-05
20367,2.1333335e-06
20368,1.2675001e-05
20369,0.00014963334
20370,5.8800008e-05
20371,0.0010150084
20372,0.00022963336
20373,0.0026320333
20374,0.0058660083
20375,0.0060492004
20376,0.002679075
20377,3.7408336e-05
20378,0.0019120085
20379,0.006615675
20380,0.00033667503
20381,0.0025576334
20382,0.005535209
20383,0.006206409
20384,0.0035970751
20385,0.00052500836
20386,0.00042940833
20387,0.0033075
20388,0.006006675
20389,0.0059643
20390,0.00363
20391,0.0012224084
20392,0.00011800835
20393,3.4133336e-05
20394,0.000180075
20395,7.5e-06
20396,0.000108299995
20397,0.0005376334
20398,0.0015194083
20399,0.0027744086
20400,0.00012200834
20401,0.0010680334
20402,0.0023852084
20403,0.0023585334
20404,0.0007803
20405,6.600833e-05
20406,0.0023056336
20407,0.0061061336
20408,0.007873201
20409,0.0059080343
20410,0.0022533333
20411,0.000116033334
20412,0.00049207505
20413,0.00013440834
20414,0.0012288002
20415,0.0027170083
20416,0.0035643002
20417,0.0032865335
20418,0.0021760087
20419,2.4083333e-06
20420,5.633333e-06
20421,5.4675e-05
20422,7.680001e-05
20423,8.333334e-07
20424,0.00028829998
20425,0.0015914085
20426,0.0035752086
20427,0.00017040833
20428,0.0014008334
20429,0.0029205335
20430,0.0027075
20431,0.00080083334
20432,0.00011407501
20433,0.0027265332
20434,0.0067500006
20435,0.0082502095
20436,0.005838076
20437,0.0020090083
20438,5.2008338e-05
20439,0.0006256333
20440,0.0019602084
20441,0.0023941335
20442,0.0018565333
20443,0.0011163
20444,0.0006816333
20445,0.0005764084
20446,2.43e-05
20447,0.0003040083
20448,0.00072520843
20449,7.008333e-06
20450,7.5e-06
20451,0.00028213335
20452,0.0013200332
20453,0.000180075
20454,0.0020418752
20455,0.0047502085
20456,0.005187676
20457,0.0025025331
20458,7.840833e-05
20459,0.0017941332
20460,0.0043080086
20461,0.0053600334
20462,0.0042483
20463,0.0021252085
20464,0.00052500836
20465,4.4083336e-06
20466,0.00015870002
20467,0.0004408334
20468,0.0006440333
20469,0.0008480083
20470,0.0011594085
20471,0.0015914085
20472,0.0019360333
20473,0.0018486752
20474,0.0011656334
20475,2.1333335e-06
20476,0.00015413333
20477,0.000516675
20478,0.0010860085
20479,0.0017864085
20480,0.0023674082
20481,0.0024661333
20482,0.0018881336
20483,0.0008748
20484,1.0208334e-05
20485,0.00027300834
20486,0.00075000006
20487,0.0013002082
20488,0.0018252002
20489,0.0021590083
20490,5.740834e-05
20491,6.600833e-05
20492,0.0009408001
20493,0.00192
20494,0.0014008334
20495,0.000108299995
20496,0.0008321334
20497,0.0044165333
20498,0.0003745333
20499,0.0032033334
20500,0.0064974087
20501,0.0062352084
20502,0.0024843
20503,4.8000006e-06
20504,0.00038520835
20505,0.00050840835
20506,0.0006075001
20507,0.0067050746
20508,0.000676875
20509,0.0051090755
20510,0.008704035
20511,0.0063510756
20512,0.0011408334
20513,0.00077520835
20514,0.0068705333
20515,0.012648534
20516,0.011701876
20517,0.005562408
20518,0.0006912
20519,0.00035707498
20520,0.0022360333
20521,0.0028812
20522,0.0018174084
20523,0.0006256333
20524,0.00014740834
20525,0.00011407501
20526,0.0004181333
20527,0.0011781335
20528,0.0018252002
20529,0.0014352085
20530,0.0003040083
20531,0.000195075
20532,0.0022274083
20533,0.0051352084
20534,0.0063510756
20535,7.3633346e-05
20536,0.00038163335
20537,0.0009861334
20538,0.0011844083
20539,0.000516675
20540,9.075001e-06
20541,0.0012610084
20542,0.00029767503
20543,0.0032656335
20544,0.0072696335
20545,0.007921875
20546,0.0042721336
20547,0.00046807507
20548,0.0007600333
20549,0.0003888
20550,0.00040700837
20551,0.0045880335
20552,0.009720001
20553,0.010249009
20554,0.005617009
20555,0.0008802084
20556,0.00020540835
20557,0.002511675
20558,0.0045510083
20559,0.004284075
20560,0.0025025331
20561,0.0009296334
20562,2.0833335e-07
20563,4.4083336e-06
20564,0.00020280002
20565,0.0006075001
20566,9.075001e-06
20567,1.2000002e-06
20568,0.00021600834
20569,0.0012033334
20570,0.0029205335
20571,0.0041772006
20572,0.0037185336
20573,0.0017786999
20574,0.00015870002
20575,0.00039603334
20576,0.0022016333
20577,0.0038874084
20578,0.0041184085
20579,0.0029800336
20580,0.0014840333
20581,0.0004524084
20582,4.32e-05
20583,1.9200002e-05
20584,0.00016333334
20585,0.00042563336
20586,5.3333337e-05
20587,0.0008321334
20588,0.0027170083
20589,0.0045141336
20590,0.0044165333
20591,0.0023144083
20592,0.00027300834
20593,0.00038163335
20594,0.0024843
20595,0.0045018755
20596,0.004700009
20597,0.0032344083
20598,0.0014352085
20599,0.0003333334
20600,6.533333e-06
20601,5.740834e-05
20602,1.4008336e-05
20603,0.00021333335
20604,0.0008216334
20605,0.0018723003
20606,0.0029304083
20607,9.9008335e-05
20608,0.0008533334
20609,0.0019926752
20610,0.0020667
20611,0.0007301334
20612,4.32e-05
20613,0.0020090083
20614,0.0056033335
20615,0.0075208335
20616,0.0059080343
20617,0.0024300003
20618,0.00018253335
20619,0.0003888
20620,0.0017633336
20621,0.0025484087
20622,0.0022533333
20623,0.0014840333
20624,0.00088563334
20625,0.00061653333
20626,0.0005504083
20627,0.0005002083
20628,0.00030083334
20629,2.8033332e-05
20630,0.000180075
20631,0.0012416334
20632,0.0029304083
20633,0.0041536335
20634,0.0038988001
20635,0.0023144083
20636,0.000621075
20637,2.1333335e-06
20638,0.00063480006
20639,0.0017633336
20640,0.0025025331
20641,0.0025208336
20642,0.0020254082
20643,0.0013601334
20644,0.0007600333
20645,4.083333e-07
20646,0.0
20647,6.75e-07
20648,4.5633336e-05
20649,4.5633336e-05
20650,0.000924075
20651,0.0030100083
20652,0.004876875
20653,0.0046252087
20654,0.002296875
20655,3.2033335e-05
20656,0.0007854083
20657,0.0017864085
20658,0.002296875
20659,0.0021930751
20660,0.0017480336
20661,0.0012416334
20662,0.0007854083
20663,0.0003888
20664,8.333335e-05
20665,2.0008336e-05
20666,0.00042563336
20667,0.00010453333
20668,0.0014214085
20669,0.003921633
20670,0.0056033335
20671,0.0046750084
20672,0.0019280084
20673,7.053334e-05
20674,0.0007701334
20675,0.0030000003
20676,0.0044896337
20677,0.0040833335
20678,0.0024934085
20679,0.0010092
20680,0.00023800835
20681,1.6133334e-05
20682,8.533334e-06
20683,6.600833e-05
20684,2.0008336e-05
20685,0.00041070004
20686,0.0016060084
20687,0.000180075
20688,0.0019764085
20689,0.00026700835
20690,0.0022446748
20691,0.0037632005
20692,0.0023408332
20693,6.4533335e-05
20694,0.0018802084
20695,0.0050830087
20696,0.0002523
20697,0.0020254082
20698,0.0044044084
20699,0.00012
20700,0.00050430006
20701,1.2033334e-05
20702,1.4083332e-06
20703,0.00016803335
20704,0.001026675
20705,0.0026696336
20706,0.0040368
20707,0.0037856335
20708,0.0019280084
20709,0.0002187
20710,0.0003333334
20711,0.0021505335
20712,0.003979008
20713,0.0043200003
20714,0.0031724083
20715,0.0015696336
20716,0.00045630004
20717,3.2033335e-05
20718,3.3075e-05
20719,0.00019763334
20720,2.9008334e-05
20721,0.0004840083
20722,0.0017327999
20723,0.0033496334
20724,0.0040950086
20725,0.0031930087
20726,0.0013002082
20727,5.740834e-05
20728,0.00048
20729,0.0020418752
20730,0.0033602086
20731,9.9008335e-05
20732,0.00091300835
20733,0.0026602084
20734,0.004002075
20735,5.6033343e-05
20736,0.000165675
20737,0.00014963334
20738,1.2000002e-06
20739,0.0003924084
20740,0.0019683002
20741,0.0040833335
20742,0.004979409
20743,0.0036963
20744,0.0013333336
20745,1.8408336e-05
20746,0.0007400333
20747,0.0025208336
20748,0.0036630754
20749,0.0034240086
20750,0.0022794085
20751,0.0011163
20752,0.00039603334
20753,8.500834e-05
20754,6.75e-07
20755,5.4675e-05
20756,0.00029767503
20757,0.00086403335
20758,0.0017556751
20759,0.0026414085
20760,0.0029304083
20761,0.0022620086
20762,0.0010092
20763,8.500834e-05
20764,0.00023520003
20765,0.0013736334
20766,0.0026696336
20767,0.0032656335
20768,0.002910675
20769,2.43e-05
20770,0.00020280002
20771,0.00071540836
20772,0.0010443002
20773,0.000567675
20774,3.0000004e-07
20775,0.00097470003
20776,0.00029140836
20777,0.0033075
20778,0.007394701
20779,0.008052409
20780,0.004332009
20781,0.00046807507
20782,0.0007803
20783,0.0045264084
20784,0.0073008006
20785,0.0064240335
20786,0.0032970088
20787,4.0333334e-06
20788,5.6033343e-05
20789,4.083333e-07
20790,0.00016803335
20791,0.00035363334
20792,8.333334e-07
20793,0.00024367501
20794,0.0013134085
20795,0.0030805336
20796,0.004284075
20797,0.0037074084
20798,0.0017025335
20799,0.00012813334
20800,0.00012200834
20801,0.0016502083
20802,0.0037296754
20803,0.0046127997
20804,0.0037744083
20805,0.0020501334
20806,0.00063480006
20807,3.8533333e-05
20808,7.2074996e-05
20809,0.00034680005
20810,0.0006580083
20811,0.0009976333
20812,0.0014076749
20813,0.0018408335
20814,6.7500005e-05
20815,0.0006912
20816,0.0017556751
20817,0.0019360333
20818,0.00075000006
20819,8.1674996e-05
20820,0.0017404085
20821,0.0046127997
20822,0.0062640756
20823,0.005174534
20824,0.0023763
20825,2.0833337e-05
20826,4.4408334e-05
20827,0.00038163335
20828,0.000826875
20829,0.0012545333
20830,0.0016354084
20831,0.0019040334
20832,0.0019280084
20833,0.0015480085
20834,0.000826875
20835,0.00015187502
20836,3.9675004e-05
20837,0.0007056751
20838,0.0019602084
20839,0.0031008334
20840,0.0034133336
20841,0.0027075
20842,0.0014490751
20843,1.4083332e-06
20844,6.3075e-05
20845,0.00011800835
20846,0.00021333335
20847,0.00048803337
20848,0.0011224084
20849,0.0020584085
20850,0.0027936753
20851,6.1633335e-05
20852,0.0004033333
20853,0.00079567503
20854,0.00055900833
20855,1.7633334e-05
20856,0.0006580083
20857,0.0031314085
20858,0.0057546757
20859,0.0060776332
20860,0.0037074084
20861,0.00089107506
20862,3.3075e-05
20863,0.0013067999
20864,0.002970075
20865,0.0034454088
20866,0.0026885336
20867,0.0015552
20868,0.0007301334
20869,0.00032340837
20870,0.00014740834
20871,8.333334e-09
20872,1.1408334e-05
20873,0.000112133326
20874,0.00052500836
20875,0.0014700001
20876,0.0027075
20877,0.003402675
20878,0.0028421334
20879,0.0013266751
20880,0.00012200834
20881,0.00028520834
20882,0.0016875002
20883,0.0031621335
20884,0.0036520334
20885,0.002970075
20886,0.0017556751
20887,0.0006960083
20888,0.00012403334
20889,4.8000006e-06
20890,0.00018750002
20891,0.0005764084
20892,0.0011285334
20893,0.0017786999
20894,8.8408335e-05
20895,0.0010150084
20896,0.0027744086
20897,0.0035752086
20898,0.0021675
20899,0.00022413337
20900,0.0006674084
20901,0.0039102086
20902,0.007038009
20903,0.007038009
20904,0.0041536335
20905,3.6750005e-06
20906,0.00013653334
20907,1.2000002e-06
20908,1.875e-06
20909,4.32e-05
20910,0.00035363334
20911,0.001287075
20912,0.0027075
20913,0.00014083333
20914,0.0012610084
20915,0.002736075
20916,5.3333337e-05
20917,0.00010453333
20918,3.3333336e-06
20919,0.00027000002
20920,0.0013467001
20921,0.00018750002
20922,0.0021000335
20923,0.0048514092
20924,0.005253634
20925,0.002511675
20926,8.1674996e-05
20927,0.0018330083
20928,0.004380208
20929,0.005427075
20930,0.0042602085
20931,0.0021084086
20932,0.00050430006
20933,3.0083336e-06
20934,0.000165675
20935,0.0004408334
20936,0.00063480006
20937,0.000826875
20938,0.0011346751
20939,0.0015768749
20940,0.0019440751
20941,0.0018723003
20942,0.0011844083
20943,0.00029767503
20944,3.4133336e-05
20945,0.0009020084
20946,0.0024934085
20947,0.0037185336
20948,0.0037520085
20949,3.7408336e-05
20950,0.00025520835
20951,0.0008060083
20952,0.001098075
20953,0.0005547001
20954,3.0000004e-07
20955,0.0010680334
20956,0.0038646753
20957,0.006192034
20958,0.0058660083
20959,0.003151875
20960,0.00058080006
20961,0.00010267501
20962,0.0013940083
20963,0.002736075
20964,0.0029601331
20965,0.0022360333
20966,0.0013400083
20967,0.0007301334
20968,0.0004181333
20969,0.0002523
20970,0.000108299995
20971,6.75e-07
20972,0.00019000833
20973,9.540834e-05
20974,0.0014352085
20975,0.00027000002
20976,0.0029008337
20977,0.0062785344
20978,0.0063074995
20979,0.002679075
20980,2.1675003e-05
20981,0.0021084086
20982,0.0069464087
20983,0.0003333334
20984,0.0024843
20985,0.0053868005
20986,0.0060776332
20987,0.0035534084
20988,0.0005376334
20989,0.000399675
20990,0.0032136752
20991,0.0059220744
20992,0.005936133
20993,0.0036741337
20994,0.0012740084
20995,0.0001323
20996,3e-05
20997,0.00018253335
20998,0.00023520003
20999,0.00026107504
21000,0.0004181333
21001,0.0008694083
21002,0.0016800084
21003,0.0024843
21004,0.0025761332
21005,0.0016354084
21006,0.0003745333
21007,6.7500005e-05
21008,0.0012610084
21009,0.0031314085
21010,0.004224533
21011,0.0038081335
21012,2.340833e-05
21013,1.9200002e-05
21014,0.00039603334
21015,0.0009633334
21016,0.00079567503
21017,6.900833e-05
21018,0.0005547001
21019,0.0032033334
21020,0.0062208
21021,0.0066752094
21022,0.0040833335
21023,0.0009520334
21024,0.00010083333
21025,0.0013940083
21026,0.002736075
21027,0.0029601331
21028,0.0022446748
21029,0.0013467001
21030,0.0007301334
21031,0.0004181333
21032,0.0002523
21033,0.00010640834
21034,5.633333e-06
21035,0.00020803335
21036,7.840833e-05
21037,0.0012160332
21038,0.0035643002
21039,0.005333334
21040,0.0046625338
21041,2.7e-06
21042,3.5208333e-05
21043,0.00011020835
21044,1.7633334e-05
21045,0.0003605333
21046,0.0014700001
21047,0.0030906748
21048,0.0040484085
21049,0.0033708
21050,2.1333335e-06
21051,3.3333336e-06
21052,3.9675004e-05
21053,0.00017763334
21054,0.00059853337
21055,0.0014490751
21056,0.0025208336
21057,0.0031110086
21058,0.0026226752
21059,0.0012740084
21060,0.00013867502
21061,0.00022963336
21062,0.0015265334
21063,0.0030100083
21064,0.00012200834
21065,0.001171875
21066,0.0032136752
21067,0.0045018755
21068,0.0034454088
21069,0.0010092
21070,3.9675004e-05
21071,0.0019440751
21072,0.0049665337
21073,0.0062352084
21074,0.0048133335
21075,0.0022188004
21076,0.00042187504
21077,5.208334e-06
21078,0.00029140836
21079,0.00055900833
21080,0.00063940836
21081,0.00070083333
21082,0.00091300835
21083,0.0013333336
21084,0.0018096336
21085,0.00192
21086,0.0013467001
21087,0.00040700837
21088,1.2675001e-05
21089,0.00086403335
21090,0.0025947
21091,0.0039905333
21092,0.0040368
21093,3.7408336e-05
21094,0.00024367501
21095,0.0007701334
21096,0.001062075
21097,0.000541875
21098,2.0833335e-07
21099,0.0010384084
21100,0.003796875
21101,0.00027300834
21102,0.0024030753
21103,0.005161409
21104,0.0053067002
21105,0.0023674082
21106,3.6300004e-05
21107,0.0016875002
21108,0.0059643
21109,0.008450408
21110,0.006810134
21111,0.0030200335
21112,0.00041440837
21113,9.72e-05
21114,7.053334e-05
21115,0.00055900833
21116,0.0011102085
21117,0.0014770086
21118,0.0016650752
21119,5.3333337e-05
21120,8.500834e-05
21121,0.0013668751
21122,0.00018750002
21123,0.00012607501
21124,0.0009020084
21125,0.0008586751
21126,3.8533333e-05
21127,0.00021333335
21128,0.0033708
21129,0.007938134
21130,0.008823675
21131,2.0833337e-05
21132,6.075e-06
21133,6.600833e-05
21134,2.0833337e-05
21135,0.00042940833
21136,0.0016428002
21137,0.0032865335
21138,0.00014520001
21139,0.0012033334
21140,0.0026040082
21141,0.0024934085
21142,2.1333335e-06
21143,0.0004033333
21144,0.0015194083
21145,0.0028812
21146,0.0036410084
21147,0.0032136752
21148,0.0018723003
21149,0.00052500836
21150,0.0
21151,0.0004485333
21152,9.72e-05
21153,0.0011470084
21154,0.0030704085
21155,0.00019253335
21156,0.0017864085
21157,0.0041301334
21158,0.004575675
21159,0.0022794085
21160,8.8408335e-05
21161,0.0012288002
21162,0.0050960337
21163,0.007857009
21164,0.0068856752
21165,0.0034347004
21166,0.000648675
21167,3.1008334e-05
21168,0.00070083333
21169,0.0012033334
21170,0.0011102085
21171,0.00080083334
21172,0.0006580083
21173,0.0007854083
21174,0.0011531999
21175,5.740834e-05
21176,0.0005504083
21177,0.0011163
21178,0.00081120007
21179,4.32e-05
21180,0.00070083333
21181,0.0035208336
21182,0.006438676
21183,0.006615675
21184,2.7074999e-05
21185,3.4133336e-05
21186,8.670001e-05
21187,7.2074996e-05
21188,9.633333e-06
21189,0.000399675
21190,0.0016650752
21191,0.003402675
21192,0.004296033
21193,0.003402675
21194,8.333334e-07
21195,5.633333e-06
21196,6.1633335e-05
21197,2.0833337e-05
21198,0.00042563336
21199,0.0016428002
21200,0.0032865335
21201,0.0041301334
21202,0.0032865335
21203,0.0013804084
21204,7.053334e-05
21205,0.00046807507
21206,0.0020833337
21207,0.0034561334
21208,0.0035970751
21209,0.0026696336
21210,0.0014352085
21211,0.0005292
21212,9.540834e-05
21213,1.4083332e-06
21214,0.00011800835
21215,0.00042940833
21216,0.0009804083
21217,0.0017404085
21218,0.0024300003
21219,0.0026133335
21220,0.0020254082
21221,0.0009408001
21222,9.9008335e-05
21223,0.00017763334
21224,0.0011970083
21225,0.0024934085
21226,0.0032240332
21227,0.0030200335
21228,0.0021000335
21229,0.0010150084
21230,0.00024940833
21231,7.500001e-08
21232,0.000226875
21233,0.0007701334
21234,0.0014490751
21235,0.0020584085
21236,0.0023585334
21237,0.0021845335
21238,0.0015265334
21239,0.0006627
21240,6.4533335e-05
21241,0.00013653334
21242,0.000924075
21243,0.00012
21244,0.00017040833
21245,0.0024661333
21246,0.0060776332
21247,0.00022140834
21248,0.000116033334
21249,0.0010920333
21250,0.0015624084
21251,0.0005504083
21252,0.00012607501
21253,0.00034003335
21254,0.004332009
21255,0.000516675
21256,0.0042483
21257,0.007536676
21258,0.0057270085
21259,0.0011470084
21260,0.00058080006
21261,0.0059925327
21262,0.011583676
21263,0.011213333
21264,0.0057270085
21265,0.0008965335
21266,0.00020803335
21267,0.00192
21268,0.0027744086
21269,0.0019683002
21270,0.0008060083
21271,0.00024653334
21272,0.00016803335
21273,0.00042187504
21274,0.0010502083
21275,0.0015841334
21276,0.0012416334
21277,0.00026107504
21278,0.00018253335
21279,0.0020501334
21280,0.004788033
21281,0.0060492004
21282,0.004712534
21283,0.0020418752
21284,0.00022140834
21285,7.840833e-05
21286,0.00091300835
21287,0.0018330083
21288,7.3633346e-05
21289,0.0007854083
21290,0.0024661333
21291,0.0041301334
21292,0.004141875
21293,1.1408334e-05
21294,7.500001e-08
21295,8.008334e-06
21296,0.00010083333
21297,0.00051253336
21298,0.000108299995
21299,0.0015408334
21300,0.0042008334
21301,0.005576033
21302,0.003921633
21303,9.633333e-06
21304,7.2074996e-05
21305,0.00089107506
21306,0.00014083333
21307,0.0016650752
21308,0.000279075
21309,0.0029205335
21310,0.0062785344
21311,0.0062785344
21312,0.0026508
21313,2.0008336e-05
21314,0.0021168
21315,0.0004840083
21316,0.004575675
21317,0.009363333
21318,0.009720001
21319,2.6133332e-05
21320,4.4083336e-06
21321,1.2000002e-06
21322,4.8000006e-06
21323,1.0208334e-05
21324,0.00028829998
21325,0.0013134085
21326,0.0029502087
21327,0.0040484085
21328,0.0034992
21329,0.0016354084
21330,0.00013440834
21331,0.0003888
21332,0.00018253335
21333,0.0020336334
21334,0.0047502085
21335,0.006006675
21336,0.004700009
21337,0.0020501334
21338,0.000226875
21339,0.00018750002
21340,0.0011844083
21341,0.0019926752
21342,0.0020750083
21343,0.0016875002
21344,0.0012545333
21345,0.0009520334
21346,0.00075000006
21347,0.000516675
21348,0.00020280002
21349,1.3333334e-07
21350,0.00032340837
21351,0.0014076749
21352,0.0028616334
21353,0.0037520085
21354,7.680001e-05
21355,0.00058080006
21356,8.8408335e-05
21357,0.0007301334
21358,0.0010092
21359,2.4083333e-06
21360,0.00040700837
21361,0.00015870002
21362,0.0021505335
21363,0.0003333334
21364,0.0031008334
21365,0.00028213335
21366,0.0017941332
21367,6.600833e-05
21368,0.000108299995
21369,4.4083336e-06
21370,0.0006912
21371,0.0028130086
21372,0.005018133
21373,0.00507
21374,0.002679075
21375,0.00031040836
21376,0.00016100833
21377,0.0021930751
21378,0.004725075
21379,0.0054675005
21380,0.0040136334
21381,0.0018174084
21382,0.00037807503
21383,8.333334e-09
21384,0.00015413333
21385,0.00035707498
21386,0.00050430006
21387,0.0007056751
21388,0.0010860085
21389,0.0016428002
21390,0.0021168
21391,0.0020667
21392,0.001287075
21393,0.0003040083
21394,4.6875004e-05
21395,0.0010092
21396,0.0026602084
21397,0.0038307
21398,0.0037296754
21399,0.0025300083
21400,0.0010860085
21401,0.00017763334
21402,2.43e-05
21403,0.0003924084
21404,0.0009408001
21405,0.0014490751
21406,0.0018174084
21407,0.0019845334
21408,0.0018644085
21409,2.340833e-05
21410,0.00017520833
21411,0.00042563336
21412,0.00034680005
21413,1.2675001e-05
21414,0.0004840083
21415,0.000226875
21416,0.0028324083
21417,0.006645409
21418,0.0075525343
21419,0.0043200003
21420,0.00058080006
21421,0.00058963336
21422,0.0040833335
21423,0.0070227003
21424,0.006526875
21425,0.003586134
21426,0.0009690084
21427,2.9008334e-05
21428,2.340833e-05
21429,0.00014083333
21430,0.00018253335
21431,0.00022140834
21432,0.00040700837
21433,0.0009185334
21434,0.0018018751
21435,0.0026320333
21436,0.0026602084
21437,0.0016280335
21438,0.00034003335
21439,8.8408335e-05
21440,0.0013400083
21441,0.0031827001
21442,0.004189009
21443,0.0037074084
21444,0.0022446748
21445,0.0008321334
21446,7.008333e-06
21447,0.00010640834
21448,8.008334e-06
21449,0.00012607501
21450,0.00059853337
21451,0.0016060084
21452,0.0028227004
21453,0.0034133336
21454,0.0027456335
21455,0.0012288002
21456,9.540834e-05
21457,0.00031040836
21458,0.0016725332
21459,0.0030704085
21460,0.0035100086
21461,0.0028714086
21462,0.0017252085
21463,1.2000002e-06
21464,5.208334e-06
21465,5.740834e-05
21466,8.500834e-05
21467,1.6333332e-06
21468,0.000279075
21469,0.0015914085
21470,0.0035970751
21471,0.0047376333
21472,0.0038194088
21473,0.0015696336
21474,3.9675004e-05
21475,0.0007905334
21476,0.0017556751
21477,0.0022274083
21478,5.6033343e-05
21479,0.0006302084
21480,0.000165675
21481,0.0019440751
21482,0.004141875
21483,0.0037520085
21484,0.0010740083
21485,0.00015640832
21486,0.0034776332
21487,0.008217076
21488,0.009487408
21489,0.0061490084
21490,0.0017556751
21491,8.333334e-07
21492,0.0010092
21493,0.0023585334
21494,6.3075e-05
21495,0.00048803337
21496,0.0015624084
21497,0.00016100833
21498,0.0017710081
21499,0.0042364085
21500,0.0047628004
21501,0.0024030753
21502,0.00010453333
21503,0.00027603333
21504,0.0037185336
21505,0.008068801
21506,0.008892408
21507,4.9408336e-05
21508,0.00014083333
21509,0.00045630004
21510,0.0006912
21511,0.0003924084
21512,0.0
21513,0.00013867502
21514,0.0022016333
21515,0.005644408
21516,0.0072230087
21517,0.005214008
21518,0.0016280335
21519,1.3333334e-07
21520,0.0014214085
21521,0.0038081335
21522,0.0046500755
21523,0.0035208336
21524,0.0017633336
21525,0.00058080006
21526,0.00012403334
21527,2.1675003e-05
21528,3.3333336e-08
21529,1.0083334e-06
21530,6.3075e-05
21531,0.0004485333
21532,0.0014560336
21533,0.0028421334
21534,0.0036520334
21535,0.0030502086
21536,2.7e-06
21537,9.075001e-06
21538,3.7408336e-05
21539,0.00014300835
21540,0.00050840835
21541,9.363332e-05
21542,0.0013804084
21543,0.0038760337
21544,0.000195075
21545,0.0013266751
21546,0.0022188004
21547,0.0013736334
21548,4.8133337e-05
21549,0.0011408334
21550,0.0049922997
21551,0.0003640084
21552,0.00031040836
21553,0.00038520835
21554,0.003979008
21555,0.0067050746
21556,0.0042008334
21557,9.540834e-05
21558,0.0027170083
21559,0.006855408
21560,0.008450408
21561,0.0059925327
21562,0.0020584085
21563,5.0700004e-05
21564,0.0006580083
21565,0.0020418752
21566,0.0024752086
21567,0.0018802084
21568,0.001098075
21569,0.000648675
21570,0.000541875
21571,0.0006302084
21572,0.0006912
21573,0.00046807507
21574,6.7500005e-05
21575,0.00016803335
21576,0.00014740834
21577,0.0020336334
21578,0.005187676
21579,0.00023800835
21580,0.0017327999
21581,0.003402675
21582,0.0029800336
21583,0.00079567503
21584,0.00017520833
21585,0.0031212
21586,0.0072852084
21587,0.008500834
21588,0.0057131997
21589,0.0017941332
21590,6.600833e-05
21591,0.0008748
21592,0.0013668751
21593,0.0011531999
21594,0.0007400333
21595,0.0005461334
21596,2.8033332e-05
21597,7.840833e-05
21598,0.0013266751
21599,0.0031827001
21600,0.0031930087
